,date,pred,true
0,2022-03-13,6590.064,6554.968
1,2022-03-14,7248.52,7116.699
2,2022-03-15,7365.688,7137.591
3,2022-03-16,7363.4893,7451.3105
4,2022-03-17,7401.4463,7633.5356
5,2022-03-18,7291.977,7695.4204
6,2022-03-19,6881.61,6999.5806
7,2022-03-20,6800.1973,6482.3037
8,2022-03-21,7308.4805,7259.8516
9,2022-03-22,7416.2954,7425.5986
10,2022-03-23,7418.497,7511.9487
11,2022-03-24,7453.7046,7573.605
12,2022-03-25,7327.732,7333.783
13,2022-03-26,6904.1646,6883.713
14,2022-03-14,7211.3574,7116.699
15,2022-03-15,7314.7656,7137.591
16,2022-03-16,7324.1167,7451.3105
17,2022-03-17,7393.4277,7633.5356
18,2022-03-18,7260.859,7695.4204
19,2022-03-19,6847.2095,6999.5806
20,2022-03-20,6807.607,6482.3037
21,2022-03-21,7336.219,7259.8516
22,2022-03-22,7424.2295,7425.5986
23,2022-03-23,7463.2837,7511.9487
24,2022-03-24,7425.33,7573.605
25,2022-03-25,7254.811,7333.783
26,2022-03-26,6863.163,6883.713
27,2022-03-27,6858.2104,6844.104
28,2022-03-15,7316.3936,7137.591
29,2022-03-16,7343.351,7451.3105
30,2022-03-17,7401.1167,7633.5356
31,2022-03-18,7218.467,7695.4204
32,2022-03-19,6883.429,6999.5806
33,2022-03-20,6797.055,6482.3037
34,2022-03-21,7277.334,7259.8516
35,2022-03-22,7408.2715,7425.5986
36,2022-03-23,7456.13,7511.9487
37,2022-03-24,7479.2373,7573.605
38,2022-03-25,7348.853,7333.783
39,2022-03-26,6924.69,6883.713
40,2022-03-27,6836.668,6844.104
41,2022-03-28,7272.9316,7479.9385
42,2022-03-16,7250.027,7451.3105
43,2022-03-17,7370.51,7633.5356
44,2022-03-18,7248.3735,7695.4204
45,2022-03-19,6943.033,6999.5806
46,2022-03-20,6839.0527,6482.3037
47,2022-03-21,7343.003,7259.8516
48,2022-03-22,7437.0776,7425.5986
49,2022-03-23,7533.9067,7511.9487
50,2022-03-24,7490.994,7573.605
51,2022-03-25,7325.3955,7333.783
52,2022-03-26,6936.9785,6883.713
53,2022-03-27,6865.4614,6844.104
54,2022-03-28,7352.3535,7479.9385
55,2022-03-29,7476.689,7728.544
56,2022-03-17,7535.6323,7633.5356
57,2022-03-18,7368.9194,7695.4204
58,2022-03-19,6993.679,6999.5806
59,2022-03-20,6927.654,6482.3037
60,2022-03-21,7388.18,7259.8516
61,2022-03-22,7542.2363,7425.5986
62,2022-03-23,7560.9414,7511.9487
63,2022-03-24,7555.4434,7573.605
64,2022-03-25,7380.4736,7333.783
65,2022-03-26,6981.023,6883.713
66,2022-03-27,6946.361,6844.104
67,2022-03-28,7428.3433,7479.9385
68,2022-03-29,7554.34,7728.544
69,2022-03-30,7500.42,7491.206
70,2022-03-18,7495.096,7695.4204
71,2022-03-19,7112.087,6999.5806
72,2022-03-20,7016.8857,6482.3037
73,2022-03-21,7425.2095,7259.8516
74,2022-03-22,7575.9907,7425.5986
75,2022-03-23,7598.5527,7511.9487
76,2022-03-24,7632.6704,7573.605
77,2022-03-25,7489.592,7333.783
78,2022-03-26,7082.9214,6883.713
79,2022-03-27,6981.6636,6844.104
80,2022-03-28,7425.759,7479.9385
81,2022-03-29,7617.2627,7728.544
82,2022-03-30,7580.9434,7491.206
83,2022-03-31,7590.299,7454.201
84,2022-03-19,7235.1807,6999.5806
85,2022-03-20,7056.864,6482.3037
86,2022-03-21,7383.783,7259.8516
87,2022-03-22,7534.584,7425.5986
88,2022-03-23,7611.085,7511.9487
89,2022-03-24,7666.6763,7573.605
90,2022-03-25,7537.338,7333.783
91,2022-03-26,7088.235,6883.713
92,2022-03-27,7021.0894,6844.104
93,2022-03-28,7435.518,7479.9385
94,2022-03-29,7595.1245,7728.544
95,2022-03-30,7612.186,7491.206
96,2022-03-31,7577.5156,7454.201
97,2022-04-01,7476.246,7371.5103
98,2022-03-20,6756.605,6482.3037
99,2022-03-21,7305.8486,7259.8516
100,2022-03-22,7433.529,7425.5986
101,2022-03-23,7466.551,7511.9487
102,2022-03-24,7480.8594,7573.605
103,2022-03-25,7361.435,7333.783
104,2022-03-26,6934.365,6883.713
105,2022-03-27,6855.6655,6844.104
106,2022-03-28,7401.0625,7479.9385
107,2022-03-29,7532.041,7728.544
108,2022-03-30,7526.5386,7491.206
109,2022-03-31,7535.3457,7454.201
110,2022-04-01,7413.7173,7371.5103
111,2022-04-02,7024.623,6771.9443
112,2022-03-21,7013.7764,7259.8516
113,2022-03-22,7255.8955,7425.5986
114,2022-03-23,7312.573,7511.9487
115,2022-03-24,7334.583,7573.605
116,2022-03-25,7223.9795,7333.783
117,2022-03-26,6842.6406,6883.713
118,2022-03-27,6693.5176,6844.104
119,2022-03-28,7111.7227,7479.9385
120,2022-03-29,7335.6855,7728.544
121,2022-03-30,7355.4937,7491.206
122,2022-03-31,7358.245,7454.201
123,2022-04-01,7280.105,7371.5103
124,2022-04-02,6925.7285,6771.9443
125,2022-04-03,6771.1055,6392.828
126,2022-03-22,7484.8823,7425.5986
127,2022-03-23,7515.7017,7511.9487
128,2022-03-24,7544.3174,7573.605
129,2022-03-25,7449.112,7333.783
130,2022-03-26,7022.0605,6883.713
131,2022-03-27,6864.119,6844.104
132,2022-03-28,7420.4956,7479.9385
133,2022-03-29,7585.0386,7728.544
134,2022-03-30,7596.596,7491.206
135,2022-03-31,7634.5693,7454.201
136,2022-04-01,7507.4443,7371.5103
137,2022-04-02,7068.842,6771.9443
138,2022-04-03,6910.3467,6392.828
139,2022-04-04,7363.814,6980.6475
140,2022-03-23,7521.7954,7511.9487
141,2022-03-24,7561.9673,7573.605
142,2022-03-25,7439.254,7333.783
143,2022-03-26,7008.385,6883.713
144,2022-03-27,6887.8726,6844.104
145,2022-03-28,7445.857,7479.9385
146,2022-03-29,7590.0317,7728.544
147,2022-03-30,7575.1733,7491.206
148,2022-03-31,7596.6357,7454.201
149,2022-04-01,7546.009,7371.5103
150,2022-04-02,7094.7773,6771.9443
151,2022-04-03,6932.4434,6392.828
152,2022-04-04,7472.8193,6980.6475
153,2022-04-05,7581.2256,7100.761
154,2022-03-24,7621.0,7573.605
155,2022-03-25,7529.1025,7333.783
156,2022-03-26,7083.919,6883.713
157,2022-03-27,6895.717,6844.104
158,2022-03-28,7367.317,7479.9385
159,2022-03-29,7552.7627,7728.544
160,2022-03-30,7574.777,7491.206
161,2022-03-31,7630.9077,7454.201
162,2022-04-01,7543.412,7371.5103
163,2022-04-02,7141.1455,6771.9443
164,2022-04-03,6972.759,6392.828
165,2022-04-04,7379.975,6980.6475
166,2022-04-05,7535.707,7100.761
167,2022-04-06,7582.4824,7380.3823
168,2022-03-25,7549.3745,7333.783
169,2022-03-26,7086.0024,6883.713
170,2022-03-27,6897.239,6844.104
171,2022-03-28,7362.265,7479.9385
172,2022-03-29,7569.7373,7728.544
173,2022-03-30,7600.5576,7491.206
174,2022-03-31,7599.4556,7454.201
175,2022-04-01,7518.009,7371.5103
176,2022-04-02,7142.134,6771.9443
177,2022-04-03,6922.002,6392.828
178,2022-04-04,7276.4136,6980.6475
179,2022-04-05,7515.8057,7100.761
180,2022-04-06,7518.5596,7380.3823
181,2022-04-07,7504.7993,7757.1636
182,2022-03-26,6872.663,6883.713
183,2022-03-27,6765.8965,6844.104
184,2022-03-28,7210.022,7479.9385
185,2022-03-29,7405.3926,7728.544
186,2022-03-30,7433.46,7491.206
187,2022-03-31,7449.417,7454.201
188,2022-04-01,7353.66,7371.5103
189,2022-04-02,6965.1187,6771.9443
190,2022-04-03,6748.285,6392.828
191,2022-04-04,7199.5654,6980.6475
192,2022-04-05,7408.6943,7100.761
193,2022-04-06,7482.4404,7380.3823
194,2022-04-07,7488.496,7757.1636
195,2022-04-08,7442.2637,7468.116
196,2022-03-27,6677.139,6844.104
197,2022-03-28,7222.5156,7479.9385
198,2022-03-29,7433.2905,7728.544
199,2022-03-30,7446.4995,7491.206
200,2022-03-31,7487.775,7454.201
201,2022-04-01,7447.049,7371.5103
202,2022-04-02,7010.0894,6771.9443
203,2022-04-03,6831.7837,6392.828
204,2022-04-04,7286.9033,6980.6475
205,2022-04-05,7467.411,7100.761
206,2022-04-06,7497.128,7380.3823
207,2022-04-07,7521.344,7757.1636
208,2022-04-08,7488.3237,7468.116
209,2022-04-09,7082.1816,6990.964
210,2022-03-28,7362.476,7479.9385
211,2022-03-29,7460.4355,7728.544
212,2022-03-30,7525.378,7491.206
213,2022-03-31,7566.1035,7454.201
214,2022-04-01,7438.9756,7371.5103
215,2022-04-02,7010.8086,6771.9443
216,2022-04-03,6862.215,6392.828
217,2022-04-04,7300.84,6980.6475
218,2022-04-05,7456.583,7100.761
219,2022-04-06,7512.717,7380.3823
220,2022-04-07,7573.259,7757.1636
221,2022-04-08,7494.009,7468.116
222,2022-04-09,7120.8755,6990.964
223,2022-04-10,6948.619,6663.5522
224,2022-03-29,7624.552,7728.544
225,2022-03-30,7568.406,7491.206
226,2022-03-31,7545.837,7454.201
227,2022-04-01,7422.5312,7371.5103
228,2022-04-02,6988.2104,6771.9443
229,2022-04-03,6853.897,6392.828
230,2022-04-04,7434.64,6980.6475
231,2022-04-05,7511.1562,7100.761
232,2022-04-06,7540.88,7380.3823
233,2022-04-07,7587.6704,7757.1636
234,2022-04-08,7506.7524,7468.116
235,2022-04-09,7064.177,6990.964
236,2022-04-10,7000.871,6663.5522
237,2022-04-11,7505.1,7302.068
238,2022-03-30,7623.326,7491.206
239,2022-03-31,7590.288,7454.201
240,2022-04-01,7416.8555,7371.5103
241,2022-04-02,6980.2456,6771.9443
242,2022-04-03,6971.436,6392.828
243,2022-04-04,7463.1035,6980.6475
244,2022-04-05,7515.408,7100.761
245,2022-04-06,7490.634,7380.3823
246,2022-04-07,7552.2974,7757.1636
247,2022-04-08,7450.9927,7468.116
248,2022-04-09,7037.5073,6990.964
249,2022-04-10,6949.4136,6663.5522
250,2022-04-11,7447.688,7302.068
251,2022-04-12,7600.7495,7268.1587
252,2022-03-31,7432.2837,7454.201
253,2022-04-01,7305.6323,7371.5103
254,2022-04-02,6926.223,6771.9443
255,2022-04-03,6805.6255,6392.828
256,2022-04-04,7316.6436,6980.6475
257,2022-04-05,7439.44,7100.761
258,2022-04-06,7466.9736,7380.3823
259,2022-04-07,7513.7793,7757.1636
260,2022-04-08,7398.1406,7468.116
261,2022-04-09,7031.4004,6990.964
262,2022-04-10,6956.51,6663.5522
263,2022-04-11,7447.149,7302.068
264,2022-04-12,7546.82,7268.1587
265,2022-04-13,7547.3706,7333.456
266,2022-04-01,7279.54,7371.5103
267,2022-04-02,6869.245,6771.9443
268,2022-04-03,6764.607,6392.828
269,2022-04-04,7341.223,6980.6475
270,2022-04-05,7428.787,7100.761
271,2022-04-06,7466.7876,7380.3823
272,2022-04-07,7497.076,7757.1636
273,2022-04-08,7353.34,7468.116
274,2022-04-09,6970.0312,6990.964
275,2022-04-10,6861.534,6663.5522
276,2022-04-11,7354.439,7302.068
277,2022-04-12,7490.469,7268.1587
278,2022-04-13,7510.844,7333.456
279,2022-04-14,7549.3975,7216.878
280,2022-04-02,6851.285,6771.9443
281,2022-04-03,6765.926,6392.828
282,2022-04-04,7310.0195,6980.6475
283,2022-04-05,7474.13,7100.761
284,2022-04-06,7496.1567,7380.3823
285,2022-04-07,7558.9395,7757.1636
286,2022-04-08,7424.5674,7468.116
287,2022-04-09,6984.003,6990.964
288,2022-04-10,6954.267,6663.5522
289,2022-04-11,7460.3623,7302.068
290,2022-04-12,7562.2427,7268.1587
291,2022-04-13,7558.939,7333.456
292,2022-04-14,7611.804,7216.878
293,2022-04-15,7489.547,6394.872
294,2022-04-03,6641.7676,6392.828
295,2022-04-04,7268.993,6980.6475
296,2022-04-05,7386.288,7100.761
297,2022-04-06,7445.2114,7380.3823
298,2022-04-07,7517.352,7757.1636
299,2022-04-08,7398.4043,7468.116
300,2022-04-09,6946.8457,6990.964
301,2022-04-10,6847.1704,6663.5522
302,2022-04-11,7433.096,7302.068
303,2022-04-12,7536.0737,7268.1587
304,2022-04-13,7531.667,7333.456
305,2022-04-14,7639.6,7216.878
306,2022-04-15,7528.9126,6394.872
307,2022-04-16,7012.3745,6447.1206
308,2022-04-04,7092.6094,6980.6475
309,2022-04-05,7261.112,7100.761
310,2022-04-06,7344.2637,7380.3823
311,2022-04-07,7402.081,7757.1636
312,2022-04-08,7315.0767,7468.116
313,2022-04-09,6896.02,6990.964
314,2022-04-10,6728.0674,6663.5522
315,2022-04-11,7279.835,7302.068
316,2022-04-12,7426.315,7268.1587
317,2022-04-13,7464.864,7333.456
318,2022-04-14,7522.683,7216.878
319,2022-04-15,7468.714,6394.872
320,2022-04-16,6990.186,6447.1206
321,2022-04-17,6876.198,6214.767
322,2022-04-05,7277.375,7100.761
323,2022-04-06,7345.121,7380.3823
324,2022-04-07,7385.3276,7757.1636
325,2022-04-08,7277.377,7468.116
326,2022-04-09,6839.5117,6990.964
327,2022-04-10,6698.513,6663.5522
328,2022-04-11,7279.5786,7302.068
329,2022-04-12,7442.6094,7268.1587
330,2022-04-13,7438.753,7333.456
331,2022-04-14,7472.3496,7216.878
332,2022-04-15,7373.212,6394.872
333,2022-04-16,6923.2295,6447.1206
334,2022-04-17,6769.5645,6214.767
335,2022-04-18,7309.8726,6428.2715
336,2022-04-06,7221.037,7380.3823
337,2022-04-07,7338.9077,7757.1636
338,2022-04-08,7258.491,7468.116
339,2022-04-09,6834.3726,6990.964
340,2022-04-10,6703.832,6663.5522
341,2022-04-11,7232.6035,7302.068
342,2022-04-12,7383.524,7268.1587
343,2022-04-13,7471.6523,7333.456
344,2022-04-14,7481.017,7216.878
345,2022-04-15,7437.505,6394.872
346,2022-04-16,6980.8877,6447.1206
347,2022-04-17,6855.855,6214.767
348,2022-04-18,7387.931,6428.2715
349,2022-04-19,7574.6523,7137.6377
350,2022-04-07,7449.3994,7757.1636
351,2022-04-08,7340.878,7468.116
352,2022-04-09,6955.823,6990.964
353,2022-04-10,6774.5854,6663.5522
354,2022-04-11,7249.436,7302.068
355,2022-04-12,7421.3076,7268.1587
356,2022-04-13,7489.614,7333.456
357,2022-04-14,7538.6406,7216.878
358,2022-04-15,7467.029,6394.872
359,2022-04-16,7042.86,6447.1206
360,2022-04-17,6907.897,6214.767
361,2022-04-18,7361.2627,6428.2715
362,2022-04-19,7513.303,7137.6377
363,2022-04-20,7554.063,6887.944
364,2022-04-08,7664.4976,7468.116
365,2022-04-09,7211.6055,6990.964
366,2022-04-10,6987.361,6663.5522
367,2022-04-11,7465.049,7302.068
368,2022-04-12,7634.197,7268.1587
369,2022-04-13,7650.176,7333.456
370,2022-04-14,7683.783,7216.878
371,2022-04-15,7596.1787,6394.872
372,2022-04-16,7148.2427,6447.1206
373,2022-04-17,6998.3833,6214.767
374,2022-04-18,7451.8257,6428.2715
375,2022-04-19,7673.313,7137.6377
376,2022-04-20,7699.761,6887.944
377,2022-04-21,7736.6763,7186.0376
378,2022-04-09,7014.429,6990.964
379,2022-04-10,6816.6313,6663.5522
380,2022-04-11,7234.8193,7302.068
381,2022-04-12,7481.1045,7268.1587
382,2022-04-13,7591.297,7333.456
383,2022-04-14,7627.1113,7216.878
384,2022-04-15,7553.2812,6394.872
385,2022-04-16,7114.708,6447.1206
386,2022-04-17,6958.2305,6214.767
387,2022-04-18,7360.442,6428.2715
388,2022-04-19,7625.459,7137.6377
389,2022-04-20,7693.779,6887.944
390,2022-04-21,7716.9214,7186.0376
391,2022-04-22,7630.418,7411.3457
392,2022-04-10,6688.7925,6663.5522
393,2022-04-11,7168.0967,7302.068
394,2022-04-12,7433.6445,7268.1587
395,2022-04-13,7508.017,7333.456
396,2022-04-14,7557.0527,7216.878
397,2022-04-15,7484.8794,6394.872
398,2022-04-16,7012.7344,6447.1206
399,2022-04-17,6827.623,6214.767
400,2022-04-18,7358.1675,6428.2715
401,2022-04-19,7570.823,7137.6377
402,2022-04-20,7601.676,6887.944
403,2022-04-21,7618.2036,7186.0376
404,2022-04-22,7516.831,7411.3457
405,2022-04-23,7122.9204,6854.7256
406,2022-04-11,7153.493,7302.068
407,2022-04-12,7376.6245,7268.1587
408,2022-04-13,7464.7764,7333.456
409,2022-04-14,7537.5024,7216.878
410,2022-04-15,7451.554,6394.872
411,2022-04-16,7084.6235,6447.1206
412,2022-04-17,6874.714,6214.767
413,2022-04-18,7386.541,6428.2715
414,2022-04-19,7647.141,7137.6377
415,2022-04-20,7693.971,6887.944
416,2022-04-21,7702.787,7186.0376
417,2022-04-22,7610.7773,7411.3457
418,2022-04-23,7184.8965,6854.7256
419,2022-04-24,7019.6123,6561.7593
420,2022-04-12,7533.6445,7268.1587
421,2022-04-13,7556.236,7333.456
422,2022-04-14,7595.36,7216.878
423,2022-04-15,7505.541,6394.872
424,2022-04-16,7069.1274,6447.1206
425,2022-04-17,6876.8193,6214.767
426,2022-04-18,7406.3564,6428.2715
427,2022-04-19,7604.1777,7137.6377
428,2022-04-20,7650.4624,6887.944
429,2022-04-21,7684.6226,7186.0376
430,2022-04-22,7600.87,7411.3457
431,2022-04-23,7166.109,6854.7256
432,2022-04-24,7004.659,6561.7593
433,2022-04-25,7525.3794,6746.973
434,2022-04-13,7376.2173,7333.456
435,2022-04-14,7495.2056,7216.878
436,2022-04-15,7443.9736,6394.872
437,2022-04-16,6991.1543,6447.1206
438,2022-04-17,6844.071,6214.767
439,2022-04-18,7323.8823,6428.2715
440,2022-04-19,7491.3496,7137.6377
441,2022-04-20,7543.1313,6887.944
442,2022-04-21,7588.852,7186.0376
443,2022-04-22,7517.239,7411.3457
444,2022-04-23,7115.654,6854.7256
445,2022-04-24,6962.5083,6561.7593
446,2022-04-25,7435.7095,6746.973
447,2022-04-26,7603.177,7515.1606
448,2022-04-14,7485.29,7216.878
449,2022-04-15,7393.2925,6394.872
450,2022-04-16,6943.226,6447.1206
451,2022-04-17,6841.865,6214.767
452,2022-04-18,7355.8325,6428.2715
453,2022-04-19,7551.9434,7137.6377
454,2022-04-20,7570.123,6887.944
455,2022-04-21,7627.964,7186.0376
456,2022-04-22,7544.7827,7411.3457
457,2022-04-23,7126.6675,6854.7256
458,2022-04-24,6997.7637,6561.7593
459,2022-04-25,7445.6255,6746.973
460,2022-04-26,7630.1675,7515.1606
461,2022-04-27,7631.2715,7711.669
462,2022-04-15,7244.7056,6394.872
463,2022-04-16,6880.0195,6447.1206
464,2022-04-17,6691.6167,6214.767
465,2022-04-18,7148.301,6428.2715
466,2022-04-19,7441.922,7137.6377
467,2022-04-20,7485.9956,6887.944
468,2022-04-21,7504.725,7186.0376
469,2022-04-22,7459.551,7411.3457
470,2022-04-23,7071.176,6854.7256
471,2022-04-24,6862.389,6561.7593
472,2022-04-25,7301.445,6746.973
473,2022-04-26,7543.8364,7515.1606
474,2022-04-27,7563.6675,7711.669
475,2022-04-28,7555.958,7708.5005
476,2022-04-16,6272.5073,6447.1206
477,2022-04-17,6752.7617,6214.767
478,2022-04-18,7039.7046,6428.2715
479,2022-04-19,7166.927,7137.6377
480,2022-04-20,7262.7563,6887.944
481,2022-04-21,7299.1074,7186.0376
482,2022-04-22,6938.3657,7411.3457
483,2022-04-23,6697.686,6854.7256
484,2022-04-24,7016.02,6561.7593
485,2022-04-25,7327.7437,6746.973
486,2022-04-26,7370.1533,7515.1606
487,2022-04-27,7414.215,7711.669
488,2022-04-28,7335.455,7708.5005
489,2022-04-29,6982.975,7410.6025
490,2022-04-17,6595.179,6214.767
491,2022-04-18,7117.614,6428.2715
492,2022-04-19,7289.3774,7137.6377
493,2022-04-20,7331.215,6887.944
494,2022-04-21,7347.181,7186.0376
495,2022-04-22,7110.4595,7411.3457
496,2022-04-23,6787.859,6854.7256
497,2022-04-24,6810.4287,6561.7593
498,2022-04-25,7294.333,6746.973
499,2022-04-26,7412.692,7515.1606
500,2022-04-27,7463.891,7711.669
501,2022-04-28,7413.7964,7708.5005
502,2022-04-29,7280.5693,7410.6025
503,2022-04-30,6899.6143,7140.794
504,2022-04-18,6805.292,6428.2715
505,2022-04-19,7127.2817,7137.6377
506,2022-04-20,7175.7183,6887.944
507,2022-04-21,7186.7256,7186.0376
508,2022-04-22,7070.59,7411.3457
509,2022-04-23,6698.51,6854.7256
510,2022-04-24,6620.352,6561.7593
511,2022-04-25,7169.662,6746.973
512,2022-04-26,7296.8096,7515.1606
513,2022-04-27,7292.956,7711.669
514,2022-04-28,7330.9336,7708.5005
515,2022-04-29,7190.0283,7410.6025
516,2022-04-30,6788.2275,7140.794
517,2022-05-01,6761.8076,6720.115
518,2022-04-19,6985.662,7137.6377
519,2022-04-20,7136.998,6887.944
520,2022-04-21,7174.4194,7186.0376
521,2022-04-22,7106.7295,7411.3457
522,2022-04-23,6727.015,6854.7256
523,2022-04-24,6569.6265,6561.7593
524,2022-04-25,7088.57,6746.973
525,2022-04-26,7261.916,7515.1606
526,2022-04-27,7264.12,7711.669
527,2022-04-28,7276.775,7708.5005
528,2022-04-29,7160.6606,7410.6025
529,2022-04-30,6746.2783,7140.794
530,2022-05-01,6651.072,6720.115
531,2022-05-02,7178.2705,7287.9624
532,2022-04-20,7294.424,6887.944
533,2022-04-21,7303.7754,7186.0376
534,2022-04-22,7192.078,7411.3457
535,2022-04-23,6767.8506,6854.7256
536,2022-04-24,6628.0938,6561.7593
537,2022-04-25,7181.0737,6746.973
538,2022-04-26,7338.991,7515.1606
539,2022-04-27,7397.317,7711.669
540,2022-04-28,7414.924,7708.5005
541,2022-04-29,7313.131,7410.6025
542,2022-04-30,6834.977,7140.794
543,2022-05-01,6746.9404,6720.115
544,2022-05-02,7308.728,7287.9624
545,2022-05-03,7431.4287,7310.209
546,2022-04-21,6959.9175,7186.0376
547,2022-04-22,6985.228,7411.3457
548,2022-04-23,6663.9175,6854.7256
549,2022-04-24,6517.0137,6561.7593
550,2022-04-25,7074.909,6746.973
551,2022-04-26,7215.757,7515.1606
552,2022-04-27,7225.66,7711.669
553,2022-04-28,7247.12,7708.5005
554,2022-04-29,7171.739,7410.6025
555,2022-04-30,6773.4023,7140.794
556,2022-05-01,6639.707,6720.115
557,2022-05-02,7107.3687,7287.9624
558,2022-05-03,7276.279,7310.209
559,2022-05-04,7339.5493,7490.6113
560,2022-04-22,7178.1313,7411.3457
561,2022-04-23,6756.697,6854.7256
562,2022-04-24,6612.5527,6561.7593
563,2022-04-25,7191.337,6746.973
564,2022-04-26,7330.529,7515.1606
565,2022-04-27,7322.2773,7711.669
566,2022-04-28,7360.239,7708.5005
567,2022-04-29,7245.8027,7410.6025
568,2022-04-30,6776.503,7140.794
569,2022-05-01,6679.125,6720.115
570,2022-05-02,7252.9536,7287.9624
571,2022-05-03,7401.5015,7310.209
572,2022-05-04,7413.605,7490.6113
573,2022-05-05,7437.8145,7502.9136
574,2022-04-23,6906.756,6854.7256
575,2022-04-24,6709.83,6561.7593
576,2022-04-25,7278.6055,6746.973
577,2022-04-26,7360.018,7515.1606
578,2022-04-27,7419.4263,7711.669
579,2022-04-28,7474.985,7708.5005
580,2022-04-29,7350.6655,7410.6025
581,2022-04-30,6851.7485,7140.794
582,2022-05-01,6702.1294,6720.115
583,2022-05-02,7250.004,7287.9624
584,2022-05-03,7406.225,7310.209
585,2022-05-04,7455.732,7490.6113
586,2022-05-05,7523.94,7502.9136
587,2022-05-06,7404.0254,7422.1074
588,2022-04-24,6603.4443,6561.7593
589,2022-04-25,7219.904,6746.973
590,2022-04-26,7374.4326,7515.1606
591,2022-04-27,7409.078,7711.669
592,2022-04-28,7438.2227,7708.5005
593,2022-04-29,7331.5386,7410.6025
594,2022-04-30,6878.9517,7140.794
595,2022-05-01,6788.215,6720.115
596,2022-05-02,7365.083,7287.9624
597,2022-05-03,7521.2607,7310.209
598,2022-05-04,7539.408,7490.6113
599,2022-05-05,7586.152,7502.9136
600,2022-05-06,7479.4663,7422.1074
601,2022-05-07,7020.2812,7309.1865
602,2022-04-25,7107.3096,6746.973
603,2022-04-26,7304.5967,7515.1606
604,2022-04-27,7323.2812,7711.669
605,2022-04-28,7373.288,7708.5005
606,2022-04-29,7314.49,7410.6025
607,2022-04-30,6875.3994,7140.794
608,2022-05-01,6705.0386,6720.115
609,2022-05-02,7207.3257,7287.9624
610,2022-05-03,7406.2627,7310.209
611,2022-05-04,7460.1177,7490.6113
612,2022-05-05,7491.9927,7502.9136
613,2022-05-06,7407.9126,7422.1074
614,2022-05-07,6930.3545,7309.1865
615,2022-05-08,6812.75,7074.467
616,2022-04-26,7164.764,7515.1606
617,2022-04-27,7273.5127,7711.669
618,2022-04-28,7337.773,7708.5005
619,2022-04-29,7242.755,7410.6025
620,2022-04-30,6810.509,7140.794
621,2022-05-01,6596.8545,6720.115
622,2022-05-02,7079.082,7287.9624
623,2022-05-03,7368.5312,7310.209
624,2022-05-04,7426.748,7490.6113
625,2022-05-05,7509.1333,7502.9136
626,2022-05-06,7430.5923,7422.1074
627,2022-05-07,6942.323,7309.1865
628,2022-05-08,6762.7236,7074.467
629,2022-05-09,7214.7437,8001.754
630,2022-04-27,7549.105,7711.669
631,2022-04-28,7504.0684,7708.5005
632,2022-04-29,7436.513,7410.6025
633,2022-04-30,7028.987,7140.794
634,2022-05-01,6737.352,6720.115
635,2022-05-02,7154.7617,7287.9624
636,2022-05-03,7481.0005,7310.209
637,2022-05-04,7550.2036,7490.6113
638,2022-05-05,7593.5938,7502.9136
639,2022-05-06,7523.291,7422.1074
640,2022-05-07,7082.812,7309.1865
641,2022-05-08,6829.6206,7074.467
642,2022-05-09,7267.9014,8001.754
643,2022-05-10,7552.9487,7897.479
644,2022-04-28,7685.212,7708.5005
645,2022-04-29,7640.732,7410.6025
646,2022-04-30,7287.084,7140.794
647,2022-05-01,6931.243,6720.115
648,2022-05-02,7130.031,7287.9624
649,2022-05-03,7560.5557,7310.209
650,2022-05-04,7635.2393,7490.6113
651,2022-05-05,7623.159,7502.9136
652,2022-05-06,7614.9224,7422.1074
653,2022-05-07,7340.9004,7309.1865
654,2022-05-08,7019.1064,7074.467
655,2022-05-09,7231.6206,8001.754
656,2022-05-10,7677.523,7897.479
657,2022-05-11,7781.86,8151.83
658,2022-04-29,7656.179,7410.6025
659,2022-04-30,7365.1343,7140.794
660,2022-05-01,6973.5957,6720.115
661,2022-05-02,7092.757,7287.9624
662,2022-05-03,7579.848,7310.209
663,2022-05-04,7623.232,7490.6113
664,2022-05-05,7677.5986,7502.9136
665,2022-05-06,7649.042,7422.1074
666,2022-05-07,7407.417,7309.1865
667,2022-05-08,7103.1914,7074.467
668,2022-05-09,7258.5996,8001.754
669,2022-05-10,7674.2993,7897.479
670,2022-05-11,7745.14,8151.83
671,2022-05-12,7778.091,8223.201
672,2022-04-30,7061.6987,7140.794
673,2022-05-01,6707.511,6720.115
674,2022-05-02,6956.8145,7287.9624
675,2022-05-03,7401.601,7310.209
676,2022-05-04,7543.825,7490.6113
677,2022-05-05,7571.28,7502.9136
678,2022-05-06,7528.45,7422.1074
679,2022-05-07,7201.7217,7309.1865
680,2022-05-08,6868.9556,7074.467
681,2022-05-09,7121.551,8001.754
682,2022-05-10,7583.364,7897.479
683,2022-05-11,7653.648,8151.83
684,2022-05-12,7594.3433,8223.201
685,2022-05-13,7614.114,7870.4023
686,2022-05-01,6711.234,6720.115
687,2022-05-02,6855.6265,7287.9624
688,2022-05-03,7350.2944,7310.209
689,2022-05-04,7467.784,7490.6113
690,2022-05-05,7527.628,7502.9136
691,2022-05-06,7579.785,7422.1074
692,2022-05-07,7329.431,7309.1865
693,2022-05-08,6965.9795,7074.467
694,2022-05-09,7079.6255,8001.754
695,2022-05-10,7552.3345,7897.479
696,2022-05-11,7613.8237,8151.83
697,2022-05-12,7636.8823,8223.201
698,2022-05-13,7663.784,7870.4023
699,2022-05-14,7467.2344,7189.14
700,2022-05-02,6699.3877,7287.9624
701,2022-05-03,7354.2856,7310.209
702,2022-05-04,7458.0337,7490.6113
703,2022-05-05,7458.582,7502.9136
704,2022-05-06,7495.3633,7422.1074
705,2022-05-07,7329.5796,7309.1865
706,2022-05-08,6903.0454,7074.467
707,2022-05-09,6915.674,8001.754
708,2022-05-10,7533.7886,7897.479
709,2022-05-11,7651.815,8151.83
710,2022-05-12,7666.6357,8223.201
711,2022-05-13,7699.5723,7870.4023
712,2022-05-14,7487.1294,7189.14
713,2022-05-15,7080.9067,7080.824
714,2022-05-03,7622.7056,7310.209
715,2022-05-04,7666.628,7490.6113
716,2022-05-05,7669.373,7502.9136
717,2022-05-06,7585.37,7422.1074
718,2022-05-07,7156.031,7309.1865
719,2022-05-08,6947.3994,7074.467
720,2022-05-09,7465.6855,8001.754
721,2022-05-10,7759.4136,7897.479
722,2022-05-11,7794.551,8151.83
723,2022-05-12,7813.22,8223.201
724,2022-05-13,7732.5093,7870.4023
725,2022-05-14,7323.4844,7189.14
726,2022-05-15,7143.9526,7080.824
727,2022-05-16,7682.0,7253.4507
728,2022-05-04,7402.3667,7490.6113
729,2022-05-05,7446.8345,7502.9136
730,2022-05-06,7414.9917,7422.1074
731,2022-05-07,7021.899,7309.1865
732,2022-05-08,6895.075,7074.467
733,2022-05-09,7414.994,8001.754
734,2022-05-10,7635.6973,7897.479
735,2022-05-11,7699.931,8151.83
736,2022-05-12,7718.0464,8223.201
737,2022-05-13,7608.245,7870.4023
738,2022-05-14,7149.817,7189.14
739,2022-05-15,7055.938,7080.824
740,2022-05-16,7557.734,7253.4507
741,2022-05-17,7718.049,7523.9727
742,2022-05-05,7510.4824,7502.9136
743,2022-05-06,7458.87,7422.1074
744,2022-05-07,7005.869,7309.1865
745,2022-05-08,6881.775,7074.467
746,2022-05-09,7448.9863,8001.754
747,2022-05-10,7627.4434,7897.479
748,2022-05-11,7696.0776,8151.83
749,2022-05-12,7683.996,8223.201
750,2022-05-13,7584.6123,7870.4023
751,2022-05-14,7168.949,7189.14
752,2022-05-15,7084.39,7080.824
753,2022-05-16,7580.219,7253.4507
754,2022-05-17,7813.035,7523.9727
755,2022-05-18,7817.4287,7718.8086
756,2022-05-06,7385.03,7422.1074
757,2022-05-07,6907.817,7309.1865
758,2022-05-08,6755.152,7074.467
759,2022-05-09,7287.8325,8001.754
760,2022-05-10,7514.082,7897.479
761,2022-05-11,7561.8594,8151.83
762,2022-05-12,7565.7036,8223.201
763,2022-05-13,7411.392,7870.4023
764,2022-05-14,7031.924,7189.14
765,2022-05-15,6902.873,7080.824
766,2022-05-16,7476.19,7253.4507
767,2022-05-17,7684.8706,7523.9727
768,2022-05-18,7674.436,7718.8086
769,2022-05-19,7687.616,8301.4375
770,2022-05-07,6892.094,7309.1865
771,2022-05-08,6786.652,7074.467
772,2022-05-09,7342.4146,8001.754
773,2022-05-10,7496.732,7897.479
774,2022-05-11,7546.7075,8151.83
775,2022-05-12,7558.7896,8223.201
776,2022-05-13,7480.806,7870.4023
777,2022-05-14,7012.912,7189.14
778,2022-05-15,6901.9785,7080.824
779,2022-05-16,7512.6562,7253.4507
780,2022-05-17,7699.3765,7523.9727
781,2022-05-18,7686.744,7718.8086
782,2022-05-19,7704.3184,8301.4375
783,2022-05-20,7646.108,8767.954
784,2022-05-08,6784.788,7074.467
785,2022-05-09,7162.085,8001.754
786,2022-05-10,7485.563,7897.479
787,2022-05-11,7603.642,8151.83
788,2022-05-12,7632.199,8223.201
789,2022-05-13,7604.19,7870.4023
790,2022-05-14,7276.322,7189.14
791,2022-05-15,7025.337,7080.824
792,2022-05-16,7413.071,7253.4507
793,2022-05-17,7696.453,7523.9727
794,2022-05-18,7726.661,7718.8086
795,2022-05-19,7748.0796,8301.4375
796,2022-05-20,7691.5156,8767.954
797,2022-05-21,7372.4287,7919.1035
798,2022-05-09,7430.9287,8001.754
799,2022-05-10,7737.4136,7897.479
800,2022-05-11,7777.5107,8151.83
801,2022-05-12,7785.199,8223.201
802,2022-05-13,7673.7,7870.4023
803,2022-05-14,7386.439,7189.14
804,2022-05-15,7134.33,7080.824
805,2022-05-16,7502.88,7253.4507
806,2022-05-17,7781.357,7523.9727
807,2022-05-18,7842.872,7718.8086
808,2022-05-19,7890.1094,8301.4375
809,2022-05-20,7808.8184,8767.954
810,2022-05-21,7499.585,7919.1035
811,2022-05-22,7293.0625,7768.0063
812,2022-05-10,8059.115,7897.479
813,2022-05-11,8008.016,8151.83
814,2022-05-12,7973.9473,8223.201
815,2022-05-13,7838.228,7870.4023
816,2022-05-14,7372.2744,7189.14
817,2022-05-15,7215.1235,7080.824
818,2022-05-16,7798.1143,7253.4507
819,2022-05-17,7962.4067,7523.9727
820,2022-05-18,7950.321,7718.8086
821,2022-05-19,7952.516,8301.4375
822,2022-05-20,7890.978,8767.954
823,2022-05-21,7469.5317,7919.1035
824,2022-05-22,7333.2617,7768.0063
825,2022-05-23,7936.0327,8293.648
826,2022-05-11,7824.3735,8151.83
827,2022-05-12,7837.0127,8223.201
828,2022-05-13,7750.1875,7870.4023
829,2022-05-14,7370.453,7189.14
830,2022-05-15,7249.003,7080.824
831,2022-05-16,7858.9956,7253.4507
832,2022-05-17,8007.3726,7523.9727
833,2022-05-18,8013.415,7718.8086
834,2022-05-19,8018.361,8301.4375
835,2022-05-20,7949.118,8767.954
836,2022-05-21,7435.299,7919.1035
837,2022-05-22,7362.7583,7768.0063
838,2022-05-23,7963.959,8293.648
839,2022-05-24,8057.3794,8286.503
840,2022-05-12,8027.3105,8223.201
841,2022-05-13,7805.8257,7870.4023
842,2022-05-14,7386.4863,7189.14
843,2022-05-15,7259.5337,7080.824
844,2022-05-16,7831.656,7253.4507
845,2022-05-17,7977.2964,7523.9727
846,2022-05-18,7972.3506,7718.8086
847,2022-05-19,7970.7036,8301.4375
848,2022-05-20,7845.9443,8767.954
849,2022-05-21,7421.6606,7919.1035
850,2022-05-22,7275.4717,7768.0063
851,2022-05-23,7852.541,8293.648
852,2022-05-24,8042.1504,8286.503
853,2022-05-25,8087.2183,8198.829
854,2022-05-13,7971.3594,7870.4023
855,2022-05-14,7537.1777,7189.14
856,2022-05-15,7415.166,7080.824
857,2022-05-16,7927.9404,7253.4507
858,2022-05-17,8185.7,7523.9727
859,2022-05-18,8166.464,7718.8086
860,2022-05-19,8201.639,8301.4375
861,2022-05-20,8128.5444,8767.954
862,2022-05-21,7719.0923,7919.1035
863,2022-05-22,7486.0645,7768.0063
864,2022-05-23,8032.9136,8293.648
865,2022-05-24,8254.402,8286.503
866,2022-05-25,8236.264,8198.829
867,2022-05-26,8329.146,8043.105
868,2022-05-14,7403.695,7189.14
869,2022-05-15,7333.912,7080.824
870,2022-05-16,7926.252,7253.4507
871,2022-05-17,8059.772,7523.9727
872,2022-05-18,8124.612,7718.8086
873,2022-05-19,8110.3257,8301.4375
874,2022-05-20,7992.186,8767.954
875,2022-05-21,7586.6724,7919.1035
876,2022-05-22,7535.5713,7768.0063
877,2022-05-23,8122.964,8293.648
878,2022-05-24,8176.264,8286.503
879,2022-05-25,8171.868,8198.829
880,2022-05-26,8210.331,8043.105
881,2022-05-27,8138.9014,7947.3496
882,2022-05-15,7081.429,7080.824
883,2022-05-16,7779.0254,7253.4507
884,2022-05-17,7955.897,7523.9727
885,2022-05-18,7948.754,7718.8086
886,2022-05-19,8016.315,8301.4375
887,2022-05-20,7892.1763,8767.954
888,2022-05-21,7419.241,7919.1035
889,2022-05-22,7345.635,7768.0063
890,2022-05-23,8027.3057,8293.648
891,2022-05-24,8126.727,8286.503
892,2022-05-25,8145.95,8198.829
893,2022-05-26,8136.612,8043.105
894,2022-05-27,8057.513,7947.3496
895,2022-05-28,7591.168,7563.9727
896,2022-05-16,7796.6313,7253.4507
897,2022-05-17,8007.5596,7523.9727
898,2022-05-18,7984.487,7718.8086
899,2022-05-19,7987.234,8301.4375
900,2022-05-20,7927.9106,8767.954
901,2022-05-21,7422.565,7919.1035
902,2022-05-22,7314.3545,7768.0063
903,2022-05-23,7960.32,8293.648
904,2022-05-24,8082.261,8286.503
905,2022-05-25,8079.5156,8198.829
906,2022-05-26,8150.9224,8043.105
907,2022-05-27,8093.2485,7947.3496
908,2022-05-28,7617.5596,7563.9727
909,2022-05-29,7506.054,7620.496
910,2022-05-17,7724.445,7523.9727
911,2022-05-18,7807.398,7718.8086
912,2022-05-19,7818.3833,8301.4375
913,2022-05-20,7709.6113,8767.954
914,2022-05-21,7325.612,7919.1035
915,2022-05-22,7178.9336,7768.0063
916,2022-05-23,7768.391,8293.648
917,2022-05-24,7949.679,8286.503
918,2022-05-25,7972.2026,8198.829
919,2022-05-26,8016.7,8043.105
920,2022-05-27,7945.832,7947.3496
921,2022-05-28,7471.7393,7563.9727
922,2022-05-29,7360.221,7620.496
923,2022-05-30,7879.361,9211.827
924,2022-05-18,7671.0205,7718.8086
925,2022-05-19,7735.8433,8301.4375
926,2022-05-20,7663.8774,8767.954
927,2022-05-21,7295.266,7919.1035
928,2022-05-22,7168.919,7768.0063
929,2022-05-23,7744.082,8293.648
930,2022-05-24,7864.389,8286.503
931,2022-05-25,7929.2114,8198.829
932,2022-05-26,7929.7573,8043.105
933,2022-05-27,7823.7363,7947.3496
934,2022-05-28,7434.7993,7563.9727
935,2022-05-29,7322.1836,7620.496
936,2022-05-30,7867.6826,9211.827
937,2022-05-31,8053.9087,8867.723
938,2022-05-19,7721.7754,8301.4375
939,2022-05-20,7648.706,8767.954
940,2022-05-21,7301.487,7919.1035
941,2022-05-22,7184.4614,7768.0063
942,2022-05-23,7704.196,8293.648
943,2022-05-24,7884.3965,8286.503
944,2022-05-25,7972.848,8198.829
945,2022-05-26,8012.4062,8043.105
946,2022-05-27,7893.1875,7947.3496
947,2022-05-28,7469.6025,7563.9727
948,2022-05-29,7427.297,7620.496
949,2022-05-30,7934.392,9211.827
950,2022-05-31,8077.783,8867.723
951,2022-06-01,8127.7793,9156.927
952,2022-05-20,7988.9473,8767.954
953,2022-05-21,7462.984,7919.1035
954,2022-05-22,7392.6357,7768.0063
955,2022-05-23,7994.995,8293.648
956,2022-05-24,8143.937,8286.503
957,2022-05-25,8173.614,8198.829
958,2022-05-26,8209.334,8043.105
959,2022-05-27,8100.518,7947.3496
960,2022-05-28,7632.2593,7563.9727
961,2022-05-29,7544.873,7620.496
962,2022-05-30,8147.779,9211.827
963,2022-05-31,8314.31,8867.723
964,2022-06-01,8383.562,9156.927
965,2022-06-02,8433.022,9356.096
966,2022-05-21,8096.712,7919.1035
967,2022-05-22,7701.913,7768.0063
968,2022-05-23,8192.9375,8293.648
969,2022-05-24,8354.046,8286.503
970,2022-05-25,8415.081,8198.829
971,2022-05-26,8493.712,8043.105
972,2022-05-27,8470.617,7947.3496
973,2022-05-28,8047.774,7563.9727
974,2022-05-29,7794.2876,7620.496
975,2022-05-30,8189.089,9211.827
976,2022-05-31,8487.665,8867.723
977,2022-06-01,8476.664,9156.927
978,2022-06-02,8481.066,9356.096
979,2022-06-03,8481.066,9650.445
980,2022-05-22,7490.0264,7768.0063
981,2022-05-23,7961.4873,8293.648
982,2022-05-24,8164.486,8286.503
983,2022-05-25,8206.294,8198.829
984,2022-05-26,8258.003,8043.105
985,2022-05-27,8283.859,7947.3496
986,2022-05-28,7893.822,7563.9727
987,2022-05-29,7677.0674,7620.496
988,2022-05-30,8151.2827,9211.827
989,2022-05-31,8382.884,8867.723
990,2022-06-01,8410.391,9156.927
991,2022-06-02,8458.805,9356.096
992,2022-06-03,8396.087,9650.445
993,2022-06-04,8024.199,8311.087
994,2022-05-23,8159.0557,8293.648
995,2022-05-24,8395.707,8286.503
996,2022-05-25,8439.186,8198.829
997,2022-05-26,8522.292,8043.105
998,2022-05-27,8535.501,7947.3496
999,2022-05-28,8190.9756,7563.9727
1000,2022-05-29,7870.1167,7620.496
1001,2022-05-30,8239.407,9211.827
1002,2022-05-31,8570.17,8867.723
1003,2022-06-01,8582.828,9156.927
1004,2022-06-02,8607.598,9356.096
1005,2022-06-03,8593.286,9650.445
1006,2022-06-04,8329.114,8311.087
1007,2022-06-05,8084.7573,8251.702
1008,2022-05-24,8593.185,8286.503
1009,2022-05-25,8599.242,8198.829
1010,2022-05-26,8687.338,8043.105
1011,2022-05-27,8682.385,7947.3496
1012,2022-05-28,8294.76,7563.9727
1013,2022-05-29,7977.07,7620.496
1014,2022-05-30,8231.446,9211.827
1015,2022-05-31,8615.76,8867.723
1016,2022-06-01,8668.068,9156.927
1017,2022-06-02,8637.233,9356.096
1018,2022-06-03,8625.119,9650.445
1019,2022-06-04,8396.072,8311.087
1020,2022-06-05,8089.942,8251.702
1021,2022-06-06,8325.045,8910.905
1022,2022-05-25,8378.545,8198.829
1023,2022-05-26,8516.25,8043.105
1024,2022-05-27,8519.555,7947.3496
1025,2022-05-28,8115.2495,7563.9727
1026,2022-05-29,7818.358,7620.496
1027,2022-05-30,8183.5527,9211.827
1028,2022-05-31,8476.039,8867.723
1029,2022-06-01,8538.283,9156.927
1030,2022-06-02,8664.97,9356.096
1031,2022-06-03,8651.751,9650.445
1032,2022-06-04,8289.312,8311.087
1033,2022-06-05,8039.2383,8251.702
1034,2022-06-06,8410.494,8910.905
1035,2022-06-07,8728.866,9209.985
1036,2022-05-26,8385.419,8043.105
1037,2022-05-27,8509.397,7947.3496
1038,2022-05-28,8139.114,7563.9727
1039,2022-05-29,7868.5625,7620.496
1040,2022-05-30,8236.092,9211.827
1041,2022-05-31,8585.99,8867.723
1042,2022-06-01,8601.971,9156.927
1043,2022-06-02,8660.379,9356.096
1044,2022-06-03,8595.355,9650.445
1045,2022-06-04,8290.644,8311.087
1046,2022-06-05,8097.786,8251.702
1047,2022-06-06,8430.051,8910.905
1048,2022-06-07,8770.582,9209.985
1049,2022-06-08,8740.829,9279.255
1050,2022-05-27,8153.76,7947.3496
1051,2022-05-28,7830.7627,7563.9727
1052,2022-05-29,7606.428,7620.496
1053,2022-05-30,8040.765,9211.827
1054,2022-05-31,8326.284,8867.723
1055,2022-06-01,8362.662,9156.927
1056,2022-06-02,8401.796,9356.096
1057,2022-06-03,8394.632,9650.445
1058,2022-06-04,8047.9336,8311.087
1059,2022-06-05,7830.7617,8251.702
1060,2022-06-06,8255.731,8910.905
1061,2022-06-07,8542.899,9209.985
1062,2022-06-08,8610.697,9279.255
1063,2022-06-09,8609.044,9453.287
1064,2022-05-28,7616.4087,7563.9727
1065,2022-05-29,7448.797,7620.496
1066,2022-05-30,7995.1875,9211.827
1067,2022-05-31,8264.247,8867.723
1068,2022-06-01,8304.499,9156.927
1069,2022-06-02,8333.171,9356.096
1070,2022-06-03,8273.073,9650.445
1071,2022-06-04,7855.7,8311.087
1072,2022-06-05,7669.337,8251.702
1073,2022-06-06,8274.175,8910.905
1074,2022-06-07,8459.43,9209.985
1075,2022-06-08,8436.273,9279.255
1076,2022-06-09,8426.898,9453.287
1077,2022-06-10,8353.018,9094.067
1078,2022-05-29,7384.18,7620.496
1079,2022-05-30,7879.99,9211.827
1080,2022-05-31,8125.4136,8867.723
1081,2022-06-01,8163.467,9156.927
1082,2022-06-02,8250.605,9356.096
1083,2022-06-03,8187.734,9650.445
1084,2022-06-04,7851.8633,8311.087
1085,2022-06-05,7653.869,8251.702
1086,2022-06-06,8141.958,8910.905
1087,2022-06-07,8333.332,9209.985
1088,2022-06-08,8408.339,9279.255
1089,2022-06-09,8430.95,9453.287
1090,2022-06-10,8374.697,9094.067
1091,2022-06-11,8015.6606,8503.029
1092,2022-05-30,8277.658,9211.827
1093,2022-05-31,8402.333,8867.723
1094,2022-06-01,8423.297,9156.927
1095,2022-06-02,8477.912,9356.096
1096,2022-06-03,8396.817,9650.445
1097,2022-06-04,8012.862,8311.087
1098,2022-06-05,7891.4995,8251.702
1099,2022-06-06,8533.077,8910.905
1100,2022-06-07,8643.409,9209.985
1101,2022-06-08,8612.518,9279.255
1102,2022-06-09,8600.379,9453.287
1103,2022-06-10,8477.911,9094.067
1104,2022-06-11,8095.0596,8503.029
1105,2022-06-12,7991.898,8104.853
1106,2022-05-31,8964.117,8867.723
1107,2022-06-01,8807.348,9156.927
1108,2022-06-02,8821.7,9356.096
1109,2022-06-03,8634.568,9650.445
1110,2022-06-04,8212.829,8311.087
1111,2022-06-05,8004.168,8251.702
1112,2022-06-06,8738.896,8910.905
1113,2022-06-07,8805.691,9209.985
1114,2022-06-08,8725.098,9279.255
1115,2022-06-09,8724.544,9453.287
1116,2022-06-10,8560.598,9094.067
1117,2022-06-11,8107.395,8503.029
1118,2022-06-12,8080.348,8104.853
1119,2022-06-13,8813.418,8403.228
1120,2022-06-01,8775.769,9156.927
1121,2022-06-02,8816.081,9356.096
1122,2022-06-03,8674.711,9650.445
1123,2022-06-04,8224.105,8311.087
1124,2022-06-05,8123.6025,8251.702
1125,2022-06-06,8837.613,8910.905
1126,2022-06-07,8906.089,9209.985
1127,2022-06-08,8787.916,9279.255
1128,2022-06-09,8854.735,9453.287
1129,2022-06-10,8696.799,9094.067
1130,2022-06-11,8231.836,8503.029
1131,2022-06-12,8251.716,8104.853
1132,2022-06-13,8888.97,8403.228
1133,2022-06-14,8909.954,9385.951
1134,2022-06-02,9048.012,9356.096
1135,2022-06-03,8827.584,9650.445
1136,2022-06-04,8355.793,8311.087
1137,2022-06-05,8235.912,8251.702
1138,2022-06-06,8818.191,8910.905
1139,2022-06-07,8884.485,9209.985
1140,2022-06-08,8901.609,9279.255
1141,2022-06-09,8841.946,9453.287
1142,2022-06-10,8713.227,9094.067
1143,2022-06-11,8352.478,8503.029
1144,2022-06-12,8427.611,8104.853
1145,2022-06-13,9082.262,8403.228
1146,2022-06-14,9114.305,9385.951
1147,2022-06-15,9004.921,9136.84
1148,2022-06-03,8931.854,9650.445
1149,2022-06-04,8417.246,8311.087
1150,2022-06-05,8260.265,8251.702
1151,2022-06-06,8758.291,8910.905
1152,2022-06-07,8904.219,9209.985
1153,2022-06-08,8931.853,9279.255
1154,2022-06-09,8873.815,9453.287
1155,2022-06-10,8754.975,9094.067
1156,2022-06-11,8382.977,8503.029
1157,2022-06-12,8317.752,8104.853
1158,2022-06-13,8952.306,8403.228
1159,2022-06-14,9042.405,9385.951
1160,2022-06-15,8950.6455,9136.84
1161,2022-06-16,8897.582,8745.29
1162,2022-06-04,8769.187,8311.087
1163,2022-06-05,8429.572,8251.702
1164,2022-06-06,8910.234,8910.905
1165,2022-06-07,8974.3955,9209.985
1166,2022-06-08,8948.952,9279.255
1167,2022-06-09,8943.422,9453.287
1168,2022-06-10,8851.051,9094.067
1169,2022-06-11,8472.164,8503.029
1170,2022-06-12,8289.634,8104.853
1171,2022-06-13,8931.807,8403.228
1172,2022-06-14,9018.646,9385.951
1173,2022-06-15,8946.741,9136.84
1174,2022-06-16,8913.554,8745.29
1175,2022-06-17,8650.269,8676.609
1176,2022-06-05,7963.402,8251.702
1177,2022-06-06,8565.965,8910.905
1178,2022-06-07,8738.05,9209.985
1179,2022-06-08,8718.683,9279.255
1180,2022-06-09,8712.043,9453.287
1181,2022-06-10,8631.812,9094.067
1182,2022-06-11,8262.747,8503.029
1183,2022-06-12,8180.8574,8104.853
1184,2022-06-13,8900.725,8403.228
1185,2022-06-14,8978.19,9385.951
1186,2022-06-15,8899.619,9136.84
1187,2022-06-16,8811.087,8745.29
1188,2022-06-17,8689.909,8676.609
1189,2022-06-18,8176.4277,8168.883
1190,2022-06-06,8845.234,8910.905
1191,2022-06-07,8859.072,9209.985
1192,2022-06-08,8863.497,9279.255
1193,2022-06-09,8863.497,9453.287
1194,2022-06-10,8775.483,9094.067
1195,2022-06-11,8399.62,8503.029
1196,2022-06-12,8352.016,8104.853
1197,2022-06-13,9117.024,8403.228
1198,2022-06-14,9152.452,9385.951
1199,2022-06-15,9007.421,9136.84
1200,2022-06-16,8983.066,8745.29
1201,2022-06-17,8818.662,8676.609
1202,2022-06-18,8329.319,8168.883
1203,2022-06-19,8306.624,8066.6777
1204,2022-06-07,8965.045,9209.985
1205,2022-06-08,8956.736,9279.255
1206,2022-06-09,8929.597,9453.287
1207,2022-06-10,8826.021,9094.067
1208,2022-06-11,8457.142,8503.029
1209,2022-06-12,8289.316,8104.853
1210,2022-06-13,9088.006,8403.228
1211,2022-06-14,9130.1,9385.951
1212,2022-06-15,9035.391,9136.84
1213,2022-06-16,8973.353,8745.29
1214,2022-06-17,8742.388,8676.609
1215,2022-06-18,8298.18,8168.883
1216,2022-06-19,8218.417,8066.6777
1217,2022-06-20,8874.209,8721.338
1218,2022-06-08,9139.586,9279.255
1219,2022-06-09,9083.067,9453.287
1220,2022-06-10,8992.19,9094.067
1221,2022-06-11,8528.95,8503.029
1222,2022-06-12,8341.106,8104.853
1223,2022-06-13,9129.059,8403.228
1224,2022-06-14,9172.278,9385.951
1225,2022-06-15,8967.26,9136.84
1226,2022-06-16,8929.577,8745.29
1227,2022-06-17,8835.378,8676.609
1228,2022-06-18,8357.176,8168.883
1229,2022-06-19,8312.292,8066.6777
1230,2022-06-20,8953.406,8721.338
1231,2022-06-21,9068.662,8912.554
1232,2022-06-09,9121.977,9453.287
1233,2022-06-10,9051.028,9094.067
1234,2022-06-11,8662.469,8503.029
1235,2022-06-12,8502.835,8104.853
1236,2022-06-13,9180.18,8403.228
1237,2022-06-14,9258.887,9385.951
1238,2022-06-15,9113.661,9136.84
1239,2022-06-16,9021.649,8745.29
1240,2022-06-17,8802.148,8676.609
1241,2022-06-18,8359.826,8168.883
1242,2022-06-19,8395.853,8066.6777
1243,2022-06-20,8968.44,8721.338
1244,2022-06-21,9137.497,8912.554
1245,2022-06-22,9056.016,8857.309
1246,2022-06-10,9209.634,9094.067
1247,2022-06-11,8638.538,8503.029
1248,2022-06-12,8485.506,8104.853
1249,2022-06-13,9312.211,8403.228
1250,2022-06-14,9346.031,9385.951
1251,2022-06-15,9178.03,9136.84
1252,2022-06-16,9221.278,8745.29
1253,2022-06-17,9000.604,8676.609
1254,2022-06-18,8437.267,8168.883
1255,2022-06-19,8391.802,8066.6777
1256,2022-06-20,9095.97,8721.338
1257,2022-06-21,9191.341,8912.554
1258,2022-06-22,9130.347,8857.309
1259,2022-06-23,9207.415,8953.613
1260,2022-06-11,8461.553,8503.029
1261,2022-06-12,8399.441,8104.853
1262,2022-06-13,9211.824,8403.228
1263,2022-06-14,9251.195,9385.951
1264,2022-06-15,9154.153,9136.84
1265,2022-06-16,9090.94,8745.29
1266,2022-06-17,8913.489,8676.609
1267,2022-06-18,8340.664,8168.883
1268,2022-06-19,8345.652,8066.6777
1269,2022-06-20,8947.871,8721.338
1270,2022-06-21,9079.294,8912.554
1271,2022-06-22,9046.577,8857.309
1272,2022-06-23,9073.748,8953.613
1273,2022-06-24,8926.798,8826.35
1274,2022-06-12,8228.35,8104.853
1275,2022-06-13,8940.992,8403.228
1276,2022-06-14,9122.8955,9385.951
1277,2022-06-15,8988.131,9136.84
1278,2022-06-16,9032.496,8745.29
1279,2022-06-17,8906.607,8676.609
1280,2022-06-18,8353.133,8168.883
1281,2022-06-19,8269.39,8066.6777
1282,2022-06-20,8965.949,8721.338
1283,2022-06-21,9110.693,8912.554
1284,2022-06-22,9087.401,8857.309
1285,2022-06-23,9109.584,8953.613
1286,2022-06-24,8977.594,8826.35
1287,2022-06-25,8479.021,8010.3394
1288,2022-06-13,8747.886,8403.228
1289,2022-06-14,9170.662,9385.951
1290,2022-06-15,9136.816,9136.84
1291,2022-06-16,9087.993,8745.29
1292,2022-06-17,9034.731,8676.609
1293,2022-06-18,8629.155,8168.883
1294,2022-06-19,8320.675,8066.6777
1295,2022-06-20,8800.597,8721.338
1296,2022-06-21,9153.461,8912.554
1297,2022-06-22,9141.258,8857.309
1298,2022-06-23,9217.268,8953.613
1299,2022-06-24,9146.808,8826.35
1300,2022-06-25,8696.289,8010.3394
1301,2022-06-26,8445.511,8010.0845
1302,2022-06-14,8997.669,9385.951
1303,2022-06-15,9010.437,9136.84
1304,2022-06-16,8945.487,8745.29
1305,2022-06-17,8899.971,8676.609
1306,2022-06-18,8576.343,8168.883
1307,2022-06-19,8235.512,8066.6777
1308,2022-06-20,8762.307,8721.338
1309,2022-06-21,9018.764,8912.554
1310,2022-06-22,8998.225,8857.309
1311,2022-06-23,9062.616,8953.613
1312,2022-06-24,8971.579,8826.35
1313,2022-06-25,8543.595,8010.3394
1314,2022-06-26,8337.096,8010.0845
1315,2022-06-27,8795.612,9046.408
1316,2022-06-15,9285.593,9136.84
1317,2022-06-16,9188.966,8745.29
1318,2022-06-17,9117.884,8676.609
1319,2022-06-18,8799.127,8168.883
1320,2022-06-19,8309.332,8066.6777
1321,2022-06-20,8653.079,8721.338
1322,2022-06-21,9121.769,8912.554
1323,2022-06-22,9123.994,8857.309
1324,2022-06-23,9084.565,8953.613
1325,2022-06-24,9081.231,8826.35
1326,2022-06-25,8709.164,8010.3394
1327,2022-06-26,8312.108,8010.0845
1328,2022-06-27,8554.782,9046.408
1329,2022-06-28,8991.826,9393.441
1330,2022-06-16,9084.486,8745.29
1331,2022-06-17,9049.487,8676.609
1332,2022-06-18,8590.595,8168.883
1333,2022-06-19,8268.371,8066.6777
1334,2022-06-20,8804.484,8721.338
1335,2022-06-21,9123.932,8912.554
1336,2022-06-22,9139.487,8857.309
1337,2022-06-23,9093.374,8953.613
1338,2022-06-24,9033.377,8826.35
1339,2022-06-25,8645.041,8010.3394
1340,2022-06-26,8371.706,8010.0845
1341,2022-06-27,8816.709,9046.408
1342,2022-06-28,9103.372,9393.441
1343,2022-06-29,9034.486,9136.397
1344,2022-06-17,8757.776,8676.609
1345,2022-06-18,8474.89,8168.883
1346,2022-06-19,8214.234,8066.6777
1347,2022-06-20,8802.791,8721.338
1348,2022-06-21,9132.361,8912.554
1349,2022-06-22,9133.472,8857.309
1350,2022-06-23,9116.801,8953.613
1351,2022-06-24,9050.661,8826.35
1352,2022-06-25,8596.602,8010.3394
1353,2022-06-26,8312.049,8010.0845
1354,2022-06-27,8851.143,9046.408
1355,2022-06-28,9126.803,9393.441
1356,2022-06-29,9077.342,9136.397
1357,2022-06-30,8995.085,9062.949
1358,2022-06-18,8332.0,8168.883
1359,2022-06-19,8110.178,8066.6777
1360,2022-06-20,8713.381,8721.338
1361,2022-06-21,9036.384,8912.554
1362,2022-06-22,9028.049,8857.309
1363,2022-06-23,8998.583,8953.613
1364,2022-06-24,8943.542,8826.35
1365,2022-06-25,8504.9,8010.3394
1366,2022-06-26,8256.947,8010.0845
1367,2022-06-27,8740.064,9046.408
1368,2022-06-28,9011.925,9393.441
1369,2022-06-29,8963.001,9136.397
1370,2022-06-30,8895.175,9062.949
1371,2022-07-01,8815.119,9646.303
1372,2022-06-19,7938.5044,8066.6777
1373,2022-06-20,8675.65,8721.338
1374,2022-06-21,8890.235,8912.554
1375,2022-06-22,8914.695,8857.309
1376,2022-06-23,8960.281,8953.613
1377,2022-06-24,8903.021,8826.35
1378,2022-06-25,8367.673,8010.3394
1379,2022-06-26,8159.76,8010.0845
1380,2022-06-27,8741.806,9046.408
1381,2022-06-28,8953.609,9393.441
1382,2022-06-29,8966.396,9136.397
1383,2022-06-30,8895.238,9062.949
1384,2022-07-01,8853.545,9646.303
1385,2022-07-02,8359.888,8956.323
1386,2022-06-20,8898.472,8721.338
1387,2022-06-21,9115.264,8912.554
1388,2022-06-22,9099.7,8857.309
1389,2022-06-23,9090.805,8953.613
1390,2022-06-24,9048.002,8826.35
1391,2022-06-25,8538.822,8010.3394
1392,2022-06-26,8295.347,8010.0845
1393,2022-06-27,8915.701,9046.408
1394,2022-06-28,9069.682,9393.441
1395,2022-06-29,9062.457,9136.397
1396,2022-06-30,9034.659,9062.949
1397,2022-07-01,8908.48,9646.303
1398,2022-07-02,8498.243,8956.323
1399,2022-07-03,8296.459,8493.066
1400,2022-06-21,9095.466,8912.554
1401,2022-06-22,9014.862,8857.309
1402,2022-06-23,9002.631,8953.613
1403,2022-06-24,8920.918,8826.35
1404,2022-06-25,8351.131,8010.3394
1405,2022-06-26,8148.2324,8010.0845
1406,2022-06-27,8861.993,9046.408
1407,2022-06-28,9088.237,9393.441
1408,2022-06-29,8972.059,9136.397
1409,2022-06-30,8958.716,9062.949
1410,2022-07-01,8851.43,9646.303
1411,2022-07-02,8297.764,8956.323
1412,2022-07-03,8148.784,8493.066
1413,2022-07-04,8823.637,8891.606
1414,2022-06-22,9012.221,8857.309
1415,2022-06-23,9012.218,8953.613
1416,2022-06-24,8939.405,8826.35
1417,2022-06-25,8415.812,8010.3394
1418,2022-06-26,8256.289,8010.0845
1419,2022-06-27,8956.081,9046.408
1420,2022-06-28,9118.383,9393.441
1421,2022-06-29,9065.025,9136.397
1422,2022-06-30,9057.243,9062.949
1423,2022-07-01,8933.293,9646.303
1424,2022-07-02,8379.685,8956.323
1425,2022-07-03,8205.152,8493.066
1426,2022-07-04,8863.811,8891.606
1427,2022-07-05,9011.108,9102.683
1428,2022-06-23,9009.433,8953.613
1429,2022-06-24,9039.444,8826.35
1430,2022-06-25,8521.445,8010.3394
1431,2022-06-26,8294.681,8010.0845
1432,2022-06-27,8946.628,9046.408
1433,2022-06-28,9123.926,9393.441
1434,2022-06-29,9106.697,9136.397
1435,2022-06-30,9075.017,9062.949
1436,2022-07-01,8992.759,9646.303
1437,2022-07-02,8525.89,8956.323
1438,2022-07-03,8290.233,8493.066
1439,2022-07-04,8918.836,8891.606
1440,2022-07-05,9062.79,9102.683
1441,2022-07-06,9027.217,8849.232
1442,2022-06-24,8882.125,8826.35
1443,2022-06-25,8390.711,8010.3394
1444,2022-06-26,8247.289,8010.0845
1445,2022-06-27,8922.148,9046.408
1446,2022-06-28,9106.706,9393.441
1447,2022-06-29,9056.676,9136.397
1448,2022-06-30,9085.027,9062.949
1449,2022-07-01,8926.595,9646.303
1450,2022-07-02,8413.501,8956.323
1451,2022-07-03,8195.592,8493.066
1452,2022-07-04,8745.93,8891.606
1453,2022-07-05,8928.265,9102.683
1454,2022-07-06,8881.566,8849.232
1455,2022-07-07,8897.133,8458.93
1456,2022-06-25,8266.007,8010.3394
1457,2022-06-26,8102.5244,8010.0845
1458,2022-06-27,8843.769,9046.408
1459,2022-06-28,9013.924,9393.441
1460,2022-06-29,9088.438,9136.397
1461,2022-06-30,9049.514,9062.949
1462,2022-07-01,8890.478,9646.303
1463,2022-07-02,8323.841,8956.323
1464,2022-07-03,8153.128,8493.066
1465,2022-07-04,8820.411,8891.606
1466,2022-07-05,8980.006,9102.683
1467,2022-07-06,8869.903,8849.232
1468,2022-07-07,8862.673,8458.93
1469,2022-07-08,8738.671,8748.988
1470,2022-06-26,7950.3467,8010.0845
1471,2022-06-27,8728.362,9046.408
1472,2022-06-28,8874.07,9393.441
1473,2022-06-29,8854.604,9136.397
1474,2022-06-30,8906.322,9062.949
1475,2022-07-01,8752.277,9646.303
1476,2022-07-02,8190.0376,8956.323
1477,2022-07-03,8097.7207,8493.066
1478,2022-07-04,8809.558,8891.606
1479,2022-07-05,8902.429,9102.683
1480,2022-07-06,8886.301,8849.232
1481,2022-07-07,8875.737,8458.93
1482,2022-07-08,8707.791,8748.988
1483,2022-07-09,8121.076,8400.638
1484,2022-06-27,8883.161,9046.408
1485,2022-06-28,9027.773,9393.441
1486,2022-06-29,9048.907,9136.397
1487,2022-06-30,9088.398,9062.949
1488,2022-07-01,8923.206,9646.303
1489,2022-07-02,8414.831,8956.323
1490,2022-07-03,8225.167,8493.066
1491,2022-07-04,8865.917,8891.606
1492,2022-07-05,9002.188,9102.683
1493,2022-07-06,8991.063,8849.232
1494,2022-07-07,9045.015,8458.93
1495,2022-07-08,8882.047,8748.988
1496,2022-07-09,8291.912,8400.638
1497,2022-07-10,8155.0854,8725.202
1498,2022-06-28,9179.185,9393.441
1499,2022-06-29,9168.051,9136.397
1500,2022-06-30,9125.761,9062.949
1501,2022-07-01,9058.98,9646.303
1502,2022-07-02,8443.512,8956.323
1503,2022-07-03,8264.879,8493.066
1504,2022-07-04,8900.382,8891.606
1505,2022-07-05,9038.394,9102.683
1506,2022-07-06,8996.657,8849.232
1507,2022-07-07,8951.581,8458.93
1508,2022-07-08,8843.065,8748.988
1509,2022-07-09,8304.389,8400.638
1510,2022-07-10,8195.32,8725.202
1511,2022-07-11,8785.193,9059.744
1512,2022-06-29,9338.201,9136.397
1513,2022-06-30,9338.757,9062.949
1514,2022-07-01,9199.021,9646.303
1515,2022-07-02,8563.265,8956.323
1516,2022-07-03,8370.644,8493.066
1517,2022-07-04,9019.762,8891.606
1518,2022-07-05,9134.445,9102.683
1519,2022-07-06,9092.691,8849.232
1520,2022-07-07,9045.37,8458.93
1521,2022-07-08,8982.466,8748.988
1522,2022-07-09,8359.509,8400.638
1523,2022-07-10,8242.602,8725.202
1524,2022-07-11,8899.516,9059.744
1525,2022-07-12,8962.979,9205.352
1526,2022-06-30,9161.901,9062.949
1527,2022-07-01,9029.347,9646.303
1528,2022-07-02,8440.088,8956.323
1529,2022-07-03,8267.432,8493.066
1530,2022-07-04,8938.563,8891.606
1531,2022-07-05,9134.055,9102.683
1532,2022-07-06,9034.358,8849.232
1533,2022-07-07,8962.514,8458.93
1534,2022-07-08,8903.478,8748.988
1535,2022-07-09,8339.836,8400.638
1536,2022-07-10,8171.0786,8725.202
1537,2022-07-11,8747.527,9059.744
1538,2022-07-12,8836.64,9205.352
1539,2022-07-13,8748.642,9299.223
1540,2022-07-01,9059.213,9646.303
1541,2022-07-02,8396.687,8956.323
1542,2022-07-03,8194.417,8493.066
1543,2022-07-04,8907.653,8891.606
1544,2022-07-05,9080.947,9102.683
1545,2022-07-06,9007.394,8849.232
1546,2022-07-07,8954.461,8458.93
1547,2022-07-08,8867.533,8748.988
1548,2022-07-09,8274.655,8400.638
1549,2022-07-10,8096.905,8725.202
1550,2022-07-11,8689.782,9059.744
1551,2022-07-12,8855.83,9205.352
1552,2022-07-13,8802.8955,9299.223
1553,2022-07-14,8710.955,9527.6045
1554,2022-07-02,8646.461,8956.323
1555,2022-07-03,8253.441,8493.066
1556,2022-07-04,8852.729,8891.606
1557,2022-07-05,9060.669,9102.683
1558,2022-07-06,9012.725,8849.232
1559,2022-07-07,8973.145,8458.93
1560,2022-07-08,8832.66,8748.988
1561,2022-07-09,8296.925,8400.638
1562,2022-07-10,8068.92,8725.202
1563,2022-07-11,8689.387,9059.744
1564,2022-07-12,8766.877,9205.352
1565,2022-07-13,8715.59,9299.223
1566,2022-07-14,8686.041,9527.6045
1567,2022-07-15,8565.628,9327.018
1568,2022-07-03,8268.986,8493.066
1569,2022-07-04,8810.398,8891.606
1570,2022-07-05,9107.032,9102.683
1571,2022-07-06,9070.79,8849.232
1572,2022-07-07,9016.148,8458.93
1573,2022-07-08,8897.381,8748.988
1574,2022-07-09,8403.363,8400.638
1575,2022-07-10,8186.463,8725.202
1576,2022-07-11,8726.203,9059.744
1577,2022-07-12,8870.618,9205.352
1578,2022-07-13,8819.878,9299.223
1579,2022-07-14,8764.121,9527.6045
1580,2022-07-15,8640.334,9327.018
1581,2022-07-16,8193.155,9172.482
1582,2022-07-04,8977.338,8891.606
1583,2022-07-05,9227.763,9102.683
1584,2022-07-06,9242.819,8849.232
1585,2022-07-07,9179.24,8458.93
1586,2022-07-08,9067.69,8748.988
1587,2022-07-09,8643.256,8400.638
1588,2022-07-10,8289.092,8725.202
1589,2022-07-11,8910.41,9059.744
1590,2022-07-12,9082.751,9205.352
1591,2022-07-13,8971.204,9299.223
1592,2022-07-14,8956.704,9527.6045
1593,2022-07-15,8972.877,9327.018
1594,2022-07-16,8450.274,9172.482
1595,2022-07-17,8248.935,7977.7544
1596,2022-07-05,9251.869,9102.683
1597,2022-07-06,9213.926,8849.232
1598,2022-07-07,9160.916,8458.93
1599,2022-07-08,9073.863,8748.988
1600,2022-07-09,8566.07,8400.638
1601,2022-07-10,8290.971,8725.202
1602,2022-07-11,8860.702,9059.744
1603,2022-07-12,9016.947,9205.352
1604,2022-07-13,8971.748,9299.223
1605,2022-07-14,8884.696,9527.6045
1606,2022-07-15,8800.996,9327.018
1607,2022-07-16,8353.469,9172.482
1608,2022-07-17,8141.422,7977.7544
1609,2022-07-18,8668.746,8818.223
1610,2022-07-06,9089.355,8849.232
1611,2022-07-07,8963.751,8458.93
1612,2022-07-08,8910.721,8748.988
1613,2022-07-09,8467.471,8400.638
1614,2022-07-10,8211.237,8725.202
1615,2022-07-11,8776.738,9059.744
1616,2022-07-12,8950.911,9205.352
1617,2022-07-13,8919.091,9299.223
1618,2022-07-14,8913.508,9527.6045
1619,2022-07-15,8828.655,9327.018
1620,2022-07-16,8360.289,9172.482
1621,2022-07-17,8140.8975,7977.7544
1622,2022-07-18,8652.251,8818.223
1623,2022-07-19,8762.223,9695.497
1624,2022-07-07,8785.012,8458.93
1625,2022-07-08,8748.153,8748.988
1626,2022-07-09,8389.628,8400.638
1627,2022-07-10,8170.7163,8725.202
1628,2022-07-11,8817.404,9059.744
1629,2022-07-12,9012.862,9205.352
1630,2022-07-13,8897.82,9299.223
1631,2022-07-14,8818.52,9527.6045
1632,2022-07-15,8740.894,9327.018
1633,2022-07-16,8265.091,9172.482
1634,2022-07-17,8102.0215,7977.7544
1635,2022-07-18,8585.084,8818.223
1636,2022-07-19,8697.336,9695.497
1637,2022-07-20,8606.309,9448.216
1638,2022-07-08,8432.77,8748.988
1639,2022-07-09,8062.973,8400.638
1640,2022-07-10,7938.9624,8725.202
1641,2022-07-11,8736.659,9059.744
1642,2022-07-12,8871.837,9205.352
1643,2022-07-13,8792.52,9299.223
1644,2022-07-14,8754.532,9527.6045
1645,2022-07-15,8627.169,9327.018
1646,2022-07-16,8065.764,9172.482
1647,2022-07-17,8017.7256,7977.7544
1648,2022-07-18,8483.045,8818.223
1649,2022-07-19,8537.231,9695.497
1650,2022-07-20,8466.847,9448.216
1651,2022-07-21,8475.227,9500.435
1652,2022-07-09,8187.2393,8400.638
1653,2022-07-10,7921.8193,8725.202
1654,2022-07-11,8630.35,9059.744
1655,2022-07-12,8851.626,9205.352
1656,2022-07-13,8833.746,9299.223
1657,2022-07-14,8743.784,9527.6045
1658,2022-07-15,8695.168,9327.018
1659,2022-07-16,8139.181,9172.482
1660,2022-07-17,7925.73,7977.7544
1661,2022-07-18,8400.69,8818.223
1662,2022-07-19,8500.153,9695.497
1663,2022-07-20,8480.596,9448.216
1664,2022-07-21,8438.129,9500.435
1665,2022-07-22,8392.308,9034.733
1666,2022-07-10,7926.429,8725.202
1667,2022-07-11,8645.082,9059.744
1668,2022-07-12,8874.76,9205.352
1669,2022-07-13,8794.289,9299.223
1670,2022-07-14,8841.231,9527.6045
1671,2022-07-15,8764.672,9327.018
1672,2022-07-16,8260.608,9172.482
1673,2022-07-17,8094.0776,7977.7544
1674,2022-07-18,8591.434,8818.223
1675,2022-07-19,8622.173,9695.497
1676,2022-07-20,8546.729,9448.216
1677,2022-07-21,8482.463,9500.435
1678,2022-07-22,8420.432,9034.733
1679,2022-07-23,7981.194,8455.05
1680,2022-07-11,9190.006,9059.744
1681,2022-07-12,9182.178,9205.352
1682,2022-07-13,9064.22,9299.223
1683,2022-07-14,9032.913,9527.6045
1684,2022-07-15,8832.782,9327.018
1685,2022-07-16,8276.536,9172.482
1686,2022-07-17,8324.615,7977.7544
1687,2022-07-18,8826.63,8818.223
1688,2022-07-19,8795.322,9695.497
1689,2022-07-20,8751.157,9448.216
1690,2022-07-21,8726.5625,9500.435
1691,2022-07-22,8624.816,9034.733
1692,2022-07-23,8204.981,8455.05
1693,2022-07-24,8091.497,7949.44
1694,2022-07-12,9150.816,9205.352
1695,2022-07-13,8953.348,9299.223
1696,2022-07-14,8934.888,9527.6045
1697,2022-07-15,8782.166,9327.018
1698,2022-07-16,8269.747,9172.482
1699,2022-07-17,8230.589,7977.7544
1700,2022-07-18,8724.549,8818.223
1701,2022-07-19,8679.796,9695.497
1702,2022-07-20,8628.33,9448.216
1703,2022-07-21,8609.868,9500.435
1704,2022-07-22,8509.173,9034.733
1705,2022-07-23,8095.215,8455.05
1706,2022-07-24,8042.07,7949.44
1707,2022-07-25,8492.394,8598.646
1708,2022-07-13,9054.423,9299.223
1709,2022-07-14,8996.77,9527.6045
1710,2022-07-15,8658.145,9327.018
1711,2022-07-16,8256.272,9172.482
1712,2022-07-17,8510.38,7977.7544
1713,2022-07-18,8795.833,8818.223
1714,2022-07-19,8744.341,9695.497
1715,2022-07-20,8661.506,9448.216
1716,2022-07-21,8627.921,9500.435
1717,2022-07-22,8433.702,9034.733
1718,2022-07-23,8045.263,8455.05
1719,2022-07-24,8206.46,7949.44
1720,2022-07-25,8570.272,8598.646
1721,2022-07-26,8620.086,8818.786
1722,2022-07-14,9171.994,9527.6045
1723,2022-07-15,8767.687,9327.018
1724,2022-07-16,8433.94,9172.482
1725,2022-07-17,8668.572,7977.7544
1726,2022-07-18,8977.122,8818.223
1727,2022-07-19,8969.843,9695.497
1728,2022-07-20,8853.927,9448.216
1729,2022-07-21,8730.73,9500.435
1730,2022-07-22,8377.38,9034.733
1731,2022-07-23,8077.232,8455.05
1732,2022-07-24,8337.063,7949.44
1733,2022-07-25,8658.491,8598.646
1734,2022-07-26,8707.7705,8818.786
1735,2022-07-27,8633.854,8818.574
1736,2022-07-15,8949.07,9327.018
1737,2022-07-16,8379.809,9172.482
1738,2022-07-17,8654.355,7977.7544
1739,2022-07-18,8876.794,8818.223
1740,2022-07-19,8889.117,9695.497
1741,2022-07-20,8825.804,9448.216
1742,2022-07-21,8745.121,9500.435
1743,2022-07-22,8476.738,9034.733
1744,2022-07-23,8089.5737,8455.05
1745,2022-07-24,8275.592,7949.44
1746,2022-07-25,8616.812,8598.646
1747,2022-07-26,8658.274,8818.786
1748,2022-07-27,8649.871,8818.574
1749,2022-07-28,8612.89,8712.156
1750,2022-07-16,8387.24,9172.482
1751,2022-07-17,8318.851,7977.7544
1752,2022-07-18,8865.406,8818.223
1753,2022-07-19,8851.393,9695.497
1754,2022-07-20,8799.26,9448.216
1755,2022-07-21,8823.363,9500.435
1756,2022-07-22,8673.133,9034.733
1757,2022-07-23,8177.5854,8455.05
1758,2022-07-24,8224.675,7949.44
1759,2022-07-25,8700.597,8598.646
1760,2022-07-26,8755.532,8818.786
1761,2022-07-27,8718.537,8818.574
1762,2022-07-28,8651.269,8712.156
1763,2022-07-29,8396.21,8825.604
1764,2022-07-17,8837.067,7977.7544
1765,2022-07-18,9201.562,8818.223
1766,2022-07-19,9299.138,9695.497
1767,2022-07-20,9166.237,9448.216
1768,2022-07-21,9154.459,9500.435
1769,2022-07-22,8976.136,9034.733
1770,2022-07-23,8521.358,8455.05
1771,2022-07-24,8449.0205,7949.44
1772,2022-07-25,8837.066,8598.646
1773,2022-07-26,8960.4375,8818.786
1774,2022-07-27,8915.574,8818.574
1775,2022-07-28,8883.612,8712.156
1776,2022-07-29,8702.483,8825.604
1777,2022-07-30,8283.597,8604.033
1778,2022-07-18,8366.49,8818.223
1779,2022-07-19,8655.881,9695.497
1780,2022-07-20,8656.439,9448.216
1781,2022-07-21,8610.452,9500.435
1782,2022-07-22,8644.662,9034.733
1783,2022-07-23,8231.328,8455.05
1784,2022-07-24,7966.055,7949.44
1785,2022-07-25,8359.199,8598.646
1786,2022-07-26,8479.218,8818.786
1787,2022-07-27,8482.021,8818.574
1788,2022-07-28,8516.793,8712.156
1789,2022-07-29,8437.717,8825.604
1790,2022-07-30,8075.9785,8604.033
1791,2022-07-31,7904.924,8705.236
1792,2022-07-19,8936.47,9695.497
1793,2022-07-20,8830.438,9448.216
1794,2022-07-21,8824.831,9500.435
1795,2022-07-22,8778.264,9034.733
1796,2022-07-23,8250.344,8455.05
1797,2022-07-24,8025.3765,7949.44
1798,2022-07-25,8557.786,8598.646
1799,2022-07-26,8691.307,8818.786
1800,2022-07-27,8698.598,8818.574
1801,2022-07-28,8680.646,8712.156
1802,2022-07-29,8538.708,8825.604
1803,2022-07-30,8163.3877,8604.033
1804,2022-07-31,8000.694,8705.236
1805,2022-08-01,8411.358,8497.057
1806,2022-07-20,9404.8,9448.216
1807,2022-07-21,9240.915,9500.435
1808,2022-07-22,9217.342,9034.733
1809,2022-07-23,8844.112,8455.05
1810,2022-07-24,8332.254,7949.44
1811,2022-07-25,8590.429,8598.646
1812,2022-07-26,8961.414,8818.786
1813,2022-07-27,8915.391,8818.574
1814,2022-07-28,8871.053,8712.156
1815,2022-07-29,8796.407,8825.604
1816,2022-07-30,8510.731,8604.033
1817,2022-07-31,8200.36,8705.236
1818,2022-08-01,8493.894,8497.057
1819,2022-08-02,8704.924,8590.051
1820,2022-07-21,9289.191,9500.435
1821,2022-07-22,9213.381,9034.733
1822,2022-07-23,8815.268,8455.05
1823,2022-07-24,8381.215,7949.44
1824,2022-07-25,8688.366,8598.646
1825,2022-07-26,8975.302,8818.786
1826,2022-07-27,8950.597,8818.574
1827,2022-07-28,8903.987,8712.156
1828,2022-07-29,8836.046,8825.604
1829,2022-07-30,8493.519,8604.033
1830,2022-07-31,8171.208,8705.236
1831,2022-08-01,8468.251,8497.057
1832,2022-08-02,8695.104,8590.051
1833,2022-08-03,8676.574,8254.787
1834,2022-07-22,9444.055,9034.733
1835,2022-07-23,8959.773,8455.05
1836,2022-07-24,8483.357,7949.44
1837,2022-07-25,8703.023,8598.646
1838,2022-07-26,9056.404,8818.786
1839,2022-07-27,9017.079,8818.574
1840,2022-07-28,8907.526,8712.156
1841,2022-07-29,8851.345,8825.604
1842,2022-07-30,8556.393,8604.033
1843,2022-07-31,8229.415,8705.236
1844,2022-08-01,8496.839,8497.057
1845,2022-08-02,8778.31,8590.051
1846,2022-08-03,8773.251,8254.787
1847,2022-08-04,8649.655,8376.538
1848,2022-07-23,8572.863,8455.05
1849,2022-07-24,8187.328,7949.44
1850,2022-07-25,8466.081,8598.646
1851,2022-07-26,8791.487,8818.786
1852,2022-07-27,8869.042,8818.574
1853,2022-07-28,8838.693,8712.156
1854,2022-07-29,8735.285,8825.604
1855,2022-07-30,8355.365,8604.033
1856,2022-07-31,8049.6367,8705.236
1857,2022-08-01,8346.936,8497.057
1858,2022-08-02,8552.631,8590.051
1859,2022-08-03,8559.935,8254.787
1860,2022-08-04,8504.862,8376.538
1861,2022-08-05,8409.318,7872.884
1862,2022-07-24,7989.197,7949.44
1863,2022-07-25,8425.422,8598.646
1864,2022-07-26,8714.365,8818.786
1865,2022-07-27,8712.115,8818.574
1866,2022-07-28,8682.886,8712.156
1867,2022-07-29,8591.255,8825.604
1868,2022-07-30,8189.3237,8604.033
1869,2022-07-31,7944.2295,8705.236
1870,2022-08-01,8268.585,8497.057
1871,2022-08-02,8432.73,8590.051
1872,2022-08-03,8436.666,8254.787
1873,2022-08-04,8429.356,8376.538
1874,2022-08-05,8358.528,7872.884
1875,2022-08-06,8096.5674,7393.6953
1876,2022-07-25,8451.242,8598.646
1877,2022-07-26,8636.22,8818.786
1878,2022-07-27,8646.343,8818.574
1879,2022-07-28,8577.749,8712.156
1880,2022-07-29,8490.599,8825.604
1881,2022-07-30,8133.567,8604.033
1882,2022-07-31,7868.1816,8705.236
1883,2022-08-01,8250.517,8497.057
1884,2022-08-02,8418.066,8590.051
1885,2022-08-03,8403.449,8254.787
1886,2022-08-04,8343.285,8376.538
1887,2022-08-05,8221.278,7872.884
1888,2022-08-06,7941.274,7393.6953
1889,2022-08-07,7743.925,7715.2817
1890,2022-07-26,8888.142,8818.786
1891,2022-07-27,8809.959,8818.574
1892,2022-07-28,8794.773,8712.156
1893,2022-07-29,8682.84,8825.604
1894,2022-07-30,8272.801,8604.033
1895,2022-07-31,8034.3164,8705.236
1896,2022-08-01,8484.854,8497.057
1897,2022-08-02,8608.034,8590.051
1898,2022-08-03,8517.476,8254.787
1899,2022-08-04,8416.793,8376.538
1900,2022-08-05,8377.421,7872.884
1901,2022-08-06,7982.009,7393.6953
1902,2022-08-07,7822.263,7715.2817
1903,2022-08-08,8100.1226,8525.141
1904,2022-07-27,8822.444,8818.574
1905,2022-07-28,8734.131,8712.156
1906,2022-07-29,8619.38,8825.604
1907,2022-07-30,8177.2495,8604.033
1908,2022-07-31,8097.935,8705.236
1909,2022-08-01,8549.629,8497.057
1910,2022-08-02,8640.192,8590.051
1911,2022-08-03,8574.941,8254.787
1912,2022-08-04,8512.503,8376.538
1913,2022-08-05,8384.813,7872.884
1914,2022-08-06,7978.681,7393.6953
1915,2022-08-07,7940.4336,7715.2817
1916,2022-08-08,8308.313,8525.141
1917,2022-08-09,8400.002,8990.158
1918,2022-07-28,8813.596,8712.156
1919,2022-07-29,8694.867,8825.604
1920,2022-07-30,8261.0205,8604.033
1921,2022-07-31,8070.2686,8705.236
1922,2022-08-01,8510.863,8497.057
1923,2022-08-02,8567.696,8590.051
1924,2022-08-03,8542.373,8254.787
1925,2022-08-04,8507.486,8376.538
1926,2022-08-05,8321.795,7872.884
1927,2022-08-06,7934.0957,7393.6953
1928,2022-08-07,7836.1875,7715.2817
1929,2022-08-08,8241.329,8525.141
1930,2022-08-09,8356.68,8990.158
1931,2022-08-10,8388.758,8725.315
1932,2022-07-29,8551.655,8825.604
1933,2022-07-30,8087.8223,8604.033
1934,2022-07-31,7940.9023,8705.236
1935,2022-08-01,8475.661,8497.057
1936,2022-08-02,8565.728,8590.051
1937,2022-08-03,8486.36,8254.787
1938,2022-08-04,8460.466,8376.538
1939,2022-08-05,8318.052,7872.884
1940,2022-08-06,7909.9443,7393.6953
1941,2022-08-07,7763.59,7715.2817
1942,2022-08-08,8085.5693,8525.141
1943,2022-08-09,8340.566,8990.158
1944,2022-08-10,8385.6,8725.315
1945,2022-08-11,8313.546,9119.303
1946,2022-07-30,8191.8223,8604.033
1947,2022-07-31,8000.359,8705.236
1948,2022-08-01,8413.695,8497.057
1949,2022-08-02,8488.028,8590.051
1950,2022-08-03,8454.803,8254.787
1951,2022-08-04,8407.501,8376.538
1952,2022-08-05,8284.738,7872.884
1953,2022-08-06,7834.8,7393.6953
1954,2022-08-07,7692.891,7715.2817
1955,2022-08-08,8078.6343,8525.141
1956,2022-08-09,8195.765,8990.158
1957,2022-08-10,8233.494,8725.315
1958,2022-08-11,8203.648,9119.303
1959,2022-08-12,8075.256,8923.572
1960,2022-07-31,8153.116,8705.236
1961,2022-08-01,8532.24,8497.057
1962,2022-08-02,8605.469,8590.051
1963,2022-08-03,8564.91,8254.787
1964,2022-08-04,8477.598,8376.538
1965,2022-08-05,8401.544,7872.884
1966,2022-08-06,8015.6646,7393.6953
1967,2022-08-07,7842.1533,7715.2817
1968,2022-08-08,8260.71,8525.141
1969,2022-08-09,8442.105,8990.158
1970,2022-08-10,8492.245,8725.315
1971,2022-08-11,8447.175,9119.303
1972,2022-08-12,8345.775,8923.572
1973,2022-08-13,7990.3125,7991.278
1974,2022-08-01,8999.489,8497.057
1975,2022-08-02,9002.31,8590.051
1976,2022-08-03,8877.746,8254.787
1977,2022-08-04,8820.82,8376.538
1978,2022-08-05,8672.02,7872.884
1979,2022-08-06,8193.5,7393.6953
1980,2022-08-07,8095.427,7715.2817
1981,2022-08-08,8567.186,8525.141
1982,2022-08-09,8652.858,8990.158
1983,2022-08-10,8629.188,8725.315
1984,2022-08-11,8523.787,9119.303
1985,2022-08-12,8303.407,8923.572
1986,2022-08-13,7872.7944,7991.278
1987,2022-08-14,7816.996,7787.1743
1988,2022-08-02,8692.695,8590.051
1989,2022-08-03,8607.544,8254.787
1990,2022-08-04,8550.586,8376.538
1991,2022-08-05,8472.204,7872.884
1992,2022-08-06,8182.919,7393.6953
1993,2022-08-07,7998.5176,7715.2817
1994,2022-08-08,8292.318,8525.141
1995,2022-08-09,8531.412,8990.158
1996,2022-08-10,8546.075,8725.315
1997,2022-08-11,8504.912,9119.303
1998,2022-08-12,8364.499,8923.572
1999,2022-08-13,8017.1265,7991.278
2000,2022-08-14,7849.083,7787.1743
2001,2022-08-15,8189.123,8536.923
2002,2022-08-03,8513.609,8254.787
2003,2022-08-04,8441.977,8376.538
2004,2022-08-05,8290.815,7872.884
2005,2022-08-06,8057.301,7393.6953
2006,2022-08-07,7936.035,7715.2817
2007,2022-08-08,8168.416,8525.141
2008,2022-08-09,8352.859,8990.158
2009,2022-08-10,8417.157,8725.315
2010,2022-08-11,8392.907,9119.303
2011,2022-08-12,8235.54,8923.572
2012,2022-08-13,7903.8833,7991.278
2013,2022-08-14,7901.064,7787.1743
2014,2022-08-15,8186.4673,8536.923
2015,2022-08-16,8410.392,8491.679
2016,2022-08-04,8077.149,8376.538
2017,2022-08-05,8025.2495,7872.884
2018,2022-08-06,7874.0625,7393.6953
2019,2022-08-07,7841.3423,7715.2817
2020,2022-08-08,8115.5073,8525.141
2021,2022-08-09,8205.7705,8990.158
2022,2022-08-10,8221.566,8725.315
2023,2022-08-11,8158.3813,9119.303
2024,2022-08-12,8014.5283,8923.572
2025,2022-08-13,7756.158,7991.278
2026,2022-08-14,7720.0566,7787.1743
2027,2022-08-15,8019.0425,8536.923
2028,2022-08-16,8224.949,8491.679
2029,2022-08-17,8245.821,8346.37
2030,2022-08-05,8259.265,7872.884
2031,2022-08-06,7950.632,7393.6953
2032,2022-08-07,7831.0093,7715.2817
2033,2022-08-08,8190.9917,8525.141
2034,2022-08-09,8244.03,8990.158
2035,2022-08-10,8255.315,8725.315
2036,2022-08-11,8194.381,9119.303
2037,2022-08-12,7993.5117,8923.572
2038,2022-08-13,7628.4507,7991.278
2039,2022-08-14,7666.8174,7787.1743
2040,2022-08-15,8046.5474,8536.923
2041,2022-08-16,8177.4507,8491.679
2042,2022-08-17,8206.229,8346.37
2043,2022-08-18,8141.337,8484.78
2044,2022-08-06,7600.281,7393.6953
2045,2022-08-07,7728.3623,7715.2817
2046,2022-08-08,8011.0464,8525.141
2047,2022-08-09,8099.064,8990.158
2048,2022-08-10,8127.841,8725.315
2049,2022-08-11,8009.353,9119.303
2050,2022-08-12,7735.131,8923.572
2051,2022-08-13,7492.51,7991.278
2052,2022-08-14,7641.4683,7787.1743
2053,2022-08-15,8078.187,8536.923
2054,2022-08-16,8213.606,8491.679
2055,2022-08-17,8168.465,8346.37
2056,2022-08-18,8109.7856,8484.78
2057,2022-08-19,7843.465,8391.911
2058,2022-08-07,7563.3037,7715.2817
2059,2022-08-08,7953.7124,8525.141
2060,2022-08-09,8069.9336,8990.158
2061,2022-08-10,8095.8823,8725.315
2062,2022-08-11,8034.953,9119.303
2063,2022-08-12,7808.719,8923.572
2064,2022-08-13,7456.1113,7991.278
2065,2022-08-14,7469.0874,7787.1743
2066,2022-08-15,7923.811,8536.923
2067,2022-08-16,7983.615,8491.679
2068,2022-08-17,8010.132,8346.37
2069,2022-08-18,8018.0283,8484.78
2070,2022-08-19,7822.8223,8391.911
2071,2022-08-20,7526.0693,7967.269
2072,2022-08-08,7987.74,8525.141
2073,2022-08-09,8062.2144,8990.158
2074,2022-08-10,8091.5527,8725.315
2075,2022-08-11,7924.555,9119.303
2076,2022-08-12,7646.408,8923.572
2077,2022-08-13,7303.385,7991.278
2078,2022-08-14,7444.429,7787.1743
2079,2022-08-15,7997.333,8536.923
2080,2022-08-16,8086.473,8491.679
2081,2022-08-17,8060.522,8346.37
2082,2022-08-18,7957.841,8484.78
2083,2022-08-19,7676.8755,8391.911
2084,2022-08-20,7382.9355,7967.269
2085,2022-08-21,7475.4614,7383.975
2086,2022-08-09,8531.888,8990.158
2087,2022-08-10,8408.286,8725.315
2088,2022-08-11,8349.023,9119.303
2089,2022-08-12,8104.0737,8923.572
2090,2022-08-13,7614.7456,7991.278
2091,2022-08-14,7611.36,7787.1743
2092,2022-08-15,8188.73,8536.923
2093,2022-08-16,8291.451,8491.679
2094,2022-08-17,8200.584,8346.37
2095,2022-08-18,8161.6406,8484.78
2096,2022-08-19,7940.966,8391.911
2097,2022-08-20,7543.6323,7967.269
2098,2022-08-21,7571.2905,7383.975
2099,2022-08-22,7892.991,7891.0156
2100,2022-08-10,8842.4,8725.315
2101,2022-08-11,8745.277,9119.303
2102,2022-08-12,8503.59,8923.572
2103,2022-08-13,7979.5645,7991.278
2104,2022-08-14,7854.2046,7787.1743
2105,2022-08-15,8422.277,8536.923
2106,2022-08-16,8433.57,8491.679
2107,2022-08-17,8388.395,8346.37
2108,2022-08-18,8339.833,8484.78
2109,2022-08-19,8145.015,8391.911
2110,2022-08-20,7818.064,7967.269
2111,2022-08-21,7787.009,7383.975
2112,2022-08-22,8100.405,7891.0156
2113,2022-08-23,8132.5933,8828.9795
2114,2022-08-11,8582.29,9119.303
2115,2022-08-12,8339.957,8923.572
2116,2022-08-13,7798.7983,7991.278
2117,2022-08-14,7644.584,7787.1743
2118,2022-08-15,8296.462,8536.923
2119,2022-08-16,8355.208,8491.679
2120,2022-08-17,8316.796,8346.37
2121,2022-08-18,8277.254,8484.78
2122,2022-08-19,8129.821,8391.911
2123,2022-08-20,7723.6675,7967.269
2124,2022-08-21,7641.1924,7383.975
2125,2022-08-22,8015.147,7891.0156
2126,2022-08-23,7999.895,8828.9795
2127,2022-08-24,7910.078,8636.171
2128,2022-08-12,8772.467,8923.572
2129,2022-08-13,8127.656,7991.278
2130,2022-08-14,7893.6924,7787.1743
2131,2022-08-15,8420.391,8536.923
2132,2022-08-16,8502.9,8491.679
2133,2022-08-17,8494.987,8346.37
2134,2022-08-18,8472.383,8484.78
2135,2022-08-19,8266.11,8391.911
2136,2022-08-20,7761.4546,7967.269
2137,2022-08-21,7643.3423,7383.975
2138,2022-08-22,8049.667,7891.0156
2139,2022-08-23,8167.2144,8828.9795
2140,2022-08-24,8114.6567,8636.171
2141,2022-08-25,8046.277,8728.577
2142,2022-08-13,8100.2183,7991.278
2143,2022-08-14,7885.404,7787.1743
2144,2022-08-15,8432.053,8536.923
2145,2022-08-16,8589.204,8491.679
2146,2022-08-17,8493.667,8346.37
2147,2022-08-18,8428.66,8484.78
2148,2022-08-19,8302.6,8391.911
2149,2022-08-20,7808.5225,7967.269
2150,2022-08-21,7706.203,7383.975
2151,2022-08-22,8066.2983,7891.0156
2152,2022-08-23,8109.2637,8828.9795
2153,2022-08-24,8035.7725,8636.171
2154,2022-08-25,7975.8506,8728.577
2155,2022-08-26,7846.3965,8447.086
2156,2022-08-14,7821.412,7787.1743
2157,2022-08-15,8435.974,8536.923
2158,2022-08-16,8502.122,8491.679
2159,2022-08-17,8378.309,8346.37
2160,2022-08-18,8387.916,8484.78
2161,2022-08-19,8220.564,8391.911
2162,2022-08-20,7734.9077,7967.269
2163,2022-08-21,7673.2817,7383.975
2164,2022-08-22,8055.477,7891.0156
2165,2022-08-23,8071.872,8828.9795
2166,2022-08-24,7995.5474,8636.171
2167,2022-08-25,7956.537,8728.577
2168,2022-08-26,7810.669,8447.086
2169,2022-08-27,7503.1055,7784.3394
2170,2022-08-15,8410.598,8536.923
2171,2022-08-16,8503.898,8491.679
2172,2022-08-17,8455.27,8346.37
2173,2022-08-18,8395.332,8484.78
2174,2022-08-19,8183.2856,8391.911
2175,2022-08-20,7796.514,7967.269
2176,2022-08-21,7697.5576,7383.975
2177,2022-08-22,8075.8496,7891.0156
2178,2022-08-23,8126.74,8828.9795
2179,2022-08-24,8089.9863,8636.171
2180,2022-08-25,8005.1675,8728.577
2181,2022-08-26,7872.2837,8447.086
2182,2022-08-27,7521.7026,7784.3394
2183,2022-08-28,7424.4434,7217.2817
2184,2022-08-16,8678.889,8491.679
2185,2022-08-17,8578.767,8346.37
2186,2022-08-18,8481.475,8484.78
2187,2022-08-19,8346.284,8391.911
2188,2022-08-20,7867.735,7967.269
2189,2022-08-21,7687.29,7383.975
2190,2022-08-22,8122.848,7891.0156
2191,2022-08-23,8196.948,8828.9795
2192,2022-08-24,8073.635,8636.171
2193,2022-08-25,8015.937,8728.577
2194,2022-08-26,7893.189,8447.086
2195,2022-08-27,7565.108,7784.3394
2196,2022-08-28,7419.1694,7217.2817
2197,2022-08-29,7630.1577,8061.721
2198,2022-08-17,8390.936,8346.37
2199,2022-08-18,8336.055,8484.78
2200,2022-08-19,8216.112,8391.911
2201,2022-08-20,7791.783,7967.269
2202,2022-08-21,7666.7476,7383.975
2203,2022-08-22,8098.9985,7891.0156
2204,2022-08-23,8131.814,8828.9795
2205,2022-08-24,8077.4976,8636.171
2206,2022-08-25,7989.8037,8728.577
2207,2022-08-26,7802.533,8447.086
2208,2022-08-27,7415.5474,7784.3394
2209,2022-08-28,7357.2725,7217.2817
2210,2022-08-29,7649.7754,8061.721
2211,2022-08-30,7769.156,7652.9287
2212,2022-08-18,8273.756,8484.78
2213,2022-08-19,8171.3354,8391.911
2214,2022-08-20,7805.8013,7967.269
2215,2022-08-21,7613.415,7383.975
2216,2022-08-22,7956.314,7891.0156
2217,2022-08-23,8101.172,8828.9795
2218,2022-08-24,8055.338,8636.171
2219,2022-08-25,8024.781,8728.577
2220,2022-08-26,7869.175,8447.086
2221,2022-08-27,7486.666,7784.3394
2222,2022-08-28,7286.9243,7217.2817
2223,2022-08-29,7626.993,8061.721
2224,2022-08-30,7783.7305,7652.9287
2225,2022-08-31,7760.5337,7752.355
2226,2022-08-19,8325.119,8391.911
2227,2022-08-20,7841.736,7967.269
2228,2022-08-21,7688.9062,7383.975
2229,2022-08-22,8020.5996,7891.0156
2230,2022-08-23,8169.463,8828.9795
2231,2022-08-24,8115.1235,8636.171
2232,2022-08-25,8027.3906,8728.577
2233,2022-08-26,7877.9614,8447.086
2234,2022-08-27,7513.4395,7784.3394
2235,2022-08-28,7301.746,7217.2817
2236,2022-08-29,7607.965,8061.721
2237,2022-08-30,7829.8467,7652.9287
2238,2022-08-31,7853.62,7752.355
2239,2022-09-01,7827.0176,7634.7993
2240,2022-08-20,7777.2295,7967.269
2241,2022-08-21,7619.826,7383.975
2242,2022-08-22,7889.9033,7891.0156
2243,2022-08-23,8023.5195,8828.9795
2244,2022-08-24,8018.9917,8636.171
2245,2022-08-25,7968.0337,8728.577
2246,2022-08-26,7803.84,8447.086
2247,2022-08-27,7406.372,7784.3394
2248,2022-08-28,7207.072,7217.2817
2249,2022-08-29,7480.543,8061.721
2250,2022-08-30,7686.6367,7652.9287
2251,2022-08-31,7727.9673,7752.355
2252,2022-09-01,7702.49,7634.7993
2253,2022-09-02,7612.4663,8279.651
2254,2022-08-21,7725.865,7383.975
2255,2022-08-22,7932.01,7891.0156
2256,2022-08-23,8013.562,8828.9795
2257,2022-08-24,8043.011,8636.171
2258,2022-08-25,8043.0117,8728.577
2259,2022-08-26,7888.406,8447.086
2260,2022-08-27,7484.0454,7784.3394
2261,2022-08-28,7243.9224,7217.2817
2262,2022-08-29,7448.931,8061.721
2263,2022-08-30,7639.2183,7652.9287
2264,2022-08-31,7727.564,7752.355
2265,2022-09-01,7716.2407,7634.7993
2266,2022-09-02,7613.1675,8279.651
2267,2022-09-03,7356.0537,8379.043
2268,2022-08-22,7826.5107,7891.0156
2269,2022-08-23,7961.89,8828.9795
2270,2022-08-24,7985.6816,8636.171
2271,2022-08-25,7901.8477,8728.577
2272,2022-08-26,7774.3975,8447.086
2273,2022-08-27,7425.4688,7784.3394
2274,2022-08-28,7205.6914,7217.2817
2275,2022-08-29,7474.7524,8061.721
2276,2022-08-30,7653.1816,7652.9287
2277,2022-08-31,7706.4263,7752.355
2278,2022-09-01,7739.28,7634.7993
2279,2022-09-02,7616.928,8279.651
2280,2022-09-03,7256.107,8379.043
2281,2022-09-04,7017.0674,7667.3374
2282,2022-08-23,8102.534,8828.9795
2283,2022-08-24,8066.2695,8636.171
2284,2022-08-25,8066.2695,8728.577
2285,2022-08-26,7928.005,8447.086
2286,2022-08-27,7527.3843,7784.3394
2287,2022-08-28,7289.959,7217.2817
2288,2022-08-29,7618.6143,8061.721
2289,2022-08-30,7786.344,7652.9287
2290,2022-08-31,7837.911,7752.355
2291,2022-09-01,7792.0093,7634.7993
2292,2022-09-02,7678.6787,8279.651
2293,2022-09-03,7321.125,8379.043
2294,2022-09-04,7085.3965,7667.3374
2295,2022-09-05,7432.187,8134.8735
2296,2022-08-24,8642.236,8636.171
2297,2022-08-25,8446.09,8728.577
2298,2022-08-26,8327.043,8447.086
2299,2022-08-27,7950.625,7784.3394
2300,2022-08-28,7610.4917,7217.2817
2301,2022-08-29,7884.8657,8061.721
2302,2022-08-30,8132.5977,7652.9287
2303,2022-08-31,8161.5093,7752.355
2304,2022-09-01,8082.1436,7634.7993
2305,2022-09-02,7929.65,8279.651
2306,2022-09-03,7566.8413,8379.043
2307,2022-09-04,7304.3735,7667.3374
2308,2022-09-05,7544.732,8134.8735
2309,2022-09-06,7889.4014,8280.897
2310,2022-08-25,8350.645,8728.577
2311,2022-08-26,8206.602,8447.086
2312,2022-08-27,7806.7905,7784.3394
2313,2022-08-28,7557.263,7217.2817
2314,2022-08-29,7853.861,8061.721
2315,2022-08-30,7989.399,7652.9287
2316,2022-08-31,8030.2314,7752.355
2317,2022-09-01,7974.652,7634.7993
2318,2022-09-02,7820.4023,8279.651
2319,2022-09-03,7451.7827,8379.043
2320,2022-09-04,7258.966,7667.3374
2321,2022-09-05,7625.3164,8134.8735
2322,2022-09-06,7911.705,8280.897
2323,2022-09-07,7941.7617,7890.939
2324,2022-08-26,8505.549,8447.086
2325,2022-08-27,7957.498,7784.3394
2326,2022-08-28,7634.6816,7217.2817
2327,2022-08-29,8007.9927,8061.721
2328,2022-08-30,8199.185,7652.9287
2329,2022-08-31,8209.963,7752.355
2330,2022-09-01,8162.8745,7634.7993
2331,2022-09-02,8047.138,8279.651
2332,2022-09-03,7622.203,8379.043
2333,2022-09-04,7417.3936,7667.3374
2334,2022-09-05,7736.8037,8134.8735
2335,2022-09-06,7968.845,8280.897
2336,2022-09-07,8039.194,7890.939
2337,2022-09-08,7979.0566,7814.8
2338,2022-08-27,7875.891,7784.3394
2339,2022-08-28,7542.768,7217.2817
2340,2022-08-29,7748.2046,8061.721
2341,2022-08-30,7938.885,7652.9287
2342,2022-08-31,7996.2046,7752.355
2343,2022-09-01,7970.0977,7634.7993
2344,2022-09-02,7896.3223,8279.651
2345,2022-09-03,7543.335,8379.043
2346,2022-09-04,7268.661,7667.3374
2347,2022-09-05,7490.5566,8134.8735
2348,2022-09-06,7832.194,8280.897
2349,2022-09-07,7848.652,7890.939
2350,2022-09-08,7815.7363,7814.8
2351,2022-09-09,7692.0205,7926.9946
2352,2022-08-28,7497.531,7217.2817
2353,2022-08-29,7929.5425,8061.721
2354,2022-08-30,8089.0674,7652.9287
2355,2022-08-31,8076.009,7752.355
2356,2022-09-01,8028.32,7634.7993
2357,2022-09-02,7857.445,8279.651
2358,2022-09-03,7416.916,8379.043
2359,2022-09-04,7198.353,7667.3374
2360,2022-09-05,7687.1387,8134.8735
2361,2022-09-06,7868.8027,8280.897
2362,2022-09-07,7897.754,7890.939
2363,2022-09-08,7864.828,7814.8
2364,2022-09-09,7697.359,7926.9946
2365,2022-09-10,7278.398,7018.8877
2366,2022-08-29,7733.241,8061.721
2367,2022-08-30,7947.297,7652.9287
2368,2022-08-31,8006.3496,7752.355
2369,2022-09-01,8002.3726,7634.7993
2370,2022-09-02,7948.435,8279.651
2371,2022-09-03,7464.6807,8379.043
2372,2022-09-04,7181.9243,7667.3374
2373,2022-09-05,7586.756,8134.8735
2374,2022-09-06,7867.2417,8280.897
2375,2022-09-07,7913.2305,7890.939
2376,2022-09-08,7914.3667,7814.8
2377,2022-09-09,7741.1934,7926.9946
2378,2022-09-10,7376.6733,7018.8877
2379,2022-09-11,7080.292,6563.766
2380,2022-08-30,8245.173,7652.9287
2381,2022-08-31,8209.388,7752.355
2382,2022-09-01,8140.6587,7634.7993
2383,2022-09-02,7969.12,8279.651
2384,2022-09-03,7463.027,8379.043
2385,2022-09-04,7305.6904,7667.3374
2386,2022-09-05,7785.654,8134.8735
2387,2022-09-06,8023.6475,8280.897
2388,2022-09-07,8058.8657,7890.939
2389,2022-09-08,8011.7217,7814.8
2390,2022-09-09,7769.183,7926.9946
2391,2022-09-10,7356.243,7018.8877
2392,2022-09-11,7156.305,6563.766
2393,2022-09-12,7578.335,7508.4883
2394,2022-08-31,7739.062,7752.355
2395,2022-09-01,7829.9624,7634.7993
2396,2022-09-02,7698.725,8279.651
2397,2022-09-03,7274.335,8379.043
2398,2022-09-04,7068.6733,7667.3374
2399,2022-09-05,7587.3726,8134.8735
2400,2022-09-06,7769.1733,8280.897
2401,2022-09-07,7708.384,7890.939
2402,2022-09-08,7712.9287,7814.8
2403,2022-09-09,7529.4233,7926.9946
2404,2022-09-10,7132.3037,7018.8877
2405,2022-09-11,6882.3267,6563.766
2406,2022-09-12,7331.1475,7508.4883
2407,2022-09-13,7529.9917,7835.62
2408,2022-09-01,7759.338,7634.7993
2409,2022-09-02,7685.4785,8279.651
2410,2022-09-03,7264.4756,8379.043
2411,2022-09-04,7041.7563,7667.3374
2412,2022-09-05,7471.2837,8134.8735
2413,2022-09-06,7693.433,8280.897
2414,2022-09-07,7671.274,7890.939
2415,2022-09-08,7702.5225,7814.8
2416,2022-09-09,7564.4614,7926.9946
2417,2022-09-10,7157.658,7018.8877
2418,2022-09-11,6904.26,6563.766
2419,2022-09-12,7238.905,7508.4883
2420,2022-09-13,7505.3735,7835.62
2421,2022-09-14,7524.1235,7709.933
2422,2022-09-02,7550.9424,8279.651
2423,2022-09-03,7199.2476,8379.043
2424,2022-09-04,6944.7056,7667.3374
2425,2022-09-05,7414.014,8134.8735
2426,2022-09-06,7625.942,8280.897
2427,2022-09-07,7667.9844,7890.939
2428,2022-09-08,7653.212,7814.8
2429,2022-09-09,7551.51,7926.9946
2430,2022-09-10,7129.93,7018.8877
2431,2022-09-11,6895.848,6563.766
2432,2022-09-12,7211.7456,7508.4883
2433,2022-09-13,7499.8076,7835.62
2434,2022-09-14,7521.397,7709.933
2435,2022-09-15,7532.7607,8500.872
2436,2022-09-03,7630.2876,8379.043
2437,2022-09-04,7280.2256,7667.3374
2438,2022-09-05,7609.828,8134.8735
2439,2022-09-06,7839.983,8280.897
2440,2022-09-07,7870.1006,7890.939
2441,2022-09-08,7870.102,7814.8
2442,2022-09-09,7753.605,7926.9946
2443,2022-09-10,7338.7583,7018.8877
2444,2022-09-11,7022.7964,6563.766
2445,2022-09-12,7330.236,7508.4883
2446,2022-09-13,7603.578,7835.62
2447,2022-09-14,7692.2305,7709.933
2448,2022-09-15,7691.0923,8500.872
2449,2022-09-16,7624.0356,7284.9546
2450,2022-09-04,7531.6826,7667.3374
2451,2022-09-05,7395.8276,8134.8735
2452,2022-09-06,7814.759,8280.897
2453,2022-09-07,7882.9688,7890.939
2454,2022-09-08,7941.517,7814.8
2455,2022-09-09,7884.674,7926.9946
2456,2022-09-10,7652.1855,7018.8877
2457,2022-09-11,7223.5933,6563.766
2458,2022-09-12,7112.1787,7508.4883
2459,2022-09-13,7534.5225,7835.62
2460,2022-09-14,7655.598,7709.933
2461,2022-09-15,7634.5654,8500.872
2462,2022-09-16,7630.587,7284.9546
2463,2022-09-17,7511.217,6825.0737
2464,2022-09-05,7570.6265,8134.8735
2465,2022-09-06,8053.3525,8280.897
2466,2022-09-07,8047.0957,7890.939
2467,2022-09-08,7983.4126,7814.8
2468,2022-09-09,7987.965,7926.9946
2469,2022-09-10,7697.9883,7018.8877
2470,2022-09-11,7230.6177,6563.766
2471,2022-09-12,7223.7944,7508.4883
2472,2022-09-13,7713.9106,7835.62
2473,2022-09-14,7717.888,7709.933
2474,2022-09-15,7752.0044,8500.872
2475,2022-09-16,7720.7314,7284.9546
2476,2022-09-17,7508.081,6825.0737
2477,2022-09-18,7177.7383,6483.0327
2478,2022-09-06,8322.021,8280.897
2479,2022-09-07,8253.191,7890.939
2480,2022-09-08,8191.757,7814.8
2481,2022-09-09,8110.415,7926.9946
2482,2022-09-10,7765.1357,7018.8877
2483,2022-09-11,7299.26,6563.766
2484,2022-09-12,7430.661,7508.4883
2485,2022-09-13,7831.1187,7835.62
2486,2022-09-14,7878.3296,7709.933
2487,2022-09-15,7892.5527,8500.872
2488,2022-09-16,7847.6143,7284.9546
2489,2022-09-17,7596.7583,6825.0737
2490,2022-09-18,7152.502,6483.0327
2491,2022-09-19,7200.283,7153.678
2492,2022-09-07,8219.121,7890.939
2493,2022-09-08,8155.963,7814.8
2494,2022-09-09,8042.732,7926.9946
2495,2022-09-10,7644.4375,7018.8877
2496,2022-09-11,7247.8477,6563.766
2497,2022-09-12,7410.578,7508.4883
2498,2022-09-13,7752.5425,7835.62
2499,2022-09-14,7812.288,7709.933
2500,2022-09-15,7791.2373,8500.872
2501,2022-09-16,7730.3564,7284.9546
2502,2022-09-17,7458.945,6825.0737
2503,2022-09-18,7116.9795,6483.0327
2504,2022-09-19,7261.504,7153.678
2505,2022-09-20,7556.811,7255.4766
2506,2022-09-08,7905.179,7814.8
2507,2022-09-09,7902.333,7926.9946
2508,2022-09-10,7671.2886,7018.8877
2509,2022-09-11,7301.379,6563.766
2510,2022-09-12,7454.464,7508.4883
2511,2022-09-13,7793.64,7835.62
2512,2022-09-14,7839.1675,7709.933
2513,2022-09-15,7864.7754,8500.872
2514,2022-09-16,7792.502,7284.9546
2515,2022-09-17,7536.412,6825.0737
2516,2022-09-18,7162.524,6483.0327
2517,2022-09-19,7231.384,7153.678
2518,2022-09-20,7557.4673,7255.4766
2519,2022-09-21,7616.0854,7716.953
2520,2022-09-09,7822.1914,7926.9946
2521,2022-09-10,7695.264,7018.8877
2522,2022-09-11,7273.506,6563.766
2523,2022-09-12,7234.8013,7508.4883
2524,2022-09-13,7645.7456,7835.62
2525,2022-09-14,7715.185,7709.933
2526,2022-09-15,7720.3086,8500.872
2527,2022-09-16,7669.652,7284.9546
2528,2022-09-17,7501.746,6825.0737
2529,2022-09-18,7109.58,6483.0327
2530,2022-09-19,7042.99,7153.678
2531,2022-09-20,7362.2983,7255.4766
2532,2022-09-21,7485.241,7716.953
2533,2022-09-22,7485.2393,7323.848
2534,2022-09-10,7581.735,7018.8877
2535,2022-09-11,7233.9004,6563.766
2536,2022-09-12,7340.3574,7508.4883
2537,2022-09-13,7685.913,7835.62
2538,2022-09-14,7722.3486,7709.933
2539,2022-09-15,7756.5063,8500.872
2540,2022-09-16,7751.382,7284.9546
2541,2022-09-17,7511.1426,6825.0737
2542,2022-09-18,7112.074,6483.0327
2543,2022-09-19,7162.1724,7153.678
2544,2022-09-20,7479.2637,7255.4766
2545,2022-09-21,7590.274,7716.953
2546,2022-09-22,7566.9336,7323.848
2547,2022-09-23,7521.39,7433.337
2548,2022-09-11,6811.581,6563.766
2549,2022-09-12,7313.6577,7508.4883
2550,2022-09-13,7494.6733,7835.62
2551,2022-09-14,7540.216,7709.933
2552,2022-09-15,7553.878,8500.872
2553,2022-09-16,7421.811,7284.9546
2554,2022-09-17,7015.9395,6825.0737
2555,2022-09-18,6846.3066,6483.0327
2556,2022-09-19,7219.73,7153.678
2557,2022-09-20,7407.5806,7255.4766
2558,2022-09-21,7465.075,7716.953
2559,2022-09-22,7465.076,7323.848
2560,2022-09-23,7346.105,7433.337
2561,2022-09-24,6936.2476,6918.024
2562,2022-09-12,7176.9395,7508.4883
2563,2022-09-13,7365.3296,7835.62
2564,2022-09-14,7419.398,7709.933
2565,2022-09-15,7480.2974,8500.872
2566,2022-09-16,7361.3457,7284.9546
2567,2022-09-17,6986.8477,6825.0737
2568,2022-09-18,6756.9126,6483.0327
2569,2022-09-19,7135.393,7153.678
2570,2022-09-20,7269.1445,7255.4766
2571,2022-09-21,7331.18,7716.953
2572,2022-09-22,7336.873,7323.848
2573,2022-09-23,7234.4243,7433.337
2574,2022-09-24,6850.2485,6918.024
2575,2022-09-25,6684.0596,6348.8965
2576,2022-09-13,7743.1157,7835.62
2577,2022-09-14,7755.638,7709.933
2578,2022-09-15,7751.6543,8500.872
2579,2022-09-16,7605.3545,7284.9546
2580,2022-09-17,7092.4473,6825.0737
2581,2022-09-18,6890.3594,6483.0327
2582,2022-09-19,7350.325,7153.678
2583,2022-09-20,7449.947,7255.4766
2584,2022-09-21,7506.873,7716.953
2585,2022-09-22,7543.8735,7323.848
2586,2022-09-23,7382.7705,7433.337
2587,2022-09-24,6956.964,6918.024
2588,2022-09-25,6755.444,6348.8965
2589,2022-09-26,7179.545,7452.5938
2590,2022-09-14,7797.756,7709.933
2591,2022-09-15,7766.4424,8500.872
2592,2022-09-16,7629.2314,7284.9546
2593,2022-09-17,7106.5693,6825.0737
2594,2022-09-18,6980.743,6483.0327
2595,2022-09-19,7480.0625,7153.678
2596,2022-09-20,7655.419,7255.4766
2597,2022-09-21,7692.9976,7716.953
2598,2022-09-22,7690.721,7323.848
2599,2022-09-23,7556.3535,7433.337
2600,2022-09-24,7099.1694,6918.024
2601,2022-09-25,6963.094,6348.8965
2602,2022-09-26,7329.754,7452.5938
2603,2022-09-27,7452.732,7520.458
2604,2022-09-15,7660.082,8500.872
2605,2022-09-16,7557.0215,7284.9546
2606,2022-09-17,7092.963,6825.0737
2607,2022-09-18,6931.8267,6483.0327
2608,2022-09-19,7383.9233,7153.678
2609,2022-09-20,7550.759,7255.4766
2610,2022-09-21,7581.506,7716.953
2611,2022-09-22,7580.9375,7323.848
2612,2022-09-23,7444.2817,7433.337
2613,2022-09-24,6939.797,6918.024
2614,2022-09-25,6787.7695,6348.8965
2615,2022-09-26,7182.359,7452.5938
2616,2022-09-27,7320.1504,7520.458
2617,2022-09-28,7404.4233,7387.7305
2618,2022-09-16,8120.706,7284.9546
2619,2022-09-17,7485.652,6825.0737
2620,2022-09-18,7209.419,6483.0327
2621,2022-09-19,7644.5576,7153.678
2622,2022-09-20,7765.302,7255.4766
2623,2022-09-21,7798.9062,7716.953
2624,2022-09-22,7810.2974,7323.848
2625,2022-09-23,7682.1475,7433.337
2626,2022-09-24,7220.241,6918.024
2627,2022-09-25,7014.63,6348.8965
2628,2022-09-26,7440.087,7452.5938
2629,2022-09-27,7591.0156,7520.458
2630,2022-09-28,7631.4595,7387.7305
2631,2022-09-29,7668.4785,7482.679
2632,2022-09-17,6943.48,6825.0737
2633,2022-09-18,7008.404,6483.0327
2634,2022-09-19,7453.761,7153.678
2635,2022-09-20,7481.0977,7255.4766
2636,2022-09-21,7579.623,7716.953
2637,2022-09-22,7559.121,7323.848
2638,2022-09-23,7317.0786,7433.337
2639,2022-09-24,6844.3833,6918.024
2640,2022-09-25,6744.15,6348.8965
2641,2022-09-26,7198.053,7452.5938
2642,2022-09-27,7348.9727,7520.458
2643,2022-09-28,7380.2944,7387.7305
2644,2022-09-29,7449.7744,7482.679
2645,2022-09-30,7287.4644,7536.16
2646,2022-09-18,6626.2188,6483.0327
2647,2022-09-19,7201.3223,7153.678
2648,2022-09-20,7403.4624,7255.4766
2649,2022-09-21,7435.9194,7716.953
2650,2022-09-22,7449.5845,7323.848
2651,2022-09-23,7319.1904,7433.337
2652,2022-09-24,6853.4146,6918.024
2653,2022-09-25,6677.4663,6348.8965
2654,2022-09-26,7154.062,7452.5938
2655,2022-09-27,7320.898,7520.458
2656,2022-09-28,7421.685,7387.7305
2657,2022-09-29,7483.7485,7482.679
2658,2022-09-30,7345.384,7536.16
2659,2022-10-01,6949.076,7127.1553
2660,2022-09-19,6967.5044,7153.678
2661,2022-09-20,7211.7456,7255.4766
2662,2022-09-21,7341.556,7716.953
2663,2022-09-22,7388.8086,7323.848
2664,2022-09-23,7303.9785,7433.337
2665,2022-09-24,6911.7095,6918.024
2666,2022-09-25,6594.02,6348.8965
2667,2022-09-26,6880.3955,7452.5938
2668,2022-09-27,7152.535,7520.458
2669,2022-09-28,7242.4917,7387.7305
2670,2022-09-29,7285.76,7482.679
2671,2022-09-30,7255.583,7536.16
2672,2022-10-01,6944.73,7127.1553
2673,2022-10-02,6676.002,6679.5737
2674,2022-09-20,7434.5117,7255.4766
2675,2022-09-21,7449.3154,7716.953
2676,2022-09-22,7481.199,7323.848
2677,2022-09-23,7386.6826,7433.337
2678,2022-09-24,6949.9614,6918.024
2679,2022-09-25,6699.4263,6348.8965
2680,2022-09-26,7077.506,7452.5938
2681,2022-09-27,7286.47,7520.458
2682,2022-09-28,7365.614,7387.7305
2683,2022-09-29,7410.0283,7482.679
2684,2022-09-30,7339.993,7536.16
2685,2022-10-01,6910.6733,7127.1553
2686,2022-10-02,6706.2617,6679.5737
2687,2022-10-03,7146.4,6541.096
2688,2022-09-21,7363.71,7716.953
2689,2022-09-22,7404.705,7323.848
2690,2022-09-23,7254.389,7433.337
2691,2022-09-24,6830.774,6918.024
2692,2022-09-25,6629.784,6348.8965
2693,2022-09-26,7069.911,7452.5938
2694,2022-09-27,7240.155,7520.458
2695,2022-09-28,7296.523,7387.7305
2696,2022-09-29,7349.4756,7482.679
2697,2022-09-30,7252.112,7536.16
2698,2022-10-01,6829.0674,7127.1553
2699,2022-10-02,6663.379,6679.5737
2700,2022-10-03,7127.4194,6541.096
2701,2022-10-04,7335.241,7037.931
2702,2022-09-22,7704.574,7323.848
2703,2022-09-23,7561.0806,7433.337
2704,2022-09-24,7074.2407,6918.024
2705,2022-09-25,6746.2686,6348.8965
2706,2022-09-26,7133.4614,7452.5938
2707,2022-09-27,7268.9785,7520.458
2708,2022-09-28,7439.2275,7387.7305
2709,2022-09-29,7477.9473,7482.679
2710,2022-09-30,7386.844,7536.16
2711,2022-10-01,7030.3994,7127.1553
2712,2022-10-02,6763.9194,6679.5737
2713,2022-10-03,7181.859,6541.096
2714,2022-10-04,7400.5073,7037.931
2715,2022-10-05,7485.9194,8041.2935
2716,2022-09-23,7256.6836,7433.337
2717,2022-09-24,6950.929,6918.024
2718,2022-09-25,6660.5483,6348.8965
2719,2022-09-26,6871.786,7452.5938
2720,2022-09-27,7231.062,7520.458
2721,2022-09-28,7272.0566,7387.7305
2722,2022-09-29,7365.4346,7482.679
2723,2022-09-30,7261.808,7536.16
2724,2022-10-01,6878.6187,7127.1553
2725,2022-10-02,6640.62,6679.5737
2726,2022-10-03,6911.073,6541.096
2727,2022-10-04,7202.024,7037.931
2728,2022-10-05,7255.545,8041.2935
2729,2022-10-06,7286.291,7973.834
2730,2022-09-24,7069.7515,6918.024
2731,2022-09-25,6678.6025,6348.8965
2732,2022-09-26,6824.357,7452.5938
2733,2022-09-27,7238.8525,7520.458
2734,2022-09-28,7320.842,7387.7305
2735,2022-09-29,7376.0693,7482.679
2736,2022-09-30,7376.07,7536.16
2737,2022-10-01,7079.43,7127.1553
2738,2022-10-02,6680.3105,6679.5737
2739,2022-10-03,6912.61,6541.096
2740,2022-10-04,7287.248,7037.931
2741,2022-10-05,7381.1934,8041.2935
2742,2022-10-06,7392.0117,7973.834
2743,2022-10-07,7336.783,7757.0063
2744,2022-09-25,6519.8843,6348.8965
2745,2022-09-26,6929.7627,7452.5938
2746,2022-09-27,7123.3145,7520.458
2747,2022-09-28,7232.6133,7387.7305
2748,2022-09-29,7335.6523,7482.679
2749,2022-09-30,7230.3374,7536.16
2750,2022-10-01,6824.4473,7127.1553
2751,2022-10-02,6587.0586,6679.5737
2752,2022-10-03,6973.5967,6541.096
2753,2022-10-04,7173.41,7037.931
2754,2022-10-05,7271.324,8041.2935
2755,2022-10-06,7352.7305,7973.834
2756,2022-10-07,7232.6143,7757.0063
2757,2022-10-08,6835.2627,7266.846
2758,2022-09-26,6817.0684,7452.5938
2759,2022-09-27,7124.425,7520.458
2760,2022-09-28,7187.6025,7387.7305
2761,2022-09-29,7261.0273,7482.679
2762,2022-09-30,7220.047,7536.16
2763,2022-10-01,6815.9287,7127.1553
2764,2022-10-02,6567.767,6679.5737
2765,2022-10-03,7027.0957,6541.096
2766,2022-10-04,7265.0107,7037.931
2767,2022-10-05,7253.0596,8041.2935
2768,2022-10-06,7276.965,7973.834
2769,2022-10-07,7232.569,7757.0063
2770,2022-10-08,6807.9604,7266.846
2771,2022-10-09,6644.035,6965.997
2772,2022-09-27,7512.5825,7520.458
2773,2022-09-28,7549.5864,7387.7305
2774,2022-09-29,7598.543,7482.679
2775,2022-09-30,7453.3794,7536.16
2776,2022-10-01,6972.35,7127.1553
2777,2022-10-02,6743.5073,6679.5737
2778,2022-10-03,7242.1846,6541.096
2779,2022-10-04,7397.592,7037.931
2780,2022-10-05,7502.9062,8041.2935
2781,2022-10-06,7560.969,7973.834
2782,2022-10-07,7429.471,7757.0063
2783,2022-10-08,6902.9004,7266.846
2784,2022-10-09,6728.1367,6965.997
2785,2022-10-10,7218.8423,7491.379
2786,2022-09-28,7502.0093,7387.7305
2787,2022-09-29,7548.6904,7482.679
2788,2022-09-30,7343.18,7536.16
2789,2022-10-01,6808.053,7127.1553
2790,2022-10-02,6637.2695,6679.5737
2791,2022-10-03,7205.413,6541.096
2792,2022-10-04,7309.5923,7037.931
2793,2022-10-05,7352.288,8041.2935
2794,2022-10-06,7401.2476,7973.834
2795,2022-10-07,7240.71,7757.0063
2796,2022-10-08,6795.529,7266.846
2797,2022-10-09,6715.828,6965.997
2798,2022-10-10,7167.2705,7491.379
2799,2022-10-11,7275.435,7410.0317
2800,2022-09-29,7444.4,7482.679
2801,2022-09-30,7308.933,7536.16
2802,2022-10-01,6860.413,7127.1553
2803,2022-10-02,6648.675,6679.5737
2804,2022-10-03,7196.805,6541.096
2805,2022-10-04,7327.147,7037.931
2806,2022-10-05,7390.8965,8041.2935
2807,2022-10-06,7379.513,7973.834
2808,2022-10-07,7295.8413,7757.0063
2809,2022-10-08,6853.585,7266.846
2810,2022-10-09,6678.2744,6965.997
2811,2022-10-10,7080.119,7491.379
2812,2022-10-11,7276.4907,7410.0317
2813,2022-10-12,7339.1035,7299.109
2814,2022-09-30,7265.264,7536.16
2815,2022-10-01,6824.777,7127.1553
2816,2022-10-02,6591.4395,6679.5737
2817,2022-10-03,7113.3145,6541.096
2818,2022-10-04,7282.909,7037.931
2819,2022-10-05,7302.8276,8041.2935
2820,2022-10-06,7339.2505,7973.834
2821,2022-10-07,7195.838,7757.0063
2822,2022-10-08,6720.6274,7266.846
2823,2022-10-09,6484.4463,6965.997
2824,2022-10-10,7001.7695,7491.379
2825,2022-10-11,7199.82,7410.0317
2826,2022-10-12,7249.902,7299.109
2827,2022-10-13,7317.0557,7324.3384
2828,2022-10-01,6878.802,7127.1553
2829,2022-10-02,6626.1377,6679.5737
2830,2022-10-03,7175.8535,6541.096
2831,2022-10-04,7375.592,7037.931
2832,2022-10-05,7439.3286,8041.2935
2833,2022-10-06,7449.002,7973.834
2834,2022-10-07,7276.0073,7757.0063
2835,2022-10-08,6832.706,7266.846
2836,2022-10-09,6563.542,6965.997
2837,2022-10-10,7102.4443,7491.379
2838,2022-10-11,7297.062,7410.0317
2839,2022-10-12,7332.912,7299.109
2840,2022-10-13,7372.1787,7324.3384
2841,2022-10-14,7293.0786,6857.6045
2842,2022-10-02,6553.622,6679.5737
2843,2022-10-03,7053.7617,6541.096
2844,2022-10-04,7235.27,7037.931
2845,2022-10-05,7319.48,8041.2935
2846,2022-10-06,7413.9326,7973.834
2847,2022-10-07,7296.7227,7757.0063
2848,2022-10-08,6827.8745,7266.846
2849,2022-10-09,6633.2793,6965.997
2850,2022-10-10,7123.1787,7491.379
2851,2022-10-11,7297.2925,7410.0317
2852,2022-10-12,7346.791,7299.109
2853,2022-10-13,7463.435,7324.3384
2854,2022-10-14,7323.4624,6857.6045
2855,2022-10-15,6849.496,6225.164
2856,2022-10-03,7114.051,6541.096
2857,2022-10-04,7327.404,7037.931
2858,2022-10-05,7368.936,8041.2935
2859,2022-10-06,7404.2114,7973.834
2860,2022-10-07,7342.7627,7757.0063
2861,2022-10-08,6867.1313,7266.846
2862,2022-10-09,6589.4863,6965.997
2863,2022-10-10,7045.777,7491.379
2864,2022-10-11,7289.284,7410.0317
2865,2022-10-12,7357.5566,7299.109
2866,2022-10-13,7355.851,7324.3384
2867,2022-10-14,7242.632,6857.6045
2868,2022-10-15,6835.2695,6225.164
2869,2022-10-16,6539.9883,6256.4795
2870,2022-10-04,7154.2124,7037.931
2871,2022-10-05,7293.0195,8041.2935
2872,2022-10-06,7309.5156,7973.834
2873,2022-10-07,7320.895,7757.0063
2874,2022-10-08,7100.169,7266.846
2875,2022-10-09,6655.3066,6965.997
2876,2022-10-10,6684.319,7491.379
2877,2022-10-11,7117.237,7410.0317
2878,2022-10-12,7275.384,7299.109
2879,2022-10-13,7343.648,7324.3384
2880,2022-10-14,7319.7563,6857.6045
2881,2022-10-15,7057.503,6225.164
2882,2022-10-16,6662.703,6256.4795
2883,2022-10-17,6689.4395,7213.1436
2884,2022-10-05,7225.1816,8041.2935
2885,2022-10-06,7324.1567,7973.834
2886,2022-10-07,7379.334,7757.0063
2887,2022-10-08,7088.665,7266.846
2888,2022-10-09,6610.286,6965.997
2889,2022-10-10,6633.04,7491.379
2890,2022-10-11,7115.969,7410.0317
2891,2022-10-12,7241.111,7299.109
2892,2022-10-13,7275.2393,7324.3384
2893,2022-10-14,7300.837,6857.6045
2894,2022-10-15,7100.61,6225.164
2895,2022-10-16,6643.2793,6256.4795
2896,2022-10-17,6647.8267,7213.1436
2897,2022-10-18,7133.033,7233.8486
2898,2022-10-06,7760.9146,7973.834
2899,2022-10-07,7729.629,7757.0063
2900,2022-10-08,7459.989,7266.846
2901,2022-10-09,6986.7007,6965.997
2902,2022-10-10,6746.641,7491.379
2903,2022-10-11,7293.313,7410.0317
2904,2022-10-12,7396.8467,7299.109
2905,2022-10-13,7416.757,7324.3384
2906,2022-10-14,7432.6836,6857.6045
2907,2022-10-15,7328.585,6225.164
2908,2022-10-16,6851.882,6256.4795
2909,2022-10-17,6685.207,7213.1436
2910,2022-10-18,7194.3345,7233.8486
2911,2022-10-19,7327.4463,7085.0854
2912,2022-10-07,7747.1846,7757.0063
2913,2022-10-08,7520.1963,7266.846
2914,2022-10-09,7050.8594,6965.997
2915,2022-10-10,6794.2886,7491.379
2916,2022-10-11,7327.3423,7410.0317
2917,2022-10-12,7415.522,7299.109
2918,2022-10-13,7503.6987,7324.3384
2919,2022-10-14,7534.4194,6857.6045
2920,2022-10-15,7377.4023,6225.164
2921,2022-10-16,6933.668,6256.4795
2922,2022-10-17,6710.6636,7213.1436
2923,2022-10-18,7208.442,7233.8486
2924,2022-10-19,7360.338,7085.0854
2925,2022-10-20,7395.0405,7432.9087
2926,2022-10-08,7508.4985,7266.846
2927,2022-10-09,6986.2383,6965.997
2928,2022-10-10,6699.507,7491.379
2929,2022-10-11,7206.976,7410.0317
2930,2022-10-12,7416.9033,7299.109
2931,2022-10-13,7407.232,7324.3384
2932,2022-10-14,7441.936,6857.6045
2933,2022-10-15,7303.1226,6225.164
2934,2022-10-16,6896.9204,6256.4795
2935,2022-10-17,6692.68,7213.1436
2936,2022-10-18,7138.707,7233.8486
2937,2022-10-19,7287.192,7085.0854
2938,2022-10-20,7377.082,7432.9087
2939,2022-10-21,7443.073,7394.42
2940,2022-10-09,6783.2095,6965.997
2941,2022-10-10,6701.864,7491.379
2942,2022-10-11,7228.069,7410.0317
2943,2022-10-12,7316.811,7299.109
2944,2022-10-13,7430.5845,7324.3384
2945,2022-10-14,7418.0713,6857.6045
2946,2022-10-15,7135.91,6225.164
2947,2022-10-16,6691.0557,6256.4795
2948,2022-10-17,6623.928,7213.1436
2949,2022-10-18,7139.892,7233.8486
2950,2022-10-19,7317.381,7085.0854
2951,2022-10-20,7350.9424,7432.9087
2952,2022-10-21,7352.6504,7394.42
2953,2022-10-22,7143.306,6839.282
2954,2022-10-10,6807.6724,7491.379
2955,2022-10-11,7295.678,7410.0317
2956,2022-10-12,7360.5195,7299.109
2957,2022-10-13,7386.6836,7324.3384
2958,2022-10-14,7436.7344,6857.6045
2959,2022-10-15,7228.565,6225.164
2960,2022-10-16,6775.2515,6256.4795
2961,2022-10-17,6660.359,7213.1436
2962,2022-10-18,7155.1904,7233.8486
2963,2022-10-19,7249.608,7085.0854
2964,2022-10-20,7256.4346,7432.9087
2965,2022-10-21,7344.023,7394.42
2966,2022-10-22,7173.3936,6839.282
2967,2022-10-23,6780.371,6802.5557
2968,2022-10-11,7761.286,7410.0317
2969,2022-10-12,7696.4487,7299.109
2970,2022-10-13,7662.8926,7324.3384
2971,2022-10-14,7518.996,6857.6045
2972,2022-10-15,7124.8486,6225.164
2973,2022-10-16,6782.4536,6256.4795
2974,2022-10-17,7189.118,7213.1436
2975,2022-10-18,7406.3823,7233.8486
2976,2022-10-19,7531.5093,7085.0854
2977,2022-10-20,7557.6724,7432.9087
2978,2022-10-21,7440.509,7394.42
2979,2022-10-22,7048.065,6839.282
2980,2022-10-23,6872.8867,6802.5557
2981,2022-10-24,7152.717,7466.838
2982,2022-10-12,7499.8394,7299.109
2983,2022-10-13,7508.9395,7324.3384
2984,2022-10-14,7326.404,6857.6045
2985,2022-10-15,6894.803,6225.164
2986,2022-10-16,6697.483,6256.4795
2987,2022-10-17,7201.8706,7213.1436
2988,2022-10-18,7352.5645,7233.8486
2989,2022-10-19,7365.0723,7085.0854
2990,2022-10-20,7435.584,7432.9087
2991,2022-10-21,7364.503,7394.42
2992,2022-10-22,6945.4126,6839.282
2993,2022-10-23,6744.1143,6802.5557
2994,2022-10-24,7213.243,7466.838
2995,2022-10-25,7376.444,7156.356
2996,2022-10-13,7349.956,7324.3384
2997,2022-10-14,7302.2046,6857.6045
2998,2022-10-15,6879.2524,6225.164
2999,2022-10-16,6614.9062,6256.4795
3000,2022-10-17,7042.4062,7213.1436
3001,2022-10-18,7197.6035,7233.8486
3002,2022-10-19,7268.0967,7085.0854
3003,2022-10-20,7296.5205,7432.9087
3004,2022-10-21,7191.918,7394.42
3005,2022-10-22,6816.72,6839.282
3006,2022-10-23,6569.426,6802.5557
3007,2022-10-24,7018.5312,7466.838
3008,2022-10-25,7243.0825,7156.356
3009,2022-10-26,7309.0283,6982.5864
3010,2022-10-14,7199.583,6857.6045
3011,2022-10-15,6805.162,6225.164
3012,2022-10-16,6603.4067,6256.4795
3013,2022-10-17,7033.6323,7213.1436
3014,2022-10-18,7185.9443,7233.8486
3015,2022-10-19,7263.8057,7085.0854
3016,2022-10-20,7308.7026,7432.9087
3017,2022-10-21,7213.2227,7394.42
3018,2022-10-22,6821.643,6839.282
3019,2022-10-23,6596.0176,6802.5557
3020,2022-10-24,7023.9707,7466.838
3021,2022-10-25,7250.733,7156.356
3022,2022-10-26,7316.6606,6982.5864
3023,2022-10-27,7372.3555,6923.2266
3024,2022-10-15,6582.803,6225.164
3025,2022-10-16,6534.513,6256.4795
3026,2022-10-17,6968.5586,7213.1436
3027,2022-10-18,7099.7954,7233.8486
3028,2022-10-19,7159.4487,7085.0854
3029,2022-10-20,7169.107,7432.9087
3030,2022-10-21,7028.78,7394.42
3031,2022-10-22,6647.5693,6839.282
3032,2022-10-23,6535.081,6802.5557
3033,2022-10-24,7019.69,7466.838
3034,2022-10-25,7175.9243,7156.356
3035,2022-10-26,7249.2124,6982.5864
3036,2022-10-27,7267.3926,6923.2266
3037,2022-10-28,7130.475,6528.1978
3038,2022-10-16,6250.0156,6256.4795
3039,2022-10-17,6893.3013,7213.1436
3040,2022-10-18,7047.734,7233.8486
3041,2022-10-19,7120.409,7085.0854
3042,2022-10-20,7250.996,7432.9087
3043,2022-10-21,7095.428,7394.42
3044,2022-10-22,6644.049,6839.282
3045,2022-10-23,6502.6743,6802.5557
3046,2022-10-24,7048.87,7466.838
3047,2022-10-25,7167.535,7156.356
3048,2022-10-26,7214.091,6982.5864
3049,2022-10-27,7257.2417,6923.2266
3050,2022-10-28,7082.9355,6528.1978
3051,2022-10-29,6642.9126,5999.195
3052,2022-10-17,6870.8296,7213.1436
3053,2022-10-18,7046.773,7233.8486
3054,2022-10-19,7108.638,7085.0854
3055,2022-10-20,7201.716,7432.9087
3056,2022-10-21,7118.852,7394.42
3057,2022-10-22,6614.8633,6839.282
3058,2022-10-23,6499.083,6802.5557
3059,2022-10-24,7054.15,7466.838
3060,2022-10-25,7201.1494,7156.356
3061,2022-10-26,7267.55,6982.5864
3062,2022-10-27,7313.525,6923.2266
3063,2022-10-28,7165.3926,6528.1978
3064,2022-10-29,6698.86,5999.195
3065,2022-10-30,6568.889,5970.6265
3066,2022-10-18,7336.1274,7233.8486
3067,2022-10-19,7377.5557,7085.0854
3068,2022-10-20,7420.685,7432.9087
3069,2022-10-21,7256.6763,7394.42
3070,2022-10-22,6779.969,6839.282
3071,2022-10-23,6630.715,6802.5557
3072,2022-10-24,7219.221,7466.838
3073,2022-10-25,7357.125,7156.356
3074,2022-10-26,7398.552,6982.5864
3075,2022-10-27,7492.759,6923.2266
3076,2022-10-28,7320.8037,6528.1978
3077,2022-10-29,6827.073,5999.195
3078,2022-10-30,6671.0083,5970.6265
3079,2022-10-31,7174.388,7268.005
3080,2022-10-19,7346.913,7085.0854
3081,2022-10-20,7399.678,7432.9087
3082,2022-10-21,7278.26,7394.42
3083,2022-10-22,6781.808,6839.282
3084,2022-10-23,6591.17,6802.5557
3085,2022-10-24,7181.8076,7466.838
3086,2022-10-25,7328.757,7156.356
3087,2022-10-26,7365.6367,6982.5864
3088,2022-10-27,7381.5205,6923.2266
3089,2022-10-28,7264.075,6528.1978
3090,2022-10-29,6782.3765,5999.195
3091,2022-10-30,6631.453,5970.6265
3092,2022-10-31,7175.5645,7268.005
3093,2022-11-01,7350.8843,6946.001
3094,2022-10-20,7195.5933,7432.9087
3095,2022-10-21,7143.9746,7394.42
3096,2022-10-22,6727.6113,6839.282
3097,2022-10-23,6512.0557,6802.5557
3098,2022-10-24,7052.6445,7466.838
3099,2022-10-25,7235.868,7156.356
3100,2022-10-26,7258.558,6982.5864
3101,2022-10-27,7319.822,6923.2266
3102,2022-10-28,7191.056,6528.1978
3103,2022-10-29,6770.1562,5999.195
3104,2022-10-30,6578.424,5970.6265
3105,2022-10-31,6994.7856,7268.005
3106,2022-11-01,7226.2236,6946.001
3107,2022-11-02,7282.953,6737.023
3108,2022-10-21,7260.0996,7394.42
3109,2022-10-22,6822.226,6839.282
3110,2022-10-23,6549.9736,6802.5557
3111,2022-10-24,7043.431,7466.838
3112,2022-10-25,7219.8296,7156.356
3113,2022-10-26,7284.487,6982.5864
3114,2022-10-27,7389.989,6923.2266
3115,2022-10-28,7250.457,6528.1978
3116,2022-10-29,6779.685,5999.195
3117,2022-10-30,6530.688,5970.6265
3118,2022-10-31,6950.9795,7268.005
3119,2022-11-01,7168.7837,6946.001
3120,2022-11-02,7305.476,6737.023
3121,2022-11-03,7341.7773,6895.9077
3122,2022-10-22,6808.2563,6839.282
3123,2022-10-23,6561.581,6802.5557
3124,2022-10-24,7072.5107,7466.838
3125,2022-10-25,7204.638,7156.356
3126,2022-10-26,7268.148,6982.5864
3127,2022-10-27,7363.419,6923.2266
3128,2022-10-28,7226.755,6528.1978
3129,2022-10-29,6714.121,5999.195
3130,2022-10-30,6477.654,5970.6265
3131,2022-10-31,7060.036,7268.005
3132,2022-11-01,7198.9683,6946.001
3133,2022-11-02,7230.723,6737.023
3134,2022-11-03,7276.6577,6895.9077
3135,2022-11-04,7184.2227,6979.378
3136,2022-10-23,6444.385,6802.5557
3137,2022-10-24,7054.871,7466.838
3138,2022-10-25,7186.378,7156.356
3139,2022-10-26,7240.7944,6982.5864
3140,2022-10-27,7336.592,6923.2266
3141,2022-10-28,7209.6187,6528.1978
3142,2022-10-29,6701.163,5999.195
3143,2022-10-30,6518.6436,5970.6265
3144,2022-10-31,7061.1094,7268.005
3145,2022-11-01,7248.732,6946.001
3146,2022-11-02,7324.685,6737.023
3147,2022-11-03,7396.109,6895.9077
3148,2022-11-04,7215.855,6979.378
3149,2022-11-05,6778.254,6322.5527
3150,2022-10-24,7301.8594,7466.838
3151,2022-10-25,7368.72,7156.356
3152,2022-10-26,7390.2505,6982.5864
3153,2022-10-27,7424.247,6923.2266
3154,2022-10-28,7212.3364,6528.1978
3155,2022-10-29,6725.6226,5999.195
3156,2022-10-30,6553.938,5970.6265
3157,2022-10-31,7113.7456,7268.005
3158,2022-11-01,7312.627,6946.001
3159,2022-11-02,7307.5264,6737.023
3160,2022-11-03,7398.75,6895.9077
3161,2022-11-04,7262.7637,6979.378
3162,2022-11-05,6755.6504,6322.5527
3163,2022-11-06,6583.9717,6032.2954
3164,2022-10-25,7522.212,7156.356
3165,2022-10-26,7522.7773,6982.5864
3166,2022-10-27,7527.3105,6923.2266
3167,2022-10-28,7344.326,6528.1978
3168,2022-10-29,6790.841,5999.195
3169,2022-10-30,6617.4844,5970.6265
3170,2022-10-31,7207.2314,7268.005
3171,2022-11-01,7370.385,6946.001
3172,2022-11-02,7420.2383,6737.023
3173,2022-11-03,7507.4824,6895.9077
3174,2022-11-04,7316.5693,6979.378
3175,2022-11-05,6851.457,6322.5527
3176,2022-11-06,6624.286,6032.2954
3177,2022-11-07,7146.6113,6717.668
3178,2022-10-26,7230.3125,6982.5864
3179,2022-10-27,7307.335,6923.2266
3180,2022-10-28,7181.0425,6528.1978
3181,2022-10-29,6728.5474,5999.195
3182,2022-10-30,6532.5967,5970.6265
3183,2022-10-31,7081.9355,7268.005
3184,2022-11-01,7278.4526,6946.001
3185,2022-11-02,7279.584,6737.023
3186,2022-11-03,7363.966,6895.9077
3187,2022-11-04,7221.819,6979.378
3188,2022-11-05,6780.6475,6322.5527
3189,2022-11-06,6609.618,6032.2954
3190,2022-11-07,7083.6333,6717.668
3191,2022-11-08,7263.161,6737.892
3192,2022-10-27,7169.386,6923.2266
3193,2022-10-28,7074.8506,6528.1978
3194,2022-10-29,6637.839,5999.195
3195,2022-10-30,6514.9995,5970.6265
3196,2022-10-31,7062.397,7268.005
3197,2022-11-01,7179.576,6946.001
3198,2022-11-02,7182.406,6737.023
3199,2022-11-03,7293.3574,6895.9077
3200,2022-11-04,7146.743,6979.378
3201,2022-11-05,6705.203,6322.5527
3202,2022-11-06,6514.433,6032.2954
3203,2022-11-07,6981.449,6717.668
3204,2022-11-08,7137.6875,6737.892
3205,2022-11-09,7208.444,6580.8677
3206,2022-10-28,6952.7417,6528.1978
3207,2022-10-29,6565.128,5999.195
3208,2022-10-30,6394.2383,5970.6265
3209,2022-10-31,6856.5474,7268.005
3210,2022-11-01,7099.8657,6946.001
3211,2022-11-02,7151.359,6737.023
3212,2022-11-03,7205.6807,6895.9077
3213,2022-11-04,7082.891,6979.378
3214,2022-11-05,6724.1357,6322.5527
3215,2022-11-06,6478.551,6032.2954
3216,2022-11-07,6861.074,6717.668
3217,2022-11-08,7061.388,6737.892
3218,2022-11-09,7142.3057,6580.8677
3219,2022-11-10,7164.94,6672.5713
3220,2022-10-29,6293.0967,5999.195
3221,2022-10-30,6414.105,5970.6265
3222,2022-10-31,6928.681,7268.005
3223,2022-11-01,7051.9517,6946.001
3224,2022-11-02,7105.107,6737.023
3225,2022-11-03,7080.2275,6895.9077
3226,2022-11-04,6962.0454,6979.378
3227,2022-11-05,6528.33,6322.5527
3228,2022-11-06,6410.7144,6032.2954
3229,2022-11-07,6941.686,6717.668
3230,2022-11-08,7062.1323,6737.892
3231,2022-11-09,7079.663,6580.8677
3232,2022-11-10,7077.3994,6672.5713
3233,2022-11-11,6928.6836,6873.249
3234,2022-10-30,6156.1943,5970.6265
3235,2022-10-31,6807.753,7268.005
3236,2022-11-01,6971.6343,6946.001
3237,2022-11-02,7051.311,6737.023
3238,2022-11-03,7124.2124,6895.9077
3239,2022-11-04,6969.9375,6979.378
3240,2022-11-05,6559.1113,6322.5527
3241,2022-11-06,6542.7217,6032.2954
3242,2022-11-07,6991.9785,6717.668
3243,2022-11-08,7065.4404,6737.892
3244,2022-11-09,7117.996,6580.8677
3245,2022-11-10,7101.042,6672.5713
3246,2022-11-11,6933.208,6873.249
3247,2022-11-12,6543.852,6376.8887
3248,2022-10-31,6693.841,7268.005
3249,2022-11-01,6898.8564,6946.001
3250,2022-11-02,6988.656,6737.023
3251,2022-11-03,7086.929,6895.9077
3252,2022-11-04,6878.5244,6979.378
3253,2022-11-05,6432.9077,6322.5527
3254,2022-11-06,6328.4233,6032.2954
3255,2022-11-07,6870.05,6717.668
3256,2022-11-08,6984.1367,6737.892
3257,2022-11-09,7040.6157,6580.8677
3258,2022-11-10,7073.938,6672.5713
3259,2022-11-11,6928.7896,6873.249
3260,2022-11-12,6535.698,6376.8887
3261,2022-11-13,6528.9204,6718.4946
3262,2022-11-01,7365.022,6946.001
3263,2022-11-02,7312.5083,6737.023
3264,2022-11-03,7273.544,6895.9077
3265,2022-11-04,6973.7017,6979.378
3266,2022-11-05,6541.73,6322.5527
3267,2022-11-06,6506.719,6032.2954
3268,2022-11-07,7025.089,6717.668
3269,2022-11-08,7123.3413,6737.892
3270,2022-11-09,7171.3374,6580.8677
3271,2022-11-10,7162.8687,6672.5713
3272,2022-11-11,6987.254,6873.249
3273,2022-11-12,6575.043,6376.8887
3274,2022-11-13,6673.2954,6718.4946
3275,2022-11-14,7106.966,6686.8335
3276,2022-11-02,7027.0107,6737.023
3277,2022-11-03,7135.377,6895.9077
3278,2022-11-04,6874.616,6979.378
3279,2022-11-05,6472.7515,6322.5527
3280,2022-11-06,6646.027,6032.2954
3281,2022-11-07,7054.6636,6717.668
3282,2022-11-08,7135.942,6737.892
3283,2022-11-09,7176.0137,6580.8677
3284,2022-11-10,7147.2314,6672.5713
3285,2022-11-11,6913.5605,6873.249
3286,2022-11-12,6540.4805,6376.8887
3287,2022-11-13,6668.0376,6718.4946
3288,2022-11-14,7104.899,6686.8335
3289,2022-11-15,7120.1377,6801.7495
3290,2022-11-03,6863.1187,6895.9077
3291,2022-11-04,6760.4595,6979.378
3292,2022-11-05,6384.7837,6322.5527
3293,2022-11-06,6327.246,6032.2954
3294,2022-11-07,6810.66,6717.668
3295,2022-11-08,6886.8105,6737.892
3296,2022-11-09,6963.5254,6580.8677
3297,2022-11-10,6978.757,6672.5713
3298,2022-11-11,6812.355,6873.249
3299,2022-11-12,6452.4717,6376.8887
3300,2022-11-13,6532.0083,6718.4946
3301,2022-11-14,6945.475,6686.8335
3302,2022-11-15,7055.4717,6801.7495
3303,2022-11-16,7087.06,6808.1606
3304,2022-11-04,6761.3936,6979.378
3305,2022-11-05,6413.01,6322.5527
3306,2022-11-06,6247.8374,6032.2954
3307,2022-11-07,6807.6226,6717.668
3308,2022-11-08,6918.111,6737.892
3309,2022-11-09,6959.2627,6580.8677
3310,2022-11-10,6964.3364,6672.5713
3311,2022-11-11,6829.607,6873.249
3312,2022-11-12,6440.6313,6376.8887
3313,2022-11-13,6372.9844,6718.4946
3314,2022-11-14,6929.3843,6686.8335
3315,2022-11-15,7028.601,6801.7495
3316,2022-11-16,7113.1606,6808.1606
3317,2022-11-17,7157.697,6599.823
3318,2022-11-05,6523.45,6322.5527
3319,2022-11-06,6368.556,6032.2954
3320,2022-11-07,6908.705,6717.668
3321,2022-11-08,6966.1567,6737.892
3322,2022-11-09,6999.3887,6580.8677
3323,2022-11-10,7066.4146,6672.5713
3324,2022-11-11,6912.0845,6873.249
3325,2022-11-12,6474.444,6376.8887
3326,2022-11-13,6393.341,6718.4946
3327,2022-11-14,6956.0186,6686.8335
3328,2022-11-15,7071.4814,6801.7495
3329,2022-11-16,7128.369,6808.1606
3330,2022-11-17,7195.957,6599.823
3331,2022-11-18,7069.7925,6567.628
3332,2022-11-06,6211.2124,6032.2954
3333,2022-11-07,6862.891,6717.668
3334,2022-11-08,6931.5464,6737.892
3335,2022-11-09,6985.574,6580.8677
3336,2022-11-10,7099.2505,6672.5713
3337,2022-11-11,6974.32,6873.249
3338,2022-11-12,6510.602,6376.8887
3339,2022-11-13,6436.879,6718.4946
3340,2022-11-14,6998.5156,6686.8335
3341,2022-11-15,7057.0425,6801.7495
3342,2022-11-16,7115.57,6808.1606
3343,2022-11-17,7189.8564,6599.823
3344,2022-11-18,7046.3525,6567.628
3345,2022-11-19,6573.0674,6143.8438
3346,2022-11-07,6779.1333,6717.668
3347,2022-11-08,6927.0444,6737.892
3348,2022-11-09,6986.0977,6580.8677
3349,2022-11-10,7058.0786,6672.5713
3350,2022-11-11,6934.916,6873.249
3351,2022-11-12,6419.76,6376.8887
3352,2022-11-13,6318.5273,6718.4946
3353,2022-11-14,6934.355,6686.8335
3354,2022-11-15,7059.7686,6801.7495
3355,2022-11-16,7060.892,6808.1606
3356,2022-11-17,7165.5,6599.823
3357,2022-11-18,7072.142,6567.628
3358,2022-11-19,6564.859,6143.8438
3359,2022-11-20,6451.256,5924.8584
3360,2022-11-08,6902.6587,6737.892
3361,2022-11-09,6994.857,6580.8677
3362,2022-11-10,7090.431,6672.5713
3363,2022-11-11,6962.2515,6873.249
3364,2022-11-12,6499.565,6376.8887
3365,2022-11-13,6365.7593,6718.4946
3366,2022-11-14,6950.446,6686.8335
3367,2022-11-15,7063.447,6801.7495
3368,2022-11-16,7142.1514,6808.1606
3369,2022-11-17,7197.8125,6599.823
3370,2022-11-18,7055.5737,6567.628
3371,2022-11-19,6528.236,6143.8438
3372,2022-11-20,6448.966,5924.8584
3373,2022-11-21,7013.9736,6519.575
3374,2022-11-09,6868.5215,6580.8677
3375,2022-11-10,7025.3164,6672.5713
3376,2022-11-11,6935.9604,6873.249
3377,2022-11-12,6483.005,6376.8887
3378,2022-11-13,6266.64,6718.4946
3379,2022-11-14,6931.466,6686.8335
3380,2022-11-15,7017.4473,6801.7495
3381,2022-11-16,7051.1655,6808.1606
3382,2022-11-17,7136.025,6599.823
3383,2022-11-18,7029.81,6567.628
3384,2022-11-19,6554.937,6143.8438
3385,2022-11-20,6472.8887,5924.8584
3386,2022-11-21,7046.108,6519.575
3387,2022-11-22,7134.902,6479.7627
3388,2022-11-10,6800.3325,6672.5713
3389,2022-11-11,6777.3066,6873.249
3390,2022-11-12,6383.595,6376.8887
3391,2022-11-13,6252.732,6718.4946
3392,2022-11-14,6831.7827,6686.8335
3393,2022-11-15,6943.551,6801.7495
3394,2022-11-16,6979.495,6808.1606
3395,2022-11-17,7041.837,6599.823
3396,2022-11-18,6949.1694,6567.628
3397,2022-11-19,6502.6636,6143.8438
3398,2022-11-20,6333.0483,5924.8584
3399,2022-11-21,6921.6455,6519.575
3400,2022-11-22,7044.6475,6479.7627
3401,2022-11-23,7038.4673,6565.79
3402,2022-11-11,6725.743,6873.249
3403,2022-11-12,6359.7627,6376.8887
3404,2022-11-13,6199.7856,6718.4946
3405,2022-11-14,6784.6807,6686.8335
3406,2022-11-15,6910.417,6801.7495
3407,2022-11-16,6945.78,6808.1606
3408,2022-11-17,7015.384,6599.823
3409,2022-11-18,6898.069,6567.628
3410,2022-11-19,6454.6265,6143.8438
3411,2022-11-20,6292.966,5924.8584
3412,2022-11-21,6844.1826,6519.575
3413,2022-11-22,6981.7056,6479.7627
3414,2022-11-23,6982.267,6565.79
3415,2022-11-24,7023.243,6646.2925
3416,2022-11-12,6460.9717,6376.8887
3417,2022-11-13,6269.094,6718.4946
3418,2022-11-14,6782.4526,6686.8335
3419,2022-11-15,6970.4023,6801.7495
3420,2022-11-16,7070.267,6808.1606
3421,2022-11-17,7151.0557,6599.823
3422,2022-11-18,7047.825,6567.628
3423,2022-11-19,6569.8154,6143.8438
3424,2022-11-20,6386.3555,5924.8584
3425,2022-11-21,6892.415,6519.575
3426,2022-11-22,7065.7764,6479.7627
3427,2022-11-23,7111.2236,6565.79
3428,2022-11-24,7174.621,6646.2925
3429,2022-11-25,7066.898,6739.5303
3430,2022-11-13,6101.352,6718.4946
3431,2022-11-14,6801.088,6686.8335
3432,2022-11-15,6891.918,6801.7495
3433,2022-11-16,6928.362,6808.1606
3434,2022-11-17,7057.32,6599.823
3435,2022-11-18,6939.015,6567.628
3436,2022-11-19,6458.5107,6143.8438
3437,2022-11-20,6319.4595,5924.8584
3438,2022-11-21,6900.889,6519.575
3439,2022-11-22,7036.575,6479.7627
3440,2022-11-23,7102.734,6565.79
3441,2022-11-24,7148.71,6646.2925
3442,2022-11-25,7076.9443,6739.5303
3443,2022-11-26,6558.312,6159.658
3444,2022-11-14,7201.6055,6686.8335
3445,2022-11-15,7250.3594,6801.7495
3446,2022-11-16,7211.1333,6808.1606
3447,2022-11-17,7235.2295,6599.823
3448,2022-11-18,7012.755,6567.628
3449,2022-11-19,6515.6855,6143.8438
3450,2022-11-20,6479.82,5924.8584
3451,2022-11-21,7041.335,6519.575
3452,2022-11-22,7124.8306,6479.7627
3453,2022-11-23,7197.1245,6565.79
3454,2022-11-24,7227.385,6646.2925
3455,2022-11-25,7079.439,6739.5303
3456,2022-11-26,6594.701,6159.658
3457,2022-11-27,6572.285,6526.6636
3458,2022-11-15,6903.041,6801.7495
3459,2022-11-16,7050.913,6808.1606
3460,2022-11-17,7097.406,6599.823
3461,2022-11-18,6965.2144,6567.628
3462,2022-11-19,6533.9155,6143.8438
3463,2022-11-20,6432.5312,5924.8584
3464,2022-11-21,6932.728,6519.575
3465,2022-11-22,7073.8813,6479.7627
3466,2022-11-23,7055.398,6565.79
3467,2022-11-24,7127.092,6646.2925
3468,2022-11-25,6989.8613,6739.5303
3469,2022-11-26,6564.721,6159.658
3470,2022-11-27,6505.3467,6526.6636
3471,2022-11-28,6936.6475,6906.6245
3472,2022-11-16,6986.815,6808.1606
3473,2022-11-17,7036.0776,6599.823
3474,2022-11-18,6870.937,6567.628
3475,2022-11-19,6451.648,6143.8438
3476,2022-11-20,6402.386,5924.8584
3477,2022-11-21,6927.476,6519.575
3478,2022-11-22,7007.5264,6479.7627
3479,2022-11-23,7074.703,6565.79
3480,2022-11-24,7071.9043,6646.2925
3481,2022-11-25,6948.7495,6739.5303
3482,2022-11-26,6532.2583,6159.658
3483,2022-11-27,6543.4575,6526.6636
3484,2022-11-28,7022.0825,6906.6245
3485,2022-11-29,7076.942,6692.1196
3486,2022-11-17,6913.7314,6599.823
3487,2022-11-18,6730.791,6567.628
3488,2022-11-19,6303.3677,6143.8438
3489,2022-11-20,6301.6904,5924.8584
3490,2022-11-21,6821.982,6519.575
3491,2022-11-22,6947.2974,6479.7627
3492,2022-11-23,6966.881,6565.79
3493,2022-11-24,7056.391,6646.2925
3494,2022-11-25,6902.543,6739.5303
3495,2022-11-26,6450.5063,6159.658
3496,2022-11-27,6441.552,6526.6636
3497,2022-11-28,6901.4233,6906.6245
3498,2022-11-29,6947.861,6692.1196
3499,2022-11-30,6980.3066,7068.4277
3500,2022-11-18,6377.6562,6567.628
3501,2022-11-19,6151.7812,6143.8438
3502,2022-11-20,6354.177,5924.8584
3503,2022-11-21,6708.087,6519.575
3504,2022-11-22,6824.9395,6479.7627
3505,2022-11-23,6900.9775,6565.79
3506,2022-11-24,6914.3945,6646.2925
3507,2022-11-25,6653.853,6739.5303
3508,2022-11-26,6388.28,6159.658
3509,2022-11-27,6578.9336,6526.6636
3510,2022-11-28,6855.13,6906.6245
3511,2022-11-29,6908.2476,6692.1196
3512,2022-11-30,6955.208,7068.4277
3513,2022-12-01,6895.9443,7149.0615
3514,2022-11-19,6186.2495,6143.8438
3515,2022-11-20,6242.686,5924.8584
3516,2022-11-21,6764.03,6519.575
3517,2022-11-22,6890.315,6479.7627
3518,2022-11-23,6946.1914,6565.79
3519,2022-11-24,7001.511,6646.2925
3520,2022-11-25,6826.054,6739.5303
3521,2022-11-26,6396.9087,6159.658
3522,2022-11-27,6418.7036,6526.6636
3523,2022-11-28,6852.875,6906.6245
3524,2022-11-29,6909.8706,6692.1196
3525,2022-11-30,6964.631,7068.4277
3526,2022-12-01,6943.9556,7149.0615
3527,2022-12-02,6741.1187,6928.532
3528,2022-11-20,6118.9795,5924.8584
3529,2022-11-21,6738.8633,6519.575
3530,2022-11-22,6831.007,6479.7627
3531,2022-11-23,6923.15,6565.79
3532,2022-11-24,6932.647,6646.2925
3533,2022-11-25,6775.7188,6739.5303
3534,2022-11-26,6421.1006,6159.658
3535,2022-11-27,6446.791,6526.6636
3536,2022-11-28,6970.6177,6906.6245
3537,2022-11-29,6967.27,6692.1196
3538,2022-11-30,6961.123,7068.4277
3539,2022-12-01,6941.022,7149.0615
3540,2022-12-02,6827.0967,6928.532
3541,2022-12-03,6436.7383,6324.832
3542,2022-11-21,6486.598,6519.575
3543,2022-11-22,6677.48,6479.7627
3544,2022-11-23,6765.1074,6565.79
3545,2022-11-24,6817.5723,6646.2925
3546,2022-11-25,6728.83,6739.5303
3547,2022-11-26,6321.949,6159.658
3548,2022-11-27,6198.603,6526.6636
3549,2022-11-28,6751.155,6906.6245
3550,2022-11-29,6873.3857,6692.1196
3551,2022-11-30,6903.5225,7068.4277
3552,2022-12-01,6973.2905,7149.0615
3553,2022-12-02,6854.408,6928.532
3554,2022-12-03,6347.623,6324.832
3555,2022-12-04,6302.4155,6230.88
3556,2022-11-22,6823.127,6479.7627
3557,2022-11-23,6830.937,6565.79
3558,2022-11-24,6923.5483,6646.2925
3559,2022-11-25,6851.578,6739.5303
3560,2022-11-26,6398.564,6159.658
3561,2022-11-27,6323.2476,6526.6636
3562,2022-11-28,6853.812,6906.6245
3563,2022-11-29,6915.179,6692.1196
3564,2022-11-30,6938.0537,7068.4277
3565,2022-12-01,6941.96,7149.0615
3566,2022-12-02,6798.578,6928.532
3567,2022-12-03,6378.4805,6324.832
3568,2022-12-04,6339.9814,6230.88
3569,2022-12-05,6866.641,7272.07
3570,2022-11-23,6586.9004,6565.79
3571,2022-11-24,6746.346,6646.2925
3572,2022-11-25,6682.233,6739.5303
3573,2022-11-26,6274.14,6159.658
3574,2022-11-27,6236.787,6526.6636
3575,2022-11-28,6764.7437,6906.6245
3576,2022-11-29,6821.609,6692.1196
3577,2022-11-30,6832.7593,7068.4277
3578,2022-12-01,6881.8193,7149.0615
3579,2022-12-02,6744.6724,6928.532
3580,2022-12-03,6293.095,6324.832
3581,2022-12-04,6285.8477,6230.88
3582,2022-12-05,6820.493,7272.07
3583,2022-12-06,6908.5796,6957.436
3584,2022-11-24,6707.2783,6646.2925
3585,2022-11-25,6749.621,6739.5303
3586,2022-11-26,6336.7886,6159.658
3587,2022-11-27,6214.2207,6526.6636
3588,2022-11-28,6705.053,6906.6245
3589,2022-11-29,6810.906,6692.1196
3590,2022-11-30,6863.833,7068.4277
3591,2022-12-01,6874.416,7149.0615
3592,2022-12-02,6780.2627,6928.532
3593,2022-12-03,6345.1445,6324.832
3594,2022-12-04,6277.176,6230.88
3595,2022-12-05,6736.25,7272.07
3596,2022-12-06,6849.9062,6957.436
3597,2022-12-07,6900.6035,7108.3604
3598,2022-11-25,6586.1323,6739.5303
3599,2022-11-26,6242.013,6159.658
3600,2022-11-27,6124.523,6526.6636
3601,2022-11-28,6649.6074,6906.6245
3602,2022-11-29,6771.553,6692.1196
3603,2022-11-30,6807.748,7068.4277
3604,2022-12-01,6845.614,7149.0615
3605,2022-12-02,6723.11,6928.532
3606,2022-12-03,6323.31,6324.832
3607,2022-12-04,6156.26,6230.88
3608,2022-12-05,6694.713,7272.07
3609,2022-12-06,6820.0005,6957.436
3610,2022-12-07,6868.442,7108.3604
3611,2022-12-08,6920.784,6557.74
3612,2022-11-26,6245.6694,6159.658
3613,2022-11-27,6089.848,6526.6636
3614,2022-11-28,6640.787,6906.6245
3615,2022-11-29,6725.377,6692.1196
3616,2022-11-30,6822.766,7068.4277
3617,2022-12-01,6846.1387,7149.0615
3618,2022-12-02,6767.6694,6928.532
3619,2022-12-03,6318.5713,6324.832
3620,2022-12-04,6153.288,6230.88
3621,2022-12-05,6632.9956,7272.07
3622,2022-12-06,6767.1177,6957.436
3623,2022-12-07,6813.8613,7108.3604
3624,2022-12-08,6873.4067,6557.74
3625,2022-12-09,6837.234,6628.6353
3626,2022-11-27,6052.2583,6526.6636
3627,2022-11-28,6628.4536,6906.6245
3628,2022-11-29,6694.6377,6692.1196
3629,2022-11-30,6760.265,7068.4277
3630,2022-12-01,6810.877,7149.0615
3631,2022-12-02,6755.26,6928.532
3632,2022-12-03,6241.911,6324.832
3633,2022-12-04,6160.155,6230.88
3634,2022-12-05,6702.98,7272.07
3635,2022-12-06,6798.085,6957.436
3636,2022-12-07,6833.123,7108.3604
3637,2022-12-08,6922.111,6557.74
3638,2022-12-09,6875.9507,6628.6353
3639,2022-12-10,6426.005,6354.692
3640,2022-11-28,6984.768,6906.6245
3641,2022-11-29,7000.3345,6692.1196
3642,2022-11-30,7019.2363,7068.4277
3643,2022-12-01,7013.1206,7149.0615
3644,2022-12-02,6841.339,6928.532
3645,2022-12-03,6340.439,6324.832
3646,2022-12-04,6296.522,6230.88
3647,2022-12-05,6792.4155,7272.07
3648,2022-12-06,6897.4863,6957.436
3649,2022-12-07,6950.857,7108.3604
3650,2022-12-08,7026.4644,6557.74
3651,2022-12-09,6917.5015,6628.6353
3652,2022-12-10,6547.2476,6354.692
3653,2022-12-11,6575.045,6342.621
3654,2022-11-29,6901.898,6692.1196
3655,2022-11-30,6918.5684,7068.4277
3656,2022-12-01,6936.355,7149.0615
3657,2022-12-02,6775.187,6928.532
3658,2022-12-03,6305.5737,6324.832
3659,2022-12-04,6296.1274,6230.88
3660,2022-12-05,6766.294,7272.07
3661,2022-12-06,6869.6646,6957.436
3662,2022-12-07,6906.9,7108.3604
3663,2022-12-08,7011.937,6557.74
3664,2022-12-09,6913.5693,6628.6353
3665,2022-12-10,6529.544,6354.692
3666,2022-12-11,6590.122,6342.621
3667,2022-12-12,7018.05,7391.589
3668,2022-11-30,6732.33,7068.4277
3669,2022-12-01,6785.0967,7149.0615
3670,2022-12-02,6620.135,6928.532
3671,2022-12-03,6254.1074,6324.832
3672,2022-12-04,6254.1074,6230.88
3673,2022-12-05,6717.889,7272.07
3674,2022-12-06,6771.766,6957.436
3675,2022-12-07,6847.306,7108.3604
3676,2022-12-08,6899.515,6557.74
3677,2022-12-09,6765.6562,6628.6353
3678,2022-12-10,6468.5024,6354.692
3679,2022-12-11,6554.5933,6342.621
3680,2022-12-12,6914.511,7391.589
3681,2022-12-13,7016.7114,6623.9907
3682,2022-12-01,6971.6367,7149.0615
3683,2022-12-02,6727.4043,6928.532
3684,2022-12-03,6328.868,6324.832
3685,2022-12-04,6315.5454,6230.88
3686,2022-12-05,6767.371,7272.07
3687,2022-12-06,6856.7363,6957.436
3688,2022-12-07,6892.8145,7108.3604
3689,2022-12-08,6991.0645,6557.74
3690,2022-12-09,6847.301,6628.6353
3691,2022-12-10,6443.2114,6354.692
3692,2022-12-11,6467.0776,6342.621
3693,2022-12-12,6911.688,7391.589
3694,2022-12-13,6983.291,6623.9907
3695,2022-12-14,7064.8877,6553.3706
3696,2022-12-02,6759.415,6928.532
3697,2022-12-03,6372.212,6324.832
3698,2022-12-04,6362.7812,6230.88
3699,2022-12-05,6840.406,7272.07
3700,2022-12-06,6913.074,6957.436
3701,2022-12-07,6979.088,7108.3604
3702,2022-12-08,7035.116,6557.74
3703,2022-12-09,6942.476,6628.6353
3704,2022-12-10,6533.6387,6354.692
3705,2022-12-11,6611.8564,6342.621
3706,2022-12-12,7075.056,7391.589
3707,2022-12-13,7133.86,6623.9907
3708,2022-12-14,7131.0854,6553.3706
3709,2022-12-15,7184.8945,6635.8984
3710,2022-12-03,6464.459,6324.832
3711,2022-12-04,6368.5537,6230.88
3712,2022-12-05,6857.502,7272.07
3713,2022-12-06,6966.712,6957.436
3714,2022-12-07,7027.138,7108.3604
3715,2022-12-08,7091.9985,6557.74
3716,2022-12-09,6966.1562,6628.6353
3717,2022-12-10,6502.155,6354.692
3718,2022-12-11,6506.5894,6342.621
3719,2022-12-12,6993.3213,7391.589
3720,2022-12-13,7039.888,6623.9907
3721,2022-12-14,7089.7812,6553.3706
3722,2022-12-15,7169.058,6635.8984
3723,2022-12-16,6973.9194,6668.976
3724,2022-12-04,6214.234,6230.88
3725,2022-12-05,6758.672,7272.07
3726,2022-12-06,6868.334,6957.436
3727,2022-12-07,6937.013,7108.3604
3728,2022-12-08,6987.413,6557.74
3729,2022-12-09,6923.7188,6628.6353
3730,2022-12-10,6471.7764,6354.692
3731,2022-12-11,6471.775,6342.621
3732,2022-12-12,6965.2573,7391.589
3733,2022-12-13,7101.507,6623.9907
3734,2022-12-14,7083.781,6553.3706
3735,2022-12-15,7166.3076,6635.8984
3736,2022-12-16,6989.0737,6668.976
3737,2022-12-17,6502.79,6357.5283
3738,2022-12-05,6908.2695,7272.07
3739,2022-12-06,6926.5337,6957.436
3740,2022-12-07,7036.12,7108.3604
3741,2022-12-08,7133.5293,6557.74
3742,2022-12-09,6982.987,6628.6353
3743,2022-12-10,6518.0806,6354.692
3744,2022-12-11,6608.2964,6342.621
3745,2022-12-12,7104.7485,7391.589
3746,2022-12-13,7203.265,6623.9907
3747,2022-12-14,7226.511,6553.3706
3748,2022-12-15,7243.1133,6635.8984
3749,2022-12-16,7064.898,6668.976
3750,2022-12-17,6632.0938,6357.5283
3751,2022-12-18,6712.8994,6154.2734
3752,2022-12-06,7139.884,6957.436
3753,2022-12-07,7147.0767,7108.3604
3754,2022-12-08,7241.138,6557.74
3755,2022-12-09,7077.36,6628.6353
3756,2022-12-10,6579.937,6354.692
3757,2022-12-11,6540.6514,6342.621
3758,2022-12-12,7041.9473,7391.589
3759,2022-12-13,7133.2437,6623.9907
3760,2022-12-14,7174.187,6553.3706
3761,2022-12-15,7234.4995,6635.8984
3762,2022-12-16,7051.905,6668.976
3763,2022-12-17,6612.0254,6357.5283
3764,2022-12-18,6572.188,6154.2734
3765,2022-12-19,7143.755,6648.146
3766,2022-12-07,6980.936,7108.3604
3767,2022-12-08,7066.102,6557.74
3768,2022-12-09,6915.679,6628.6353
3769,2022-12-10,6432.881,6354.692
3770,2022-12-11,6391.9556,6342.621
3771,2022-12-12,6951.6274,7391.589
3772,2022-12-13,6938.352,6623.9907
3773,2022-12-14,7017.99,6553.3706
3774,2022-12-15,7042.877,6635.8984
3775,2022-12-16,6885.8164,6668.976
3776,2022-12-17,6414.631,6357.5283
3777,2022-12-18,6456.108,6154.2734
3778,2022-12-19,7047.855,6648.146
3779,2022-12-20,7089.884,6714.944
3780,2022-12-08,7168.4595,6557.74
3781,2022-12-09,7093.2793,6628.6353
3782,2022-12-10,6578.089,6354.692
3783,2022-12-11,6509.5425,6342.621
3784,2022-12-12,7127.0015,7391.589
3785,2022-12-13,7156.8506,6623.9907
3786,2022-12-14,7116.497,6553.3706
3787,2022-12-15,7204.389,6635.8984
3788,2022-12-16,7086.648,6668.976
3789,2022-12-17,6576.4307,6357.5283
3790,2022-12-18,6539.3936,6154.2734
3791,2022-12-19,7144.136,6648.146
3792,2022-12-20,7198.862,6714.944
3793,2022-12-21,7243.636,6554.9946
3794,2022-12-09,6596.2007,6628.6353
3795,2022-12-10,6218.945,6354.692
3796,2022-12-11,6169.784,6342.621
3797,2022-12-12,6775.7173,7391.589
3798,2022-12-13,6812.1714,6623.9907
3799,2022-12-14,6846.418,6553.3706
3800,2022-12-15,6883.425,6635.8984
3801,2022-12-16,6772.4033,6668.976
3802,2022-12-17,6336.595,6357.5283
3803,2022-12-18,6301.244,6154.2734
3804,2022-12-19,6885.6343,6648.146
3805,2022-12-20,6951.916,6714.944
3806,2022-12-21,6996.6577,6554.9946
3807,2022-12-22,7008.2563,7098.222
3808,2022-12-10,6228.795,6354.692
3809,2022-12-11,6174.6895,6342.621
3810,2022-12-12,6830.031,7391.589
3811,2022-12-13,6905.669,6623.9907
3812,2022-12-14,6943.7617,6553.3706
3813,2022-12-15,7045.3506,6635.8984
3814,2022-12-16,6912.294,6668.976
3815,2022-12-17,6415.404,6357.5283
3816,2022-12-18,6418.163,6154.2734
3817,2022-12-19,6972.4736,6648.146
3818,2022-12-20,7039.2783,6714.944
3819,2022-12-21,7090.621,6554.9946
3820,2022-12-22,7099.456,7098.222
3821,2022-12-23,6932.172,6979.0425
3822,2022-12-11,6185.426,6342.621
3823,2022-12-12,6879.562,7391.589
3824,2022-12-13,6920.392,6623.9907
3825,2022-12-14,6940.257,6553.3706
3826,2022-12-15,6995.433,6635.8984
3827,2022-12-16,6914.875,6668.976
3828,2022-12-17,6444.7607,6357.5283
3829,2022-12-18,6405.0317,6154.2734
3830,2022-12-19,7060.5425,6648.146
3831,2022-12-20,7082.6157,6714.944
3832,2022-12-21,7106.3433,6554.9946
3833,2022-12-22,7095.3066,7098.222
3834,2022-12-23,7031.851,6979.0425
3835,2022-12-24,6528.0806,6913.1987
3836,2022-12-12,6907.2886,7391.589
3837,2022-12-13,6965.1934,6623.9907
3838,2022-12-14,6974.569,6553.3706
3839,2022-12-15,6984.497,6635.8984
3840,2022-12-16,6886.8823,6668.976
3841,2022-12-17,6411.5083,6357.5283
3842,2022-12-18,6393.3086,6154.2734
3843,2022-12-19,6975.672,6648.146
3844,2022-12-20,7036.333,6714.944
3845,2022-12-21,7051.2246,6554.9946
3846,2022-12-22,7084.8657,7098.222
3847,2022-12-23,6964.0923,6979.0425
3848,2022-12-24,6573.092,6913.1987
3849,2022-12-25,6525.6626,6277.762
3850,2022-12-13,7174.9707,6623.9907
3851,2022-12-14,7182.134,6553.3706
3852,2022-12-15,7159.5283,6635.8984
3853,2022-12-16,7010.647,6668.976
3854,2022-12-17,6487.908,6357.5283
3855,2022-12-18,6436.625,6154.2734
3856,2022-12-19,7054.207,6648.146
3857,2022-12-20,7086.7407,6714.944
3858,2022-12-21,7134.713,6554.9946
3859,2022-12-22,7187.65,7098.222
3860,2022-12-23,7078.47,6979.0425
3861,2022-12-24,6614.732,6913.1987
3862,2022-12-25,6566.7583,6277.762
3863,2022-12-26,7179.93,6660.1753
3864,2022-12-14,6812.264,6553.3706
3865,2022-12-15,6856.9014,6635.8984
3866,2022-12-16,6786.3633,6668.976
3867,2022-12-17,6328.9795,6357.5283
3868,2022-12-18,6347.7163,6154.2734
3869,2022-12-19,6944.518,6648.146
3870,2022-12-20,6978.1323,6714.944
3871,2022-12-21,6988.6045,6554.9946
3872,2022-12-22,7010.0967,7098.222
3873,2022-12-23,6936.8057,6979.0425
3874,2022-12-24,6471.707,6913.1987
3875,2022-12-25,6465.6426,6277.762
3876,2022-12-26,7114.7983,6660.1753
3877,2022-12-27,7105.982,6741.5703
3878,2022-12-15,6706.619,6635.8984
3879,2022-12-16,6679.6357,6668.976
3880,2022-12-17,6310.6855,6357.5283
3881,2022-12-18,6301.8765,6154.2734
3882,2022-12-19,6928.5376,6648.146
3883,2022-12-20,6913.6724,6714.944
3884,2022-12-21,6951.668,6554.9946
3885,2022-12-22,6967.087,7098.222
3886,2022-12-23,6861.9067,6979.0425
3887,2022-12-24,6465.424,6913.1987
3888,2022-12-25,6383.3755,6277.762
3889,2022-12-26,6952.766,6660.1753
3890,2022-12-27,7039.774,6741.5703
3891,2022-12-28,7029.86,7141.863
3892,2022-12-16,6585.6274,6668.976
3893,2022-12-17,6169.0376,6357.5283
3894,2022-12-18,6189.9507,6154.2734
3895,2022-12-19,6870.1387,6648.146
3896,2022-12-20,6876.1943,6714.944
3897,2022-12-21,6865.7383,6554.9946
3898,2022-12-22,6922.42,7098.222
3899,2022-12-23,6795.297,6979.0425
3900,2022-12-24,6386.964,6913.1987
3901,2022-12-25,6351.194,6277.762
3902,2022-12-26,6914.165,6660.1753
3903,2022-12-27,6966.446,6741.5703
3904,2022-12-28,6970.2974,7141.863
3905,2022-12-29,6979.654,7007.351
3906,2022-12-17,6182.011,6357.5283
3907,2022-12-18,6244.1543,6154.2734
3908,2022-12-19,6889.7983,6648.146
3909,2022-12-20,6852.402,6714.944
3910,2022-12-21,6917.2954,6554.9946
3911,2022-12-22,6911.2456,7098.222
3912,2022-12-23,6760.0073,6979.0425
3913,2022-12-24,6353.594,6913.1987
3914,2022-12-25,6333.245,6277.762
3915,2022-12-26,6873.8496,6660.1753
3916,2022-12-27,6879.8975,6741.5703
3917,2022-12-28,6929.9424,7141.863
3918,2022-12-29,6947.541,7007.351
3919,2022-12-30,6872.7485,6795.5225
3920,2022-12-18,6330.5117,6154.2734
3921,2022-12-19,7006.9736,6648.146
3922,2022-12-20,6928.393,6714.944
3923,2022-12-21,6905.862,6554.9946
3924,2022-12-22,6930.5913,7098.222
3925,2022-12-23,6799.804,6979.0425
3926,2022-12-24,6377.7705,6913.1987
3927,2022-12-25,6374.4746,6277.762
3928,2022-12-26,7005.872,6660.1753
3929,2022-12-27,7031.154,6741.5703
3930,2022-12-28,7045.99,7141.863
3931,2022-12-29,7041.0454,7007.351
3932,2022-12-30,6916.852,6795.5225
3933,2022-12-31,6542.0786,6575.758
3934,2022-12-19,6877.549,6648.146
3935,2022-12-20,6888.5317,6714.944
3936,2022-12-21,6922.034,6554.9946
3937,2022-12-22,6914.8955,7098.222
3938,2022-12-23,6820.4263,6979.0425
3939,2022-12-24,6353.0254,6913.1987
3940,2022-12-25,6303.044,6277.762
3941,2022-12-26,6951.145,6660.1753
3942,2022-12-27,7015.9546,6741.5703
3943,2022-12-28,7028.0396,7141.863
3944,2022-12-29,7032.98,7007.351
3945,2022-12-30,6934.119,6795.5225
3946,2022-12-31,6527.683,6575.758
3947,2023-01-01,6588.649,6424.499
3948,2022-12-20,6782.0312,6714.944
3949,2022-12-21,6783.677,6554.9946
3950,2022-12-22,6867.129,7098.222
3951,2022-12-23,6801.7964,6979.0425
3952,2022-12-24,6412.54,6913.1987
3953,2022-12-25,6425.1675,6277.762
3954,2022-12-26,6957.717,6660.1753
3955,2022-12-27,6959.365,6741.5703
3956,2022-12-28,6997.247,7141.863
3957,2022-12-29,7049.953,7007.351
3958,2022-12-30,6897.325,6795.5225
3959,2022-12-31,6525.639,6575.758
3960,2023-01-01,6498.1875,6424.499
3961,2023-01-02,7098.8164,6531.9624
3962,2022-12-21,6718.6226,6554.9946
3963,2022-12-22,6742.7686,7098.222
3964,2022-12-23,6675.8174,6979.0425
3965,2022-12-24,6287.8345,6913.1987
3966,2022-12-25,6264.2373,6277.762
3967,2022-12-26,6798.196,6660.1753
3968,2022-12-27,6868.985,6741.5703
3969,2022-12-28,6862.9487,7141.863
3970,2022-12-29,6893.6846,7007.351
3971,2022-12-30,6797.0986,6795.5225
3972,2022-12-31,6445.88,6575.758
3973,2023-01-01,6481.003,6424.499
3974,2023-01-02,7044.0464,6531.9624
3975,2023-01-03,7092.339,7273.784
3976,2022-12-22,6678.6035,7098.222
3977,2022-12-23,6699.998,6979.0425
3978,2022-12-24,6360.445,6913.1987
3979,2022-12-25,6261.7056,6277.762
3980,2022-12-26,6816.293,6660.1753
3981,2022-12-27,6840.425,6741.5703
3982,2022-12-28,6862.9155,7141.863
3983,2022-12-29,6957.8174,7007.351
3984,2022-12-30,6893.0864,6795.5225
3985,2022-12-31,6522.267,6575.758
3986,2023-01-01,6473.446,6424.499
3987,2023-01-02,7061.49,6531.9624
3988,2023-01-03,7091.1157,7273.784
3989,2023-01-04,7045.585,7314.861
3990,2022-12-23,6927.5986,6979.0425
3991,2022-12-24,6444.9893,6913.1987
3992,2022-12-25,6358.3413,6277.762
3993,2022-12-26,7051.5396,6660.1753
3994,2022-12-27,7037.2827,6741.5703
3995,2022-12-28,7093.22,7141.863
3996,2022-12-29,7088.284,7007.351
3997,2022-12-30,6954.4717,6795.5225
3998,2022-12-31,6577.16,6575.758
3999,2023-01-01,6528.9,6424.499
4000,2023-01-02,7191.386,6531.9624
4001,2023-01-03,7254.455,7273.784
4002,2023-01-04,7207.292,7314.861
4003,2023-01-05,7200.1606,6837.7
4004,2022-12-24,6448.5674,6913.1987
4005,2022-12-25,6423.897,6277.762
4006,2022-12-26,7044.52,6660.1753
4007,2022-12-27,7057.6787,6741.5703
4008,2022-12-28,7073.029,7141.863
4009,2022-12-29,7152.525,7007.351
4010,2022-12-30,7033.555,6795.5225
4011,2022-12-31,6573.572,6575.758
4012,2023-01-01,6525.8735,6424.499
4013,2023-01-02,7165.6846,6531.9624
4014,2023-01-03,7135.531,7273.784
4015,2023-01-04,7195.838,7314.861
4016,2023-01-05,7210.6426,6837.7
4017,2023-01-06,7043.4243,6784.0356
4018,2022-12-25,6572.239,6277.762
4019,2022-12-26,7267.655,6660.1753
4020,2022-12-27,7321.9106,6741.5703
4021,2022-12-28,7278.616,7141.863
4022,2022-12-29,7244.091,7007.351
4023,2022-12-30,7144.355,6795.5225
4024,2022-12-31,6741.5693,6575.758
4025,2023-01-01,6688.413,6424.499
4026,2023-01-02,7263.82,6531.9624
4027,2023-01-03,7291.7676,7273.784
4028,2023-01-04,7306.016,7314.861
4029,2023-01-05,7304.9204,6837.7
4030,2023-01-06,7183.2637,6784.0356
4031,2023-01-07,6794.7275,6397.1084
4032,2022-12-26,6678.5225,6660.1753
4033,2022-12-27,6955.148,6741.5703
4034,2022-12-28,7007.736,7141.863
4035,2022-12-29,7055.3936,7007.351
4036,2022-12-30,6988.561,6795.5225
4037,2022-12-31,6709.1943,6575.758
4038,2023-01-01,6499.9434,6424.499
4039,2023-01-02,6953.5063,6531.9624
4040,2023-01-03,7097.0225,7273.784
4041,2023-01-04,7048.821,7314.861
4042,2023-01-05,7044.44,6837.7
4043,2023-01-06,7040.6006,6784.0356
4044,2023-01-07,6666.4688,6397.1084
4045,2023-01-08,6478.581,5968.841
4046,2022-12-27,6961.0566,6741.5703
4047,2022-12-28,7005.4194,7141.863
4048,2022-12-29,7073.3325,7007.351
4049,2022-12-30,6984.06,6795.5225
4050,2022-12-31,6704.194,6575.758
4051,2023-01-01,6465.404,6424.499
4052,2023-01-02,7022.9443,6531.9624
4053,2023-01-03,7181.7715,7273.784
4054,2023-01-04,7157.677,7314.861
4055,2023-01-05,7192.178,6837.7
4056,2023-01-06,7068.4033,6784.0356
4057,2023-01-07,6710.766,6397.1084
4058,2023-01-08,6548.652,5968.841
4059,2023-01-09,7088.12,6846.109
4060,2022-12-28,6849.1055,7141.863
4061,2022-12-29,6926.3027,7007.351
4062,2022-12-30,6916.995,6795.5225
4063,2022-12-31,6643.2505,6575.758
4064,2023-01-01,6474.0776,6424.499
4065,2023-01-02,6939.9907,6531.9624
4066,2023-01-03,7066.4604,7273.784
4067,2023-01-04,7088.36,7314.861
4068,2023-01-05,7114.641,6837.7
4069,2023-01-06,7072.484,6784.0356
4070,2023-01-07,6700.19,6397.1084
4071,2023-01-08,6539.2285,5968.841
4072,2023-01-09,7000.7637,6846.109
4073,2023-01-10,7051.1323,7067.402
4074,2022-12-29,7094.305,7007.351
4075,2022-12-30,7030.8125,6795.5225
4076,2022-12-31,6688.1655,6575.758
4077,2023-01-01,6532.1694,6424.499
4078,2023-01-02,7008.3726,6531.9624
4079,2023-01-03,7153.4204,7273.784
4080,2023-01-04,7132.621,7314.861
4081,2023-01-05,7154.515,6837.7
4082,2023-01-06,7077.3394,6784.0356
4083,2023-01-07,6675.5776,6397.1084
4084,2023-01-08,6519.034,5968.841
4085,2023-01-09,6943.2363,6846.109
4086,2023-01-10,7124.411,7067.402
4087,2023-01-11,7123.3164,7342.152
4088,2022-12-30,6964.686,6795.5225
4089,2022-12-31,6793.427,6575.758
4090,2023-01-01,6510.551,6424.499
4091,2023-01-02,6709.1655,6531.9624
4092,2023-01-03,7167.68,7273.784
4093,2023-01-04,7164.3965,7314.861
4094,2023-01-05,7144.1494,6837.7
4095,2023-01-06,7072.477,6784.0356
4096,2023-01-07,6894.1035,6397.1084
4097,2023-01-08,6501.2485,5968.841
4098,2023-01-09,6667.036,6846.109
4099,2023-01-10,7176.984,7067.402
4100,2023-01-11,7184.6426,7342.152
4101,2023-01-12,7144.701,7506.213
4102,2022-12-31,6685.859,6575.758
4103,2023-01-01,6357.145,6424.499
4104,2023-01-02,6371.912,6531.9624
4105,2023-01-03,6990.509,7273.784
4106,2023-01-04,6976.2876,7314.861
4107,2023-01-05,6953.8633,6837.7
4108,2023-01-06,6939.643,6784.0356
4109,2023-01-07,6795.2495,6397.1084
4110,2023-01-08,6426.0605,5968.841
4111,2023-01-09,6480.755,6846.109
4112,2023-01-10,7045.7485,7067.402
4113,2023-01-11,7039.7344,7342.152
4114,2023-01-12,7046.2974,7506.213
4115,2023-01-13,6990.5073,7542.3027
4116,2023-01-01,6244.29,6424.499
4117,2023-01-02,6387.536,6531.9624
4118,2023-01-03,6917.8726,7273.784
4119,2023-01-04,6929.353,7314.861
4120,2023-01-05,6944.1143,6837.7
4121,2023-01-06,6941.929,6784.0356
4122,2023-01-07,6737.994,6397.1084
4123,2023-01-08,6388.083,5968.841
4124,2023-01-09,6530.234,6846.109
4125,2023-01-10,7035.9663,7067.402
4126,2023-01-11,7049.087,7342.152
4127,2023-01-12,7035.966,7506.213
4128,2023-01-13,7000.43,7542.3027
4129,2023-01-14,6811.8037,7021.9546
4130,2023-01-02,6624.23,6531.9624
4131,2023-01-03,7096.45,7273.784
4132,2023-01-04,7065.295,7314.861
4133,2023-01-05,7060.377,6837.7
4134,2023-01-06,7045.6206,6784.0356
4135,2023-01-07,6833.5586,6397.1084
4136,2023-01-08,6530.7695,5968.841
4137,2023-01-09,6737.9126,6846.109
4138,2023-01-10,7113.94,7067.402
4139,2023-01-11,7075.681,7342.152
4140,2023-01-12,7096.995,7506.213
4141,2023-01-13,7099.1826,7542.3027
4142,2023-01-14,6845.0356,7021.9546
4143,2023-01-15,6595.261,7104.458
4144,2023-01-03,7103.297,7273.784
4145,2023-01-04,7123.5107,7314.861
4146,2023-01-05,7150.826,6837.7
4147,2023-01-06,7119.1406,6784.0356
4148,2023-01-07,6953.6035,6397.1084
4149,2023-01-08,6580.466,5968.841
4150,2023-01-09,6706.1187,6846.109
4151,2023-01-10,7196.1704,7067.402
4152,2023-01-11,7239.8774,7342.152
4153,2023-01-12,7246.978,7506.213
4154,2023-01-13,7212.0176,7542.3027
4155,2023-01-14,7004.958,7021.9546
4156,2023-01-15,6694.1006,7104.458
4157,2023-01-16,6794.078,7820.7744
4158,2023-01-04,7244.822,7314.861
4159,2023-01-05,7206.5874,6837.7
4160,2023-01-06,7176.5454,6784.0356
4161,2023-01-07,6952.054,6397.1084
4162,2023-01-08,6588.832,5968.841
4163,2023-01-09,6717.735,6846.109
4164,2023-01-10,7155.243,7067.402
4165,2023-01-11,7157.973,7342.152
4166,2023-01-12,7178.185,7506.213
4167,2023-01-13,7154.1514,7542.3027
4168,2023-01-14,6952.056,7021.9546
4169,2023-01-15,6684.418,7104.458
4170,2023-01-16,6832.4395,7820.7744
4171,2023-01-17,7253.013,7893.3604
4172,2023-01-05,7175.5444,6837.7
4173,2023-01-06,7053.213,6784.0356
4174,2023-01-07,6753.9355,6397.1084
4175,2023-01-08,6502.1694,5968.841
4176,2023-01-09,6871.352,6846.109
4177,2023-01-10,7170.083,7067.402
4178,2023-01-11,7173.36,7342.152
4179,2023-01-12,7170.629,7506.213
4180,2023-01-13,7130.763,7542.3027
4181,2023-01-14,6828.7544,7021.9546
4182,2023-01-15,6602.6587,7104.458
4183,2023-01-16,6909.034,7820.7744
4184,2023-01-17,7216.503,7893.3604
4185,2023-01-18,7219.236,8244.7705
4186,2023-01-06,6851.163,6784.0356
4187,2023-01-07,6743.595,6397.1084
4188,2023-01-08,6431.259,5968.841
4189,2023-01-09,6560.67,6846.109
4190,2023-01-10,7023.167,7067.402
4191,2023-01-11,7006.787,7342.152
4192,2023-01-12,7021.5312,7506.213
4193,2023-01-13,7039.003,7542.3027
4194,2023-01-14,6811.8477,7021.9546
4195,2023-01-15,6482.041,7104.458
4196,2023-01-16,6641.486,7820.7744
4197,2023-01-17,7026.9893,7893.3604
4198,2023-01-18,7098.52,8244.7705
4199,2023-01-19,7063.0293,7589.544
4200,2023-01-07,6554.165,6397.1084
4201,2023-01-08,6307.9414,5968.841
4202,2023-01-09,6483.192,6846.109
4203,2023-01-10,6925.415,7067.402
4204,2023-01-11,6934.6943,7342.152
4205,2023-01-12,6945.614,7506.213
4206,2023-01-13,6931.964,7542.3027
4207,2023-01-14,6719.588,7021.9546
4208,2023-01-15,6445.523,7104.458
4209,2023-01-16,6591.838,7820.7744
4210,2023-01-17,7049.3433,7893.3604
4211,2023-01-18,7043.8857,8244.7705
4212,2023-01-19,7076.6406,7589.544
4213,2023-01-20,7046.614,7128.408
4214,2023-01-08,6235.6694,5968.841
4215,2023-01-09,6884.01,6846.109
4216,2023-01-10,7019.3555,7067.402
4217,2023-01-11,7029.179,7342.152
4218,2023-01-12,7028.0874,7506.213
4219,2023-01-13,6987.156,7542.3027
4220,2023-01-14,6603.4995,7021.9546
4221,2023-01-15,6470.339,7104.458
4222,2023-01-16,7076.111,7820.7744
4223,2023-01-17,7132.87,7893.3604
4224,2023-01-18,7234.922,8244.7705
4225,2023-01-19,7175.439,7589.544
4226,2023-01-20,7088.12,7128.408
4227,2023-01-21,6680.4487,6406.5664
4228,2023-01-09,6397.455,6846.109
4229,2023-01-10,6758.0513,7067.402
4230,2023-01-11,6801.694,7342.152
4231,2023-01-12,6880.797,7506.213
4232,2023-01-13,6884.6167,7542.3027
4233,2023-01-14,6561.114,7021.9546
4234,2023-01-15,6373.4517,7104.458
4235,2023-01-16,6804.4224,7820.7744
4236,2023-01-17,7036.273,7893.3604
4237,2023-01-18,7025.909,8244.7705
4238,2023-01-19,7083.1904,7589.544
4239,2023-01-20,6956.08,7128.408
4240,2023-01-21,6591.665,6406.5664
4241,2023-01-22,6451.464,6738.308
4242,2023-01-10,7020.0254,7067.402
4243,2023-01-11,7022.21,7342.152
4244,2023-01-12,7044.0293,7506.213
4245,2023-01-13,6937.1113,7542.3027
4246,2023-01-14,6572.719,7021.9546
4247,2023-01-15,6511.075,7104.458
4248,2023-01-16,7095.8506,7820.7744
4249,2023-01-17,7122.58,7893.3604
4250,2023-01-18,7125.306,8244.7705
4251,2023-01-19,7111.672,7589.544
4252,2023-01-20,6985.115,7128.408
4253,2023-01-21,6565.0806,6406.5664
4254,2023-01-22,6592.355,6738.308
4255,2023-01-23,7203.314,7145.9624
4256,2023-01-11,7073.054,7342.152
4257,2023-01-12,7051.7837,7506.213
4258,2023-01-13,6948.6973,7542.3027
4259,2023-01-14,6547.811,7021.9546
4260,2023-01-15,6433.273,7104.458
4261,2023-01-16,7105.781,7820.7744
4262,2023-01-17,7155.958,7893.3604
4263,2023-01-18,7129.781,8244.7705
4264,2023-01-19,7158.685,7589.544
4265,2023-01-20,7045.2373,7128.408
4266,2023-01-21,6612.7163,6406.5664
4267,2023-01-22,6600.7183,6738.308
4268,2023-01-23,7255.225,7145.9624
4269,2023-01-24,7345.764,7596.824
4270,2023-01-12,7168.142,7506.213
4271,2023-01-13,6987.6294,7542.3027
4272,2023-01-14,6553.5264,7021.9546
4273,2023-01-15,6556.254,7104.458
4274,2023-01-16,7236.3105,7820.7744
4275,2023-01-17,7213.405,7893.3604
4276,2023-01-18,7228.13,8244.7705
4277,2023-01-19,7264.6675,7589.544
4278,2023-01-20,7109.786,7128.408
4279,2023-01-21,6660.9624,6406.5664
4280,2023-01-22,6660.96,6738.308
4281,2023-01-23,7276.666,7145.9624
4282,2023-01-24,7314.8413,7596.824
4283,2023-01-25,7295.755,7819.8335
4284,2023-01-13,7226.0215,7542.3027
4285,2023-01-14,6754.8994,7021.9546
4286,2023-01-15,6639.8477,7104.458
4287,2023-01-16,7359.07,7820.7744
4288,2023-01-17,7449.585,7893.3604
4289,2023-01-18,7454.4907,8244.7705
4290,2023-01-19,7418.503,7589.544
4291,2023-01-20,7265.8257,7128.408
4292,2023-01-21,6783.255,6406.5664
4293,2023-01-22,6734.179,6738.308
4294,2023-01-23,7397.7827,7145.9624
4295,2023-01-24,7446.858,7596.824
4296,2023-01-25,7434.3174,7819.8335
4297,2023-01-26,7496.4785,7772.902
4298,2023-01-14,6935.2324,7021.9546
4299,2023-01-15,6741.134,7104.458
4300,2023-01-16,7364.3237,7820.7744
4301,2023-01-17,7470.0967,7893.3604
4302,2023-01-18,7508.263,8244.7705
4303,2023-01-19,7523.5273,7589.544
4304,2023-01-20,7376.8633,7128.408
4305,2023-01-21,6898.703,6406.5664
4306,2023-01-22,6748.2217,6738.308
4307,2023-01-23,7417.756,7145.9624
4308,2023-01-24,7486.998,7596.824
4309,2023-01-25,7485.9087,7819.8335
4310,2023-01-26,7544.247,7772.902
4311,2023-01-27,7378.4976,8013.03
4312,2023-01-15,6651.8926,7104.458
4313,2023-01-16,7286.9873,7820.7744
4314,2023-01-17,7445.6245,7893.3604
4315,2023-01-18,7466.341,8244.7705
4316,2023-01-19,7446.7144,7589.544
4317,2023-01-20,7289.166,7128.408
4318,2023-01-21,6868.86,6406.5664
4319,2023-01-22,6754.9233,6738.308
4320,2023-01-23,7384.5674,7145.9624
4321,2023-01-24,7461.433,7596.824
4322,2023-01-25,7455.983,7819.8335
4323,2023-01-26,7476.6963,7772.902
4324,2023-01-27,7326.2383,8013.03
4325,2023-01-28,6851.9604,8165.0283
4326,2023-01-16,7502.8555,7820.7744
4327,2023-01-17,7614.611,7893.3604
4328,2023-01-18,7654.405,8244.7705
4329,2023-01-19,7608.0684,7589.544
4330,2023-01-20,7435.2573,7128.408
4331,2023-01-21,6997.5044,6406.5664
4332,2023-01-22,6901.5586,6738.308
4333,2023-01-23,7597.165,7145.9624
4334,2023-01-24,7678.39,7596.824
4335,2023-01-25,7676.755,7819.8335
4336,2023-01-26,7700.2,7772.902
4337,2023-01-27,7539.9263,8013.03
4338,2023-01-28,7125.6143,8165.0283
4339,2023-01-29,7085.2715,8358.622
4340,2023-01-17,7722.7417,7893.3604
4341,2023-01-18,7653.487,8244.7705
4342,2023-01-19,7636.581,7589.544
4343,2023-01-20,7429.3633,7128.408
4344,2023-01-21,6906.4077,6406.5664
4345,2023-01-22,6857.328,6738.308
4346,2023-01-23,7533.52,7145.9624
4347,2023-01-24,7607.6807,7596.824
4348,2023-01-25,7654.5767,7819.8335
4349,2023-01-26,7667.119,7772.902
4350,2023-01-27,7496.9805,8013.03
4351,2023-01-28,7043.2812,8165.0283
4352,2023-01-29,6998.5645,8358.622
4353,2023-01-30,7632.2188,8293.404
4354,2023-01-18,7737.678,8244.7705
4355,2023-01-19,7706.5894,7589.544
4356,2023-01-20,7528.7886,7128.408
4357,2023-01-21,7054.285,6406.5664
4358,2023-01-22,7013.3794,6738.308
4359,2023-01-23,7740.9526,7145.9624
4360,2023-01-24,7731.134,7596.824
4361,2023-01-25,7670.0483,7819.8335
4362,2023-01-26,7672.774,7772.902
4363,2023-01-27,7509.156,8013.03
4364,2023-01-28,7075.556,8165.0283
4365,2023-01-29,7036.832,8358.622
4366,2023-01-30,7728.4062,8293.404
4367,2023-01-31,7720.2236,7840.567
4368,2023-01-19,8027.205,7589.544
4369,2023-01-20,7739.2944,7128.408
4370,2023-01-21,7199.4556,6406.5664
4371,2023-01-22,7100.212,6738.308
4372,2023-01-23,7892.5186,7145.9624
4373,2023-01-24,7816.179,7596.824
4374,2023-01-25,7825.9956,7819.8335
4375,2023-01-26,7831.447,7772.902
4376,2023-01-27,7652.5923,8013.03
4377,2023-01-28,7224.5386,8165.0283
4378,2023-01-29,7114.936,8358.622
4379,2023-01-30,7785.0967,8293.404
4380,2023-01-31,7829.8105,7840.567
4381,2023-02-01,7828.174,7687.3
4382,2023-01-20,7319.632,7128.408
4383,2023-01-21,6993.0923,6406.5664
4384,2023-01-22,6904.236,6738.308
4385,2023-01-23,7533.872,7145.9624
4386,2023-01-24,7625.456,7596.824
4387,2023-01-25,7605.288,7819.8335
4388,2023-01-26,7590.5693,7772.902
4389,2023-01-27,7406.3105,8013.03
4390,2023-01-28,7039.9707,8165.0283
4391,2023-01-29,6978.3735,8358.622
4392,2023-01-30,7495.7114,8293.404
4393,2023-01-31,7585.116,7840.567
4394,2023-02-01,7587.297,7687.3
4395,2023-02-02,7528.422,8385.538
4396,2023-01-21,6766.7827,6406.5664
4397,2023-01-22,6748.7974,6738.308
4398,2023-01-23,7373.9146,7145.9624
4399,2023-01-24,7411.5195,7596.824
4400,2023-01-25,7454.575,7819.8335
4401,2023-01-26,7470.925,7772.902
4402,2023-01-27,7299.7944,8013.03
4403,2023-01-28,6899.2183,8165.0283
4404,2023-01-29,6850.1675,8358.622
4405,2023-01-30,7498.7207,8293.404
4406,2023-01-31,7531.42,7840.567
4407,2023-02-01,7564.6655,7687.3
4408,2023-02-02,7548.3154,8385.538
4409,2023-02-03,7360.29,7556.7476
4410,2023-01-22,6418.8726,6738.308
4411,2023-01-23,7186.98,7145.9624
4412,2023-01-24,7278.5005,7596.824
4413,2023-01-25,7352.043,7819.8335
4414,2023-01-26,7382.5474,7772.902
4415,2023-01-27,7265.424,8013.03
4416,2023-01-28,6863.393,8165.0283
4417,2023-01-29,6884.639,8358.622
4418,2023-01-30,7542.7056,8293.404
4419,2023-01-31,7577.5713,7840.567
4420,2023-02-01,7608.623,7687.3
4421,2023-02-02,7523.6387,8385.538
4422,2023-02-03,7348.227,7556.7476
4423,2023-02-04,6929.308,6394.7153
4424,2023-01-23,7466.267,7145.9624
4425,2023-01-24,7488.0483,7596.824
4426,2023-01-25,7489.6846,7819.8335
4427,2023-01-26,7472.8,7772.902
4428,2023-01-27,7297.977,8013.03
4429,2023-01-28,6929.8086,8165.0283
4430,2023-01-29,7004.4233,8358.622
4431,2023-01-30,7612.7705,8293.404
4432,2023-01-31,7684.6606,7840.567
4433,2023-02-01,7643.815,7687.3
4434,2023-02-02,7613.314,8385.538
4435,2023-02-03,7442.8467,7556.7476
4436,2023-02-04,7077.948,6394.7153
4437,2023-02-05,7077.402,6425.311
4438,2023-01-24,7362.163,7596.824
4439,2023-01-25,7401.3735,7819.8335
4440,2023-01-26,7450.9277,7772.902
4441,2023-01-27,7285.9287,8013.03
4442,2023-01-28,6822.53,8165.0283
4443,2023-01-29,6912.9233,8358.622
4444,2023-01-30,7538.051,8293.404
4445,2023-01-31,7597.4067,7840.567
4446,2023-02-01,7605.0293,7687.3
4447,2023-02-02,7640.9683,8385.538
4448,2023-02-03,7416.619,7556.7476
4449,2023-02-04,6991.881,6394.7153
4450,2023-02-05,7098.0625,6425.311
4451,2023-02-06,7635.525,7962.32
4452,2023-01-25,7600.6763,7819.8335
4453,2023-01-26,7564.196,7772.902
4454,2023-01-27,7352.93,8013.03
4455,2023-01-28,6963.0674,8165.0283
4456,2023-01-29,6996.2817,8358.622
4457,2023-01-30,7552.214,8293.404
4458,2023-01-31,7572.9077,7840.567
4459,2023-02-01,7579.4414,7687.3
4460,2023-02-02,7581.073,8385.538
4461,2023-02-03,7340.406,7556.7476
4462,2023-02-04,6940.741,6394.7153
4463,2023-02-05,7022.9624,6425.311
4464,2023-02-06,7620.823,7962.32
4465,2023-02-07,7621.368,8158.988
4466,2023-01-26,7771.083,7772.902
4467,2023-01-27,7578.86,8013.03
4468,2023-01-28,7128.5312,8165.0283
4469,2023-01-29,7104.025,8358.622
4470,2023-01-30,7826.083,8293.404
4471,2023-01-31,7780.3394,7840.567
4472,2023-02-01,7754.2017,7687.3
4473,2023-02-02,7683.413,8385.538
4474,2023-02-03,7507.5273,7556.7476
4475,2023-02-04,7015.2656,6394.7153
4476,2023-02-05,7010.3677,6425.311
4477,2023-02-06,7619.7017,7962.32
4478,2023-02-07,7676.3325,8158.988
4479,2023-02-08,7749.301,7904.278
4480,2023-01-27,7574.505,8013.03
4481,2023-01-28,7137.1816,8165.0283
4482,2023-01-29,7103.4126,8358.622
4483,2023-01-30,7790.1743,8293.404
4484,2023-01-31,7843.5454,7840.567
4485,2023-02-01,7797.252,7687.3
4486,2023-02-02,7772.201,8385.538
4487,2023-02-03,7531.4805,7556.7476
4488,2023-02-04,7060.389,6394.7153
4489,2023-02-05,7064.747,6425.311
4490,2023-02-06,7701.946,7962.32
4491,2023-02-07,7766.7544,8158.988
4492,2023-02-08,7766.2104,7904.278
4493,2023-02-09,7779.28,7869.2285
4494,2023-01-28,7431.156,8165.0283
4495,2023-01-29,7199.6445,8358.622
4496,2023-01-30,7886.5454,8293.404
4497,2023-01-31,7888.179,7840.567
4498,2023-02-01,7840.7896,7687.3
4499,2023-02-02,7823.357,8385.538
4500,2023-02-03,7613.0913,7556.7476
4501,2023-02-04,7130.462,6394.7153
4502,2023-02-05,7075.9927,6425.311
4503,2023-02-06,7705.152,7962.32
4504,2023-02-07,7795.033,8158.988
4505,2023-02-08,7826.623,7904.278
4506,2023-02-09,7861.487,7869.2285
4507,2023-02-10,7726.94,7746.614
4508,2023-01-29,7625.7427,8358.622
4509,2023-01-30,8002.8086,8293.404
4510,2023-01-31,8262.72,7840.567
4511,2023-02-01,8140.666,7687.3
4512,2023-02-02,8022.4224,8385.538
4513,2023-02-03,7881.2954,7556.7476
4514,2023-02-04,7475.3535,6394.7153
4515,2023-02-05,7253.0386,6425.311
4516,2023-02-06,7770.139,7962.32
4517,2023-02-07,7981.5596,8158.988
4518,2023-02-08,7989.73,7904.278
4519,2023-02-09,8011.525,7869.2285
4520,2023-02-10,7947.7764,7746.614
4521,2023-02-11,7543.4673,7771.908
4522,2023-01-30,8481.278,8293.404
4523,2023-01-31,8494.906,7840.567
4524,2023-02-01,8370.084,7687.3
4525,2023-02-02,8124.2563,8385.538
4526,2023-02-03,7815.2017,7556.7476
4527,2023-02-04,7390.5933,6394.7153
4528,2023-02-05,7500.6987,6425.311
4529,2023-02-06,8003.795,7962.32
4530,2023-02-07,8172.223,8158.988
4531,2023-02-08,8194.027,7904.278
4532,2023-02-09,8189.6655,7869.2285
4533,2023-02-10,8005.976,7746.614
4534,2023-02-11,7620.069,7771.908
4535,2023-02-12,7688.2007,7142.6294
4536,2023-01-31,8355.05,7840.567
4537,2023-02-01,8228.003,7687.3
4538,2023-02-02,8007.7183,8385.538
4539,2023-02-03,7603.6777,7556.7476
4540,2023-02-04,7281.431,6394.7153
4541,2023-02-05,7474.4507,6425.311
4542,2023-02-06,7850.6816,7962.32
4543,2023-02-07,7924.294,8158.988
4544,2023-02-08,8031.167,7904.278
4545,2023-02-09,8020.8057,7869.2285
4546,2023-02-10,7817.967,7746.614
4547,2023-02-11,7520.799,7771.908
4548,2023-02-12,7593.8613,7142.6294
4549,2023-02-13,7996.267,7473.0215
4550,2023-02-01,7718.5977,7687.3
4551,2023-02-02,7574.0845,8385.538
4552,2023-02-03,7174.3574,7556.7476
4553,2023-02-04,7038.0264,6394.7153
4554,2023-02-05,7615.533,6425.311
4555,2023-02-06,7761.681,7962.32
4556,2023-02-07,7695.694,8158.988
4557,2023-02-08,7784.584,7904.278
4558,2023-02-09,7730.5977,7869.2285
4559,2023-02-10,7366.3154,7746.614
4560,2023-02-11,7223.4404,7771.908
4561,2023-02-12,7685.3345,7142.6294
4562,2023-02-13,7834.208,7473.0215
4563,2023-02-14,7887.1035,7438.0527
4564,2023-02-02,7473.855,8385.538
4565,2023-02-03,7159.7163,7556.7476
4566,2023-02-04,6996.103,6394.7153
4567,2023-02-05,7516.939,6425.311
4568,2023-02-06,7716.5464,7962.32
4569,2023-02-07,7743.8174,8158.988
4570,2023-02-08,7794.536,7904.278
4571,2023-02-09,7811.4443,7869.2285
4572,2023-02-10,7478.763,7746.614
4573,2023-02-11,7266.609,7771.908
4574,2023-02-12,7663.6455,7142.6294
4575,2023-02-13,7919.428,7473.0215
4576,2023-02-14,7952.1514,7438.0527
4577,2023-02-15,7920.5186,7342.0522
4578,2023-02-03,8035.8877,7556.7476
4579,2023-02-04,7708.011,6394.7153
4580,2023-02-05,7896.772,6425.311
4581,2023-02-06,8326.118,7962.32
4582,2023-02-07,8278.653,8158.988
4583,2023-02-08,8237.191,7904.278
4584,2023-02-09,8237.737,7869.2285
4585,2023-02-10,7973.6934,7746.614
4586,2023-02-11,7598.9023,7771.908
4587,2023-02-12,7715.6504,7142.6294
4588,2023-02-13,8157.5405,7473.0215
4589,2023-02-14,8210.461,7438.0527
4590,2023-02-15,8209.371,7342.0522
4591,2023-02-16,8215.913,7757.5176
4592,2023-02-04,7202.714,6394.7153
4593,2023-02-05,7618.4746,6425.311
4594,2023-02-06,7844.3613,7962.32
4595,2023-02-07,7797.982,8158.988
4596,2023-02-08,7876.0044,7904.278
4597,2023-02-09,7926.2017,7869.2285
4598,2023-02-10,7649.031,7746.614
4599,2023-02-11,7430.239,7771.908
4600,2023-02-12,7693.768,7142.6294
4601,2023-02-13,7944.754,7473.0215
4602,2023-02-14,7965.4893,7438.0527
4603,2023-02-15,8003.683,7342.0522
4604,2023-02-16,7896.7393,7757.5176
4605,2023-02-17,7585.739,8236.18
4606,2023-02-05,6692.949,6425.311
4607,2023-02-06,7263.6045,7962.32
4608,2023-02-07,7381.993,8158.988
4609,2023-02-08,7517.292,7904.278
4610,2023-02-09,7534.2036,7869.2285
4611,2023-02-10,7364.536,7746.614
4612,2023-02-11,7036.652,7771.908
4613,2023-02-12,7141.946,7142.6294
4614,2023-02-13,7794.437,7473.0215
4615,2023-02-14,7811.348,7438.0527
4616,2023-02-15,7841.3555,7342.0522
4617,2023-02-16,7833.7173,7757.5176
4618,2023-02-17,7636.7715,8236.18
4619,2023-02-18,7157.768,7969.173
4620,2023-02-06,6960.4243,7962.32
4621,2023-02-07,7117.004,8158.988
4622,2023-02-08,7284.4956,7904.278
4623,2023-02-09,7419.797,7869.2285
4624,2023-02-10,7280.6743,7746.614
4625,2023-02-11,6915.141,7771.908
4626,2023-02-12,6993.703,7142.6294
4627,2023-02-13,7556.7363,7473.0215
4628,2023-02-14,7654.3936,7438.0527
4629,2023-02-15,7635.299,7342.0522
4630,2023-02-16,7575.286,7757.5176
4631,2023-02-17,7403.9736,8236.18
4632,2023-02-18,7014.435,7969.173
4633,2023-02-19,7061.355,7411.052
4634,2023-02-07,7992.9575,8158.988
4635,2023-02-08,7948.743,7904.278
4636,2023-02-09,8151.2417,7869.2285
4637,2023-02-10,7934.5493,7746.614
4638,2023-02-11,7439.495,7771.908
4639,2023-02-12,7381.64,7142.6294
4640,2023-02-13,8068.2793,7473.0215
4641,2023-02-14,8022.976,7438.0527
4642,2023-02-15,8016.425,7342.0522
4643,2023-02-16,7997.3213,7757.5176
4644,2023-02-17,7834.1226,8236.18
4645,2023-02-18,7353.803,7969.173
4646,2023-02-19,7355.439,7411.052
4647,2023-02-20,7991.317,8653.485
4648,2023-02-08,8012.1724,7904.278
4649,2023-02-09,8061.3066,7869.2285
4650,2023-02-10,8000.161,7746.614
4651,2023-02-11,7573.24,7771.908
4652,2023-02-12,7496.8076,7142.6294
4653,2023-02-13,8166.127,7473.0215
4654,2023-02-14,8180.866,7438.0527
4655,2023-02-15,8135.009,7342.0522
4656,2023-02-16,8175.4077,7757.5176
4657,2023-02-17,7982.6924,8236.18
4658,2023-02-18,7500.6294,7969.173
4659,2023-02-19,7496.261,7411.052
4660,2023-02-20,8178.6846,8653.485
4661,2023-02-21,8210.35,8373.596
4662,2023-02-09,7941.931,7869.2285
4663,2023-02-10,7899.345,7746.614
4664,2023-02-11,7374.14,7771.908
4665,2023-02-12,7339.201,7142.6294
4666,2023-02-13,8066.951,7473.0215
4667,2023-02-14,8027.6426,7438.0527
4668,2023-02-15,8053.8477,7342.0522
4669,2023-02-16,8034.741,7757.5176
4670,2023-02-17,7862.7637,8236.18
4671,2023-02-18,7375.232,7969.173
4672,2023-02-19,7305.898,7411.052
4673,2023-02-20,7909.172,8653.485
4674,2023-02-21,8015.6333,8373.596
4675,2023-02-22,7998.1636,7634.69
4676,2023-02-10,7851.29,7746.614
4677,2023-02-11,7436.342,7771.908
4678,2023-02-12,7320.0464,7142.6294
4679,2023-02-13,8062.042,7473.0215
4680,2023-02-14,8108.996,7438.0527
4681,2023-02-15,8032.0127,7342.0522
4682,2023-02-16,7973.5938,7757.5176
4683,2023-02-17,7812.5273,8236.18
4684,2023-02-18,7347.3457,7969.173
4685,2023-02-19,7291.6543,7411.052
4686,2023-02-20,7942.4707,8653.485
4687,2023-02-21,8048.3906,8373.596
4688,2023-02-22,8060.9487,7634.69
4689,2023-02-23,8015.6343,7346.8374
4690,2023-02-11,7353.735,7771.908
4691,2023-02-12,7393.0483,7142.6294
4692,2023-02-13,8049.9062,7473.0215
4693,2023-02-14,8062.462,7438.0527
4694,2023-02-15,8047.721,7342.0522
4695,2023-02-16,8064.0996,7757.5176
4696,2023-02-17,7802.5576,8236.18
4697,2023-02-18,7325.3413,7969.173
4698,2023-02-19,7306.23,7411.052
4699,2023-02-20,7922.1377,8653.485
4700,2023-02-21,7978.3774,8373.596
4701,2023-02-22,7960.3564,7634.69
4702,2023-02-23,7981.6514,7346.8374
4703,2023-02-24,7791.0933,7289.7314
4704,2023-02-12,7624.328,7142.6294
4705,2023-02-13,8349.572,7473.0215
4706,2023-02-14,8300.423,7438.0527
4707,2023-02-15,8201.028,7342.0522
4708,2023-02-16,8148.601,7757.5176
4709,2023-02-17,7901.209,8236.18
4710,2023-02-18,7432.096,7969.173
4711,2023-02-19,7461.042,7411.052
4712,2023-02-20,8059.5845,8653.485
4713,2023-02-21,8106.551,8373.596
4714,2023-02-22,8126.7563,7634.69
4715,2023-02-23,8126.756,7346.8374
4716,2023-02-24,7986.9507,7289.7314
4717,2023-02-25,7569.17,6778.492
4718,2023-02-13,7784.42,7473.0215
4719,2023-02-14,7955.3677,7438.0527
4720,2023-02-15,7968.4775,7342.0522
4721,2023-02-16,7946.63,7757.5176
4722,2023-02-17,7801.3486,8236.18
4723,2023-02-18,7342.5776,7969.173
4724,2023-02-19,7177.091,7411.052
4725,2023-02-20,7812.8184,8653.485
4726,2023-02-21,7961.9214,8373.596
4727,2023-02-22,7984.3164,7634.69
4728,2023-02-23,8008.344,7346.8374
4729,2023-02-24,7867.983,7289.7314
4730,2023-02-25,7401.016,6778.492
4731,2023-02-26,7278.675,7163.124
4732,2023-02-14,7785.2563,7438.0527
4733,2023-02-15,7830.6025,7342.0522
4734,2023-02-16,7830.6025,7757.5176
4735,2023-02-17,7722.9727,8236.18
4736,2023-02-18,7307.76,7969.173
4737,2023-02-19,7138.3965,7411.052
4738,2023-02-20,7709.313,8653.485
4739,2023-02-21,7908.1807,8373.596
4740,2023-02-22,7973.194,7634.69
4741,2023-02-23,7974.2856,7346.8374
4742,2023-02-24,7757.392,7289.7314
4743,2023-02-25,7385.8857,6778.492
4744,2023-02-26,7197.946,7163.124
4745,2023-02-27,7699.4824,7957.2705
4746,2023-02-15,7531.3276,7342.0522
4747,2023-02-16,7648.808,7757.5176
4748,2023-02-17,7631.87,8236.18
4749,2023-02-18,7329.698,7969.173
4750,2023-02-19,7087.087,7411.052
4751,2023-02-20,7558.6494,8653.485
4752,2023-02-21,7738.422,8373.596
4753,2023-02-22,7736.235,7634.69
4754,2023-02-23,7744.977,7346.8374
4755,2023-02-24,7629.683,7289.7314
4756,2023-02-25,7219.8677,6778.492
4757,2023-02-26,7011.134,7163.124
4758,2023-02-27,7491.4395,7957.2705
4759,2023-02-28,7710.0073,8005.5073
4760,2023-02-16,7370.4194,7757.5176
4761,2023-02-17,7383.534,8236.18
4762,2023-02-18,7123.444,7969.173
4763,2023-02-19,6991.2144,7411.052
4764,2023-02-20,7468.7705,8653.485
4765,2023-02-21,7631.5996,8373.596
4766,2023-02-22,7661.1055,7634.69
4767,2023-02-23,7637.0654,7346.8374
4768,2023-02-24,7557.8364,7289.7314
4769,2023-02-25,7167.1577,6778.492
4770,2023-02-26,6962.801,7163.124
4771,2023-02-27,7358.9424,7957.2705
4772,2023-02-28,7639.248,8005.5073
4773,2023-03-01,7650.176,7851.4844
4774,2023-02-17,7678.04,8236.18
4775,2023-02-18,7266.5425,7969.173
4776,2023-02-19,7181.292,7411.052
4777,2023-02-20,7767.661,8653.485
4778,2023-02-21,7907.5605,8373.596
4779,2023-02-22,7907.017,7634.69
4780,2023-02-23,7921.768,7346.8374
4781,2023-02-24,7749.0825,7289.7314
4782,2023-02-25,7255.6094,6778.492
4783,2023-02-26,7069.8076,7163.124
4784,2023-02-27,7605.906,7957.2705
4785,2023-02-28,7799.904,8005.5073
4786,2023-03-01,7816.845,7851.4844
4787,2023-03-02,7828.8677,7852.0674
4788,2023-02-18,7762.465,7969.173
4789,2023-02-19,7460.714,7411.052
4790,2023-02-20,7963.6313,8653.485
4791,2023-02-21,8193.226,8373.596
4792,2023-02-22,8187.7617,7634.69
4793,2023-02-23,8152.7764,7346.8374
4794,2023-02-24,7988.781,7289.7314
4795,2023-02-25,7547.083,6778.492
4796,2023-02-26,7219.0913,7163.124
4797,2023-02-27,7720.9204,7957.2705
4798,2023-02-28,8001.898,8005.5073
4799,2023-03-01,8040.1655,7851.4844
4800,2023-03-02,8043.991,7852.0674
4801,2023-03-03,7958.712,7669.6035
4802,2023-02-19,7545.1226,7411.052
4803,2023-02-20,7787.918,8653.485
4804,2023-02-21,8185.458,8373.596
4805,2023-02-22,8198.036,7634.69
4806,2023-02-23,8146.636,7346.8374
4807,2023-02-24,8075.5483,7289.7314
4808,2023-02-25,7708.0796,6778.492
4809,2023-02-26,7426.463,7163.124
4810,2023-02-27,7721.203,7957.2705
4811,2023-02-28,8171.7886,8005.5073
4812,2023-03-01,8188.195,7851.4844
4813,2023-03-02,8161.945,7852.0674
4814,2023-03-03,8086.4824,7669.6035
4815,2023-03-04,7747.998,7143.4443
4816,2023-02-20,7594.5913,8653.485
4817,2023-02-21,8075.9194,8373.596
4818,2023-02-22,8082.4824,7634.69
4819,2023-02-23,8053.493,7346.8374
4820,2023-02-24,8048.5674,7289.7314
4821,2023-02-25,7795.3276,6778.492
4822,2023-02-26,7317.2812,7163.124
4823,2023-02-27,7503.795,7957.2705
4824,2023-02-28,8061.1523,8005.5073
4825,2023-03-01,8088.5015,7851.4844
4826,2023-03-02,8137.725,7852.0674
4827,2023-03-03,8104.909,7669.6035
4828,2023-03-04,7848.3813,7143.4443
4829,2023-03-05,7443.631,7055.32
4830,2023-02-21,8516.769,8373.596
4831,2023-02-22,8383.246,7634.69
4832,2023-02-23,8319.771,7346.8374
4833,2023-02-24,8058.2036,7289.7314
4834,2023-02-25,7564.074,6778.492
4835,2023-02-26,7341.909,7163.124
4836,2023-02-27,7953.6875,7957.2705
4837,2023-02-28,8170.384,8005.5073
4838,2023-03-01,8153.9683,7851.4844
4839,2023-03-02,8197.197,7852.0674
4840,2023-03-03,8103.074,7669.6035
4841,2023-03-04,7638.4956,7143.4443
4842,2023-03-05,7479.2583,7055.32
4843,2023-03-06,8002.391,8916.35
4844,2023-02-22,8101.732,7634.69
4845,2023-02-23,8272.515,7346.8374
4846,2023-02-24,8103.378,7289.7314
4847,2023-02-25,7641.938,6778.492
4848,2023-02-26,7578.9917,7163.124
4849,2023-02-27,8188.2207,7957.2705
4850,2023-02-28,8179.462,8005.5073
4851,2023-03-01,8141.145,7851.4844
4852,2023-03-02,8140.0513,7852.0674
4853,2023-03-03,8059.0396,7669.6035
4854,2023-03-04,7601.431,7143.4443
4855,2023-03-05,7623.873,7055.32
4856,2023-03-06,8157.0186,8916.35
4857,2023-03-07,8152.6426,8585.437
4858,2023-02-23,7737.2886,7346.8374
4859,2023-02-24,7767.9463,7289.7314
4860,2023-02-25,7397.315,6778.492
4861,2023-02-26,7223.7695,7163.124
4862,2023-02-27,7758.0923,7957.2705
4863,2023-02-28,7863.2056,8005.5073
4864,2023-03-01,7802.4355,7851.4844
4865,2023-03-02,7855.538,7852.0674
4866,2023-03-03,7813.385,7669.6035
4867,2023-03-04,7504.0693,7143.4443
4868,2023-03-05,7378.1523,7055.32
4869,2023-03-06,7811.7427,8916.35
4870,2023-03-07,7868.132,8585.437
4871,2023-03-08,7885.102,7597.646
4872,2023-02-24,7581.4863,7289.7314
4873,2023-02-25,7334.5913,6778.492
4874,2023-02-26,7132.04,7163.124
4875,2023-02-27,7563.9688,7957.2705
4876,2023-02-28,7709.042,8005.5073
4877,2023-03-01,7709.0396,7851.4844
4878,2023-03-02,7668.5293,7852.0674
4879,2023-03-03,7710.132,7669.6035
4880,2023-03-04,7411.7812,7143.4443
4881,2023-03-05,7238.79,7055.32
4882,2023-03-06,7601.1934,8916.35
4883,2023-03-07,7797.7246,8585.437
4884,2023-03-08,7821.265,7597.646
4885,2023-03-09,7752.8354,7235.8647
4886,2023-02-25,7067.815,6778.492
4887,2023-02-26,7197.5654,7163.124
4888,2023-02-27,7676.0527,7957.2705
4889,2023-02-28,7780.6206,8005.5073
4890,2023-03-01,7788.2817,7851.4844
4891,2023-03-02,7843.031,7852.0674
4892,2023-03-03,7555.608,7669.6035
4893,2023-03-04,7165.2656,7143.4443
4894,2023-03-05,7321.293,7055.32
4895,2023-03-06,7748.865,8916.35
4896,2023-03-07,7832.6265,8585.437
4897,2023-03-08,7888.469,7597.646
4898,2023-03-09,7838.1035,7235.8647
4899,2023-03-10,7630.611,7399.625
4900,2023-02-26,6859.9907,7163.124
4901,2023-02-27,7532.248,7957.2705
4902,2023-02-28,7624.2183,8005.5073
4903,2023-03-01,7698.1235,7851.4844
4904,2023-03-02,7711.81,7852.0674
4905,2023-03-03,7573.855,7669.6035
4906,2023-03-04,7159.9907,7143.4443
4907,2023-03-05,7167.6533,7055.32
4908,2023-03-06,7784.62,8916.35
4909,2023-03-07,7810.897,8585.437
4910,2023-03-08,7784.62,7597.646
4911,2023-03-09,7774.764,7235.8647
4912,2023-03-10,7571.6675,7399.625
4913,2023-03-11,7168.748,7352.9473
4914,2023-02-27,7770.061,7957.2705
4915,2023-02-28,7749.803,8005.5073
4916,2023-03-01,7811.1265,7851.4844
4917,2023-03-02,7816.0557,7852.0674
4918,2023-03-03,7608.5376,7669.6035
4919,2023-03-04,7178.7236,7143.4443
4920,2023-03-05,7397.739,7055.32
4921,2023-03-06,7836.3125,8916.35
4922,2023-03-07,7839.598,8585.437
4923,2023-03-08,7872.449,7597.646
4924,2023-03-09,7774.9873,7235.8647
4925,2023-03-10,7536.2637,7399.625
4926,2023-03-11,7195.1514,7352.9473
4927,2023-03-12,7428.946,7170.49
4928,2023-02-28,7977.662,8005.5073
4929,2023-03-01,7990.8105,7851.4844
4930,2023-03-02,7943.1504,7852.0674
4931,2023-03-03,7719.6455,7669.6035
4932,2023-03-04,7279.212,7143.4443
4933,2023-03-05,7361.93,7055.32
4934,2023-03-06,7899.3257,8916.35
4935,2023-03-07,7898.2314,8585.437
4936,2023-03-08,7891.6577,7597.646
4937,2023-03-09,7875.223,7235.8647
4938,2023-03-10,7640.763,7399.625
4939,2023-03-11,7169.102,7352.9473
4940,2023-03-12,7293.4546,7170.49
4941,2023-03-13,7925.074,7507.985
4942,2023-03-01,7986.8076,7851.4844
4943,2023-03-02,7963.788,7852.0674
4944,2023-03-03,7654.665,7669.6035
4945,2023-03-04,7285.2485,7143.4443
4946,2023-03-05,7537.9204,7055.32
4947,2023-03-06,7925.422,8916.35
4948,2023-03-07,7916.6514,8585.437
4949,2023-03-08,7947.891,7597.646
4950,2023-03-09,7883.765,7235.8647
4951,2023-03-10,7634.3843,7399.625
4952,2023-03-11,7281.413,7352.9473
4953,2023-03-12,7529.698,7170.49
4954,2023-03-13,7951.1816,7507.985
4955,2023-03-14,7953.9233,7634.0884
4956,2023-03-02,7901.7773,7852.0674
4957,2023-03-03,7698.912,7669.6035
4958,2023-03-04,7318.4077,7143.4443
4959,2023-03-05,7371.044,7055.32
4960,2023-03-06,7942.8965,8916.35
4961,2023-03-07,7944.5405,8585.437
4962,2023-03-08,7931.93,7597.646
4963,2023-03-09,7850.236,7235.8647
4964,2023-03-10,7628.7344,7399.625
4965,2023-03-11,7196.6904,7352.9473
4966,2023-03-12,7230.134,7170.49
4967,2023-03-13,7792.119,7507.985
4968,2023-03-14,7822.2764,7634.0884
4969,2023-03-15,7865.588,7732.9443
4970,2023-03-03,7686.0312,7669.6035
4971,2023-03-04,7197.3594,7143.4443
4972,2023-03-05,7234.1055,7055.32
4973,2023-03-06,7828.6294,8916.35
4974,2023-03-07,7877.99,8585.437
4975,2023-03-08,7877.99,7597.646
4976,2023-03-09,7864.2783,7235.8647
4977,2023-03-10,7676.1577,7399.625
4978,2023-03-11,7212.1694,7352.9473
4979,2023-03-12,7184.7437,7170.49
4980,2023-03-13,7817.659,7507.985
4981,2023-03-14,7840.696,7634.0884
4982,2023-03-15,7830.823,7732.9443
4983,2023-03-16,7833.5625,8452.147
4984,2023-03-04,7142.027,7143.4443
4985,2023-03-05,7179.8823,7055.32
4986,2023-03-06,7748.2183,8916.35
4987,2023-03-07,7788.2627,8585.437
4988,2023-03-08,7767.966,7597.646
4989,2023-03-09,7743.279,7235.8647
4990,2023-03-10,7528.7827,7399.625
4991,2023-03-11,7083.3306,7352.9473
4992,2023-03-12,7115.149,7170.49
4993,2023-03-13,7760.834,7507.985
4994,2023-03-14,7792.652,7634.0884
4995,2023-03-15,7816.7876,7732.9443
4996,2023-03-16,7770.159,8452.147
4997,2023-03-17,7586.3833,8185.1978
4998,2023-03-05,7185.063,7055.32
4999,2023-03-06,7718.346,8916.35
5000,2023-03-07,7799.547,8585.437
5001,2023-03-08,7840.1465,7597.646
5002,2023-03-09,7808.8735,7235.8647
5003,2023-03-10,7589.416,7399.625
5004,2023-03-11,7097.2812,7352.9473
5005,2023-03-12,7143.366,7170.49
5006,2023-03-13,7787.476,7507.985
5007,2023-03-14,7806.131,7634.0884
5008,2023-03-15,7858.2515,7732.9443
5009,2023-03-16,7809.971,8452.147
5010,2023-03-17,7613.556,8185.1978
5011,2023-03-18,7151.0493,7833.206
5012,2023-03-06,7793.48,8916.35
5013,2023-03-07,7797.32,8585.437
5014,2023-03-08,7781.955,7597.646
5015,2023-03-09,7752.8706,7235.8647
5016,2023-03-10,7543.795,7399.625
5017,2023-03-11,7087.78,7352.9473
5018,2023-03-12,7083.3906,7170.49
5019,2023-03-13,7706.7754,7507.985
5020,2023-03-14,7720.494,7634.0884
5021,2023-03-15,7744.091,7732.9443
5022,2023-03-16,7764.3945,8452.147
5023,2023-03-17,7553.6733,8185.1978
5024,2023-03-18,7062.536,7833.206
5025,2023-03-19,6998.3325,8199.09
5026,2023-03-07,8555.729,8585.437
5027,2023-03-08,8375.621,7597.646
5028,2023-03-09,8287.761,7235.8647
5029,2023-03-10,7983.5527,7399.625
5030,2023-03-11,7430.594,7352.9473
5031,2023-03-12,7372.9395,7170.49
5032,2023-03-13,8095.024,7507.985
5033,2023-03-14,8166.958,7634.0884
5034,2023-03-15,8155.975,7732.9443
5035,2023-03-16,8140.5977,8452.147
5036,2023-03-17,7906.1265,8185.1978
5037,2023-03-18,7442.6763,7833.206
5038,2023-03-19,7341.6387,8199.09
5039,2023-03-20,8018.147,7867.5557
5040,2023-03-08,8354.506,7597.646
5041,2023-03-09,8266.624,7235.8647
5042,2023-03-10,8069.4336,7399.625
5043,2023-03-11,7514.662,7352.9473
5044,2023-03-12,7477.313,7170.49
5045,2023-03-13,8175.9917,7507.985
5046,2023-03-14,8202.909,7634.0884
5047,2023-03-15,8094.1514,7732.9443
5048,2023-03-16,8102.389,8452.147
5049,2023-03-17,7969.466,8185.1978
5050,2023-03-18,7487.747,7833.206
5051,2023-03-19,7440.5107,8199.09
5052,2023-03-20,8141.388,7867.5557
5053,2023-03-21,8141.3906,7510.056
5054,2023-03-09,7560.9883,7235.8647
5055,2023-03-10,7528.0356,7399.625
5056,2023-03-11,7118.8394,7352.9473
5057,2023-03-12,7121.588,7170.49
5058,2023-03-13,7766.958,7507.985
5059,2023-03-14,7844.402,7634.0884
5060,2023-03-15,7813.094,7732.9443
5061,2023-03-16,7830.1187,8452.147
5062,2023-03-17,7705.9907,8185.1978
5063,2023-03-18,7275.927,7833.206
5064,2023-03-19,7200.68,8199.09
5065,2023-03-20,7744.987,7867.5557
5066,2023-03-21,7829.5693,7510.056
5067,2023-03-22,7812.543,7535.1655
5068,2023-03-10,7137.9067,7399.625
5069,2023-03-11,6869.3506,7352.9473
5070,2023-03-12,6907.794,7170.49
5071,2023-03-13,7472.3687,7507.985
5072,2023-03-14,7540.469,7634.0884
5073,2023-03-15,7597.5854,7732.9443
5074,2023-03-16,7608.569,8452.147
5075,2023-03-17,7449.302,8185.1978
5076,2023-03-18,7070.9077,7833.206
5077,2023-03-19,7063.2183,8199.09
5078,2023-03-20,7515.2056,7867.5557
5079,2023-03-21,7589.899,7510.056
5080,2023-03-22,7540.47,7535.1655
5081,2023-03-23,7541.0195,7730.9204
5082,2023-03-11,7050.46,7352.9473
5083,2023-03-12,7072.4287,7170.49
5084,2023-03-13,7652.966,7507.985
5085,2023-03-14,7689.2144,7634.0884
5086,2023-03-15,7684.8184,7732.9443
5087,2023-03-16,7726.0127,8452.147
5088,2023-03-17,7566.1836,8185.1978
5089,2023-03-18,7120.212,7833.206
5090,2023-03-19,7141.082,8199.09
5091,2023-03-20,7666.1475,7867.5557
5092,2023-03-21,7732.0537,7510.056
5093,2023-03-22,7710.0854,7535.1655
5094,2023-03-23,7647.4717,7730.9204
5095,2023-03-24,7409.6567,7358.0977
5096,2023-03-12,7378.0376,7170.49
5097,2023-03-13,7788.9043,7507.985
5098,2023-03-14,7784.509,7634.0884
5099,2023-03-15,7662.0186,7732.9443
5100,2023-03-16,7639.4995,8452.147
5101,2023-03-17,7425.824,8185.1978
5102,2023-03-18,7228.0786,7833.206
5103,2023-03-19,7453.838,8199.09
5104,2023-03-20,7765.2817,7867.5557
5105,2023-03-21,7741.116,7510.056
5106,2023-03-22,7706.5093,7535.1655
5107,2023-03-23,7615.3286,7730.9204
5108,2023-03-24,7323.6567,7358.0977
5109,2023-03-25,7097.9004,7079.436
5110,2023-03-13,7720.3477,7507.985
5111,2023-03-14,7779.138,7634.0884
5112,2023-03-15,7696.1777,7732.9443
5113,2023-03-16,7675.2983,8452.147
5114,2023-03-17,7493.9907,8185.1978
5115,2023-03-18,7103.359,7833.206
5116,2023-03-19,7288.511,8199.09
5117,2023-03-20,7682.989,7867.5557
5118,2023-03-21,7674.2,7510.056
5119,2023-03-22,7708.2617,7535.1655
5120,2023-03-23,7586.2905,7730.9204
5121,2023-03-24,7329.166,7358.0977
5122,2023-03-25,7070.944,7079.436
5123,2023-03-26,7262.688,6806.3228
5124,2023-03-14,7670.7,7634.0884
5125,2023-03-15,7577.8125,7732.9443
5126,2023-03-16,7532.19,8452.147
5127,2023-03-17,7411.2705,8185.1978
5128,2023-03-18,7105.1226,7833.206
5129,2023-03-19,7279.908,8199.09
5130,2023-03-20,7639.92,7867.5557
5131,2023-03-21,7612.437,7510.056
5132,2023-03-22,7578.91,7535.1655
5133,2023-03-23,7509.1074,7730.9204
5134,2023-03-24,7290.899,7358.0977
5135,2023-03-25,7074.893,7079.436
5136,2023-03-26,7235.3857,6806.3228
5137,2023-03-27,7580.0093,7677.537
5138,2023-03-15,7583.6045,7732.9443
5139,2023-03-16,7516.5317,8452.147
5140,2023-03-17,7334.0044,8185.1978
5141,2023-03-18,7141.584,7833.206
5142,2023-03-19,7426.3667,8199.09
5143,2023-03-20,7647.927,7867.5557
5144,2023-03-21,7628.6855,7510.056
5145,2023-03-22,7596.2476,7535.1655
5146,2023-03-23,7454.957,7730.9204
5147,2023-03-24,7193.263,7358.0977
5148,2023-03-25,7023.9336,7079.436
5149,2023-03-26,7312.0117,6806.3228
5150,2023-03-27,7552.8145,7677.537
5151,2023-03-28,7637.4814,7722.649
5152,2023-03-16,7678.2993,8452.147
5153,2023-03-17,7451.189,8185.1978
5154,2023-03-18,7219.132,7833.206
5155,2023-03-19,7500.68,8199.09
5156,2023-03-20,7713.494,7867.5557
5157,2023-03-21,7781.681,7510.056
5158,2023-03-22,7765.188,7535.1655
5159,2023-03-23,7598.0156,7730.9204
5160,2023-03-24,7261.4756,7358.0977
5161,2023-03-25,7078.906,7079.436
5162,2023-03-26,7434.6934,6806.3228
5163,2023-03-27,7705.7954,7677.537
5164,2023-03-28,7777.831,7722.649
5165,2023-03-29,7714.594,7527.5244
5166,2023-03-17,8061.6113,8185.1978
5167,2023-03-18,7598.399,7833.206
5168,2023-03-19,7772.7905,8199.09
5169,2023-03-20,8064.359,7867.5557
5170,2023-03-21,8016.4976,7510.056
5171,2023-03-22,8007.1445,7535.1655
5172,2023-03-23,7882.264,7730.9204
5173,2023-03-24,7515.88,7358.0977
5174,2023-03-25,7232.565,7079.436
5175,2023-03-26,7454.815,6806.3228
5176,2023-03-27,7865.7627,7677.537
5177,2023-03-28,7860.8145,7722.649
5178,2023-03-29,7871.263,7527.5244
5179,2023-03-30,7760.139,6856.688
5180,2023-03-18,7634.317,7833.206
5181,2023-03-19,7799.4067,8199.09
5182,2023-03-20,8059.7007,7867.5557
5183,2023-03-21,8005.2188,7510.056
5184,2023-03-22,7988.161,7535.1655
5185,2023-03-23,7868.743,7730.9204
5186,2023-03-24,7546.2705,7358.0977
5187,2023-03-25,7236.4487,7079.436
5188,2023-03-26,7487.388,6806.3228
5189,2023-03-27,7891.8545,7677.537
5190,2023-03-28,7935.3325,7722.649
5191,2023-03-29,7892.408,7527.5244
5192,2023-03-30,7815.362,6856.688
5193,2023-03-31,7503.8955,6747.173
5194,2023-03-19,7717.1436,8199.09
5195,2023-03-20,8057.8657,7867.5557
5196,2023-03-21,8106.8555,7510.056
5197,2023-03-22,8082.0845,7535.1655
5198,2023-03-23,7991.2627,7730.9204
5199,2023-03-24,7755.1235,7358.0977
5200,2023-03-25,7305.4155,7079.436
5201,2023-03-26,7397.341,6806.3228
5202,2023-03-27,7947.777,7677.537
5203,2023-03-28,7968.1455,7722.649
5204,2023-03-29,7963.192,7527.5244
5205,2023-03-30,7960.4395,6856.688
5206,2023-03-31,7711.642,6747.173
5207,2023-04-01,7321.9287,6670.1626
5208,2023-03-20,8373.085,7867.5557
5209,2023-03-21,8273.962,7510.056
5210,2023-03-22,8188.0566,7535.1655
5211,2023-03-23,8049.8364,7730.9204
5212,2023-03-24,7750.8184,7358.0977
5213,2023-03-25,7384.0654,7079.436
5214,2023-03-26,7528.893,6806.3228
5215,2023-03-27,8049.285,7677.537
5216,2023-03-28,8074.6143,7722.649
5217,2023-03-29,8076.821,7527.5244
5218,2023-03-30,8068.01,6856.688
5219,2023-03-31,7789.9155,6747.173
5220,2023-04-01,7465.016,6670.1626
5221,2023-04-02,7635.7236,6605.8926
5222,2023-03-21,7845.2104,7510.056
5223,2023-03-22,7811.6045,7535.1655
5224,2023-03-23,7736.6807,7730.9204
5225,2023-03-24,7442.485,7358.0977
5226,2023-03-25,7137.2695,7079.436
5227,2023-03-26,7275.5527,6806.3228
5228,2023-03-27,7712.437,7677.537
5229,2023-03-28,7759.8193,7722.649
5230,2023-03-29,7860.6367,7527.5244
5231,2023-03-30,7846.8623,6856.688
5232,2023-03-31,7633.655,6747.173
5233,2023-04-01,7337.806,6670.1626
5234,2023-04-02,7431.464,6605.8926
5235,2023-04-03,7783.5073,7094.03
5236,2023-03-22,7678.8125,7535.1655
5237,2023-03-23,7661.1777,7730.9204
5238,2023-03-24,7406.5967,7358.0977
5239,2023-03-25,7137.135,7079.436
5240,2023-03-26,7333.859,6806.3228
5241,2023-03-27,7647.9526,7677.537
5242,2023-03-28,7682.669,7722.649
5243,2023-03-29,7736.6704,7527.5244
5244,2023-03-30,7804.45,6856.688
5245,2023-03-31,7630.868,6747.173
5246,2023-04-01,7311.815,6670.1626
5247,2023-04-02,7327.7954,6605.8926
5248,2023-04-03,7624.8086,7094.03
5249,2023-04-04,7679.915,7068.3984
5250,2023-03-23,7684.744,7730.9204
5251,2023-03-24,7506.172,7358.0977
5252,2023-03-25,7171.619,7079.436
5253,2023-03-26,7239.411,6806.3228
5254,2023-03-27,7549.7114,7677.537
5255,2023-03-28,7574.5137,7722.649
5256,2023-03-29,7663.8,7527.5244
5257,2023-03-30,7724.4277,6856.688
5258,2023-03-31,7573.411,6747.173
5259,2023-04-01,7252.641,6670.1626
5260,2023-04-02,7163.352,6605.8926
5261,2023-04-03,7417.4346,7094.03
5262,2023-04-04,7567.9004,7068.3984
5263,2023-04-05,7657.7363,7070.239
5264,2023-03-24,7561.4155,7358.0977
5265,2023-03-25,7251.0425,7079.436
5266,2023-03-26,7311.6836,6806.3228
5267,2023-03-27,7708.607,7677.537
5268,2023-03-28,7796.813,7722.649
5269,2023-03-29,7865.7236,7527.5244
5270,2023-03-30,7855.8027,6856.688
5271,2023-03-31,7678.84,6747.173
5272,2023-04-01,7353.031,6670.1626
5273,2023-04-02,7265.3774,6605.8926
5274,2023-04-03,7596.145,7094.03
5275,2023-04-04,7716.879,7068.3984
5276,2023-04-05,7791.3013,7070.239
5277,2023-04-06,7807.839,7177.7305
5278,2023-03-25,7112.2427,7079.436
5279,2023-03-26,7246.207,6806.3228
5280,2023-03-27,7584.148,7677.537
5281,2023-03-28,7697.714,7722.649
5282,2023-03-29,7806.319,7527.5244
5283,2023-03-30,7706.535,6856.688
5284,2023-03-31,7491.531,6747.173
5285,2023-04-01,7264.949,6670.1626
5286,2023-04-02,7252.821,6605.8926
5287,2023-04-03,7472.7876,7094.03
5288,2023-04-04,7542.8027,7068.3984
5289,2023-04-05,7673.4595,7070.239
5290,2023-04-06,7679.523,7177.7305
5291,2023-04-07,7521.3027,6672.6875
5292,2023-03-26,7119.6855,6806.3228
5293,2023-03-27,7460.9214,7677.537
5294,2023-03-28,7538.6504,7722.649
5295,2023-03-29,7681.982,7527.5244
5296,2023-03-30,7669.302,6856.688
5297,2023-03-31,7506.6763,6747.173
5298,2023-04-01,7263.016,6670.1626
5299,2023-04-02,7202.926,6605.8926
5300,2023-04-03,7449.344,7094.03
5301,2023-04-04,7543.611,7068.3984
5302,2023-04-05,7593.225,7070.239
5303,2023-04-06,7626.8564,7177.7305
5304,2023-04-07,7517.7036,6672.6875
5305,2023-04-08,7223.8755,6152.323
5306,2023-03-27,6972.831,7677.537
5307,2023-03-28,7239.679,7722.649
5308,2023-03-29,7349.9473,7527.5244
5309,2023-03-30,7454.703,6856.688
5310,2023-03-31,7414.4546,6747.173
5311,2023-04-01,7246.2964,6670.1626
5312,2023-04-02,7029.0664,6605.8926
5313,2023-04-03,7116.178,7094.03
5314,2023-04-04,7427.688,7068.3984
5315,2023-04-05,7486.6807,7070.239
5316,2023-04-06,7580.9604,7177.7305
5317,2023-04-07,7558.3545,6672.6875
5318,2023-04-08,7378.065,6152.323
5319,2023-04-09,7152.016,5829.7183
5320,2023-03-28,7736.433,7722.649
5321,2023-03-29,7690.0967,7527.5244
5322,2023-03-30,7616.1855,6856.688
5323,2023-03-31,7509.7324,6747.173
5324,2023-04-01,7091.6367,6670.1626
5325,2023-04-02,6981.3213,6605.8926
5326,2023-04-03,7503.666,7094.03
5327,2023-04-04,7568.2007,7068.3984
5328,2023-04-05,7605.705,7070.239
5329,2023-04-06,7572.061,7177.7305
5330,2023-04-07,7433.062,6672.6875
5331,2023-04-08,7126.938,6152.323
5332,2023-04-09,7040.341,5829.7183
5333,2023-04-10,7490.9785,6207.8804
5334,2023-03-29,7663.726,7527.5244
5335,2023-03-30,7656.5527,6856.688
5336,2023-03-31,7507.5913,6747.173
5337,2023-04-01,7102.642,6670.1626
5338,2023-04-02,7112.573,6605.8926
5339,2023-04-03,7580.417,7094.03
5340,2023-04-04,7623.4507,7068.3984
5341,2023-04-05,7653.7925,7070.239
5342,2023-04-06,7657.6543,7177.7305
5343,2023-04-07,7504.2817,6672.6875
5344,2023-04-08,7097.6743,6152.323
5345,2023-04-09,7118.089,5829.7183
5346,2023-04-10,7574.3486,6207.8804
5347,2023-04-11,7669.2417,6957.676
5348,2023-03-30,7559.127,6856.688
5349,2023-03-31,7437.7295,6747.173
5350,2023-04-01,7018.3613,6670.1626
5351,2023-04-02,6952.696,6605.8926
5352,2023-04-03,7518.845,7094.03
5353,2023-04-04,7597.2,7068.3984
5354,2023-04-05,7609.3394,7070.239
5355,2023-04-06,7576.7837,7177.7305
5356,2023-04-07,7398.0015,6672.6875
5357,2023-04-08,7001.8076,6152.323
5358,2023-04-09,7054.781,5829.7183
5359,2023-04-10,7551.4014,6207.8804
5360,2023-04-11,7632.515,6957.676
5361,2023-04-12,7636.928,7316.3994
5362,2023-03-31,6786.107,6747.173
5363,2023-04-01,6748.0327,6670.1626
5364,2023-04-02,6739.205,6605.8926
5365,2023-04-03,7142.572,7094.03
5366,2023-04-04,7293.2163,7068.3984
5367,2023-04-05,7336.8086,7070.239
5368,2023-04-06,7323.015,7177.7305
5369,2023-04-07,7157.4707,6672.6875
5370,2023-04-08,6919.6445,6152.323
5371,2023-04-09,6960.478,5829.7183
5372,2023-04-10,7321.3574,6207.8804
5373,2023-04-11,7411.302,6957.676
5374,2023-04-12,7448.8223,7316.3994
5375,2023-04-13,7325.22,7287.5825
5376,2023-04-01,6606.869,6670.1626
5377,2023-04-02,6811.006,6605.8926
5378,2023-04-03,7083.5557,7094.03
5379,2023-04-04,7205.4824,7068.3984
5380,2023-04-05,7285.484,7070.239
5381,2023-04-06,7204.935,7177.7305
5382,2023-04-07,6935.1436,6672.6875
5383,2023-04-08,6756.385,6152.323
5384,2023-04-09,7007.419,5829.7183
5385,2023-04-10,7264.5195,6207.8804
5386,2023-04-11,7310.3105,6957.676
5387,2023-04-12,7388.1055,7316.3994
5388,2023-04-13,7316.9346,7287.5825
5389,2023-04-14,6995.281,7186.1367
5390,2023-04-02,6734.535,6605.8926
5391,2023-04-03,7083.726,7094.03
5392,2023-04-04,7207.2974,7068.3984
5393,2023-04-05,7242.051,7070.239
5394,2023-04-06,7211.159,7177.7305
5395,2023-04-07,7085.381,6672.6875
5396,2023-04-08,6810.109,6152.323
5397,2023-04-09,6828.313,5829.7183
5398,2023-04-10,7204.54,6207.8804
5399,2023-04-11,7254.1875,6957.676
5400,2023-04-12,7253.083,7316.3994
5401,2023-04-13,7244.2583,7287.5825
5402,2023-04-14,7050.0776,7186.1367
5403,2023-04-15,6768.7373,6388.325
5404,2023-04-03,7120.5723,7094.03
5405,2023-04-04,7218.77,7068.3984
5406,2023-04-05,7257.385,7070.239
5407,2023-04-06,7259.042,7177.7305
5408,2023-04-07,7099.0557,6672.6875
5409,2023-04-08,6794.523,6152.323
5410,2023-04-09,6747.63,5829.7183
5411,2023-04-10,7202.217,6207.8804
5412,2023-04-11,7324.139,6957.676
5413,2023-04-12,7388.134,7316.3994
5414,2023-04-13,7321.9326,7287.5825
5415,2023-04-14,7174.6343,7186.1367
5416,2023-04-15,6803.351,6388.325
5417,2023-04-16,6789.0073,6575.831
5418,2023-04-04,7177.203,7068.3984
5419,2023-04-05,7240.1,7070.239
5420,2023-04-06,7280.9346,7177.7305
5421,2023-04-07,7152.3755,6672.6875
5422,2023-04-08,6824.083,6152.323
5423,2023-04-09,6814.7026,5829.7183
5424,2023-04-10,7289.76,6207.8804
5425,2023-04-11,7341.6245,6957.676
5426,2023-04-12,7376.3867,7316.3994
5427,2023-04-13,7347.1426,7287.5825
5428,2023-04-14,7195.4106,7186.1367
5429,2023-04-15,6868.219,6388.325
5430,2023-04-16,6847.8057,6575.831
5431,2023-04-17,7252.241,7050.6406
5432,2023-04-05,7121.1245,7070.239
5433,2023-04-06,7133.8154,7177.7305
5434,2023-04-07,6964.9736,6672.6875
5435,2023-04-08,6712.263,6152.323
5436,2023-04-09,6769.647,5829.7183
5437,2023-04-10,7161.956,6207.8804
5438,2023-04-11,7241.41,6957.676
5439,2023-04-12,7248.5845,7316.3994
5440,2023-04-13,7203.8906,7287.5825
5441,2023-04-14,7020.7046,7186.1367
5442,2023-04-15,6713.919,6388.325
5443,2023-04-16,6763.5786,6575.831
5444,2023-04-17,7132.7114,7050.6406
5445,2023-04-18,7214.9243,7119.241
5446,2023-04-06,7022.055,7177.7305
5447,2023-04-07,6952.5293,6672.6875
5448,2023-04-08,6705.3296,6152.323
5449,2023-04-09,6713.055,5829.7183
5450,2023-04-10,7111.9976,6207.8804
5451,2023-04-11,7195.317,6957.676
5452,2023-04-12,7201.9375,7316.3994
5453,2023-04-13,7178.2114,7287.5825
5454,2023-04-14,6999.4326,7186.1367
5455,2023-04-15,6666.7026,6388.325
5456,2023-04-16,6709.7427,6575.831
5457,2023-04-17,7169.384,7050.6406
5458,2023-04-18,7236.7017,7119.241
5459,2023-04-19,7322.779,7025.592
5460,2023-04-07,6947.621,6672.6875
5461,2023-04-08,6684.989,6152.323
5462,2023-04-09,6698.2314,5829.7183
5463,2023-04-10,7093.8345,6207.8804
5464,2023-04-11,7229.569,6957.676
5465,2023-04-12,7210.8086,7316.3994
5466,2023-04-13,7209.7026,7287.5825
5467,2023-04-14,7039.2124,7186.1367
5468,2023-04-15,6699.337,6388.325
5469,2023-04-16,6663.4727,6575.831
5470,2023-04-17,7081.699,7050.6406
5471,2023-04-18,7190.392,7119.241
5472,2023-04-19,7275.3623,7025.592
5473,2023-04-20,7271.4995,7623.487
5474,2023-04-08,6433.799,6152.323
5475,2023-04-09,6631.837,5829.7183
5476,2023-04-10,6941.8574,6207.8804
5477,2023-04-11,7034.535,6957.676
5478,2023-04-12,7103.4907,7316.3994
5479,2023-04-13,7072.047,7287.5825
5480,2023-04-14,6868.49,7186.1367
5481,2023-04-15,6519.3,6388.325
5482,2023-04-16,6658.3164,6575.831
5483,2023-04-17,7019.0874,7050.6406
5484,2023-04-18,7065.4277,7119.241
5485,2023-04-19,7096.32,7025.592
5486,2023-04-20,7084.734,7623.487
5487,2023-04-21,6867.937,7229.8706
5488,2023-04-09,6363.1826,5829.7183
5489,2023-04-10,6701.2485,6207.8804
5490,2023-04-11,6839.1245,6957.676
5491,2023-04-12,6856.7725,7316.3994
5492,2023-04-13,6864.4937,7287.5825
5493,2023-04-14,6694.6313,7186.1367
5494,2023-04-15,6392.41,6388.325
5495,2023-04-16,6436.5293,6575.831
5496,2023-04-17,6807.1357,7050.6406
5497,2023-04-18,6899.236,7119.241
5498,2023-04-19,6927.917,7025.592
5499,2023-04-20,6967.6226,7623.487
5500,2023-04-21,6850.705,7229.8706
5501,2023-04-22,6556.7573,7020.0366
5502,2023-04-10,6239.609,6207.8804
5503,2023-04-11,6469.5396,6957.676
5504,2023-04-12,6559.419,7316.3994
5505,2023-04-13,6636.063,7287.5825
5506,2023-04-14,6583.131,7186.1367
5507,2023-04-15,6327.2812,6388.325
5508,2023-04-16,6159.1055,6575.831
5509,2023-04-17,6473.9546,7050.6406
5510,2023-04-18,6696.7163,7119.241
5511,2023-04-19,6752.9604,7025.592
5512,2023-04-20,6759.576,7623.487
5513,2023-04-21,6696.7173,7229.8706
5514,2023-04-22,6420.4673,7020.0366
5515,2023-04-23,6302.466,6772.7705
5516,2023-04-11,6617.9404,6957.676
5517,2023-04-12,6680.8013,7316.3994
5518,2023-04-13,6740.9067,7287.5825
5519,2023-04-14,6705.615,7186.1367
5520,2023-04-15,6362.643,6388.325
5521,2023-04-16,6231.9595,6575.831
5522,2023-04-17,6667.017,7050.6406
5523,2023-04-18,6832.99,7119.241
5524,2023-04-19,6905.775,7025.592
5525,2023-04-20,6927.28,7623.487
5526,2023-04-21,6828.5796,7229.8706
5527,2023-04-22,6501.0444,7020.0366
5528,2023-04-23,6379.185,6772.7705
5529,2023-04-24,6801.5596,7094.3184
5530,2023-04-12,7018.9336,7316.3994
5531,2023-04-13,6999.08,7287.5825
5532,2023-04-14,6960.478,7186.1367
5533,2023-04-15,6584.937,6388.325
5534,2023-04-16,6359.9414,6575.831
5535,2023-04-17,6917.464,7050.6406
5536,2023-04-18,7074.629,7119.241
5537,2023-04-19,7140.254,7025.592
5538,2023-04-20,7182.715,7623.487
5539,2023-04-21,7034.3735,7229.8706
5540,2023-04-22,6636.221,7020.0366
5541,2023-04-23,6516.5557,6772.7705
5542,2023-04-24,7032.7163,7094.3184
5543,2023-04-25,7170.58,6563.8354
5544,2023-04-13,7286.6113,7287.5825
5545,2023-04-14,7111.219,7186.1367
5546,2023-04-15,6743.8823,6388.325
5547,2023-04-16,6546.425,6575.831
5548,2023-04-17,6939.1323,7050.6406
5549,2023-04-18,7123.351,7119.241
5550,2023-04-19,7198.915,7025.592
5551,2023-04-20,7260.6895,7623.487
5552,2023-04-21,7150.9316,7229.8706
5553,2023-04-22,6788.007,7020.0366
5554,2023-04-23,6624.194,6772.7705
5555,2023-04-24,7022.416,7094.3184
5556,2023-04-25,7237.5225,6563.8354
5557,2023-04-26,7283.853,7205.2295
5558,2023-04-14,7166.3467,7186.1367
5559,2023-04-15,6852.466,6388.325
5560,2023-04-16,6518.7256,6575.831
5561,2023-04-17,6778.5454,7050.6406
5562,2023-04-18,7101.804,7119.241
5563,2023-04-19,7210.476,7025.592
5564,2023-04-20,7219.857,7623.487
5565,2023-04-21,7182.3438,7229.8706
5566,2023-04-22,6875.6333,7020.0366
5567,2023-04-23,6616.364,6772.7705
5568,2023-04-24,6920.8687,7094.3184
5569,2023-04-25,7224.2715,6563.8354
5570,2023-04-26,7275.0186,7205.2295
5571,2023-04-27,7278.33,7156.914
5572,2023-04-15,6846.562,6388.325
5573,2023-04-16,6521.0605,6575.831
5574,2023-04-17,6787.53,7050.6406
5575,2023-04-18,7132.892,7119.241
5576,2023-04-19,7203.509,7025.592
5577,2023-04-20,7273.0225,7623.487
5578,2023-04-21,7204.0576,7229.8706
5579,2023-04-22,6922.6963,7020.0366
5580,2023-04-23,6619.2627,6772.7705
5581,2023-04-24,6897.8706,7094.3184
5582,2023-04-25,7161.581,6563.8354
5583,2023-04-26,7223.9214,7205.2295
5584,2023-04-27,7273.575,7156.914
5585,2023-04-28,7227.7837,7218.8384
5586,2023-04-16,6210.74,6575.831
5587,2023-04-17,6781.6187,7050.6406
5588,2023-04-18,6905.723,7119.241
5589,2023-04-19,6954.2607,7025.592
5590,2023-04-20,7001.6963,7623.487
5591,2023-04-21,6898.5493,7229.8706
5592,2023-04-22,6497.558,7020.0366
5593,2023-04-23,6425.302,6772.7705
5594,2023-04-24,6927.236,7094.3184
5595,2023-04-25,7030.9307,6563.8354
5596,2023-04-26,7064.027,7205.2295
5597,2023-04-27,7035.3433,7156.914
5598,2023-04-28,6931.6475,7218.8384
5599,2023-04-29,6527.344,7349.817
5600,2023-04-17,7122.629,7050.6406
5601,2023-04-18,7241.759,7119.241
5602,2023-04-19,7272.096,7025.592
5603,2023-04-20,7242.311,7623.487
5604,2023-04-21,7092.844,7229.8706
5605,2023-04-22,6654.919,7020.0366
5606,2023-04-23,6577.15,6772.7705
5607,2023-04-24,7168.4043,7094.3184
5608,2023-04-25,7290.297,6563.8354
5609,2023-04-26,7288.641,7205.2295
5610,2023-04-27,7262.717,7156.914
5611,2023-04-28,7144.687,7218.8384
5612,2023-04-29,6705.108,7349.817
5613,2023-04-30,6659.332,7021.3203
5614,2023-04-18,7262.589,7119.241
5615,2023-04-19,7293.4785,7025.592
5616,2023-04-20,7316.6455,7623.487
5617,2023-04-21,7106.495,7229.8706
5618,2023-04-22,6634.346,7020.0366
5619,2023-04-23,6583.051,6772.7705
5620,2023-04-24,7114.2183,7094.3184
5621,2023-04-25,7200.2627,6563.8354
5622,2023-04-26,7275.8306,7205.2295
5623,2023-04-27,7292.377,7156.914
5624,2023-04-28,7151.1724,7218.8384
5625,2023-04-29,6745.7656,7349.817
5626,2023-04-30,6714.8765,7021.3203
5627,2023-05-01,7260.9375,7428.4473
5628,2023-04-19,7159.3267,7025.592
5629,2023-04-20,7135.056,7623.487
5630,2023-04-21,7032.458,7229.8706
5631,2023-04-22,6576.8296,7020.0366
5632,2023-04-23,6595.584,6772.7705
5633,2023-04-24,7168.1514,7094.3184
5634,2023-04-25,7222.21,6563.8354
5635,2023-04-26,7259.168,7205.2295
5636,2023-04-27,7269.096,7156.914
5637,2023-04-28,7109.6836,7218.8384
5638,2023-04-29,6679.9814,7349.817
5639,2023-04-30,6646.331,7021.3203
5640,2023-05-01,7218.9014,7428.4473
5641,2023-05-02,7319.8457,7468.7065
5642,2023-04-20,7040.655,7623.487
5643,2023-04-21,6939.158,7229.8706
5644,2023-04-22,6517.1826,7020.0366
5645,2023-04-23,6490.154,6772.7705
5646,2023-04-24,7016.938,7094.3184
5647,2023-04-25,7103.537,6563.8354
5648,2023-04-26,7162.5586,7205.2295
5649,2023-04-27,7162.0073,7156.914
5650,2023-04-28,7004.799,7218.8384
5651,2023-04-29,6595.5093,7349.817
5652,2023-04-30,6522.148,7021.3203
5653,2023-05-01,7098.0205,7428.4473
5654,2023-05-02,7204.4795,7468.7065
5655,2023-05-03,7243.6445,7227.6504
5656,2023-04-21,7388.717,7229.8706
5657,2023-04-22,6886.1655,7020.0366
5658,2023-04-23,6819.4175,6772.7705
5659,2023-04-24,7389.266,7094.3184
5660,2023-04-25,7473.667,6563.8354
5661,2023-04-26,7496.8354,7205.2295
5662,2023-04-27,7497.9395,7156.914
5663,2023-04-28,7275.075,7218.8384
5664,2023-04-29,6771.4243,7349.817
5665,2023-04-30,6700.261,7021.3203
5666,2023-05-01,7305.4155,7428.4473
5667,2023-05-02,7427.8813,7468.7065
5668,2023-05-03,7497.9404,7227.6504
5669,2023-05-04,7526.075,7408.1064
5670,2023-04-22,6712.293,7020.0366
5671,2023-04-23,6633.418,6772.7705
5672,2023-04-24,7192.177,7094.3184
5673,2023-04-25,7257.8174,6563.8354
5674,2023-04-26,7324.5596,7205.2295
5675,2023-04-27,7315.7344,7156.914
5676,2023-04-28,7160.737,7218.8384
5677,2023-04-29,6692.438,7349.817
5678,2023-04-30,6648.862,7021.3203
5679,2023-05-01,7274.364,7428.4473
5680,2023-05-02,7354.345,7468.7065
5681,2023-05-03,7364.274,7227.6504
5682,2023-05-04,7416.1235,7408.1064
5683,2023-05-05,7283.7417,7427.118
5684,2023-04-23,6693.8677,6772.7705
5685,2023-04-24,7208.9927,7094.3184
5686,2023-04-25,7339.1533,6563.8354
5687,2023-04-26,7357.9043,7205.2295
5688,2023-04-27,7367.279,7156.914
5689,2023-04-28,7254.768,7218.8384
5690,2023-04-29,6801.967,7349.817
5691,2023-04-30,6699.382,7021.3203
5692,2023-05-01,7288.964,7428.4473
5693,2023-05-02,7405.3374,7468.7065
5694,2023-05-03,7418.02,7227.6504
5695,2023-05-04,7477.0356,7408.1064
5696,2023-05-05,7355.1455,7427.118
5697,2023-05-06,6917.786,7121.8213
5698,2023-04-24,7314.2417,7094.3184
5699,2023-04-25,7390.35,6563.8354
5700,2023-04-26,7427.303,7205.2295
5701,2023-04-27,7391.4536,7156.914
5702,2023-04-28,7253.023,7218.8384
5703,2023-04-29,6822.8374,7349.817
5704,2023-04-30,6706.4663,7021.3203
5705,2023-05-01,7229.859,7428.4473
5706,2023-05-02,7346.7812,7468.7065
5707,2023-05-03,7415.1704,7227.6504
5708,2023-05-04,7471.4224,7408.1064
5709,2023-05-05,7369.945,7427.118
5710,2023-05-06,6927.076,7121.8213
5711,2023-05-07,6834.9727,7850.0996
5712,2023-04-25,7236.5225,6563.8354
5713,2023-04-26,7287.2725,7205.2295
5714,2023-04-27,7319.265,7156.914
5715,2023-04-28,7092.003,7218.8384
5716,2023-04-29,6677.747,7349.817
5717,2023-04-30,6596.1094,7021.3203
5718,2023-05-01,7167.5723,7428.4473
5719,2023-05-02,7261.8994,7468.7065
5720,2023-05-03,7360.635,7227.6504
5721,2023-05-04,7417.4507,7408.1064
5722,2023-05-05,7272.3774,7427.118
5723,2023-05-06,6877.9795,7121.8213
5724,2023-05-07,6787.5137,7850.0996
5725,2023-05-08,7323.6777,8198.73
5726,2023-04-26,6783.6294,7205.2295
5727,2023-04-27,6923.1743,7156.914
5728,2023-04-28,6856.987,7218.8384
5729,2023-04-29,6591.1333,7349.817
5730,2023-04-30,6477.514,7021.3203
5731,2023-05-01,6913.2456,7428.4473
5732,2023-05-02,7025.214,7468.7065
5733,2023-05-03,7101.328,7227.6504
5734,2023-05-04,7187.371,7408.1064
5735,2023-05-05,7121.735,7427.118
5736,2023-05-06,6776.4604,7121.8213
5737,2023-05-07,6636.3633,7850.0996
5738,2023-05-08,7058.858,8198.73
5739,2023-05-09,7193.99,8252.457
5740,2023-04-27,7293.938,7156.914
5741,2023-04-28,7154.402,7218.8384
5742,2023-04-29,6912.8325,7349.817
5743,2023-04-30,6707.6646,7021.3203
5744,2023-05-01,6970.189,7428.4473
5745,2023-05-02,7271.873,7468.7065
5746,2023-05-03,7328.129,7227.6504
5747,2023-05-04,7373.357,7408.1064
5748,2023-05-05,7312.135,7427.118
5749,2023-05-06,6996.663,7121.8213
5750,2023-05-07,6767.779,7850.0996
5751,2023-05-08,7015.4146,8198.73
5752,2023-05-09,7409.2026,8252.457
5753,2023-05-10,7489.7275,7965.05
5754,2023-04-28,7064.6406,7218.8384
5755,2023-04-29,6818.6743,7349.817
5756,2023-04-30,6587.601,7021.3203
5757,2023-05-01,6845.6973,7428.4473
5758,2023-05-02,7179.353,7468.7065
5759,2023-05-03,7220.715,7227.6504
5760,2023-05-04,7251.047,7408.1064
5761,2023-05-05,7258.2173,7427.118
5762,2023-05-06,6995.1533,7121.8213
5763,2023-05-07,6692.3843,7850.0996
5764,2023-05-08,6930.0767,8198.73
5765,2023-05-09,7291.308,8252.457
5766,2023-05-10,7318.3306,7965.05
5767,2023-05-11,7351.9707,7875.59
5768,2023-04-29,7001.96,7349.817
5769,2023-04-30,6625.8594,7021.3203
5770,2023-05-01,6670.529,7428.4473
5771,2023-05-02,7190.0127,7468.7065
5772,2023-05-03,7261.7026,7227.6504
5773,2023-05-04,7284.8623,7408.1064
5774,2023-05-05,7333.9463,7427.118
5775,2023-05-06,7155.819,7121.8213
5776,2023-05-07,6731.7417,7850.0996
5777,2023-05-08,6751.5957,8198.73
5778,2023-05-09,7268.871,8252.457
5779,2023-05-10,7340.561,7965.05
5780,2023-05-11,7423.2812,7875.59
5781,2023-05-12,7435.963,7772.4272
5782,2023-04-30,6789.1323,7021.3203
5783,2023-05-01,6725.714,7428.4473
5784,2023-05-02,7301.448,7468.7065
5785,2023-05-03,7346.1167,7227.6504
5786,2023-05-04,7386.926,7408.1064
5787,2023-05-05,7391.89,7427.118
5788,2023-05-06,7216.522,7121.8213
5789,2023-05-07,6789.685,7850.0996
5790,2023-05-08,6819.465,8198.73
5791,2023-05-09,7395.199,8252.457
5792,2023-05-10,7471.3013,7965.05
5793,2023-05-11,7493.357,7875.59
5794,2023-05-12,7546.2993,7772.4272
5795,2023-05-13,7343.913,7481.9473
5796,2023-05-01,6805.696,7428.4473
5797,2023-05-02,7351.1426,7468.7065
5798,2023-05-03,7359.97,7227.6504
5799,2023-05-04,7358.864,7408.1064
5800,2023-05-05,7431.665,7427.118
5801,2023-05-06,7310.8833,7121.8213
5802,2023-05-07,6866.913,7850.0996
5803,2023-05-08,6795.2183,8198.73
5804,2023-05-09,7352.2476,8252.457
5805,2023-05-10,7454.2754,7965.05
5806,2023-05-11,7528.73,7875.59
5807,2023-05-12,7498.397,7772.4272
5808,2023-05-13,7395.264,7481.9473
5809,2023-05-14,7064.355,7242.9316
5810,2023-05-02,7638.594,7468.7065
5811,2023-05-03,7614.877,7227.6504
5812,2023-05-04,7633.6333,7408.1064
5813,2023-05-05,7576.813,7427.118
5814,2023-05-06,7186.801,7121.8213
5815,2023-05-07,6971.6606,7850.0996
5816,2023-05-08,7417.3887,8198.73
5817,2023-05-09,7622.0493,8252.457
5818,2023-05-10,7655.1455,7965.05
5819,2023-05-11,7729.0664,7875.59
5820,2023-05-12,7672.799,7772.4272
5821,2023-05-13,7325.264,7481.9473
5822,2023-05-14,7136.0527,7242.9316
5823,2023-05-15,7506.753,7899.0713
5824,2023-05-03,7461.0674,7227.6504
5825,2023-05-04,7477.0654,7408.1064
5826,2023-05-05,7387.694,7427.118
5827,2023-05-06,7024.13,7121.8213
5828,2023-05-07,6888.412,7850.0996
5829,2023-05-08,7347.969,8198.73
5830,2023-05-09,7510.168,8252.457
5831,2023-05-10,7553.753,7965.05
5832,2023-05-11,7599.542,7875.59
5833,2023-05-12,7554.304,7772.4272
5834,2023-05-13,7237.0806,7481.9473
5835,2023-05-14,7123.433,7242.9316
5836,2023-05-15,7588.5093,7899.0713
5837,2023-05-16,7712.0864,7995.547
5838,2023-05-04,7294.4424,7408.1064
5839,2023-05-05,7257.4795,7427.118
5840,2023-05-06,6901.0854,7121.8213
5841,2023-05-07,6738.338,7850.0996
5842,2023-05-08,7221.62,8198.73
5843,2023-05-09,7386.022,8252.457
5844,2023-05-10,7392.6406,7965.05
5845,2023-05-11,7432.3623,7875.59
5846,2023-05-12,7333.61,7772.4272
5847,2023-05-13,7006.46,7481.9473
5848,2023-05-14,6851.9883,7242.9316
5849,2023-05-15,7273.476,7899.0713
5850,2023-05-16,7504.635,7995.547
5851,2023-05-17,7547.116,8222.346
5852,2023-05-05,7318.7075,7427.118
5853,2023-05-06,7050.038,7121.8213
5854,2023-05-07,6883.426,7850.0996
5855,2023-05-08,7312.6406,8198.73
5856,2023-05-09,7448.3555,8252.457
5857,2023-05-10,7462.1494,7965.05
5858,2023-05-11,7528.3506,7875.59
5859,2023-05-12,7485.8706,7772.4272
5860,2023-05-13,7157.6143,7481.9473
5861,2023-05-14,6962.3164,7242.9316
5862,2023-05-15,7342.983,7899.0713
5863,2023-05-16,7584.0713,7995.547
5864,2023-05-17,7520.075,8222.346
5865,2023-05-18,7594.003,8396.23
5866,2023-05-06,7043.3096,7121.8213
5867,2023-05-07,6895.444,7850.0996
5868,2023-05-08,7389.7886,8198.73
5869,2023-05-09,7513.9263,8252.457
5870,2023-05-10,7551.4434,7965.05
5871,2023-05-11,7577.925,7875.59
5872,2023-05-12,7481.927,7772.4272
5873,2023-05-13,7142.6177,7481.9473
5874,2023-05-14,6988.1343,7242.9316
5875,2023-05-15,7443.8574,7899.0713
5876,2023-05-16,7671.168,7995.547
5877,2023-05-17,7671.7217,8222.346
5878,2023-05-18,7719.719,8396.23
5879,2023-05-19,7555.859,8322.753
5880,2023-05-07,6905.752,7850.0996
5881,2023-05-08,7332.7764,8198.73
5882,2023-05-09,7456.909,8252.457
5883,2023-05-10,7548.4917,7965.05
5884,2023-05-11,7586.0117,7875.59
5885,2023-05-12,7498.841,7772.4272
5886,2023-05-13,7159.541,7481.9473
5887,2023-05-14,6934.4414,7242.9316
5888,2023-05-15,7314.016,7899.0713
5889,2023-05-16,7519.256,7995.547
5890,2023-05-17,7545.736,8222.346
5891,2023-05-18,7596.493,8396.23
5892,2023-05-19,7524.2207,8322.753
5893,2023-05-20,7156.7812,8010.0596
5894,2023-05-08,7833.6274,8198.73
5895,2023-05-09,7810.448,8252.457
5896,2023-05-10,7794.9937,7965.05
5897,2023-05-11,7692.8965,7875.59
5898,2023-05-12,7353.477,7772.4272
5899,2023-05-13,7110.0923,7481.9473
5900,2023-05-14,7589.138,7242.9316
5901,2023-05-15,7851.841,7899.0713
5902,2023-05-16,7878.884,7995.547
5903,2023-05-17,7887.16,8222.346
5904,2023-05-18,7808.791,8396.23
5905,2023-05-19,7408.114,8322.753
5906,2023-05-20,7219.916,8010.0596
5907,2023-05-21,7662.5386,7639.541
5908,2023-05-09,7926.564,8252.457
5909,2023-05-10,7817.783,7965.05
5910,2023-05-11,7755.3867,7875.59
5911,2023-05-12,7448.9277,7772.4272
5912,2023-05-13,7218.668,7481.9473
5913,2023-05-14,7591.9395,7242.9316
5914,2023-05-15,7879.627,7899.0713
5915,2023-05-16,7864.7183,7995.547
5916,2023-05-17,7826.0654,8222.346
5917,2023-05-18,7822.753,8396.23
5918,2023-05-19,7500.28,8322.753
5919,2023-05-20,7257.872,8010.0596
5920,2023-05-21,7638.877,7639.541
5921,2023-05-22,7986.1987,8385.907
5922,2023-05-10,8125.6343,7965.05
5923,2023-05-11,7965.442,7875.59
5924,2023-05-12,7652.235,7772.4272
5925,2023-05-13,7416.368,7481.9473
5926,2023-05-14,7836.1816,7242.9316
5927,2023-05-15,8070.399,7899.0713
5928,2023-05-16,8119.5586,7995.547
5929,2023-05-17,8152.1514,8222.346
5930,2023-05-18,8006.3193,8396.23
5931,2023-05-19,7619.647,8322.753
5932,2023-05-20,7422.445,8010.0596
5933,2023-05-21,7806.3545,7639.541
5934,2023-05-22,8068.1875,8385.907
5935,2023-05-23,8085.8633,8526.309
5936,2023-05-11,7839.277,7875.59
5937,2023-05-12,7667.437,7772.4272
5938,2023-05-13,7306.085,7481.9473
5939,2023-05-14,7445.3213,7242.9316
5940,2023-05-15,7996.745,7899.0713
5941,2023-05-16,7986.246,7995.547
5942,2023-05-17,7988.456,8222.346
5943,2023-05-18,7922.706,8396.23
5944,2023-05-19,7732.0854,8322.753
5945,2023-05-20,7400.014,8010.0596
5946,2023-05-21,7569.09,7639.541
5947,2023-05-22,8125.4863,8385.907
5948,2023-05-23,8161.399,8526.309
5949,2023-05-24,8160.294,8434.894
5950,2023-05-12,7717.4062,7772.4272
5951,2023-05-13,7389.7227,7481.9473
5952,2023-05-14,7505.763,7242.9316
5953,2023-05-15,8031.275,7899.0713
5954,2023-05-16,8048.4023,7995.547
5955,2023-05-17,7977.6724,8222.346
5956,2023-05-18,7994.803,8396.23
5957,2023-05-19,7770.4526,8322.753
5958,2023-05-20,7422.8794,8010.0596
5959,2023-05-21,7552.1836,7639.541
5960,2023-05-22,7990.937,8385.907
5961,2023-05-23,8052.826,8526.309
5962,2023-05-24,8042.8774,8434.894
5963,2023-05-25,8018.564,8526.432
5964,2023-05-13,7459.4,7481.9473
5965,2023-05-14,7646.7417,7242.9316
5966,2023-05-15,8054.583,7899.0713
5967,2023-05-16,8099.8975,7995.547
5968,2023-05-17,8120.9004,8222.346
5969,2023-05-18,8049.0596,8396.23
5970,2023-05-19,7811.4277,8322.753
5971,2023-05-20,7453.875,8010.0596
5972,2023-05-21,7635.69,7639.541
5973,2023-05-22,8098.795,8385.907
5974,2023-05-23,8147.425,8526.309
5975,2023-05-24,8175.61,8434.894
5976,2023-05-25,8180.0317,8526.432
5977,2023-05-26,7938.5293,8789.424
5978,2023-05-14,7538.8423,7242.9316
5979,2023-05-15,8050.607,7899.0713
5980,2023-05-16,8064.9756,7995.547
5981,2023-05-17,8094.8184,8222.346
5982,2023-05-18,8104.217,8396.23
5983,2023-05-19,7882.5977,8322.753
5984,2023-05-20,7529.4463,8010.0596
5985,2023-05-21,7652.138,7639.541
5986,2023-05-22,8155.6133,8385.907
5987,2023-05-23,8233.536,8526.309
5988,2023-05-24,8218.617,8434.894
5989,2023-05-25,8244.037,8526.432
5990,2023-05-26,8056.132,8789.424
5991,2023-05-27,7681.9814,8145.0674
5992,2023-05-15,7709.2896,7899.0713
5993,2023-05-16,7833.6177,7995.547
5994,2023-05-17,7853.5093,8222.346
5995,2023-05-18,7940.2607,8396.23
5996,2023-05-19,7824.775,8322.753
5997,2023-05-20,7421.408,8010.0596
5998,2023-05-21,7350.13,7639.541
5999,2023-05-22,7892.74,8385.907
6000,2023-05-23,8046.9062,8526.309
6001,2023-05-24,8015.9614,8434.894
6002,2023-05-25,8092.213,8526.432
6003,2023-05-26,7899.924,8789.424
6004,2023-05-27,7502.6333,8145.0674
6005,2023-05-28,7387.7026,8242.565
6006,2023-05-16,7982.1294,7995.547
6007,2023-05-17,8006.442,8222.346
6008,2023-05-18,7995.9414,8396.23
6009,2023-05-19,7811.3774,8322.753
6010,2023-05-20,7390.3076,8010.0596
6011,2023-05-21,7346.0996,7639.541
6012,2023-05-22,8058.385,8385.907
6013,2023-05-23,8090.437,8526.309
6014,2023-05-24,8056.727,8434.894
6015,2023-05-25,8036.8345,8526.432
6016,2023-05-26,7884.8755,8789.424
6017,2023-05-27,7442.804,8145.0674
6018,2023-05-28,7435.621,8242.565
6019,2023-05-29,8079.386,8288.105
6020,2023-05-17,7954.32,8222.346
6021,2023-05-18,7976.4224,8396.23
6022,2023-05-19,7780.8096,8322.753
6023,2023-05-20,7391.799,8010.0596
6024,2023-05-21,7429.927,7639.541
6025,2023-05-22,8083.621,8385.907
6026,2023-05-23,8146.0645,8526.309
6027,2023-05-24,8127.2764,8434.894
6028,2023-05-25,8123.408,8526.432
6029,2023-05-26,7925.5854,8789.424
6030,2023-05-27,7504.5244,8145.0674
6031,2023-05-28,7531.0483,8242.565
6032,2023-05-29,8133.9062,8288.105
6033,2023-05-30,8200.769,8308.159
6034,2023-05-18,8179.268,8396.23
6035,2023-05-19,7992.507,8322.753
6036,2023-05-20,7595.23,8010.0596
6037,2023-05-21,7547.16,7639.541
6038,2023-05-22,8140.589,8385.907
6039,2023-05-23,8239.494,8526.309
6040,2023-05-24,8221.812,8434.894
6041,2023-05-25,8231.756,8526.432
6042,2023-05-26,8042.2344,8789.424
6043,2023-05-27,7604.622,8145.0674
6044,2023-05-28,7588.598,8242.565
6045,2023-05-29,8233.968,8288.105
6046,2023-05-30,8343.921,8308.159
6047,2023-05-31,8306.35,8277.303
6048,2023-05-19,8133.7437,8322.753
6049,2023-05-20,7751.8926,8010.0596
6050,2023-05-21,7623.6914,7639.541
6051,2023-05-22,8252.551,8385.907
6052,2023-05-23,8383.517,8526.309
6053,2023-05-24,8452.595,8434.894
6054,2023-05-25,8465.301,8526.432
6055,2023-05-26,8240.395,8789.424
6056,2023-05-27,7795.551,8145.0674
6057,2023-05-28,7703.8174,8242.565
6058,2023-05-29,8263.051,8288.105
6059,2023-05-30,8440.988,8308.159
6060,2023-05-31,8432.7,8277.303
6061,2023-06-01,8415.569,8178.0605
6062,2023-05-20,7896.4604,8010.0596
6063,2023-05-21,7701.369,7639.541
6064,2023-05-22,8301.564,8385.907
6065,2023-05-23,8391.65,8526.309
6066,2023-05-24,8443.047,8434.894
6067,2023-05-25,8456.309,8526.432
6068,2023-05-26,8286.09,8789.424
6069,2023-05-27,7829.0337,8145.0674
6070,2023-05-28,7748.899,8242.565
6071,2023-05-29,8299.352,8288.105
6072,2023-05-30,8501.629,8308.159
6073,2023-05-31,8522.627,8277.303
6074,2023-06-01,8554.685,8178.0605
6075,2023-06-02,8428.68,8108.213
6076,2023-05-21,7732.9805,7639.541
6077,2023-05-22,8205.582,8385.907
6078,2023-05-23,8344.875,8526.309
6079,2023-05-24,8393.517,8434.894
6080,2023-05-25,8458.188,8526.432
6081,2023-05-26,8391.858,8789.424
6082,2023-05-27,7935.838,8145.0674
6083,2023-05-28,7825.8423,8242.565
6084,2023-05-29,8381.355,8288.105
6085,2023-05-30,8554.919,8308.159
6086,2023-05-31,8596.928,8277.303
6087,2023-06-01,8593.059,8178.0605
6088,2023-06-02,8507.385,8108.213
6089,2023-06-03,8048.6,7420.9795
6090,2023-05-22,8074.408,8385.907
6091,2023-05-23,8345.307,8526.309
6092,2023-05-24,8396.722,8434.894
6093,2023-05-25,8440.95,8526.432
6094,2023-05-26,8359.682,8789.424
6095,2023-05-27,8014.701,8145.0674
6096,2023-05-28,7738.275,8242.565
6097,2023-05-29,8184.424,8288.105
6098,2023-05-30,8541.57,8308.159
6099,2023-05-31,8542.675,8277.303
6100,2023-06-01,8570.871,8178.0605
6101,2023-06-02,8435.975,8108.213
6102,2023-06-03,8081.5957,7420.9795
6103,2023-06-04,7806.83,7537.8394
6104,2023-05-23,8433.241,8526.309
6105,2023-05-24,8410.011,8434.894
6106,2023-05-25,8444.856,8526.432
6107,2023-05-26,8273.945,8789.424
6108,2023-05-27,7804.3525,8145.0674
6109,2023-05-28,7755.125,8242.565
6110,2023-05-29,8459.789,8288.105
6111,2023-05-30,8544.969,8308.159
6112,2023-05-31,8588.665,8277.303
6113,2023-06-01,8585.346,8178.0605
6114,2023-06-02,8428.815,8108.213
6115,2023-06-03,7963.6475,7420.9795
6116,2023-06-04,7842.516,7537.8394
6117,2023-06-05,8512.889,8137.084
6118,2023-05-24,8464.126,8434.894
6119,2023-05-25,8462.468,8526.432
6120,2023-05-26,8324.109,8789.424
6121,2023-05-27,7910.1436,8145.0674
6122,2023-05-28,7810.527,8242.565
6123,2023-05-29,8463.0205,8288.105
6124,2023-05-30,8586.437,8308.159
6125,2023-05-31,8594.181,8277.303
6126,2023-06-01,8577.577,8178.0605
6127,2023-06-02,8388.305,8108.213
6128,2023-06-03,7887.4556,7420.9795
6129,2023-06-04,7868.636,7537.8394
6130,2023-06-05,8517.255,8137.084
6131,2023-06-06,8621.855,8248.393
6132,2023-05-25,8346.862,8526.432
6133,2023-05-26,8234.45,8789.424
6134,2023-05-27,7857.895,8145.0674
6135,2023-05-28,7806.3955,8242.565
6136,2023-05-29,8485.302,8288.105
6137,2023-05-30,8607.129,8308.159
6138,2023-05-31,8602.699,8277.303
6139,2023-06-01,8604.913,8178.0605
6140,2023-06-02,8464.258,8108.213
6141,2023-06-03,8002.9785,7420.9795
6142,2023-06-04,7955.3555,7537.8394
6143,2023-06-05,8562.829,8137.084
6144,2023-06-06,8696.285,8248.393
6145,2023-06-07,8682.44,7945.4614
6146,2023-05-26,8415.213,8789.424
6147,2023-05-27,7984.147,8145.0674
6148,2023-05-28,7766.398,8242.565
6149,2023-05-29,8441.256,8288.105
6150,2023-05-30,8608.03,8308.159
6151,2023-05-31,8645.152,8277.303
6152,2023-06-01,8633.517,8178.0605
6153,2023-06-02,8522.702,8108.213
6154,2023-06-03,8053.4067,7420.9795
6155,2023-06-04,7894.389,7537.8394
6156,2023-06-05,8499.433,8137.084
6157,2023-06-06,8710.532,8248.393
6158,2023-06-07,8705.544,7945.4614
6159,2023-06-08,8673.408,8538.575
6160,2023-05-27,8216.084,8145.0674
6161,2023-05-28,7896.2046,8242.565
6162,2023-05-29,8421.762,8288.105
6163,2023-05-30,8723.349,8308.159
6164,2023-05-31,8735.544,8277.303
6165,2023-06-01,8763.265,8178.0605
6166,2023-06-02,8680.107,8108.213
6167,2023-06-03,8244.912,7420.9795
6168,2023-06-04,7936.1187,7537.8394
6169,2023-06-05,8414.001,8137.084
6170,2023-06-06,8763.263,8248.393
6171,2023-06-07,8768.253,7945.4614
6172,2023-06-08,8731.665,8538.575
6173,2023-06-09,8622.449,8150.5796
6174,2023-05-28,7806.3467,8242.565
6175,2023-05-29,8522.874,8288.105
6176,2023-05-30,8679.82,8308.159
6177,2023-05-31,8684.813,8277.303
6178,2023-06-01,8694.796,8178.0605
6179,2023-06-02,8557.8125,8108.213
6180,2023-06-03,8076.982,7420.9795
6181,2023-06-04,7936.674,7537.8394
6182,2023-06-05,8616.598,8137.084
6183,2023-06-06,8757.461,8248.393
6184,2023-06-07,8730.287,7945.4614
6185,2023-06-08,8779.646,8538.575
6186,2023-06-09,8593.305,8150.5796
6187,2023-06-10,8130.781,7825.0
6188,2023-05-29,8919.021,8288.105
6189,2023-05-30,8941.771,8308.159
6190,2023-05-31,8944.543,8277.303
6191,2023-06-01,8977.277,8178.0605
6192,2023-06-02,8828.59,8108.213
6193,2023-06-03,8352.013,7420.9795
6194,2023-06-04,8267.682,7537.8394
6195,2023-06-05,8997.251,8137.084
6196,2023-06-06,9098.224,8248.393
6197,2023-06-07,9066.602,7945.4614
6198,2023-06-08,9035.534,8538.575
6199,2023-06-09,8825.261,8150.5796
6200,2023-06-10,8293.203,7825.0
6201,2023-06-11,8281.554,7800.031
6202,2023-05-30,8487.3955,8308.159
6203,2023-05-31,8579.521,8277.303
6204,2023-06-01,8616.705,8178.0605
6205,2023-06-02,8472.411,8108.213
6206,2023-06-03,8098.353,7420.9795
6207,2023-06-04,7953.502,7537.8394
6208,2023-06-05,8553.438,8137.084
6209,2023-06-06,8739.911,8248.393
6210,2023-06-07,8745.461,7945.4614
6211,2023-06-08,8723.816,8538.575
6212,2023-06-09,8612.266,8150.5796
6213,2023-06-10,8259.296,7825.0
6214,2023-06-11,8133.317,7800.031
6215,2023-06-12,8671.65,8082.689
6216,2023-05-31,8413.491,8277.303
6217,2023-06-01,8505.093,8178.0605
6218,2023-06-02,8341.32,8108.213
6219,2023-06-03,7999.8945,7420.9795
6220,2023-06-04,7921.0596,7537.8394
6221,2023-06-05,8540.069,8137.084
6222,2023-06-06,8626.119,8248.393
6223,2023-06-07,8608.907,7945.4614
6224,2023-06-08,8666.644,8538.575
6225,2023-06-09,8525.077,8150.5796
6226,2023-06-10,8094.2744,7825.0
6227,2023-06-11,8063.7363,7800.031
6228,2023-06-12,8670.533,8082.689
6229,2023-06-13,8772.682,8478.882
6230,2023-06-01,8339.605,8178.0605
6231,2023-06-02,8275.747,8108.213
6232,2023-06-03,7917.6006,7420.9795
6233,2023-06-04,7879.8413,7537.8394
6234,2023-06-05,8529.507,8137.084
6235,2023-06-06,8667.769,8248.393
6236,2023-06-07,8617.795,7945.4614
6237,2023-06-08,8636.673,8538.575
6238,2023-06-09,8508.962,8150.5796
6239,2023-06-10,8103.0586,7825.0
6240,2023-06-11,8042.5312,7800.031
6241,2023-06-12,8611.685,8082.689
6242,2023-06-13,8769.381,8478.882
6243,2023-06-14,8766.606,8442.13
6244,2023-06-02,8079.866,8108.213
6245,2023-06-03,7758.3154,7420.9795
6246,2023-06-04,7732.2114,7537.8394
6247,2023-06-05,8430.298,8137.084
6248,2023-06-06,8544.7,8248.393
6249,2023-06-07,8538.034,7945.4614
6250,2023-06-08,8606.898,8538.575
6251,2023-06-09,8491.386,8150.5796
6252,2023-06-10,8058.208,7825.0
6253,2023-06-11,7919.924,7800.031
6254,2023-06-12,8526.372,8082.689
6255,2023-06-13,8658.547,8478.882
6256,2023-06-14,8623.001,8442.13
6257,2023-06-15,8649.659,8732.903
6258,2023-06-03,7791.3857,7420.9795
6259,2023-06-04,7762.506,7537.8394
6260,2023-06-05,8403.456,8137.084
6261,2023-06-06,8551.751,8248.393
6262,2023-06-07,8538.976,7945.4614
6263,2023-06-08,8536.2,8538.575
6264,2023-06-09,8380.126,8150.5796
6265,2023-06-10,8000.2236,7825.0
6266,2023-06-11,7955.233,7800.031
6267,2023-06-12,8547.308,8082.689
6268,2023-06-13,8675.611,8478.882
6269,2023-06-14,8672.277,8442.13
6270,2023-06-15,8640.619,8732.903
6271,2023-06-16,8481.769,8585.197
6272,2023-06-04,7566.7856,7537.8394
6273,2023-06-05,8339.851,8137.084
6274,2023-06-06,8380.945,8248.393
6275,2023-06-07,8374.836,7945.4614
6276,2023-06-08,8427.04,8538.575
6277,2023-06-09,8241.548,8150.5796
6278,2023-06-10,7752.8325,7825.0
6279,2023-06-11,7828.916,7800.031
6280,2023-06-12,8524.2295,8082.689
6281,2023-06-13,8571.432,8478.882
6282,2023-06-14,8551.996,8442.13
6283,2023-06-15,8605.31,8732.903
6284,2023-06-16,8440.923,8585.197
6285,2023-06-17,7942.7656,8099.4976
6286,2023-06-05,8393.412,8137.084
6287,2023-06-06,8445.059,8248.393
6288,2023-06-07,8428.4,7945.4614
6289,2023-06-08,8418.4,8538.575
6290,2023-06-09,8266.229,8150.5796
6291,2023-06-10,7834.1465,7825.0
6292,2023-06-11,7827.4814,7800.031
6293,2023-06-12,8427.29,8082.689
6294,2023-06-13,8522.26,8478.882
6295,2023-06-14,8526.701,8442.13
6296,2023-06-15,8553.914,8732.903
6297,2023-06-16,8396.742,8585.197
6298,2023-06-17,7994.6504,8099.4976
6299,2023-06-18,7953.552,8054.9277
6300,2023-06-06,8283.884,8248.393
6301,2023-06-07,8304.437,7945.4614
6302,2023-06-08,8371.097,8538.575
6303,2023-06-09,8277.774,8150.5796
6304,2023-06-10,7794.473,7825.0
6305,2023-06-11,7731.143,7800.031
6306,2023-06-12,8388.876,8082.689
6307,2023-06-13,8484.428,8478.882
6308,2023-06-14,8474.426,8442.13
6309,2023-06-15,8464.982,8732.903
6310,2023-06-16,8313.882,8585.197
6311,2023-06-17,7860.581,8099.4976
6312,2023-06-18,7827.805,8054.9277
6313,2023-06-19,8505.538,9105.796
6314,2023-06-07,8229.555,7945.4614
6315,2023-06-08,8263.996,8538.575
6316,2023-06-09,8080.6733,8150.5796
6317,2023-06-10,7632.92,7825.0
6318,2023-06-11,7692.9175,7800.031
6319,2023-06-12,8349.546,8082.689
6320,2023-06-13,8424.546,8478.882
6321,2023-06-14,8413.988,8442.13
6322,2023-06-15,8420.653,8732.903
6323,2023-06-16,8252.885,8585.197
6324,2023-06-17,7815.131,8099.4976
6325,2023-06-18,7894.015,8054.9277
6326,2023-06-19,8593.423,9105.796
6327,2023-06-20,8635.644,9459.756
6328,2023-06-08,7995.734,8538.575
6329,2023-06-09,7980.1807,8150.5796
6330,2023-06-10,7621.332,7825.0
6331,2023-06-11,7634.666,7800.031
6332,2023-06-12,8234.596,8082.689
6333,2023-06-13,8295.7,8478.882
6334,2023-06-14,8288.477,8442.13
6335,2023-06-15,8279.035,8732.903
6336,2023-06-16,8120.165,8585.197
6337,2023-06-17,7736.8765,8099.4976
6338,2023-06-18,7760.207,8054.9277
6339,2023-06-19,8380.688,9105.796
6340,2023-06-20,8455.124,9459.756
6341,2023-06-21,8440.127,9624.521
6342,2023-06-09,8336.836,8150.5796
6343,2023-06-10,7884.5693,7825.0
6344,2023-06-11,7845.122,7800.031
6345,2023-06-12,8549.075,8082.689
6346,2023-06-13,8615.191,8478.882
6347,2023-06-14,8602.972,8442.13
6348,2023-06-15,8679.642,8732.903
6349,2023-06-16,8449.067,8585.197
6350,2023-06-17,7961.245,8099.4976
6351,2023-06-18,7971.8013,8054.9277
6352,2023-06-19,8682.975,9105.796
6353,2023-06-20,8752.428,9459.756
6354,2023-06-21,8714.092,9624.521
6355,2023-06-22,8690.2,9818.541
6356,2023-06-10,7697.7017,7825.0
6357,2023-06-11,7769.3823,7800.031
6358,2023-06-12,8395.624,8082.689
6359,2023-06-13,8449.523,8478.882
6360,2023-06-14,8466.193,8442.13
6361,2023-06-15,8491.197,8732.903
6362,2023-06-16,8300.601,8585.197
6363,2023-06-17,7882.74,8099.4976
6364,2023-06-18,7950.533,8054.9277
6365,2023-06-19,8533.985,9105.796
6366,2023-06-20,8634.562,9459.756
6367,2023-06-21,8654.011,9624.521
6368,2023-06-22,8672.902,9818.541
6369,2023-06-23,8480.086,8729.582
6370,2023-06-11,7863.5073,7800.031
6371,2023-06-12,8514.163,8082.689
6372,2023-06-13,8566.3955,8478.882
6373,2023-06-14,8590.845,8442.13
6374,2023-06-15,8628.628,8732.903
6375,2023-06-16,8458.602,8585.197
6376,2023-06-17,8042.427,8099.4976
6377,2023-06-18,8054.6504,8054.9277
6378,2023-06-19,8666.97,9105.796
6379,2023-06-20,8796.435,9459.756
6380,2023-06-21,8773.1,9624.521
6381,2023-06-22,8801.992,9818.541
6382,2023-06-23,8641.41,8729.582
6383,2023-06-24,8120.2163,8033.797
6384,2023-06-12,8440.969,8082.689
6385,2023-06-13,8579.885,8478.882
6386,2023-06-14,8555.992,8442.13
6387,2023-06-15,8564.882,8732.903
6388,2023-06-16,8428.191,8585.197
6389,2023-06-17,7903.652,8099.4976
6390,2023-06-18,7822.5254,8054.9277
6391,2023-06-19,8483.204,9105.796
6392,2023-06-20,8590.443,9459.756
6393,2023-06-21,8587.112,9624.521
6394,2023-06-22,8601.557,9818.541
6395,2023-06-23,8506.537,8729.582
6396,2023-06-24,7980.8877,8033.797
6397,2023-06-25,7946.4375,7841.076
6398,2023-06-13,8210.412,8478.882
6399,2023-06-14,8225.974,8442.13
6400,2023-06-15,8252.093,8732.903
6401,2023-06-16,8109.826,8585.197
6402,2023-06-17,7708.5864,8099.4976
6403,2023-06-18,7704.695,8054.9277
6404,2023-06-19,8389.914,9105.796
6405,2023-06-20,8469.386,9459.756
6406,2023-06-21,8452.155,9624.521
6407,2023-06-22,8499.95,9818.541
6408,2023-06-23,8340.452,8729.582
6409,2023-06-24,7901.982,8033.797
6410,2023-06-25,7890.3086,7841.076
6411,2023-06-26,8462.716,8462.699
6412,2023-06-14,8500.987,8442.13
6413,2023-06-15,8442.639,8732.903
6414,2023-06-16,8385.402,8585.197
6415,2023-06-17,8016.42,8099.4976
6416,2023-06-18,7849.7163,8054.9277
6417,2023-06-19,8459.865,9105.796
6418,2023-06-20,8674.362,9459.756
6419,2023-06-21,8702.703,9624.521
6420,2023-06-22,8736.6,9818.541
6421,2023-06-23,8627.128,8729.582
6422,2023-06-24,8168.1255,8033.797
6423,2023-06-25,8043.0957,7841.076
6424,2023-06-26,8540.441,8462.699
6425,2023-06-27,8706.037,8723.876
6426,2023-06-15,8425.411,8732.903
6427,2023-06-16,8348.722,8585.197
6428,2023-06-17,7956.3755,8099.4976
6429,2023-06-18,7898.583,8054.9277
6430,2023-06-19,8424.859,9105.796
6431,2023-06-20,8626.032,9459.756
6432,2023-06-21,8612.695,9624.521
6433,2023-06-22,8671.602,9818.541
6434,2023-06-23,8591.574,8729.582
6435,2023-06-24,8184.78,8033.797
6436,2023-06-25,8034.178,7841.076
6437,2023-06-26,8568.234,8462.699
6438,2023-06-27,8753.294,8723.876
6439,2023-06-28,8758.295,9616.494
6440,2023-06-16,8646.562,8585.197
6441,2023-06-17,8181.822,8099.4976
6442,2023-06-18,8020.0527,8054.9277
6443,2023-06-19,8554.834,9105.796
6444,2023-06-20,8789.428,9459.756
6445,2023-06-21,8798.324,9624.521
6446,2023-06-22,8793.318,9818.541
6447,2023-06-23,8734.949,8729.582
6448,2023-06-24,8335.251,8033.797
6449,2023-06-25,8135.6807,7841.076
6450,2023-06-26,8599.864,8462.699
6451,2023-06-27,8826.673,8723.876
6452,2023-06-28,8821.113,9616.494
6453,2023-06-29,8833.344,9115.151
6454,2023-06-17,7993.5557,8099.4976
6455,2023-06-18,7871.766,8054.9277
6456,2023-06-19,8465.695,9105.796
6457,2023-06-20,8612.509,9459.756
6458,2023-06-21,8650.322,9624.521
6459,2023-06-22,8715.945,9818.541
6460,2023-06-23,8579.142,8729.582
6461,2023-06-24,8127.0225,8033.797
6462,2023-06-25,7960.745,7841.076
6463,2023-06-26,8526.31,8462.699
6464,2023-06-27,8708.716,8723.876
6465,2023-06-28,8697.593,9616.494
6466,2023-06-29,8725.399,9115.151
6467,2023-06-30,8612.508,8961.175
6468,2023-06-18,7899.745,8054.9277
6469,2023-06-19,8428.179,9105.796
6470,2023-06-20,8613.407,9459.756
6471,2023-06-21,8617.857,9624.521
6472,2023-06-22,8657.352,9818.541
6473,2023-06-23,8578.921,8729.582
6474,2023-06-24,8166.743,8033.797
6475,2023-06-25,8072.7373,7841.076
6476,2023-06-26,8569.466,8462.699
6477,2023-06-27,8741.347,8723.876
6478,2023-06-28,8719.652,9616.494
6479,2023-06-29,8777.502,9115.151
6480,2023-06-30,8660.134,8961.175
6481,2023-07-01,8231.824,8321.125
6482,2023-06-19,8674.237,9105.796
6483,2023-06-20,8749.359,9459.756
6484,2023-06-21,8762.154,9624.521
6485,2023-06-22,8801.664,9818.541
6486,2023-06-23,8671.456,8729.582
6487,2023-06-24,8209.0625,8033.797
6488,2023-06-25,8131.1587,7841.076
6489,2023-06-26,8705.402,8462.699
6490,2023-06-27,8791.647,8723.876
6491,2023-06-28,8759.373,9616.494
6492,2023-06-29,8810.565,9115.151
6493,2023-06-30,8655.878,8961.175
6494,2023-07-01,8241.336,8321.125
6495,2023-07-02,8237.997,8122.575
6496,2023-06-20,9088.381,9459.756
6497,2023-06-21,9014.884,9624.521
6498,2023-06-22,9014.33,9818.541
6499,2023-06-23,8838.94,8729.582
6500,2023-06-24,8299.974,8033.797
6501,2023-06-25,8253.763,7841.076
6502,2023-06-26,8865.664,8462.699
6503,2023-06-27,8890.722,8723.876
6504,2023-06-28,8867.336,9616.494
6505,2023-06-29,8958.093,9115.151
6506,2023-06-30,8797.738,8961.175
6507,2023-07-01,8340.62,8321.125
6508,2023-07-02,8315.006,8122.575
6509,2023-07-03,8928.028,8793.19
6510,2023-06-21,9280.694,9624.521
6511,2023-06-22,9266.211,9818.541
6512,2023-06-23,9040.599,8729.582
6513,2023-06-24,8518.63,8033.797
6514,2023-06-25,8442.312,7841.076
6515,2023-06-26,9043.387,8462.699
6516,2023-06-27,9131.959,8723.876
6517,2023-06-28,9034.474,9616.494
6518,2023-06-29,9019.988,9115.151
6519,2023-06-30,8900.778,8961.175
6520,2023-07-01,8416.128,8321.125
6521,2023-07-02,8416.687,8122.575
6522,2023-07-03,9007.177,8793.19
6523,2023-07-04,9085.723,9070.874
6524,2023-06-22,9457.334,9818.541
6525,2023-06-23,9288.465,8729.582
6526,2023-06-24,8675.957,8033.797
6527,2023-06-25,8524.923,7841.076
6528,2023-06-26,9167.526,8462.699
6529,2023-06-27,9219.356,8723.876
6530,2023-06-28,9228.271,9616.494
6531,2023-06-29,9218.799,9115.151
6532,2023-06-30,9036.553,8961.175
6533,2023-07-01,8555.018,8321.125
6534,2023-07-02,8504.298,8122.575
6535,2023-07-03,9037.666,8793.19
6536,2023-07-04,9183.687,9070.874
6537,2023-07-05,9154.706,8138.5405
6538,2023-06-23,9539.685,8729.582
6539,2023-06-24,8892.178,8033.797
6540,2023-06-25,8669.648,7841.076
6541,2023-06-26,9269.193,8462.699
6542,2023-06-27,9374.043,8723.876
6543,2023-06-28,9336.675,9616.494
6544,2023-06-29,9307.118,9115.151
6545,2023-06-30,9147.612,8961.175
6546,2023-07-01,8611.646,8321.125
6547,2023-07-02,8588.223,8122.575
6548,2023-07-03,9161.553,8793.19
6549,2023-07-04,9297.636,9070.874
6550,2023-07-05,9281.461,8138.5405
6551,2023-07-06,9276.443,8474.951
6552,2023-06-24,8194.871,8033.797
6553,2023-06-25,8412.437,7841.076
6554,2023-06-26,8897.208,8462.699
6555,2023-06-27,8952.995,8723.876
6556,2023-06-28,8941.281,9616.494
6557,2023-06-29,8963.035,9115.151
6558,2023-06-30,8670.72,8961.175
6559,2023-07-01,8356.091,8321.125
6560,2023-07-02,8492.765,8122.575
6561,2023-07-03,8987.583,8793.19
6562,2023-07-04,9066.8,9070.874
6563,2023-07-05,9086.321,8138.5405
6564,2023-07-06,9052.295,8474.951
6565,2023-07-07,8791.218,8286.175
6566,2023-06-25,8178.615,7841.076
6567,2023-06-26,8813.398,8462.699
6568,2023-06-27,8902.092,8723.876
6569,2023-06-28,8890.377,9616.494
6570,2023-06-29,8917.711,9115.151
6571,2023-06-30,8709.089,8961.175
6572,2023-07-01,8226.032,8321.125
6573,2023-07-02,8292.409,8122.575
6574,2023-07-03,8960.663,8793.19
6575,2023-07-04,8989.67,9070.874
6576,2023-07-05,8961.779,8138.5405
6577,2023-07-06,8957.874,8474.951
6578,2023-07-07,8740.888,8286.175
6579,2023-07-08,8241.092,7811.4414
6580,2023-06-26,8617.823,8462.699
6581,2023-06-27,8786.829,8723.876
6582,2023-06-28,8809.1455,9616.494
6583,2023-06-29,8819.183,9115.151
6584,2023-06-30,8692.567,8961.175
6585,2023-07-01,8231.834,8321.125
6586,2023-07-02,8164.8994,8122.575
6587,2023-07-03,8765.082,8793.19
6588,2023-07-04,8901.737,9070.874
6589,2023-07-05,8911.776,8138.5405
6590,2023-07-06,8915.682,8474.951
6591,2023-07-07,8758.386,8286.175
6592,2023-07-08,8302.674,7811.4414
6593,2023-07-09,8158.7656,7463.425
6594,2023-06-27,8740.355,8723.876
6595,2023-06-28,8854.16,9616.494
6596,2023-06-29,8866.437,9115.151
6597,2023-06-30,8672.852,8961.175
6598,2023-07-01,8171.315,8321.125
6599,2023-07-02,8184.1455,8122.575
6600,2023-07-03,8840.215,8793.19
6601,2023-07-04,8960.719,9070.874
6602,2023-07-05,8926.6875,8138.5405
6603,2023-07-06,8926.126,8474.951
6604,2023-07-07,8792.238,8286.175
6605,2023-07-08,8264.4795,7811.4414
6606,2023-07-09,8225.988,7463.425
6607,2023-07-10,8903.815,8113.6
6608,2023-06-28,8758.657,9616.494
6609,2023-06-29,8755.869,9115.151
6610,2023-06-30,8586.275,8961.175
6611,2023-07-01,8149.4556,8321.125
6612,2023-07-02,8080.28,8122.575
6613,2023-07-03,8762.563,8793.19
6614,2023-07-04,8883.623,9070.874
6615,2023-07-05,8859.632,8138.5405
6616,2023-07-06,8855.7295,8474.951
6617,2023-07-07,8722.395,8286.175
6618,2023-07-08,8253.78,7811.4414
6619,2023-07-09,8174.0024,7463.425
6620,2023-07-10,8767.582,8113.6
6621,2023-07-11,8950.009,8444.525
6622,2023-06-29,9523.055,9115.151
6623,2023-06-30,9210.62,8961.175
6624,2023-07-01,8658.285,8321.125
6625,2023-07-02,8395.508,8122.575
6626,2023-07-03,8947.842,8793.19
6627,2023-07-04,9178.818,9070.874
6628,2023-07-05,9231.821,8138.5405
6629,2023-07-06,9229.591,8474.951
6630,2023-07-07,8988.011,8286.175
6631,2023-07-08,8566.784,7811.4414
6632,2023-07-09,8327.44,7463.425
6633,2023-07-10,8871.41,8113.6
6634,2023-07-11,9163.195,8444.525
6635,2023-07-12,9211.737,8423.909
6636,2023-06-30,8831.277,8961.175
6637,2023-07-01,8497.555,8321.125
6638,2023-07-02,8252.569,8122.575
6639,2023-07-03,8719.1045,8793.19
6640,2023-07-04,9024.925,9070.874
6641,2023-07-05,9086.307,8138.5405
6642,2023-07-06,9026.597,8474.951
6643,2023-07-07,8872.013,8286.175
6644,2023-07-08,8509.276,7811.4414
6645,2023-07-09,8276.566,7463.425
6646,2023-07-10,8688.412,8113.6
6647,2023-07-11,8978.601,8444.525
6648,2023-07-12,9042.22,8423.909
6649,2023-07-13,9075.148,8332.215
6650,2023-07-01,8607.465,8321.125
6651,2023-07-02,8271.361,8122.575
6652,2023-07-03,8690.096,8793.19
6653,2023-07-04,9079.794,9070.874
6654,2023-07-05,9104.914,8138.5405
6655,2023-07-06,9097.101,8474.951
6656,2023-07-07,8947.475,8286.175
6657,2023-07-08,8616.397,7811.4414
6658,2023-07-09,8341.709,7463.425
6659,2023-07-10,8784.45,8113.6
6660,2023-07-11,9087.053,8444.525
6661,2023-07-12,9098.215,8423.909
6662,2023-07-13,9095.427,8332.215
6663,2023-07-14,8970.925,8116.1436
6664,2023-07-02,8137.4395,8122.575
6665,2023-07-03,8744.536,8793.19
6666,2023-07-04,8983.018,9070.874
6667,2023-07-05,8994.1875,8138.5405
6668,2023-07-06,9058.416,8474.951
6669,2023-07-07,8900.358,8286.175
6670,2023-07-08,8507.173,7811.4414
6671,2023-07-09,8270.921,7463.425
6672,2023-07-10,8849.536,8113.6
6673,2023-07-11,9048.92,8444.525
6674,2023-07-12,9052.832,8423.909
6675,2023-07-13,9042.221,8332.215
6676,2023-07-14,8926.61,8116.1436
6677,2023-07-15,8440.152,7454.0464
6678,2023-07-03,8763.372,8793.19
6679,2023-07-04,8978.49,9070.874
6680,2023-07-05,9026.543,8138.5405
6681,2023-07-06,9044.423,8474.951
6682,2023-07-07,8935.466,8286.175
6683,2023-07-08,8542.106,7811.4414
6684,2023-07-09,8312.461,7463.425
6685,2023-07-10,8893.001,8113.6
6686,2023-07-11,9189.138,8444.525
6687,2023-07-12,9178.521,8423.909
6688,2023-07-13,9217.075,8332.215
6689,2023-07-14,9092.475,8116.1436
6690,2023-07-15,8543.783,7454.0464
6691,2023-07-16,8329.782,7702.149
6692,2023-07-04,9051.24,9070.874
6693,2023-07-05,9032.23,8138.5405
6694,2023-07-06,9055.713,8474.951
6695,2023-07-07,8899.162,8286.175
6696,2023-07-08,8374.73,7811.4414
6697,2023-07-09,8227.131,7463.425
6698,2023-07-10,8852.2,8113.6
6699,2023-07-11,9017.133,8444.525
6700,2023-07-12,9020.49,8423.909
6701,2023-07-13,9061.303,8332.215
6702,2023-07-14,8849.405,8116.1436
6703,2023-07-15,8332.798,7454.0464
6704,2023-07-16,8213.151,7702.149
6705,2023-07-17,8788.463,8233.419
6706,2023-07-05,9109.737,8138.5405
6707,2023-07-06,9124.282,8474.951
6708,2023-07-07,8934.648,8286.175
6709,2023-07-08,8471.472,7811.4414
6710,2023-07-09,8276.244,7463.425
6711,2023-07-10,8932.411,8113.6
6712,2023-07-11,9092.954,8444.525
6713,2023-07-12,9078.972,8423.909
6714,2023-07-13,9071.698,8332.215
6715,2023-07-14,8965.414,8116.1436
6716,2023-07-15,8427.84,7454.0464
6717,2023-07-16,8260.02,7702.149
6718,2023-07-17,8905.0,8233.419
6719,2023-07-18,9082.327,8249.094
6720,2023-07-06,8272.919,8474.951
6721,2023-07-07,8341.743,8286.175
6722,2023-07-08,8083.7886,7811.4414
6723,2023-07-09,8036.7886,7463.425
6724,2023-07-10,8656.768,8113.6
6725,2023-07-11,8803.369,8444.525
6726,2023-07-12,8750.214,8423.909
6727,2023-07-13,8784.905,8332.215
6728,2023-07-14,8620.396,8116.1436
6729,2023-07-15,8253.336,7454.0464
6730,2023-07-16,8139.746,7702.149
6731,2023-07-17,8630.469,8233.419
6732,2023-07-18,8800.574,8249.094
6733,2023-07-19,8769.237,8528.004
6734,2023-07-07,8442.784,8286.175
6735,2023-07-08,8079.55,7811.4414
6736,2023-07-09,7988.324,7463.425
6737,2023-07-10,8650.427,8113.6
6738,2023-07-11,8802.662,8444.525
6739,2023-07-12,8832.883,8423.909
6740,2023-07-13,8895.008,8332.215
6741,2023-07-14,8747.251,8116.1436
6742,2023-07-15,8263.128,7454.0464
6743,2023-07-16,8189.25,7702.149
6744,2023-07-17,8737.178,8233.419
6745,2023-07-18,8887.733,8249.094
6746,2023-07-19,8912.919,8528.004
6747,2023-07-20,8848.556,8942.402
6748,2023-07-08,7906.4775,7811.4414
6749,2023-07-09,7874.575,7463.425
6750,2023-07-10,8550.706,8113.6
6751,2023-07-11,8679.998,8444.525
6752,2023-07-12,8698.472,8423.909
6753,2023-07-13,8816.567,8332.215
6754,2023-07-14,8648.097,8116.1436
6755,2023-07-15,8119.7285,7454.0464
6756,2023-07-16,8071.5938,7702.149
6757,2023-07-17,8713.582,8233.419
6758,2023-07-18,8827.204,8249.094
6759,2023-07-19,8826.082,8528.004
6760,2023-07-20,8803.696,8942.402
6761,2023-07-21,8575.892,8892.339
6762,2023-07-09,7861.6855,7463.425
6763,2023-07-10,8629.105,8113.6
6764,2023-07-11,8746.648,8444.525
6765,2023-07-12,8802.624,8423.909
6766,2023-07-13,8834.53,8332.215
6767,2023-07-14,8608.392,8116.1436
6768,2023-07-15,8091.7427,7454.0464
6769,2023-07-16,7989.87,7702.149
6770,2023-07-17,8699.071,8233.419
6771,2023-07-18,8832.289,8249.094
6772,2023-07-19,8790.31,8528.004
6773,2023-07-20,8786.394,8942.402
6774,2023-07-21,8571.449,8892.339
6775,2023-07-22,8081.111,8172.3037
6776,2023-07-10,8227.541,8113.6
6777,2023-07-11,8448.122,8444.525
6778,2023-07-12,8453.721,8423.909
6779,2023-07-13,8515.865,8332.215
6780,2023-07-14,8365.267,8116.1436
6781,2023-07-15,7910.1064,7454.0464
6782,2023-07-16,7751.11,7702.149
6783,2023-07-17,8328.876,8233.419
6784,2023-07-18,8492.91,8249.094
6785,2023-07-19,8518.664,8528.004
6786,2023-07-20,8556.734,8942.402
6787,2023-07-21,8406.135,8892.339
6788,2023-07-22,7920.181,8172.3037
6789,2023-07-23,7800.937,8091.7236
6790,2023-07-11,8584.812,8444.525
6791,2023-07-12,8653.704,8423.909
6792,2023-07-13,8642.504,8332.215
6793,2023-07-14,8468.878,8116.1436
6794,2023-07-15,7990.016,7454.0464
6795,2023-07-16,7796.2314,7702.149
6796,2023-07-17,8394.949,8233.419
6797,2023-07-18,8537.206,8249.094
6798,2023-07-19,8528.807,8528.004
6799,2023-07-20,8543.371,8942.402
6800,2023-07-21,8454.877,8892.339
6801,2023-07-22,7950.8125,8172.3037
6802,2023-07-23,7781.668,8091.7236
6803,2023-07-24,8318.781,8694.758
6804,2023-07-12,8605.681,8423.909
6805,2023-07-13,8578.231,8332.215
6806,2023-07-14,8460.584,8116.1436
6807,2023-07-15,8007.357,7454.0464
6808,2023-07-16,7739.0063,7702.149
6809,2023-07-17,8243.214,8233.419
6810,2023-07-18,8467.307,8249.094
6811,2023-07-19,8492.517,8528.004
6812,2023-07-20,8513.245,8942.402
6813,2023-07-21,8369.265,8892.339
6814,2023-07-22,7885.2295,8172.3037
6815,2023-07-23,7751.333,8091.7236
6816,2023-07-24,8251.618,8694.758
6817,2023-07-25,8479.068,8628.669
6818,2023-07-13,8522.974,8332.215
6819,2023-07-14,8482.071,8116.1436
6820,2023-07-15,8073.0396,7454.0464
6821,2023-07-16,7811.9326,7702.149
6822,2023-07-17,8302.77,8233.419
6823,2023-07-18,8572.28,8249.094
6824,2023-07-19,8578.445,8528.004
6825,2023-07-20,8555.475,8942.402
6826,2023-07-21,8456.294,8892.339
6827,2023-07-22,7978.3467,8172.3037
6828,2023-07-23,7760.3813,8091.7236
6829,2023-07-24,8146.4395,8694.758
6830,2023-07-25,8502.806,8628.669
6831,2023-07-26,8544.827,8415.645
6832,2023-07-14,8315.772,8116.1436
6833,2023-07-15,7960.4795,7454.0464
6834,2023-07-16,7792.919,7702.149
6835,2023-07-17,8270.94,8233.419
6836,2023-07-18,8560.106,8249.094
6837,2023-07-19,8558.985,8528.004
6838,2023-07-20,8566.2705,8942.402
6839,2023-07-21,8460.355,8892.339
6840,2023-07-22,8053.5063,8172.3037
6841,2023-07-23,7829.346,8091.7236
6842,2023-07-24,8292.797,8694.758
6843,2023-07-25,8566.832,8628.669
6844,2023-07-26,8524.241,8415.645
6845,2023-07-27,8495.102,8320.924
6846,2023-07-15,7704.3945,7454.0464
6847,2023-07-16,7577.1826,7702.149
6848,2023-07-17,8140.3833,8233.419
6849,2023-07-18,8323.074,8249.094
6850,2023-07-19,8400.971,8528.004
6851,2023-07-20,8409.9375,8942.402
6852,2023-07-21,8285.527,8892.339
6853,2023-07-22,7795.1787,8172.3037
6854,2023-07-23,7637.707,8091.7236
6855,2023-07-24,8144.8677,8694.758
6856,2023-07-25,8342.688,8628.669
6857,2023-07-26,8325.316,8415.645
6858,2023-07-27,8357.261,8320.924
6859,2023-07-28,8258.629,8176.6577
6860,2023-07-16,7291.4194,7702.149
6861,2023-07-17,7971.6475,8233.419
6862,2023-07-18,8201.938,8249.094
6863,2023-07-19,8220.989,8528.004
6864,2023-07-20,8266.374,8942.402
6865,2023-07-21,8126.855,8892.339
6866,2023-07-22,7590.0684,8172.3037
6867,2023-07-23,7467.361,8091.7236
6868,2023-07-24,8030.4785,8694.758
6869,2023-07-25,8232.196,8628.669
6870,2023-07-26,8279.822,8415.645
6871,2023-07-27,8296.631,8320.924
6872,2023-07-28,8135.82,8176.6577
6873,2023-07-29,7691.487,7283.858
6874,2023-07-17,8414.698,8233.419
6875,2023-07-18,8506.05,8249.094
6876,2023-07-19,8529.587,8528.004
6877,2023-07-20,8493.72,8942.402
6878,2023-07-21,8287.482,8892.339
6879,2023-07-22,7803.8467,8172.3037
6880,2023-07-23,7691.2,8091.7236
6881,2023-07-24,8323.351,8694.758
6882,2023-07-25,8503.805,8628.669
6883,2023-07-26,8485.313,8415.645
6884,2023-07-27,8501.565,8320.924
6885,2023-07-28,8269.55,8176.6577
6886,2023-07-29,7820.0967,7283.858
6887,2023-07-30,7667.103,6842.956
6888,2023-07-18,8553.766,8249.094
6889,2023-07-19,8505.557,8528.004
6890,2023-07-20,8508.361,8942.402
6891,2023-07-21,8334.582,8892.339
6892,2023-07-22,7806.5273,8172.3037
6893,2023-07-23,7780.1777,8091.7236
6894,2023-07-24,8347.476,8694.758
6895,2023-07-25,8486.497,8628.669
6896,2023-07-26,8493.225,8415.645
6897,2023-07-27,8542.554,8320.924
6898,2023-07-28,8394.003,8176.6577
6899,2023-07-29,7899.58,7283.858
6900,2023-07-30,7772.889,6842.956
6901,2023-07-31,8350.84,7432.086
6902,2023-07-19,8291.892,8528.004
6903,2023-07-20,8330.014,8942.402
6904,2023-07-21,8136.0425,8892.339
6905,2023-07-22,7628.136,8172.3037
6906,2023-07-23,7604.0293,8091.7236
6907,2023-07-24,8217.893,8694.758
6908,2023-07-25,8368.695,8628.669
6909,2023-07-26,8312.074,8415.645
6910,2023-07-27,8380.468,8320.924
6911,2023-07-28,8198.271,8176.6577
6912,2023-07-29,7727.925,7283.858
6913,2023-07-30,7657.8486,6842.956
6914,2023-07-31,8231.348,7432.086
6915,2023-08-01,8363.648,7822.5156
6916,2023-07-20,8501.803,8942.402
6917,2023-07-21,8270.796,8892.339
6918,2023-07-22,7801.496,8172.3037
6919,2023-07-23,7756.08,8091.7236
6920,2023-07-24,8320.698,8694.758
6921,2023-07-25,8509.65,8628.669
6922,2023-07-26,8519.185,8415.645
6923,2023-07-27,8548.341,8320.924
6924,2023-07-28,8360.509,8176.6577
6925,2023-07-29,7893.4487,7283.858
6926,2023-07-30,7743.1846,6842.956
6927,2023-07-31,8336.4,7432.086
6928,2023-08-01,8485.543,7822.5156
6929,2023-08-02,8490.588,8292.154
6930,2023-07-21,8600.381,8892.339
6931,2023-07-22,8017.1177,8172.3037
6932,2023-07-23,7936.355,8091.7236
6933,2023-07-24,8586.92,8694.758
6934,2023-07-25,8689.553,8628.669
6935,2023-07-26,8680.019,8415.645
6936,2023-07-27,8708.061,8320.924
6937,2023-07-28,8487.651,8176.6577
6938,2023-07-29,7964.9556,7283.858
6939,2023-07-30,7849.9863,6842.956
6940,2023-07-31,8416.987,7432.086
6941,2023-08-01,8576.267,7822.5156
6942,2023-08-02,8580.19,8292.154
6943,2023-08-03,8620.57,7930.298
6944,2023-07-22,8264.566,8172.3037
6945,2023-07-23,8050.859,8091.7236
6946,2023-07-24,8570.827,8694.758
6947,2023-07-25,8754.248,8628.669
6948,2023-07-26,8730.691,8415.645
6949,2023-07-27,8749.2,8320.924
6950,2023-07-28,8578.682,8176.6577
6951,2023-07-29,8149.5796,7283.858
6952,2023-07-30,7925.772,6842.956
6953,2023-07-31,8482.203,7432.086
6954,2023-08-01,8687.499,7822.5156
6955,2023-08-02,8694.232,8292.154
6956,2023-08-03,8746.397,7930.298
6957,2023-08-04,8566.902,7685.308
6958,2023-07-23,7913.073,8091.7236
6959,2023-07-24,8527.291,8694.758
6960,2023-07-25,8703.986,8628.669
6961,2023-07-26,8698.376,8415.645
6962,2023-07-27,8749.423,8320.924
6963,2023-07-28,8559.267,8176.6577
6964,2023-07-29,8075.1816,7283.858
6965,2023-07-30,7884.464,6842.956
6966,2023-07-31,8447.078,7432.086
6967,2023-08-01,8697.255,7822.5156
6968,2023-08-02,8740.447,8292.154
6969,2023-08-03,8772.981,7930.298
6970,2023-08-04,8617.044,7685.308
6971,2023-08-05,8140.8086,7739.2886
6972,2023-07-24,8577.7705,8694.758
6973,2023-07-25,8634.438,8628.669
6974,2023-07-26,8669.218,8415.645
6975,2023-07-27,8764.038,8320.924
6976,2023-07-28,8563.184,8176.6577
6977,2023-07-29,8036.364,7283.858
6978,2023-07-30,7910.6904,6842.956
6979,2023-07-31,8532.324,7432.086
6980,2023-08-01,8690.54,7822.5156
6981,2023-08-02,8663.609,8292.154
6982,2023-08-03,8739.352,7930.298
6983,2023-08-04,8568.234,7685.308
6984,2023-08-05,8093.031,7739.2886
6985,2023-08-06,7968.4795,7696.344
6986,2023-07-25,8793.325,8628.669
6987,2023-07-26,8736.637,8415.645
6988,2023-07-27,8809.601,8320.924
6989,2023-07-28,8632.801,8176.6577
6990,2023-07-29,8140.01,7283.858
6991,2023-07-30,7994.0806,6842.956
6992,2023-07-31,8617.085,7432.086
6993,2023-08-01,8761.332,7822.5156
6994,2023-08-02,8761.332,8292.154
6995,2023-08-03,8769.188,7930.298
6996,2023-08-04,8647.3955,7685.308
6997,2023-08-05,8194.453,7739.2886
6998,2023-08-06,8007.5527,7696.344
6999,2023-08-07,8596.881,8405.603
7000,2023-07-26,8588.002,8415.645
7001,2023-07-27,8711.504,8320.924
7002,2023-07-28,8527.371,8176.6577
7003,2023-07-29,8059.7417,7283.858
7004,2023-07-30,7893.572,6842.956
7005,2023-07-31,8470.11,7432.086
7006,2023-08-01,8654.805,7822.5156
7007,2023-08-02,8672.207,8292.154
7008,2023-08-03,8616.631,7930.298
7009,2023-08-04,8423.518,7685.308
7010,2023-08-05,7988.446,7739.2886
7011,2023-08-06,7852.5923,7696.344
7012,2023-08-07,8404.432,8405.603
7013,2023-08-08,8582.388,8225.167
7014,2023-07-27,8537.949,8320.924
7015,2023-07-28,8394.208,8176.6577
7016,2023-07-29,8001.1655,7283.858
7017,2023-07-30,7846.7573,6842.956
7018,2023-07-31,8400.386,7432.086
7019,2023-08-01,8576.69,7822.5156
7020,2023-08-02,8581.744,8292.154
7021,2023-08-03,8606.448,7930.298
7022,2023-08-04,8409.366,7685.308
7023,2023-08-05,7969.723,7739.2886
7024,2023-08-06,7812.507,7696.344
7025,2023-08-07,8366.132,8405.603
7026,2023-08-08,8565.461,8225.167
7027,2023-08-09,8567.706,7870.5566
7028,2023-07-28,8281.539,8176.6577
7029,2023-07-29,7860.3574,7283.858
7030,2023-07-30,7748.605,6842.956
7031,2023-07-31,8329.834,7432.086
7032,2023-08-01,8508.978,7822.5156
7033,2023-08-02,8544.916,8292.154
7034,2023-08-03,8533.6875,7930.298
7035,2023-08-04,8350.612,7685.308
7036,2023-08-05,7867.6567,7739.2886
7037,2023-08-06,7786.792,7696.344
7038,2023-08-07,8301.195,8405.603
7039,2023-08-08,8452.258,8225.167
7040,2023-08-09,8459.558,7870.5566
7041,2023-08-10,8501.115,7846.5127
7042,2023-07-29,7728.8174,7283.858
7043,2023-07-30,7586.1567,6842.956
7044,2023-07-31,8282.597,7432.086
7045,2023-08-01,8501.642,7822.5156
7046,2023-08-02,8544.889,8292.154
7047,2023-08-03,8524.668,7930.298
7048,2023-08-04,8343.256,7685.308
7049,2023-08-05,7811.378,7739.2886
7050,2023-08-06,7717.0205,7696.344
7051,2023-08-07,8315.176,8405.603
7052,2023-08-08,8420.766,8225.167
7053,2023-08-09,8431.435,7870.5566
7054,2023-08-10,8441.545,7846.5127
7055,2023-08-11,8323.602,7867.7285
7056,2023-07-30,7260.5024,6842.956
7057,2023-07-31,7918.661,7432.086
7058,2023-08-01,8161.257,7822.5156
7059,2023-08-02,8219.1,8292.154
7060,2023-08-03,8279.187,7930.298
7061,2023-08-04,8106.2227,7685.308
7062,2023-08-05,7567.679,7739.2886
7063,2023-08-06,7425.0425,7696.344
7064,2023-08-07,7964.1465,8405.603
7065,2023-08-08,8133.179,8225.167
7066,2023-08-09,8157.8867,7870.5566
7067,2023-08-10,8271.885,7846.5127
7068,2023-08-11,8133.178,7867.7285
7069,2023-08-12,7669.8857,7499.321
7070,2023-07-31,7752.162,7432.086
7071,2023-08-01,8031.7705,7822.5156
7072,2023-08-02,8063.7744,8292.154
7073,2023-08-03,8136.765,7930.298
7074,2023-08-04,7974.5015,7685.308
7075,2023-08-05,7539.9287,7739.2886
7076,2023-08-06,7360.2583,7696.344
7077,2023-08-07,7937.4473,8405.603
7078,2023-08-08,8106.447,8225.167
7079,2023-08-09,8141.817,7870.5566
7080,2023-08-10,8134.5195,7846.5127
7081,2023-08-11,8055.916,7867.7285
7082,2023-08-12,7566.8774,7499.321
7083,2023-08-13,7389.4556,7675.7563
7084,2023-08-01,7849.1694,7822.5156
7085,2023-08-02,7927.779,8292.154
7086,2023-08-03,7917.672,7930.298
7087,2023-08-04,7866.574,7685.308
7088,2023-08-05,7451.629,7739.2886
7089,2023-08-06,7210.746,7696.344
7090,2023-08-07,7780.667,8405.603
7091,2023-08-08,7911.497,8225.167
7092,2023-08-09,7968.7686,7870.5566
7093,2023-08-10,7968.2075,7846.5127
7094,2023-08-11,7857.5933,7867.7285
7095,2023-08-12,7470.7217,7499.321
7096,2023-08-13,7238.823,7675.7563
7097,2023-08-14,7712.7256,8578.945
7098,2023-08-02,7893.6367,8292.154
7099,2023-08-03,8001.998,7930.298
7100,2023-08-04,7966.063,7685.308
7101,2023-08-05,7572.476,7739.2886
7102,2023-08-06,7355.7515,7696.344
7103,2023-08-07,7847.033,8405.603
7104,2023-08-08,8001.998,8225.167
7105,2023-08-09,7990.206,7870.5566
7106,2023-08-10,8018.28,7846.5127
7107,2023-08-11,7945.2886,7867.7285
7108,2023-08-12,7538.786,7499.321
7109,2023-08-13,7347.891,7675.7563
7110,2023-08-14,7813.344,8578.945
7111,2023-08-15,8022.2114,8364.405
7112,2023-08-03,8326.26,7930.298
7113,2023-08-04,8235.856,7685.308
7114,2023-08-05,7873.672,7739.2886
7115,2023-08-06,7515.419,7696.344
7116,2023-08-07,7896.135,8405.603
7117,2023-08-08,8213.393,8225.167
7118,2023-08-09,8263.931,7870.5566
7119,2023-08-10,8289.761,7846.5127
7120,2023-08-11,8123.549,7867.7285
7121,2023-08-12,7793.9375,7499.321
7122,2023-08-13,7524.9663,7675.7563
7123,2023-08-14,7873.6714,8578.945
7124,2023-08-15,8181.3877,8364.405
7125,2023-08-16,8196.546,8301.804
7126,2023-08-04,7856.3745,7685.308
7127,2023-08-05,7652.507,7739.2886
7128,2023-08-06,7354.2925,7696.344
7129,2023-08-07,7631.169,8405.603
7130,2023-08-08,7970.9424,8225.167
7131,2023-08-09,8024.2944,7870.5566
7132,2023-08-10,8009.6943,7846.5127
7133,2023-08-11,7947.916,7867.7285
7134,2023-08-12,7584.554,7499.321
7135,2023-08-13,7316.6655,7675.7563
7136,2023-08-14,7633.4136,8578.945
7137,2023-08-15,7894.0,8364.405
7138,2023-08-16,7932.753,8301.804
7139,2023-08-17,7906.3555,8099.3223
7140,2023-08-05,7375.128,7739.2886
7141,2023-08-06,7183.0283,7696.344
7142,2023-08-07,7698.666,8405.603
7143,2023-08-08,7898.071,8225.167
7144,2023-08-09,7964.912,7870.5566
7145,2023-08-10,7973.9,7846.5127
7146,2023-08-11,7857.63,7867.7285
7147,2023-08-12,7429.0513,7499.321
7148,2023-08-13,7258.855,7675.7563
7149,2023-08-14,7775.0566,8578.945
7150,2023-08-15,7937.3887,8364.405
7151,2023-08-16,7922.787,8301.804
7152,2023-08-17,7994.121,8099.3223
7153,2023-08-18,7848.64,7948.1914
7154,2023-08-06,7349.3823,7696.344
7155,2023-08-07,7577.4707,8405.603
7156,2023-08-08,7974.655,8225.167
7157,2023-08-09,8054.4307,7870.5566
7158,2023-08-10,8091.5117,7846.5127
7159,2023-08-11,7998.8125,7867.7285
7160,2023-08-12,7640.389,7499.321
7161,2023-08-13,7314.55,7675.7563
7162,2023-08-14,7530.279,8578.945
7163,2023-08-15,7881.398,8364.405
7164,2023-08-16,7864.5454,8301.804
7165,2023-08-17,7879.714,8099.3223
7166,2023-08-18,7785.3325,7948.1914
7167,2023-08-19,7438.706,7481.808
7168,2023-08-07,7732.438,8405.603
7169,2023-08-08,8105.573,8225.167
7170,2023-08-09,8146.6006,7870.5566
7171,2023-08-10,8184.8096,7846.5127
7172,2023-08-11,8141.5386,7867.7285
7173,2023-08-12,7829.094,7499.321
7174,2023-08-13,7596.445,7675.7563
7175,2023-08-14,7889.7837,8578.945
7176,2023-08-15,8133.672,8364.405
7177,2023-08-16,8128.0513,8301.804
7178,2023-08-17,8154.4624,8099.3223
7179,2023-08-18,8031.399,7948.1914
7180,2023-08-19,7665.0073,7481.808
7181,2023-08-20,7354.245,6961.8223
7182,2023-08-08,8442.791,8225.167
7183,2023-08-09,8375.885,7870.5566
7184,2023-08-10,8380.946,7846.5127
7185,2023-08-11,8171.2417,7867.7285
7186,2023-08-12,7661.873,7499.321
7187,2023-08-13,7553.9277,7675.7563
7188,2023-08-14,8100.398,8578.945
7189,2023-08-15,8203.85,8364.405
7190,2023-08-16,8230.836,8301.804
7191,2023-08-17,8210.596,8099.3223
7192,2023-08-18,8046.4287,7948.1914
7193,2023-08-19,7594.97,7481.808
7194,2023-08-20,7474.0913,6961.8223
7195,2023-08-21,7920.4917,7508.4326
7196,2023-08-09,8196.604,7870.5566
7197,2023-08-10,8118.996,7846.5127
7198,2023-08-11,7882.8,7867.7285
7199,2023-08-12,7521.1924,7499.321
7200,2023-08-13,7512.1934,7675.7563
7201,2023-08-14,8061.069,8578.945
7202,2023-08-15,8111.686,8364.405
7203,2023-08-16,8137.554,8301.804
7204,2023-08-17,8152.739,8099.3223
7205,2023-08-18,7879.986,7948.1914
7206,2023-08-19,7473.951,7481.808
7207,2023-08-20,7461.0186,6961.8223
7208,2023-08-21,7890.6733,7508.4326
7209,2023-08-22,7970.529,7651.757
7210,2023-08-10,7801.02,7846.5127
7211,2023-08-11,7702.588,7867.7285
7212,2023-08-12,7369.603,7499.321
7213,2023-08-13,7335.8545,7675.7563
7214,2023-08-14,7864.581,8578.945
7215,2023-08-15,8025.449,8364.405
7216,2023-08-16,7982.1406,8301.804
7217,2023-08-17,7968.0767,8099.3223
7218,2023-08-18,7775.7104,7948.1914
7219,2023-08-19,7339.2295,7481.808
7220,2023-08-20,7279.044,6961.8223
7221,2023-08-21,7766.7114,7508.4326
7222,2023-08-22,7829.7095,7651.757
7223,2023-08-23,7828.5825,7701.934
7224,2023-08-11,7592.5444,7867.7285
7225,2023-08-12,7196.5195,7499.321
7226,2023-08-13,7296.6494,7675.7563
7227,2023-08-14,7770.3057,8578.945
7228,2023-08-15,7919.379,8364.405
7229,2023-08-16,7838.9355,8301.804
7230,2023-08-17,7784.9316,8099.3223
7231,2023-08-18,7536.29,7948.1914
7232,2023-08-19,7150.3926,7481.808
7233,2023-08-20,7190.3306,6961.8223
7234,2023-08-21,7656.111,7508.4326
7235,2023-08-22,7666.7993,7651.757
7236,2023-08-23,7666.237,7701.934
7237,2023-08-24,7593.67,7754.9365
7238,2023-08-12,7365.719,7499.321
7239,2023-08-13,7283.5825,7675.7563
7240,2023-08-14,7788.207,8578.945
7241,2023-08-15,7929.413,8364.405
7242,2023-08-16,7942.353,8301.804
7243,2023-08-17,7975.545,8099.3223
7244,2023-08-18,7730.8267,7948.1914
7245,2023-08-19,7299.339,7481.808
7246,2023-08-20,7185.698,6961.8223
7247,2023-08-21,7660.5044,7508.4326
7248,2023-08-22,7765.7056,7651.757
7249,2023-08-23,7744.889,7701.934
7250,2023-08-24,7765.7056,7754.9365
7251,2023-08-25,7651.506,7585.771
7252,2023-08-13,7277.595,7675.7563
7253,2023-08-14,7829.446,8578.945
7254,2023-08-15,7981.895,8364.405
7255,2023-08-16,7986.9595,8301.804
7256,2023-08-17,7979.6475,8099.3223
7257,2023-08-18,7810.884,7948.1914
7258,2023-08-19,7412.044,7481.808
7259,2023-08-20,7235.965,6961.8223
7260,2023-08-21,7713.0,7508.4326
7261,2023-08-22,7801.3193,7651.757
7262,2023-08-23,7823.821,7701.934
7263,2023-08-24,7824.947,7754.9365
7264,2023-08-25,7630.308,7585.771
7265,2023-08-26,7252.8433,7084.851
7266,2023-08-14,8111.5513,8578.945
7267,2023-08-15,8199.886,8364.405
7268,2023-08-16,8137.9937,8301.804
7269,2023-08-17,8100.862,8099.3223
7270,2023-08-18,7842.0474,7948.1914
7271,2023-08-19,7431.322,7481.808
7272,2023-08-20,7476.334,6961.8223
7273,2023-08-21,7907.314,7508.4326
7274,2023-08-22,7988.8965,7651.757
7275,2023-08-23,7982.145,7701.934
7276,2023-08-24,7984.959,7754.9365
7277,2023-08-25,7735.7095,7585.771
7278,2023-08-26,7323.2954,7084.851
7279,2023-08-27,7377.873,6814.3784
7280,2023-08-15,8502.619,8364.405
7281,2023-08-16,8387.218,8301.804
7282,2023-08-17,8289.825,8099.3223
7283,2023-08-18,7971.2036,7948.1914
7284,2023-08-19,7529.862,7481.808
7285,2023-08-20,7514.663,6961.8223
7286,2023-08-21,8033.128,7508.4326
7287,2023-08-22,8131.078,7651.757
7288,2023-08-23,8074.223,7701.934
7289,2023-08-24,8021.871,7754.9365
7290,2023-08-25,7791.0654,7585.771
7291,2023-08-26,7388.0,7084.851
7292,2023-08-27,7407.141,6814.3784
7293,2023-08-28,7882.2593,7459.3276
7294,2023-08-16,8220.077,8301.804
7295,2023-08-17,8165.4575,8099.3223
7296,2023-08-18,7941.3467,7948.1914
7297,2023-08-19,7490.871,7481.808
7298,2023-08-20,7515.0864,6961.8223
7299,2023-08-21,8088.3164,7508.4326
7300,2023-08-22,8094.5083,7651.757
7301,2023-08-23,8048.897,7701.934
7302,2023-08-24,8001.6,7754.9365
7303,2023-08-25,7774.111,7585.771
7304,2023-08-26,7364.7363,7084.851
7305,2023-08-27,7407.5327,6814.3784
7306,2023-08-28,7879.9707,7459.3276
7307,2023-08-29,7922.2017,7339.473
7308,2023-08-17,8163.9004,8099.3223
7309,2023-08-18,7983.6714,7948.1914
7310,2023-08-19,7506.6226,7481.808
7311,2023-08-20,7464.942,6961.8223
7312,2023-08-21,8043.9326,7508.4326
7313,2023-08-22,8105.89,7651.757
7314,2023-08-23,8095.7495,7701.934
7315,2023-08-24,8076.038,7754.9365
7316,2023-08-25,7776.405,7585.771
7317,2023-08-26,7361.3105,7084.851
7318,2023-08-27,7315.6895,6814.3784
7319,2023-08-28,7815.266,7459.3276
7320,2023-08-29,7870.4604,7339.473
7321,2023-08-30,7880.0376,7468.534
7322,2023-08-18,7824.8833,7948.1914
7323,2023-08-19,7420.991,7481.808
7324,2023-08-20,7429.4414,6961.8223
7325,2023-08-21,7958.9487,7508.4326
7326,2023-08-22,7989.9326,7651.757
7327,2023-08-23,7961.7676,7701.934
7328,2023-08-24,7931.3467,7754.9365
7329,2023-08-25,7629.416,7585.771
7330,2023-08-26,7261.576,7084.851
7331,2023-08-27,7248.0566,6814.3784
7332,2023-08-28,7755.598,7459.3276
7333,2023-08-29,7824.882,7339.473
7334,2023-08-30,7820.3765,7468.534
7335,2023-08-31,7738.6963,7398.2485
7336,2023-08-19,7444.235,7481.808
7337,2023-08-20,7450.4307,6961.8223
7338,2023-08-21,7963.6514,7508.4326
7339,2023-08-22,7994.0737,7651.757
7340,2023-08-23,7994.635,7701.934
7341,2023-08-24,7937.1724,7754.9365
7342,2023-08-25,7697.744,7585.771
7343,2023-08-26,7278.6074,7084.851
7344,2023-08-27,7287.0576,6814.3784
7345,2023-08-28,7709.016,7459.3276
7346,2023-08-29,7830.699,7339.473
7347,2023-08-30,7807.038,7468.534
7348,2023-08-31,7782.2515,7398.2485
7349,2023-09-01,7598.594,7471.6953
7350,2023-08-20,7496.3423,6961.8223
7351,2023-08-21,8013.5293,7508.4326
7352,2023-08-22,8076.628,7651.757
7353,2023-08-23,8095.2207,7701.934
7354,2023-08-24,8105.358,7754.9365
7355,2023-08-25,7872.6816,7585.771
7356,2023-08-26,7392.683,7084.851
7357,2023-08-27,7316.063,6814.3784
7358,2023-08-28,7809.02,7459.3276
7359,2023-08-29,7929.5854,7339.473
7360,2023-08-30,7970.71,7468.534
7361,2023-08-31,7969.585,7398.2485
7362,2023-09-01,7780.29,7471.6953
7363,2023-09-02,7349.8643,7009.354
7364,2023-08-21,7681.851,7508.4326
7365,2023-08-22,7828.8945,7651.757
7366,2023-08-23,7872.277,7701.934
7367,2023-08-24,7905.518,7754.9365
7368,2023-08-25,7736.5,7585.771
7369,2023-08-26,7297.053,7084.851
7370,2023-08-27,7064.9336,6814.3784
7371,2023-08-28,7622.696,7459.3276
7372,2023-08-29,7740.444,7339.473
7373,2023-08-30,7735.9355,7468.534
7374,2023-08-31,7769.7393,7398.2485
7375,2023-09-01,7690.864,7471.6953
7376,2023-09-02,7302.1226,7009.354
7377,2023-09-03,7081.2744,6626.4355
7378,2023-08-22,7840.361,7651.757
7379,2023-08-23,7822.3286,7701.934
7380,2023-08-24,7766.5425,7754.9365
7381,2023-08-25,7601.44,7585.771
7382,2023-08-26,7197.9844,7084.851
7383,2023-08-27,7034.572,6814.3784
7384,2023-08-28,7518.0444,7459.3276
7385,2023-08-29,7593.5513,7339.473
7386,2023-08-30,7621.726,7468.534
7387,2023-08-31,7705.687,7398.2485
7388,2023-09-01,7536.076,7471.6953
7389,2023-09-02,7165.3027,7009.354
7390,2023-09-03,6997.9463,6626.4355
7391,2023-09-04,7455.498,7218.296
7392,2023-08-23,7750.5405,7701.934
7393,2023-08-24,7744.341,7754.9365
7394,2023-08-25,7628.2563,7585.771
7395,2023-08-26,7213.5137,7084.851
7396,2023-08-27,7000.506,6814.3784
7397,2023-08-28,7468.22,7459.3276
7398,2023-08-29,7602.338,7339.473
7399,2023-08-30,7626.567,7468.534
7400,2023-08-31,7642.344,7398.2485
7401,2023-09-01,7465.4023,7471.6953
7402,2023-09-02,7097.43,7009.354
7403,2023-09-03,6910.9062,6626.4355
7404,2023-09-04,7363.4062,7218.296
7405,2023-09-05,7520.0645,6905.367
7406,2023-08-24,7821.491,7754.9365
7407,2023-08-25,7643.9844,7585.771
7408,2023-08-26,7294.0454,7084.851
7409,2023-08-27,7013.9824,6814.3784
7410,2023-08-28,7504.235,7459.3276
7411,2023-08-29,7642.857,7339.473
7412,2023-08-30,7647.9263,7468.534
7413,2023-08-31,7686.8105,7398.2485
7414,2023-09-01,7616.371,7471.6953
7415,2023-09-02,7269.8145,7009.354
7416,2023-09-03,7026.9424,6626.4355
7417,2023-09-04,7419.1445,7218.296
7418,2023-09-05,7649.0566,6905.367
7419,2023-09-06,7666.525,7121.1543
7420,2023-08-25,7745.3735,7585.771
7421,2023-08-26,7366.669,7084.851
7422,2023-08-27,7074.752,6814.3784
7423,2023-08-28,7474.869,7459.3276
7424,2023-08-29,7726.7744,7339.473
7425,2023-08-30,7740.3,7468.534
7426,2023-08-31,7683.3823,7398.2485
7427,2023-09-01,7591.5225,7471.6953
7428,2023-09-02,7218.4536,7009.354
7429,2023-09-03,6987.4014,6626.4355
7430,2023-09-04,7353.1436,7218.296
7431,2023-09-05,7627.59,6905.367
7432,2023-09-06,7623.081,7121.1543
7433,2023-09-07,7609.5557,7123.359
7434,2023-08-26,7230.5312,7084.851
7435,2023-08-27,7028.2114,6814.3784
7436,2023-08-28,7453.703,7459.3276
7437,2023-08-29,7684.765,7339.473
7438,2023-08-30,7683.6377,7468.534
7439,2023-08-31,7629.536,7398.2485
7440,2023-09-01,7498.2246,7471.6953
7441,2023-09-02,7135.291,7009.354
7442,2023-09-03,6883.938,6626.4355
7443,2023-09-04,7277.8745,7218.296
7444,2023-09-05,7476.8105,6905.367
7445,2023-09-06,7506.1157,7121.1543
7446,2023-09-07,7535.985,7123.359
7447,2023-09-08,7400.165,7525.653
7448,2023-08-27,6845.6836,6814.3784
7449,2023-08-28,7416.533,7459.3276
7450,2023-08-29,7559.669,7339.473
7451,2023-08-30,7572.6274,7468.534
7452,2023-08-31,7573.7563,7398.2485
7453,2023-09-01,7444.708,7471.6953
7454,2023-09-02,7017.5566,7009.354
7455,2023-09-03,6803.9824,6626.4355
7456,2023-09-04,7307.206,7218.296
7457,2023-09-05,7490.3525,6905.367
7458,2023-09-06,7546.707,7121.1543
7459,2023-09-07,7623.3457,7123.359
7460,2023-09-08,7466.123,7525.653
7461,2023-09-09,7004.034,6750.686
7462,2023-08-28,7348.9873,7459.3276
7463,2023-08-29,7522.555,7339.473
7464,2023-08-30,7566.5117,7468.534
7465,2023-08-31,7561.439,7398.2485
7466,2023-09-01,7454.9316,7471.6953
7467,2023-09-02,7027.777,7009.354
7468,2023-09-03,6833.358,6626.4355
7469,2023-09-04,7237.411,7218.296
7470,2023-09-05,7422.2485,6905.367
7471,2023-09-06,7492.689,7121.1543
7472,2023-09-07,7488.744,7123.359
7473,2023-09-08,7384.4917,7525.653
7474,2023-09-09,7026.649,6750.686
7475,2023-09-10,6834.4873,6792.207
7476,2023-08-29,7611.398,7339.473
7477,2023-08-30,7631.694,7468.534
7478,2023-08-31,7608.581,7398.2485
7479,2023-09-01,7450.754,7471.6953
7480,2023-09-02,7047.72,7009.354
7481,2023-09-03,6848.741,6626.4355
7482,2023-09-04,7354.361,7218.296
7483,2023-09-05,7553.905,6905.367
7484,2023-09-06,7589.417,7121.1543
7485,2023-09-07,7582.0894,7123.359
7486,2023-09-08,7411.855,7525.653
7487,2023-09-09,7057.865,6750.686
7488,2023-09-10,6883.125,6792.207
7489,2023-09-11,7303.631,7337.3037
7490,2023-08-30,7379.2764,7468.534
7491,2023-08-31,7374.7627,7398.2485
7492,2023-09-01,7260.3237,7471.6953
7493,2023-09-02,6861.203,7009.354
7494,2023-09-03,6697.1567,6626.4355
7495,2023-09-04,7231.011,7218.296
7496,2023-09-05,7356.7256,6905.367
7497,2023-09-06,7427.1914,7121.1543
7498,2023-09-07,7424.937,7123.359
7499,2023-09-08,7218.0483,7525.653
7500,2023-09-09,6858.949,6750.686
7501,2023-09-10,6777.207,6792.207
7502,2023-09-11,7244.54,7337.3037
7503,2023-09-12,7405.207,7406.794
7504,2023-08-31,7429.5767,7398.2485
7505,2023-09-01,7336.5527,7471.6953
7506,2023-09-02,6922.7314,7009.354
7507,2023-09-03,6801.5195,6626.4355
7508,2023-09-04,7211.39,7218.296
7509,2023-09-05,7343.881,6905.367
7510,2023-09-06,7366.431,7121.1543
7511,2023-09-07,7364.74,7123.359
7512,2023-09-08,7228.8677,7525.653
7513,2023-09-09,6891.1606,6750.686
7514,2023-09-10,6785.733,6792.207
7515,2023-09-11,7165.158,7337.3037
7516,2023-09-12,7347.826,7406.794
7517,2023-09-13,7345.0073,7068.0254
7518,2023-09-01,7266.675,7471.6953
7519,2023-09-02,6884.989,7009.354
7520,2023-09-03,6699.503,6626.4355
7521,2023-09-04,7191.128,7218.296
7522,2023-09-05,7385.0713,6905.367
7523,2023-09-06,7407.622,7121.1543
7524,2023-09-07,7355.754,7123.359
7525,2023-09-08,7224.955,7525.653
7526,2023-09-09,6841.015,6750.686
7527,2023-09-10,6710.214,6792.207
7528,2023-09-11,7142.078,7337.3037
7529,2023-09-12,7285.8433,7406.794
7530,2023-09-13,7351.806,7068.0254
7531,2023-09-14,7348.9873,6940.471
7532,2023-09-02,6967.928,7009.354
7533,2023-09-03,6668.013,6626.4355
7534,2023-09-04,7071.658,7218.296
7535,2023-09-05,7302.7964,6905.367
7536,2023-09-06,7404.2715,7121.1543
7537,2023-09-07,7432.459,7123.359
7538,2023-09-08,7316.89,7525.653
7539,2023-09-09,6907.043,6750.686
7540,2023-09-10,6656.1743,6792.207
7541,2023-09-11,6984.841,7337.3037
7542,2023-09-12,7302.2324,7406.794
7543,2023-09-13,7319.709,7068.0254
7544,2023-09-14,7347.897,6940.471
7545,2023-09-15,7244.166,6761.0103
7546,2023-09-03,6696.544,6626.4355
7547,2023-09-04,7251.772,7218.296
7548,2023-09-05,7422.0063,6905.367
7549,2023-09-06,7474.9907,7121.1543
7550,2023-09-07,7513.8843,7123.359
7551,2023-09-08,7384.2373,7525.653
7552,2023-09-09,6927.091,6750.686
7553,2023-09-10,6757.4224,6792.207
7554,2023-09-11,7145.2383,7337.3037
7555,2023-09-12,7300.812,7406.794
7556,2023-09-13,7335.759,7068.0254
7557,2023-09-14,7317.159,6940.471
7558,2023-09-15,7228.0957,6761.0103
7559,2023-09-16,6861.141,6269.0884
7560,2023-09-04,7230.246,7218.296
7561,2023-09-05,7398.7705,6905.367
7562,2023-09-06,7426.388,7121.1543
7563,2023-09-07,7464.7173,7123.359
7564,2023-09-08,7348.045,7525.653
7565,2023-09-09,6894.886,6750.686
7566,2023-09-10,6728.053,6792.207
7567,2023-09-11,7168.8105,7337.3037
7568,2023-09-12,7316.4824,7406.794
7569,2023-09-13,7403.8433,7068.0254
7570,2023-09-14,7403.8457,6940.471
7571,2023-09-15,7285.482,6761.0103
7572,2023-09-16,6876.287,6269.0884
7573,2023-09-17,6748.3433,6158.595
7574,2023-09-05,7486.6255,6905.367
7575,2023-09-06,7494.5176,7121.1543
7576,2023-09-07,7484.9355,7123.359
7577,2023-09-08,7322.023,7525.653
7578,2023-09-09,6922.9155,6750.686
7579,2023-09-10,6747.0405,6792.207
7580,2023-09-11,7148.965,7337.3037
7581,2023-09-12,7325.969,7406.794
7582,2023-09-13,7372.756,7068.0254
7583,2023-09-14,7370.502,6940.471
7584,2023-09-15,7250.996,6761.0103
7585,2023-09-16,6884.02,6269.0884
7586,2023-09-17,6710.96,6158.595
7587,2023-09-18,7083.01,6974.8975
7588,2023-09-06,7085.6787,7121.1543
7589,2023-09-07,7239.5566,7123.359
7590,2023-09-08,7192.2095,7525.653
7591,2023-09-09,6826.9614,6750.686
7592,2023-09-10,6649.9736,6792.207
7593,2023-09-11,7059.187,7337.3037
7594,2023-09-12,7216.448,7406.794
7595,2023-09-13,7278.4463,7068.0254
7596,2023-09-14,7291.9736,6940.471
7597,2023-09-15,7195.589,6761.0103
7598,2023-09-16,6796.524,6269.0884
7599,2023-09-17,6644.3394,6158.595
7600,2023-09-18,6999.44,6974.8975
7601,2023-09-19,7169.6646,7144.165
7602,2023-09-07,7221.2485,7123.359
7603,2023-09-08,7141.777,7525.653
7604,2023-09-09,6781.0527,6750.686
7605,2023-09-10,6609.7095,6792.207
7606,2023-09-11,6939.998,7337.3037
7607,2023-09-12,7144.031,7406.794
7608,2023-09-13,7207.7217,7068.0254
7609,2023-09-14,7258.4473,6940.471
7610,2023-09-15,7119.232,6761.0103
7611,2023-09-16,6761.3267,6269.0884
7612,2023-09-17,6615.909,6158.595
7613,2023-09-18,6952.9614,6974.8975
7614,2023-09-19,7112.4688,7144.165
7615,2023-09-20,7125.43,7283.0166
7616,2023-09-08,6989.2217,7525.653
7617,2023-09-09,6667.4062,6750.686
7618,2023-09-10,6523.686,6792.207
7619,2023-09-11,6962.735,7337.3037
7620,2023-09-12,7112.6514,7406.794
7621,2023-09-13,7182.538,7068.0254
7622,2023-09-14,7207.9,6940.471
7623,2023-09-15,7053.4736,6761.0103
7624,2023-09-16,6606.538,6269.0884
7625,2023-09-17,6461.6914,6158.595
7626,2023-09-18,6861.286,6974.8975
7627,2023-09-19,7082.7817,7144.165
7628,2023-09-20,7103.6323,7283.0166
7629,2023-09-21,7110.9614,6748.3433
7630,2023-09-09,7033.7363,6750.686
7631,2023-09-10,6718.6567,6792.207
7632,2023-09-11,7008.935,7337.3037
7633,2023-09-12,7255.247,7406.794
7634,2023-09-13,7316.685,7068.0254
7635,2023-09-14,7345.994,6940.471
7636,2023-09-15,7229.319,6761.0103
7637,2023-09-16,6860.1323,6269.0884
7638,2023-09-17,6629.037,6158.595
7639,2023-09-18,6929.46,6974.8975
7640,2023-09-19,7254.1206,7144.165
7641,2023-09-20,7258.63,7283.0166
7642,2023-09-21,7254.119,6748.3433
7643,2023-09-22,7162.8096,6910.675
7644,2023-09-10,6477.44,6792.207
7645,2023-09-11,6904.159,7337.3037
7646,2023-09-12,7117.797,7406.794
7647,2023-09-13,7173.0405,7068.0254
7648,2023-09-14,7144.857,6940.471
7649,2023-09-15,7068.759,6761.0103
7650,2023-09-16,6695.59,6269.0884
7651,2023-09-17,6503.37,6158.595
7652,2023-09-18,6843.279,6974.8975
7653,2023-09-19,7065.377,7144.165
7654,2023-09-20,7132.4536,7283.0166
7655,2023-09-21,7155.567,6748.3433
7656,2023-09-22,7039.445,6910.675
7657,2023-09-23,6687.134,6556.998
7658,2023-09-11,7171.9736,7337.3037
7659,2023-09-12,7310.092,7406.794
7660,2023-09-13,7351.8076,7068.0254
7661,2023-09-14,7374.359,6940.471
7662,2023-09-15,7250.8965,6761.0103
7663,2023-09-16,6877.701,6269.0884
7664,2023-09-17,6701.814,6158.595
7665,2023-09-18,7027.6567,6974.8975
7666,2023-09-19,7213.69,7144.165
7667,2023-09-20,7283.031,7283.0166
7668,2023-09-21,7295.997,6748.3433
7669,2023-09-22,7182.685,6910.675
7670,2023-09-23,6839.93,6556.998
7671,2023-09-24,6668.553,6220.515
7672,2023-09-12,7417.632,7406.794
7673,2023-09-13,7408.6094,7068.0254
7674,2023-09-14,7373.6455,6940.471
7675,2023-09-15,7247.8955,6761.0103
7676,2023-09-16,6794.5156,6269.0884
7677,2023-09-17,6645.0786,6158.595
7678,2023-09-18,7203.345,6974.8975
7679,2023-09-19,7295.2627,7144.165
7680,2023-09-20,7256.3564,7283.0166
7681,2023-09-21,7281.1636,6748.3433
7682,2023-09-22,7150.9033,6910.675
7683,2023-09-23,6749.964,6556.998
7684,2023-09-24,6686.808,6220.515
7685,2023-09-25,7112.5566,6553.416
7686,2023-09-13,7324.1504,7068.0254
7687,2023-09-14,7341.0713,6940.471
7688,2023-09-15,7207.3936,6761.0103
7689,2023-09-16,6833.9937,6269.0884
7690,2023-09-17,6699.75,6158.595
7691,2023-09-18,7077.101,6974.8975
7692,2023-09-19,7182.5767,7144.165
7693,2023-09-20,7167.3467,7283.0166
7694,2023-09-21,7173.5493,6748.3433
7695,2023-09-22,7090.072,6910.675
7696,2023-09-23,6793.3833,6556.998
7697,2023-09-24,6671.5493,6220.515
7698,2023-09-25,7065.8164,6553.416
7699,2023-09-26,7181.448,6868.8057
7700,2023-09-14,7188.088,6940.471
7701,2023-09-15,7172.2944,6761.0103
7702,2023-09-16,6842.8965,6269.0884
7703,2023-09-17,6580.0557,6158.595
7704,2023-09-18,6943.859,6974.8975
7705,2023-09-19,7176.805,7144.165
7706,2023-09-20,7182.448,7283.0166
7707,2023-09-21,7227.007,6748.3433
7708,2023-09-22,7116.4556,6910.675
7709,2023-09-23,6765.6235,6556.998
7710,2023-09-24,6595.8486,6220.515
7711,2023-09-25,6969.806,6553.416
7712,2023-09-26,7186.9575,6868.8057
7713,2023-09-27,7167.7827,6872.0825
7714,2023-09-15,7026.868,6761.0103
7715,2023-09-16,6699.1567,6269.0884
7716,2023-09-17,6444.21,6158.595
7717,2023-09-18,6805.7607,6974.8975
7718,2023-09-19,7048.864,7144.165
7719,2023-09-20,7099.065,7283.0166
7720,2023-09-21,7096.8086,6748.3433
7721,2023-09-22,6994.1533,6910.675
7722,2023-09-23,6714.3857,6556.998
7723,2023-09-24,6538.4043,6220.515
7724,2023-09-25,6814.2236,6553.416
7725,2023-09-26,7038.714,6868.8057
7726,2023-09-27,7042.096,6872.0825
7727,2023-09-28,7026.868,7040.4863
7728,2023-09-16,6471.15,6269.0884
7729,2023-09-17,6426.0312,6158.595
7730,2023-09-18,6925.7183,6974.8975
7731,2023-09-19,7061.638,7144.165
7732,2023-09-20,7085.3276,7283.0166
7733,2023-09-21,6988.3223,6748.3433
7734,2023-09-22,6837.175,6910.675
7735,2023-09-23,6448.0273,6556.998
7736,2023-09-24,6402.908,6220.515
7737,2023-09-25,6878.908,6553.416
7738,2023-09-26,6979.2964,6868.8057
7739,2023-09-27,7046.411,6872.0825
7740,2023-09-28,6988.321,7040.4863
7741,2023-09-29,6863.6826,6681.6943
7742,2023-09-17,6317.0386,6158.595
7743,2023-09-18,6909.6143,6974.8975
7744,2023-09-19,7049.4414,7144.165
7745,2023-09-20,7022.9424,7283.0166
7746,2023-09-21,7059.591,6748.3433
7747,2023-09-22,6914.1235,6910.675
7748,2023-09-23,6531.8574,6556.998
7749,2023-09-24,6481.111,6220.515
7750,2023-09-25,6962.0513,6553.416
7751,2023-09-26,6975.58,6868.8057
7752,2023-09-27,6975.0176,6872.0825
7753,2023-09-28,6927.0933,7040.4863
7754,2023-09-29,6754.0005,6681.6943
7755,2023-09-30,6397.665,6261.7856
7756,2023-09-18,6811.997,6974.8975
7757,2023-09-19,6926.9956,7144.165
7758,2023-09-20,6964.764,7283.0166
7759,2023-09-21,6982.8037,6748.3433
7760,2023-09-22,6858.2227,6910.675
7761,2023-09-23,6478.275,6556.998
7762,2023-09-24,6442.7607,6220.515
7763,2023-09-25,6914.03,6553.416
7764,2023-09-26,6996.3345,6868.8057
7765,2023-09-27,7013.245,6872.0825
7766,2023-09-28,6912.902,7040.4863
7767,2023-09-29,6806.361,6681.6943
7768,2023-09-30,6472.639,6261.7856
7769,2023-10-01,6421.341,6427.435
7770,2023-09-19,7095.168,7144.165
7771,2023-09-20,7134.067,7283.0166
7772,2023-09-21,7117.152,6748.3433
7773,2023-09-22,6960.989,6910.675
7774,2023-09-23,6581.5645,6556.998
7775,2023-09-24,6522.366,6220.515
7776,2023-09-25,7075.9985,6553.416
7777,2023-09-26,7067.542,6868.8057
7778,2023-09-27,7051.756,6872.0825
7779,2023-09-28,7050.0645,7040.4863
7780,2023-09-29,6874.73,6681.6943
7781,2023-09-30,6484.031,6261.7856
7782,2023-10-01,6486.848,6427.435
7783,2023-10-02,7060.7744,6110.0664
7784,2023-09-20,7097.574,7283.0166
7785,2023-09-21,7100.393,6748.3433
7786,2023-09-22,7003.412,6910.675
7787,2023-09-23,6595.1943,6556.998
7788,2023-09-24,6528.661,6220.515
7789,2023-09-25,7056.4126,6553.416
7790,2023-09-26,7078.4033,6868.8057
7791,2023-09-27,7091.3726,6872.0825
7792,2023-09-28,7027.6577,7040.4863
7793,2023-09-29,6866.4,6681.6943
7794,2023-09-30,6435.631,6261.7856
7795,2023-10-01,6435.065,6427.435
7796,2023-10-02,7067.1265,6110.0664
7797,2023-10-03,7072.766,7283.448
7798,2023-09-21,7270.244,6748.3433
7799,2023-09-22,7177.214,6910.675
7800,2023-09-23,6736.322,6556.998
7801,2023-09-24,6611.1567,6220.515
7802,2023-09-25,7137.7485,6553.416
7803,2023-09-26,7181.7246,6868.8057
7804,2023-09-27,7150.7163,6872.0825
7805,2023-09-28,7187.3633,7040.4863
7806,2023-09-29,7074.6006,6681.6943
7807,2023-09-30,6661.337,6261.7856
7808,2023-10-01,6573.382,6427.435
7809,2023-10-02,7134.3657,6110.0664
7810,2023-10-03,7174.3945,7283.448
7811,2023-10-04,7128.165,7515.8438
7812,2023-09-22,6712.6904,6910.675
7813,2023-09-23,6429.166,6556.998
7814,2023-09-24,6358.707,6220.515
7815,2023-09-25,6895.3193,6553.416
7816,2023-09-26,6933.083,6868.8057
7817,2023-09-27,6923.4985,6872.0825
7818,2023-09-28,6896.444,7040.4863
7819,2023-09-29,6723.3994,6681.6943
7820,2023-09-30,6382.9463,6261.7856
7821,2023-10-01,6401.5474,6427.435
7822,2023-10-02,6880.662,6110.0664
7823,2023-10-03,6995.085,7283.448
7824,2023-10-04,6976.485,7515.8438
7825,2023-10-05,6916.1724,6424.406
7826,2023-09-23,6578.331,6556.998
7827,2023-09-24,6436.879,6220.515
7828,2023-09-25,6917.5913,6553.416
7829,2023-09-26,7002.122,6868.8057
7830,2023-09-27,6997.0493,6872.0825
7831,2023-09-28,6988.033,7040.4863
7832,2023-09-29,6847.709,6681.6943
7833,2023-09-30,6407.011,6261.7856
7834,2023-10-01,6332.6235,6427.435
7835,2023-10-02,6949.7114,6110.0664
7836,2023-10-03,7011.7036,7283.448
7837,2023-10-04,6981.833,7515.8438
7838,2023-10-05,6993.667,6424.406
7839,2023-10-06,6911.393,6708.9883
7840,2023-09-24,6350.4062,6220.515
7841,2023-09-25,6917.2163,6553.416
7842,2023-09-26,6940.8823,6868.8057
7843,2023-09-27,7013.564,6872.0825
7844,2023-09-28,6994.4062,7040.4863
7845,2023-09-29,6852.985,6681.6943
7846,2023-09-30,6474.36,6261.7856
7847,2023-10-01,6415.7637,6427.435
7848,2023-10-02,6922.288,6110.0664
7849,2023-10-03,7022.5786,7283.448
7850,2023-10-04,7014.6904,7515.8438
7851,2023-10-05,6988.772,6424.406
7852,2023-10-06,6831.5737,6708.9883
7853,2023-10-07,6374.0693,6133.456
7854,2023-09-25,6784.9146,6553.416
7855,2023-09-26,6953.904,6868.8057
7856,2023-09-27,6983.1943,6872.0825
7857,2023-09-28,6950.522,7040.4863
7858,2023-09-29,6877.2925,6681.6943
7859,2023-09-30,6479.041,6261.7856
7860,2023-10-01,6348.3564,6427.435
7861,2023-10-02,6862.0854,6110.0664
7862,2023-10-03,7021.4976,7283.448
7863,2023-10-04,7030.5093,7515.8438
7864,2023-10-05,6995.0215,6424.406
7865,2023-10-06,6858.1406,6708.9883
7866,2023-10-07,6493.1265,6133.456
7867,2023-10-08,6372.5806,5928.828
7868,2023-09-26,6862.359,6868.8057
7869,2023-09-27,6945.7207,6872.0825
7870,2023-09-28,6956.986,7040.4863
7871,2023-09-29,6880.382,6681.6943
7872,2023-09-30,6531.7173,6261.7856
7873,2023-10-01,6442.7188,6427.435
7874,2023-10-02,6864.0483,6110.0664
7875,2023-10-03,6995.2905,7283.448
7876,2023-10-04,6989.094,7515.8438
7877,2023-10-05,6984.5864,6424.406
7878,2023-10-06,6878.1294,6708.9883
7879,2023-10-07,6491.1626,6133.456
7880,2023-10-08,6356.5386,5928.828
7881,2023-10-09,6760.405,6361.7676
7882,2023-09-27,6956.243,6872.0825
7883,2023-09-28,6955.6826,7040.4863
7884,2023-09-29,6892.0386,6681.6943
7885,2023-09-30,6585.088,6261.7856
7886,2023-10-01,6346.8486,6427.435
7887,2023-10-02,6711.2476,6110.0664
7888,2023-10-03,6912.314,7283.448
7889,2023-10-04,6927.5215,7515.8438
7890,2023-10-05,6948.3623,6424.406
7891,2023-10-06,6850.361,6708.9883
7892,2023-10-07,6526.514,6133.456
7893,2023-10-08,6351.357,5928.828
7894,2023-10-09,6661.687,6361.7676
7895,2023-10-10,6902.7407,6634.968
7896,2023-09-28,6864.24,7040.4863
7897,2023-09-29,6886.766,6681.6943
7898,2023-09-30,6598.998,6261.7856
7899,2023-10-01,6293.208,6427.435
7900,2023-10-02,6582.1035,6110.0664
7901,2023-10-03,6927.312,7283.448
7902,2023-10-04,6894.087,7515.8438
7903,2023-10-05,6913.797,6424.406
7904,2023-10-06,6841.1514,6708.9883
7905,2023-10-07,6564.645,6133.456
7906,2023-10-08,6308.975,5928.828
7907,2023-10-09,6541.555,6361.7676
7908,2023-10-10,6878.8833,6634.968
7909,2023-10-11,6819.7505,6540.757
7910,2023-09-29,6931.0264,6681.6943
7911,2023-09-30,6665.8145,6261.7856
7912,2023-10-01,6401.7246,6427.435
7913,2023-10-02,6750.277,6110.0664
7914,2023-10-03,7054.341,7283.448
7915,2023-10-04,7049.8354,7515.8438
7916,2023-10-05,7000.8496,6424.406
7917,2023-10-06,6940.5986,6708.9883
7918,2023-10-07,6661.308,6133.456
7919,2023-10-08,6384.268,5928.828
7920,2023-10-09,6604.4375,6361.7676
7921,2023-10-10,6937.2188,6634.968
7922,2023-10-11,6951.861,6540.757
7923,2023-10-12,6948.482,6837.4106
7924,2023-09-30,6403.7637,6261.7856
7925,2023-10-01,6238.8164,6427.435
7926,2023-10-02,6657.101,6110.0664
7927,2023-10-03,6888.4775,7283.448
7928,2023-10-04,6890.1694,7515.8438
7929,2023-10-05,6878.9106,6424.406
7930,2023-10-06,6788.272,6708.9883
7931,2023-10-07,6498.9062,6133.456
7932,2023-10-08,6282.1626,5928.828
7933,2023-10-09,6615.44,6361.7676
7934,2023-10-10,6842.3145,6634.968
7935,2023-10-11,6850.761,6540.757
7936,2023-10-12,6811.355,6837.4106
7937,2023-10-13,6733.663,6269.4893
7938,2023-10-01,6103.0273,6427.435
7939,2023-10-02,6708.0396,6110.0664
7940,2023-10-03,6809.908,7283.448
7941,2023-10-04,6828.48,7515.8438
7942,2023-10-05,6866.188,6424.406
7943,2023-10-06,6709.1655,6708.9883
7944,2023-10-07,6319.705,6133.456
7945,2023-10-08,6247.666,5928.828
7946,2023-10-09,6773.888,6361.7676
7947,2023-10-10,6877.445,6634.968
7948,2023-10-11,6858.3096,6540.757
7949,2023-10-12,6818.35,6837.4106
7950,2023-10-13,6658.514,6269.4893
7951,2023-10-14,6287.064,6029.4355
7952,2023-10-02,6943.4224,6110.0664
7953,2023-10-03,6993.502,7283.448
7954,2023-10-04,6965.93,7515.8438
7955,2023-10-05,6949.6133,6424.406
7956,2023-10-06,6803.315,6708.9883
7957,2023-10-07,6438.138,6133.456
7958,2023-10-08,6421.2593,5928.828
7959,2023-10-09,6920.351,6361.7676
7960,2023-10-10,6941.1714,6634.968
7961,2023-10-11,6959.177,6540.757
7962,2023-10-12,6904.033,6837.4106
7963,2023-10-13,6795.438,6269.4893
7964,2023-10-14,6403.254,6029.4355
7965,2023-10-15,6389.7485,5913.7
7966,2023-10-03,6585.632,7283.448
7967,2023-10-04,6799.956,7515.8438
7968,2023-10-05,6812.8965,6424.406
7969,2023-10-06,6709.3887,6708.9883
7970,2023-10-07,6502.939,6133.456
7971,2023-10-08,6296.4883,5928.828
7972,2023-10-09,6516.44,6361.7676
7973,2023-10-10,6725.7026,6634.968
7974,2023-10-11,6784.208,6540.757
7975,2023-10-12,6788.143,6837.4106
7976,2023-10-13,6693.075,6269.4893
7977,2023-10-14,6398.3057,6029.4355
7978,2023-10-15,6297.0493,5913.7
7979,2023-10-16,6607.006,6711.159
7980,2023-10-04,7070.9336,7515.8438
7981,2023-10-05,7019.7524,6424.406
7982,2023-10-06,6934.824,6708.9883
7983,2023-10-07,6725.035,6133.456
7984,2023-10-08,6389.2627,5928.828
7985,2023-10-09,6530.4336,6361.7676
7986,2023-10-10,6924.135,6634.968
7987,2023-10-11,6949.446,6540.757
7988,2023-10-12,6932.5737,6837.4106
7989,2023-10-13,6844.834,6269.4893
7990,2023-10-14,6596.801,6029.4355
7991,2023-10-15,6333.5825,5913.7
7992,2023-10-16,6605.801,6711.159
7993,2023-10-17,6978.694,6796.4146
7994,2023-10-05,7318.819,6424.406
7995,2023-10-06,7129.859,6708.9883
7996,2023-10-07,6796.927,6133.456
7997,2023-10-08,6527.5493,5928.828
7998,2023-10-09,6800.305,6361.7676
7999,2023-10-10,7070.248,6634.968
8000,2023-10-11,7078.6836,6540.757
8001,2023-10-12,7028.629,6837.4106
8002,2023-10-13,6918.4033,6269.4893
8003,2023-10-14,6670.395,6029.4355
8004,2023-10-15,6443.1924,5913.7
8005,2023-10-16,6769.3745,6711.159
8006,2023-10-17,7106.2373,6796.4146
8007,2023-10-18,7109.615,6650.8853
8008,2023-10-06,6498.259,6708.9883
8009,2023-10-07,6418.997,6133.456
8010,2023-10-08,6128.3745,5928.828
8011,2023-10-09,6222.2485,6361.7676
8012,2023-10-10,6664.088,6634.968
8013,2023-10-11,6687.136,6540.757
8014,2023-10-12,6653.4067,6837.4106
8015,2023-10-13,6588.1987,6269.4893
8016,2023-10-14,6380.7705,6029.4355
8017,2023-10-15,6139.6157,5913.7
8018,2023-10-16,6239.114,6711.159
8019,2023-10-17,6656.2163,6796.4146
8020,2023-10-18,6684.323,6650.8853
8021,2023-10-19,6657.3438,6678.227
8022,2023-10-07,6465.4087,6133.456
8023,2023-10-08,6191.1924,5928.828
8024,2023-10-09,6263.116,6361.7676
8025,2023-10-10,6701.4126,6634.968
8026,2023-10-11,6758.7295,6540.757
8027,2023-10-12,6732.319,6837.4106
8028,2023-10-13,6714.8975,6269.4893
8029,2023-10-14,6492.9404,6029.4355
8030,2023-10-15,6185.5737,5913.7
8031,2023-10-16,6347.967,6711.159
8032,2023-10-17,6753.67,6796.4146
8033,2023-10-18,6758.166,6650.8853
8034,2023-10-19,6732.3213,6678.227
8035,2023-10-20,6686.8027,6508.7734
8036,2023-10-08,6101.956,5928.828
8037,2023-10-09,6718.103,6361.7676
8038,2023-10-10,6734.9536,6634.968
8039,2023-10-11,6756.858,6540.757
8040,2023-10-12,6707.9937,6837.4106
8041,2023-10-13,6569.26,6269.4893
8042,2023-10-14,6242.3726,6029.4355
8043,2023-10-15,6240.686,5913.7
8044,2023-10-16,6787.188,6711.159
8045,2023-10-17,6795.614,6796.4146
8046,2023-10-18,6809.094,6650.8853
8047,2023-10-19,6758.543,6678.227
8048,2023-10-20,6641.717,6508.7734
8049,2023-10-21,6250.236,6220.985
8050,2023-10-09,6518.3027,6361.7676
8051,2023-10-10,6681.695,6634.968
8052,2023-10-11,6692.3633,6540.757
8053,2023-10-12,6693.4863,6837.4106
8054,2023-10-13,6626.11,6269.4893
8055,2023-10-14,6317.2896,6029.4355
8056,2023-10-15,6181.4106,5913.7
8057,2023-10-16,6677.763,6711.159
8058,2023-10-17,6758.621,6796.4146
8059,2023-10-18,6756.373,6650.8853
8060,2023-10-19,6740.652,6678.227
8061,2023-10-20,6624.986,6508.7734
8062,2023-10-21,6353.787,6220.985
8063,2023-10-22,6242.05,5928.972
8064,2023-10-10,6663.0693,6634.968
8065,2023-10-11,6750.081,6540.757
8066,2023-10-12,6730.9937,6837.4106
8067,2023-10-13,6651.8394,6269.4893
8068,2023-10-14,6331.85,6029.4355
8069,2023-10-15,6174.101,5913.7
8070,2023-10-16,6618.1567,6711.159
8071,2023-10-17,6725.9414,6796.4146
8072,2023-10-18,6750.084,6650.8853
8073,2023-10-19,6708.54,6678.227
8074,2023-10-20,6619.279,6508.7734
8075,2023-10-21,6265.607,6220.985
8076,2023-10-22,6182.523,5928.972
8077,2023-10-23,6623.208,6447.979
8078,2023-10-11,6716.4644,6540.757
8079,2023-10-12,6715.341,6837.4106
8080,2023-10-13,6633.3906,6269.4893
8081,2023-10-14,6299.42,6029.4355
8082,2023-10-15,6142.256,5913.7
8083,2023-10-16,6655.2827,6711.159
8084,2023-10-17,6765.2954,6796.4146
8085,2023-10-18,6729.3735,6650.8853
8086,2023-10-19,6726.5674,6678.227
8087,2023-10-20,6584.5557,6508.7734
8088,2023-10-21,6273.5996,6220.985
8089,2023-10-22,6206.245,5928.972
8090,2023-10-23,6645.1787,6447.979
8091,2023-10-24,6733.864,6905.913
8092,2023-10-12,6640.7036,6837.4106
8093,2023-10-13,6577.294,6269.4893
8094,2023-10-14,6328.142,6029.4355
8095,2023-10-15,6141.279,5913.7
8096,2023-10-16,6457.768,6711.159
8097,2023-10-17,6742.274,6796.4146
8098,2023-10-18,6689.5244,6650.8853
8099,2023-10-19,6678.8623,6678.227
8100,2023-10-20,6617.136,6508.7734
8101,2023-10-21,6315.7954,6220.985
8102,2023-10-22,6130.054,5928.972
8103,2023-10-23,6459.4517,6447.979
8104,2023-10-24,6701.87,6905.913
8105,2023-10-25,6697.9434,6652.4067
8106,2023-10-13,6746.368,6269.4893
8107,2023-10-14,6395.7236,6029.4355
8108,2023-10-15,6255.4673,5913.7
8109,2023-10-16,6616.2104,6711.159
8110,2023-10-17,6798.542,6796.4146
8111,2023-10-18,6803.0317,6650.8853
8112,2023-10-19,6783.3936,6678.227
8113,2023-10-20,6590.963,6508.7734
8114,2023-10-21,6270.055,6220.985
8115,2023-10-22,6135.967,5928.972
8116,2023-10-23,6550.57,6447.979
8117,2023-10-24,6769.372,6905.913
8118,2023-10-25,6733.463,6652.4067
8119,2023-10-26,6684.6543,7183.8037
8120,2023-10-14,6085.125,6029.4355
8121,2023-10-15,6001.013,5913.7
8122,2023-10-16,6464.1836,6711.159
8123,2023-10-17,6547.172,6796.4146
8124,2023-10-18,6527.5464,6650.8853
8125,2023-10-19,6556.1436,6678.227
8126,2023-10-20,6482.687,6508.7734
8127,2023-10-21,6117.0864,6220.985
8128,2023-10-22,6032.4136,5928.972
8129,2023-10-23,6513.5273,6447.979
8130,2023-10-24,6613.9004,6905.913
8131,2023-10-25,6581.937,6652.4067
8132,2023-10-26,6592.03,7183.8037
8133,2023-10-27,6521.3765,6939.69
8134,2023-10-15,6010.265,5913.7
8135,2023-10-16,6474.2295,6711.159
8136,2023-10-17,6518.4995,6796.4146
8137,2023-10-18,6530.2656,6650.8853
8138,2023-10-19,6576.214,6678.227
8139,2023-10-20,6485.438,6508.7734
8140,2023-10-21,6137.464,6220.985
8141,2023-10-22,6070.2227,5928.972
8142,2023-10-23,6525.2227,6447.979
8143,2023-10-24,6588.541,6905.913
8144,2023-10-25,6597.5063,6652.4067
8145,2023-10-26,6607.033,7183.8037
8146,2023-10-27,6483.755,6939.69
8147,2023-10-28,6124.015,6301.2827
8148,2023-10-16,6395.8657,6711.159
8149,2023-10-17,6604.7676,6796.4146
8150,2023-10-18,6600.846,6650.8853
8151,2023-10-19,6552.1226,6678.227
8152,2023-10-20,6485.475,6508.7734
8153,2023-10-21,6211.6045,6220.985
8154,2023-10-22,6070.4717,5928.972
8155,2023-10-23,6502.2773,6447.979
8156,2023-10-24,6617.0894,6905.913
8157,2023-10-25,6567.803,6652.4067
8158,2023-10-26,6627.1694,7183.8037
8159,2023-10-27,6493.317,6939.69
8160,2023-10-28,6176.322,6301.2827
8161,2023-10-29,6087.834,5869.4946
8162,2023-10-17,6722.802,6796.4146
8163,2023-10-18,6732.881,6650.8853
8164,2023-10-19,6718.8823,6678.227
8165,2023-10-20,6597.3833,6508.7734
8166,2023-10-21,6271.517,6220.985
8167,2023-10-22,6202.6494,5928.972
8168,2023-10-23,6726.1626,6447.979
8169,2023-10-24,6777.6724,6905.913
8170,2023-10-25,6737.362,6652.4067
8171,2023-10-26,6753.038,7183.8037
8172,2023-10-27,6635.4575,6939.69
8173,2023-10-28,6228.966,6301.2827
8174,2023-10-29,6176.3354,5869.4946
8175,2023-10-30,6637.6973,6842.81
8176,2023-10-18,6763.324,6650.8853
8177,2023-10-19,6744.2964,6678.227
8178,2023-10-20,6642.991,6508.7734
8179,2023-10-21,6228.82,6220.985
8180,2023-10-22,6147.1064,5928.972
8181,2023-10-23,6711.275,6447.979
8182,2023-10-24,6702.3174,6905.913
8183,2023-10-25,6731.9824,6652.4067
8184,2023-10-26,6727.503,7183.8037
8185,2023-10-27,6627.32,6939.69
8186,2023-10-28,6238.335,6301.2827
8187,2023-10-29,6220.4243,5869.4946
8188,2023-10-30,6742.6157,6842.81
8189,2023-10-31,6776.7583,6689.231
8190,2023-10-19,6709.023,6678.227
8191,2023-10-20,6549.578,6508.7734
8192,2023-10-21,6231.248,6220.985
8193,2023-10-22,6107.0464,5928.972
8194,2023-10-23,6594.8926,6447.979
8195,2023-10-24,6655.8765,6905.913
8196,2023-10-25,6644.127,6652.4067
8197,2023-10-26,6697.2754,7183.8037
8198,2023-10-27,6537.272,6939.69
8199,2023-10-28,6168.0264,6301.2827
8200,2023-10-29,6145.6514,5869.4946
8201,2023-10-30,6610.56,6842.81
8202,2023-10-31,6691.123,6689.231
8203,2023-11-01,6692.801,6649.569
8204,2023-10-20,6511.24,6508.7734
8205,2023-10-21,6198.6235,6220.985
8206,2023-10-22,6122.007,5928.972
8207,2023-10-23,6518.51,6447.979
8208,2023-10-24,6688.518,6905.913
8209,2023-10-25,6630.9175,6652.4067
8210,2023-10-26,6653.286,7183.8037
8211,2023-10-27,6525.219,6939.69
8212,2023-10-28,6192.4717,6301.2827
8213,2023-10-29,6116.9736,5869.4946
8214,2023-10-30,6556.537,6842.81
8215,2023-10-31,6667.8257,6689.231
8216,2023-11-01,6636.5093,6649.569
8217,2023-11-02,6623.6465,6666.562
8218,2023-10-21,6093.8867,6220.985
8219,2023-10-22,6032.955,5928.972
8220,2023-10-23,6547.2544,6447.979
8221,2023-10-24,6567.938,6905.913
8222,2023-10-25,6567.3774,6652.4067
8223,2023-10-26,6638.933,7183.8037
8224,2023-10-27,6498.0596,6939.69
8225,2023-10-28,6123.5156,6301.2827
8226,2023-10-29,6093.8877,5869.4946
8227,2023-10-30,6638.933,6842.81
8228,2023-10-31,6673.0317,6689.231
8229,2023-11-01,6629.9893,6649.569
8230,2023-11-02,6628.312,6666.562
8231,2023-11-03,6507.003,6889.8623
8232,2023-10-22,6106.2773,5928.972
8233,2023-10-23,6572.857,6447.979
8234,2023-10-24,6626.497,6905.913
8235,2023-10-25,6692.4326,6652.4067
8236,2023-10-26,6717.578,7183.8037
8237,2023-10-27,6563.355,6939.69
8238,2023-10-28,6212.445,6301.2827
8239,2023-10-29,6132.5405,5869.4946
8240,2023-10-30,6633.2026,6842.81
8241,2023-10-31,6677.3467,6689.231
8242,2023-11-01,6694.108,6649.569
8243,2023-11-02,6689.0796,6666.562
8244,2023-11-03,6567.824,6889.8623
8245,2023-11-04,6225.855,6660.862
8246,2023-10-23,6426.0,6447.979
8247,2023-10-24,6686.838,6905.913
8248,2023-10-25,6683.487,6652.4067
8249,2023-10-26,6679.0186,7183.8037
8250,2023-10-27,6582.391,6939.69
8251,2023-10-28,6284.131,6301.2827
8252,2023-10-29,6108.192,5869.4946
8253,2023-10-30,6548.3193,6842.81
8254,2023-10-31,6684.605,6689.231
8255,2023-11-01,6673.433,6649.569
8256,2023-11-02,6634.895,6666.562
8257,2023-11-03,6600.265,6889.8623
8258,2023-11-04,6236.096,6660.862
8259,2023-11-05,6124.946,6671.2065
8260,2023-10-24,6691.5273,6905.913
8261,2023-10-25,6699.9043,6652.4067
8262,2023-10-26,6721.12,7183.8037
8263,2023-10-27,6577.62,6939.69
8264,2023-10-28,6188.4346,6301.2827
8265,2023-10-29,6119.197,5869.4946
8266,2023-10-30,6633.457,6842.81
8267,2023-10-31,6723.3535,6689.231
8268,2023-11-01,6740.6655,6649.569
8269,2023-11-02,6683.15,6666.562
8270,2023-11-03,6522.897,6889.8623
8271,2023-11-04,6186.199,6660.862
8272,2023-11-05,6157.7236,6671.2065
8273,2023-11-06,6611.6816,6834.8115
8274,2023-10-25,6800.852,6652.4067
8275,2023-10-26,6765.6963,7183.8037
8276,2023-10-27,6714.3564,6939.69
8277,2023-10-28,6394.041,6301.2827
8278,2023-10-29,6234.4395,5869.4946
8279,2023-10-30,6731.0967,6842.81
8280,2023-10-31,6805.8735,6689.231
8281,2023-11-01,6794.713,6649.569
8282,2023-11-02,6815.361,6666.562
8283,2023-11-03,6691.475,6889.8623
8284,2023-11-04,6315.912,6660.862
8285,2023-11-05,6233.325,6671.2065
8286,2023-11-06,6733.8877,6834.8115
8287,2023-11-07,6843.82,6601.529
8288,2023-10-26,6660.344,7183.8037
8289,2023-10-27,6607.361,6939.69
8290,2023-10-28,6290.013,6301.2827
8291,2023-10-29,6146.122,5869.4946
8292,2023-10-30,6597.32,6842.81
8293,2023-10-31,6728.9434,6689.231
8294,2023-11-01,6693.8057,6649.569
8295,2023-11-02,6682.652,6666.562
8296,2023-11-03,6629.111,6889.8623
8297,2023-11-04,6306.1904,6660.862
8298,2023-11-05,6249.8594,6671.2065
8299,2023-11-06,6644.1704,6834.8115
8300,2023-11-07,6780.253,6601.529
8301,2023-11-08,6752.9263,6859.2266
8302,2023-10-27,6823.6445,6939.69
8303,2023-10-28,6423.4004,6301.2827
8304,2023-10-29,6255.056,5869.4946
8305,2023-10-30,6756.75,6842.81
8306,2023-10-31,6875.487,6689.231
8307,2023-11-01,6830.3354,6649.569
8308,2023-11-02,6813.0537,6666.562
8309,2023-11-03,6672.0215,6889.8623
8310,2023-11-04,6308.0127,6660.862
8311,2023-11-05,6177.0117,6671.2065
8312,2023-11-06,6659.2007,6834.8115
8313,2023-11-07,6830.335,6601.529
8314,2023-11-08,6781.28,6859.2266
8315,2023-11-09,6818.07,7155.317
8316,2023-10-28,6504.6504,6301.2827
8317,2023-10-29,6335.8506,5869.4946
8318,2023-10-30,6676.794,6842.81
8319,2023-10-31,6804.926,6689.231
8320,2023-11-01,6858.4062,6649.569
8321,2023-11-02,6849.4917,6666.562
8322,2023-11-03,6647.265,6889.8623
8323,2023-11-04,6284.598,6660.862
8324,2023-11-05,6218.3027,6671.2065
8325,2023-11-06,6642.8086,6834.8115
8326,2023-11-07,6824.9814,6601.529
8327,2023-11-08,6867.319,6859.2266
8328,2023-11-09,6880.1333,7155.317
8329,2023-11-10,6739.1875,6846.2837
8330,2023-10-29,6122.223,5869.4946
8331,2023-10-30,6742.29,6842.81
8332,2023-10-31,6845.265,6689.231
8333,2023-11-01,6799.0654,6649.569
8334,2023-11-02,6770.6787,6666.562
8335,2023-11-03,6701.6562,6889.8623
8336,2023-11-04,6350.9917,6660.862
8337,2023-11-05,6224.082,6671.2065
8338,2023-11-06,6757.321,6834.8115
8339,2023-11-07,6879.2183,6601.529
8340,2023-11-08,6873.0977,6859.2266
8341,2023-11-09,6870.313,7155.317
8342,2023-11-10,6760.6606,6846.2837
8343,2023-11-11,6401.0864,6753.7725
8344,2023-10-30,6383.1567,6842.81
8345,2023-10-31,6647.939,6689.231
8346,2023-11-01,6703.5654,6649.569
8347,2023-11-02,6686.878,6666.562
8348,2023-11-03,6639.5957,6889.8623
8349,2023-11-04,6331.9814,6660.862
8350,2023-11-05,6118.9336,6671.2065
8351,2023-11-06,6569.5063,6834.8115
8352,2023-11-07,6781.998,6601.529
8353,2023-11-08,6790.3423,6859.2266
8354,2023-11-09,6835.956,7155.317
8355,2023-11-10,6687.4336,6846.2837
8356,2023-11-11,6338.656,6753.7725
8357,2023-11-12,6192.9146,6479.198
8358,2023-10-31,6884.639,6689.231
8359,2023-11-01,6865.733,6649.569
8360,2023-11-02,6860.1733,6666.562
8361,2023-11-03,6758.4126,6889.8623
8362,2023-11-04,6315.785,6660.862
8363,2023-11-05,6209.02,6671.2065
8364,2023-11-06,6845.7144,6834.8115
8365,2023-11-07,6956.9277,6601.529
8366,2023-11-08,6899.0986,6859.2266
8367,2023-11-09,6932.4604,7155.317
8368,2023-11-10,6752.852,6846.2837
8369,2023-11-11,6345.81,6753.7725
8370,2023-11-12,6317.451,6479.198
8371,2023-11-13,6935.2417,6812.1562
8372,2023-11-01,6718.4224,6649.569
8373,2023-11-02,6740.095,6666.562
8374,2023-11-03,6636.172,6889.8623
8375,2023-11-04,6242.1465,6660.862
8376,2023-11-05,6151.0044,6671.2065
8377,2023-11-06,6746.21,6834.8115
8378,2023-11-07,6846.2437,6601.529
8379,2023-11-08,6796.7827,6859.2266
8380,2023-11-09,6785.1133,7155.317
8381,2023-11-10,6597.2705,6846.2837
8382,2023-11-11,6271.6025,6753.7725
8383,2023-11-12,6197.6895,6479.198
8384,2023-11-13,6717.8667,6812.1562
8385,2023-11-14,6812.899,6993.1064
8386,2023-11-02,6713.9907,6666.562
8387,2023-11-03,6617.909,6889.8623
8388,2023-11-04,6310.785,6660.862
8389,2023-11-05,6133.618,6671.2065
8390,2023-11-06,6584.5874,6834.8115
8391,2023-11-07,6715.656,6601.529
8392,2023-11-08,6749.536,6859.2266
8393,2023-11-09,6768.4175,7155.317
8394,2023-11-10,6765.639,6846.2837
8395,2023-11-11,6421.86,6753.7725
8396,2023-11-12,6228.0327,6479.198
8397,2023-11-13,6599.582,6812.1562
8398,2023-11-14,6813.9575,6993.1064
8399,2023-11-15,6804.516,7213.212
8400,2023-11-03,6534.636,6889.8623
8401,2023-11-04,6198.859,6660.862
8402,2023-11-05,6033.4683,6671.2065
8403,2023-11-06,6501.891,6834.8115
8404,2023-11-07,6706.6875,6601.529
8405,2023-11-08,6720.007,6859.2266
8406,2023-11-09,6741.6533,7155.317
8407,2023-11-10,6618.442,6846.2837
8408,2023-11-11,6274.895,6753.7725
8409,2023-11-12,6105.064,6479.198
8410,2023-11-13,6517.9863,6812.1562
8411,2023-11-14,6711.1274,6993.1064
8412,2023-11-15,6736.658,7213.212
8413,2023-11-16,6721.672,7267.77
8414,2023-11-04,6392.2144,6660.862
8415,2023-11-05,6145.9546,6671.2065
8416,2023-11-06,6497.04,6834.8115
8417,2023-11-07,6798.21,6601.529
8418,2023-11-08,6850.9,6859.2266
8419,2023-11-09,6797.0986,7155.317
8420,2023-11-10,6773.804,6846.2837
8421,2023-11-11,6474.8555,6753.7725
8422,2023-11-12,6193.096,6479.198
8423,2023-11-13,6568.5894,6812.1562
8424,2023-11-14,6844.7983,6993.1064
8425,2023-11-15,6880.2964,7213.212
8426,2023-11-16,6866.984,7267.77
8427,2023-11-17,6824.833,6692.567
8428,2023-11-05,6159.2773,6671.2065
8429,2023-11-06,6348.288,6834.8115
8430,2023-11-07,6759.573,6601.529
8431,2023-11-08,6755.694,6859.2266
8432,2023-11-09,6783.9604,7155.317
8433,2023-11-10,6719.6636,6846.2837
8434,2023-11-11,6465.244,6753.7725
8435,2023-11-12,6149.8535,6479.198
8436,2023-11-13,6392.632,6812.1562
8437,2023-11-14,6758.466,6993.1064
8438,2023-11-15,6827.199,7213.212
8439,2023-11-16,6773.431,7267.77
8440,2023-11-17,6700.8174,6692.567
8441,2023-11-18,6439.192,6039.1777
8442,2023-11-06,6919.2617,6834.8115
8443,2023-11-07,6968.5664,6601.529
8444,2023-11-08,6935.3257,6859.2266
8445,2023-11-09,6896.542,7155.317
8446,2023-11-10,6785.185,6846.2837
8447,2023-11-11,6427.2812,6753.7725
8448,2023-11-12,6348.61,6479.198
8449,2023-11-13,6930.3394,6812.1562
8450,2023-11-14,7061.6445,6993.1064
8451,2023-11-15,6991.2817,7213.212
8452,2023-11-16,6968.5664,7267.77
8453,2023-11-17,6857.2075,6692.567
8454,2023-11-18,6494.3193,6039.1777
8455,2023-11-19,6423.405,6085.416
8456,2023-11-07,6868.8013,6601.529
8457,2023-11-08,6847.2026,6859.2266
8458,2023-11-09,6824.494,7155.317
8459,2023-11-10,6678.28,6846.2837
8460,2023-11-11,6363.1406,6753.7725
8461,2023-11-12,6283.94,6479.198
8462,2023-11-13,6829.4795,6812.1562
8463,2023-11-14,6882.094,6993.1064
8464,2023-11-15,6865.4785,7213.212
8465,2023-11-16,6904.804,7267.77
8466,2023-11-17,6723.6943,6692.567
8467,2023-11-18,6391.942,6039.1777
8468,2023-11-19,6378.6465,6085.416
8469,2023-11-20,6892.064,7441.3936
8470,2023-11-08,6734.4004,6859.2266
8471,2023-11-09,6770.3833,7155.317
8472,2023-11-10,6604.3096,6846.2837
8473,2023-11-11,6287.6567,6753.7725
8474,2023-11-12,6315.337,6479.198
8475,2023-11-13,6832.3857,6812.1562
8476,2023-11-14,6821.3154,6993.1064
8477,2023-11-15,6820.207,7213.212
8478,2023-11-16,6794.743,7267.77
8479,2023-11-17,6594.898,6692.567
8480,2023-11-18,6289.87,6039.1777
8481,2023-11-19,6403.3564,6085.416
8482,2023-11-20,6850.655,7441.3936
8483,2023-11-21,6881.1025,7133.1406
8484,2023-11-09,6819.623,7155.317
8485,2023-11-10,6688.5073,6846.2837
8486,2023-11-11,6357.6777,6753.7725
8487,2023-11-12,6319.506,6479.198
8488,2023-11-13,6794.1763,6812.1562
8489,2023-11-14,6873.2876,6993.1064
8490,2023-11-15,6874.3936,7213.212
8491,2023-11-16,6829.0293,7267.77
8492,2023-11-17,6719.49,6692.567
8493,2023-11-18,6357.6787,6039.1777
8494,2023-11-19,6275.2485,6085.416
8495,2023-11-20,6751.0225,7441.3936
8496,2023-11-21,6870.522,7133.1406
8497,2023-11-22,6859.4556,7193.8105
8498,2023-11-10,6695.0327,6846.2837
8499,2023-11-11,6346.1235,6753.7725
8500,2023-11-12,6324.0073,6479.198
8501,2023-11-13,6871.9756,6812.1562
8502,2023-11-14,6887.4556,6993.1064
8503,2023-11-15,6893.537,7213.212
8504,2023-11-16,6905.1504,7267.77
8505,2023-11-17,6702.219,6692.567
8506,2023-11-18,6336.725,6039.1777
8507,2023-11-19,6322.3467,6085.416
8508,2023-11-20,6877.5044,7441.3936
8509,2023-11-21,6947.1724,7133.1406
8510,2023-11-22,6902.939,7193.8105
8511,2023-11-23,6891.3257,7193.648
8512,2023-11-11,6466.25,6753.7725
8513,2023-11-12,6375.612,6479.198
8514,2023-11-13,6899.543,6812.1562
8515,2023-11-14,6910.041,6993.1064
8516,2023-11-15,6923.3076,7213.212
8517,2023-11-16,6966.4155,7267.77
8518,2023-11-17,6839.8564,6692.567
8519,2023-11-18,6486.699,6039.1777
8520,2023-11-19,6404.351,6085.416
8521,2023-11-20,6852.0137,7441.3936
8522,2023-11-21,6989.628,7133.1406
8523,2023-11-22,6947.0723,7193.8105
8524,2023-11-23,6952.0454,7193.648
8525,2023-11-24,6827.1426,7460.175
8526,2023-11-12,6464.1323,6479.198
8527,2023-11-13,6872.3535,6812.1562
8528,2023-11-14,6960.7373,6993.1064
8529,2023-11-15,6977.862,7213.212
8530,2023-11-16,6973.4414,7267.77
8531,2023-11-17,6804.4087,6692.567
8532,2023-11-18,6488.438,6039.1777
8533,2023-11-19,6435.4067,6085.416
8534,2023-11-20,6918.756,7441.3936
8535,2023-11-21,7054.091,7133.1406
8536,2023-11-22,6977.8623,7193.8105
8537,2023-11-23,6984.49,7193.648
8538,2023-11-24,6818.773,7460.175
8539,2023-11-25,6484.5713,7017.3745
8540,2023-11-13,6552.4062,6812.1562
8541,2023-11-14,6891.98,6993.1064
8542,2023-11-15,6907.4424,7213.212
8543,2023-11-16,6936.1533,7267.77
8544,2023-11-17,6841.7344,6692.567
8545,2023-11-18,6578.91,6039.1777
8546,2023-11-19,6395.042,6085.416
8547,2023-11-20,6682.714,7441.3936
8548,2023-11-21,6979.7715,7133.1406
8549,2023-11-22,7018.978,7193.8105
8550,2023-11-23,6954.375,7193.648
8551,2023-11-24,6850.569,7460.175
8552,2023-11-25,6570.6274,7017.3745
8553,2023-11-26,6379.584,6499.0093
8554,2023-11-14,6878.6987,6993.1064
8555,2023-11-15,6933.3457,7213.212
8556,2023-11-16,6921.7524,7267.77
8557,2023-11-17,6777.689,6692.567
8558,2023-11-18,6456.4395,6039.1777
8559,2023-11-19,6383.58,6085.416
8560,2023-11-20,6856.619,7441.3936
8561,2023-11-21,6931.6895,7133.1406
8562,2023-11-22,6952.1113,7193.8105
8563,2023-11-23,6938.3125,7193.648
8564,2023-11-24,6789.8306,7460.175
8565,2023-11-25,6407.8643,7017.3745
8566,2023-11-26,6348.804,6499.0093
8567,2023-11-27,6800.3193,7271.2754
8568,2023-11-15,6979.8926,7213.212
8569,2023-11-16,7005.825,7267.77
8570,2023-11-17,6927.4785,6692.567
8571,2023-11-18,6582.648,6039.1777
8572,2023-11-19,6383.475,6085.416
8573,2023-11-20,6900.9956,7441.3936
8574,2023-11-21,7041.687,7133.1406
8575,2023-11-22,6971.064,7193.8105
8576,2023-11-23,6968.3066,7193.648
8577,2023-11-24,6871.199,7460.175
8578,2023-11-25,6518.0957,7017.3745
8579,2023-11-26,6408.3027,6499.0093
8580,2023-11-27,6884.991,7271.2754
8581,2023-11-28,6979.89,7749.157
8582,2023-11-16,7103.6567,7267.77
8583,2023-11-17,6950.8955,6692.567
8584,2023-11-18,6561.5483,6039.1777
8585,2023-11-19,6460.625,6085.416
8586,2023-11-20,6911.188,7441.3936
8587,2023-11-21,6990.051,7133.1406
8588,2023-11-22,6992.2573,7193.8105
8589,2023-11-23,6965.784,7193.648
8590,2023-11-24,6878.098,7460.175
8591,2023-11-25,6572.5786,7017.3745
8592,2023-11-26,6432.5005,6499.0093
8593,2023-11-27,6870.9326,7271.2754
8594,2023-11-28,7046.852,7749.157
8595,2023-11-29,7038.5796,7475.6274
8596,2023-11-17,6999.287,6692.567
8597,2023-11-18,6617.821,6039.1777
8598,2023-11-19,6488.2764,6085.416
8599,2023-11-20,6939.7524,7441.3936
8600,2023-11-21,7079.219,7133.1406
8601,2023-11-22,7031.26,7193.8105
8602,2023-11-23,7045.592,7193.648
8603,2023-11-24,6925.9707,7460.175
8604,2023-11-25,6545.6064,7017.3745
8605,2023-11-26,6400.627,6499.0093
8606,2023-11-27,6905.574,7271.2754
8607,2023-11-28,7037.8745,7749.157
8608,2023-11-29,7030.709,7475.6274
8609,2023-11-30,7056.6177,7165.061
8610,2023-11-18,6462.43,6039.1777
8611,2023-11-19,6407.3364,6085.416
8612,2023-11-20,6746.1606,7441.3936
8613,2023-11-21,6961.574,7133.1406
8614,2023-11-22,6973.694,7193.8105
8615,2023-11-23,6923.0107,7193.648
8616,2023-11-24,6817.2324,7460.175
8617,2023-11-25,6469.043,7017.3745
8618,2023-11-26,6313.678,6499.0093
8619,2023-11-27,6725.7793,7271.2754
8620,2023-11-28,6885.5474,7749.157
8621,2023-11-29,6960.4746,7475.6274
8622,2023-11-30,6955.5156,7165.061
8623,2023-12-01,6810.07,7194.2905
8624,2023-11-19,6096.0493,6085.416
8625,2023-11-20,6762.1934,7441.3936
8626,2023-11-21,6813.3936,7133.1406
8627,2023-11-22,6801.832,7193.8105
8628,2023-11-23,6867.8945,7193.648
8629,2023-11-24,6693.9277,7460.175
8630,2023-11-25,6344.89,7017.3745
8631,2023-11-26,6284.331,6499.0093
8632,2023-11-27,6860.1904,7271.2754
8633,2023-11-28,6870.649,7749.157
8634,2023-11-29,6883.3125,7475.6274
8635,2023-11-30,6882.761,7165.061
8636,2023-12-01,6724.757,7194.2905
8637,2023-12-02,6394.44,6862.8677
8638,2023-11-20,6670.2163,7441.3936
8639,2023-11-21,6823.1875,7133.1406
8640,2023-11-22,6853.4526,7193.8105
8641,2023-11-23,6863.9067,7193.648
8642,2023-11-24,6728.544,7460.175
8643,2023-11-25,6427.004,7017.3745
8644,2023-11-26,6320.803,6499.0093
8645,2023-11-27,6699.928,7271.2754
8646,2023-11-28,6901.324,7749.157
8647,2023-11-29,6899.6733,7475.6274
8648,2023-11-30,6922.2324,7165.061
8649,2023-12-01,6769.8125,7194.2905
8650,2023-12-02,6472.1235,6862.8677
8651,2023-12-03,6415.448,6186.148
8652,2023-11-21,7145.132,7133.1406
8653,2023-11-22,7098.3677,7193.8105
8654,2023-11-23,7058.754,7193.648
8655,2023-11-24,6887.6514,7460.175
8656,2023-11-25,6521.2324,7017.3745
8657,2023-11-26,6467.865,6499.0093
8658,2023-11-27,7019.692,7271.2754
8659,2023-11-28,7005.938,7749.157
8660,2023-11-29,7038.398,7475.6274
8661,2023-11-30,6993.2827,7165.061
8662,2023-12-01,6882.149,7194.2905
8663,2023-12-02,6538.288,6862.8677
8664,2023-12-03,6485.473,6186.148
8665,2023-12-04,7008.139,6922.5273
8666,2023-11-22,7048.6387,7193.8105
8667,2023-11-23,7024.995,7193.648
8668,2023-11-24,6893.5674,7460.175
8669,2023-11-25,6462.447,7017.3745
8670,2023-11-26,6394.808,6499.0093
8671,2023-11-27,6978.805,7271.2754
8672,2023-11-28,6996.95,7749.157
8673,2023-11-29,6951.3066,7475.6274
8674,2023-11-30,6985.951,7165.061
8675,2023-12-01,6870.4727,7194.2905
8676,2023-12-02,6515.2363,6862.8677
8677,2023-12-03,6465.194,6186.148
8678,2023-12-04,7026.6436,6922.5273
8679,2023-12-05,7068.986,7655.686
8680,2023-11-23,7039.6543,7193.648
8681,2023-11-24,6879.7246,7460.175
8682,2023-11-25,6528.542,7017.3745
8683,2023-11-26,6458.1934,6499.0093
8684,2023-11-27,7012.725,7271.2754
8685,2023-11-28,7020.9707,7749.157
8686,2023-11-29,7020.4204,7475.6274
8687,2023-11-30,7029.215,7165.061
8688,2023-12-01,6931.9375,7194.2905
8689,2023-12-02,6548.875,6862.8677
8690,2023-12-03,6470.8354,6186.148
8691,2023-12-04,7018.223,6922.5273
8692,2023-12-05,7079.7764,7655.686
8693,2023-12-06,7069.8833,7533.184
8694,2023-11-24,6960.838,7460.175
8695,2023-11-25,6579.618,7017.3745
8696,2023-11-26,6470.3066,6499.0093
8697,2023-11-27,7020.714,7271.2754
8698,2023-11-28,7049.277,7749.157
8699,2023-11-29,7080.587,7475.6274
8700,2023-11-30,7134.422,7165.061
8701,2023-12-01,6976.2207,7194.2905
8702,2023-12-02,6563.6875,6862.8677
8703,2023-12-03,6495.0244,6186.148
8704,2023-12-04,7094.868,6922.5273
8705,2023-12-05,7185.5063,7655.686
8706,2023-12-06,7129.477,7533.184
8707,2023-12-07,7082.2373,7821.923
8708,2023-11-25,6889.2944,7017.3745
8709,2023-11-26,6751.477,6499.0093
8710,2023-11-27,7304.9473,7271.2754
8711,2023-11-28,7340.088,7749.157
8712,2023-11-29,7312.087,7475.6274
8713,2023-11-30,7302.7515,7165.061
8714,2023-12-01,7173.1675,7194.2905
8715,2023-12-02,6802.5425,6862.8677
8716,2023-12-03,6724.5693,6186.148
8717,2023-12-04,7211.6045,6922.5273
8718,2023-12-05,7306.0464,7655.686
8719,2023-12-06,7239.6074,7533.184
8720,2023-12-07,7231.9204,7821.923
8721,2023-12-08,7136.931,8798.982
8722,2023-11-26,6710.084,6499.0093
8723,2023-11-27,7286.2227,7271.2754
8724,2023-11-28,7320.2437,7749.157
8725,2023-11-29,7293.358,7475.6274
8726,2023-11-30,7276.8955,7165.061
8727,2023-12-01,7149.595,7194.2905
8728,2023-12-02,6790.196,6862.8677
8729,2023-12-03,6736.4224,6186.148
8730,2023-12-04,7374.015,6922.5273
8731,2023-12-05,7426.6895,7655.686
8732,2023-12-06,7397.61,7533.184
8733,2023-12-07,7384.4414,7821.923
8734,2023-12-08,7172.642,8798.982
8735,2023-12-09,6760.0156,9109.738
8736,2023-11-27,7085.788,7271.2754
8737,2023-11-28,7273.3257,7749.157
8738,2023-11-29,7281.0005,7475.6274
8739,2023-11-30,7336.9336,7165.061
8740,2023-12-01,7230.0044,7194.2905
8741,2023-12-02,6864.8027,6862.8677
8742,2023-12-03,6665.2036,6186.148
8743,2023-12-04,7270.033,6922.5273
8744,2023-12-05,7431.7964,7655.686
8745,2023-12-06,7408.7656,7533.184
8746,2023-12-07,7343.5127,7821.923
8747,2023-12-08,7146.109,8798.982
8748,2023-12-09,6786.9375,9109.738
8749,2023-12-10,6686.5913,7514.051
8750,2023-11-28,7405.3066,7749.157
8751,2023-11-29,7282.514,7475.6274
8752,2023-11-30,7297.315,7165.061
8753,2023-12-01,7178.9106,7194.2905
8754,2023-12-02,6783.675,6862.8677
8755,2023-12-03,6625.801,6186.148
8756,2023-12-04,7252.3643,6922.5273
8757,2023-12-05,7352.1323,7655.686
8758,2023-12-06,7351.583,7533.184
8759,2023-12-07,7298.4106,7821.923
8760,2023-12-08,7159.725,8798.982
8761,2023-12-09,6819.3057,9109.738
8762,2023-12-10,6736.533,7514.051
8763,2023-12-11,7329.656,8306.13
8764,2023-11-29,7578.4595,7475.6274
8765,2023-11-30,7534.6187,7165.061
8766,2023-12-01,7416.7964,7194.2905
8767,2023-12-02,7018.9404,6862.8677
8768,2023-12-03,6850.7026,6186.148
8769,2023-12-04,7467.214,6922.5273
8770,2023-12-05,7610.247,7655.686
8771,2023-12-06,7606.4087,7533.184
8772,2023-12-07,7592.16,7821.923
8773,2023-12-08,7446.9375,8798.982
8774,2023-12-09,7021.132,9109.738
8775,2023-12-10,6919.203,7514.051
8776,2023-12-11,7526.4,8306.13
8777,2023-12-12,7670.5264,8288.522
8778,2023-11-30,7392.2812,7165.061
8779,2023-12-01,7294.7773,7194.2905
8780,2023-12-02,6940.91,6862.8677
8781,2023-12-03,6810.537,6186.148
8782,2023-12-04,7449.7954,6922.5273
8783,2023-12-05,7546.7544,7655.686
8784,2023-12-06,7508.958,7533.184
8785,2023-12-07,7513.8877,7821.923
8786,2023-12-08,7359.4126,8798.982
8787,2023-12-09,6950.7715,9109.738
8788,2023-12-10,6861.482,7514.051
8789,2023-12-11,7481.569,8306.13
8790,2023-12-12,7568.116,8288.522
8791,2023-12-13,7543.4683,8461.446
8792,2023-12-01,7087.881,7194.2905
8793,2023-12-02,6796.589,6862.8677
8794,2023-12-03,6625.7563,6186.148
8795,2023-12-04,7250.4995,6922.5273
8796,2023-12-05,7436.1143,7655.686
8797,2023-12-06,7407.095,7533.184
8798,2023-12-07,7420.233,7821.923
8799,2023-12-08,7239.0005,8798.982
8800,2023-12-09,6848.605,9109.738
8801,2023-12-10,6756.0723,7514.051
8802,2023-12-11,7312.917,8306.13
8803,2023-12-12,7475.537,8288.522
8804,2023-12-13,7443.781,8461.446
8805,2023-12-14,7432.8286,9284.15
8806,2023-12-02,6874.2583,6862.8677
8807,2023-12-03,6624.114,6186.148
8808,2023-12-04,7012.1924,6922.5273
8809,2023-12-05,7398.6245,7655.686
8810,2023-12-06,7358.666,7533.184
8811,2023-12-07,7344.4346,7821.923
8812,2023-12-08,7287.5093,8798.982
8813,2023-12-09,6961.285,9109.738
8814,2023-12-10,6647.1035,7514.051
8815,2023-12-11,7046.128,8306.13
8816,2023-12-12,7392.055,8288.522
8817,2023-12-13,7420.517,8461.446
8818,2023-12-14,7392.605,9284.15
8819,2023-12-15,7289.1504,8020.5225
8820,2023-12-03,6566.6816,6186.148
8821,2023-12-04,7223.7344,6922.5273
8822,2023-12-05,7476.489,7655.686
8823,2023-12-06,7468.826,7533.184
8824,2023-12-07,7497.824,7821.923
8825,2023-12-08,7353.94,8798.982
8826,2023-12-09,6958.944,9109.738
8827,2023-12-10,6812.8726,7514.051
8828,2023-12-11,7410.29,8306.13
8829,2023-12-12,7531.7427,8288.522
8830,2023-12-13,7570.5864,8461.446
8831,2023-12-14,7583.168,9284.15
8832,2023-12-15,7436.551,8020.5225
8833,2023-12-16,7021.311,7417.024
8834,2023-12-04,6909.5293,6922.5273
8835,2023-12-05,7272.0376,7655.686
8836,2023-12-06,7286.803,7533.184
8837,2023-12-07,7308.1255,7821.923
8838,2023-12-08,7266.57,8798.982
8839,2023-12-09,6882.7373,9109.738
8840,2023-12-10,6682.6187,7514.051
8841,2023-12-11,7170.888,8306.13
8842,2023-12-12,7430.0576,8288.522
8843,2023-12-13,7379.206,8461.446
8844,2023-12-14,7417.4785,9284.15
8845,2023-12-15,7326.7163,8020.5225
8846,2023-12-16,6968.5825,7417.024
8847,2023-12-17,6754.248,6958.565
8848,2023-12-05,7210.6743,7655.686
8849,2023-12-06,7216.6875,7533.184
8850,2023-12-07,7207.3965,7821.923
8851,2023-12-08,7119.9536,8798.982
8852,2023-12-09,6769.641,9109.738
8853,2023-12-10,6518.791,7514.051
8854,2023-12-11,7109.0225,8306.13
8855,2023-12-12,7332.0015,8288.522
8856,2023-12-13,7327.6274,8461.446
8857,2023-12-14,7306.317,9284.15
8858,2023-12-15,7192.095,8020.5225
8859,2023-12-16,6779.477,7417.024
8860,2023-12-17,6646.1294,6958.565
8861,2023-12-18,7216.141,8353.705
8862,2023-12-06,7463.1494,7533.184
8863,2023-12-07,7411.797,7821.923
8864,2023-12-08,7304.174,8798.982
8865,2023-12-09,6921.753,9109.738
8866,2023-12-10,6721.805,7514.051
8867,2023-12-11,7286.69,8306.13
8868,2023-12-12,7444.5757,8288.522
8869,2023-12-13,7458.78,8461.446
8870,2023-12-14,7440.7515,9284.15
8871,2023-12-15,7328.7573,8020.5225
8872,2023-12-16,6904.273,7417.024
8873,2023-12-17,6810.853,6958.565
8874,2023-12-18,7345.1455,8353.705
8875,2023-12-19,7530.892,9029.401
8876,2023-12-07,7383.9746,7821.923
8877,2023-12-08,7330.4604,8798.982
8878,2023-12-09,7041.589,9109.738
8879,2023-12-10,6726.506,7514.051
8880,2023-12-11,7142.6113,8306.13
8881,2023-12-12,7495.9214,8288.522
8882,2023-12-13,7492.641,8461.446
8883,2023-12-14,7444.0425,9284.15
8884,2023-12-15,7326.09,8020.5225
8885,2023-12-16,6976.6055,7417.024
8886,2023-12-17,6828.621,6958.565
8887,2023-12-18,7287.32,8353.705
8888,2023-12-19,7584.929,9029.401
8889,2023-12-20,7544.5176,7715.9033
8890,2023-12-08,7594.0005,8798.982
8891,2023-12-09,7226.09,9109.738
8892,2023-12-10,6857.635,7514.051
8893,2023-12-11,7152.9443,8306.13
8894,2023-12-12,7691.161,8288.522
8895,2023-12-13,7697.166,8461.446
8896,2023-12-14,7632.7573,9284.15
8897,2023-12-15,7524.131,8020.5225
8898,2023-12-16,7193.885,7417.024
8899,2023-12-17,6925.3223,6958.565
8900,2023-12-18,7292.1387,8353.705
8901,2023-12-19,7657.319,9029.401
8902,2023-12-20,7695.5293,7715.9033
8903,2023-12-21,7612.5596,6985.078
8904,2023-12-09,8029.7007,9109.738
8905,2023-12-10,7394.985,7514.051
8906,2023-12-11,7551.072,8306.13
8907,2023-12-12,8068.4463,8288.522
8908,2023-12-13,8046.6143,8461.446
8909,2023-12-14,7935.83,9284.15
8910,2023-12-15,7877.4326,8020.5225
8911,2023-12-16,7593.64,7417.024
8912,2023-12-17,7214.884,6958.565
8913,2023-12-18,7408.629,8353.705
8914,2023-12-19,7974.0317,9029.401
8915,2023-12-20,7968.573,7715.9033
8916,2023-12-21,7909.087,6985.078
8917,2023-12-22,7850.6914,6366.859
8918,2023-12-10,8264.993,7514.051
8919,2023-12-11,8159.667,8306.13
8920,2023-12-12,8582.059,8288.522
8921,2023-12-13,8482.737,8461.446
8922,2023-12-14,8439.622,9284.15
8923,2023-12-15,8327.202,8020.5225
8924,2023-12-16,8025.42,7417.024
8925,2023-12-17,7642.8687,6958.565
8926,2023-12-18,7881.3496,8353.705
8927,2023-12-19,8440.169,9029.401
8928,2023-12-20,8452.72,7715.9033
8929,2023-12-21,8377.959,6985.078
8930,2023-12-22,8317.383,6366.859
8931,2023-12-23,7995.406,6166.6035
8932,2023-12-11,7455.712,8306.13
8933,2023-12-12,8044.2925,8288.522
8934,2023-12-13,8035.02,8461.446
8935,2023-12-14,8027.382,9284.15
8936,2023-12-15,7978.835,8020.5225
8937,2023-12-16,7737.1826,7417.024
8938,2023-12-17,7296.975,6958.565
8939,2023-12-18,7359.7056,8353.705
8940,2023-12-19,7967.379,9029.401
8941,2023-12-20,8033.929,7715.9033
8942,2023-12-21,8051.9287,6985.078
8943,2023-12-22,7993.5596,6366.859
8944,2023-12-23,7751.9087,6166.6035
8945,2023-12-24,7289.885,6484.226
8946,2023-12-12,8515.782,8288.522
8947,2023-12-13,8437.224,8461.446
8948,2023-12-14,8401.223,9284.15
8949,2023-12-15,8303.025,8020.5225
8950,2023-12-16,7930.9707,7417.024
8951,2023-12-17,7502.7246,6958.565
8952,2023-12-18,7905.8735,8353.705
8953,2023-12-19,8409.402,9029.401
8954,2023-12-20,8477.597,7715.9033
8955,2023-12-21,8463.41,6985.078
8956,2023-12-22,8334.663,6366.859
8957,2023-12-23,7980.0664,6166.6035
8958,2023-12-24,7583.464,6484.226
8959,2023-12-25,7904.2393,5968.976
8960,2023-12-13,8181.323,8461.446
8961,2023-12-14,8251.69,9284.15
8962,2023-12-15,8166.5938,8020.5225
8963,2023-12-16,7926.049,7417.024
8964,2023-12-17,7518.591,6958.565
8965,2023-12-18,7815.3213,8353.705
8966,2023-12-19,8289.323,9029.401
8967,2023-12-20,8348.778,7715.9033
8968,2023-12-21,8316.049,6985.078
8969,2023-12-22,8249.506,6366.859
8970,2023-12-23,7966.962,6166.6035
8971,2023-12-24,7584.0454,6484.226
8972,2023-12-25,7818.049,5968.976
8973,2023-12-26,8344.414,6351.381
8974,2023-12-14,8348.256,9284.15
8975,2023-12-15,8326.444,8020.5225
8976,2023-12-16,8016.1787,7417.024
8977,2023-12-17,7529.787,6958.565
8978,2023-12-18,7555.9595,8353.705
8979,2023-12-19,8174.311,9029.401
8980,2023-12-20,8260.463,7715.9033
8981,2023-12-21,8269.188,6985.078
8982,2023-12-22,8266.462,6366.859
8983,2023-12-23,8039.0806,6166.6035
8984,2023-12-24,7601.219,6484.226
8985,2023-12-25,7595.2217,5968.976
8986,2023-12-26,8268.098,6351.381
8987,2023-12-27,8388.061,6614.7715
8988,2023-12-15,8849.531,8020.5225
8989,2023-12-16,8484.757,7417.024
8990,2023-12-17,8073.63,6958.565
8991,2023-12-18,8159.236,8353.705
8992,2023-12-19,8679.956,9029.401
8993,2023-12-20,8748.115,7715.9033
8994,2023-12-21,8671.778,6985.078
8995,2023-12-22,8611.256,6366.859
8996,2023-12-23,8279.738,6166.6035
8997,2023-12-24,7929.685,6484.226
8998,2023-12-25,8060.5444,5968.976
8999,2023-12-26,8588.901,6351.381
9000,2023-12-27,8630.885,6614.7715
9001,2023-12-28,8604.711,6710.5156
