,date,pred,true
0,2022-03-14 13:00:00,7002.3105,7089.89
1,2022-03-14 14:00:00,7096.3433,7113.7
2,2022-03-14 15:00:00,7390.049,7254.8
3,2022-03-14 16:00:00,7754.0015,7883.82
4,2022-03-14 17:00:00,8302.537,8282.5
5,2022-03-14 18:00:00,8412.273,8429.1
6,2022-03-14 19:00:00,8189.5957,8254.42
7,2022-03-14 20:00:00,7834.821,7893.73
8,2022-03-14 21:00:00,7526.529,7563.59
9,2022-03-14 22:00:00,7333.2104,7377.01
10,2022-03-14 23:00:00,7171.9287,7192.2
11,2022-03-15 00:00:00,7021.28,7075.58
12,2022-03-15 01:00:00,6523.437,6558.09
13,2022-03-15 02:00:00,6168.8125,6182.02
14,2022-03-15 03:00:00,6044.661,6064.02
15,2022-03-15 04:00:00,6150.243,6135.11
16,2022-03-15 05:00:00,6545.013,6547.29
17,2022-03-15 06:00:00,7463.63,7418.06
18,2022-03-15 07:00:00,7825.043,7714.17
19,2022-03-15 08:00:00,7430.6675,7419.11
20,2022-03-15 09:00:00,7119.294,6948.82
21,2022-03-15 10:00:00,6744.663,6640.91
22,2022-03-15 11:00:00,6595.8706,6479.13
23,2022-03-15 12:00:00,6493.5015,6647.94
24,2022-03-15 13:00:00,6680.3506,6513.96
25,2022-03-15 14:00:00,6552.5537,6650.21
26,2022-03-15 15:00:00,6983.621,7107.4
27,2022-03-15 16:00:00,7656.063,7830.3
28,2022-03-15 17:00:00,8254.53,8413.77
29,2022-03-15 18:00:00,8513.437,8532.2
30,2022-03-15 19:00:00,8308.611,8352.96
31,2022-03-15 20:00:00,7918.025,7960.67
32,2022-03-15 21:00:00,7584.234,7506.56
33,2022-03-15 22:00:00,7343.2056,7369.4
34,2022-03-15 23:00:00,7188.9375,7234.5
35,2022-03-16 00:00:00,7126.6465,7138.22
36,2022-03-16 01:00:00,6550.8726,6599.48
37,2022-03-16 02:00:00,6188.47,6277.68
38,2022-03-16 03:00:00,6116.074,6151.41
39,2022-03-16 04:00:00,6226.8794,6326.2
40,2022-03-16 05:00:00,6721.1704,6637.47
41,2022-03-16 06:00:00,7447.38,7583.82
42,2022-03-16 07:00:00,7935.1895,7936.71
43,2022-03-16 08:00:00,7573.5176,7794.02
44,2022-03-16 09:00:00,7388.1807,7695.84
45,2022-03-16 10:00:00,7325.594,7409.84
46,2022-03-16 11:00:00,7208.1274,7180.29
47,2022-03-16 12:00:00,7134.071,7213.01
48,2022-03-16 13:00:00,7168.9893,7201.75
49,2022-03-16 14:00:00,7179.8965,7357.17
50,2022-03-16 15:00:00,7665.361,7635.35
51,2022-03-16 16:00:00,8140.993,8088.11
52,2022-03-16 17:00:00,8609.64,8548.46
53,2022-03-16 18:00:00,8655.202,8663.16
54,2022-03-16 19:00:00,8389.721,8597.6
55,2022-03-16 20:00:00,8136.2983,8148.03
56,2022-03-16 21:00:00,7725.0254,7742.79
57,2022-03-16 22:00:00,7502.494,7560.21
58,2022-03-16 23:00:00,7377.2236,7344.83
59,2022-03-17 00:00:00,7193.0557,7149.18
60,2022-03-17 01:00:00,6584.088,6691.24
61,2022-03-17 02:00:00,6276.797,6287.5
62,2022-03-17 03:00:00,6169.5566,6203.14
63,2022-03-17 04:00:00,6314.587,6283.51
64,2022-03-17 05:00:00,6713.984,6734.86
65,2022-03-17 06:00:00,7580.3257,7629.69
66,2022-03-17 07:00:00,7983.62,7917.33
67,2022-03-17 08:00:00,7727.447,7690.8
68,2022-03-17 09:00:00,7450.3926,7400.96
69,2022-03-17 10:00:00,7146.35,7215.47
70,2022-03-17 11:00:00,7053.5977,7222.7
71,2022-03-17 12:00:00,7184.4424,7116.65
72,2022-03-17 13:00:00,7093.675,7277.62
73,2022-03-17 14:00:00,7373.3843,7598.71
74,2022-03-17 15:00:00,7853.956,8204.71
75,2022-03-17 16:00:00,8608.719,8801.73
76,2022-03-17 17:00:00,9050.178,9170.06
77,2022-03-17 18:00:00,9199.187,9192.49
78,2022-03-17 19:00:00,8912.557,9132.8
79,2022-03-17 20:00:00,8630.784,8651.55
80,2022-03-17 21:00:00,8129.945,8169.1
81,2022-03-17 22:00:00,7906.2524,7884.66
82,2022-03-17 23:00:00,7695.7007,7578.4
83,2022-03-18 00:00:00,7392.7896,7422.68
84,2022-03-18 01:00:00,6833.9355,6951.43
85,2022-03-18 02:00:00,6456.5854,6539.19
86,2022-03-18 03:00:00,6342.696,6407.74
87,2022-03-18 04:00:00,6507.656,6494.8
88,2022-03-18 05:00:00,6829.92,6850.97
89,2022-03-18 06:00:00,7714.8125,7756.56
90,2022-03-18 07:00:00,8135.0537,8188.69
91,2022-03-18 08:00:00,7934.4717,7945.61
92,2022-03-18 09:00:00,7678.587,7742.31
93,2022-03-18 10:00:00,7518.4473,7454.93
94,2022-03-18 11:00:00,7339.9307,7196.99
95,2022-03-18 12:00:00,7167.0757,7312.29
96,2022-03-18 13:00:00,7324.143,7562.15
97,2022-03-18 14:00:00,7742.187,7767.49
98,2022-03-18 15:00:00,8242.189,8464.55
99,2022-03-18 16:00:00,8953.623,8833.74
100,2022-03-18 17:00:00,9164.062,9155.25
101,2022-03-18 18:00:00,9218.324,8817.87
102,2022-03-18 19:00:00,8637.777,8678.63
103,2022-03-18 20:00:00,8242.92,8283.65
104,2022-03-18 21:00:00,7926.092,7834.94
105,2022-03-18 22:00:00,7666.4556,7613.82
106,2022-03-18 23:00:00,7447.6226,7413.81
107,2022-03-19 00:00:00,7257.0063,7186.49
108,2022-03-19 01:00:00,6687.621,6773.86
109,2022-03-19 02:00:00,6439.74,6309.87
110,2022-03-19 03:00:00,6218.154,6205.36
111,2022-03-19 04:00:00,6246.143,6114.73
112,2022-03-19 05:00:00,6277.103,6360.5
113,2022-03-19 06:00:00,6729.996,6763.23
114,2022-03-19 07:00:00,7143.8555,7132.1
115,2022-03-19 08:00:00,7322.2363,7418.74
116,2022-03-19 09:00:00,7365.004,7443.95
117,2022-03-19 10:00:00,7325.4663,7059.03
118,2022-03-19 11:00:00,6921.145,6989.21
119,2022-03-19 12:00:00,6974.4956,6683.68
120,2022-03-19 13:00:00,6639.43,6510.9
121,2022-03-19 14:00:00,6605.9663,6431.63
122,2022-03-19 15:00:00,6724.1064,6659.04
123,2022-03-19 16:00:00,7291.2905,7108.62
124,2022-03-19 17:00:00,7703.824,7773.08
125,2022-03-19 18:00:00,8027.301,7999.51
126,2022-03-19 19:00:00,7941.308,7975.12
127,2022-03-19 20:00:00,7667.4604,7648.55
128,2022-03-19 21:00:00,7351.469,7325.14
129,2022-03-19 22:00:00,7118.595,7144.13
130,2022-03-19 23:00:00,7023.095,6973.46
131,2022-03-20 00:00:00,6884.9917,6813.48
132,2022-03-20 01:00:00,6429.773,6408.71
133,2022-03-20 02:00:00,6091.3013,6059.5
134,2022-03-20 03:00:00,5933.964,5823.03
135,2022-03-20 04:00:00,5802.7,5883.52
136,2022-03-20 05:00:00,5969.76,6057.93
137,2022-03-20 06:00:00,6274.7036,6174.75
138,2022-03-20 07:00:00,6402.3525,6502.42
139,2022-03-20 08:00:00,6665.456,6362.47
140,2022-03-20 09:00:00,6411.4062,5975.42
141,2022-03-20 10:00:00,5927.398,5568.89
142,2022-03-20 11:00:00,5504.4727,5255.6
143,2022-03-20 12:00:00,5192.627,5187.75
144,2022-03-20 13:00:00,5154.049,5188.16
145,2022-03-20 14:00:00,5247.2744,5588.5
146,2022-03-20 15:00:00,6105.3184,6198.9
147,2022-03-20 16:00:00,6768.9795,7124.88
148,2022-03-20 17:00:00,7675.2627,7912.53
149,2022-03-20 18:00:00,8093.0283,8162.55
150,2022-03-20 19:00:00,7988.0093,8124.46
151,2022-03-20 20:00:00,7726.5273,7835.39
152,2022-03-20 21:00:00,7515.2617,7356.02
153,2022-03-20 22:00:00,7152.8857,7134.46
154,2022-03-20 23:00:00,6991.201,6875.97
155,2022-03-21 00:00:00,6712.6055,6665.25
156,2022-03-21 01:00:00,6267.495,6224.58
157,2022-03-21 02:00:00,5926.013,6098.81
158,2022-03-21 03:00:00,5991.94,5941.34
159,2022-03-21 04:00:00,6046.19,6033.74
160,2022-03-21 05:00:00,6467.412,6454.05
161,2022-03-21 06:00:00,7385.553,7397.34
162,2022-03-21 07:00:00,7802.6187,7954.38
163,2022-03-21 08:00:00,7838.074,7713.02
164,2022-03-21 09:00:00,7311.0186,7439.06
165,2022-03-21 10:00:00,7163.8657,7070.64
166,2022-03-21 11:00:00,6937.2764,6944.79
167,2022-03-21 12:00:00,6990.11,6867.59
168,2022-03-21 13:00:00,6865.2725,6842.26
169,2022-03-21 14:00:00,6944.4883,7075.13
170,2022-03-21 15:00:00,7452.076,7384.15
171,2022-03-21 16:00:00,7956.239,7880.64
172,2022-03-21 17:00:00,8407.356,8676.4
173,2022-03-21 18:00:00,8846.145,8865.72
174,2022-03-21 19:00:00,8687.77,8524.53
175,2022-03-21 20:00:00,8073.431,8052.25
176,2022-03-21 21:00:00,7625.858,7573.49
177,2022-03-21 22:00:00,7387.2886,7371.26
178,2022-03-21 23:00:00,7224.959,7186.02
179,2022-03-22 00:00:00,7030.2837,7073.38
180,2022-03-22 01:00:00,6538.0757,6614.41
181,2022-03-22 02:00:00,6269.895,6244.46
182,2022-03-22 03:00:00,6124.677,6147.98
183,2022-03-22 04:00:00,6258.5825,6282.5
184,2022-03-22 05:00:00,6801.455,6655.18
185,2022-03-22 06:00:00,7579.5015,7451.8
186,2022-03-22 07:00:00,7978.1226,7709.88
187,2022-03-22 08:00:00,7501.274,7161.09
188,2022-03-22 09:00:00,6816.951,6754.71
189,2022-03-22 10:00:00,6548.989,6423.99
190,2022-03-22 11:00:00,6313.3223,6359.43
191,2022-03-22 12:00:00,6333.459,6393.15
192,2022-03-22 13:00:00,6386.0454,6627.8
193,2022-03-22 14:00:00,6850.2007,7215.54
194,2022-03-22 15:00:00,7660.1724,8004.6
195,2022-03-22 16:00:00,8577.135,8959.36
196,2022-03-22 17:00:00,9307.669,9528.59
197,2022-03-22 18:00:00,9547.395,9550.95
198,2022-03-22 19:00:00,9307.988,9192.72
199,2022-03-22 20:00:00,8629.122,8685.2
200,2022-03-22 21:00:00,8211.213,8006.17
201,2022-03-22 22:00:00,7693.9526,7745.79
202,2022-03-22 23:00:00,7564.023,7425.69
203,2022-03-23 00:00:00,7244.417,7080.02
204,2022-03-23 01:00:00,6598.675,6702.88
205,2022-03-23 02:00:00,6355.675,6280.2
206,2022-03-23 03:00:00,6169.513,6179.57
207,2022-03-23 04:00:00,6284.698,6340.21
208,2022-03-23 05:00:00,6756.6177,6716.17
209,2022-03-23 06:00:00,7571.213,7613.97
210,2022-03-23 07:00:00,7983.469,8076.58
211,2022-03-23 08:00:00,7759.696,8052.3
212,2022-03-23 09:00:00,7740.6587,7549.54
213,2022-03-23 10:00:00,7259.973,7520.3
214,2022-03-23 11:00:00,7333.8286,7487.41
215,2022-03-23 12:00:00,7394.435,7475.98
216,2022-03-23 13:00:00,7469.3594,7364.15
217,2022-03-23 14:00:00,7524.9546,7456.58
218,2022-03-23 15:00:00,7933.845,7955.03
219,2022-03-23 16:00:00,8630.012,8439.7
220,2022-03-23 17:00:00,8921.73,8769.36
221,2022-03-23 18:00:00,8791.612,8633.46
222,2022-03-23 19:00:00,8382.11,8491.53
223,2022-03-23 20:00:00,8048.2305,7995.71
224,2022-03-23 21:00:00,7614.4624,7583.2
225,2022-03-23 22:00:00,7360.217,7327.12
226,2022-03-23 23:00:00,7152.3013,7195.8
227,2022-03-24 00:00:00,7071.05,7002.22
228,2022-03-24 01:00:00,6516.1045,6657.13
229,2022-03-24 02:00:00,6243.54,6139.65
230,2022-03-24 03:00:00,6075.223,6100.8
231,2022-03-24 04:00:00,6256.699,6166.82
232,2022-03-24 05:00:00,6619.8726,6675.42
233,2022-03-24 06:00:00,7558.7773,7446.47
234,2022-03-24 07:00:00,7803.3643,8047.15
235,2022-03-24 08:00:00,7848.938,8055.43
236,2022-03-24 09:00:00,7618.006,8110.43
237,2022-03-24 10:00:00,7771.976,8192.01
238,2022-03-24 11:00:00,8120.1465,8072.46
239,2022-03-24 12:00:00,8038.1763,7909.33
240,2022-03-24 13:00:00,7834.1006,7725.46
241,2022-03-24 14:00:00,7786.991,7685.39
242,2022-03-24 15:00:00,8029.294,7842.19
243,2022-03-24 16:00:00,8369.144,8130.58
244,2022-03-24 17:00:00,8568.171,8517.9
245,2022-03-24 18:00:00,8623.137,8601.4
246,2022-03-24 19:00:00,8378.294,8410.54
247,2022-03-24 20:00:00,7994.8486,8016.18
248,2022-03-24 21:00:00,7594.025,7495.72
249,2022-03-24 22:00:00,7322.6987,7438.69
250,2022-03-24 23:00:00,7290.524,7327.15
251,2022-03-25 00:00:00,7123.237,7044.93
252,2022-03-25 01:00:00,6544.845,6623.74
253,2022-03-25 02:00:00,6261.5537,6157.47
254,2022-03-25 03:00:00,6065.207,6090.74
255,2022-03-25 04:00:00,6177.009,6166.0
256,2022-03-25 05:00:00,6581.0713,6605.33
257,2022-03-25 06:00:00,7462.0693,7467.63
258,2022-03-25 07:00:00,7934.556,7926.36
259,2022-03-25 08:00:00,7772.908,7930.07
260,2022-03-25 09:00:00,7668.145,7740.48
261,2022-03-25 10:00:00,7537.6504,7500.99
262,2022-03-25 11:00:00,7336.811,7532.03
263,2022-03-25 12:00:00,7485.5254,7193.3
264,2022-03-25 13:00:00,7154.9756,7082.88
265,2022-03-25 14:00:00,7208.5317,7423.75
266,2022-03-25 15:00:00,7832.915,7654.31
267,2022-03-25 16:00:00,8145.858,8002.85
268,2022-03-25 17:00:00,8402.811,8240.05
269,2022-03-25 18:00:00,8378.278,8221.45
270,2022-03-25 19:00:00,8033.6704,7944.9
271,2022-03-25 20:00:00,7632.841,7654.9
272,2022-03-25 21:00:00,7366.4604,7338.95
273,2022-03-25 22:00:00,7180.963,7289.62
274,2022-03-25 23:00:00,7159.5137,7178.07
275,2022-03-26 00:00:00,7009.654,6957.08
276,2022-03-26 01:00:00,6475.917,6512.26
277,2022-03-26 02:00:00,6165.427,6047.35
278,2022-03-26 03:00:00,5921.4126,5864.91
279,2022-03-26 04:00:00,5876.346,5874.48
280,2022-03-26 05:00:00,6037.4287,6093.87
281,2022-03-26 06:00:00,6430.681,6557.56
282,2022-03-26 07:00:00,6912.0474,6952.27
283,2022-03-26 08:00:00,7047.297,7245.95
284,2022-03-26 09:00:00,7133.706,7265.19
285,2022-03-26 10:00:00,7030.2886,7063.87
286,2022-03-26 11:00:00,6873.5767,7068.79
287,2022-03-26 12:00:00,6957.4536,6707.45
288,2022-03-26 13:00:00,6602.484,6608.85
289,2022-03-26 14:00:00,6611.0586,6776.84
290,2022-03-26 15:00:00,7079.9517,6994.65
291,2022-03-26 16:00:00,7428.312,7340.36
292,2022-03-26 17:00:00,7852.1387,7618.7
293,2022-03-26 18:00:00,7846.4883,7768.38
294,2022-03-26 19:00:00,7727.0396,7643.0
295,2022-03-26 20:00:00,7367.334,7332.73
296,2022-03-26 21:00:00,7125.5244,7122.43
297,2022-03-26 22:00:00,7016.244,6949.86
298,2022-03-26 23:00:00,6809.203,6842.28
299,2022-03-27 00:00:00,6713.5557,6649.04
300,2022-03-27 01:00:00,6270.2886,6214.33
301,2022-03-27 02:00:00,5949.848,5852.1
302,2022-03-27 03:00:00,5727.009,5759.84
303,2022-03-27 04:00:00,5738.2627,5714.52
304,2022-03-27 05:00:00,5817.0464,5772.62
305,2022-03-27 06:00:00,5966.4146,6157.22
306,2022-03-27 07:00:00,6416.2993,6499.3
307,2022-03-27 08:00:00,6611.3726,7017.44
308,2022-03-27 09:00:00,6921.645,7028.03
309,2022-03-27 10:00:00,6758.551,7067.26
310,2022-03-27 11:00:00,6841.721,6719.2
311,2022-03-27 12:00:00,6561.609,6852.98
312,2022-03-27 13:00:00,6748.464,6712.43
313,2022-03-27 14:00:00,6686.1245,6771.45
314,2022-03-27 15:00:00,7056.5005,7081.04
315,2022-03-27 16:00:00,7484.805,7640.33
316,2022-03-27 17:00:00,8092.9014,7910.75
317,2022-03-27 18:00:00,8007.6636,8125.2
318,2022-03-27 19:00:00,7952.1934,7942.25
319,2022-03-27 20:00:00,7602.794,7639.02
320,2022-03-27 21:00:00,7341.8745,7284.33
321,2022-03-27 22:00:00,7092.3965,7031.13
322,2022-03-27 23:00:00,6902.9263,6816.69
323,2022-03-28 00:00:00,6674.917,6597.91
324,2022-03-28 01:00:00,6191.5776,6333.74
325,2022-03-28 02:00:00,6006.4106,5910.85
326,2022-03-28 03:00:00,5777.6934,5875.61
327,2022-03-28 04:00:00,5975.0654,6125.21
328,2022-03-28 05:00:00,6632.2026,6528.33
329,2022-03-28 06:00:00,7357.5205,7391.59
330,2022-03-28 07:00:00,7862.504,8060.33
331,2022-03-28 08:00:00,7954.531,7889.84
332,2022-03-28 09:00:00,7532.1333,7582.92
333,2022-03-28 10:00:00,7338.121,7308.02
334,2022-03-28 11:00:00,7194.4463,7366.99
335,2022-03-28 12:00:00,7343.216,7653.0
336,2022-03-28 13:00:00,7636.12,7518.73
337,2022-03-28 14:00:00,7556.549,7885.76
338,2022-03-28 15:00:00,8320.445,8072.55
339,2022-03-28 16:00:00,8493.782,8587.86
340,2022-03-28 17:00:00,8968.617,8871.04
341,2022-03-28 18:00:00,8934.554,8856.83
342,2022-03-28 19:00:00,8584.294,8428.82
343,2022-03-28 20:00:00,8001.457,8083.78
344,2022-03-28 21:00:00,7658.7983,7670.46
345,2022-03-28 22:00:00,7502.335,7510.04
346,2022-03-28 23:00:00,7378.9688,7408.31
347,2022-03-29 00:00:00,7237.8413,7167.77
348,2022-03-29 01:00:00,6733.0923,6753.19
349,2022-03-29 02:00:00,6386.4194,6328.92
350,2022-03-29 03:00:00,6256.993,6154.1
351,2022-03-29 04:00:00,6284.2627,6266.89
352,2022-03-29 05:00:00,6775.0786,6793.09
353,2022-03-29 06:00:00,7704.6206,7662.29
354,2022-03-29 07:00:00,8211.198,8251.28
355,2022-03-29 08:00:00,8118.6733,8461.96
356,2022-03-29 09:00:00,8189.6787,8392.89
357,2022-03-29 10:00:00,8221.498,8243.59
358,2022-03-29 11:00:00,8197.2295,7981.71
359,2022-03-29 12:00:00,7964.475,7946.2
360,2022-03-29 13:00:00,7921.5625,7797.64
361,2022-03-29 14:00:00,7908.0674,7893.47
362,2022-03-29 15:00:00,8247.31,8199.4
363,2022-03-29 16:00:00,8670.074,8515.42
364,2022-03-29 17:00:00,8863.499,8810.93
365,2022-03-29 18:00:00,8897.762,8862.42
366,2022-03-29 19:00:00,8570.675,8485.4
367,2022-03-29 20:00:00,8085.573,8015.26
368,2022-03-29 21:00:00,7654.6436,7663.02
369,2022-03-29 22:00:00,7540.5767,7513.4
370,2022-03-29 23:00:00,7404.6763,7324.82
371,2022-03-30 00:00:00,7192.509,7171.83
372,2022-03-30 01:00:00,6754.4214,6701.36
373,2022-03-30 02:00:00,6310.8296,6255.96
374,2022-03-30 03:00:00,6169.3843,6120.77
375,2022-03-30 04:00:00,6274.135,6198.87
376,2022-03-30 05:00:00,6758.9316,6679.65
377,2022-03-30 06:00:00,7622.0073,7601.39
378,2022-03-30 07:00:00,8199.036,8133.6
379,2022-03-30 08:00:00,8151.317,7921.9
380,2022-03-30 09:00:00,7654.6323,7768.36
381,2022-03-30 10:00:00,7605.726,7596.88
382,2022-03-30 11:00:00,7523.089,7401.28
383,2022-03-30 12:00:00,7360.0645,7440.97
384,2022-03-30 13:00:00,7414.946,7356.05
385,2022-03-30 14:00:00,7498.283,7458.0
386,2022-03-30 15:00:00,7840.5107,7860.95
387,2022-03-30 16:00:00,8349.296,8148.74
388,2022-03-30 17:00:00,8551.791,8662.77
389,2022-03-30 18:00:00,8795.855,8649.93
390,2022-03-30 19:00:00,8402.066,8396.29
391,2022-03-30 20:00:00,8026.6504,7993.36
392,2022-03-30 21:00:00,7605.6177,7584.37
393,2022-03-30 22:00:00,7409.228,7391.57
394,2022-03-30 23:00:00,7276.6816,7294.09
395,2022-03-31 00:00:00,7143.8394,7160.51
396,2022-03-31 01:00:00,6680.0894,6731.85
397,2022-03-31 02:00:00,6262.169,6315.0
398,2022-03-31 03:00:00,6133.2036,6199.6
399,2022-03-31 04:00:00,6249.4814,6298.36
400,2022-03-31 05:00:00,6748.817,6658.82
401,2022-03-31 06:00:00,7531.089,7571.06
402,2022-03-31 07:00:00,8089.8994,7957.06
403,2022-03-31 08:00:00,7923.091,7775.58
404,2022-03-31 09:00:00,7573.0327,7514.07
405,2022-03-31 10:00:00,7367.755,7294.82
406,2022-03-31 11:00:00,7233.996,7529.14
407,2022-03-31 12:00:00,7477.4443,7646.09
408,2022-03-31 13:00:00,7576.649,7467.98
409,2022-03-31 14:00:00,7560.93,7434.48
410,2022-03-31 15:00:00,7798.746,7422.88
411,2022-03-31 16:00:00,7860.806,8075.39
412,2022-03-31 17:00:00,8537.233,8435.99
413,2022-03-31 18:00:00,8536.246,8614.01
414,2022-03-31 19:00:00,8421.985,8423.01
415,2022-03-31 20:00:00,8012.0757,8057.4
416,2022-03-31 21:00:00,7666.9326,7540.68
417,2022-03-31 22:00:00,7345.288,7419.05
418,2022-03-31 23:00:00,7303.0967,7358.0
419,2022-04-01 00:00:00,7196.239,7158.24
420,2022-04-01 01:00:00,6719.035,6639.48
421,2022-04-01 02:00:00,6223.7563,6272.57
422,2022-04-01 03:00:00,6140.7324,6118.24
423,2022-04-01 04:00:00,6223.955,6217.52
424,2022-04-01 05:00:00,6608.415,6745.86
425,2022-04-01 06:00:00,7546.389,7666.38
426,2022-04-01 07:00:00,8084.065,8085.99
427,2022-04-01 08:00:00,7962.041,8064.64
428,2022-04-01 09:00:00,7798.35,7413.69
429,2022-04-01 10:00:00,7249.3843,7447.48
430,2022-04-01 11:00:00,7471.571,7167.69
431,2022-04-01 12:00:00,7102.6274,7027.77
432,2022-04-01 13:00:00,7033.6226,7084.05
433,2022-04-01 14:00:00,7254.315,7192.52
434,2022-04-01 15:00:00,7447.6606,7280.24
435,2022-04-01 16:00:00,7674.0596,7832.34
436,2022-04-01 17:00:00,8256.4375,8308.76
437,2022-04-01 18:00:00,8461.956,8408.31
438,2022-04-01 19:00:00,8252.226,8414.61
439,2022-04-01 20:00:00,8030.7124,7947.5
440,2022-04-01 21:00:00,7595.0596,7655.88
441,2022-04-01 22:00:00,7445.8296,7467.45
442,2022-04-01 23:00:00,7367.047,7299.04
443,2022-04-02 00:00:00,7124.9424,7130.06
444,2022-04-02 01:00:00,6651.4424,6740.89
445,2022-04-02 02:00:00,6283.3276,6146.46
446,2022-04-02 03:00:00,6031.5737,5994.53
447,2022-04-02 04:00:00,5984.3354,6046.15
448,2022-04-02 05:00:00,6125.313,6222.3
449,2022-04-02 06:00:00,6593.575,6670.03
450,2022-04-02 07:00:00,7108.9517,7099.15
451,2022-04-02 08:00:00,7255.04,7300.66
452,2022-04-02 09:00:00,7286.78,7006.89
453,2022-04-02 10:00:00,6815.516,6602.14
454,2022-04-02 11:00:00,6518.591,6219.18
455,2022-04-02 12:00:00,6063.609,6091.51
456,2022-04-02 13:00:00,6016.236,6123.89
457,2022-04-02 14:00:00,6191.7593,6036.16
458,2022-04-02 15:00:00,6228.7007,6479.56
459,2022-04-02 16:00:00,6950.168,6814.61
460,2022-04-02 17:00:00,7379.5312,7537.01
461,2022-04-02 18:00:00,7895.581,7929.43
462,2022-04-02 19:00:00,7879.955,7793.62
463,2022-04-02 20:00:00,7530.6387,7473.58
464,2022-04-02 21:00:00,7216.3364,7158.25
465,2022-04-02 22:00:00,6985.14,7020.48
466,2022-04-02 23:00:00,6902.295,6890.12
467,2022-04-03 00:00:00,6789.6694,6725.72
468,2022-04-03 01:00:00,6354.47,6273.01
469,2022-04-03 02:00:00,5939.017,5921.07
470,2022-04-03 03:00:00,5798.0537,5751.88
471,2022-04-03 04:00:00,5687.8164,5731.99
472,2022-04-03 05:00:00,5789.257,5783.64
473,2022-04-03 06:00:00,5971.181,5976.29
474,2022-04-03 07:00:00,6316.7124,6321.26
475,2022-04-03 08:00:00,6556.5713,6312.83
476,2022-04-03 09:00:00,6211.0425,6026.92
477,2022-04-03 10:00:00,5794.631,5786.3
478,2022-04-03 11:00:00,5588.285,5539.2
479,2022-04-03 12:00:00,5500.4795,5245.5
480,2022-04-03 13:00:00,5215.2812,5359.59
481,2022-04-03 14:00:00,5451.368,5518.6
482,2022-04-03 15:00:00,5826.6006,6228.92
483,2022-04-03 16:00:00,6958.766,6910.1
484,2022-04-03 17:00:00,7566.5566,7615.42
485,2022-04-03 18:00:00,8001.5957,8078.37
486,2022-04-03 19:00:00,7922.447,7997.75
487,2022-04-03 20:00:00,7663.463,7539.22
488,2022-04-03 21:00:00,7260.877,7236.07
489,2022-04-03 22:00:00,7032.1714,6850.37
490,2022-04-03 23:00:00,6730.5493,6697.86
491,2022-04-04 00:00:00,6566.049,6537.88
492,2022-04-04 01:00:00,6167.214,6407.46
493,2022-04-04 02:00:00,6059.245,6112.13
494,2022-04-04 03:00:00,5892.9443,5820.03
495,2022-04-04 04:00:00,5838.7417,5798.44
496,2022-04-04 05:00:00,6015.1323,6049.25
497,2022-04-04 06:00:00,6771.649,6628.52
498,2022-04-04 07:00:00,7398.5176,7343.76
499,2022-04-04 08:00:00,7584.502,7262.27
500,2022-04-04 09:00:00,6885.9907,6939.65
501,2022-04-04 10:00:00,6627.695,6511.25
502,2022-04-04 11:00:00,6340.4375,6191.83
503,2022-04-04 12:00:00,6114.1,6026.26
504,2022-04-04 13:00:00,6043.0874,6223.15
505,2022-04-04 14:00:00,6419.1543,6368.1
506,2022-04-04 15:00:00,6761.5127,7186.78
507,2022-04-04 16:00:00,7836.976,7737.12
508,2022-04-04 17:00:00,8315.415,8475.35
509,2022-04-04 18:00:00,8703.439,8839.13
510,2022-04-04 19:00:00,8598.443,8697.67
511,2022-04-04 20:00:00,8166.232,8144.5
512,2022-04-04 21:00:00,7634.0986,7682.22
513,2022-04-04 22:00:00,7416.0137,7350.25
514,2022-04-04 23:00:00,7163.183,7202.54
515,2022-04-05 00:00:00,7076.523,7176.18
516,2022-04-05 01:00:00,6847.404,6917.05
517,2022-04-05 02:00:00,6412.333,6496.18
518,2022-04-05 03:00:00,6170.814,6194.4
519,2022-04-05 04:00:00,6203.4326,5989.51
520,2022-04-05 05:00:00,6209.7812,6337.4
521,2022-04-05 06:00:00,7159.0913,6801.49
522,2022-04-05 07:00:00,7553.6113,7470.15
523,2022-04-05 08:00:00,7608.2056,7154.09
524,2022-04-05 09:00:00,6765.642,6595.08
525,2022-04-05 10:00:00,6314.944,6320.02
526,2022-04-05 11:00:00,6076.2812,6077.4
527,2022-04-05 12:00:00,6016.976,6138.86
528,2022-04-05 13:00:00,6225.1587,6335.01
529,2022-04-05 14:00:00,6749.1846,6646.22
530,2022-04-05 15:00:00,7279.4644,7172.49
531,2022-04-05 16:00:00,7820.069,7922.24
532,2022-04-05 17:00:00,8627.129,8560.43
533,2022-04-05 18:00:00,8812.079,8946.39
534,2022-04-05 19:00:00,8744.41,8759.19
535,2022-04-05 20:00:00,8194.945,8136.83
536,2022-04-05 21:00:00,7632.55,7705.87
537,2022-04-05 22:00:00,7382.3267,7337.74
538,2022-04-05 23:00:00,7168.668,7228.05
539,2022-04-06 00:00:00,7090.8506,7141.91
540,2022-04-06 01:00:00,6906.391,6849.41
541,2022-04-06 02:00:00,6385.585,6438.7
542,2022-04-06 03:00:00,6127.948,6107.56
543,2022-04-06 04:00:00,6051.0913,5952.23
544,2022-04-06 05:00:00,6252.2812,6183.63
545,2022-04-06 06:00:00,6792.2827,6624.42
546,2022-04-06 07:00:00,7354.2227,7445.64
547,2022-04-06 08:00:00,7463.18,7677.47
548,2022-04-06 09:00:00,7243.4546,7472.22
549,2022-04-06 10:00:00,7078.3223,7395.77
550,2022-04-06 11:00:00,7219.2744,7402.85
551,2022-04-06 12:00:00,7343.085,7392.45
552,2022-04-06 13:00:00,7306.4985,7448.09
553,2022-04-06 14:00:00,7432.1807,7517.51
554,2022-04-06 15:00:00,7750.7295,7669.65
555,2022-04-06 16:00:00,8199.794,8047.73
556,2022-04-06 17:00:00,8581.607,8515.29
557,2022-04-06 18:00:00,8796.187,8901.26
558,2022-04-06 19:00:00,8694.142,8613.37
559,2022-04-06 20:00:00,8087.6274,8027.39
560,2022-04-06 21:00:00,7548.9434,7743.96
561,2022-04-06 22:00:00,7435.3545,7325.32
562,2022-04-06 23:00:00,7193.695,7235.35
563,2022-04-07 00:00:00,7116.997,7144.95
564,2022-04-07 01:00:00,6845.547,7042.87
565,2022-04-07 02:00:00,6486.7544,6540.39
566,2022-04-07 03:00:00,6139.426,6287.85
567,2022-04-07 04:00:00,6212.436,6098.61
568,2022-04-07 05:00:00,6284.7344,6347.55
569,2022-04-07 06:00:00,6803.3364,6783.61
570,2022-04-07 07:00:00,7495.3306,7581.0
571,2022-04-07 08:00:00,7735.0845,8023.88
572,2022-04-07 09:00:00,7735.8545,8020.53
573,2022-04-07 10:00:00,7636.9355,8046.19
574,2022-04-07 11:00:00,7817.035,8232.68
575,2022-04-07 12:00:00,8070.5283,8059.76
576,2022-04-07 13:00:00,7900.402,8041.5
577,2022-04-07 14:00:00,7995.5244,8198.19
578,2022-04-07 15:00:00,8218.071,8146.26
579,2022-04-07 16:00:00,8317.834,8492.77
580,2022-04-07 17:00:00,8779.919,8941.54
581,2022-04-07 18:00:00,9045.938,9249.12
582,2022-04-07 19:00:00,8963.215,9046.94
583,2022-04-07 20:00:00,8508.793,8512.57
584,2022-04-07 21:00:00,7970.02,8108.21
585,2022-04-07 22:00:00,7717.513,7700.76
586,2022-04-07 23:00:00,7513.4355,7524.19
587,2022-04-08 00:00:00,7330.681,7322.56
588,2022-04-08 01:00:00,7096.477,7115.02
589,2022-04-08 02:00:00,6604.728,6615.03
590,2022-04-08 03:00:00,6268.248,6297.08
591,2022-04-08 04:00:00,6224.189,6153.92
592,2022-04-08 05:00:00,6377.4814,6299.42
593,2022-04-08 06:00:00,6804.089,6747.93
594,2022-04-08 07:00:00,7516.2144,7614.21
595,2022-04-08 08:00:00,7986.785,7908.32
596,2022-04-08 09:00:00,7775.3413,7835.8
597,2022-04-08 10:00:00,7624.0176,7786.12
598,2022-04-08 11:00:00,7658.928,7442.99
599,2022-04-08 12:00:00,7297.2427,7282.02
600,2022-04-08 13:00:00,7220.283,7292.37
601,2022-04-08 14:00:00,7315.5786,7411.71
602,2022-04-08 15:00:00,7585.4473,7572.61
603,2022-04-08 16:00:00,7943.797,7943.63
604,2022-04-08 17:00:00,8407.892,8496.03
605,2022-04-08 18:00:00,8722.072,8901.67
606,2022-04-08 19:00:00,8741.93,8527.55
607,2022-04-08 20:00:00,8097.3623,8057.51
608,2022-04-08 21:00:00,7665.6855,7756.27
609,2022-04-08 22:00:00,7467.4775,7467.78
610,2022-04-08 23:00:00,7322.4434,7387.24
611,2022-04-09 00:00:00,7216.8027,7292.0
612,2022-04-09 01:00:00,6973.958,6950.46
613,2022-04-09 02:00:00,6405.5654,6573.07
614,2022-04-09 03:00:00,6188.629,6116.38
615,2022-04-09 04:00:00,5990.5044,6022.65
616,2022-04-09 05:00:00,6086.3486,6079.83
617,2022-04-09 06:00:00,6308.832,6312.66
618,2022-04-09 07:00:00,6738.1577,6534.11
619,2022-04-09 08:00:00,6916.85,6903.07
620,2022-04-09 09:00:00,7018.355,7027.85
621,2022-04-09 10:00:00,6842.2437,7001.53
622,2022-04-09 11:00:00,6747.8076,6814.33
623,2022-04-09 12:00:00,6621.453,6736.55
624,2022-04-09 13:00:00,6573.8994,6694.9
625,2022-04-09 14:00:00,6694.0586,6636.54
626,2022-04-09 15:00:00,6749.9062,7071.05
627,2022-04-09 16:00:00,7402.0786,7266.69
628,2022-04-09 17:00:00,7694.313,7896.49
629,2022-04-09 18:00:00,8197.867,8289.47
630,2022-04-09 19:00:00,8177.311,8063.42
631,2022-04-09 20:00:00,7683.116,7750.46
632,2022-04-09 21:00:00,7420.5566,7438.69
633,2022-04-09 22:00:00,7212.1367,7232.25
634,2022-04-09 23:00:00,7118.334,7078.68
635,2022-04-10 00:00:00,6986.6763,6941.49
636,2022-04-10 01:00:00,6650.448,6670.48
637,2022-04-10 02:00:00,6212.5444,6290.09
638,2022-04-10 03:00:00,6010.0786,5964.86
639,2022-04-10 04:00:00,5865.53,5885.88
640,2022-04-10 05:00:00,5837.8745,5875.85
641,2022-04-10 06:00:00,5956.6533,6124.26
642,2022-04-10 07:00:00,6435.4463,6277.03
643,2022-04-10 08:00:00,6539.9194,6243.24
644,2022-04-10 09:00:00,6200.7617,6211.9
645,2022-04-10 10:00:00,6087.3687,6055.75
646,2022-04-10 11:00:00,5824.785,6080.49
647,2022-04-10 12:00:00,5901.2764,5879.24
648,2022-04-10 13:00:00,5802.993,5941.13
649,2022-04-10 14:00:00,6010.4487,6087.75
650,2022-04-10 15:00:00,6485.8066,6336.07
651,2022-04-10 16:00:00,6916.614,7141.58
652,2022-04-10 17:00:00,7749.8066,7934.41
653,2022-04-10 18:00:00,8368.271,8337.48
654,2022-04-10 19:00:00,8112.114,8190.76
655,2022-04-10 20:00:00,7772.783,7842.54
656,2022-04-10 21:00:00,7466.253,7500.39
657,2022-04-10 22:00:00,7227.013,7142.19
658,2022-04-10 23:00:00,7034.841,6970.39
659,2022-04-11 00:00:00,6870.24,6917.27
660,2022-04-11 01:00:00,6688.413,6711.61
661,2022-04-11 02:00:00,6303.8564,6346.74
662,2022-04-11 03:00:00,6051.6177,6059.09
663,2022-04-11 04:00:00,5977.779,5943.39
664,2022-04-11 05:00:00,6125.6387,6254.58
665,2022-04-11 06:00:00,6792.945,6588.37
666,2022-04-11 07:00:00,7355.641,7235.18
667,2022-04-11 08:00:00,7439.994,7275.44
668,2022-04-11 09:00:00,6880.5493,7013.92
669,2022-04-11 10:00:00,6616.1855,6753.78
670,2022-04-11 11:00:00,6581.871,6532.65
671,2022-04-11 12:00:00,6436.7183,6603.96
672,2022-04-11 13:00:00,6668.707,6962.39
673,2022-04-11 14:00:00,7140.688,7411.91
674,2022-04-11 15:00:00,7831.155,7917.6
675,2022-04-11 16:00:00,8428.251,8364.6
676,2022-04-11 17:00:00,8858.482,8992.51
677,2022-04-11 18:00:00,9387.091,9324.49
678,2022-04-11 19:00:00,9120.651,8887.45
679,2022-04-11 20:00:00,8309.6,8291.24
680,2022-04-11 21:00:00,7869.939,7950.76
681,2022-04-11 22:00:00,7611.4927,7486.42
682,2022-04-11 23:00:00,7350.9785,7424.28
683,2022-04-12 00:00:00,7328.746,7224.11
684,2022-04-12 01:00:00,7016.739,7028.78
685,2022-04-12 02:00:00,6547.4985,6577.63
686,2022-04-12 03:00:00,6266.5044,6213.54
687,2022-04-12 04:00:00,6121.5527,6146.26
688,2022-04-12 05:00:00,6411.9985,6285.21
689,2022-04-12 06:00:00,6785.3794,6654.46
690,2022-04-12 07:00:00,7474.7607,7293.51
691,2022-04-12 08:00:00,7468.091,7215.27
692,2022-04-12 09:00:00,6840.1426,7113.05
693,2022-04-12 10:00:00,6785.9673,7079.91
694,2022-04-12 11:00:00,6952.299,7152.84
695,2022-04-12 12:00:00,7152.424,7025.51
696,2022-04-12 13:00:00,7097.132,6718.37
697,2022-04-12 14:00:00,6815.7383,6832.71
698,2022-04-12 15:00:00,7234.4146,7362.3
699,2022-04-12 16:00:00,8020.8184,7893.1
700,2022-04-12 17:00:00,8525.494,8516.6
701,2022-04-12 18:00:00,8942.187,9058.88
702,2022-04-12 19:00:00,8917.765,8687.08
703,2022-04-12 20:00:00,8118.7627,8170.76
704,2022-04-12 21:00:00,7769.8423,7820.38
705,2022-04-12 22:00:00,7471.502,7206.11
706,2022-04-12 23:00:00,7137.16,7159.44
707,2022-04-13 00:00:00,7112.1543,7383.87
708,2022-04-13 01:00:00,7127.7256,7075.28
709,2022-04-13 02:00:00,6522.66,6588.89
710,2022-04-13 03:00:00,6191.7886,6230.07
711,2022-04-13 04:00:00,6155.0376,6086.38
712,2022-04-13 05:00:00,6302.181,6306.53
713,2022-04-13 06:00:00,6750.2905,6669.91
714,2022-04-13 07:00:00,7397.652,7262.99
715,2022-04-13 08:00:00,7380.922,7460.94
716,2022-04-13 09:00:00,7274.7783,7251.83
717,2022-04-13 10:00:00,7060.43,7063.23
718,2022-04-13 11:00:00,6953.9243,6966.09
719,2022-04-13 12:00:00,6988.7637,6960.33
720,2022-04-13 13:00:00,6990.996,7053.79
721,2022-04-13 14:00:00,7231.5737,7206.58
722,2022-04-13 15:00:00,7496.642,7379.58
723,2022-04-13 16:00:00,7864.828,7852.27
724,2022-04-13 17:00:00,8446.834,8486.94
725,2022-04-13 18:00:00,8887.497,8990.41
726,2022-04-13 19:00:00,8674.859,8660.85
727,2022-04-13 20:00:00,8058.578,8208.45
728,2022-04-13 21:00:00,7797.774,7849.66
729,2022-04-13 22:00:00,7427.1455,7526.24
730,2022-04-13 23:00:00,7332.385,7481.84
731,2022-04-14 00:00:00,7329.8564,7380.02
732,2022-04-14 01:00:00,7101.466,7191.68
733,2022-04-14 02:00:00,6597.3096,6770.05
734,2022-04-14 03:00:00,6300.663,6358.79
735,2022-04-14 04:00:00,6187.4907,6215.45
736,2022-04-14 05:00:00,6415.641,6304.55
737,2022-04-14 06:00:00,6716.91,6936.79
738,2022-04-14 07:00:00,7549.9087,7414.62
739,2022-04-14 08:00:00,7503.3027,7385.44
740,2022-04-14 09:00:00,7233.359,7086.39
741,2022-04-14 10:00:00,6970.8496,6815.92
742,2022-04-14 11:00:00,6761.618,6776.59
743,2022-04-14 12:00:00,6789.8364,6700.93
744,2022-04-14 13:00:00,6786.054,6584.81
745,2022-04-14 14:00:00,6749.3823,6484.65
746,2022-04-14 15:00:00,6805.8086,6937.18
747,2022-04-14 16:00:00,7472.1367,7606.11
748,2022-04-14 17:00:00,8291.258,8302.67
749,2022-04-14 18:00:00,8694.59,8745.03
750,2022-04-14 19:00:00,8454.223,8506.99
751,2022-04-14 20:00:00,8025.2383,8052.35
752,2022-04-14 21:00:00,7677.531,7781.11
753,2022-04-14 22:00:00,7455.504,7471.57
754,2022-04-14 23:00:00,7321.7954,7395.38
755,2022-04-15 00:00:00,7291.8237,7253.22
756,2022-04-15 01:00:00,7011.4736,6945.49
757,2022-04-15 02:00:00,6469.456,6480.82
758,2022-04-15 03:00:00,6181.587,6118.61
759,2022-04-15 04:00:00,6042.0933,5921.46
760,2022-04-15 05:00:00,6102.4917,5931.23
761,2022-04-15 06:00:00,6252.819,6230.16
762,2022-04-15 07:00:00,6799.514,6239.53
763,2022-04-15 08:00:00,6428.6206,6104.26
764,2022-04-15 09:00:00,6069.7754,5797.95
765,2022-04-15 10:00:00,5692.331,5480.65
766,2022-04-15 11:00:00,5363.7207,5276.25
767,2022-04-15 12:00:00,5172.462,5237.61
768,2022-04-15 13:00:00,5335.913,5261.97
769,2022-04-15 14:00:00,5409.733,5423.89
770,2022-04-15 15:00:00,5752.7637,5930.29
771,2022-04-15 16:00:00,6635.815,6728.35
772,2022-04-15 17:00:00,7516.9014,7326.53
773,2022-04-15 18:00:00,7809.214,7931.91
774,2022-04-15 19:00:00,7811.181,7701.52
775,2022-04-15 20:00:00,7459.4814,7263.58
776,2022-04-15 21:00:00,6973.5605,7047.39
777,2022-04-15 22:00:00,6835.2964,6906.07
778,2022-04-15 23:00:00,6793.8765,6938.19
779,2022-04-16 00:00:00,6870.2944,6889.85
780,2022-04-16 01:00:00,6638.726,6685.76
781,2022-04-16 02:00:00,6234.8813,6259.64
782,2022-04-16 03:00:00,5948.245,5910.92
783,2022-04-16 04:00:00,5819.625,5768.09
784,2022-04-16 05:00:00,5750.071,5884.75
785,2022-04-16 06:00:00,6106.63,6049.46
786,2022-04-16 07:00:00,6307.7485,6295.47
787,2022-04-16 08:00:00,6358.583,6090.89
788,2022-04-16 09:00:00,5854.058,6019.49
789,2022-04-16 10:00:00,5794.128,5688.2
790,2022-04-16 11:00:00,5473.817,5422.63
791,2022-04-16 12:00:00,5311.4707,5393.8
792,2022-04-16 13:00:00,5398.1445,5685.53
793,2022-04-16 14:00:00,5910.197,5848.97
794,2022-04-16 15:00:00,6327.987,6329.03
795,2022-04-16 16:00:00,7018.219,6820.22
796,2022-04-16 17:00:00,7512.0337,7464.11
797,2022-04-16 18:00:00,8026.9717,7999.25
798,2022-04-16 19:00:00,7770.652,7675.72
799,2022-04-16 20:00:00,7307.937,7396.31
800,2022-04-16 21:00:00,7103.1694,7228.07
801,2022-04-16 22:00:00,7007.038,7015.89
802,2022-04-16 23:00:00,6935.277,6908.84
803,2022-04-17 00:00:00,6850.3354,6765.74
804,2022-04-17 01:00:00,6531.1265,6483.87
805,2022-04-17 02:00:00,6138.357,6124.67
806,2022-04-17 03:00:00,5845.4136,5851.2
807,2022-04-17 04:00:00,5784.016,5658.93
808,2022-04-17 05:00:00,5663.8345,5825.59
809,2022-04-17 06:00:00,6084.775,5952.01
810,2022-04-17 07:00:00,6148.3613,6142.02
811,2022-04-17 08:00:00,6146.658,6100.97
812,2022-04-17 09:00:00,5891.596,5869.47
813,2022-04-17 10:00:00,5584.747,5317.27
814,2022-04-17 11:00:00,5176.9893,5190.54
815,2022-04-17 12:00:00,5199.6543,5120.92
816,2022-04-17 13:00:00,5192.5483,5011.42
817,2022-04-17 14:00:00,5175.82,5134.54
818,2022-04-17 15:00:00,5470.4604,5606.5
819,2022-04-17 16:00:00,6285.787,6428.18
820,2022-04-17 17:00:00,7169.5664,7181.67
821,2022-04-17 18:00:00,7806.658,7716.62
822,2022-04-17 19:00:00,7520.873,7602.37
823,2022-04-17 20:00:00,7243.2656,7320.02
824,2022-04-17 21:00:00,7069.0083,7087.98
825,2022-04-17 22:00:00,6878.3687,6890.16
826,2022-04-17 23:00:00,6788.9004,6771.75
827,2022-04-18 00:00:00,6724.71,6612.78
828,2022-04-18 01:00:00,6428.819,6469.6
829,2022-04-18 02:00:00,6093.8345,6076.17
830,2022-04-18 03:00:00,5813.8745,5730.64
831,2022-04-18 04:00:00,5596.953,5723.46
832,2022-04-18 05:00:00,5883.223,5747.52
833,2022-04-18 06:00:00,6031.5215,5987.04
834,2022-04-18 07:00:00,6247.0674,6117.15
835,2022-04-18 08:00:00,6049.9346,5921.19
836,2022-04-18 09:00:00,5687.676,5670.8
837,2022-04-18 10:00:00,5319.8574,5444.38
838,2022-04-18 11:00:00,5281.253,5295.36
839,2022-04-18 12:00:00,5257.5566,5417.4
840,2022-04-18 13:00:00,5581.072,5553.56
841,2022-04-18 14:00:00,5822.5225,5813.76
842,2022-04-18 15:00:00,6310.3506,6443.91
843,2022-04-18 16:00:00,7077.7593,7106.4
844,2022-04-18 17:00:00,7764.872,7762.97
845,2022-04-18 18:00:00,8154.1943,8395.4
846,2022-04-18 19:00:00,8004.652,8073.69
847,2022-04-18 20:00:00,7634.206,7573.98
848,2022-04-18 21:00:00,7243.8813,7294.02
849,2022-04-18 22:00:00,7073.785,6994.43
850,2022-04-18 23:00:00,6899.8477,7052.91
851,2022-04-19 00:00:00,6900.498,6988.34
852,2022-04-19 01:00:00,6756.4736,6713.29
853,2022-04-19 02:00:00,6230.317,6365.26
854,2022-04-19 03:00:00,6045.373,5933.22
855,2022-04-19 04:00:00,5825.4976,5856.89
856,2022-04-19 05:00:00,5970.2725,6019.55
857,2022-04-19 06:00:00,6257.936,6405.72
858,2022-04-19 07:00:00,6716.7905,6942.04
859,2022-04-19 08:00:00,6854.858,7052.55
860,2022-04-19 09:00:00,6857.2217,6894.61
861,2022-04-19 10:00:00,6626.6177,6550.41
862,2022-04-19 11:00:00,6365.1465,6365.38
863,2022-04-19 12:00:00,6306.1143,6335.23
864,2022-04-19 13:00:00,6488.0654,6584.69
865,2022-04-19 14:00:00,6809.4917,6719.21
866,2022-04-19 15:00:00,7099.9937,7642.85
867,2022-04-19 16:00:00,8184.6035,8334.17
868,2022-04-19 17:00:00,8891.124,8805.25
869,2022-04-19 18:00:00,9004.188,9166.55
870,2022-04-19 19:00:00,8773.041,8793.03
871,2022-04-19 20:00:00,8265.128,8329.88
872,2022-04-19 21:00:00,7856.297,7827.73
873,2022-04-19 22:00:00,7495.734,7321.26
874,2022-04-19 23:00:00,7226.438,7356.2
875,2022-04-20 00:00:00,7245.925,7104.54
876,2022-04-20 01:00:00,6924.044,6827.28
877,2022-04-20 02:00:00,6382.0737,6459.45
878,2022-04-20 03:00:00,6090.6123,5950.34
879,2022-04-20 04:00:00,5848.2725,5827.11
880,2022-04-20 05:00:00,6028.5527,6006.99
881,2022-04-20 06:00:00,6468.9473,6476.15
882,2022-04-20 07:00:00,7091.2515,7056.28
883,2022-04-20 08:00:00,7209.064,6906.63
884,2022-04-20 09:00:00,6623.555,6593.09
885,2022-04-20 10:00:00,6351.7114,6112.79
886,2022-04-20 11:00:00,5985.169,5889.08
887,2022-04-20 12:00:00,5850.003,5781.83
888,2022-04-20 13:00:00,5924.9346,5918.56
889,2022-04-20 14:00:00,6244.0586,6230.48
890,2022-04-20 15:00:00,6847.235,6698.0
891,2022-04-20 16:00:00,7437.4805,7362.61
892,2022-04-20 17:00:00,8064.662,8231.59
893,2022-04-20 18:00:00,8647.882,8817.92
894,2022-04-20 19:00:00,8457.556,8508.01
895,2022-04-20 20:00:00,7951.649,8100.2
896,2022-04-20 21:00:00,7665.635,7757.59
897,2022-04-20 22:00:00,7366.641,7398.73
898,2022-04-20 23:00:00,7267.7715,7295.4
899,2022-04-21 00:00:00,7165.323,7231.77
900,2022-04-21 01:00:00,6960.938,6973.79
901,2022-04-21 02:00:00,6492.6206,6565.36
902,2022-04-21 03:00:00,6135.5176,6187.69
903,2022-04-21 04:00:00,6004.4546,6096.44
904,2022-04-21 05:00:00,6253.6606,6272.65
905,2022-04-21 06:00:00,6667.2407,6742.83
906,2022-04-21 07:00:00,7326.8926,7289.45
907,2022-04-21 08:00:00,7220.2437,7208.77
908,2022-04-21 09:00:00,6875.294,6854.03
909,2022-04-21 10:00:00,6521.241,6408.86
910,2022-04-21 11:00:00,6189.1626,6103.65
911,2022-04-21 12:00:00,6003.3945,6190.82
912,2022-04-21 13:00:00,6390.817,6832.37
913,2022-04-21 14:00:00,7165.342,7056.01
914,2022-04-21 15:00:00,7599.553,7367.14
915,2022-04-21 16:00:00,8022.706,7858.99
916,2022-04-21 17:00:00,8504.719,8391.24
917,2022-04-21 18:00:00,8867.233,8962.03
918,2022-04-21 19:00:00,8611.813,8667.25
919,2022-04-21 20:00:00,8187.643,8267.74
920,2022-04-21 21:00:00,7814.945,7907.63
921,2022-04-21 22:00:00,7538.744,7597.67
922,2022-04-21 23:00:00,7430.2705,7430.72
923,2022-04-22 00:00:00,7331.7373,7337.32
924,2022-04-22 01:00:00,7114.6934,7014.73
925,2022-04-22 02:00:00,6543.496,6596.02
926,2022-04-22 03:00:00,6193.7476,6359.07
927,2022-04-22 04:00:00,6189.1523,6121.14
928,2022-04-22 05:00:00,6241.6235,6297.73
929,2022-04-22 06:00:00,6707.3623,6669.88
930,2022-04-22 07:00:00,7095.9688,7419.93
931,2022-04-22 08:00:00,7428.786,7412.27
932,2022-04-22 09:00:00,7083.2876,7658.75
933,2022-04-22 10:00:00,7329.0283,7283.1
934,2022-04-22 11:00:00,6971.5605,7148.0
935,2022-04-22 12:00:00,7064.7593,7162.59
936,2022-04-22 13:00:00,7231.1206,7372.83
937,2022-04-22 14:00:00,7495.3174,7492.87
938,2022-04-22 15:00:00,7781.4487,7610.27
939,2022-04-22 16:00:00,8155.0093,7878.41
940,2022-04-22 17:00:00,8494.829,8507.31
941,2022-04-22 18:00:00,8973.091,8906.34
942,2022-04-22 19:00:00,8647.032,8611.39
943,2022-04-22 20:00:00,8187.2886,8164.08
944,2022-04-22 21:00:00,7797.838,7788.57
945,2022-04-22 22:00:00,7511.95,7561.98
946,2022-04-22 23:00:00,7418.277,7497.72
947,2022-04-23 00:00:00,7376.121,7425.56
948,2022-04-23 01:00:00,7129.422,7195.92
949,2022-04-23 02:00:00,6677.206,6621.47
950,2022-04-23 03:00:00,6229.737,6186.51
951,2022-04-23 04:00:00,6079.274,6053.6
952,2022-04-23 05:00:00,6187.2207,6013.19
953,2022-04-23 06:00:00,6220.735,6296.09
954,2022-04-23 07:00:00,6696.783,6714.65
955,2022-04-23 08:00:00,7001.735,6810.55
956,2022-04-23 09:00:00,6731.4233,6817.91
957,2022-04-23 10:00:00,6610.7944,6461.48
958,2022-04-23 11:00:00,6223.9473,6284.96
959,2022-04-23 12:00:00,6202.957,6117.23
960,2022-04-23 13:00:00,6142.6826,6022.94
961,2022-04-23 14:00:00,6155.134,6169.38
962,2022-04-23 15:00:00,6542.177,6579.95
963,2022-04-23 16:00:00,7147.0474,7131.79
964,2022-04-23 17:00:00,7816.97,7723.33
965,2022-04-23 18:00:00,8194.162,8243.14
966,2022-04-23 19:00:00,7960.875,8016.71
967,2022-04-23 20:00:00,7668.7993,7774.59
968,2022-04-23 21:00:00,7478.688,7446.85
969,2022-04-23 22:00:00,7253.826,7221.5
970,2022-04-23 23:00:00,7130.58,7184.11
971,2022-04-24 00:00:00,7088.3833,7000.32
972,2022-04-24 01:00:00,6744.5474,6735.18
973,2022-04-24 02:00:00,6316.8545,6364.83
974,2022-04-24 03:00:00,6023.9443,5990.61
975,2022-04-24 04:00:00,5882.57,5852.79
976,2022-04-24 05:00:00,5861.4683,5905.87
977,2022-04-24 06:00:00,5992.0137,6135.51
978,2022-04-24 07:00:00,6332.9487,6381.12
979,2022-04-24 08:00:00,6401.134,6304.17
980,2022-04-24 09:00:00,6088.241,6195.75
981,2022-04-24 10:00:00,5927.949,5979.65
982,2022-04-24 11:00:00,5791.4233,5716.86
983,2022-04-24 12:00:00,5588.223,5591.13
984,2022-04-24 13:00:00,5568.5596,5722.52
985,2022-04-24 14:00:00,5917.933,5773.5
986,2022-04-24 15:00:00,6167.275,6147.67
987,2022-04-24 16:00:00,6830.0254,6815.34
988,2022-04-24 17:00:00,7530.97,7508.59
989,2022-04-24 18:00:00,8118.166,8188.73
990,2022-04-24 19:00:00,7896.188,7991.96
991,2022-04-24 20:00:00,7626.8525,7596.72
992,2022-04-24 21:00:00,7303.5864,7405.93
993,2022-04-24 22:00:00,7168.1636,7174.05
994,2022-04-24 23:00:00,7089.834,7003.42
995,2022-04-25 00:00:00,6900.831,6904.72
996,2022-04-25 01:00:00,6700.017,6592.87
997,2022-04-25 02:00:00,6198.0327,6186.39
998,2022-04-25 03:00:00,5917.1475,5921.09
999,2022-04-25 04:00:00,5799.3525,5765.86
1000,2022-04-25 05:00:00,5884.1357,5954.78
1001,2022-04-25 06:00:00,6243.2827,6194.22
1002,2022-04-25 07:00:00,6455.264,6329.41
1003,2022-04-25 08:00:00,6244.056,6455.86
1004,2022-04-25 09:00:00,6191.663,6619.1
1005,2022-04-25 10:00:00,6321.1265,6293.72
1006,2022-04-25 11:00:00,6046.3345,6101.41
1007,2022-04-25 12:00:00,5991.9873,5991.38
1008,2022-04-25 13:00:00,6092.225,6348.92
1009,2022-04-25 14:00:00,6661.0156,6277.43
1010,2022-04-25 15:00:00,6740.804,6656.87
1011,2022-04-25 16:00:00,7284.061,7207.97
1012,2022-04-25 17:00:00,7961.1694,7820.12
1013,2022-04-25 18:00:00,8438.12,8513.08
1014,2022-04-25 19:00:00,8219.822,8147.93
1015,2022-04-25 20:00:00,7719.56,7740.81
1016,2022-04-25 21:00:00,7405.0664,7455.89
1017,2022-04-25 22:00:00,7224.334,7234.75
1018,2022-04-25 23:00:00,7121.3237,7212.77
1019,2022-04-26 00:00:00,7066.9443,7118.84
1020,2022-04-26 01:00:00,6863.438,6899.38
1021,2022-04-26 02:00:00,6442.165,6531.29
1022,2022-04-26 03:00:00,6129.7837,6092.76
1023,2022-04-26 04:00:00,5965.9414,5897.1
1024,2022-04-26 05:00:00,5991.9014,6160.82
1025,2022-04-26 06:00:00,6500.2817,6696.75
1026,2022-04-26 07:00:00,7216.7227,7502.86
1027,2022-04-26 08:00:00,7576.1733,7889.89
1028,2022-04-26 09:00:00,7696.983,7796.43
1029,2022-04-26 10:00:00,7533.458,7637.67
1030,2022-04-26 11:00:00,7478.996,7495.81
1031,2022-04-26 12:00:00,7429.9575,7462.07
1032,2022-04-26 13:00:00,7565.2876,7405.33
1033,2022-04-26 14:00:00,7448.5645,7652.93
1034,2022-04-26 15:00:00,7887.3823,7720.03
1035,2022-04-26 16:00:00,8108.0127,8190.22
1036,2022-04-26 17:00:00,8742.046,8766.61
1037,2022-04-26 18:00:00,9174.543,9377.8
1038,2022-04-26 19:00:00,8956.764,8919.58
1039,2022-04-26 20:00:00,8406.862,8324.26
1040,2022-04-26 21:00:00,7906.107,7930.25
1041,2022-04-26 22:00:00,7605.342,7555.47
1042,2022-04-26 23:00:00,7427.537,7339.7
1043,2022-04-27 00:00:00,7272.3525,7351.73
1044,2022-04-27 01:00:00,7152.25,7108.31
1045,2022-04-27 02:00:00,6638.252,6591.21
1046,2022-04-27 03:00:00,6176.109,6193.52
1047,2022-04-27 04:00:00,6062.7285,6055.54
1048,2022-04-27 05:00:00,6270.862,6197.58
1049,2022-04-27 06:00:00,6727.29,6766.88
1050,2022-04-27 07:00:00,7516.3613,7534.28
1051,2022-04-27 08:00:00,7831.2373,7782.98
1052,2022-04-27 09:00:00,7671.3843,7932.46
1053,2022-04-27 10:00:00,7717.3657,7968.85
1054,2022-04-27 11:00:00,7828.58,7926.09
1055,2022-04-27 12:00:00,7828.433,7904.96
1056,2022-04-27 13:00:00,7919.635,8071.0
1057,2022-04-27 14:00:00,8110.643,8234.49
1058,2022-04-27 15:00:00,8315.111,8230.1
1059,2022-04-27 16:00:00,8546.133,8387.04
1060,2022-04-27 17:00:00,8938.839,8689.31
1061,2022-04-27 18:00:00,9196.961,9305.59
1062,2022-04-27 19:00:00,8967.233,9034.47
1063,2022-04-27 20:00:00,8475.555,8455.7
1064,2022-04-27 21:00:00,7976.4956,8043.8
1065,2022-04-27 22:00:00,7699.1206,7739.53
1066,2022-04-27 23:00:00,7507.5957,7574.64
1067,2022-04-28 00:00:00,7471.786,7452.2
1068,2022-04-28 01:00:00,7213.0537,7233.44
1069,2022-04-28 02:00:00,6672.4614,6740.84
1070,2022-04-28 03:00:00,6325.112,6374.24
1071,2022-04-28 04:00:00,6192.8906,6196.0
1072,2022-04-28 05:00:00,6286.55,6287.94
1073,2022-04-28 06:00:00,6776.1006,6892.31
1074,2022-04-28 07:00:00,7606.496,7673.25
1075,2022-04-28 08:00:00,7960.5376,7866.28
1076,2022-04-28 09:00:00,7885.4233,7806.79
1077,2022-04-28 10:00:00,7722.313,7852.03
1078,2022-04-28 11:00:00,7696.7964,7515.53
1079,2022-04-28 12:00:00,7439.1836,7636.54
1080,2022-04-28 13:00:00,7703.7437,7859.77
1081,2022-04-28 14:00:00,7989.6143,8047.26
1082,2022-04-28 15:00:00,8213.239,8134.42
1083,2022-04-28 16:00:00,8474.575,8518.3
1084,2022-04-28 17:00:00,8972.731,8921.82
1085,2022-04-28 18:00:00,9370.916,9449.51
1086,2022-04-28 19:00:00,9010.487,9032.8
1087,2022-04-28 20:00:00,8478.391,8095.72
1088,2022-04-28 21:00:00,7775.9814,8107.47
1089,2022-04-28 22:00:00,7730.1514,7728.54
1090,2022-04-28 23:00:00,7591.243,7581.01
1091,2022-04-29 00:00:00,7477.9937,7443.28
1092,2022-04-29 01:00:00,7190.3325,7168.46
1093,2022-04-29 02:00:00,6705.888,6626.32
1094,2022-04-29 03:00:00,6291.089,6183.7
1095,2022-04-29 04:00:00,6060.4233,6111.73
1096,2022-04-29 05:00:00,6257.692,6232.09
1097,2022-04-29 06:00:00,6705.7305,6660.75
1098,2022-04-29 07:00:00,7217.2104,7612.97
1099,2022-04-29 08:00:00,7870.2407,7755.91
1100,2022-04-29 09:00:00,7740.5015,7481.12
1101,2022-04-29 10:00:00,7309.0454,7168.19
1102,2022-04-29 11:00:00,6952.4863,7092.56
1103,2022-04-29 12:00:00,7113.0874,7100.92
1104,2022-04-29 13:00:00,7266.858,6901.94
1105,2022-04-29 14:00:00,7021.91,7151.19
1106,2022-04-29 15:00:00,7419.285,7479.66
1107,2022-04-29 16:00:00,7968.544,8214.8
1108,2022-04-29 17:00:00,8704.749,8785.71
1109,2022-04-29 18:00:00,9133.642,9137.33
1110,2022-04-29 19:00:00,8694.855,8664.98
1111,2022-04-29 20:00:00,8182.745,8172.12
1112,2022-04-29 21:00:00,7820.1646,7804.57
1113,2022-04-29 22:00:00,7562.8706,7464.3
1114,2022-04-29 23:00:00,7403.087,7439.86
1115,2022-04-30 00:00:00,7326.996,7293.84
1116,2022-04-30 01:00:00,7044.116,7095.35
1117,2022-04-30 02:00:00,6619.719,6472.99
1118,2022-04-30 03:00:00,6110.429,6031.03
1119,2022-04-30 04:00:00,5927.564,5989.39
1120,2022-04-30 05:00:00,6071.294,5944.49
1121,2022-04-30 06:00:00,6177.245,6260.74
1122,2022-04-30 07:00:00,6566.866,6588.17
1123,2022-04-30 08:00:00,6620.909,7216.57
1124,2022-04-30 09:00:00,7148.5605,7511.52
1125,2022-04-30 10:00:00,7239.114,7427.7
1126,2022-04-30 11:00:00,7142.6406,7486.47
1127,2022-04-30 12:00:00,7367.55,7261.58
1128,2022-04-30 13:00:00,7145.774,7181.83
1129,2022-04-30 14:00:00,7232.8823,7066.83
1130,2022-04-30 15:00:00,7244.6943,6998.07
1131,2022-04-30 16:00:00,7443.837,7176.98
1132,2022-04-30 17:00:00,7760.531,7797.43
1133,2022-04-30 18:00:00,8352.35,8490.04
1134,2022-04-30 19:00:00,8407.842,8126.97
1135,2022-04-30 20:00:00,7792.4595,7817.89
1136,2022-04-30 21:00:00,7580.857,7591.75
1137,2022-04-30 22:00:00,7369.2617,7327.7
1138,2022-04-30 23:00:00,7231.422,7223.72
1139,2022-05-01 00:00:00,7144.563,6973.25
1140,2022-05-01 01:00:00,6807.2046,6783.5
1141,2022-05-01 02:00:00,6336.9556,6317.04
1142,2022-05-01 03:00:00,5998.0293,6044.58
1143,2022-05-01 04:00:00,5915.8677,5875.79
1144,2022-05-01 05:00:00,5918.4463,5998.97
1145,2022-05-01 06:00:00,6210.3867,6111.21
1146,2022-05-01 07:00:00,6302.5806,6393.53
1147,2022-05-01 08:00:00,6440.2305,6557.89
1148,2022-05-01 09:00:00,6499.706,6612.17
1149,2022-05-01 10:00:00,6413.7285,6154.17
1150,2022-05-01 11:00:00,5925.52,5707.76
1151,2022-05-01 12:00:00,5563.647,5542.88
1152,2022-05-01 13:00:00,5579.052,5587.6
1153,2022-05-01 14:00:00,5708.6606,5889.96
1154,2022-05-01 15:00:00,6191.4756,6420.45
1155,2022-05-01 16:00:00,7007.52,7148.24
1156,2022-05-01 17:00:00,7774.3843,7921.78
1157,2022-05-01 18:00:00,8397.454,8644.3
1158,2022-05-01 19:00:00,8137.8687,8367.79
1159,2022-05-01 20:00:00,7823.6714,8016.45
1160,2022-05-01 21:00:00,7718.0176,7691.2
1161,2022-05-01 22:00:00,7414.9404,7342.78
1162,2022-05-01 23:00:00,7199.317,7179.48
1163,2022-05-02 00:00:00,7064.783,7005.33
1164,2022-05-02 01:00:00,6812.213,6746.96
1165,2022-05-02 02:00:00,6274.063,6338.3
1166,2022-05-02 03:00:00,6008.7056,6138.87
1167,2022-05-02 04:00:00,5987.248,6062.32
1168,2022-05-02 05:00:00,6218.591,6189.13
1169,2022-05-02 06:00:00,6426.8633,6794.56
1170,2022-05-02 07:00:00,7296.627,7845.46
1171,2022-05-02 08:00:00,7972.846,7908.06
1172,2022-05-02 09:00:00,7743.8164,7395.65
1173,2022-05-02 10:00:00,7164.2764,6832.25
1174,2022-05-02 11:00:00,6633.092,6502.76
1175,2022-05-02 12:00:00,6439.6733,6598.18
1176,2022-05-02 13:00:00,6748.485,6585.63
1177,2022-05-02 14:00:00,6817.1333,6843.41
1178,2022-05-02 15:00:00,7221.6836,7124.4
1179,2022-05-02 16:00:00,7726.014,7739.28
1180,2022-05-02 17:00:00,8431.621,8448.37
1181,2022-05-02 18:00:00,9039.323,9274.32
1182,2022-05-02 19:00:00,8773.713,8913.25
1183,2022-05-02 20:00:00,8363.847,8398.23
1184,2022-05-02 21:00:00,7966.6045,8037.85
1185,2022-05-02 22:00:00,7731.2686,7654.21
1186,2022-05-02 23:00:00,7475.457,7534.32
1187,2022-05-03 00:00:00,7443.658,7418.02
1188,2022-05-03 01:00:00,7207.683,7164.49
1189,2022-05-03 02:00:00,6676.8438,6673.82
1190,2022-05-03 03:00:00,6259.68,6278.06
1191,2022-05-03 04:00:00,6165.9507,6136.31
1192,2022-05-03 05:00:00,6284.382,6322.76
1193,2022-05-03 06:00:00,6908.869,6925.62
1194,2022-05-03 07:00:00,7723.5024,8038.0
1195,2022-05-03 08:00:00,8167.254,7891.6
1196,2022-05-03 09:00:00,7561.919,7211.04
1197,2022-05-03 10:00:00,6885.359,6704.12
1198,2022-05-03 11:00:00,6469.8374,6462.34
1199,2022-05-03 12:00:00,6432.6724,6156.6
1200,2022-05-03 13:00:00,6211.656,6243.22
1201,2022-05-03 14:00:00,6586.6694,6572.89
1202,2022-05-03 15:00:00,7017.755,6941.7
1203,2022-05-03 16:00:00,7576.54,7834.65
1204,2022-05-03 17:00:00,8650.087,8583.38
1205,2022-05-03 18:00:00,9224.758,9192.19
1206,2022-05-03 19:00:00,8790.735,8932.43
1207,2022-05-03 20:00:00,8401.871,8424.72
1208,2022-05-03 21:00:00,7995.2524,8071.15
1209,2022-05-03 22:00:00,7721.4546,7684.85
1210,2022-05-03 23:00:00,7533.7095,7581.05
1211,2022-05-04 00:00:00,7473.212,7367.83
1212,2022-05-04 01:00:00,7185.984,7223.39
1213,2022-05-04 02:00:00,6689.815,6759.92
1214,2022-05-04 03:00:00,6343.9727,6302.37
1215,2022-05-04 04:00:00,6154.145,6166.12
1216,2022-05-04 05:00:00,6360.982,6488.05
1217,2022-05-04 06:00:00,7032.457,6980.83
1218,2022-05-04 07:00:00,7873.2207,7791.08
1219,2022-05-04 08:00:00,7875.1187,7828.22
1220,2022-05-04 09:00:00,7428.8257,7385.81
1221,2022-05-04 10:00:00,6891.9805,7042.9
1222,2022-05-04 11:00:00,6815.027,6744.05
1223,2022-05-04 12:00:00,6679.4014,6643.02
1224,2022-05-04 13:00:00,6770.6543,6768.46
1225,2022-05-04 14:00:00,6945.8,7222.43
1226,2022-05-04 15:00:00,7543.5186,7738.18
1227,2022-05-04 16:00:00,8371.275,8262.98
1228,2022-05-04 17:00:00,8889.528,8916.58
1229,2022-05-04 18:00:00,9430.908,9299.84
1230,2022-05-04 19:00:00,8929.624,8958.96
1231,2022-05-04 20:00:00,8430.76,8534.89
1232,2022-05-04 21:00:00,8069.993,8097.53
1233,2022-05-04 22:00:00,7773.9644,7697.84
1234,2022-05-04 23:00:00,7559.8823,7553.39
1235,2022-05-05 00:00:00,7413.8813,7454.61
1236,2022-05-05 01:00:00,7230.5186,7147.84
1237,2022-05-05 02:00:00,6666.4414,6740.91
1238,2022-05-05 03:00:00,6291.358,6207.99
1239,2022-05-05 04:00:00,6088.835,6145.92
1240,2022-05-05 05:00:00,6430.0186,6318.56
1241,2022-05-05 06:00:00,6902.293,6790.11
1242,2022-05-05 07:00:00,7681.0557,7199.43
1243,2022-05-05 08:00:00,7438.118,8176.13
1244,2022-05-05 09:00:00,7877.6074,7909.76
1245,2022-05-05 10:00:00,7395.853,7264.26
1246,2022-05-05 11:00:00,6921.215,7274.78
1247,2022-05-05 12:00:00,7211.4326,6759.06
1248,2022-05-05 13:00:00,6783.639,6867.68
1249,2022-05-05 14:00:00,7162.5444,7280.03
1250,2022-05-05 15:00:00,7594.2812,7537.67
1251,2022-05-05 16:00:00,8157.2515,8022.61
1252,2022-05-05 17:00:00,8723.052,8528.91
1253,2022-05-05 18:00:00,9101.038,9232.48
1254,2022-05-05 19:00:00,8863.162,8926.6
1255,2022-05-05 20:00:00,8437.095,8582.18
1256,2022-05-05 21:00:00,8091.678,8286.73
1257,2022-05-05 22:00:00,7852.6816,7821.5
1258,2022-05-05 23:00:00,7621.4927,7594.18
1259,2022-05-06 00:00:00,7477.319,7437.53
1260,2022-05-06 01:00:00,7222.643,7139.42
1261,2022-05-06 02:00:00,6700.9604,6729.91
1262,2022-05-06 03:00:00,6268.72,6386.26
1263,2022-05-06 04:00:00,6145.564,6258.85
1264,2022-05-06 05:00:00,6392.721,6559.1
1265,2022-05-06 06:00:00,6929.563,7241.88
1266,2022-05-06 07:00:00,7971.927,7889.77
1267,2022-05-06 08:00:00,7974.57,8040.51
1268,2022-05-06 09:00:00,7715.7744,7574.24
1269,2022-05-06 10:00:00,7210.4336,6771.23
1270,2022-05-06 11:00:00,6624.142,6415.61
1271,2022-05-06 12:00:00,6462.832,6304.38
1272,2022-05-06 13:00:00,6568.502,6244.41
1273,2022-05-06 14:00:00,6652.342,6528.93
1274,2022-05-06 15:00:00,6968.9326,6998.37
1275,2022-05-06 16:00:00,7577.261,7625.66
1276,2022-05-06 17:00:00,8314.895,8552.59
1277,2022-05-06 18:00:00,9097.673,9290.27
1278,2022-05-06 19:00:00,8829.848,9184.21
1279,2022-05-06 20:00:00,8612.0205,8717.06
1280,2022-05-06 21:00:00,8282.561,8496.56
1281,2022-05-06 22:00:00,8004.965,7948.13
1282,2022-05-06 23:00:00,7660.8193,7795.7
1283,2022-05-07 00:00:00,7584.569,7638.03
1284,2022-05-07 01:00:00,7383.875,7365.58
1285,2022-05-07 02:00:00,6802.2163,6817.64
1286,2022-05-07 03:00:00,6385.18,6481.88
1287,2022-05-07 04:00:00,6283.627,6272.25
1288,2022-05-07 05:00:00,6329.783,6369.84
1289,2022-05-07 06:00:00,6580.3945,6678.86
1290,2022-05-07 07:00:00,7113.707,7422.53
1291,2022-05-07 08:00:00,7835.225,7608.74
1292,2022-05-07 09:00:00,7445.9775,7403.65
1293,2022-05-07 10:00:00,7058.1333,6722.08
1294,2022-05-07 11:00:00,6413.564,6479.63
1295,2022-05-07 12:00:00,6333.8706,6103.89
1296,2022-05-07 13:00:00,6129.8325,6154.87
1297,2022-05-07 14:00:00,6391.1636,6270.65
1298,2022-05-07 15:00:00,6685.248,6775.9
1299,2022-05-07 16:00:00,7430.8857,7385.32
1300,2022-05-07 17:00:00,8216.063,8456.65
1301,2022-05-07 18:00:00,9075.525,9187.9
1302,2022-05-07 19:00:00,8871.336,8956.54
1303,2022-05-07 20:00:00,8493.4,8644.6
1304,2022-05-07 21:00:00,8236.426,8340.19
1305,2022-05-07 22:00:00,7900.7676,8053.77
1306,2022-05-07 23:00:00,7794.0273,7829.49
1307,2022-05-08 00:00:00,7630.1562,7476.51
1308,2022-05-08 01:00:00,7275.3286,7082.09
1309,2022-05-08 02:00:00,6629.291,6678.57
1310,2022-05-08 03:00:00,6313.7983,6266.78
1311,2022-05-08 04:00:00,6163.252,6186.83
1312,2022-05-08 05:00:00,6251.2026,6185.49
1313,2022-05-08 06:00:00,6294.4014,6484.64
1314,2022-05-08 07:00:00,6734.353,7043.85
1315,2022-05-08 08:00:00,7251.322,7454.84
1316,2022-05-08 09:00:00,7315.4614,7193.65
1317,2022-05-08 10:00:00,6602.7217,6473.74
1318,2022-05-08 11:00:00,6123.537,5888.66
1319,2022-05-08 12:00:00,5730.115,5660.93
1320,2022-05-08 13:00:00,5635.41,5485.33
1321,2022-05-08 14:00:00,5630.7,5642.83
1322,2022-05-08 15:00:00,6058.1655,6252.04
1323,2022-05-08 16:00:00,6932.571,7211.44
1324,2022-05-08 17:00:00,8168.696,8283.57
1325,2022-05-08 18:00:00,8995.742,9167.48
1326,2022-05-08 19:00:00,8859.478,9034.15
1327,2022-05-08 20:00:00,8572.803,8706.97
1328,2022-05-08 21:00:00,8268.643,8406.77
1329,2022-05-08 22:00:00,7968.714,7901.88
1330,2022-05-08 23:00:00,7627.444,7618.16
1331,2022-05-09 00:00:00,7449.463,7338.58
1332,2022-05-09 01:00:00,7045.303,7101.63
1333,2022-05-09 02:00:00,6658.1123,6741.56
1334,2022-05-09 03:00:00,6305.209,6444.27
1335,2022-05-09 04:00:00,6184.81,6284.48
1336,2022-05-09 05:00:00,6314.073,6502.12
1337,2022-05-09 06:00:00,6976.41,7258.23
1338,2022-05-09 07:00:00,7899.3594,8590.38
1339,2022-05-09 08:00:00,8547.531,8766.64
1340,2022-05-09 09:00:00,8141.739,8341.74
1341,2022-05-09 10:00:00,7654.253,7968.33
1342,2022-05-09 11:00:00,7533.241,7877.58
1343,2022-05-09 12:00:00,7730.176,7730.26
1344,2022-05-09 13:00:00,7706.9424,7909.8
1345,2022-05-09 14:00:00,8133.4214,8037.13
1346,2022-05-09 15:00:00,8310.204,8005.56
1347,2022-05-09 16:00:00,8396.4,8718.27
1348,2022-05-09 17:00:00,9368.852,9435.48
1349,2022-05-09 18:00:00,9729.002,9829.0
1350,2022-05-09 19:00:00,9395.878,9344.67
1351,2022-05-09 20:00:00,8905.587,9179.15
1352,2022-05-09 21:00:00,8761.593,8680.53
1353,2022-05-09 22:00:00,8260.566,8151.19
1354,2022-05-09 23:00:00,7874.6426,7805.51
1355,2022-05-10 00:00:00,7652.881,7764.67
1356,2022-05-10 01:00:00,7554.672,7418.45
1357,2022-05-10 02:00:00,6956.638,7053.88
1358,2022-05-10 03:00:00,6661.956,6583.05
1359,2022-05-10 04:00:00,6395.9556,6379.88
1360,2022-05-10 05:00:00,6550.7817,6599.72
1361,2022-05-10 06:00:00,7365.726,7144.18
1362,2022-05-10 07:00:00,8250.819,8416.04
1363,2022-05-10 08:00:00,8857.048,8445.92
1364,2022-05-10 09:00:00,8125.65,8166.92
1365,2022-05-10 10:00:00,7715.2,7636.29
1366,2022-05-10 11:00:00,7463.825,7380.38
1367,2022-05-10 12:00:00,7373.5015,7270.15
1368,2022-05-10 13:00:00,7399.7524,7598.83
1369,2022-05-10 14:00:00,7901.928,7745.6
1370,2022-05-10 15:00:00,8042.3745,7940.1
1371,2022-05-10 16:00:00,8594.027,8326.19
1372,2022-05-10 17:00:00,9051.122,9103.48
1373,2022-05-10 18:00:00,9655.624,9787.4
1374,2022-05-10 19:00:00,9298.973,9481.61
1375,2022-05-10 20:00:00,9094.915,8983.03
1376,2022-05-10 21:00:00,8577.325,8549.86
1377,2022-05-10 22:00:00,8142.1367,7955.52
1378,2022-05-10 23:00:00,7734.453,7808.35
1379,2022-05-11 00:00:00,7704.791,7545.09
1380,2022-05-11 01:00:00,7392.4893,7303.69
1381,2022-05-11 02:00:00,6922.6265,6966.93
1382,2022-05-11 03:00:00,6523.1,6421.91
1383,2022-05-11 04:00:00,6316.2793,6292.84
1384,2022-05-11 05:00:00,6577.406,6474.51
1385,2022-05-11 06:00:00,7147.25,7056.02
1386,2022-05-11 07:00:00,8183.734,8102.13
1387,2022-05-11 08:00:00,8421.023,8483.39
1388,2022-05-11 09:00:00,8208.706,8410.86
1389,2022-05-11 10:00:00,7921.2656,8491.23
1390,2022-05-11 11:00:00,8097.3345,8411.82
1391,2022-05-11 12:00:00,8252.053,8359.17
1392,2022-05-11 13:00:00,8390.519,8485.19
1393,2022-05-11 14:00:00,8503.303,8541.51
1394,2022-05-11 15:00:00,8536.425,8681.91
1395,2022-05-11 16:00:00,8978.596,8961.5
1396,2022-05-11 17:00:00,9476.456,9554.04
1397,2022-05-11 18:00:00,9997.15,9970.47
1398,2022-05-11 19:00:00,9444.195,9609.9
1399,2022-05-11 20:00:00,9136.923,9036.69
1400,2022-05-11 21:00:00,8598.34,8581.25
1401,2022-05-11 22:00:00,8121.726,8068.62
1402,2022-05-11 23:00:00,7843.486,7833.25
1403,2022-05-12 00:00:00,7641.2793,7683.63
1404,2022-05-12 01:00:00,7414.6763,7420.86
1405,2022-05-12 02:00:00,7011.018,7042.7
1406,2022-05-12 03:00:00,6530.8613,6586.16
1407,2022-05-12 04:00:00,6371.1743,6472.57
1408,2022-05-12 05:00:00,6605.007,6553.32
1409,2022-05-12 06:00:00,7180.4326,7019.27
1410,2022-05-12 07:00:00,8077.1714,8119.67
1411,2022-05-12 08:00:00,8518.61,8642.74
1412,2022-05-12 09:00:00,8410.229,8810.49
1413,2022-05-12 10:00:00,8453.699,8703.77
1414,2022-05-12 11:00:00,8394.29,8670.7
1415,2022-05-12 12:00:00,8556.402,8648.54
1416,2022-05-12 13:00:00,8668.093,8686.73
1417,2022-05-12 14:00:00,8767.169,8647.71
1418,2022-05-12 15:00:00,8787.822,8541.39
1419,2022-05-12 16:00:00,9017.455,8889.42
1420,2022-05-12 17:00:00,9534.658,9420.93
1421,2022-05-12 18:00:00,9974.501,9869.7
1422,2022-05-12 19:00:00,9488.591,9488.87
1423,2022-05-12 20:00:00,9026.019,8948.42
1424,2022-05-12 21:00:00,8528.604,8489.39
1425,2022-05-12 22:00:00,8062.3564,8080.94
1426,2022-05-12 23:00:00,7855.8423,7918.9
1427,2022-05-13 00:00:00,7764.037,7716.91
1428,2022-05-13 01:00:00,7482.2,7472.74
1429,2022-05-13 02:00:00,7060.3433,6883.04
1430,2022-05-13 03:00:00,6493.826,6517.55
1431,2022-05-13 04:00:00,6425.0107,6364.97
1432,2022-05-13 05:00:00,6562.2964,6516.84
1433,2022-05-13 06:00:00,7084.8525,6932.34
1434,2022-05-13 07:00:00,7984.785,7903.81
1435,2022-05-13 08:00:00,8384.366,8531.04
1436,2022-05-13 09:00:00,8492.246,8720.64
1437,2022-05-13 10:00:00,8538.945,8555.73
1438,2022-05-13 11:00:00,8450.509,8351.81
1439,2022-05-13 12:00:00,8268.063,7914.36
1440,2022-05-13 13:00:00,7909.437,7841.98
1441,2022-05-13 14:00:00,7855.0186,7740.63
1442,2022-05-13 15:00:00,7814.8086,7856.05
1443,2022-05-13 16:00:00,8208.449,8225.18
1444,2022-05-13 17:00:00,8940.364,8848.22
1445,2022-05-13 18:00:00,9425.916,9300.01
1446,2022-05-13 19:00:00,9045.381,8810.77
1447,2022-05-13 20:00:00,8515.996,8314.13
1448,2022-05-13 21:00:00,8074.99,8090.96
1449,2022-05-13 22:00:00,7786.5483,7809.22
1450,2022-05-13 23:00:00,7649.832,7670.73
1451,2022-05-14 00:00:00,7552.926,7546.47
1452,2022-05-14 01:00:00,7283.555,7261.2
1453,2022-05-14 02:00:00,6757.0005,6669.37
1454,2022-05-14 03:00:00,6363.1274,6239.29
1455,2022-05-14 04:00:00,6159.9756,6195.11
1456,2022-05-14 05:00:00,6291.679,6141.95
1457,2022-05-14 06:00:00,6401.4976,6417.26
1458,2022-05-14 07:00:00,6942.5576,6894.38
1459,2022-05-14 08:00:00,7395.7764,7359.43
1460,2022-05-14 09:00:00,7446.732,7636.78
1461,2022-05-14 10:00:00,7605.754,7487.43
1462,2022-05-14 11:00:00,7282.945,6878.92
1463,2022-05-14 12:00:00,6593.2,6485.52
1464,2022-05-14 13:00:00,6270.399,6477.27
1465,2022-05-14 14:00:00,6469.1265,6743.24
1466,2022-05-14 15:00:00,6963.7637,7056.56
1467,2022-05-14 16:00:00,7553.506,7756.44
1468,2022-05-14 17:00:00,8510.827,8309.43
1469,2022-05-14 18:00:00,8928.936,8692.52
1470,2022-05-14 19:00:00,8341.072,8249.98
1471,2022-05-14 20:00:00,7907.813,7850.03
1472,2022-05-14 21:00:00,7608.303,7551.5
1473,2022-05-14 22:00:00,7328.8496,7340.07
1474,2022-05-14 23:00:00,7253.6333,7299.21
1475,2022-05-15 00:00:00,7199.893,7130.7
1476,2022-05-15 01:00:00,6954.892,6821.78
1477,2022-05-15 02:00:00,6427.9077,6435.46
1478,2022-05-15 03:00:00,6158.221,6032.9
1479,2022-05-15 04:00:00,5946.8325,5863.19
1480,2022-05-15 05:00:00,5933.494,5962.87
1481,2022-05-15 06:00:00,6191.994,6066.16
1482,2022-05-15 07:00:00,6295.713,6383.64
1483,2022-05-15 08:00:00,6581.1875,6748.11
1484,2022-05-15 09:00:00,6743.46,7029.57
1485,2022-05-15 10:00:00,6682.4844,6944.7
1486,2022-05-15 11:00:00,6453.265,6965.98
1487,2022-05-15 12:00:00,6557.8213,6790.37
1488,2022-05-15 13:00:00,6692.859,7088.62
1489,2022-05-15 14:00:00,7149.804,7313.21
1490,2022-05-15 15:00:00,7438.098,7517.59
1491,2022-05-15 16:00:00,7959.235,7831.55
1492,2022-05-15 17:00:00,8518.631,8329.95
1493,2022-05-15 18:00:00,8815.302,8654.48
1494,2022-05-15 19:00:00,8202.89,8298.89
1495,2022-05-15 20:00:00,7895.9277,7842.64
1496,2022-05-15 21:00:00,7526.659,7585.21
1497,2022-05-15 22:00:00,7372.264,7218.68
1498,2022-05-15 23:00:00,7102.025,7083.53
1499,2022-05-16 00:00:00,6956.545,6891.23
1500,2022-05-16 01:00:00,6712.591,6501.56
1501,2022-05-16 02:00:00,6172.424,6195.45
1502,2022-05-16 03:00:00,5911.083,5863.0
1503,2022-05-16 04:00:00,5761.8545,5757.18
1504,2022-05-16 05:00:00,5895.6523,6015.84
1505,2022-05-16 06:00:00,6477.832,6660.5
1506,2022-05-16 07:00:00,7471.273,7733.82
1507,2022-05-16 08:00:00,8098.024,7876.8
1508,2022-05-16 09:00:00,7543.436,7310.0
1509,2022-05-16 10:00:00,6947.67,6891.59
1510,2022-05-16 11:00:00,6668.615,6587.35
1511,2022-05-16 12:00:00,6548.44,6337.71
1512,2022-05-16 13:00:00,6405.6523,6419.82
1513,2022-05-16 14:00:00,6643.1606,6699.61
1514,2022-05-16 15:00:00,7095.1406,7159.02
1515,2022-05-16 16:00:00,7737.114,8024.43
1516,2022-05-16 17:00:00,8674.246,8797.71
1517,2022-05-16 18:00:00,9148.898,9457.67
1518,2022-05-16 19:00:00,8885.809,9036.71
1519,2022-05-16 20:00:00,8470.421,8492.58
1520,2022-05-16 21:00:00,8113.8276,8060.63
1521,2022-05-16 22:00:00,7718.3843,7717.47
1522,2022-05-16 23:00:00,7550.5063,7595.14
1523,2022-05-17 00:00:00,7408.448,7451.1
1524,2022-05-17 01:00:00,7197.4375,7124.79
1525,2022-05-17 02:00:00,6647.4844,6805.53
1526,2022-05-17 03:00:00,6422.1987,6355.52
1527,2022-05-17 04:00:00,6246.906,6277.62
1528,2022-05-17 05:00:00,6483.1123,6412.59
1529,2022-05-17 06:00:00,7058.7456,7124.91
1530,2022-05-17 07:00:00,8150.801,8342.82
1531,2022-05-17 08:00:00,8461.452,8200.66
1532,2022-05-17 09:00:00,7574.5,7563.89
1533,2022-05-17 10:00:00,7075.368,7040.42
1534,2022-05-17 11:00:00,6714.0967,6487.7
1535,2022-05-17 12:00:00,6395.35,6297.58
1536,2022-05-17 13:00:00,6494.823,6259.0
1537,2022-05-17 14:00:00,6589.957,6589.63
1538,2022-05-17 15:00:00,7074.4663,7105.45
1539,2022-05-17 16:00:00,7783.9614,8004.9
1540,2022-05-17 17:00:00,8877.012,8775.99
1541,2022-05-17 18:00:00,9384.926,9607.29
1542,2022-05-17 19:00:00,9098.617,9318.92
1543,2022-05-17 20:00:00,8767.159,8855.15
1544,2022-05-17 21:00:00,8378.362,8563.02
1545,2022-05-17 22:00:00,8128.473,8128.15
1546,2022-05-17 23:00:00,7846.78,7882.71
1547,2022-05-18 00:00:00,7669.457,7660.0
1548,2022-05-18 01:00:00,7411.025,7359.72
1549,2022-05-18 02:00:00,6949.826,6915.31
1550,2022-05-18 03:00:00,6517.945,6538.35
1551,2022-05-18 04:00:00,6343.1455,6337.61
1552,2022-05-18 05:00:00,6525.341,6635.92
1553,2022-05-18 06:00:00,7289.4995,7258.91
1554,2022-05-18 07:00:00,8308.663,8555.13
1555,2022-05-18 08:00:00,8549.987,8649.8
1556,2022-05-18 09:00:00,8013.8687,7821.8
1557,2022-05-18 10:00:00,7209.9805,7080.77
1558,2022-05-18 11:00:00,6750.234,6665.05
1559,2022-05-18 12:00:00,6508.895,6361.89
1560,2022-05-18 13:00:00,6526.44,6277.69
1561,2022-05-18 14:00:00,6679.2515,6672.7
1562,2022-05-18 15:00:00,7199.707,7134.18
1563,2022-05-18 16:00:00,7972.666,8088.11
1564,2022-05-18 17:00:00,8960.1455,8945.7
1565,2022-05-18 18:00:00,9601.358,9916.8
1566,2022-05-18 19:00:00,9384.749,9752.46
1567,2022-05-18 20:00:00,9154.431,9349.05
1568,2022-05-18 21:00:00,8847.642,8854.23
1569,2022-05-18 22:00:00,8375.752,8428.95
1570,2022-05-18 23:00:00,8038.9062,7991.28
1571,2022-05-19 00:00:00,7750.122,7837.13
1572,2022-05-19 01:00:00,7566.935,7541.09
1573,2022-05-19 02:00:00,7080.196,7234.52
1574,2022-05-19 03:00:00,6737.261,6776.4
1575,2022-05-19 04:00:00,6463.0425,6729.57
1576,2022-05-19 05:00:00,6982.2827,6906.94
1577,2022-05-19 06:00:00,7505.497,7747.53
1578,2022-05-19 07:00:00,8820.104,9278.62
1579,2022-05-19 08:00:00,9297.926,9348.88
1580,2022-05-19 09:00:00,8685.544,8792.81
1581,2022-05-19 10:00:00,8230.684,8156.62
1582,2022-05-19 11:00:00,7777.9087,7143.57
1583,2022-05-19 12:00:00,6863.2656,7100.64
1584,2022-05-19 13:00:00,7211.4277,6898.26
1585,2022-05-19 14:00:00,7090.987,7126.65
1586,2022-05-19 15:00:00,7517.2686,7718.58
1587,2022-05-19 16:00:00,8437.289,8519.8
1588,2022-05-19 17:00:00,9373.119,9758.69
1589,2022-05-19 18:00:00,10301.187,10743.07
1590,2022-05-19 19:00:00,10091.845,10534.62
1591,2022-05-19 20:00:00,9858.242,10207.96
1592,2022-05-19 21:00:00,9637.488,9714.88
1593,2022-05-19 22:00:00,9185.582,8904.88
1594,2022-05-19 23:00:00,8506.794,8512.78
1595,2022-05-20 00:00:00,8253.604,8203.27
1596,2022-05-20 01:00:00,7920.515,7933.72
1597,2022-05-20 02:00:00,7570.1475,7450.55
1598,2022-05-20 03:00:00,6997.9146,6997.47
1599,2022-05-20 04:00:00,6752.676,6747.57
1600,2022-05-20 05:00:00,6871.041,7053.72
1601,2022-05-20 06:00:00,7851.257,7795.96
1602,2022-05-20 07:00:00,9103.5625,9117.97
1603,2022-05-20 08:00:00,9553.238,9708.86
1604,2022-05-20 09:00:00,9258.198,9450.33
1605,2022-05-20 10:00:00,8899.911,9118.45
1606,2022-05-20 11:00:00,8642.742,8917.64
1607,2022-05-20 12:00:00,8596.357,8852.63
1608,2022-05-20 13:00:00,8860.225,8818.89
1609,2022-05-20 14:00:00,8836.822,8878.8
1610,2022-05-20 15:00:00,9049.024,8730.42
1611,2022-05-20 16:00:00,9190.69,9458.25
1612,2022-05-20 17:00:00,10345.323,10211.52
1613,2022-05-20 18:00:00,10868.977,10586.39
1614,2022-05-20 19:00:00,10195.779,10220.99
1615,2022-05-20 20:00:00,9779.002,9654.51
1616,2022-05-20 21:00:00,9183.366,9272.94
1617,2022-05-20 22:00:00,8810.713,8739.94
1618,2022-05-20 23:00:00,8428.666,8510.1
1619,2022-05-21 00:00:00,8298.979,8287.84
1620,2022-05-21 01:00:00,7984.069,7872.9
1621,2022-05-21 02:00:00,7403.4106,7263.35
1622,2022-05-21 03:00:00,6890.315,6814.1
1623,2022-05-21 04:00:00,6672.418,6427.86
1624,2022-05-21 05:00:00,6487.139,6549.05
1625,2022-05-21 06:00:00,6893.9316,6971.96
1626,2022-05-21 07:00:00,7664.631,7579.68
1627,2022-05-21 08:00:00,8144.3105,8227.1
1628,2022-05-21 09:00:00,8356.301,8277.77
1629,2022-05-21 10:00:00,7870.2896,7608.83
1630,2022-05-21 11:00:00,7058.09,7489.4
1631,2022-05-21 12:00:00,7186.9956,7547.94
1632,2022-05-21 13:00:00,7534.295,7627.43
1633,2022-05-21 14:00:00,7689.5225,7691.76
1634,2022-05-21 15:00:00,7871.1035,7816.67
1635,2022-05-21 16:00:00,8397.752,8345.74
1636,2022-05-21 17:00:00,9154.068,9169.76
1637,2022-05-21 18:00:00,9729.888,9548.76
1638,2022-05-21 19:00:00,9130.61,9328.12
1639,2022-05-21 20:00:00,8891.642,8774.62
1640,2022-05-21 21:00:00,8414.475,8625.64
1641,2022-05-21 22:00:00,8233.871,8284.84
1642,2022-05-21 23:00:00,8080.0356,7927.36
1643,2022-05-22 00:00:00,7749.5215,7734.53
1644,2022-05-22 01:00:00,7443.844,7367.24
1645,2022-05-22 02:00:00,6920.04,6782.74
1646,2022-05-22 03:00:00,6373.592,6494.86
1647,2022-05-22 04:00:00,6300.5825,6318.04
1648,2022-05-22 05:00:00,6338.34,6265.96
1649,2022-05-22 06:00:00,6405.9146,6567.49
1650,2022-05-22 07:00:00,6991.9785,7032.95
1651,2022-05-22 08:00:00,7452.3164,7564.69
1652,2022-05-22 09:00:00,7670.9927,7797.1
1653,2022-05-22 10:00:00,7349.3765,7556.91
1654,2022-05-22 11:00:00,6944.277,7429.06
1655,2022-05-22 12:00:00,7149.418,7497.25
1656,2022-05-22 13:00:00,7543.3857,7536.71
1657,2022-05-22 14:00:00,7654.7627,7632.88
1658,2022-05-22 15:00:00,7851.72,7963.13
1659,2022-05-22 16:00:00,8489.038,8314.28
1660,2022-05-22 17:00:00,9042.822,9334.03
1661,2022-05-22 18:00:00,9918.594,9866.99
1662,2022-05-22 19:00:00,9409.645,9565.24
1663,2022-05-22 20:00:00,9115.445,9167.44
1664,2022-05-22 21:00:00,8768.468,8706.87
1665,2022-05-22 22:00:00,8330.969,8105.77
1666,2022-05-22 23:00:00,7866.2075,7829.99
1667,2022-05-23 00:00:00,7667.1177,7452.25
1668,2022-05-23 01:00:00,7210.9795,7236.7
1669,2022-05-23 02:00:00,6782.311,6734.82
1670,2022-05-23 03:00:00,6387.787,6460.83
1671,2022-05-23 04:00:00,6302.095,6427.75
1672,2022-05-23 05:00:00,6605.6187,6732.05
1673,2022-05-23 06:00:00,7457.9976,7468.47
1674,2022-05-23 07:00:00,8577.281,8744.36
1675,2022-05-23 08:00:00,8902.003,9141.7
1676,2022-05-23 09:00:00,8709.582,8710.54
1677,2022-05-23 10:00:00,8193.253,8431.21
1678,2022-05-23 11:00:00,8136.8594,8300.7
1679,2022-05-23 12:00:00,8118.82,8035.28
1680,2022-05-23 13:00:00,8023.209,7791.24
1681,2022-05-23 14:00:00,7826.4644,8007.31
1682,2022-05-23 15:00:00,8274.676,8258.36
1683,2022-05-23 16:00:00,8933.328,8967.33
1684,2022-05-23 17:00:00,9810.755,9939.67
1685,2022-05-23 18:00:00,10494.66,10431.82
1686,2022-05-23 19:00:00,9996.598,10124.68
1687,2022-05-23 20:00:00,9599.963,9717.26
1688,2022-05-23 21:00:00,9201.979,9202.71
1689,2022-05-23 22:00:00,8699.786,8559.86
1690,2022-05-23 23:00:00,8200.717,8170.66
1691,2022-05-24 00:00:00,7978.5845,7972.6
1692,2022-05-24 01:00:00,7713.3887,7814.57
1693,2022-05-24 02:00:00,7344.016,7281.49
1694,2022-05-24 03:00:00,6829.715,6756.27
1695,2022-05-24 04:00:00,6560.078,6654.89
1696,2022-05-24 05:00:00,6938.909,6828.9
1697,2022-05-24 06:00:00,7646.2925,7631.99
1698,2022-05-24 07:00:00,9047.168,8896.93
1699,2022-05-24 08:00:00,9248.793,9134.8
1700,2022-05-24 09:00:00,8615.741,8656.19
1701,2022-05-24 10:00:00,8144.689,8145.19
1702,2022-05-24 11:00:00,7848.7637,7723.01
1703,2022-05-24 12:00:00,7521.9785,7546.21
1704,2022-05-24 13:00:00,7577.3535,7573.92
1705,2022-05-24 14:00:00,7829.1406,7772.47
1706,2022-05-24 15:00:00,8079.125,8053.11
1707,2022-05-24 16:00:00,8755.49,8501.4
1708,2022-05-24 17:00:00,9479.204,9607.68
1709,2022-05-24 18:00:00,10342.773,10374.38
1710,2022-05-24 19:00:00,10011.062,10111.0
1711,2022-05-24 20:00:00,9663.888,9673.0
1712,2022-05-24 21:00:00,9203.1045,9215.19
1713,2022-05-24 22:00:00,8696.456,8627.77
1714,2022-05-24 23:00:00,8232.723,8323.1
1715,2022-05-25 00:00:00,8065.206,8042.67
1716,2022-05-25 01:00:00,7806.3457,7712.4
1717,2022-05-25 02:00:00,7286.76,7213.93
1718,2022-05-25 03:00:00,6817.3354,6885.92
1719,2022-05-25 04:00:00,6726.179,6622.22
1720,2022-05-25 05:00:00,6847.1455,6835.12
1721,2022-05-25 06:00:00,7586.6167,7575.86
1722,2022-05-25 07:00:00,8864.836,8947.64
1723,2022-05-25 08:00:00,9278.059,9092.7
1724,2022-05-25 09:00:00,8567.816,8522.67
1725,2022-05-25 10:00:00,7972.8267,7820.94
1726,2022-05-25 11:00:00,7418.005,7329.39
1727,2022-05-25 12:00:00,7164.1606,7239.41
1728,2022-05-25 13:00:00,7256.1187,7407.0
1729,2022-05-25 14:00:00,7658.44,7509.91
1730,2022-05-25 15:00:00,7836.7246,7853.14
1731,2022-05-25 16:00:00,8508.869,8568.7
1732,2022-05-25 17:00:00,9619.295,9558.0
1733,2022-05-25 18:00:00,10358.662,10375.17
1734,2022-05-25 19:00:00,9993.965,10017.13
1735,2022-05-25 20:00:00,9557.655,9573.71
1736,2022-05-25 21:00:00,9071.232,9115.34
1737,2022-05-25 22:00:00,8570.245,8629.81
1738,2022-05-25 23:00:00,8240.749,8323.13
1739,2022-05-26 00:00:00,8033.0293,8072.56
1740,2022-05-26 01:00:00,7822.5874,7674.92
1741,2022-05-26 02:00:00,7234.804,7328.64
1742,2022-05-26 03:00:00,6879.511,6820.28
1743,2022-05-26 04:00:00,6650.043,6628.07
1744,2022-05-26 05:00:00,6917.1055,6890.56
1745,2022-05-26 06:00:00,7692.93,7533.83
1746,2022-05-26 07:00:00,8891.426,8835.71
1747,2022-05-26 08:00:00,9174.802,9029.27
1748,2022-05-26 09:00:00,8455.421,8519.99
1749,2022-05-26 10:00:00,7912.8867,7818.85
1750,2022-05-26 11:00:00,7358.5693,7154.6
1751,2022-05-26 12:00:00,7036.545,6956.61
1752,2022-05-26 13:00:00,7001.355,6834.52
1753,2022-05-26 14:00:00,6991.3877,7121.02
1754,2022-05-26 15:00:00,7536.192,7495.84
1755,2022-05-26 16:00:00,8170.871,8307.37
1756,2022-05-26 17:00:00,9405.652,9278.27
1757,2022-05-26 18:00:00,10018.612,10008.64
1758,2022-05-26 19:00:00,9737.312,9692.11
1759,2022-05-26 20:00:00,9296.048,9348.58
1760,2022-05-26 21:00:00,8919.447,9031.07
1761,2022-05-26 22:00:00,8528.815,8443.8
1762,2022-05-26 23:00:00,8136.303,8209.41
1763,2022-05-27 00:00:00,7982.63,7885.17
1764,2022-05-27 01:00:00,7607.413,7726.85
1765,2022-05-27 02:00:00,7357.8926,7208.89
1766,2022-05-27 03:00:00,6829.1655,6800.6
1767,2022-05-27 04:00:00,6634.0005,6700.11
1768,2022-05-27 05:00:00,6902.01,6791.08
1769,2022-05-27 06:00:00,7529.7275,7596.86
1770,2022-05-27 07:00:00,8787.53,8653.0
1771,2022-05-27 08:00:00,8919.378,9074.57
1772,2022-05-27 09:00:00,8581.884,8527.13
1773,2022-05-27 10:00:00,7928.147,7872.75
1774,2022-05-27 11:00:00,7361.2876,7204.13
1775,2022-05-27 12:00:00,7018.4917,6921.89
1776,2022-05-27 13:00:00,6916.924,6977.51
1777,2022-05-27 14:00:00,7172.493,7133.83
1778,2022-05-27 15:00:00,7497.739,7593.09
1779,2022-05-27 16:00:00,8252.47,8268.41
1780,2022-05-27 17:00:00,9280.898,9133.14
1781,2022-05-27 18:00:00,9835.72,9292.64
1782,2022-05-27 19:00:00,8989.285,9141.3
1783,2022-05-27 20:00:00,8837.859,8881.58
1784,2022-05-27 21:00:00,8557.032,8667.41
1785,2022-05-27 22:00:00,8321.572,8415.47
1786,2022-05-27 23:00:00,8170.5557,8268.98
1787,2022-05-28 00:00:00,8039.4814,7967.2
1788,2022-05-28 01:00:00,7609.78,7666.37
1789,2022-05-28 02:00:00,7170.3267,7132.59
1790,2022-05-28 03:00:00,6765.784,6640.16
1791,2022-05-28 04:00:00,6424.348,6516.66
1792,2022-05-28 05:00:00,6565.1636,6426.27
1793,2022-05-28 06:00:00,6673.8535,6811.73
1794,2022-05-28 07:00:00,7393.6313,7452.71
1795,2022-05-28 08:00:00,7967.5244,7884.28
1796,2022-05-28 09:00:00,7819.777,7713.69
1797,2022-05-28 10:00:00,7284.3438,7192.65
1798,2022-05-28 11:00:00,6838.5093,6775.63
1799,2022-05-28 12:00:00,6609.7026,6470.33
1800,2022-05-28 13:00:00,6468.6426,6813.72
1801,2022-05-28 14:00:00,7080.37,7018.88
1802,2022-05-28 15:00:00,7347.698,7216.48
1803,2022-05-28 16:00:00,7814.073,7996.93
1804,2022-05-28 17:00:00,8822.005,8657.46
1805,2022-05-28 18:00:00,9172.669,9260.81
1806,2022-05-28 19:00:00,8916.078,8954.69
1807,2022-05-28 20:00:00,8597.987,8628.39
1808,2022-05-28 21:00:00,8359.68,8367.67
1809,2022-05-28 22:00:00,8056.4536,8030.22
1810,2022-05-28 23:00:00,7815.4546,7939.82
1811,2022-05-29 00:00:00,7745.603,7679.04
1812,2022-05-29 01:00:00,7333.678,7317.05
1813,2022-05-29 02:00:00,6865.5933,6894.71
1814,2022-05-29 03:00:00,6495.081,6564.5
1815,2022-05-29 04:00:00,6367.366,6366.59
1816,2022-05-29 05:00:00,6341.882,6542.66
1817,2022-05-29 06:00:00,6751.0996,6835.15
1818,2022-05-29 07:00:00,7234.045,7369.34
1819,2022-05-29 08:00:00,7737.712,7750.21
1820,2022-05-29 09:00:00,7736.5127,7695.7
1821,2022-05-29 10:00:00,7262.4326,7078.37
1822,2022-05-29 11:00:00,6713.038,6498.24
1823,2022-05-29 12:00:00,6300.2393,6188.97
1824,2022-05-29 13:00:00,6262.2593,6058.29
1825,2022-05-29 14:00:00,6263.213,6312.48
1826,2022-05-29 15:00:00,6669.7715,6933.31
1827,2022-05-29 16:00:00,7602.3276,7867.55
1828,2022-05-29 17:00:00,8741.389,9242.73
1829,2022-05-29 18:00:00,9784.522,10128.04
1830,2022-05-29 19:00:00,9613.614,9943.79
1831,2022-05-29 20:00:00,9368.325,9704.74
1832,2022-05-29 21:00:00,9226.4375,9248.48
1833,2022-05-29 22:00:00,8736.247,8604.27
1834,2022-05-29 23:00:00,8220.932,8067.7
1835,2022-05-30 00:00:00,7834.603,7745.63
1836,2022-05-30 01:00:00,7523.116,7482.17
1837,2022-05-30 02:00:00,7032.6807,7070.37
1838,2022-05-30 03:00:00,6688.9727,6538.75
1839,2022-05-30 04:00:00,6340.3687,6664.01
1840,2022-05-30 05:00:00,7009.578,6844.99
1841,2022-05-30 06:00:00,7594.139,7732.21
1842,2022-05-30 07:00:00,8800.654,9251.81
1843,2022-05-30 08:00:00,9463.339,9881.4
1844,2022-05-30 09:00:00,9358.899,9710.77
1845,2022-05-30 10:00:00,9124.332,9831.54
1846,2022-05-30 11:00:00,9577.024,9850.09
1847,2022-05-30 12:00:00,9759.472,9167.42
1848,2022-05-30 13:00:00,8904.342,9629.55
1849,2022-05-30 14:00:00,9787.895,9629.0
1850,2022-05-30 15:00:00,9804.072,10003.89
1851,2022-05-30 16:00:00,10518.3125,10307.23
1852,2022-05-30 17:00:00,11004.504,11369.8
1853,2022-05-30 18:00:00,11980.153,11818.61
1854,2022-05-30 19:00:00,11396.185,11469.0
1855,2022-05-30 20:00:00,10901.848,10945.93
1856,2022-05-30 21:00:00,10343.287,10167.79
1857,2022-05-30 22:00:00,9414.09,9307.45
1858,2022-05-30 23:00:00,8842.937,8664.45
1859,2022-05-31 00:00:00,8337.876,8262.74
1860,2022-05-31 01:00:00,8020.712,7960.86
1861,2022-05-31 02:00:00,7526.1367,7398.32
1862,2022-05-31 03:00:00,6930.5923,6899.46
1863,2022-05-31 04:00:00,6698.073,6733.0
1864,2022-05-31 05:00:00,6986.8877,7048.34
1865,2022-05-31 06:00:00,7923.947,7889.62
1866,2022-05-31 07:00:00,9454.471,9320.23
1867,2022-05-31 08:00:00,9960.963,9821.12
1868,2022-05-31 09:00:00,9543.737,9052.19
1869,2022-05-31 10:00:00,8453.324,8391.78
1870,2022-05-31 11:00:00,7938.5244,7937.87
1871,2022-05-31 12:00:00,7699.1987,7658.25
1872,2022-05-31 13:00:00,7675.9546,7790.36
1873,2022-05-31 14:00:00,8015.9893,8005.38
1874,2022-05-31 15:00:00,8255.18,8467.55
1875,2022-05-31 16:00:00,9140.51,9730.66
1876,2022-05-31 17:00:00,10923.738,11081.87
1877,2022-05-31 18:00:00,11734.152,11641.11
1878,2022-05-31 19:00:00,11192.537,11640.89
1879,2022-05-31 20:00:00,11091.247,11189.85
1880,2022-05-31 21:00:00,10425.774,10447.41
1881,2022-05-31 22:00:00,9657.371,9547.73
1882,2022-05-31 23:00:00,8973.016,8908.76
1883,2022-06-01 00:00:00,8515.174,8470.5
1884,2022-06-01 01:00:00,8151.129,8127.23
1885,2022-06-01 02:00:00,7660.5767,7583.31
1886,2022-06-01 03:00:00,7058.475,7189.86
1887,2022-06-01 04:00:00,6910.3887,7037.56
1888,2022-06-01 05:00:00,7187.0405,7303.54
1889,2022-06-01 06:00:00,8119.257,8321.54
1890,2022-06-01 07:00:00,9675.122,10029.79
1891,2022-06-01 08:00:00,10538.631,10401.01
1892,2022-06-01 09:00:00,9715.276,9620.23
1893,2022-06-01 10:00:00,8969.953,8961.41
1894,2022-06-01 11:00:00,8430.883,8340.87
1895,2022-06-01 12:00:00,8018.55,8081.61
1896,2022-06-01 13:00:00,8077.2637,8067.06
1897,2022-06-01 14:00:00,8206.737,8167.99
1898,2022-06-01 15:00:00,8547.524,8659.97
1899,2022-06-01 16:00:00,9810.825,9671.3
1900,2022-06-01 17:00:00,11032.063,11172.06
1901,2022-06-01 18:00:00,12046.282,11945.7
1902,2022-06-01 19:00:00,11663.009,11625.75
1903,2022-06-01 20:00:00,11130.482,11325.5
1904,2022-06-01 21:00:00,10540.4375,10679.93
1905,2022-06-01 22:00:00,9804.862,9832.45
1906,2022-06-01 23:00:00,9272.525,9150.08
1907,2022-06-02 00:00:00,8709.183,8672.93
1908,2022-06-02 01:00:00,8303.016,8392.59
1909,2022-06-02 02:00:00,7857.462,7945.74
1910,2022-06-02 03:00:00,7456.0254,7526.13
1911,2022-06-02 04:00:00,7188.1235,7318.43
1912,2022-06-02 05:00:00,7481.5566,7664.11
1913,2022-06-02 06:00:00,8571.676,8617.75
1914,2022-06-02 07:00:00,10186.854,10422.11
1915,2022-06-02 08:00:00,10937.99,10903.62
1916,2022-06-02 09:00:00,10095.014,10104.57
1917,2022-06-02 10:00:00,9364.06,9529.79
1918,2022-06-02 11:00:00,8966.157,9093.02
1919,2022-06-02 12:00:00,8764.682,8493.16
1920,2022-06-02 13:00:00,8371.484,8477.17
1921,2022-06-02 14:00:00,8584.278,8198.36
1922,2022-06-02 15:00:00,8519.838,8513.45
1923,2022-06-02 16:00:00,9621.769,9562.3
1924,2022-06-02 17:00:00,10908.238,10949.83
1925,2022-06-02 18:00:00,11870.076,11519.09
1926,2022-06-02 19:00:00,11239.072,11415.84
1927,2022-06-02 20:00:00,11019.91,11180.43
1928,2022-06-02 21:00:00,10492.407,10813.1
1929,2022-06-02 22:00:00,9996.537,9975.59
1930,2022-06-02 23:00:00,9338.515,9257.19
1931,2022-06-03 00:00:00,8845.163,8818.05
1932,2022-06-03 01:00:00,8436.807,8499.08
1933,2022-06-03 02:00:00,8028.6025,7891.78
1934,2022-06-03 03:00:00,7414.9746,7576.12
1935,2022-06-03 04:00:00,7305.912,7419.1
1936,2022-06-03 05:00:00,7694.1846,7618.19
1937,2022-06-03 06:00:00,8527.723,8484.34
1938,2022-06-03 07:00:00,10127.842,10160.22
1939,2022-06-03 08:00:00,10762.463,11068.58
1940,2022-06-03 09:00:00,10382.683,10782.31
1941,2022-06-03 10:00:00,10075.296,10009.4
1942,2022-06-03 11:00:00,9430.84,9804.1
1943,2022-06-03 12:00:00,9390.071,9309.36
1944,2022-06-03 13:00:00,9097.022,9237.86
1945,2022-06-03 14:00:00,9263.947,9716.56
1946,2022-06-03 15:00:00,9965.194,9965.49
1947,2022-06-03 16:00:00,10654.777,10801.92
1948,2022-06-03 17:00:00,11783.375,11544.19
1949,2022-06-03 18:00:00,12036.383,11600.09
1950,2022-06-03 19:00:00,11279.034,11056.88
1951,2022-06-03 20:00:00,10702.242,10949.7
1952,2022-06-03 21:00:00,10484.231,10419.68
1953,2022-06-03 22:00:00,9794.351,9680.73
1954,2022-06-03 23:00:00,9152.586,9196.96
1955,2022-06-04 00:00:00,8836.461,8764.67
1956,2022-06-04 01:00:00,8436.324,8370.49
1957,2022-06-04 02:00:00,7879.402,7657.84
1958,2022-06-04 03:00:00,7279.2036,7139.16
1959,2022-06-04 04:00:00,6931.721,6931.38
1960,2022-06-04 05:00:00,7022.8857,7042.39
1961,2022-06-04 06:00:00,7473.9067,7374.9
1962,2022-06-04 07:00:00,7983.3574,8240.09
1963,2022-06-04 08:00:00,8776.839,8898.54
1964,2022-06-04 09:00:00,8862.356,8620.91
1965,2022-06-04 10:00:00,8130.462,7965.6
1966,2022-06-04 11:00:00,7664.76,7378.49
1967,2022-06-04 12:00:00,7229.083,7094.71
1968,2022-06-04 13:00:00,7074.088,6921.13
1969,2022-06-04 14:00:00,6987.216,7127.55
1970,2022-06-04 15:00:00,7518.216,7594.05
1971,2022-06-04 16:00:00,8332.629,8571.03
1972,2022-06-04 17:00:00,9605.253,9728.6
1973,2022-06-04 18:00:00,10178.205,10543.54
1974,2022-06-04 19:00:00,10165.787,10310.97
1975,2022-06-04 20:00:00,9863.716,9887.31
1976,2022-06-04 21:00:00,9451.503,9543.47
1977,2022-06-04 22:00:00,9005.959,9143.66
1978,2022-06-04 23:00:00,8736.226,8615.61
1979,2022-06-05 00:00:00,8342.68,8208.56
1980,2022-06-05 01:00:00,7859.9062,7760.68
1981,2022-06-05 02:00:00,7281.2104,7195.19
1982,2022-06-05 03:00:00,6765.6514,6772.09
1983,2022-06-05 04:00:00,6527.0684,6701.79
1984,2022-06-05 05:00:00,6692.1543,6810.14
1985,2022-06-05 06:00:00,7072.8345,7060.74
1986,2022-06-05 07:00:00,7553.572,7664.24
1987,2022-06-05 08:00:00,8164.9746,8338.39
1988,2022-06-05 09:00:00,8329.988,8655.2
1989,2022-06-05 10:00:00,8135.917,8213.0
1990,2022-06-05 11:00:00,7647.3013,7414.74
1991,2022-06-05 12:00:00,7083.404,7030.42
1992,2022-06-05 13:00:00,6949.609,7161.42
1993,2022-06-05 14:00:00,7352.337,7570.13
1994,2022-06-05 15:00:00,7900.1523,8050.57
1995,2022-06-05 16:00:00,8782.691,9006.56
1996,2022-06-05 17:00:00,10179.14,10040.07
1997,2022-06-05 18:00:00,10785.706,10819.0
1998,2022-06-05 19:00:00,10494.765,10584.39
1999,2022-06-05 20:00:00,10183.267,10157.05
2000,2022-06-05 21:00:00,9714.816,9578.35
2001,2022-06-05 22:00:00,9039.854,8885.06
2002,2022-06-05 23:00:00,8431.467,8363.08
2003,2022-06-06 00:00:00,8044.6655,7874.37
2004,2022-06-06 01:00:00,7590.0938,7553.49
2005,2022-06-06 02:00:00,7083.1543,7150.33
2006,2022-06-06 03:00:00,6779.7236,6885.7
2007,2022-06-06 04:00:00,6775.6426,6831.08
2008,2022-06-06 05:00:00,7103.8735,7110.88
2009,2022-06-06 06:00:00,8002.785,7896.98
2010,2022-06-06 07:00:00,9333.832,9592.66
2011,2022-06-06 08:00:00,10220.941,10222.85
2012,2022-06-06 09:00:00,9743.213,9575.28
2013,2022-06-06 10:00:00,9162.074,8841.02
2014,2022-06-06 11:00:00,8365.803,8236.67
2015,2022-06-06 12:00:00,7880.747,7918.51
2016,2022-06-06 13:00:00,7887.1895,7762.56
2017,2022-06-06 14:00:00,7920.8774,7980.33
2018,2022-06-06 15:00:00,8419.153,8288.29
2019,2022-06-06 16:00:00,9206.718,9278.49
2020,2022-06-06 17:00:00,10574.18,10906.75
2021,2022-06-06 18:00:00,11647.405,12025.61
2022,2022-06-06 19:00:00,11571.682,11638.51
2023,2022-06-06 20:00:00,11051.054,11233.26
2024,2022-06-06 21:00:00,10619.975,10515.51
2025,2022-06-06 22:00:00,9699.53,9559.33
2026,2022-06-06 23:00:00,8943.363,8983.27
2027,2022-06-07 00:00:00,8539.926,8653.48
2028,2022-06-07 01:00:00,8277.412,8264.72
2029,2022-06-07 02:00:00,7797.3657,7701.09
2030,2022-06-07 03:00:00,7325.1577,7280.23
2031,2022-06-07 04:00:00,7094.178,7194.61
2032,2022-06-07 05:00:00,7403.8643,7412.83
2033,2022-06-07 06:00:00,8426.936,8336.7
2034,2022-06-07 07:00:00,10124.57,10165.62
2035,2022-06-07 08:00:00,10780.445,10532.43
2036,2022-06-07 09:00:00,9828.15,9731.93
2037,2022-06-07 10:00:00,8983.366,8772.66
2038,2022-06-07 11:00:00,8237.05,8199.45
2039,2022-06-07 12:00:00,7926.6445,7936.22
2040,2022-06-07 13:00:00,7968.428,8006.87
2041,2022-06-07 14:00:00,8246.837,8144.11
2042,2022-06-07 15:00:00,8531.074,8696.85
2043,2022-06-07 16:00:00,9731.71,9457.89
2044,2022-06-07 17:00:00,10937.305,11059.69
2045,2022-06-07 18:00:00,12167.169,12249.16
2046,2022-06-07 19:00:00,11810.183,12030.67
2047,2022-06-07 20:00:00,11474.786,11415.01
2048,2022-06-07 21:00:00,10739.406,10821.39
2049,2022-06-07 22:00:00,9986.737,9789.01
2050,2022-06-07 23:00:00,9140.395,9187.04
2051,2022-06-08 00:00:00,8701.304,8679.59
2052,2022-06-08 01:00:00,8328.487,8349.23
2053,2022-06-08 02:00:00,7845.7456,7875.04
2054,2022-06-08 03:00:00,7425.274,7434.79
2055,2022-06-08 04:00:00,7230.794,7177.08
2056,2022-06-08 05:00:00,7463.7026,7470.59
2057,2022-06-08 06:00:00,8461.959,8476.09
2058,2022-06-08 07:00:00,10307.832,10481.74
2059,2022-06-08 08:00:00,10946.591,10818.39
2060,2022-06-08 09:00:00,9990.195,9856.58
2061,2022-06-08 10:00:00,8998.782,8839.75
2062,2022-06-08 11:00:00,8253.792,8112.69
2063,2022-06-08 12:00:00,7871.6157,7707.09
2064,2022-06-08 13:00:00,7764.2837,7610.62
2065,2022-06-08 14:00:00,7882.701,7823.17
2066,2022-06-08 15:00:00,8297.715,8324.94
2067,2022-06-08 16:00:00,9252.432,9600.36
2068,2022-06-08 17:00:00,11126.088,11310.63
2069,2022-06-08 18:00:00,12195.548,12064.91
2070,2022-06-08 19:00:00,11796.562,11878.88
2071,2022-06-08 20:00:00,11367.338,11804.2
2072,2022-06-08 21:00:00,10953.834,11161.74
2073,2022-06-08 22:00:00,10185.856,10353.03
2074,2022-06-08 23:00:00,9550.354,9490.98
2075,2022-06-09 00:00:00,8909.81,8978.9
2076,2022-06-09 01:00:00,8615.282,8589.02
2077,2022-06-09 02:00:00,8088.2007,7980.47
2078,2022-06-09 03:00:00,7518.4795,7544.06
2079,2022-06-09 04:00:00,7271.721,7442.68
2080,2022-06-09 05:00:00,7616.268,7627.18
2081,2022-06-09 06:00:00,8565.891,8771.61
2082,2022-06-09 07:00:00,10570.111,10590.25
2083,2022-06-09 08:00:00,11091.026,11213.69
2084,2022-06-09 09:00:00,10282.095,10278.67
2085,2022-06-09 10:00:00,9289.1455,9192.1
2086,2022-06-09 11:00:00,8448.008,8592.05
2087,2022-06-09 12:00:00,8116.6377,8176.67
2088,2022-06-09 13:00:00,8083.634,8055.5
2089,2022-06-09 14:00:00,8189.0986,8283.43
2090,2022-06-09 15:00:00,8693.097,8691.39
2091,2022-06-09 16:00:00,9698.41,9649.0
2092,2022-06-09 17:00:00,11189.169,11351.32
2093,2022-06-09 18:00:00,12234.813,12019.41
2094,2022-06-09 19:00:00,11782.687,11805.89
2095,2022-06-09 20:00:00,11442.95,11599.18
2096,2022-06-09 21:00:00,10982.624,10983.14
2097,2022-06-09 22:00:00,10185.619,10077.97
2098,2022-06-09 23:00:00,9367.066,9385.32
2099,2022-06-10 00:00:00,8895.723,8878.72
2100,2022-06-10 01:00:00,8507.8125,8492.68
2101,2022-06-10 02:00:00,7993.4175,7877.17
2102,2022-06-10 03:00:00,7457.7173,7525.39
2103,2022-06-10 04:00:00,7335.0137,7365.6
2104,2022-06-10 05:00:00,7583.533,7711.24
2105,2022-06-10 06:00:00,8725.845,8532.13
2106,2022-06-10 07:00:00,10314.228,10244.98
2107,2022-06-10 08:00:00,10868.113,10821.24
2108,2022-06-10 09:00:00,10094.338,10009.12
2109,2022-06-10 10:00:00,9210.287,9043.07
2110,2022-06-10 11:00:00,8493.753,8260.21
2111,2022-06-10 12:00:00,7937.8794,7771.99
2112,2022-06-10 13:00:00,7786.109,7597.31
2113,2022-06-10 14:00:00,7947.6377,7686.44
2114,2022-06-10 15:00:00,8202.447,8198.94
2115,2022-06-10 16:00:00,9114.163,9267.96
2116,2022-06-10 17:00:00,10803.335,10627.42
2117,2022-06-10 18:00:00,11551.705,11199.58
2118,2022-06-10 19:00:00,11094.808,10890.69
2119,2022-06-10 20:00:00,10659.901,10891.87
2120,2022-06-10 21:00:00,10429.666,10356.74
2121,2022-06-10 22:00:00,9645.543,9721.9
2122,2022-06-10 23:00:00,9139.566,9285.23
2123,2022-06-11 00:00:00,8791.188,8896.79
2124,2022-06-11 01:00:00,8456.356,8541.06
2125,2022-06-11 02:00:00,7879.3076,7946.81
2126,2022-06-11 03:00:00,7490.7812,7393.59
2127,2022-06-11 04:00:00,7150.279,7132.45
2128,2022-06-11 05:00:00,7148.697,7164.68
2129,2022-06-11 06:00:00,7434.677,7574.89
2130,2022-06-11 07:00:00,8246.612,8582.86
2131,2022-06-11 08:00:00,9200.303,9194.73
2132,2022-06-11 09:00:00,8934.195,9018.74
2133,2022-06-11 10:00:00,8271.997,8061.18
2134,2022-06-11 11:00:00,7387.929,7325.46
2135,2022-06-11 12:00:00,6897.1694,6940.6
2136,2022-06-11 13:00:00,6807.9473,6821.19
2137,2022-06-11 14:00:00,6967.655,7039.39
2138,2022-06-11 15:00:00,7485.9204,7601.41
2139,2022-06-11 16:00:00,8451.136,8769.86
2140,2022-06-11 17:00:00,9933.184,10297.7
2141,2022-06-11 18:00:00,10834.192,10600.7
2142,2022-06-11 19:00:00,10275.463,10404.08
2143,2022-06-11 20:00:00,10045.71,10398.55
2144,2022-06-11 21:00:00,9888.094,9975.89
2145,2022-06-11 22:00:00,9352.747,9420.9
2146,2022-06-11 23:00:00,8875.609,8969.19
2147,2022-06-12 00:00:00,8558.783,8402.3
2148,2022-06-12 01:00:00,8009.701,8012.47
2149,2022-06-12 02:00:00,7523.6333,7356.35
2150,2022-06-12 03:00:00,6909.8667,7006.6
2151,2022-06-12 04:00:00,6786.938,6805.69
2152,2022-06-12 05:00:00,6869.076,6883.76
2153,2022-06-12 06:00:00,7121.1367,7249.73
2154,2022-06-12 07:00:00,7831.2827,7906.48
2155,2022-06-12 08:00:00,8469.298,8484.84
2156,2022-06-12 09:00:00,8501.64,8362.26
2157,2022-06-12 10:00:00,7679.19,7807.63
2158,2022-06-12 11:00:00,7149.775,7039.97
2159,2022-06-12 12:00:00,6655.987,6657.48
2160,2022-06-12 13:00:00,6630.629,6569.11
2161,2022-06-12 14:00:00,6784.4307,6626.91
2162,2022-06-12 15:00:00,7065.344,7209.81
2163,2022-06-12 16:00:00,8240.076,8413.87
2164,2022-06-12 17:00:00,9690.915,9804.79
2165,2022-06-12 18:00:00,10488.485,10372.96
2166,2022-06-12 19:00:00,10110.989,10050.47
2167,2022-06-12 20:00:00,9795.168,10086.62
2168,2022-06-12 21:00:00,9557.977,9661.92
2169,2022-06-12 22:00:00,9001.15,9118.01
2170,2022-06-12 23:00:00,8617.313,8626.44
2171,2022-06-13 00:00:00,8179.1265,8200.84
2172,2022-06-13 01:00:00,7792.0083,7864.11
2173,2022-06-13 02:00:00,7289.324,7367.55
2174,2022-06-13 03:00:00,6944.826,7024.79
2175,2022-06-13 04:00:00,6797.9326,6909.26
2176,2022-06-13 05:00:00,7025.13,7023.85
2177,2022-06-13 06:00:00,7655.458,7540.11
2178,2022-06-13 07:00:00,8687.242,8284.75
2179,2022-06-13 08:00:00,9057.066,8755.11
2180,2022-06-13 09:00:00,8583.278,8715.81
2181,2022-06-13 10:00:00,7969.2007,8171.26
2182,2022-06-13 11:00:00,7411.5493,7459.73
2183,2022-06-13 12:00:00,7012.87,6997.83
2184,2022-06-13 13:00:00,6902.446,6782.52
2185,2022-06-13 14:00:00,6968.312,6806.65
2186,2022-06-13 15:00:00,7337.8936,7458.09
2187,2022-06-13 16:00:00,8600.324,8615.06
2188,2022-06-13 17:00:00,10121.022,9914.47
2189,2022-06-13 18:00:00,10566.45,10958.11
2190,2022-06-13 19:00:00,10507.322,11153.64
2191,2022-06-13 20:00:00,10830.049,10922.37
2192,2022-06-13 21:00:00,10322.032,10291.44
2193,2022-06-13 22:00:00,9544.336,9512.26
2194,2022-06-13 23:00:00,8866.517,8947.84
2195,2022-06-14 00:00:00,8461.352,8708.33
2196,2022-06-14 01:00:00,8273.135,8386.12
2197,2022-06-14 02:00:00,7788.409,7866.26
2198,2022-06-14 03:00:00,7446.8164,7515.22
2199,2022-06-14 04:00:00,7315.777,7358.68
2200,2022-06-14 05:00:00,7488.4546,7664.79
2201,2022-06-14 06:00:00,8582.28,8664.18
2202,2022-06-14 07:00:00,10131.315,10619.76
2203,2022-06-14 08:00:00,11069.403,11345.77
2204,2022-06-14 09:00:00,10477.898,10507.8
2205,2022-06-14 10:00:00,9496.01,9632.96
2206,2022-06-14 11:00:00,8934.034,8725.59
2207,2022-06-14 12:00:00,8252.712,8245.67
2208,2022-06-14 13:00:00,8119.8364,7995.8
2209,2022-06-14 14:00:00,8140.388,8007.55
2210,2022-06-14 15:00:00,8455.393,8436.5
2211,2022-06-14 16:00:00,9400.537,9404.94
2212,2022-06-14 17:00:00,11032.301,10988.28
2213,2022-06-14 18:00:00,12018.35,12188.99
2214,2022-06-14 19:00:00,11987.974,11681.86
2215,2022-06-14 20:00:00,11332.952,11218.73
2216,2022-06-14 21:00:00,10660.772,10558.87
2217,2022-06-14 22:00:00,9757.1,10058.77
2218,2022-06-14 23:00:00,9408.818,9481.4
2219,2022-06-15 00:00:00,9016.326,9003.28
2220,2022-06-15 01:00:00,8628.807,8676.73
2221,2022-06-15 02:00:00,8147.3374,8092.86
2222,2022-06-15 03:00:00,7656.73,7686.29
2223,2022-06-15 04:00:00,7483.7056,7497.56
2224,2022-06-15 05:00:00,7773.645,7804.6
2225,2022-06-15 06:00:00,8864.976,8871.13
2226,2022-06-15 07:00:00,10710.63,10710.34
2227,2022-06-15 08:00:00,11356.61,11256.11
2228,2022-06-15 09:00:00,10326.315,10166.92
2229,2022-06-15 10:00:00,9139.854,9276.69
2230,2022-06-15 11:00:00,8495.086,8405.67
2231,2022-06-15 12:00:00,8014.0986,7835.37
2232,2022-06-15 13:00:00,7815.7754,7538.29
2233,2022-06-15 14:00:00,7712.91,7584.13
2234,2022-06-15 15:00:00,8079.506,8035.81
2235,2022-06-15 16:00:00,9063.722,9071.63
2236,2022-06-15 17:00:00,10841.934,10524.05
2237,2022-06-15 18:00:00,11733.454,11420.2
2238,2022-06-15 19:00:00,11282.616,10889.51
2239,2022-06-15 20:00:00,10564.772,10460.45
2240,2022-06-15 21:00:00,9944.907,10185.86
2241,2022-06-15 22:00:00,9560.271,9459.3
2242,2022-06-15 23:00:00,8885.657,8831.38
2243,2022-06-16 00:00:00,8488.191,8588.22
2244,2022-06-16 01:00:00,8270.895,8162.23
2245,2022-06-16 02:00:00,7688.2974,7810.86
2246,2022-06-16 03:00:00,7405.259,7277.82
2247,2022-06-16 04:00:00,7155.5474,7117.04
2248,2022-06-16 05:00:00,7435.6836,7331.51
2249,2022-06-16 06:00:00,8430.3955,8286.01
2250,2022-06-16 07:00:00,10064.921,10064.68
2251,2022-06-16 08:00:00,10761.044,10449.87
2252,2022-06-16 09:00:00,9517.337,9476.61
2253,2022-06-16 10:00:00,8537.613,8559.27
2254,2022-06-16 11:00:00,7888.561,7855.71
2255,2022-06-16 12:00:00,7482.285,7410.02
2256,2022-06-16 13:00:00,7351.5933,7327.39
2257,2022-06-16 14:00:00,7459.9727,7253.3
2258,2022-06-16 15:00:00,7653.025,8041.72
2259,2022-06-16 16:00:00,9052.838,9007.27
2260,2022-06-16 17:00:00,10451.3955,10023.01
2261,2022-06-16 18:00:00,10805.477,10925.23
2262,2022-06-16 19:00:00,10576.322,10807.68
2263,2022-06-16 20:00:00,10399.451,10339.73
2264,2022-06-16 21:00:00,9901.771,9888.17
2265,2022-06-16 22:00:00,9222.662,9166.16
2266,2022-06-16 23:00:00,8691.182,8717.46
2267,2022-06-17 00:00:00,8416.947,8549.9
2268,2022-06-17 01:00:00,8169.0913,8152.65
2269,2022-06-17 02:00:00,7710.4263,7702.43
2270,2022-06-17 03:00:00,7299.5776,7218.27
2271,2022-06-17 04:00:00,7058.496,7129.54
2272,2022-06-17 05:00:00,7334.97,7386.72
2273,2022-06-17 06:00:00,8284.84,8256.88
2274,2022-06-17 07:00:00,9760.775,9865.51
2275,2022-06-17 08:00:00,10405.194,10447.82
2276,2022-06-17 09:00:00,9556.663,9503.73
2277,2022-06-17 10:00:00,8493.534,8468.41
2278,2022-06-17 11:00:00,7725.0806,7831.18
2279,2022-06-17 12:00:00,7415.6187,7353.47
2280,2022-06-17 13:00:00,7240.478,7287.13
2281,2022-06-17 14:00:00,7488.9136,7589.49
2282,2022-06-17 15:00:00,8184.8545,8016.55
2283,2022-06-17 16:00:00,8895.629,8826.39
2284,2022-06-17 17:00:00,10091.273,9935.23
2285,2022-06-17 18:00:00,10758.951,10943.49
2286,2022-06-17 19:00:00,10667.173,10639.53
2287,2022-06-17 20:00:00,10223.084,9985.56
2288,2022-06-17 21:00:00,9640.83,9575.68
2289,2022-06-17 22:00:00,9002.009,8941.79
2290,2022-06-17 23:00:00,8601.027,8631.27
2291,2022-06-18 00:00:00,8355.807,8455.37
2292,2022-06-18 01:00:00,8109.587,8161.47
2293,2022-06-18 02:00:00,7674.1826,7312.6
2294,2022-06-18 03:00:00,7010.935,6901.13
2295,2022-06-18 04:00:00,6744.4033,6735.5
2296,2022-06-18 05:00:00,6860.4043,7101.58
2297,2022-06-18 06:00:00,7668.4062,7536.64
2298,2022-06-18 07:00:00,8254.937,8208.28
2299,2022-06-18 08:00:00,8627.732,8998.64
2300,2022-06-18 09:00:00,8677.38,8886.93
2301,2022-06-18 10:00:00,7987.675,8133.67
2302,2022-06-18 11:00:00,7362.3364,7369.25
2303,2022-06-18 12:00:00,6871.6807,6908.2
2304,2022-06-18 13:00:00,6736.897,6731.75
2305,2022-06-18 14:00:00,6839.219,6946.18
2306,2022-06-18 15:00:00,7493.1914,7471.23
2307,2022-06-18 16:00:00,8451.959,8246.31
2308,2022-06-18 17:00:00,9499.789,9505.28
2309,2022-06-18 18:00:00,10354.392,10196.88
2310,2022-06-18 19:00:00,10003.7,9975.15
2311,2022-06-18 20:00:00,9698.81,9613.27
2312,2022-06-18 21:00:00,9286.06,9215.58
2313,2022-06-18 22:00:00,8734.809,8846.59
2314,2022-06-18 23:00:00,8459.486,8595.71
2315,2022-06-19 00:00:00,8269.853,8274.33
2316,2022-06-19 01:00:00,7911.1445,7917.13
2317,2022-06-19 02:00:00,7292.4893,7381.35
2318,2022-06-19 03:00:00,6996.428,6908.82
2319,2022-06-19 04:00:00,6722.9956,6774.88
2320,2022-06-19 05:00:00,6883.1035,6902.96
2321,2022-06-19 06:00:00,7292.429,7247.27
2322,2022-06-19 07:00:00,7904.199,7738.22
2323,2022-06-19 08:00:00,8303.043,8347.18
2324,2022-06-19 09:00:00,8324.299,8294.86
2325,2022-06-19 10:00:00,7652.131,7854.9
2326,2022-06-19 11:00:00,7110.2026,7055.16
2327,2022-06-19 12:00:00,6579.639,6776.72
2328,2022-06-19 13:00:00,6651.346,6753.19
2329,2022-06-19 14:00:00,6859.178,7001.26
2330,2022-06-19 15:00:00,7562.1826,7422.82
2331,2022-06-19 16:00:00,8433.773,8478.28
2332,2022-06-19 17:00:00,9706.384,9689.67
2333,2022-06-19 18:00:00,10433.262,10439.67
2334,2022-06-19 19:00:00,9939.301,10211.82
2335,2022-06-19 20:00:00,9852.868,9817.64
2336,2022-06-19 21:00:00,9312.843,9323.92
2337,2022-06-19 22:00:00,8843.262,8739.69
2338,2022-06-19 23:00:00,8403.26,8248.52
2339,2022-06-20 00:00:00,8012.788,7968.47
2340,2022-06-20 01:00:00,7691.4873,7561.33
2341,2022-06-20 02:00:00,7108.8877,7142.26
2342,2022-06-20 03:00:00,6794.7363,6727.86
2343,2022-06-20 04:00:00,6670.619,6650.89
2344,2022-06-20 05:00:00,6877.98,6912.93
2345,2022-06-20 06:00:00,7541.41,7908.79
2346,2022-06-20 07:00:00,9147.231,9307.06
2347,2022-06-20 08:00:00,9948.27,9859.56
2348,2022-06-20 09:00:00,9203.258,9132.56
2349,2022-06-20 10:00:00,8290.749,8684.91
2350,2022-06-20 11:00:00,7944.2183,8093.63
2351,2022-06-20 12:00:00,7669.335,8341.71
2352,2022-06-20 13:00:00,8384.629,8238.07
2353,2022-06-20 14:00:00,8415.767,8473.62
2354,2022-06-20 15:00:00,8994.254,8507.69
2355,2022-06-20 16:00:00,9344.57,8981.47
2356,2022-06-20 17:00:00,10300.543,10239.84
2357,2022-06-20 18:00:00,11225.937,11233.17
2358,2022-06-20 19:00:00,10799.629,10981.75
2359,2022-06-20 20:00:00,10421.146,10488.64
2360,2022-06-20 21:00:00,9895.4375,9912.83
2361,2022-06-20 22:00:00,9288.676,9260.32
2362,2022-06-20 23:00:00,8798.809,8702.75
2363,2022-06-21 00:00:00,8391.732,8398.61
2364,2022-06-21 01:00:00,8091.5654,8166.12
2365,2022-06-21 02:00:00,7694.7207,7669.66
2366,2022-06-21 03:00:00,7299.4995,7142.73
2367,2022-06-21 04:00:00,7023.195,7150.78
2368,2022-06-21 05:00:00,7715.925,7456.09
2369,2022-06-21 06:00:00,8478.674,8324.05
2370,2022-06-21 07:00:00,10016.423,9983.94
2371,2022-06-21 08:00:00,10558.562,10536.06
2372,2022-06-21 09:00:00,9585.825,9634.02
2373,2022-06-21 10:00:00,8735.85,8789.61
2374,2022-06-21 11:00:00,8162.442,8200.62
2375,2022-06-21 12:00:00,7957.5957,7761.7
2376,2022-06-21 13:00:00,7739.8594,7968.63
2377,2022-06-21 14:00:00,8258.35,8269.8
2378,2022-06-21 15:00:00,8643.848,8259.49
2379,2022-06-21 16:00:00,9077.053,9148.92
2380,2022-06-21 17:00:00,10518.492,10325.21
2381,2022-06-21 18:00:00,11301.348,11229.33
2382,2022-06-21 19:00:00,10788.613,10954.85
2383,2022-06-21 20:00:00,10418.323,10481.03
2384,2022-06-21 21:00:00,9880.31,9963.06
2385,2022-06-21 22:00:00,9290.93,9242.93
2386,2022-06-21 23:00:00,8723.218,8844.05
2387,2022-06-22 00:00:00,8501.801,8462.34
2388,2022-06-22 01:00:00,8159.8096,8265.46
2389,2022-06-22 02:00:00,7709.56,7695.11
2390,2022-06-22 03:00:00,7304.09,7221.62
2391,2022-06-22 04:00:00,7115.59,7161.42
2392,2022-06-22 05:00:00,7513.0923,7433.57
2393,2022-06-22 06:00:00,8423.876,8360.01
2394,2022-06-22 07:00:00,9990.902,10069.14
2395,2022-06-22 08:00:00,10534.794,10487.55
2396,2022-06-22 09:00:00,9420.133,9554.24
2397,2022-06-22 10:00:00,8612.121,8665.48
2398,2022-06-22 11:00:00,8010.168,7788.06
2399,2022-06-22 12:00:00,7454.399,7341.88
2400,2022-06-22 13:00:00,7316.9785,7357.36
2401,2022-06-22 14:00:00,7692.631,7465.02
2402,2022-06-22 15:00:00,7935.893,7876.5
2403,2022-06-22 16:00:00,8726.1,8803.9
2404,2022-06-22 17:00:00,10065.915,10199.05
2405,2022-06-22 18:00:00,11108.147,11381.92
2406,2022-06-22 19:00:00,10850.651,11194.5
2407,2022-06-22 20:00:00,10639.224,10846.57
2408,2022-06-22 21:00:00,10162.891,10352.07
2409,2022-06-22 22:00:00,9587.03,9589.6
2410,2022-06-22 23:00:00,8943.352,9003.04
2411,2022-06-23 00:00:00,8617.093,8696.73
2412,2022-06-23 01:00:00,8380.466,8357.43
2413,2022-06-23 02:00:00,7777.675,7879.8
2414,2022-06-23 03:00:00,7404.17,7372.6
2415,2022-06-23 04:00:00,7204.416,7304.16
2416,2022-06-23 05:00:00,7521.837,7605.24
2417,2022-06-23 06:00:00,8444.918,8600.71
2418,2022-06-23 07:00:00,10176.465,10147.88
2419,2022-06-23 08:00:00,10564.964,10630.45
2420,2022-06-23 09:00:00,9558.926,9820.53
2421,2022-06-23 10:00:00,8728.763,8771.5
2422,2022-06-23 11:00:00,8026.3193,8060.28
2423,2022-06-23 12:00:00,7692.9873,7664.5
2424,2022-06-23 13:00:00,7599.8164,7330.76
2425,2022-06-23 14:00:00,7489.3364,7593.09
2426,2022-06-23 15:00:00,8073.305,7962.9
2427,2022-06-23 16:00:00,8843.559,9056.28
2428,2022-06-23 17:00:00,10309.816,10202.37
2429,2022-06-23 18:00:00,11159.954,11093.4
2430,2022-06-23 19:00:00,10761.978,10870.96
2431,2022-06-23 20:00:00,10400.407,10889.22
2432,2022-06-23 21:00:00,10224.218,10352.26
2433,2022-06-23 22:00:00,9600.95,9579.53
2434,2022-06-23 23:00:00,9000.771,9044.14
2435,2022-06-24 00:00:00,8684.702,8673.83
2436,2022-06-24 01:00:00,8406.697,8407.14
2437,2022-06-24 02:00:00,7856.15,7837.39
2438,2022-06-24 03:00:00,7349.6064,7262.87
2439,2022-06-24 04:00:00,7171.116,7131.22
2440,2022-06-24 05:00:00,7449.1206,7390.53
2441,2022-06-24 06:00:00,8358.023,8423.33
2442,2022-06-24 07:00:00,9943.959,9756.82
2443,2022-06-24 08:00:00,10296.883,10494.92
2444,2022-06-24 09:00:00,9589.082,9716.23
2445,2022-06-24 10:00:00,8661.908,8906.1
2446,2022-06-24 11:00:00,8045.3833,8282.15
2447,2022-06-24 12:00:00,7762.1875,7943.47
2448,2022-06-24 13:00:00,7845.02,7774.8
2449,2022-06-24 14:00:00,8003.9907,7919.24
2450,2022-06-24 15:00:00,8346.793,8310.41
2451,2022-06-24 16:00:00,9123.54,8919.77
2452,2022-06-24 17:00:00,10163.864,9890.13
2453,2022-06-24 18:00:00,10923.456,10528.51
2454,2022-06-24 19:00:00,10409.834,10251.05
2455,2022-06-24 20:00:00,10009.357,10278.48
2456,2022-06-24 21:00:00,9803.948,9811.73
2457,2022-06-24 22:00:00,9242.378,8975.02
2458,2022-06-24 23:00:00,8631.07,8947.24
2459,2022-06-25 00:00:00,8607.207,8601.18
2460,2022-06-25 01:00:00,8347.278,8290.7
2461,2022-06-25 02:00:00,7723.9688,7698.68
2462,2022-06-25 03:00:00,7205.9937,7162.3
2463,2022-06-25 04:00:00,7021.1177,6961.57
2464,2022-06-25 05:00:00,7101.5454,7146.08
2465,2022-06-25 06:00:00,7514.623,7432.39
2466,2022-06-25 07:00:00,8171.274,8213.8
2467,2022-06-25 08:00:00,8772.062,8842.68
2468,2022-06-25 09:00:00,8727.34,8536.04
2469,2022-06-25 10:00:00,7917.3374,7590.26
2470,2022-06-25 11:00:00,6987.0264,6747.38
2471,2022-06-25 12:00:00,6530.6533,6431.6
2472,2022-06-25 13:00:00,6333.1543,6272.9
2473,2022-06-25 14:00:00,6492.915,6439.1
2474,2022-06-25 15:00:00,7016.93,6896.78
2475,2022-06-25 16:00:00,7891.6763,7969.18
2476,2022-06-25 17:00:00,9218.812,9136.85
2477,2022-06-25 18:00:00,9994.175,9971.4
2478,2022-06-25 19:00:00,9914.079,9803.61
2479,2022-06-25 20:00:00,9589.296,9551.8
2480,2022-06-25 21:00:00,9226.376,9258.73
2481,2022-06-25 22:00:00,8818.534,8828.27
2482,2022-06-25 23:00:00,8497.664,8464.87
2483,2022-06-26 00:00:00,8155.772,8157.08
2484,2022-06-26 01:00:00,7826.275,7750.69
2485,2022-06-26 02:00:00,7276.015,7322.4
2486,2022-06-26 03:00:00,6941.141,6771.08
2487,2022-06-26 04:00:00,6617.8057,6694.67
2488,2022-06-26 05:00:00,6816.081,6752.13
2489,2022-06-26 06:00:00,7127.9707,7113.33
2490,2022-06-26 07:00:00,7667.181,7794.8
2491,2022-06-26 08:00:00,8336.672,8437.18
2492,2022-06-26 09:00:00,8279.535,8329.46
2493,2022-06-26 10:00:00,7594.858,7567.48
2494,2022-06-26 11:00:00,6819.5015,7037.8
2495,2022-06-26 12:00:00,6590.87,6760.58
2496,2022-06-26 13:00:00,6606.9507,6624.99
2497,2022-06-26 14:00:00,6772.371,6751.95
2498,2022-06-26 15:00:00,7219.695,7302.5
2499,2022-06-26 16:00:00,8295.006,8144.53
2500,2022-06-26 17:00:00,9375.611,9498.69
2501,2022-06-26 18:00:00,10329.322,10397.84
2502,2022-06-26 19:00:00,10051.466,10352.12
2503,2022-06-26 20:00:00,9876.176,9903.7
2504,2022-06-26 21:00:00,9446.075,9563.83
2505,2022-06-26 22:00:00,8967.013,8867.32
2506,2022-06-26 23:00:00,8446.855,8345.88
2507,2022-06-27 00:00:00,8065.7407,7917.95
2508,2022-06-27 01:00:00,7587.9336,7652.71
2509,2022-06-27 02:00:00,7147.392,7177.02
2510,2022-06-27 03:00:00,6800.219,6877.24
2511,2022-06-27 04:00:00,6683.239,6822.51
2512,2022-06-27 05:00:00,7087.4907,7243.03
2513,2022-06-27 06:00:00,8168.3374,8187.14
2514,2022-06-27 07:00:00,9592.668,9652.42
2515,2022-06-27 08:00:00,10253.799,10356.32
2516,2022-06-27 09:00:00,9458.796,9522.25
2517,2022-06-27 10:00:00,8584.49,8705.75
2518,2022-06-27 11:00:00,8023.5996,8000.74
2519,2022-06-27 12:00:00,7861.0693,7688.5
2520,2022-06-27 13:00:00,7721.7036,7988.88
2521,2022-06-27 14:00:00,8272.73,8364.28
2522,2022-06-27 15:00:00,8595.136,8917.92
2523,2022-06-27 16:00:00,9553.832,9679.12
2524,2022-06-27 17:00:00,10653.424,11163.06
2525,2022-06-27 18:00:00,11773.084,11888.64
2526,2022-06-27 19:00:00,11194.579,11630.13
2527,2022-06-27 20:00:00,11031.787,11473.85
2528,2022-06-27 21:00:00,10696.429,10899.3
2529,2022-06-27 22:00:00,10111.569,9929.04
2530,2022-06-27 23:00:00,9256.629,9376.0
2531,2022-06-28 00:00:00,8977.286,8926.04
2532,2022-06-28 01:00:00,8605.021,8533.71
2533,2022-06-28 02:00:00,8075.5537,8080.83
2534,2022-06-28 03:00:00,7646.703,7653.92
2535,2022-06-28 04:00:00,7480.8486,7360.74
2536,2022-06-28 05:00:00,7611.5137,7688.3
2537,2022-06-28 06:00:00,8696.03,8685.53
2538,2022-06-28 07:00:00,10435.888,10386.79
2539,2022-06-28 08:00:00,10962.434,11033.97
2540,2022-06-28 09:00:00,9944.878,10167.54
2541,2022-06-28 10:00:00,9083.633,9284.78
2542,2022-06-28 11:00:00,8449.376,8553.82
2543,2022-06-28 12:00:00,8059.82,8169.09
2544,2022-06-28 13:00:00,8125.096,8560.57
2545,2022-06-28 14:00:00,8779.894,8704.66
2546,2022-06-28 15:00:00,9072.659,8916.49
2547,2022-06-28 16:00:00,9840.1455,9717.14
2548,2022-06-28 17:00:00,11074.644,11132.84
2549,2022-06-28 18:00:00,12024.706,11675.02
2550,2022-06-28 19:00:00,11348.577,11506.97
2551,2022-06-28 20:00:00,11181.503,11213.89
2552,2022-06-28 21:00:00,10548.475,10601.78
2553,2022-06-28 22:00:00,9817.771,9749.22
2554,2022-06-28 23:00:00,9144.727,9138.96
2555,2022-06-29 00:00:00,8788.968,8741.97
2556,2022-06-29 01:00:00,8485.036,8487.46
2557,2022-06-29 02:00:00,7997.051,7931.93
2558,2022-06-29 03:00:00,7496.418,7457.2
2559,2022-06-29 04:00:00,7354.5923,7282.93
2560,2022-06-29 05:00:00,7672.3887,7534.74
2561,2022-06-29 06:00:00,8603.231,8434.65
2562,2022-06-29 07:00:00,10226.944,9989.76
2563,2022-06-29 08:00:00,10618.446,10678.11
2564,2022-06-29 09:00:00,9716.548,9882.31
2565,2022-06-29 10:00:00,8842.43,9147.28
2566,2022-06-29 11:00:00,8324.613,8570.62
2567,2022-06-29 12:00:00,8044.3535,7973.89
2568,2022-06-29 13:00:00,8000.852,7972.24
2569,2022-06-29 14:00:00,8277.14,8259.22
2570,2022-06-29 15:00:00,8624.653,8670.98
2571,2022-06-29 16:00:00,9489.959,9699.26
2572,2022-06-29 17:00:00,11043.836,10800.85
2573,2022-06-29 18:00:00,11511.339,11282.99
2574,2022-06-29 19:00:00,11066.308,10991.99
2575,2022-06-29 20:00:00,10695.053,10863.88
2576,2022-06-29 21:00:00,10281.52,10236.44
2577,2022-06-29 22:00:00,9511.82,9492.32
2578,2022-06-29 23:00:00,8977.43,8890.53
2579,2022-06-30 00:00:00,8562.837,8579.97
2580,2022-06-30 01:00:00,8320.91,8399.79
2581,2022-06-30 02:00:00,7825.578,7784.38
2582,2022-06-30 03:00:00,7273.399,7350.84
2583,2022-06-30 04:00:00,7258.358,7165.62
2584,2022-06-30 05:00:00,7523.9287,7430.79
2585,2022-06-30 06:00:00,8450.88,8197.51
2586,2022-06-30 07:00:00,9744.495,9466.04
2587,2022-06-30 08:00:00,10257.879,10313.94
2588,2022-06-30 09:00:00,9468.783,10115.17
2589,2022-06-30 10:00:00,9055.619,9245.78
2590,2022-06-30 11:00:00,8368.05,8600.44
2591,2022-06-30 12:00:00,8008.537,8442.37
2592,2022-06-30 13:00:00,8281.503,8444.22
2593,2022-06-30 14:00:00,8661.322,8669.26
2594,2022-06-30 15:00:00,9011.21,8917.86
2595,2022-06-30 16:00:00,9769.929,9379.82
2596,2022-06-30 17:00:00,10699.401,10367.66
2597,2022-06-30 18:00:00,11210.889,10838.96
2598,2022-06-30 19:00:00,10721.499,10596.09
2599,2022-06-30 20:00:00,10371.065,10542.49
2600,2022-06-30 21:00:00,9963.381,10170.29
2601,2022-06-30 22:00:00,9480.912,9480.48
2602,2022-06-30 23:00:00,8977.521,9011.02
2603,2022-07-01 00:00:00,8716.195,8575.32
2604,2022-07-01 01:00:00,8381.591,8443.7
2605,2022-07-01 02:00:00,7876.4224,7799.5
2606,2022-07-01 03:00:00,7340.2583,7235.5
2607,2022-07-01 04:00:00,7116.9995,7105.46
2608,2022-07-01 05:00:00,7411.7393,7374.19
2609,2022-07-01 06:00:00,8208.445,8031.16
2610,2022-07-01 07:00:00,9324.488,9364.27
2611,2022-07-01 08:00:00,10115.909,10327.39
2612,2022-07-01 09:00:00,9816.947,10416.9
2613,2022-07-01 10:00:00,9431.223,10363.1
2614,2022-07-01 11:00:00,9357.8,10293.33
2615,2022-07-01 12:00:00,9663.13,10285.41
2616,2022-07-01 13:00:00,10057.553,10325.08
2617,2022-07-01 14:00:00,10343.468,10368.69
2618,2022-07-01 15:00:00,10518.883,10427.04
2619,2022-07-01 16:00:00,10759.725,10825.31
2620,2022-07-01 17:00:00,11436.106,11479.48
2621,2022-07-01 18:00:00,11934.96,11465.06
2622,2022-07-01 19:00:00,11233.653,11057.68
2623,2022-07-01 20:00:00,10796.357,10749.3
2624,2022-07-01 21:00:00,10243.912,10347.8
2625,2022-07-01 22:00:00,9670.953,9656.36
2626,2022-07-01 23:00:00,9160.662,9194.24
2627,2022-07-02 00:00:00,8889.926,8745.55
2628,2022-07-02 01:00:00,8490.085,8413.97
2629,2022-07-02 02:00:00,7806.9795,7739.04
2630,2022-07-02 03:00:00,7280.598,7206.58
2631,2022-07-02 04:00:00,7082.051,6979.87
2632,2022-07-02 05:00:00,7158.603,6947.2
2633,2022-07-02 06:00:00,7317.852,7272.29
2634,2022-07-02 07:00:00,8028.002,7952.31
2635,2022-07-02 08:00:00,8645.427,8908.02
2636,2022-07-02 09:00:00,8919.5,9581.22
2637,2022-07-02 10:00:00,9010.598,9777.11
2638,2022-07-02 11:00:00,9002.11,9486.42
2639,2022-07-02 12:00:00,8786.452,9399.44
2640,2022-07-02 13:00:00,9275.117,9405.47
2641,2022-07-02 14:00:00,9491.508,9411.75
2642,2022-07-02 15:00:00,9622.5,9590.98
2643,2022-07-02 16:00:00,10129.331,9939.91
2644,2022-07-02 17:00:00,10924.747,10526.79
2645,2022-07-02 18:00:00,11026.707,10791.32
2646,2022-07-02 19:00:00,10567.397,10252.78
2647,2022-07-02 20:00:00,10026.28,9836.2
2648,2022-07-02 21:00:00,9491.458,9333.25
2649,2022-07-02 22:00:00,8903.015,8929.92
2650,2022-07-02 23:00:00,8620.709,8524.37
2651,2022-07-03 00:00:00,8241.002,8156.99
2652,2022-07-03 01:00:00,7866.189,7716.36
2653,2022-07-03 02:00:00,7249.95,7211.52
2654,2022-07-03 03:00:00,6882.8726,6835.15
2655,2022-07-03 04:00:00,6681.955,6607.71
2656,2022-07-03 05:00:00,6596.015,6673.9
2657,2022-07-03 06:00:00,6951.274,6827.89
2658,2022-07-03 07:00:00,7312.2886,7413.01
2659,2022-07-03 08:00:00,8152.444,8010.15
2660,2022-07-03 09:00:00,8269.723,8666.84
2661,2022-07-03 10:00:00,8376.753,8902.54
2662,2022-07-03 11:00:00,8348.85,8807.86
2663,2022-07-03 12:00:00,8223.839,8635.35
2664,2022-07-03 13:00:00,8356.898,8576.39
2665,2022-07-03 14:00:00,8641.398,8698.0
2666,2022-07-03 15:00:00,8920.484,8923.95
2667,2022-07-03 16:00:00,9466.868,9540.12
2668,2022-07-03 17:00:00,10255.293,10289.87
2669,2022-07-03 18:00:00,10642.995,10737.04
2670,2022-07-03 19:00:00,10381.581,10310.51
2671,2022-07-03 20:00:00,9866.2,9905.65
2672,2022-07-03 21:00:00,9402.218,9353.37
2673,2022-07-03 22:00:00,8863.117,8691.9
2674,2022-07-03 23:00:00,8317.497,8341.52
2675,2022-07-04 00:00:00,8012.409,7885.89
2676,2022-07-04 01:00:00,7512.045,7408.89
2677,2022-07-04 02:00:00,7001.1504,7035.27
2678,2022-07-04 03:00:00,6688.5674,6729.4
2679,2022-07-04 04:00:00,6617.9487,6639.81
2680,2022-07-04 05:00:00,6674.0044,6805.92
2681,2022-07-04 06:00:00,7347.5444,7481.27
2682,2022-07-04 07:00:00,8442.803,8740.49
2683,2022-07-04 08:00:00,9666.979,9449.32
2684,2022-07-04 09:00:00,9611.796,9519.55
2685,2022-07-04 10:00:00,9099.449,9362.42
2686,2022-07-04 11:00:00,8993.445,9126.8
2687,2022-07-04 12:00:00,9012.46,9043.45
2688,2022-07-04 13:00:00,9014.161,8866.52
2689,2022-07-04 14:00:00,8985.635,9082.15
2690,2022-07-04 15:00:00,9354.218,9325.03
2691,2022-07-04 16:00:00,9923.14,9773.62
2692,2022-07-04 17:00:00,10598.04,10650.62
2693,2022-07-04 18:00:00,11028.425,11390.19
2694,2022-07-04 19:00:00,10925.25,11073.56
2695,2022-07-04 20:00:00,10567.621,10351.45
2696,2022-07-04 21:00:00,9836.343,9804.47
2697,2022-07-04 22:00:00,9233.363,9161.5
2698,2022-07-04 23:00:00,8755.84,8690.97
2699,2022-07-05 00:00:00,8354.77,8442.39
2700,2022-07-05 01:00:00,7956.8354,8095.43
2701,2022-07-05 02:00:00,7589.194,7565.11
2702,2022-07-05 03:00:00,7206.3926,6983.17
2703,2022-07-05 04:00:00,6861.7563,6856.99
2704,2022-07-05 05:00:00,7029.256,7055.13
2705,2022-07-05 06:00:00,7816.5083,7741.48
2706,2022-07-05 07:00:00,9071.066,8768.54
2707,2022-07-05 08:00:00,9748.51,9546.86
2708,2022-07-05 09:00:00,9692.916,9926.7
2709,2022-07-05 10:00:00,9540.081,9754.78
2710,2022-07-05 11:00:00,9370.434,9444.94
2711,2022-07-05 12:00:00,9238.18,9434.42
2712,2022-07-05 13:00:00,9427.861,9384.26
2713,2022-07-05 14:00:00,9487.04,9415.31
2714,2022-07-05 15:00:00,9683.847,9678.53
2715,2022-07-05 16:00:00,10170.443,10011.01
2716,2022-07-05 17:00:00,10893.682,10782.04
2717,2022-07-05 18:00:00,11367.983,11078.75
2718,2022-07-05 19:00:00,10743.352,10783.65
2719,2022-07-05 20:00:00,10332.441,10313.81
2720,2022-07-05 21:00:00,9756.201,9770.95
2721,2022-07-05 22:00:00,9163.945,9023.05
2722,2022-07-05 23:00:00,8586.617,8607.09
2723,2022-07-06 00:00:00,8294.97,8361.56
2724,2022-07-06 01:00:00,7995.973,8028.34
2725,2022-07-06 02:00:00,7505.627,7438.87
2726,2022-07-06 03:00:00,7003.4424,6987.12
2727,2022-07-06 04:00:00,6839.9536,6741.12
2728,2022-07-06 05:00:00,6990.496,6967.91
2729,2022-07-06 06:00:00,7677.55,7632.72
2730,2022-07-06 07:00:00,8817.08,8608.8
2731,2022-07-06 08:00:00,9438.601,9337.94
2732,2022-07-06 09:00:00,9649.209,9653.49
2733,2022-07-06 10:00:00,9434.914,9483.12
2734,2022-07-06 11:00:00,9209.131,9250.71
2735,2022-07-06 12:00:00,9176.245,8974.38
2736,2022-07-06 13:00:00,8942.668,8990.91
2737,2022-07-06 14:00:00,9101.072,9011.14
2738,2022-07-06 15:00:00,9308.35,9315.78
2739,2022-07-06 16:00:00,9852.128,9574.03
2740,2022-07-06 17:00:00,10498.651,10252.54
2741,2022-07-06 18:00:00,10810.105,10438.76
2742,2022-07-06 19:00:00,10154.776,10168.26
2743,2022-07-06 20:00:00,9856.324,10061.17
2744,2022-07-06 21:00:00,9537.974,9534.14
2745,2022-07-06 22:00:00,8947.746,8965.68
2746,2022-07-06 23:00:00,8530.824,8603.08
2747,2022-07-07 00:00:00,8230.992,8329.04
2748,2022-07-07 01:00:00,7942.339,7940.93
2749,2022-07-07 02:00:00,7416.4307,7410.31
2750,2022-07-07 03:00:00,6970.8125,6924.44
2751,2022-07-07 04:00:00,6783.037,6765.85
2752,2022-07-07 05:00:00,6918.408,6990.75
2753,2022-07-07 06:00:00,7619.63,7594.34
2754,2022-07-07 07:00:00,8622.523,8586.99
2755,2022-07-07 08:00:00,9341.362,9091.11
2756,2022-07-07 09:00:00,9343.693,8930.67
2757,2022-07-07 10:00:00,8800.033,8482.68
2758,2022-07-07 11:00:00,8195.558,8010.74
2759,2022-07-07 12:00:00,7865.0063,7571.44
2760,2022-07-07 13:00:00,7531.9487,7681.65
2761,2022-07-07 14:00:00,7823.312,7784.82
2762,2022-07-07 15:00:00,8066.227,7986.09
2763,2022-07-07 16:00:00,8472.05,8515.03
2764,2022-07-07 17:00:00,9302.577,9697.64
2765,2022-07-07 18:00:00,10240.7295,10604.91
2766,2022-07-07 19:00:00,10237.682,10399.03
2767,2022-07-07 20:00:00,10023.452,10043.69
2768,2022-07-07 21:00:00,9553.612,9794.84
2769,2022-07-07 22:00:00,9126.675,9175.65
2770,2022-07-07 23:00:00,8705.942,8701.68
2771,2022-07-08 00:00:00,8412.059,8484.47
2772,2022-07-08 01:00:00,8166.864,8202.56
2773,2022-07-08 02:00:00,7601.888,7639.36
2774,2022-07-08 03:00:00,7185.686,7178.58
2775,2022-07-08 04:00:00,6997.239,6972.3
2776,2022-07-08 05:00:00,7027.9785,7254.66
2777,2022-07-08 06:00:00,7894.131,7982.86
2778,2022-07-08 07:00:00,8958.575,9166.78
2779,2022-07-08 08:00:00,9858.503,9737.58
2780,2022-07-08 09:00:00,9691.535,9314.88
2781,2022-07-08 10:00:00,8775.914,8400.89
2782,2022-07-08 11:00:00,7868.6426,7795.74
2783,2022-07-08 12:00:00,7436.487,7458.56
2784,2022-07-08 13:00:00,7467.2407,7280.51
2785,2022-07-08 14:00:00,7436.857,7562.59
2786,2022-07-08 15:00:00,7922.1655,8028.15
2787,2022-07-08 16:00:00,8620.372,9006.26
2788,2022-07-08 17:00:00,10093.896,10443.04
2789,2022-07-08 18:00:00,10993.276,11118.78
2790,2022-07-08 19:00:00,10740.781,10841.26
2791,2022-07-08 20:00:00,10452.16,10821.48
2792,2022-07-08 21:00:00,10228.542,10275.48
2793,2022-07-08 22:00:00,9589.395,9757.03
2794,2022-07-08 23:00:00,9149.43,9251.93
2795,2022-07-09 00:00:00,8945.7,8869.99
2796,2022-07-09 01:00:00,8558.438,8499.01
2797,2022-07-09 02:00:00,7968.747,7849.18
2798,2022-07-09 03:00:00,7385.0786,7411.27
2799,2022-07-09 04:00:00,7178.3945,7147.46
2800,2022-07-09 05:00:00,7224.0127,7229.2
2801,2022-07-09 06:00:00,7631.5376,7674.85
2802,2022-07-09 07:00:00,8529.49,8500.89
2803,2022-07-09 08:00:00,9233.374,9170.68
2804,2022-07-09 09:00:00,9231.633,8947.54
2805,2022-07-09 10:00:00,8266.673,8196.61
2806,2022-07-09 11:00:00,7559.9404,7320.25
2807,2022-07-09 12:00:00,6912.002,6713.72
2808,2022-07-09 13:00:00,6568.6846,6532.86
2809,2022-07-09 14:00:00,6716.9756,6800.59
2810,2022-07-09 15:00:00,7265.998,7394.95
2811,2022-07-09 16:00:00,8297.261,8365.15
2812,2022-07-09 17:00:00,9530.255,9783.68
2813,2022-07-09 18:00:00,10438.853,10316.19
2814,2022-07-09 19:00:00,9991.969,10255.93
2815,2022-07-09 20:00:00,9910.902,10148.99
2816,2022-07-09 21:00:00,9662.472,9917.98
2817,2022-07-09 22:00:00,9302.1045,9480.61
2818,2022-07-09 23:00:00,8937.347,9087.73
2819,2022-07-10 00:00:00,8708.418,8631.99
2820,2022-07-10 01:00:00,8322.233,8278.68
2821,2022-07-10 02:00:00,7723.612,7577.92
2822,2022-07-10 03:00:00,7164.9917,7180.68
2823,2022-07-10 04:00:00,7000.2017,6997.89
2824,2022-07-10 05:00:00,7074.6455,7065.18
2825,2022-07-10 06:00:00,7401.2476,7369.7
2826,2022-07-10 07:00:00,8086.225,7990.96
2827,2022-07-10 08:00:00,8562.848,8732.67
2828,2022-07-10 09:00:00,8600.376,9130.87
2829,2022-07-10 10:00:00,8527.446,8989.38
2830,2022-07-10 11:00:00,8098.119,8551.7
2831,2022-07-10 12:00:00,7848.1235,8020.64
2832,2022-07-10 13:00:00,7785.2705,8072.46
2833,2022-07-10 14:00:00,8162.1045,7859.41
2834,2022-07-10 15:00:00,8097.518,8447.55
2835,2022-07-10 16:00:00,9089.565,9212.35
2836,2022-07-10 17:00:00,10397.345,10366.32
2837,2022-07-10 18:00:00,11115.071,11169.42
2838,2022-07-10 19:00:00,10902.637,11005.46
2839,2022-07-10 20:00:00,10646.832,10503.77
2840,2022-07-10 21:00:00,10053.386,10059.86
2841,2022-07-10 22:00:00,9536.956,9421.93
2842,2022-07-10 23:00:00,8939.704,8768.06
2843,2022-07-11 00:00:00,8438.844,8457.31
2844,2022-07-11 01:00:00,8148.214,8031.81
2845,2022-07-11 02:00:00,7512.497,7526.32
2846,2022-07-11 03:00:00,7125.5464,7105.54
2847,2022-07-11 04:00:00,6956.5356,6998.14
2848,2022-07-11 05:00:00,7149.1265,7292.27
2849,2022-07-11 06:00:00,7989.4473,8005.66
2850,2022-07-11 07:00:00,9099.995,9323.89
2851,2022-07-11 08:00:00,9999.99,10009.28
2852,2022-07-11 09:00:00,9799.171,9833.07
2853,2022-07-11 10:00:00,9115.3955,9133.4
2854,2022-07-11 11:00:00,8485.345,8442.65
2855,2022-07-11 12:00:00,8078.623,8083.41
2856,2022-07-11 13:00:00,8044.966,8307.11
2857,2022-07-11 14:00:00,8524.291,8615.34
2858,2022-07-11 15:00:00,8954.654,8876.91
2859,2022-07-11 16:00:00,9527.731,9512.59
2860,2022-07-11 17:00:00,10709.706,10797.82
2861,2022-07-11 18:00:00,11485.807,11472.88
2862,2022-07-11 19:00:00,11204.044,11220.69
2863,2022-07-11 20:00:00,10889.695,11005.92
2864,2022-07-11 21:00:00,10458.394,10517.43
2865,2022-07-11 22:00:00,9773.994,9739.41
2866,2022-07-11 23:00:00,9172.535,9125.02
2867,2022-07-12 00:00:00,8794.086,8809.76
2868,2022-07-12 01:00:00,8506.879,8486.23
2869,2022-07-12 02:00:00,7965.7476,7960.88
2870,2022-07-12 03:00:00,7530.1636,7484.28
2871,2022-07-12 04:00:00,7315.752,7352.75
2872,2022-07-12 05:00:00,7617.5312,7629.54
2873,2022-07-12 06:00:00,8428.303,8407.39
2874,2022-07-12 07:00:00,9806.582,9818.78
2875,2022-07-12 08:00:00,10545.375,10512.06
2876,2022-07-12 09:00:00,9914.582,10277.22
2877,2022-07-12 10:00:00,9385.522,9490.61
2878,2022-07-12 11:00:00,8666.2,8554.06
2879,2022-07-12 12:00:00,8149.743,8099.43
2880,2022-07-12 13:00:00,8251.933,7960.58
2881,2022-07-12 14:00:00,8315.095,8064.22
2882,2022-07-12 15:00:00,8413.809,8492.12
2883,2022-07-12 16:00:00,9171.256,9401.15
2884,2022-07-12 17:00:00,10744.74,10661.29
2885,2022-07-12 18:00:00,11366.099,11487.28
2886,2022-07-12 19:00:00,11202.975,11252.51
2887,2022-07-12 20:00:00,10937.985,11105.51
2888,2022-07-12 21:00:00,10497.978,10576.01
2889,2022-07-12 22:00:00,9787.328,9835.89
2890,2022-07-12 23:00:00,9181.67,9208.89
2891,2022-07-13 00:00:00,8836.428,8791.46
2892,2022-07-13 01:00:00,8517.197,8488.38
2893,2022-07-13 02:00:00,7949.072,7897.14
2894,2022-07-13 03:00:00,7464.03,7444.33
2895,2022-07-13 04:00:00,7292.1533,7288.67
2896,2022-07-13 05:00:00,7600.1777,7525.65
2897,2022-07-13 06:00:00,8338.717,8291.74
2898,2022-07-13 07:00:00,9661.887,9541.11
2899,2022-07-13 08:00:00,10253.037,10126.5
2900,2022-07-13 09:00:00,9799.165,9795.47
2901,2022-07-13 10:00:00,9019.162,9041.0
2902,2022-07-13 11:00:00,8316.128,8697.72
2903,2022-07-13 12:00:00,8224.108,8244.74
2904,2022-07-13 13:00:00,8181.2925,8292.22
2905,2022-07-13 14:00:00,8515.193,8477.17
2906,2022-07-13 15:00:00,8802.332,9041.12
2907,2022-07-13 16:00:00,9727.097,9966.13
2908,2022-07-13 17:00:00,10930.369,11105.24
2909,2022-07-13 18:00:00,11578.057,11722.38
2910,2022-07-13 19:00:00,11275.367,11575.9
2911,2022-07-13 20:00:00,11244.473,11368.71
2912,2022-07-13 21:00:00,10786.595,10746.41
2913,2022-07-13 22:00:00,9925.312,10166.62
2914,2022-07-13 23:00:00,9481.628,9545.54
2915,2022-07-14 00:00:00,9058.171,9074.12
2916,2022-07-14 01:00:00,8672.815,8627.36
2917,2022-07-14 02:00:00,7973.8887,8109.35
2918,2022-07-14 03:00:00,7640.625,7579.46
2919,2022-07-14 04:00:00,7371.0444,7407.78
2920,2022-07-14 05:00:00,7642.427,7641.37
2921,2022-07-14 06:00:00,8463.051,8397.97
2922,2022-07-14 07:00:00,9692.44,9780.1
2923,2022-07-14 08:00:00,10515.315,10610.56
2924,2022-07-14 09:00:00,10199.315,10583.62
2925,2022-07-14 10:00:00,9826.501,10139.34
2926,2022-07-14 11:00:00,9493.071,9224.94
2927,2022-07-14 12:00:00,8695.062,8842.32
2928,2022-07-14 13:00:00,8731.861,8786.03
2929,2022-07-14 14:00:00,8904.76,8817.73
2930,2022-07-14 15:00:00,9101.226,9040.73
2931,2022-07-14 16:00:00,9789.868,9557.66
2932,2022-07-14 17:00:00,10813.513,10769.08
2933,2022-07-14 18:00:00,11467.539,11680.09
2934,2022-07-14 19:00:00,11474.875,11684.44
2935,2022-07-14 20:00:00,11388.816,11408.26
2936,2022-07-14 21:00:00,10934.834,10995.56
2937,2022-07-14 22:00:00,10342.762,10306.95
2938,2022-07-14 23:00:00,9647.05,9597.69
2939,2022-07-15 00:00:00,9139.935,9225.25
2940,2022-07-15 01:00:00,8793.125,8831.12
2941,2022-07-15 02:00:00,8270.245,8351.12
2942,2022-07-15 03:00:00,7798.255,7881.76
2943,2022-07-15 04:00:00,7526.8237,7622.04
2944,2022-07-15 05:00:00,7716.4614,7946.59
2945,2022-07-15 06:00:00,8687.028,8824.01
2946,2022-07-15 07:00:00,10000.972,10194.85
2947,2022-07-15 08:00:00,10824.357,10788.13
2948,2022-07-15 09:00:00,10603.69,10314.17
2949,2022-07-15 10:00:00,9670.39,9253.3
2950,2022-07-15 11:00:00,8643.324,8305.51
2951,2022-07-15 12:00:00,7985.8506,7828.18
2952,2022-07-15 13:00:00,7827.736,7468.33
2953,2022-07-15 14:00:00,7560.781,7584.44
2954,2022-07-15 15:00:00,7979.8623,8014.23
2955,2022-07-15 16:00:00,8845.504,8894.76
2956,2022-07-15 17:00:00,10182.493,10494.16
2957,2022-07-15 18:00:00,11293.555,11719.0
2958,2022-07-15 19:00:00,11514.69,11713.44
2959,2022-07-15 20:00:00,11365.223,11334.65
2960,2022-07-15 21:00:00,10853.147,11025.78
2961,2022-07-15 22:00:00,10311.841,10440.68
2962,2022-07-15 23:00:00,9698.14,9792.93
2963,2022-07-16 00:00:00,9308.963,9372.26
2964,2022-07-16 01:00:00,8954.86,9045.2
2965,2022-07-16 02:00:00,8518.349,8364.77
2966,2022-07-16 03:00:00,7849.904,7901.94
2967,2022-07-16 04:00:00,7605.7583,7527.72
2968,2022-07-16 05:00:00,7629.9487,7660.46
2969,2022-07-16 06:00:00,8217.17,8149.49
2970,2022-07-16 07:00:00,9156.636,9080.26
2971,2022-07-16 08:00:00,9918.833,9881.4
2972,2022-07-16 09:00:00,9895.471,10345.45
2973,2022-07-16 10:00:00,9738.402,9800.97
2974,2022-07-16 11:00:00,8954.53,8824.72
2975,2022-07-16 12:00:00,8144.931,8165.94
2976,2022-07-16 13:00:00,7885.8745,8010.76
2977,2022-07-16 14:00:00,7956.1167,7829.19
2978,2022-07-16 15:00:00,8112.6562,8435.08
2979,2022-07-16 16:00:00,9153.62,9264.14
2980,2022-07-16 17:00:00,10647.025,10612.29
2981,2022-07-16 18:00:00,11608.474,11268.4
2982,2022-07-16 19:00:00,11371.245,11032.71
2983,2022-07-16 20:00:00,10780.006,10605.87
2984,2022-07-16 21:00:00,10179.513,10176.86
2985,2022-07-16 22:00:00,9647.699,9661.2
2986,2022-07-16 23:00:00,9159.671,9122.5
2987,2022-07-17 00:00:00,8790.197,8685.99
2988,2022-07-17 01:00:00,8340.566,8096.13
2989,2022-07-17 02:00:00,7640.936,7606.56
2990,2022-07-17 03:00:00,7226.4707,7140.77
2991,2022-07-17 04:00:00,6956.642,7015.98
2992,2022-07-17 05:00:00,7086.2036,7043.13
2993,2022-07-17 06:00:00,7236.4844,7340.06
2994,2022-07-17 07:00:00,7941.989,7921.34
2995,2022-07-17 08:00:00,8647.502,8495.1
2996,2022-07-17 09:00:00,8684.909,8337.55
2997,2022-07-17 10:00:00,7693.107,7522.94
2998,2022-07-17 11:00:00,6886.995,6712.46
2999,2022-07-17 12:00:00,6339.212,6380.53
3000,2022-07-17 13:00:00,6275.7373,6108.34
3001,2022-07-17 14:00:00,6234.149,6373.79
3002,2022-07-17 15:00:00,6928.34,7014.53
3003,2022-07-17 16:00:00,7853.2764,7985.72
3004,2022-07-17 17:00:00,9376.407,9262.12
3005,2022-07-17 18:00:00,10242.168,10222.01
3006,2022-07-17 19:00:00,10236.277,10141.59
3007,2022-07-17 20:00:00,9847.541,9729.6
3008,2022-07-17 21:00:00,9401.433,9399.97
3009,2022-07-17 22:00:00,8930.011,8732.92
3010,2022-07-17 23:00:00,8286.699,8196.98
3011,2022-07-18 00:00:00,7820.7896,8031.15
3012,2022-07-18 01:00:00,7694.8286,7615.05
3013,2022-07-18 02:00:00,7218.435,7192.81
3014,2022-07-18 03:00:00,6824.0215,6845.44
3015,2022-07-18 04:00:00,6701.823,6764.87
3016,2022-07-18 05:00:00,6945.506,7092.04
3017,2022-07-18 06:00:00,7774.118,8003.63
3018,2022-07-18 07:00:00,9059.015,9413.14
3019,2022-07-18 08:00:00,10031.374,9870.2
3020,2022-07-18 09:00:00,9593.003,9205.67
3021,2022-07-18 10:00:00,8277.068,8290.6
3022,2022-07-18 11:00:00,7627.8726,7799.81
3023,2022-07-18 12:00:00,7553.1636,7559.33
3024,2022-07-18 13:00:00,7550.4316,7493.39
3025,2022-07-18 14:00:00,7665.2305,7746.28
3026,2022-07-18 15:00:00,8268.584,8313.59
3027,2022-07-18 16:00:00,9124.396,9040.43
3028,2022-07-18 17:00:00,10372.617,10631.45
3029,2022-07-18 18:00:00,11299.021,11678.68
3030,2022-07-18 19:00:00,11339.22,11611.07
3031,2022-07-18 20:00:00,11232.317,11133.14
3032,2022-07-18 21:00:00,10580.215,10828.96
3033,2022-07-18 22:00:00,10074.083,10029.02
3034,2022-07-18 23:00:00,9336.136,9447.6
3035,2022-07-19 00:00:00,9029.99,8949.48
3036,2022-07-19 01:00:00,8607.355,8697.81
3037,2022-07-19 02:00:00,8136.3066,8153.37
3038,2022-07-19 03:00:00,7766.9917,7707.59
3039,2022-07-19 04:00:00,7551.8687,7461.05
3040,2022-07-19 05:00:00,7739.784,7703.68
3041,2022-07-19 06:00:00,8538.175,8656.92
3042,2022-07-19 07:00:00,10064.791,10466.46
3043,2022-07-19 08:00:00,11077.778,11089.38
3044,2022-07-19 09:00:00,10581.084,10200.28
3045,2022-07-19 10:00:00,9117.391,9280.68
3046,2022-07-19 11:00:00,8456.481,8871.9
3047,2022-07-19 12:00:00,8477.137,8761.14
3048,2022-07-19 13:00:00,8778.342,8789.75
3049,2022-07-19 14:00:00,8939.003,9231.9
3050,2022-07-19 15:00:00,9525.672,9531.84
3051,2022-07-19 16:00:00,10292.943,10556.23
3052,2022-07-19 17:00:00,11655.482,11813.49
3053,2022-07-19 18:00:00,12238.728,12415.43
3054,2022-07-19 19:00:00,12110.762,12040.6
3055,2022-07-19 20:00:00,11737.736,11780.81
3056,2022-07-19 21:00:00,11247.707,11036.05
3057,2022-07-19 22:00:00,10270.575,10070.95
3058,2022-07-19 23:00:00,9472.325,9425.13
3059,2022-07-20 00:00:00,9105.683,8983.16
3060,2022-07-20 01:00:00,8695.687,8748.2
3061,2022-07-20 02:00:00,8216.883,8131.27
3062,2022-07-20 03:00:00,7704.323,7696.67
3063,2022-07-20 04:00:00,7577.419,7493.04
3064,2022-07-20 05:00:00,7779.245,7689.55
3065,2022-07-20 06:00:00,8687.16,8690.47
3066,2022-07-20 07:00:00,10330.269,10223.91
3067,2022-07-20 08:00:00,10904.884,10824.51
3068,2022-07-20 09:00:00,10287.388,10231.85
3069,2022-07-20 10:00:00,9246.694,9575.77
3070,2022-07-20 11:00:00,8868.097,8811.76
3071,2022-07-20 12:00:00,8515.696,8658.4
3072,2022-07-20 13:00:00,8684.272,8640.68
3073,2022-07-20 14:00:00,8893.948,8638.4
3074,2022-07-20 15:00:00,9045.918,9042.13
3075,2022-07-20 16:00:00,9853.846,9702.51
3076,2022-07-20 17:00:00,11040.815,10917.87
3077,2022-07-20 18:00:00,11775.349,11696.53
3078,2022-07-20 19:00:00,11539.92,11424.55
3079,2022-07-20 20:00:00,11131.473,11237.3
3080,2022-07-20 21:00:00,10653.488,10647.73
3081,2022-07-20 22:00:00,9898.737,9861.36
3082,2022-07-20 23:00:00,9266.521,9189.55
3083,2022-07-21 00:00:00,8797.05,8843.85
3084,2022-07-21 01:00:00,8576.06,8469.56
3085,2022-07-21 02:00:00,7933.141,7945.79
3086,2022-07-21 03:00:00,7526.841,7476.86
3087,2022-07-21 04:00:00,7349.656,7269.48
3088,2022-07-21 05:00:00,7560.0327,7484.0
3089,2022-07-21 06:00:00,8449.081,8402.36
3090,2022-07-21 07:00:00,9979.68,9910.16
3091,2022-07-21 08:00:00,10651.566,10602.07
3092,2022-07-21 09:00:00,10112.767,10371.73
3093,2022-07-21 10:00:00,9407.961,9956.86
3094,2022-07-21 11:00:00,9189.536,9483.34
3095,2022-07-21 12:00:00,9090.884,9305.21
3096,2022-07-21 13:00:00,9252.839,9187.85
3097,2022-07-21 14:00:00,9229.298,9423.23
3098,2022-07-21 15:00:00,9710.543,9597.33
3099,2022-07-21 16:00:00,10282.743,10143.19
3100,2022-07-21 17:00:00,11270.975,10994.26
3101,2022-07-21 18:00:00,11672.738,11547.67
3102,2022-07-21 19:00:00,11340.206,11256.38
3103,2022-07-21 20:00:00,10950.66,11097.8
3104,2022-07-21 21:00:00,10565.278,10478.96
3105,2022-07-21 22:00:00,9787.563,9681.95
3106,2022-07-21 23:00:00,9158.113,9080.53
3107,2022-07-22 00:00:00,8757.218,8763.22
3108,2022-07-22 01:00:00,8426.384,8526.22
3109,2022-07-22 02:00:00,7972.3955,7861.33
3110,2022-07-22 03:00:00,7468.645,7362.07
3111,2022-07-22 04:00:00,7204.3687,7144.33
3112,2022-07-22 05:00:00,7404.4316,7395.0
3113,2022-07-22 06:00:00,8306.74,8265.02
3114,2022-07-22 07:00:00,9626.074,9593.34
3115,2022-07-22 08:00:00,10274.607,10312.63
3116,2022-07-22 09:00:00,10104.215,9878.44
3117,2022-07-22 10:00:00,9270.747,9140.25
3118,2022-07-22 11:00:00,8487.445,8561.07
3119,2022-07-22 12:00:00,8351.8,8233.22
3120,2022-07-22 13:00:00,8203.828,8224.68
3121,2022-07-22 14:00:00,8400.327,8286.03
3122,2022-07-22 15:00:00,8651.313,8710.75
3123,2022-07-22 16:00:00,9418.074,9535.91
3124,2022-07-22 17:00:00,10650.841,10439.8
3125,2022-07-22 18:00:00,11135.268,11093.18
3126,2022-07-22 19:00:00,10942.723,10771.1
3127,2022-07-22 20:00:00,10512.894,10431.91
3128,2022-07-22 21:00:00,10039.951,9872.04
3129,2022-07-22 22:00:00,9269.635,9414.26
3130,2022-07-22 23:00:00,8926.746,9017.81
3131,2022-07-23 00:00:00,8729.143,8713.95
3132,2022-07-23 01:00:00,8367.929,8282.64
3133,2022-07-23 02:00:00,7809.1816,7783.26
3134,2022-07-23 03:00:00,7377.687,7213.91
3135,2022-07-23 04:00:00,7068.5,6898.95
3136,2022-07-23 05:00:00,7061.268,6978.95
3137,2022-07-23 06:00:00,7437.573,7411.1
3138,2022-07-23 07:00:00,8159.0566,8179.19
3139,2022-07-23 08:00:00,8926.247,8878.38
3140,2022-07-23 09:00:00,9034.299,8961.0
3141,2022-07-23 10:00:00,8431.922,8558.82
3142,2022-07-23 11:00:00,7948.868,7938.41
3143,2022-07-23 12:00:00,7497.7217,7769.13
3144,2022-07-23 13:00:00,7636.4683,7539.8
3145,2022-07-23 14:00:00,7576.279,7607.71
3146,2022-07-23 15:00:00,7967.581,8031.73
3147,2022-07-23 16:00:00,8755.148,8747.37
3148,2022-07-23 17:00:00,9873.783,9679.11
3149,2022-07-23 18:00:00,10458.803,10385.47
3150,2022-07-23 19:00:00,10206.233,10186.2
3151,2022-07-23 20:00:00,9876.805,9794.41
3152,2022-07-23 21:00:00,9453.856,9551.35
3153,2022-07-23 22:00:00,9069.831,9034.99
3154,2022-07-23 23:00:00,8612.409,8795.37
3155,2022-07-24 00:00:00,8474.068,8343.98
3156,2022-07-24 01:00:00,7961.411,7954.03
3157,2022-07-24 02:00:00,7475.132,7364.9
3158,2022-07-24 03:00:00,6982.837,6966.91
3159,2022-07-24 04:00:00,6790.112,6858.28
3160,2022-07-24 05:00:00,6928.696,6846.92
3161,2022-07-24 06:00:00,7063.264,7116.16
3162,2022-07-24 07:00:00,7728.2407,7707.39
3163,2022-07-24 08:00:00,8352.584,8233.23
3164,2022-07-24 09:00:00,8325.859,8273.05
3165,2022-07-24 10:00:00,7543.136,7628.48
3166,2022-07-24 11:00:00,6901.5723,6906.43
3167,2022-07-24 12:00:00,6416.053,6499.52
3168,2022-07-24 13:00:00,6225.848,6372.91
3169,2022-07-24 14:00:00,6472.4907,6584.49
3170,2022-07-24 15:00:00,6970.8096,6953.57
3171,2022-07-24 16:00:00,7802.88,7843.48
3172,2022-07-24 17:00:00,9076.275,9068.48
3173,2022-07-24 18:00:00,10006.207,10268.82
3174,2022-07-24 19:00:00,10038.031,10238.81
3175,2022-07-24 20:00:00,9791.37,9857.49
3176,2022-07-24 21:00:00,9404.43,9550.61
3177,2022-07-24 22:00:00,8991.208,8886.68
3178,2022-07-24 23:00:00,8399.882,8461.94
3179,2022-07-25 00:00:00,8128.1387,8174.26
3180,2022-07-25 01:00:00,7840.476,7757.82
3181,2022-07-25 02:00:00,7256.8037,7302.16
3182,2022-07-25 03:00:00,6972.3823,6945.74
3183,2022-07-25 04:00:00,6800.3843,6816.03
3184,2022-07-25 05:00:00,7067.8276,7154.06
3185,2022-07-25 06:00:00,8002.3813,8071.46
3186,2022-07-25 07:00:00,9396.604,9711.7
3187,2022-07-25 08:00:00,10228.362,10364.06
3188,2022-07-25 09:00:00,9706.716,9574.82
3189,2022-07-25 10:00:00,8533.3955,8724.52
3190,2022-07-25 11:00:00,7997.1235,7851.08
3191,2022-07-25 12:00:00,7553.1646,7360.53
3192,2022-07-25 13:00:00,7255.7183,7176.43
3193,2022-07-25 14:00:00,7428.5586,7345.16
3194,2022-07-25 15:00:00,7770.2183,7725.01
3195,2022-07-25 16:00:00,8544.424,8622.0
3196,2022-07-25 17:00:00,9953.053,9791.85
3197,2022-07-25 18:00:00,10832.93,10983.58
3198,2022-07-25 19:00:00,10870.826,10895.26
3199,2022-07-25 20:00:00,10420.975,10425.24
3200,2022-07-25 21:00:00,9962.068,9784.74
3201,2022-07-25 22:00:00,9184.64,9127.06
3202,2022-07-25 23:00:00,8668.822,8682.94
3203,2022-07-26 00:00:00,8307.111,8378.58
3204,2022-07-26 01:00:00,8034.618,8020.03
3205,2022-07-26 02:00:00,7551.291,7521.62
3206,2022-07-26 03:00:00,7162.7827,7051.54
3207,2022-07-26 04:00:00,6891.061,6865.44
3208,2022-07-26 05:00:00,7255.5327,7141.42
3209,2022-07-26 06:00:00,8141.1436,7937.8
3210,2022-07-26 07:00:00,9559.197,9414.25
3211,2022-07-26 08:00:00,10227.209,10085.71
3212,2022-07-26 09:00:00,9535.426,9437.93
3213,2022-07-26 10:00:00,8540.122,8454.06
3214,2022-07-26 11:00:00,7776.07,7786.41
3215,2022-07-26 12:00:00,7422.6113,7365.68
3216,2022-07-26 13:00:00,7328.023,7416.44
3217,2022-07-26 14:00:00,7635.787,7796.85
3218,2022-07-26 15:00:00,8258.75,8302.1
3219,2022-07-26 16:00:00,9109.446,9149.36
3220,2022-07-26 17:00:00,10341.089,10375.33
3221,2022-07-26 18:00:00,11243.975,11633.54
3222,2022-07-26 19:00:00,11259.719,11567.73
3223,2022-07-26 20:00:00,11088.345,10923.85
3224,2022-07-26 21:00:00,10330.991,10401.15
3225,2022-07-26 22:00:00,9665.086,9590.27
3226,2022-07-26 23:00:00,9024.715,9033.77
3227,2022-07-27 00:00:00,8670.068,8578.39
3228,2022-07-27 01:00:00,8219.23,8318.94
3229,2022-07-27 02:00:00,7769.5356,7844.56
3230,2022-07-27 03:00:00,7404.024,7281.16
3231,2022-07-27 04:00:00,7091.4917,7186.27
3232,2022-07-27 05:00:00,7400.444,7402.02
3233,2022-07-27 06:00:00,8317.992,8481.68
3234,2022-07-27 07:00:00,9939.848,10123.27
3235,2022-07-27 08:00:00,10711.478,10460.96
3236,2022-07-27 09:00:00,9753.287,9353.23
3237,2022-07-27 10:00:00,8377.592,8436.46
3238,2022-07-27 11:00:00,7753.9873,7701.56
3239,2022-07-27 12:00:00,7402.605,7295.66
3240,2022-07-27 13:00:00,7331.017,7098.79
3241,2022-07-27 14:00:00,7405.6763,7164.48
3242,2022-07-27 15:00:00,7625.6245,7567.18
3243,2022-07-27 16:00:00,8421.003,8544.09
3244,2022-07-27 17:00:00,9907.758,9894.05
3245,2022-07-27 18:00:00,11076.724,11322.45
3246,2022-07-27 19:00:00,11191.555,11364.37
3247,2022-07-27 20:00:00,10881.838,10947.22
3248,2022-07-27 21:00:00,10289.143,10470.64
3249,2022-07-27 22:00:00,9644.54,9749.74
3250,2022-07-27 23:00:00,9046.448,9058.6
3251,2022-07-28 00:00:00,8615.678,8754.44
3252,2022-07-28 01:00:00,8398.385,8484.55
3253,2022-07-28 02:00:00,7878.199,7933.84
3254,2022-07-28 03:00:00,7368.3267,7490.79
3255,2022-07-28 04:00:00,7213.2104,7361.74
3256,2022-07-28 05:00:00,7552.0967,7530.91
3257,2022-07-28 06:00:00,8426.51,8468.78
3258,2022-07-28 07:00:00,9975.479,10168.17
3259,2022-07-28 08:00:00,10647.474,10491.99
3260,2022-07-28 09:00:00,9578.398,9311.15
3261,2022-07-28 10:00:00,8331.889,8344.38
3262,2022-07-28 11:00:00,7653.927,7584.2
3263,2022-07-28 12:00:00,7222.754,7050.03
3264,2022-07-28 13:00:00,7010.315,6894.02
3265,2022-07-28 14:00:00,7189.0938,7134.75
3266,2022-07-28 15:00:00,7595.813,7685.64
3267,2022-07-28 16:00:00,8583.994,8704.18
3268,2022-07-28 17:00:00,10014.137,9801.89
3269,2022-07-28 18:00:00,11142.293,10649.6
3270,2022-07-28 19:00:00,10672.709,10627.76
3271,2022-07-28 20:00:00,10300.408,10214.36
3272,2022-07-28 21:00:00,9730.236,10124.72
3273,2022-07-28 22:00:00,9386.695,9397.55
3274,2022-07-28 23:00:00,8914.157,8882.31
3275,2022-07-29 00:00:00,8588.573,8568.74
3276,2022-07-29 01:00:00,8274.432,8292.48
3277,2022-07-29 02:00:00,7776.451,7818.48
3278,2022-07-29 03:00:00,7400.1963,7520.07
3279,2022-07-29 04:00:00,7278.5264,7340.52
3280,2022-07-29 05:00:00,7493.717,7568.1
3281,2022-07-29 06:00:00,8471.452,8441.77
3282,2022-07-29 07:00:00,9868.496,9954.49
3283,2022-07-29 08:00:00,10382.529,10253.41
3284,2022-07-29 09:00:00,9254.416,9315.36
3285,2022-07-29 10:00:00,8262.135,8263.08
3286,2022-07-29 11:00:00,7461.379,7507.66
3287,2022-07-29 12:00:00,7023.365,7034.94
3288,2022-07-29 13:00:00,6953.5273,6911.71
3289,2022-07-29 14:00:00,7215.074,7147.04
3290,2022-07-29 15:00:00,7680.295,7599.52
3291,2022-07-29 16:00:00,8485.006,8645.27
3292,2022-07-29 17:00:00,9779.909,10031.82
3293,2022-07-29 18:00:00,11017.844,11393.11
3294,2022-07-29 19:00:00,11104.155,11223.7
3295,2022-07-29 20:00:00,10653.341,10918.92
3296,2022-07-29 21:00:00,10323.661,10474.2
3297,2022-07-29 22:00:00,9719.091,10022.5
3298,2022-07-29 23:00:00,9363.212,9567.59
3299,2022-07-30 00:00:00,9083.146,9210.5
3300,2022-07-30 01:00:00,8766.234,8886.02
3301,2022-07-30 02:00:00,8331.349,8271.89
3302,2022-07-30 03:00:00,7777.945,7767.02
3303,2022-07-30 04:00:00,7491.264,7521.34
3304,2022-07-30 05:00:00,7623.2095,7639.22
3305,2022-07-30 06:00:00,8415.011,8090.12
3306,2022-07-30 07:00:00,9139.887,8995.5
3307,2022-07-30 08:00:00,9677.141,9708.6
3308,2022-07-30 09:00:00,9286.141,9323.7
3309,2022-07-30 10:00:00,8396.883,8285.75
3310,2022-07-30 11:00:00,7530.199,7399.08
3311,2022-07-30 12:00:00,6899.3423,6672.21
3312,2022-07-30 13:00:00,6480.2876,6412.68
3313,2022-07-30 14:00:00,6571.2754,6573.27
3314,2022-07-30 15:00:00,7095.6577,7039.89
3315,2022-07-30 16:00:00,7928.1313,7990.67
3316,2022-07-30 17:00:00,9259.501,9493.72
3317,2022-07-30 18:00:00,10675.171,10805.11
3318,2022-07-30 19:00:00,10751.85,10719.35
3319,2022-07-30 20:00:00,10247.173,10524.35
3320,2022-07-30 21:00:00,10087.521,10152.39
3321,2022-07-30 22:00:00,9553.17,9749.8
3322,2022-07-30 23:00:00,9207.367,9264.61
3323,2022-07-31 00:00:00,8879.35,8835.55
3324,2022-07-31 01:00:00,8549.105,8426.82
3325,2022-07-31 02:00:00,7959.1875,7746.15
3326,2022-07-31 03:00:00,7367.6655,7378.86
3327,2022-07-31 04:00:00,7232.73,7141.99
3328,2022-07-31 05:00:00,7140.946,7327.09
3329,2022-07-31 06:00:00,7722.21,7646.33
3330,2022-07-31 07:00:00,8285.23,8219.68
3331,2022-07-31 08:00:00,8764.7,9076.05
3332,2022-07-31 09:00:00,8997.6,9585.01
3333,2022-07-31 10:00:00,8644.483,9147.76
3334,2022-07-31 11:00:00,8072.529,8235.27
3335,2022-07-31 12:00:00,7456.1533,7631.85
3336,2022-07-31 13:00:00,7116.945,7384.36
3337,2022-07-31 14:00:00,7315.0586,7765.69
3338,2022-07-31 15:00:00,8299.277,8470.5
3339,2022-07-31 16:00:00,9334.23,9252.18
3340,2022-07-31 17:00:00,10514.148,10329.53
3341,2022-07-31 18:00:00,11578.22,11008.1
3342,2022-07-31 19:00:00,10970.888,10871.81
3343,2022-07-31 20:00:00,10488.219,10332.38
3344,2022-07-31 21:00:00,9927.664,9724.55
3345,2022-07-31 22:00:00,9198.584,9009.2
3346,2022-07-31 23:00:00,8600.58,8378.96
3347,2022-08-01 00:00:00,8080.8433,8027.28
3348,2022-08-01 01:00:00,7620.2754,7618.22
3349,2022-08-01 02:00:00,7207.977,7158.61
3350,2022-08-01 03:00:00,6802.1514,6748.27
3351,2022-08-01 04:00:00,6604.1035,6647.43
3352,2022-08-01 05:00:00,6914.957,6962.67
3353,2022-08-01 06:00:00,7655.0625,7852.52
3354,2022-08-01 07:00:00,9005.661,9365.54
3355,2022-08-01 08:00:00,9918.695,10039.23
3356,2022-08-01 09:00:00,9288.972,9715.96
3357,2022-08-01 10:00:00,8671.427,8626.84
3358,2022-08-01 11:00:00,7767.3296,7993.89
3359,2022-08-01 12:00:00,7473.912,7655.94
3360,2022-08-01 13:00:00,7576.364,7266.78
3361,2022-08-01 14:00:00,7460.5586,7187.0
3362,2022-08-01 15:00:00,7658.666,7482.72
3363,2022-08-01 16:00:00,8264.78,8233.84
3364,2022-08-01 17:00:00,9519.359,9492.4
3365,2022-08-01 18:00:00,10734.532,10922.65
3366,2022-08-01 19:00:00,10837.435,10747.55
3367,2022-08-01 20:00:00,10182.434,10390.19
3368,2022-08-01 21:00:00,9899.698,9837.68
3369,2022-08-01 22:00:00,9151.012,9208.16
3370,2022-08-01 23:00:00,8655.38,8748.0
3371,2022-08-02 00:00:00,8365.825,8380.34
3372,2022-08-02 01:00:00,8011.036,8164.54
3373,2022-08-02 02:00:00,7626.439,7801.02
3374,2022-08-02 03:00:00,7311.2075,7245.26
3375,2022-08-02 04:00:00,7052.16,7166.19
3376,2022-08-02 05:00:00,7461.781,7495.69
3377,2022-08-02 06:00:00,8354.545,8489.47
3378,2022-08-02 07:00:00,9956.222,10326.9
3379,2022-08-02 08:00:00,10729.43,10408.34
3380,2022-08-02 09:00:00,9375.409,9245.68
3381,2022-08-02 10:00:00,8236.158,8138.26
3382,2022-08-02 11:00:00,7541.138,7318.41
3383,2022-08-02 12:00:00,6983.172,6808.0
3384,2022-08-02 13:00:00,6665.3735,6621.59
3385,2022-08-02 14:00:00,6994.4863,6690.52
3386,2022-08-02 15:00:00,7208.899,7159.65
3387,2022-08-02 16:00:00,8106.25,8131.17
3388,2022-08-02 17:00:00,9536.982,9535.5
3389,2022-08-02 18:00:00,10894.004,11086.29
3390,2022-08-02 19:00:00,10857.452,11105.43
3391,2022-08-02 20:00:00,10550.142,10671.77
3392,2022-08-02 21:00:00,10112.138,10100.62
3393,2022-08-02 22:00:00,9442.478,9257.0
3394,2022-08-02 23:00:00,8729.254,8813.58
3395,2022-08-03 00:00:00,8430.392,8515.16
3396,2022-08-03 01:00:00,8251.318,8104.8
3397,2022-08-03 02:00:00,7658.6177,7616.39
3398,2022-08-03 03:00:00,7214.36,7123.4
3399,2022-08-03 04:00:00,6998.899,6964.96
3400,2022-08-03 05:00:00,7299.4287,7086.54
3401,2022-08-03 06:00:00,8066.9927,7983.68
3402,2022-08-03 07:00:00,9671.765,9486.18
3403,2022-08-03 08:00:00,10163.378,9839.45
3404,2022-08-03 09:00:00,8948.28,9767.33
3405,2022-08-03 10:00:00,8601.193,9251.09
3406,2022-08-03 11:00:00,8243.644,8105.12
3407,2022-08-03 12:00:00,7494.603,7008.28
3408,2022-08-03 13:00:00,6725.745,6677.4
3409,2022-08-03 14:00:00,6786.8843,6680.86
3410,2022-08-03 15:00:00,7174.963,7024.66
3411,2022-08-03 16:00:00,7922.3037,7739.11
3412,2022-08-03 17:00:00,9155.18,8747.56
3413,2022-08-03 18:00:00,10272.376,9855.36
3414,2022-08-03 19:00:00,10811.589,9679.28
3415,2022-08-03 20:00:00,9390.378,9371.68
3416,2022-08-03 21:00:00,9034.301,8940.25
3417,2022-08-03 22:00:00,8475.821,8426.84
3418,2022-08-03 23:00:00,8051.03,8119.51
3419,2022-08-04 00:00:00,7888.3813,7871.01
3420,2022-08-04 01:00:00,7593.3574,7604.72
3421,2022-08-04 02:00:00,7201.0156,7209.14
3422,2022-08-04 03:00:00,6869.293,6769.05
3423,2022-08-04 04:00:00,6649.7383,6532.11
3424,2022-08-04 05:00:00,6726.011,6777.94
3425,2022-08-04 06:00:00,7703.7324,7330.36
3426,2022-08-04 07:00:00,8843.91,8451.22
3427,2022-08-04 08:00:00,9410.265,8946.88
3428,2022-08-04 09:00:00,8761.499,9015.95
3429,2022-08-04 10:00:00,8258.9,8854.21
3430,2022-08-04 11:00:00,7927.8667,8786.6
3431,2022-08-04 12:00:00,8159.825,8503.29
3432,2022-08-04 13:00:00,8225.094,8456.95
3433,2022-08-04 14:00:00,8608.941,8429.32
3434,2022-08-04 15:00:00,8757.557,8650.24
3435,2022-08-04 16:00:00,9231.905,8909.92
3436,2022-08-04 17:00:00,9782.891,9435.16
3437,2022-08-04 18:00:00,10387.641,10128.13
3438,2022-08-04 19:00:00,10279.846,9953.07
3439,2022-08-04 20:00:00,9527.015,9283.52
3440,2022-08-04 21:00:00,8883.758,8793.7
3441,2022-08-04 22:00:00,8317.685,8295.07
3442,2022-08-04 23:00:00,7934.638,8049.36
3443,2022-08-05 00:00:00,7824.49,7848.54
3444,2022-08-05 01:00:00,7560.9336,7632.76
3445,2022-08-05 02:00:00,7112.2036,7090.56
3446,2022-08-05 03:00:00,6701.8613,6653.6
3447,2022-08-05 04:00:00,6490.4707,6498.74
3448,2022-08-05 05:00:00,6667.131,6665.85
3449,2022-08-05 06:00:00,7323.7476,7340.31
3450,2022-08-05 07:00:00,8379.855,8541.74
3451,2022-08-05 08:00:00,9117.934,8896.71
3452,2022-08-05 09:00:00,8851.147,8782.64
3453,2022-08-05 10:00:00,8352.165,8300.01
3454,2022-08-05 11:00:00,7715.965,7991.72
3455,2022-08-05 12:00:00,7800.8,7115.89
3456,2022-08-05 13:00:00,6806.7363,6972.66
3457,2022-08-05 14:00:00,7136.0293,6831.58
3458,2022-08-05 15:00:00,7168.7363,7137.93
3459,2022-08-05 16:00:00,7779.8213,7791.12
3460,2022-08-05 17:00:00,8749.153,8615.18
3461,2022-08-05 18:00:00,9547.938,9412.04
3462,2022-08-05 19:00:00,9467.04,9247.2
3463,2022-08-05 20:00:00,8906.651,8863.94
3464,2022-08-05 21:00:00,8556.105,8522.01
3465,2022-08-05 22:00:00,8070.3667,8200.84
3466,2022-08-05 23:00:00,7905.6714,7995.64
3467,2022-08-06 00:00:00,7804.4893,7832.4
3468,2022-08-06 01:00:00,7524.8613,7534.89
3469,2022-08-06 02:00:00,7067.037,7023.03
3470,2022-08-06 03:00:00,6610.435,6533.17
3471,2022-08-06 04:00:00,6345.567,6417.41
3472,2022-08-06 05:00:00,6568.699,6483.27
3473,2022-08-06 06:00:00,6900.7974,6837.25
3474,2022-08-06 07:00:00,7576.709,7367.62
3475,2022-08-06 08:00:00,7994.862,7694.65
3476,2022-08-06 09:00:00,7568.4424,7280.77
3477,2022-08-06 10:00:00,6753.922,6679.68
3478,2022-08-06 11:00:00,6127.549,6250.91
3479,2022-08-06 12:00:00,5913.177,6063.72
3480,2022-08-06 13:00:00,6003.27,6104.12
3481,2022-08-06 14:00:00,6265.1465,6362.78
3482,2022-08-06 15:00:00,6718.0586,6488.1
3483,2022-08-06 16:00:00,7067.87,7298.62
3484,2022-08-06 17:00:00,8331.534,8332.99
3485,2022-08-06 18:00:00,9284.011,9435.7
3486,2022-08-06 19:00:00,9231.318,9217.52
3487,2022-08-06 20:00:00,8802.767,8987.65
3488,2022-08-06 21:00:00,8546.604,8761.73
3489,2022-08-06 22:00:00,8229.3955,8360.69
3490,2022-08-06 23:00:00,8020.031,8100.02
3491,2022-08-07 00:00:00,7881.9434,7895.95
3492,2022-08-07 01:00:00,7605.2656,7564.28
3493,2022-08-07 02:00:00,7039.8955,7130.78
3494,2022-08-07 03:00:00,6745.601,6713.92
3495,2022-08-07 04:00:00,6481.9004,6572.43
3496,2022-08-07 05:00:00,6656.477,6596.59
3497,2022-08-07 06:00:00,7026.9146,6985.08
3498,2022-08-07 07:00:00,7698.882,7439.53
3499,2022-08-07 08:00:00,7702.2363,7900.24
3500,2022-08-07 09:00:00,7535.2026,7544.12
3501,2022-08-07 10:00:00,6834.553,6944.23
3502,2022-08-07 11:00:00,6356.839,6333.88
3503,2022-08-07 12:00:00,5993.661,6369.69
3504,2022-08-07 13:00:00,6359.7764,6333.3
3505,2022-08-07 14:00:00,6581.5537,6587.14
3506,2022-08-07 15:00:00,6930.3076,6894.44
3507,2022-08-07 16:00:00,7612.5605,7557.1
3508,2022-08-07 17:00:00,8509.78,8918.29
3509,2022-08-07 18:00:00,9884.2,10177.85
3510,2022-08-07 19:00:00,9732.179,10230.81
3511,2022-08-07 20:00:00,9655.552,9902.19
3512,2022-08-07 21:00:00,9385.242,9464.59
3513,2022-08-07 22:00:00,8924.856,8791.03
3514,2022-08-07 23:00:00,8364.108,8319.3
3515,2022-08-08 00:00:00,8033.788,8020.27
3516,2022-08-08 01:00:00,7748.4155,7671.67
3517,2022-08-08 02:00:00,7288.587,7294.53
3518,2022-08-08 03:00:00,6927.3184,6966.35
3519,2022-08-08 04:00:00,6783.0107,6849.17
3520,2022-08-08 05:00:00,7000.953,7235.36
3521,2022-08-08 06:00:00,7905.4917,8144.43
3522,2022-08-08 07:00:00,9236.635,9729.23
3523,2022-08-08 08:00:00,10140.473,9891.85
3524,2022-08-08 09:00:00,9069.231,8875.77
3525,2022-08-08 10:00:00,7880.656,7937.76
3526,2022-08-08 11:00:00,7216.963,7292.37
3527,2022-08-08 12:00:00,6939.679,7198.81
3528,2022-08-08 13:00:00,7191.2964,7006.22
3529,2022-08-08 14:00:00,7205.6577,7316.87
3530,2022-08-08 15:00:00,7811.5825,7673.19
3531,2022-08-08 16:00:00,8441.142,8378.44
3532,2022-08-08 17:00:00,9583.455,9752.18
3533,2022-08-08 18:00:00,10920.849,11167.78
3534,2022-08-08 19:00:00,10788.044,11146.53
3535,2022-08-08 20:00:00,10609.506,10663.71
3536,2022-08-08 21:00:00,10015.328,10155.86
3537,2022-08-08 22:00:00,9447.788,9304.64
3538,2022-08-08 23:00:00,8749.686,8930.38
3539,2022-08-09 00:00:00,8584.688,8605.79
3540,2022-08-09 01:00:00,8284.296,8286.38
3541,2022-08-09 02:00:00,7852.287,7828.9
3542,2022-08-09 03:00:00,7409.366,7474.95
3543,2022-08-09 04:00:00,7326.1245,7259.59
3544,2022-08-09 05:00:00,7477.159,7614.61
3545,2022-08-09 06:00:00,8580.177,8398.25
3546,2022-08-09 07:00:00,9944.932,9990.36
3547,2022-08-09 08:00:00,10391.081,10315.16
3548,2022-08-09 09:00:00,9351.855,9533.45
3549,2022-08-09 10:00:00,8378.353,8662.21
3550,2022-08-09 11:00:00,7805.6733,8299.63
3551,2022-08-09 12:00:00,7768.3076,7999.71
3552,2022-08-09 13:00:00,7873.8145,7744.05
3553,2022-08-09 14:00:00,7878.2954,7627.7
3554,2022-08-09 15:00:00,7966.5015,8034.67
3555,2022-08-09 16:00:00,8797.265,8943.21
3556,2022-08-09 17:00:00,10371.902,10141.73
3557,2022-08-09 18:00:00,11482.665,11601.04
3558,2022-08-09 19:00:00,11403.764,11462.54
3559,2022-08-09 20:00:00,10947.617,11018.43
3560,2022-08-09 21:00:00,10440.985,10337.93
3561,2022-08-09 22:00:00,9651.744,9557.76
3562,2022-08-09 23:00:00,9059.935,9025.75
3563,2022-08-10 00:00:00,8713.504,8645.2
3564,2022-08-10 01:00:00,8365.744,8328.25
3565,2022-08-10 02:00:00,7859.294,7823.16
3566,2022-08-10 03:00:00,7436.0483,7384.97
3567,2022-08-10 04:00:00,7309.44,7287.82
3568,2022-08-10 05:00:00,7663.411,7527.35
3569,2022-08-10 06:00:00,8476.176,8442.97
3570,2022-08-10 07:00:00,10051.925,10000.38
3571,2022-08-10 08:00:00,10425.611,10076.73
3572,2022-08-10 09:00:00,9297.672,8883.5
3573,2022-08-10 10:00:00,8075.8296,7979.62
3574,2022-08-10 11:00:00,7348.8193,7425.65
3575,2022-08-10 12:00:00,7026.09,7439.04
3576,2022-08-10 13:00:00,7426.02,7303.8
3577,2022-08-10 14:00:00,7526.9287,7481.87
3578,2022-08-10 15:00:00,7865.8066,7730.51
3579,2022-08-10 16:00:00,8586.698,8549.58
3580,2022-08-10 17:00:00,9988.396,9802.64
3581,2022-08-10 18:00:00,11127.388,11183.68
3582,2022-08-10 19:00:00,11123.961,11062.56
3583,2022-08-10 20:00:00,10641.593,10632.5
3584,2022-08-10 21:00:00,10085.364,10174.24
3585,2022-08-10 22:00:00,9448.034,9324.98
3586,2022-08-10 23:00:00,8810.433,8916.56
3587,2022-08-11 00:00:00,8563.712,8574.9
3588,2022-08-11 01:00:00,8285.006,8263.83
3589,2022-08-11 02:00:00,7809.402,7659.29
3590,2022-08-11 03:00:00,7248.162,7200.38
3591,2022-08-11 04:00:00,7081.05,7108.3
3592,2022-08-11 05:00:00,7420.5137,7357.69
3593,2022-08-11 06:00:00,8243.446,8217.29
3594,2022-08-11 07:00:00,9645.871,9733.57
3595,2022-08-11 08:00:00,10009.737,10230.05
3596,2022-08-11 09:00:00,9329.198,9856.11
3597,2022-08-11 10:00:00,8813.747,9456.18
3598,2022-08-11 11:00:00,8588.115,9244.58
3599,2022-08-11 12:00:00,8839.747,8815.35
3600,2022-08-11 13:00:00,8606.516,8510.21
3601,2022-08-11 14:00:00,8540.367,8605.41
3602,2022-08-11 15:00:00,8939.813,9064.67
3603,2022-08-11 16:00:00,9742.904,9528.58
3604,2022-08-11 17:00:00,10346.32,10301.45
3605,2022-08-11 18:00:00,11273.301,11352.29
3606,2022-08-11 19:00:00,11184.972,11083.5
3607,2022-08-11 20:00:00,10566.585,10634.1
3608,2022-08-11 21:00:00,10118.598,10104.93
3609,2022-08-11 22:00:00,9440.331,9218.59
3610,2022-08-11 23:00:00,8742.631,8742.02
3611,2022-08-12 00:00:00,8474.963,8333.3
3612,2022-08-12 01:00:00,8049.225,8033.57
3613,2022-08-12 02:00:00,7557.4434,7547.85
3614,2022-08-12 03:00:00,7109.6045,7084.04
3615,2022-08-12 04:00:00,6996.735,6792.85
3616,2022-08-12 05:00:00,6972.993,7027.68
3617,2022-08-12 06:00:00,7776.505,7849.81
3618,2022-08-12 07:00:00,8950.481,9128.11
3619,2022-08-12 08:00:00,9674.619,9703.05
3620,2022-08-12 09:00:00,9362.872,9621.19
3621,2022-08-12 10:00:00,8914.905,9457.65
3622,2022-08-12 11:00:00,8832.815,9391.43
3623,2022-08-12 12:00:00,8772.104,8919.43
3624,2022-08-12 13:00:00,8534.96,8512.36
3625,2022-08-12 14:00:00,8479.761,8910.07
3626,2022-08-12 15:00:00,9362.56,9089.5
3627,2022-08-12 16:00:00,9693.965,9466.85
3628,2022-08-12 17:00:00,10320.137,10218.25
3629,2022-08-12 18:00:00,11070.67,10933.46
3630,2022-08-12 19:00:00,10702.704,10582.51
3631,2022-08-12 20:00:00,10168.914,10084.89
3632,2022-08-12 21:00:00,9621.134,9603.1
3633,2022-08-12 22:00:00,9075.025,9094.27
3634,2022-08-12 23:00:00,8695.543,8780.52
3635,2022-08-13 00:00:00,8441.359,8597.9
3636,2022-08-13 01:00:00,8231.51,8153.94
3637,2022-08-13 02:00:00,7602.786,7597.17
3638,2022-08-13 03:00:00,7183.042,7058.44
3639,2022-08-13 04:00:00,6837.804,6934.19
3640,2022-08-13 05:00:00,7067.1357,6930.69
3641,2022-08-13 06:00:00,7248.4707,7289.44
3642,2022-08-13 07:00:00,7939.246,7951.07
3643,2022-08-13 08:00:00,8459.773,8410.82
3644,2022-08-13 09:00:00,8216.622,8518.61
3645,2022-08-13 10:00:00,7848.852,8063.68
3646,2022-08-13 11:00:00,7328.7217,7111.18
3647,2022-08-13 12:00:00,6600.1714,6751.57
3648,2022-08-13 13:00:00,6634.78,6677.36
3649,2022-08-13 14:00:00,6783.5864,6432.12
3650,2022-08-13 15:00:00,6626.6055,7032.42
3651,2022-08-13 16:00:00,7672.326,7763.36
3652,2022-08-13 17:00:00,8909.593,8727.29
3653,2022-08-13 18:00:00,9790.951,9820.85
3654,2022-08-13 19:00:00,9759.611,9770.52
3655,2022-08-13 20:00:00,9399.297,9508.03
3656,2022-08-13 21:00:00,9162.914,9245.24
3657,2022-08-13 22:00:00,8786.233,8941.55
3658,2022-08-13 23:00:00,8594.062,8503.23
3659,2022-08-14 00:00:00,8239.465,8198.49
3660,2022-08-14 01:00:00,7933.9893,7754.15
3661,2022-08-14 02:00:00,7323.7427,7243.63
3662,2022-08-14 03:00:00,6880.05,6721.19
3663,2022-08-14 04:00:00,6559.5386,6582.09
3664,2022-08-14 05:00:00,6683.8276,6681.58
3665,2022-08-14 06:00:00,7154.0664,6919.77
3666,2022-08-14 07:00:00,7559.267,7577.3
3667,2022-08-14 08:00:00,7923.558,7790.22
3668,2022-08-14 09:00:00,7502.862,7534.27
3669,2022-08-14 10:00:00,6903.352,6946.69
3670,2022-08-14 11:00:00,6389.4917,6845.96
3671,2022-08-14 12:00:00,6487.239,6433.07
3672,2022-08-14 13:00:00,6354.602,6404.34
3673,2022-08-14 14:00:00,6641.4727,6440.47
3674,2022-08-14 15:00:00,6852.324,6946.71
3675,2022-08-14 16:00:00,7661.98,7805.37
3676,2022-08-14 17:00:00,8923.537,8896.76
3677,2022-08-14 18:00:00,10112.364,10171.26
3678,2022-08-14 19:00:00,9978.841,10364.66
3679,2022-08-14 20:00:00,9906.17,10042.98
3680,2022-08-14 21:00:00,9534.937,9564.61
3681,2022-08-14 22:00:00,8994.59,8811.23
3682,2022-08-14 23:00:00,8394.368,8215.38
3683,2022-08-15 00:00:00,7960.925,7897.72
3684,2022-08-15 01:00:00,7645.145,7637.37
3685,2022-08-15 02:00:00,7234.232,7078.56
3686,2022-08-15 03:00:00,6736.344,6699.61
3687,2022-08-15 04:00:00,6609.825,6660.71
3688,2022-08-15 05:00:00,6931.7856,6949.48
3689,2022-08-15 06:00:00,7777.382,7886.63
3690,2022-08-15 07:00:00,9312.36,9381.76
3691,2022-08-15 08:00:00,9878.978,9747.41
3692,2022-08-15 09:00:00,8871.929,9009.15
3693,2022-08-15 10:00:00,7987.6006,7992.85
3694,2022-08-15 11:00:00,7286.0723,7584.62
3695,2022-08-15 12:00:00,7195.949,7021.59
3696,2022-08-15 13:00:00,6853.817,7395.51
3697,2022-08-15 14:00:00,7689.9546,7665.64
3698,2022-08-15 15:00:00,8164.4624,8104.06
3699,2022-08-15 16:00:00,8875.867,8956.23
3700,2022-08-15 17:00:00,10049.062,10194.05
3701,2022-08-15 18:00:00,11355.095,11395.98
3702,2022-08-15 19:00:00,11195.206,11229.47
3703,2022-08-15 20:00:00,10696.018,10590.61
3704,2022-08-15 21:00:00,10013.006,10028.87
3705,2022-08-15 22:00:00,9316.337,9180.52
3706,2022-08-15 23:00:00,8769.133,8597.76
3707,2022-08-16 00:00:00,8317.324,8380.17
3708,2022-08-16 01:00:00,8145.7715,8145.14
3709,2022-08-16 02:00:00,7719.163,7623.97
3710,2022-08-16 03:00:00,7276.948,7204.8
3711,2022-08-16 04:00:00,7117.3965,6918.62
3712,2022-08-16 05:00:00,7267.9814,7309.18
3713,2022-08-16 06:00:00,8317.907,8247.37
3714,2022-08-16 07:00:00,9886.47,9727.21
3715,2022-08-16 08:00:00,10087.277,9729.67
3716,2022-08-16 09:00:00,8867.888,8598.96
3717,2022-08-16 10:00:00,7844.884,7756.97
3718,2022-08-16 11:00:00,7274.5625,7042.6
3719,2022-08-16 12:00:00,6855.1714,6781.03
3720,2022-08-16 13:00:00,6731.5854,6837.18
3721,2022-08-16 14:00:00,7196.975,7242.93
3722,2022-08-16 15:00:00,7814.181,7493.16
3723,2022-08-16 16:00:00,8333.951,8392.1
3724,2022-08-16 17:00:00,9652.5205,9541.87
3725,2022-08-16 18:00:00,10990.728,11001.45
3726,2022-08-16 19:00:00,10905.424,10960.93
3727,2022-08-16 20:00:00,10496.418,10500.26
3728,2022-08-16 21:00:00,9966.8545,10019.44
3729,2022-08-16 22:00:00,9246.466,9437.88
3730,2022-08-16 23:00:00,8837.845,8907.4
3731,2022-08-17 00:00:00,8517.045,8594.29
3732,2022-08-17 01:00:00,8241.831,8261.96
3733,2022-08-17 02:00:00,7735.8076,7734.13
3734,2022-08-17 03:00:00,7275.713,7299.32
3735,2022-08-17 04:00:00,7104.2144,7177.31
3736,2022-08-17 05:00:00,7487.176,7463.6
3737,2022-08-17 06:00:00,8349.553,8405.56
3738,2022-08-17 07:00:00,9823.591,9868.67
3739,2022-08-17 08:00:00,9974.697,9852.16
3740,2022-08-17 09:00:00,8791.664,8781.16
3741,2022-08-17 10:00:00,7872.8354,7759.15
3742,2022-08-17 11:00:00,7121.398,7028.57
3743,2022-08-17 12:00:00,6705.416,6496.61
3744,2022-08-17 13:00:00,6519.8184,6473.32
3745,2022-08-17 14:00:00,6871.301,6532.49
3746,2022-08-17 15:00:00,7099.638,6920.95
3747,2022-08-17 16:00:00,7764.674,7872.16
3748,2022-08-17 17:00:00,9152.335,8953.25
3749,2022-08-17 18:00:00,10404.642,10495.85
3750,2022-08-17 19:00:00,10613.62,10621.26
3751,2022-08-17 20:00:00,10245.902,10291.91
3752,2022-08-17 21:00:00,9784.99,9791.49
3753,2022-08-17 22:00:00,9190.215,9059.95
3754,2022-08-17 23:00:00,8523.081,8577.77
3755,2022-08-18 00:00:00,8213.8955,8349.23
3756,2022-08-18 01:00:00,8042.449,8115.61
3757,2022-08-18 02:00:00,7570.739,7632.88
3758,2022-08-18 03:00:00,7114.845,7166.15
3759,2022-08-18 04:00:00,6985.482,7023.49
3760,2022-08-18 05:00:00,7335.66,7239.65
3761,2022-08-18 06:00:00,8147.6504,8250.2
3762,2022-08-18 07:00:00,9608.242,9675.98
3763,2022-08-18 08:00:00,9841.726,9864.25
3764,2022-08-18 09:00:00,8921.765,9489.59
3765,2022-08-18 10:00:00,8571.807,9234.88
3766,2022-08-18 11:00:00,8628.14,8052.33
3767,2022-08-18 12:00:00,7238.4243,7370.46
3768,2022-08-18 13:00:00,7053.6934,6890.88
3769,2022-08-18 14:00:00,7040.292,7160.4
3770,2022-08-18 15:00:00,7553.8506,7334.22
3771,2022-08-18 16:00:00,7977.838,8172.44
3772,2022-08-18 17:00:00,9268.336,9173.17
3773,2022-08-18 18:00:00,10556.001,10375.57
3774,2022-08-18 19:00:00,10652.933,10363.84
3775,2022-08-18 20:00:00,9983.608,9905.94
3776,2022-08-18 21:00:00,9418.626,9548.9
3777,2022-08-18 22:00:00,8925.436,8873.31
3778,2022-08-18 23:00:00,8455.825,8371.35
3779,2022-08-19 00:00:00,8125.563,8149.51
3780,2022-08-19 01:00:00,7923.478,7834.0
3781,2022-08-19 02:00:00,7370.814,7292.69
3782,2022-08-19 03:00:00,6895.538,6946.18
3783,2022-08-19 04:00:00,6829.7764,6824.69
3784,2022-08-19 05:00:00,7087.785,6944.76
3785,2022-08-19 06:00:00,7794.444,7756.05
3786,2022-08-19 07:00:00,8973.809,8931.07
3787,2022-08-19 08:00:00,9434.775,9480.98
3788,2022-08-19 09:00:00,9312.905,9148.22
3789,2022-08-19 10:00:00,8747.07,8877.8
3790,2022-08-19 11:00:00,8543.918,7975.47
3791,2022-08-19 12:00:00,7283.879,7717.13
3792,2022-08-19 13:00:00,7459.6445,7143.09
3793,2022-08-19 14:00:00,7240.0176,7442.75
3794,2022-08-19 15:00:00,7817.7993,7766.23
3795,2022-08-19 16:00:00,8387.449,8154.76
3796,2022-08-19 17:00:00,9033.063,9210.84
3797,2022-08-19 18:00:00,10253.398,10246.78
3798,2022-08-19 19:00:00,10191.587,10234.6
3799,2022-08-19 20:00:00,9744.924,9859.73
3800,2022-08-19 21:00:00,9400.303,9480.3
3801,2022-08-19 22:00:00,8941.105,9138.4
3802,2022-08-19 23:00:00,8651.281,8849.83
3803,2022-08-20 00:00:00,8511.709,8597.6
3804,2022-08-20 01:00:00,8234.877,8240.9
3805,2022-08-20 02:00:00,7609.05,7668.49
3806,2022-08-20 03:00:00,7164.455,7096.62
3807,2022-08-20 04:00:00,6870.3765,6991.34
3808,2022-08-20 05:00:00,7067.93,7057.14
3809,2022-08-20 06:00:00,7397.648,7456.55
3810,2022-08-20 07:00:00,8040.132,8267.2
3811,2022-08-20 08:00:00,8660.426,8463.53
3812,2022-08-20 09:00:00,8253.877,7901.78
3813,2022-08-20 10:00:00,7232.5454,7254.05
3814,2022-08-20 11:00:00,6731.984,7024.43
3815,2022-08-20 12:00:00,6610.427,7034.04
3816,2022-08-20 13:00:00,6809.2812,6869.69
3817,2022-08-20 14:00:00,6941.9233,6623.11
3818,2022-08-20 15:00:00,7002.7754,6851.88
3819,2022-08-20 16:00:00,7614.0425,7464.23
3820,2022-08-20 17:00:00,8550.731,8520.35
3821,2022-08-20 18:00:00,9785.147,9748.36
3822,2022-08-20 19:00:00,9898.886,9828.41
3823,2022-08-20 20:00:00,9487.211,9600.51
3824,2022-08-20 21:00:00,9222.883,9224.56
3825,2022-08-20 22:00:00,8815.383,8902.84
3826,2022-08-20 23:00:00,8542.2705,8526.85
3827,2022-08-21 00:00:00,8254.935,8165.82
3828,2022-08-21 01:00:00,7913.299,7777.7
3829,2022-08-21 02:00:00,7333.4487,7237.98
3830,2022-08-21 03:00:00,6833.4595,6826.8
3831,2022-08-21 04:00:00,6669.5283,6701.09
3832,2022-08-21 05:00:00,6738.3877,6811.51
3833,2022-08-21 06:00:00,7120.3677,7018.85
3834,2022-08-21 07:00:00,7619.154,7571.05
3835,2022-08-21 08:00:00,7846.279,7709.34
3836,2022-08-21 09:00:00,7346.72,7211.85
3837,2022-08-21 10:00:00,6710.862,6440.71
3838,2022-08-21 11:00:00,6141.285,5796.19
3839,2022-08-21 12:00:00,5664.0024,5442.59
3840,2022-08-21 13:00:00,5384.3125,5363.7
3841,2022-08-21 14:00:00,5595.0073,5480.23
3842,2022-08-21 15:00:00,5945.6455,5919.18
3843,2022-08-21 16:00:00,6669.7593,6888.57
3844,2022-08-21 17:00:00,8159.2607,8359.87
3845,2022-08-21 18:00:00,9760.374,9557.71
3846,2022-08-21 19:00:00,9564.977,9860.65
3847,2022-08-21 20:00:00,9457.005,9451.43
3848,2022-08-21 21:00:00,9013.742,9082.75
3849,2022-08-21 22:00:00,8581.455,8491.69
3850,2022-08-21 23:00:00,8092.0117,8048.14
3851,2022-08-22 00:00:00,7815.255,7678.29
3852,2022-08-22 01:00:00,7475.4873,7386.01
3853,2022-08-22 02:00:00,6976.9375,6902.44
3854,2022-08-22 03:00:00,6594.8936,6683.89
3855,2022-08-22 04:00:00,6615.7944,6586.96
3856,2022-08-22 05:00:00,6796.6655,6934.37
3857,2022-08-22 06:00:00,7695.3164,7811.06
3858,2022-08-22 07:00:00,9091.18,9339.09
3859,2022-08-22 08:00:00,9612.832,9256.46
3860,2022-08-22 09:00:00,8337.829,8216.69
3861,2022-08-22 10:00:00,7286.5967,7269.23
3862,2022-08-22 11:00:00,6663.596,6726.99
3863,2022-08-22 12:00:00,6416.719,6364.05
3864,2022-08-22 13:00:00,6306.8594,6202.35
3865,2022-08-22 14:00:00,6423.652,6511.6
3866,2022-08-22 15:00:00,6885.2573,6890.36
3867,2022-08-22 16:00:00,7608.172,7639.6
3868,2022-08-22 17:00:00,8788.026,8895.98
3869,2022-08-22 18:00:00,10223.306,10143.3
3870,2022-08-22 19:00:00,10169.901,10162.82
3871,2022-08-22 20:00:00,9630.909,9741.25
3872,2022-08-22 21:00:00,9181.117,9236.17
3873,2022-08-22 22:00:00,8640.661,8568.32
3874,2022-08-22 23:00:00,8156.962,8237.1
3875,2022-08-23 00:00:00,7879.834,7868.32
3876,2022-08-23 01:00:00,7570.1924,7643.54
3877,2022-08-23 02:00:00,7202.7476,7214.36
3878,2022-08-23 03:00:00,6883.0386,6764.52
3879,2022-08-23 04:00:00,6604.7173,6662.65
3880,2022-08-23 05:00:00,6990.573,6938.14
3881,2022-08-23 06:00:00,7920.658,7660.72
3882,2022-08-23 07:00:00,9200.544,9064.63
3883,2022-08-23 08:00:00,9382.942,8992.4
3884,2022-08-23 09:00:00,7951.0015,8345.22
3885,2022-08-23 10:00:00,7421.2505,7489.85
3886,2022-08-23 11:00:00,6847.0386,7338.36
3887,2022-08-23 12:00:00,6841.7383,7754.94
3888,2022-08-23 13:00:00,7666.067,7751.88
3889,2022-08-23 14:00:00,7862.8433,8607.67
3890,2022-08-23 15:00:00,8904.646,9170.3
3891,2022-08-23 16:00:00,9647.899,10091.87
3892,2022-08-23 17:00:00,11112.397,11087.85
3893,2022-08-23 18:00:00,11436.584,12036.79
3894,2022-08-23 19:00:00,11788.598,11993.22
3895,2022-08-23 20:00:00,11382.639,11473.49
3896,2022-08-23 21:00:00,10776.957,10850.72
3897,2022-08-23 22:00:00,10085.51,9883.99
3898,2022-08-23 23:00:00,9225.357,9210.07
3899,2022-08-24 00:00:00,8765.574,8826.32
3900,2022-08-24 01:00:00,8516.572,8518.67
3901,2022-08-24 02:00:00,8060.6973,7918.48
3902,2022-08-24 03:00:00,7419.1826,7558.26
3903,2022-08-24 04:00:00,7378.3223,7360.48
3904,2022-08-24 05:00:00,7602.9062,7622.07
3905,2022-08-24 06:00:00,8484.044,8698.85
3906,2022-08-24 07:00:00,9967.804,10230.29
3907,2022-08-24 08:00:00,10187.409,10173.35
3908,2022-08-24 09:00:00,9116.885,8959.0
3909,2022-08-24 10:00:00,7984.4263,7908.66
3910,2022-08-24 11:00:00,7385.5723,7126.32
3911,2022-08-24 12:00:00,6831.765,6670.52
3912,2022-08-24 13:00:00,6604.5537,6580.48
3913,2022-08-24 14:00:00,6840.2017,6681.74
3914,2022-08-24 15:00:00,7121.252,7122.82
3915,2022-08-24 16:00:00,7979.0127,8077.8
3916,2022-08-24 17:00:00,9305.082,9410.08
3917,2022-08-24 18:00:00,10683.949,10992.44
3918,2022-08-24 19:00:00,10780.027,11100.89
3919,2022-08-24 20:00:00,10581.647,10888.5
3920,2022-08-24 21:00:00,10204.504,10314.1
3921,2022-08-24 22:00:00,9468.767,9554.28
3922,2022-08-24 23:00:00,8959.226,8973.69
3923,2022-08-25 00:00:00,8558.066,8638.58
3924,2022-08-25 01:00:00,8334.344,8323.02
3925,2022-08-25 02:00:00,7834.951,7813.0
3926,2022-08-25 03:00:00,7336.5273,7286.57
3927,2022-08-25 04:00:00,7163.7495,7125.37
3928,2022-08-25 05:00:00,7506.826,7457.11
3929,2022-08-25 06:00:00,8532.872,8553.49
3930,2022-08-25 07:00:00,10030.241,9929.85
3931,2022-08-25 08:00:00,10019.91,9901.51
3932,2022-08-25 09:00:00,9018.207,8748.5
3933,2022-08-25 10:00:00,7820.806,7869.22
3934,2022-08-25 11:00:00,7162.926,7351.6
3935,2022-08-25 12:00:00,6964.0786,7153.24
3936,2022-08-25 13:00:00,7080.257,7175.08
3937,2022-08-25 14:00:00,7503.8237,7974.27
3938,2022-08-25 15:00:00,8585.541,8471.16
3939,2022-08-25 16:00:00,9412.629,8904.1
3940,2022-08-25 17:00:00,10127.434,9730.88
3941,2022-08-25 18:00:00,11014.834,10924.54
3942,2022-08-25 19:00:00,10943.348,11000.95
3943,2022-08-25 20:00:00,10511.537,10635.23
3944,2022-08-25 21:00:00,10050.388,10181.2
3945,2022-08-25 22:00:00,9444.942,9419.27
3946,2022-08-25 23:00:00,8852.148,8918.11
3947,2022-08-26 00:00:00,8541.138,8576.43
3948,2022-08-26 01:00:00,8259.475,8248.81
3949,2022-08-26 02:00:00,7761.906,7750.48
3950,2022-08-26 03:00:00,7266.244,7340.74
3951,2022-08-26 04:00:00,7115.3965,7229.73
3952,2022-08-26 05:00:00,7512.53,7417.6
3953,2022-08-26 06:00:00,8365.211,8352.04
3954,2022-08-26 07:00:00,9722.059,9625.44
3955,2022-08-26 08:00:00,9798.825,9305.48
3956,2022-08-26 09:00:00,8630.504,8488.59
3957,2022-08-26 10:00:00,7802.5674,7646.35
3958,2022-08-26 11:00:00,7180.03,7497.41
3959,2022-08-26 12:00:00,7307.1646,7488.0
3960,2022-08-26 13:00:00,7576.8237,7240.45
3961,2022-08-26 14:00:00,7663.311,7359.45
3962,2022-08-26 15:00:00,7873.9614,7658.41
3963,2022-08-26 16:00:00,8379.532,8284.98
3964,2022-08-26 17:00:00,9376.724,9223.4
3965,2022-08-26 18:00:00,10349.338,10273.75
3966,2022-08-26 19:00:00,10260.095,10300.89
3967,2022-08-26 20:00:00,9925.356,10022.16
3968,2022-08-26 21:00:00,9557.966,9579.31
3969,2022-08-26 22:00:00,9132.531,9068.53
3970,2022-08-26 23:00:00,8643.387,8751.63
3971,2022-08-27 00:00:00,8453.783,8518.72
3972,2022-08-27 01:00:00,8201.079,8213.24
3973,2022-08-27 02:00:00,7707.3833,7669.58
3974,2022-08-27 03:00:00,7239.676,7034.29
3975,2022-08-27 04:00:00,6856.023,6907.4
3976,2022-08-27 05:00:00,7066.291,6957.72
3977,2022-08-27 06:00:00,7401.118,7263.47
3978,2022-08-27 07:00:00,7973.3364,7922.59
3979,2022-08-27 08:00:00,8204.201,8049.53
3980,2022-08-27 09:00:00,7639.31,7852.89
3981,2022-08-27 10:00:00,7171.096,7207.0
3982,2022-08-27 11:00:00,6752.111,6785.4
3983,2022-08-27 12:00:00,6601.53,6737.55
3984,2022-08-27 13:00:00,6630.145,6619.46
3985,2022-08-27 14:00:00,6706.1606,6626.42
3986,2022-08-27 15:00:00,6936.2856,6941.3
3987,2022-08-27 16:00:00,7640.948,7356.06
3988,2022-08-27 17:00:00,8458.1,8451.82
3989,2022-08-27 18:00:00,9643.985,9455.42
3990,2022-08-27 19:00:00,9712.653,9527.21
3991,2022-08-27 20:00:00,9335.0205,9252.2
3992,2022-08-27 21:00:00,8937.619,8883.26
3993,2022-08-27 22:00:00,8508.146,8449.41
3994,2022-08-27 23:00:00,8157.155,8142.2
3995,2022-08-28 00:00:00,7906.273,7863.5
3996,2022-08-28 01:00:00,7594.3374,7551.06
3997,2022-08-28 02:00:00,7105.161,7017.46
3998,2022-08-28 03:00:00,6647.9775,6622.07
3999,2022-08-28 04:00:00,6516.475,6466.74
4000,2022-08-28 05:00:00,6565.924,6527.99
4001,2022-08-28 06:00:00,6852.6636,6803.35
4002,2022-08-28 07:00:00,7363.595,7302.17
4003,2022-08-28 08:00:00,7524.967,7571.86
4004,2022-08-28 09:00:00,7155.4893,7309.68
4005,2022-08-28 10:00:00,6489.4746,6510.53
4006,2022-08-28 11:00:00,5810.197,5773.59
4007,2022-08-28 12:00:00,5495.8154,5415.83
4008,2022-08-28 13:00:00,5343.9326,5466.34
4009,2022-08-28 14:00:00,5552.16,5748.6
4010,2022-08-28 15:00:00,6108.417,6125.53
4011,2022-08-28 16:00:00,6791.283,7072.22
4012,2022-08-28 17:00:00,8374.78,8197.52
4013,2022-08-28 18:00:00,9368.02,9261.51
4014,2022-08-28 19:00:00,9447.669,9378.39
4015,2022-08-28 20:00:00,9064.834,8944.05
4016,2022-08-28 21:00:00,8557.483,8517.19
4017,2022-08-28 22:00:00,8121.6406,8090.42
4018,2022-08-28 23:00:00,7753.9473,7677.16
4019,2022-08-29 00:00:00,7460.712,7456.98
4020,2022-08-29 01:00:00,7255.939,7127.09
4021,2022-08-29 02:00:00,6765.496,6739.67
4022,2022-08-29 03:00:00,6487.1816,6393.37
4023,2022-08-29 04:00:00,6336.4824,6447.12
4024,2022-08-29 05:00:00,6786.996,6680.39
4025,2022-08-29 06:00:00,7429.5723,7444.13
4026,2022-08-29 07:00:00,8693.978,8683.41
4027,2022-08-29 08:00:00,8899.763,8685.82
4028,2022-08-29 09:00:00,7762.873,8023.65
4029,2022-08-29 10:00:00,7016.4004,7784.41
4030,2022-08-29 11:00:00,7241.244,6928.81
4031,2022-08-29 12:00:00,6587.9976,7483.61
4032,2022-08-29 13:00:00,7706.27,7695.36
4033,2022-08-29 14:00:00,8103.388,8098.21
4034,2022-08-29 15:00:00,8635.745,8371.73
4035,2022-08-29 16:00:00,9040.138,8940.72
4036,2022-08-29 17:00:00,10019.437,9674.16
4037,2022-08-29 18:00:00,10695.79,10310.99
4038,2022-08-29 19:00:00,10287.063,10030.9
4039,2022-08-29 20:00:00,9549.325,9384.23
4040,2022-08-29 21:00:00,8887.146,8857.37
4041,2022-08-29 22:00:00,8441.4,8263.39
4042,2022-08-29 23:00:00,7926.275,7975.79
4043,2022-08-30 00:00:00,7673.5195,7782.23
4044,2022-08-30 01:00:00,7472.3936,7404.18
4045,2022-08-30 02:00:00,6973.01,6857.06
4046,2022-08-30 03:00:00,6575.0356,6540.62
4047,2022-08-30 04:00:00,6488.614,6390.52
4048,2022-08-30 05:00:00,6752.1436,6651.27
4049,2022-08-30 06:00:00,7493.9067,7432.39
4050,2022-08-30 07:00:00,8761.77,8634.34
4051,2022-08-30 08:00:00,8741.07,8765.71
4052,2022-08-30 09:00:00,7964.6035,8090.94
4053,2022-08-30 10:00:00,7382.8823,6969.15
4054,2022-08-30 11:00:00,6638.2607,6756.2
4055,2022-08-30 12:00:00,6979.736,6483.68
4056,2022-08-30 13:00:00,6589.0796,6460.98
4057,2022-08-30 14:00:00,6736.3105,6583.85
4058,2022-08-30 15:00:00,6994.866,6979.72
4059,2022-08-30 16:00:00,7759.069,7689.91
4060,2022-08-30 17:00:00,8861.153,8457.13
4061,2022-08-30 18:00:00,9558.802,9423.06
4062,2022-08-30 19:00:00,9443.342,9424.78
4063,2022-08-30 20:00:00,9004.954,8962.64
4064,2022-08-30 21:00:00,8528.948,8675.99
4065,2022-08-30 22:00:00,8229.47,8182.92
4066,2022-08-30 23:00:00,7798.5127,8071.02
4067,2022-08-31 00:00:00,7749.358,7883.86
4068,2022-08-31 01:00:00,7577.3257,7694.33
4069,2022-08-31 02:00:00,7160.699,7181.41
4070,2022-08-31 03:00:00,6729.8887,6798.55
4071,2022-08-31 04:00:00,6638.2656,6625.02
4072,2022-08-31 05:00:00,6828.0674,6895.0
4073,2022-08-31 06:00:00,7701.1724,7752.97
4074,2022-08-31 07:00:00,8952.754,8737.91
4075,2022-08-31 08:00:00,8875.986,8418.45
4076,2022-08-31 09:00:00,7704.196,7417.08
4077,2022-08-31 10:00:00,6778.011,6714.74
4078,2022-08-31 11:00:00,6315.9033,6427.6
4079,2022-08-31 12:00:00,6260.114,6494.53
4080,2022-08-31 13:00:00,6644.7983,6520.91
4081,2022-08-31 14:00:00,6864.1694,6667.79
4082,2022-08-31 15:00:00,7022.4023,7167.52
4083,2022-08-31 16:00:00,7929.491,7814.38
4084,2022-08-31 17:00:00,8856.441,8576.16
4085,2022-08-31 18:00:00,9518.142,9647.15
4086,2022-08-31 19:00:00,9512.266,9780.45
4087,2022-08-31 20:00:00,9217.767,9401.24
4088,2022-08-31 21:00:00,8910.634,8905.77
4089,2022-08-31 22:00:00,8392.97,8431.5
4090,2022-08-31 23:00:00,8067.545,8102.2
4091,2022-09-01 00:00:00,7846.6035,7933.43
4092,2022-09-01 01:00:00,7670.9395,7690.58
4093,2022-09-01 02:00:00,7166.741,7215.09
4094,2022-09-01 03:00:00,6842.214,6744.87
4095,2022-09-01 04:00:00,6597.2593,6617.72
4096,2022-09-01 05:00:00,6915.335,6900.9
4097,2022-09-01 06:00:00,7698.902,7650.84
4098,2022-09-01 07:00:00,8688.844,8552.7
4099,2022-09-01 08:00:00,8514.389,8233.22
4100,2022-09-01 09:00:00,7394.643,7543.92
4101,2022-09-01 10:00:00,6872.4014,6988.48
4102,2022-09-01 11:00:00,6612.9614,6640.18
4103,2022-09-01 12:00:00,6595.2583,6400.69
4104,2022-09-01 13:00:00,6513.062,6266.07
4105,2022-09-01 14:00:00,6450.72,6333.63
4106,2022-09-01 15:00:00,6719.1094,6672.52
4107,2022-09-01 16:00:00,7338.541,7484.15
4108,2022-09-01 17:00:00,8497.083,8334.62
4109,2022-09-01 18:00:00,9411.875,9411.59
4110,2022-09-01 19:00:00,9448.92,9498.87
4111,2022-09-01 20:00:00,9034.27,9055.51
4112,2022-09-01 21:00:00,8618.343,8709.05
4113,2022-09-01 22:00:00,8249.624,8290.67
4114,2022-09-01 23:00:00,7957.8,8065.88
4115,2022-09-02 00:00:00,7872.6343,7864.55
4116,2022-09-02 01:00:00,7620.398,7592.38
4117,2022-09-02 02:00:00,7130.1455,7074.91
4118,2022-09-02 03:00:00,6673.299,6692.13
4119,2022-09-02 04:00:00,6571.926,6542.62
4120,2022-09-02 05:00:00,6850.051,6838.95
4121,2022-09-02 06:00:00,7617.2563,7506.45
4122,2022-09-02 07:00:00,8455.503,8583.31
4123,2022-09-02 08:00:00,8467.098,8825.95
4124,2022-09-02 09:00:00,8134.9775,8219.41
4125,2022-09-02 10:00:00,7441.056,8308.25
4126,2022-09-02 11:00:00,7606.9307,8022.78
4127,2022-09-02 12:00:00,7715.3643,7953.92
4128,2022-09-02 13:00:00,7848.1187,7802.34
4129,2022-09-02 14:00:00,8035.6777,7777.95
4130,2022-09-02 15:00:00,8033.7505,8107.66
4131,2022-09-02 16:00:00,8659.702,8878.09
4132,2022-09-02 17:00:00,9675.697,9541.84
4133,2022-09-02 18:00:00,10245.467,10202.74
4134,2022-09-02 19:00:00,10063.046,10119.5
4135,2022-09-02 20:00:00,9608.562,9542.42
4136,2022-09-02 21:00:00,9055.265,9307.07
4137,2022-09-02 22:00:00,8872.644,8859.85
4138,2022-09-02 23:00:00,8553.359,8546.56
4139,2022-09-03 00:00:00,8324.376,8316.09
4140,2022-09-03 01:00:00,8056.701,8003.34
4141,2022-09-03 02:00:00,7492.7393,7431.06
4142,2022-09-03 03:00:00,7039.1904,6839.07
4143,2022-09-03 04:00:00,6675.261,6726.36
4144,2022-09-03 05:00:00,6874.3794,6744.85
4145,2022-09-03 06:00:00,7247.4985,6989.2
4146,2022-09-03 07:00:00,7687.9873,7863.99
4147,2022-09-03 08:00:00,8072.7695,8544.82
4148,2022-09-03 09:00:00,8190.2124,8856.75
4149,2022-09-03 10:00:00,8050.2837,8675.86
4150,2022-09-03 11:00:00,7852.226,8510.21
4151,2022-09-03 12:00:00,8053.4136,8073.68
4152,2022-09-03 13:00:00,7891.0073,7876.6
4153,2022-09-03 14:00:00,7832.174,7959.05
4154,2022-09-03 15:00:00,8225.822,8196.76
4155,2022-09-03 16:00:00,8785.789,8837.95
4156,2022-09-03 17:00:00,9635.809,9479.81
4157,2022-09-03 18:00:00,10241.719,10279.7
4158,2022-09-03 19:00:00,10151.375,10233.35
4159,2022-09-03 20:00:00,9687.348,9775.64
4160,2022-09-03 21:00:00,9301.0625,9455.54
4161,2022-09-03 22:00:00,9009.095,8901.1
4162,2022-09-03 23:00:00,8577.646,8526.25
4163,2022-09-04 00:00:00,8344.938,8137.02
4164,2022-09-04 01:00:00,7893.181,7779.66
4165,2022-09-04 02:00:00,7257.5454,7165.91
4166,2022-09-04 03:00:00,6761.4424,6698.1
4167,2022-09-04 04:00:00,6578.2456,6527.87
4168,2022-09-04 05:00:00,6633.6904,6551.79
4169,2022-09-04 06:00:00,6821.0493,6836.89
4170,2022-09-04 07:00:00,7545.1636,7283.49
4171,2022-09-04 08:00:00,7638.105,7515.23
4172,2022-09-04 09:00:00,7261.041,7503.34
4173,2022-09-04 10:00:00,6809.9,7120.55
4174,2022-09-04 11:00:00,6535.0044,6855.15
4175,2022-09-04 12:00:00,6556.62,6495.96
4176,2022-09-04 13:00:00,6370.9746,6273.39
4177,2022-09-04 14:00:00,6325.7583,6564.86
4178,2022-09-04 15:00:00,6885.8076,6972.35
4179,2022-09-04 16:00:00,7671.18,7591.12
4180,2022-09-04 17:00:00,8539.173,8688.01
4181,2022-09-04 18:00:00,9622.394,9717.95
4182,2022-09-04 19:00:00,9678.791,9952.19
4183,2022-09-04 20:00:00,9437.161,9661.52
4184,2022-09-04 21:00:00,9165.642,9354.86
4185,2022-09-04 22:00:00,8845.988,8624.77
4186,2022-09-04 23:00:00,8273.754,8144.12
4187,2022-09-05 00:00:00,7891.2363,7829.66
4188,2022-09-05 01:00:00,7603.0566,7505.89
4189,2022-09-05 02:00:00,7067.2124,7087.44
4190,2022-09-05 03:00:00,6660.21,6763.28
4191,2022-09-05 04:00:00,6632.413,6676.42
4192,2022-09-05 05:00:00,6846.636,6955.89
4193,2022-09-05 06:00:00,7695.7725,7850.5
4194,2022-09-05 07:00:00,8919.443,9137.62
4195,2022-09-05 08:00:00,9038.583,9000.48
4196,2022-09-05 09:00:00,8070.139,7941.36
4197,2022-09-05 10:00:00,7056.385,7165.13
4198,2022-09-05 11:00:00,6716.2295,6796.29
4199,2022-09-05 12:00:00,6575.9775,6763.65
4200,2022-09-05 13:00:00,6838.5195,7068.76
4201,2022-09-05 14:00:00,7470.5864,7188.74
4202,2022-09-05 15:00:00,7637.089,7441.47
4203,2022-09-05 16:00:00,8141.9077,8100.8
4204,2022-09-05 17:00:00,9130.678,9243.58
4205,2022-09-05 18:00:00,10237.97,10589.56
4206,2022-09-05 19:00:00,10461.466,10679.59
4207,2022-09-05 20:00:00,10082.371,10186.8
4208,2022-09-05 21:00:00,9632.574,9726.87
4209,2022-09-05 22:00:00,9136.137,9014.81
4210,2022-09-05 23:00:00,8504.746,8522.37
4211,2022-09-06 00:00:00,8258.749,8320.14
4212,2022-09-06 01:00:00,8099.506,8054.23
4213,2022-09-06 02:00:00,7600.1816,7524.87
4214,2022-09-06 03:00:00,7106.7485,7169.61
4215,2022-09-06 04:00:00,7038.5513,6994.81
4216,2022-09-06 05:00:00,7245.779,7148.61
4217,2022-09-06 06:00:00,7984.777,8154.9
4218,2022-09-06 07:00:00,9561.91,9253.79
4219,2022-09-06 08:00:00,9371.048,8824.94
4220,2022-09-06 09:00:00,7872.098,7769.43
4221,2022-09-06 10:00:00,7076.351,7230.75
4222,2022-09-06 11:00:00,6924.88,7466.93
4223,2022-09-06 12:00:00,7668.6724,7204.02
4224,2022-09-06 13:00:00,7286.8096,7076.48
4225,2022-09-06 14:00:00,7347.555,7271.35
4226,2022-09-06 15:00:00,7679.429,7610.1
4227,2022-09-06 16:00:00,8258.722,8247.81
4228,2022-09-06 17:00:00,9385.006,9175.17
4229,2022-09-06 18:00:00,10423.763,10382.78
4230,2022-09-06 19:00:00,10554.421,10583.92
4231,2022-09-06 20:00:00,10092.949,10091.43
4232,2022-09-06 21:00:00,9627.166,9700.59
4233,2022-09-06 22:00:00,9123.945,8946.38
4234,2022-09-06 23:00:00,8493.223,8538.49
4235,2022-09-07 00:00:00,8276.276,8281.78
4236,2022-09-07 01:00:00,8068.292,8007.64
4237,2022-09-07 02:00:00,7564.8413,7462.64
4238,2022-09-07 03:00:00,7139.2163,7065.15
4239,2022-09-07 04:00:00,6977.475,6857.22
4240,2022-09-07 05:00:00,7124.4736,7084.4
4241,2022-09-07 06:00:00,8009.654,7901.57
4242,2022-09-07 07:00:00,9155.068,9043.14
4243,2022-09-07 08:00:00,9042.126,8625.25
4244,2022-09-07 09:00:00,7644.155,7471.62
4245,2022-09-07 10:00:00,6920.692,6936.67
4246,2022-09-07 11:00:00,6733.2617,6522.02
4247,2022-09-07 12:00:00,6428.609,6326.89
4248,2022-09-07 13:00:00,6405.3687,6405.94
4249,2022-09-07 14:00:00,6644.1973,6721.93
4250,2022-09-07 15:00:00,7180.2476,6925.15
4251,2022-09-07 16:00:00,7677.4194,7693.12
4252,2022-09-07 17:00:00,8750.771,8747.53
4253,2022-09-07 18:00:00,9921.481,9834.32
4254,2022-09-07 19:00:00,9908.72,9910.52
4255,2022-09-07 20:00:00,9443.204,9544.18
4256,2022-09-07 21:00:00,9084.623,9234.91
4257,2022-09-07 22:00:00,8701.78,8587.7
4258,2022-09-07 23:00:00,8242.264,8191.25
4259,2022-09-08 00:00:00,7982.544,8045.46
4260,2022-09-08 01:00:00,7860.0566,7724.15
4261,2022-09-08 02:00:00,7228.965,7275.11
4262,2022-09-08 03:00:00,6903.2812,6883.27
4263,2022-09-08 04:00:00,6764.3994,6731.74
4264,2022-09-08 05:00:00,7042.575,6814.5
4265,2022-09-08 06:00:00,7606.8633,7635.3
4266,2022-09-08 07:00:00,8759.117,8565.66
4267,2022-09-08 08:00:00,8408.611,8190.79
4268,2022-09-08 09:00:00,7339.743,7519.86
4269,2022-09-08 10:00:00,6832.2627,7108.42
4270,2022-09-08 11:00:00,6710.86,6531.15
4271,2022-09-08 12:00:00,6362.4624,6496.02
4272,2022-09-08 13:00:00,6538.2617,6657.43
4273,2022-09-08 14:00:00,6907.054,7043.58
4274,2022-09-08 15:00:00,7371.4707,7177.27
4275,2022-09-08 16:00:00,7821.3564,8109.57
4276,2022-09-08 17:00:00,9130.369,8750.42
4277,2022-09-08 18:00:00,9924.252,9725.76
4278,2022-09-08 19:00:00,9837.558,9802.93
4279,2022-09-08 20:00:00,9396.854,9279.72
4280,2022-09-08 21:00:00,8897.088,9051.82
4281,2022-09-08 22:00:00,8530.845,8338.72
4282,2022-09-08 23:00:00,8060.6543,8096.54
4283,2022-09-09 00:00:00,7915.602,7886.98
4284,2022-09-09 01:00:00,7647.3994,7701.86
4285,2022-09-09 02:00:00,7191.6494,7187.33
4286,2022-09-09 03:00:00,6827.8486,6658.87
4287,2022-09-09 04:00:00,6566.392,6634.85
4288,2022-09-09 05:00:00,6902.3145,6750.41
4289,2022-09-09 06:00:00,7589.442,7361.9
4290,2022-09-09 07:00:00,8372.98,8452.14
4291,2022-09-09 08:00:00,8408.46,9159.32
4292,2022-09-09 09:00:00,8627.765,9005.59
4293,2022-09-09 10:00:00,8361.688,8803.45
4294,2022-09-09 11:00:00,8314.097,8253.76
4295,2022-09-09 12:00:00,8017.9663,7070.62
4296,2022-09-09 13:00:00,6990.0605,6910.6
4297,2022-09-09 14:00:00,7113.7627,6635.96
4298,2022-09-09 15:00:00,6928.0063,7009.7
4299,2022-09-09 16:00:00,7590.2188,7700.85
4300,2022-09-09 17:00:00,8657.662,8399.42
4301,2022-09-09 18:00:00,9531.816,8906.38
4302,2022-09-09 19:00:00,9545.418,9409.47
4303,2022-09-09 20:00:00,9192.562,9069.14
4304,2022-09-09 21:00:00,8737.984,8721.97
4305,2022-09-09 22:00:00,8366.634,8423.65
4306,2022-09-09 23:00:00,8164.1426,8133.65
4307,2022-09-10 00:00:00,7952.705,7914.72
4308,2022-09-10 01:00:00,7711.7993,7616.65
4309,2022-09-10 02:00:00,7112.0664,7155.33
4310,2022-09-10 03:00:00,6789.4414,6619.3
4311,2022-09-10 04:00:00,6538.223,6326.94
4312,2022-09-10 05:00:00,6405.6704,6425.3
4313,2022-09-10 06:00:00,6704.4775,6679.86
4314,2022-09-10 07:00:00,7360.6445,7105.58
4315,2022-09-10 08:00:00,7519.995,7142.57
4316,2022-09-10 09:00:00,7092.2026,6995.89
4317,2022-09-10 10:00:00,6565.987,6234.29
4318,2022-09-10 11:00:00,5673.5654,6060.73
4319,2022-09-10 12:00:00,5794.57,5643.52
4320,2022-09-10 13:00:00,5504.522,5792.34
4321,2022-09-10 14:00:00,6020.3735,5833.08
4322,2022-09-10 15:00:00,6125.6675,6166.06
4323,2022-09-10 16:00:00,6755.418,6704.73
4324,2022-09-10 17:00:00,7684.4956,7709.37
4325,2022-09-10 18:00:00,8785.04,8454.97
4326,2022-09-10 19:00:00,8993.483,8548.04
4327,2022-09-10 20:00:00,8312.334,8170.0
4328,2022-09-10 21:00:00,7914.948,7903.37
4329,2022-09-10 22:00:00,7533.5405,7646.26
4330,2022-09-10 23:00:00,7448.186,7604.41
4331,2022-09-11 00:00:00,7472.3965,7328.19
4332,2022-09-11 01:00:00,7140.118,7039.67
4333,2022-09-11 02:00:00,6648.74,6519.49
4334,2022-09-11 03:00:00,6190.1787,6294.37
4335,2022-09-11 04:00:00,6215.212,6176.33
4336,2022-09-11 05:00:00,6233.3555,6315.24
4337,2022-09-11 06:00:00,6688.71,6448.74
4338,2022-09-11 07:00:00,6843.881,6613.28
4339,2022-09-11 08:00:00,6604.6,6361.29
4340,2022-09-11 09:00:00,5916.51,5911.73
4341,2022-09-11 10:00:00,5489.2607,5454.39
4342,2022-09-11 11:00:00,5172.5215,4888.18
4343,2022-09-11 12:00:00,4743.5796,4633.87
4344,2022-09-11 13:00:00,4778.967,4579.03
4345,2022-09-11 14:00:00,4798.425,4756.69
4346,2022-09-11 15:00:00,5140.7935,5306.39
4347,2022-09-11 16:00:00,6000.0493,6297.33
4348,2022-09-11 17:00:00,7344.3813,7391.77
4349,2022-09-11 18:00:00,8340.06,8318.83
4350,2022-09-11 19:00:00,8386.313,8817.47
4351,2022-09-11 20:00:00,8376.289,8429.48
4352,2022-09-11 21:00:00,8020.1743,8205.66
4353,2022-09-11 22:00:00,7799.422,7917.87
4354,2022-09-11 23:00:00,7627.6733,7525.1
4355,2022-09-12 00:00:00,7326.041,7284.02
4356,2022-09-12 01:00:00,7064.605,7131.03
4357,2022-09-12 02:00:00,6660.049,6705.8
4358,2022-09-12 03:00:00,6361.485,6469.2
4359,2022-09-12 04:00:00,6285.236,6405.23
4360,2022-09-12 05:00:00,6512.358,6746.42
4361,2022-09-12 06:00:00,7301.861,7542.52
4362,2022-09-12 07:00:00,8489.751,8532.14
4363,2022-09-12 08:00:00,8299.151,8170.47
4364,2022-09-12 09:00:00,7362.305,7186.06
4365,2022-09-12 10:00:00,6606.4683,6563.63
4366,2022-09-12 11:00:00,6295.855,6103.05
4367,2022-09-12 12:00:00,6029.64,5914.07
4368,2022-09-12 13:00:00,5969.433,5816.47
4369,2022-09-12 14:00:00,5943.994,6114.95
4370,2022-09-12 15:00:00,6417.7324,6681.66
4371,2022-09-12 16:00:00,7365.9277,7547.1
4372,2022-09-12 17:00:00,8537.322,8561.14
4373,2022-09-12 18:00:00,9469.852,9717.45
4374,2022-09-12 19:00:00,9837.395,9925.76
4375,2022-09-12 20:00:00,9307.818,9444.6
4376,2022-09-12 21:00:00,8977.49,9030.41
4377,2022-09-12 22:00:00,8454.919,8478.07
4378,2022-09-12 23:00:00,8134.585,8132.47
4379,2022-09-13 00:00:00,7917.232,8065.96
4380,2022-09-13 01:00:00,7830.2324,7769.11
4381,2022-09-13 02:00:00,7299.4824,7303.45
4382,2022-09-13 03:00:00,6895.1733,6889.58
4383,2022-09-13 04:00:00,6716.5874,6756.91
4384,2022-09-13 05:00:00,6967.507,7013.91
4385,2022-09-13 06:00:00,7856.6895,7925.48
4386,2022-09-13 07:00:00,8981.376,8759.87
4387,2022-09-13 08:00:00,8329.038,8264.15
4388,2022-09-13 09:00:00,7298.7705,7406.67
4389,2022-09-13 10:00:00,6774.714,7045.98
4390,2022-09-13 11:00:00,6643.9644,6770.4
4391,2022-09-13 12:00:00,6660.21,6420.34
4392,2022-09-13 13:00:00,6408.169,6210.08
4393,2022-09-13 14:00:00,6410.4956,6345.27
4394,2022-09-13 15:00:00,6674.415,6699.59
4395,2022-09-13 16:00:00,7489.4873,7526.9
4396,2022-09-13 17:00:00,8623.888,8722.26
4397,2022-09-13 18:00:00,9914.198,10168.27
4398,2022-09-13 19:00:00,10138.625,10265.15
4399,2022-09-13 20:00:00,9679.191,9812.67
4400,2022-09-13 21:00:00,9290.782,9206.22
4401,2022-09-13 22:00:00,8664.449,8585.78
4402,2022-09-13 23:00:00,8215.804,8120.88
4403,2022-09-14 00:00:00,7965.939,7990.58
4404,2022-09-14 01:00:00,7816.257,7755.57
4405,2022-09-14 02:00:00,7350.3535,7350.78
4406,2022-09-14 03:00:00,6930.9395,6901.39
4407,2022-09-14 04:00:00,6709.502,6773.7
4408,2022-09-14 05:00:00,7014.0273,7050.76
4409,2022-09-14 06:00:00,7866.8345,7867.47
4410,2022-09-14 07:00:00,8787.027,8799.29
4411,2022-09-14 08:00:00,8258.108,8311.92
4412,2022-09-14 09:00:00,7308.9287,7132.13
4413,2022-09-14 10:00:00,6603.483,6539.62
4414,2022-09-14 11:00:00,6264.2764,6304.2
4415,2022-09-14 12:00:00,6120.102,6171.94
4416,2022-09-14 13:00:00,6164.344,6168.77
4417,2022-09-14 14:00:00,6364.0864,6303.41
4418,2022-09-14 15:00:00,6728.3364,6654.52
4419,2022-09-14 16:00:00,7444.5674,7354.23
4420,2022-09-14 17:00:00,8448.129,8457.08
4421,2022-09-14 18:00:00,9689.963,9763.57
4422,2022-09-14 19:00:00,9905.233,10012.4
4423,2022-09-14 20:00:00,9521.522,9564.99
4424,2022-09-14 21:00:00,9002.102,9077.48
4425,2022-09-14 22:00:00,8481.659,8496.71
4426,2022-09-14 23:00:00,8083.0083,8235.89
4427,2022-09-15 00:00:00,8037.4404,8012.87
4428,2022-09-15 01:00:00,7791.3823,7722.97
4429,2022-09-15 02:00:00,7264.7993,7221.47
4430,2022-09-15 03:00:00,6830.6406,6774.25
4431,2022-09-15 04:00:00,6660.687,6589.46
4432,2022-09-15 05:00:00,6908.9473,6824.7
4433,2022-09-15 06:00:00,7642.6562,7573.95
4434,2022-09-15 07:00:00,8575.968,8624.16
4435,2022-09-15 08:00:00,8188.38,8882.21
4436,2022-09-15 09:00:00,7857.037,8723.21
4437,2022-09-15 10:00:00,7903.1035,8064.26
4438,2022-09-15 11:00:00,7406.6157,8088.66
4439,2022-09-15 12:00:00,7706.235,7758.44
4440,2022-09-15 13:00:00,7610.5444,8279.05
4441,2022-09-15 14:00:00,8433.999,8735.71
4442,2022-09-15 15:00:00,9049.825,8945.49
4443,2022-09-15 16:00:00,9410.011,9208.26
4444,2022-09-15 17:00:00,9867.046,10088.85
4445,2022-09-15 18:00:00,10796.59,10694.82
4446,2022-09-15 19:00:00,10618.83,10477.13
4447,2022-09-15 20:00:00,9974.043,9932.22
4448,2022-09-15 21:00:00,9505.614,9515.16
4449,2022-09-15 22:00:00,8935.472,8777.88
4450,2022-09-15 23:00:00,8414.382,8505.75
4451,2022-09-16 00:00:00,8302.86,8046.34
4452,2022-09-16 01:00:00,7839.851,7834.0
4453,2022-09-16 02:00:00,7355.0117,7229.55
4454,2022-09-16 03:00:00,6817.009,6829.98
4455,2022-09-16 04:00:00,6693.456,6657.31
4456,2022-09-16 05:00:00,6932.689,6893.79
4457,2022-09-16 06:00:00,7665.163,7503.76
4458,2022-09-16 07:00:00,8471.43,8169.48
4459,2022-09-16 08:00:00,8600.324,7893.77
4460,2022-09-16 09:00:00,7429.872,7001.11
4461,2022-09-16 10:00:00,6606.147,6162.79
4462,2022-09-16 11:00:00,5897.9404,5637.47
4463,2022-09-16 12:00:00,5482.774,5534.82
4464,2022-09-16 13:00:00,5575.8525,5498.93
4465,2022-09-16 14:00:00,5667.39,5785.74
4466,2022-09-16 15:00:00,6199.5864,6488.83
4467,2022-09-16 16:00:00,7314.5894,7137.57
4468,2022-09-16 17:00:00,8139.805,8113.37
4469,2022-09-16 18:00:00,9068.447,8846.3
4470,2022-09-16 19:00:00,8959.458,8963.06
4471,2022-09-16 20:00:00,8585.27,8514.09
4472,2022-09-16 21:00:00,8191.6465,8189.33
4473,2022-09-16 22:00:00,7909.4844,8034.61
4474,2022-09-16 23:00:00,7814.3945,7872.91
4475,2022-09-17 00:00:00,7673.8687,7712.49
4476,2022-09-17 01:00:00,7425.147,7401.94
4477,2022-09-17 02:00:00,6951.264,6910.97
4478,2022-09-17 03:00:00,6517.469,6430.8
4479,2022-09-17 04:00:00,6288.5527,6376.26
4480,2022-09-17 05:00:00,6542.1274,6486.05
4481,2022-09-17 06:00:00,6816.6294,6564.04
4482,2022-09-17 07:00:00,6816.871,6717.58
4483,2022-09-17 08:00:00,6564.181,6554.82
4484,2022-09-17 09:00:00,6109.312,6051.63
4485,2022-09-17 10:00:00,5502.073,5675.97
4486,2022-09-17 11:00:00,5241.4263,5955.27
4487,2022-09-17 12:00:00,5900.0967,5801.93
4488,2022-09-17 13:00:00,5827.0757,5636.3
4489,2022-09-17 14:00:00,5847.2124,5532.94
4490,2022-09-17 15:00:00,5917.67,5845.53
4491,2022-09-17 16:00:00,6616.614,6563.15
4492,2022-09-17 17:00:00,7660.305,7582.98
4493,2022-09-17 18:00:00,8517.025,8462.22
4494,2022-09-17 19:00:00,8769.183,8506.38
4495,2022-09-17 20:00:00,8173.158,8158.92
4496,2022-09-17 21:00:00,7906.072,7920.81
4497,2022-09-17 22:00:00,7709.3433,7620.89
4498,2022-09-17 23:00:00,7442.2314,7331.9
4499,2022-09-18 00:00:00,7169.9224,7272.18
4500,2022-09-18 01:00:00,7068.939,6792.76
4501,2022-09-18 02:00:00,6444.2544,6380.59
4502,2022-09-18 03:00:00,6168.2314,6089.28
4503,2022-09-18 04:00:00,6063.937,5928.65
4504,2022-09-18 05:00:00,6130.5645,6116.08
4505,2022-09-18 06:00:00,6363.8867,6244.11
4506,2022-09-18 07:00:00,6411.6606,6284.92
4507,2022-09-18 08:00:00,6022.9683,6113.69
4508,2022-09-18 09:00:00,5605.4883,5935.6
4509,2022-09-18 10:00:00,5398.1245,5414.28
4510,2022-09-18 11:00:00,5021.4434,4992.99
4511,2022-09-18 12:00:00,4821.222,4700.62
4512,2022-09-18 13:00:00,4733.534,4737.76
4513,2022-09-18 14:00:00,4981.641,4924.66
4514,2022-09-18 15:00:00,5417.1504,5448.62
4515,2022-09-18 16:00:00,6301.759,6370.62
4516,2022-09-18 17:00:00,7454.088,7404.44
4517,2022-09-18 18:00:00,8386.122,8435.73
4518,2022-09-18 19:00:00,8531.855,8754.56
4519,2022-09-18 20:00:00,8339.244,8367.5
4520,2022-09-18 21:00:00,8036.5225,7949.06
4521,2022-09-18 22:00:00,7660.3276,7633.77
4522,2022-09-18 23:00:00,7354.6675,7300.32
4523,2022-09-19 00:00:00,7187.78,7120.63
4524,2022-09-19 01:00:00,6869.986,6900.31
4525,2022-09-19 02:00:00,6463.176,6548.02
4526,2022-09-19 03:00:00,6254.895,6202.15
4527,2022-09-19 04:00:00,6119.32,6088.95
4528,2022-09-19 05:00:00,6335.812,6374.78
4529,2022-09-19 06:00:00,7067.2886,7142.07
4530,2022-09-19 07:00:00,8111.544,7964.97
4531,2022-09-19 08:00:00,7756.5317,7764.64
4532,2022-09-19 09:00:00,6817.765,7098.25
4533,2022-09-19 10:00:00,6421.631,6540.77
4534,2022-09-19 11:00:00,6130.2964,5787.86
4535,2022-09-19 12:00:00,5491.25,5629.73
4536,2022-09-19 13:00:00,5636.118,5522.27
4537,2022-09-19 14:00:00,5670.948,5613.11
4538,2022-09-19 15:00:00,6059.9907,6065.05
4539,2022-09-19 16:00:00,6825.341,6963.62
4540,2022-09-19 17:00:00,8109.3413,7997.77
4541,2022-09-19 18:00:00,9195.047,9145.64
4542,2022-09-19 19:00:00,9421.416,9448.7
4543,2022-09-19 20:00:00,8916.885,8809.25
4544,2022-09-19 21:00:00,8392.857,8629.96
4545,2022-09-19 22:00:00,8161.3086,8262.97
4546,2022-09-19 23:00:00,7934.2695,8066.81
4547,2022-09-20 00:00:00,7890.986,7857.69
4548,2022-09-20 01:00:00,7619.41,7583.93
4549,2022-09-20 02:00:00,7141.35,7092.87
4550,2022-09-20 03:00:00,6746.5107,6711.06
4551,2022-09-20 04:00:00,6577.8267,6584.73
4552,2022-09-20 05:00:00,6912.2407,6857.77
4553,2022-09-20 06:00:00,7677.765,7547.48
4554,2022-09-20 07:00:00,8503.439,8219.15
4555,2022-09-20 08:00:00,7888.233,7639.62
4556,2022-09-20 09:00:00,6871.8237,6622.24
4557,2022-09-20 10:00:00,6103.8965,6067.62
4558,2022-09-20 11:00:00,5718.067,5842.22
4559,2022-09-20 12:00:00,5685.186,5752.73
4560,2022-09-20 13:00:00,5722.256,5756.2
4561,2022-09-20 14:00:00,5969.0,5749.91
4562,2022-09-20 15:00:00,6210.4663,6097.25
4563,2022-09-20 16:00:00,6930.2573,6950.9
4564,2022-09-20 17:00:00,8155.3564,8025.43
4565,2022-09-20 18:00:00,9295.388,8949.68
4566,2022-09-20 19:00:00,9228.677,9232.67
4567,2022-09-20 20:00:00,8710.713,8823.57
4568,2022-09-20 21:00:00,8422.02,8419.92
4569,2022-09-20 22:00:00,8034.341,8051.75
4570,2022-09-20 23:00:00,7823.158,7695.05
4571,2022-09-21 00:00:00,7568.957,7530.65
4572,2022-09-21 01:00:00,7379.0254,7356.23
4573,2022-09-21 02:00:00,6995.572,6834.43
4574,2022-09-21 03:00:00,6472.9023,6472.22
4575,2022-09-21 04:00:00,6382.5693,6247.77
4576,2022-09-21 05:00:00,6587.9395,6463.61
4577,2022-09-21 06:00:00,7253.996,7117.6
4578,2022-09-21 07:00:00,7978.496,7961.54
4579,2022-09-21 08:00:00,7656.0186,7946.77
4580,2022-09-21 09:00:00,7015.5283,7557.39
4581,2022-09-21 10:00:00,6745.9985,7264.82
4582,2022-09-21 11:00:00,6741.6836,7202.85
4583,2022-09-21 12:00:00,6975.456,7316.07
4584,2022-09-21 13:00:00,7418.942,7463.41
4585,2022-09-21 14:00:00,7738.5107,7819.52
4586,2022-09-21 15:00:00,8202.16,8081.08
4587,2022-09-21 16:00:00,8695.445,8500.9
4588,2022-09-21 17:00:00,9324.154,8866.56
4589,2022-09-21 18:00:00,9614.388,9253.8
4590,2022-09-21 19:00:00,9450.939,9156.24
4591,2022-09-21 20:00:00,8770.961,8716.93
4592,2022-09-21 21:00:00,8395.852,8325.09
4593,2022-09-21 22:00:00,7997.0806,7949.86
4594,2022-09-21 23:00:00,7695.3813,7801.54
4595,2022-09-22 00:00:00,7611.5854,7626.62
4596,2022-09-22 01:00:00,7385.188,7372.06
4597,2022-09-22 02:00:00,6860.514,6933.7
4598,2022-09-22 03:00:00,6579.641,6388.63
4599,2022-09-22 04:00:00,6234.951,6206.15
4600,2022-09-22 05:00:00,6493.768,6384.52
4601,2022-09-22 06:00:00,7041.61,6543.83
4602,2022-09-22 07:00:00,7134.6177,6814.24
4603,2022-09-22 08:00:00,6868.1606,7038.82
4604,2022-09-22 09:00:00,6768.544,7199.51
4605,2022-09-22 10:00:00,6913.0576,7093.94
4606,2022-09-22 11:00:00,6790.314,7066.17
4607,2022-09-22 12:00:00,7052.662,7048.15
4608,2022-09-22 13:00:00,7151.4844,6998.35
4609,2022-09-22 14:00:00,7162.2476,6750.58
4610,2022-09-22 15:00:00,6810.2744,6910.57
4611,2022-09-22 16:00:00,7435.3633,7404.84
4612,2022-09-22 17:00:00,8117.2676,8112.74
4613,2022-09-22 18:00:00,8760.294,8943.22
4614,2022-09-22 19:00:00,9042.06,8956.73
4615,2022-09-22 20:00:00,8535.306,8519.41
4616,2022-09-22 21:00:00,8153.5464,8096.2
4617,2022-09-22 22:00:00,7793.1055,7756.53
4618,2022-09-22 23:00:00,7580.544,7606.84
4619,2022-09-23 00:00:00,7466.2593,7459.19
4620,2022-09-23 01:00:00,7255.777,7173.75
4621,2022-09-23 02:00:00,6764.7974,6746.86
4622,2022-09-23 03:00:00,6366.484,6362.08
4623,2022-09-23 04:00:00,6202.558,6194.17
4624,2022-09-23 05:00:00,6355.564,6343.84
4625,2022-09-23 06:00:00,6678.326,6920.4
4626,2022-09-23 07:00:00,7423.553,7660.89
4627,2022-09-23 08:00:00,7856.045,7689.89
4628,2022-09-23 09:00:00,7177.1816,7583.62
4629,2022-09-23 10:00:00,7238.8994,7441.56
4630,2022-09-23 11:00:00,7236.802,7312.11
4631,2022-09-23 12:00:00,7189.5586,7111.02
4632,2022-09-23 13:00:00,7078.78,7039.88
4633,2022-09-23 14:00:00,7182.08,7114.53
4634,2022-09-23 15:00:00,7431.1562,7134.98
4635,2022-09-23 16:00:00,7554.0737,7496.6
4636,2022-09-23 17:00:00,8225.858,8269.34
4637,2022-09-23 18:00:00,8996.521,8842.34
4638,2022-09-23 19:00:00,8882.66,8794.88
4639,2022-09-23 20:00:00,8367.768,8359.33
4640,2022-09-23 21:00:00,7992.6465,8099.36
4641,2022-09-23 22:00:00,7816.371,7680.89
4642,2022-09-23 23:00:00,7490.2246,7568.58
4643,2022-09-24 00:00:00,7447.4746,7485.47
4644,2022-09-24 01:00:00,7269.122,7278.64
4645,2022-09-24 02:00:00,6765.927,6688.52
4646,2022-09-24 03:00:00,6263.514,6313.24
4647,2022-09-24 04:00:00,6197.47,6059.66
4648,2022-09-24 05:00:00,6097.149,6087.41
4649,2022-09-24 06:00:00,6368.8867,6294.99
4650,2022-09-24 07:00:00,6636.3105,6505.25
4651,2022-09-24 08:00:00,6596.862,6579.53
4652,2022-09-24 09:00:00,6398.787,6249.04
4653,2022-09-24 10:00:00,5817.448,6158.93
4654,2022-09-24 11:00:00,5874.0713,6208.59
4655,2022-09-24 12:00:00,6048.709,6195.27
4656,2022-09-24 13:00:00,6183.697,6536.62
4657,2022-09-24 14:00:00,6763.6064,6680.47
4658,2022-09-24 15:00:00,6973.9434,6443.88
4659,2022-09-24 16:00:00,6926.6763,6763.85
4660,2022-09-24 17:00:00,7604.128,7456.62
4661,2022-09-24 18:00:00,8251.444,8262.65
4662,2022-09-24 19:00:00,8554.89,8391.83
4663,2022-09-24 20:00:00,7999.4624,8165.42
4664,2022-09-24 21:00:00,7883.3237,7993.39
4665,2022-09-24 22:00:00,7712.6475,7712.26
4666,2022-09-24 23:00:00,7551.1724,7521.05
4667,2022-09-25 00:00:00,7392.2036,7255.26
4668,2022-09-25 01:00:00,7114.777,7048.54
4669,2022-09-25 02:00:00,6619.6714,6581.48
4670,2022-09-25 03:00:00,6248.589,6251.78
4671,2022-09-25 04:00:00,6091.542,6164.15
4672,2022-09-25 05:00:00,6231.2974,6127.33
4673,2022-09-25 06:00:00,6326.8193,6356.89
4674,2022-09-25 07:00:00,6592.3174,6349.19
4675,2022-09-25 08:00:00,6231.911,6149.6
4676,2022-09-25 09:00:00,5872.7505,5531.8
4677,2022-09-25 10:00:00,5139.8086,4960.09
4678,2022-09-25 11:00:00,4628.19,4580.02
4679,2022-09-25 12:00:00,4484.0454,4354.16
4680,2022-09-25 13:00:00,4383.7,4308.32
4681,2022-09-25 14:00:00,4485.955,4493.79
4682,2022-09-25 15:00:00,4925.734,5078.37
4683,2022-09-25 16:00:00,5989.5913,6049.56
4684,2022-09-25 17:00:00,7143.531,7171.5
4685,2022-09-25 18:00:00,8150.2407,8110.37
4686,2022-09-25 19:00:00,8258.135,8490.13
4687,2022-09-25 20:00:00,8143.313,8211.18
4688,2022-09-25 21:00:00,7857.7505,7846.99
4689,2022-09-25 22:00:00,7585.2954,7587.13
4690,2022-09-25 23:00:00,7409.852,7315.88
4691,2022-09-26 00:00:00,7186.6035,7193.25
4692,2022-09-26 01:00:00,7028.5825,6961.99
4693,2022-09-26 02:00:00,6564.719,6606.64
4694,2022-09-26 03:00:00,6258.8535,6306.98
4695,2022-09-26 04:00:00,6209.8193,6273.6
4696,2022-09-26 05:00:00,6381.2144,6455.54
4697,2022-09-26 06:00:00,6995.9233,7082.62
4698,2022-09-26 07:00:00,7739.0986,7527.11
4699,2022-09-26 08:00:00,7265.4043,7763.0
4700,2022-09-26 09:00:00,7241.9004,7577.92
4701,2022-09-26 10:00:00,6908.777,7340.04
4702,2022-09-26 11:00:00,6934.2456,6960.17
4703,2022-09-26 12:00:00,6702.9805,6623.51
4704,2022-09-26 13:00:00,6525.0933,6810.39
4705,2022-09-26 14:00:00,7015.797,6648.58
4706,2022-09-26 15:00:00,6787.4717,6804.95
4707,2022-09-26 16:00:00,7299.3276,7728.38
4708,2022-09-26 17:00:00,8571.309,8380.97
4709,2022-09-26 18:00:00,9195.742,9235.74
4710,2022-09-26 19:00:00,9369.747,9456.98
4711,2022-09-26 20:00:00,8991.347,8894.3
4712,2022-09-26 21:00:00,8482.267,8436.77
4713,2022-09-26 22:00:00,8114.69,8062.56
4714,2022-09-26 23:00:00,7841.6494,7730.26
4715,2022-09-27 00:00:00,7564.5938,7655.89
4716,2022-09-27 01:00:00,7484.779,7444.03
4717,2022-09-27 02:00:00,7020.391,6859.09
4718,2022-09-27 03:00:00,6510.1655,6466.91
4719,2022-09-27 04:00:00,6363.4023,6408.08
4720,2022-09-27 05:00:00,6662.439,6493.08
4721,2022-09-27 06:00:00,7093.0205,7056.89
4722,2022-09-27 07:00:00,7764.2695,7650.02
4723,2022-09-27 08:00:00,7766.27,7995.35
4724,2022-09-27 09:00:00,7633.478,7801.75
4725,2022-09-27 10:00:00,7275.062,7378.32
4726,2022-09-27 11:00:00,7002.436,6935.35
4727,2022-09-27 12:00:00,6649.004,6252.98
4728,2022-09-27 13:00:00,6170.8164,6268.44
4729,2022-09-27 14:00:00,6395.0493,7082.98
4730,2022-09-27 15:00:00,7407.649,6900.93
4731,2022-09-27 16:00:00,7456.563,7850.05
4732,2022-09-27 17:00:00,8681.671,8547.8
4733,2022-09-27 18:00:00,9374.959,9055.13
4734,2022-09-27 19:00:00,9241.555,9317.84
4735,2022-09-27 20:00:00,8869.421,8853.34
4736,2022-09-27 21:00:00,8459.106,8482.33
4737,2022-09-27 22:00:00,8135.6567,8005.7
4738,2022-09-27 23:00:00,7788.3657,7728.71
4739,2022-09-28 00:00:00,7583.832,7700.88
4740,2022-09-28 01:00:00,7486.8613,7511.27
4741,2022-09-28 02:00:00,7020.65,7031.9
4742,2022-09-28 03:00:00,6608.7188,6475.82
4743,2022-09-28 04:00:00,6390.794,6392.96
4744,2022-09-28 05:00:00,6579.4087,6586.37
4745,2022-09-28 06:00:00,7187.2495,7149.91
4746,2022-09-28 07:00:00,7845.865,7493.84
4747,2022-09-28 08:00:00,7701.938,7324.24
4748,2022-09-28 09:00:00,6922.975,6870.13
4749,2022-09-28 10:00:00,6410.7593,6499.25
4750,2022-09-28 11:00:00,6244.3267,6132.54
4751,2022-09-28 12:00:00,6026.34,6010.56
4752,2022-09-28 13:00:00,6121.335,6347.52
4753,2022-09-28 14:00:00,6587.81,6863.29
4754,2022-09-28 15:00:00,7100.882,7104.54
4755,2022-09-28 16:00:00,7773.707,7547.28
4756,2022-09-28 17:00:00,8388.098,8435.43
4757,2022-09-28 18:00:00,9174.805,9235.92
4758,2022-09-28 19:00:00,9317.09,9267.56
4759,2022-09-28 20:00:00,8770.365,8834.62
4760,2022-09-28 21:00:00,8379.106,8513.49
4761,2022-09-28 22:00:00,8121.25,8075.84
4762,2022-09-28 23:00:00,7821.078,7900.37
4763,2022-09-29 00:00:00,7714.1333,7771.55
4764,2022-09-29 01:00:00,7537.351,7443.08
4765,2022-09-29 02:00:00,6935.6074,6987.68
4766,2022-09-29 03:00:00,6555.855,6576.91
4767,2022-09-29 04:00:00,6463.3643,6414.5
4768,2022-09-29 05:00:00,6583.8633,6710.21
4769,2022-09-29 06:00:00,7252.489,7114.61
4770,2022-09-29 07:00:00,7645.1465,7572.22
4771,2022-09-29 08:00:00,7725.014,7133.08
4772,2022-09-29 09:00:00,6645.6143,6899.27
4773,2022-09-29 10:00:00,6522.2456,6723.58
4774,2022-09-29 11:00:00,6456.3164,6568.49
4775,2022-09-29 12:00:00,6454.1636,6308.47
4776,2022-09-29 13:00:00,6429.2773,6487.28
4777,2022-09-29 14:00:00,6779.783,6727.86
4778,2022-09-29 15:00:00,6956.8525,7160.44
4779,2022-09-29 16:00:00,7779.8706,7730.73
4780,2022-09-29 17:00:00,8530.952,8517.72
4781,2022-09-29 18:00:00,9264.536,9335.5
4782,2022-09-29 19:00:00,9314.065,9430.76
4783,2022-09-29 20:00:00,8946.247,9090.47
4784,2022-09-29 21:00:00,8650.811,8685.89
4785,2022-09-29 22:00:00,8221.903,8164.94
4786,2022-09-29 23:00:00,7902.572,8029.06
4787,2022-09-30 00:00:00,7868.3013,7868.21
4788,2022-09-30 01:00:00,7594.3955,7591.0
4789,2022-09-30 02:00:00,7059.4106,7123.4
4790,2022-09-30 03:00:00,6647.5186,6644.25
4791,2022-09-30 04:00:00,6502.256,6462.69
4792,2022-09-30 05:00:00,6635.33,6623.01
4793,2022-09-30 06:00:00,7103.6387,7100.22
4794,2022-09-30 07:00:00,7601.6323,7495.06
4795,2022-09-30 08:00:00,7550.5454,7693.4
4796,2022-09-30 09:00:00,7375.9043,7452.87
4797,2022-09-30 10:00:00,7093.415,7034.43
4798,2022-09-30 11:00:00,6723.7524,6811.46
4799,2022-09-30 12:00:00,6622.701,6752.64
4800,2022-09-30 13:00:00,6800.9067,6785.35
4801,2022-09-30 14:00:00,6971.463,6810.79
4802,2022-09-30 15:00:00,7096.412,6941.58
4803,2022-09-30 16:00:00,7619.7505,7640.44
4804,2022-09-30 17:00:00,8454.918,8401.65
4805,2022-09-30 18:00:00,9127.804,9117.65
4806,2022-09-30 19:00:00,9159.099,9240.62
4807,2022-09-30 20:00:00,8799.897,8787.58
4808,2022-09-30 21:00:00,8413.209,8473.03
4809,2022-09-30 22:00:00,8079.4517,8107.54
4810,2022-09-30 23:00:00,7898.101,7908.97
4811,2022-10-01 00:00:00,7774.986,7791.06
4812,2022-10-01 01:00:00,7514.4077,7423.53
4813,2022-10-01 02:00:00,6920.788,6952.89
4814,2022-10-01 03:00:00,6574.59,6525.59
4815,2022-10-01 04:00:00,6413.632,6340.73
4816,2022-10-01 05:00:00,6438.3994,6417.1
4817,2022-10-01 06:00:00,6609.91,6555.19
4818,2022-10-01 07:00:00,6765.953,6852.78
4819,2022-10-01 08:00:00,6799.447,6856.16
4820,2022-10-01 09:00:00,6498.7905,7055.33
4821,2022-10-01 10:00:00,6746.8037,6671.2
4822,2022-10-01 11:00:00,6376.766,6476.5
4823,2022-10-01 12:00:00,6308.14,6136.09
4824,2022-10-01 13:00:00,6104.2876,5950.44
4825,2022-10-01 14:00:00,6025.5283,5998.53
4826,2022-10-01 15:00:00,6233.768,6356.65
4827,2022-10-01 16:00:00,6955.4526,6997.4
4828,2022-10-01 17:00:00,7949.313,7796.84
4829,2022-10-01 18:00:00,8603.591,8566.53
4830,2022-10-01 19:00:00,8744.163,8873.45
4831,2022-10-01 20:00:00,8479.098,8525.94
4832,2022-10-01 21:00:00,8175.781,8265.27
4833,2022-10-01 22:00:00,7911.2856,7931.53
4834,2022-10-01 23:00:00,7754.9775,7735.0
4835,2022-10-02 00:00:00,7598.4863,7523.67
4836,2022-10-02 01:00:00,7297.7515,7192.47
4837,2022-10-02 02:00:00,6742.4263,6786.05
4838,2022-10-02 03:00:00,6428.0894,6422.09
4839,2022-10-02 04:00:00,6305.01,6269.04
4840,2022-10-02 05:00:00,6310.37,6463.02
4841,2022-10-02 06:00:00,6652.525,6754.71
4842,2022-10-02 07:00:00,6848.864,6681.0
4843,2022-10-02 08:00:00,6462.6445,6370.6
4844,2022-10-02 09:00:00,5747.733,5780.58
4845,2022-10-02 10:00:00,5147.1636,5633.52
4846,2022-10-02 11:00:00,5233.5776,5394.64
4847,2022-10-02 12:00:00,5224.8364,5422.21
4848,2022-10-02 13:00:00,5521.8237,5144.38
4849,2022-10-02 14:00:00,5174.084,5166.74
4850,2022-10-02 15:00:00,5521.3975,5625.61
4851,2022-10-02 16:00:00,6404.7017,6426.64
4852,2022-10-02 17:00:00,7454.495,7421.89
4853,2022-10-02 18:00:00,8392.841,8092.62
4854,2022-10-02 19:00:00,8377.946,8225.71
4855,2022-10-02 20:00:00,7984.936,8150.95
4856,2022-10-02 21:00:00,7878.4546,7999.24
4857,2022-10-02 22:00:00,7739.415,7818.5
4858,2022-10-02 23:00:00,7643.344,7543.89
4859,2022-10-03 00:00:00,7411.865,7267.63
4860,2022-10-03 01:00:00,7056.9395,6878.1
4861,2022-10-03 02:00:00,6490.465,6399.2
4862,2022-10-03 03:00:00,6152.513,6267.2
4863,2022-10-03 04:00:00,6221.205,6257.77
4864,2022-10-03 05:00:00,6455.93,6533.52
4865,2022-10-03 06:00:00,6900.592,6745.57
4866,2022-10-03 07:00:00,6914.483,6697.49
4867,2022-10-03 08:00:00,6357.027,6079.62
4868,2022-10-03 09:00:00,5520.0205,5535.55
4869,2022-10-03 10:00:00,5183.503,5193.96
4870,2022-10-03 11:00:00,4916.8555,4999.55
4871,2022-10-03 12:00:00,4971.548,4993.17
4872,2022-10-03 13:00:00,5094.629,4824.69
4873,2022-10-03 14:00:00,4931.878,4986.0
4874,2022-10-03 15:00:00,5485.885,5489.8
4875,2022-10-03 16:00:00,6363.9717,6460.03
4876,2022-10-03 17:00:00,7469.609,7621.99
4877,2022-10-03 18:00:00,8480.614,8183.4
4878,2022-10-03 19:00:00,8276.968,8458.87
4879,2022-10-03 20:00:00,8189.9395,8170.0
4880,2022-10-03 21:00:00,7889.1123,7857.67
4881,2022-10-03 22:00:00,7640.339,7637.07
4882,2022-10-03 23:00:00,7445.281,7448.46
4883,2022-10-04 00:00:00,7259.2773,7278.42
4884,2022-10-04 01:00:00,6994.839,6947.28
4885,2022-10-04 02:00:00,6495.1826,6452.85
4886,2022-10-04 03:00:00,6211.5205,6201.83
4887,2022-10-04 04:00:00,6171.734,6448.17
4888,2022-10-04 05:00:00,6755.8013,6896.98
4889,2022-10-04 06:00:00,7318.2676,7862.81
4890,2022-10-04 07:00:00,8267.546,7782.85
4891,2022-10-04 08:00:00,7189.187,7110.33
4892,2022-10-04 09:00:00,6481.3726,6307.23
4893,2022-10-04 10:00:00,5758.7764,5607.38
4894,2022-10-04 11:00:00,5258.085,5546.48
4895,2022-10-04 12:00:00,5466.0684,5734.64
4896,2022-10-04 13:00:00,5861.9077,5959.8
4897,2022-10-04 14:00:00,6177.815,6194.39
4898,2022-10-04 15:00:00,6609.1357,6721.3
4899,2022-10-04 16:00:00,7588.0225,7478.56
4900,2022-10-04 17:00:00,8408.016,8203.01
4901,2022-10-04 18:00:00,9009.3125,8779.02
4902,2022-10-04 19:00:00,8794.85,8649.62
4903,2022-10-04 20:00:00,8298.539,8251.93
4904,2022-10-04 21:00:00,7983.3257,7717.59
4905,2022-10-04 22:00:00,7481.628,7458.5
4906,2022-10-04 23:00:00,7322.2417,7319.38
4907,2022-10-05 00:00:00,7221.899,7169.29
4908,2022-10-05 01:00:00,6929.823,6820.46
4909,2022-10-05 02:00:00,6378.889,6342.52
4910,2022-10-05 03:00:00,6118.5474,6142.17
4911,2022-10-05 04:00:00,6245.379,6281.48
4912,2022-10-05 05:00:00,6752.7983,6748.79
4913,2022-10-05 06:00:00,7349.2324,7653.94
4914,2022-10-05 07:00:00,7923.8027,8148.27
4915,2022-10-05 08:00:00,7585.0986,8376.82
4916,2022-10-05 09:00:00,7657.8857,8278.77
4917,2022-10-05 10:00:00,7814.6274,8389.05
4918,2022-10-05 11:00:00,8279.6875,8030.33
4919,2022-10-05 12:00:00,7904.4985,8282.24
4920,2022-10-05 13:00:00,8457.833,8349.82
4921,2022-10-05 14:00:00,8515.408,8541.34
4922,2022-10-05 15:00:00,8786.857,8704.93
4923,2022-10-05 16:00:00,9039.559,9236.21
4924,2022-10-05 17:00:00,9706.903,9821.55
4925,2022-10-05 18:00:00,10168.8125,9372.11
4926,2022-10-05 19:00:00,8944.813,9454.69
4927,2022-10-05 20:00:00,9078.403,8917.83
4928,2022-10-05 21:00:00,8534.487,8299.07
4929,2022-10-05 22:00:00,7987.904,7969.11
4930,2022-10-05 23:00:00,7769.9414,7660.25
4931,2022-10-06 00:00:00,7475.33,7498.73
4932,2022-10-06 01:00:00,7223.1123,7082.13
4933,2022-10-06 02:00:00,6625.085,6524.48
4934,2022-10-06 03:00:00,6290.5044,6343.05
4935,2022-10-06 04:00:00,6365.616,6452.82
4936,2022-10-06 05:00:00,6971.027,7006.37
4937,2022-10-06 06:00:00,7728.817,7874.54
4938,2022-10-06 07:00:00,8443.964,8418.09
4939,2022-10-06 08:00:00,8559.547,8643.2
4940,2022-10-06 09:00:00,8488.8125,8561.93
4941,2022-10-06 10:00:00,8353.753,8471.13
4942,2022-10-06 11:00:00,8342.758,8093.32
4943,2022-10-06 12:00:00,7990.814,7878.21
4944,2022-10-06 13:00:00,7942.034,7938.72
4945,2022-10-06 14:00:00,8107.6343,7946.48
4946,2022-10-06 15:00:00,8190.331,8068.14
4947,2022-10-06 16:00:00,8658.525,8288.08
4948,2022-10-06 17:00:00,8909.088,9009.96
4949,2022-10-06 18:00:00,9364.277,9235.47
4950,2022-10-06 19:00:00,9087.001,9147.05
4951,2022-10-06 20:00:00,8730.561,8804.03
4952,2022-10-06 21:00:00,8323.341,8211.07
4953,2022-10-06 22:00:00,7835.8438,8021.04
4954,2022-10-06 23:00:00,7808.803,7853.97
4955,2022-10-07 00:00:00,7676.756,7635.53
4956,2022-10-07 01:00:00,7282.812,7257.45
4957,2022-10-07 02:00:00,6772.136,6769.89
4958,2022-10-07 03:00:00,6434.945,6507.33
4959,2022-10-07 04:00:00,6518.154,6643.99
4960,2022-10-07 05:00:00,7005.3726,7111.54
4961,2022-10-07 06:00:00,7731.6465,7894.24
4962,2022-10-07 07:00:00,8462.568,7838.83
4963,2022-10-07 08:00:00,7652.7593,7632.3
4964,2022-10-07 09:00:00,7384.268,7231.0
4965,2022-10-07 10:00:00,6905.524,7169.07
4966,2022-10-07 11:00:00,7062.4727,7623.64
4967,2022-10-07 12:00:00,7620.435,7813.87
4968,2022-10-07 13:00:00,7920.1777,8063.8
4969,2022-10-07 14:00:00,8196.848,8150.92
4970,2022-10-07 15:00:00,8377.739,8257.07
4971,2022-10-07 16:00:00,8769.678,8566.46
4972,2022-10-07 17:00:00,9140.847,8881.22
4973,2022-10-07 18:00:00,9147.613,8936.12
4974,2022-10-07 19:00:00,8815.711,8685.4
4975,2022-10-07 20:00:00,8369.855,8364.85
4976,2022-10-07 21:00:00,8099.0737,7923.99
4977,2022-10-07 22:00:00,7718.095,7701.45
4978,2022-10-07 23:00:00,7581.2046,7508.19
4979,2022-10-08 00:00:00,7341.8706,7364.0
4980,2022-10-08 01:00:00,6995.596,6969.13
4981,2022-10-08 02:00:00,6485.746,6403.52
4982,2022-10-08 03:00:00,6212.6562,6047.85
4983,2022-10-08 04:00:00,6054.3594,6125.17
4984,2022-10-08 05:00:00,6382.5557,6391.39
4985,2022-10-08 06:00:00,6680.642,6709.45
4986,2022-10-08 07:00:00,6859.0024,6821.37
4987,2022-10-08 08:00:00,6644.0293,6672.82
4988,2022-10-08 09:00:00,6333.8413,6764.87
4989,2022-10-08 10:00:00,6675.9785,6501.27
4990,2022-10-08 11:00:00,6330.9907,6688.32
4991,2022-10-08 12:00:00,6774.2188,7240.31
4992,2022-10-08 13:00:00,7401.9927,7281.17
4993,2022-10-08 14:00:00,7182.62,7507.41
4994,2022-10-08 15:00:00,7770.1255,7855.89
4995,2022-10-08 16:00:00,8395.483,8353.43
4996,2022-10-08 17:00:00,8812.244,8644.51
4997,2022-10-08 18:00:00,8745.691,8601.73
4998,2022-10-08 19:00:00,8351.514,8466.23
4999,2022-10-08 20:00:00,8167.3877,8204.53
5000,2022-10-08 21:00:00,7893.4067,7848.59
5001,2022-10-08 22:00:00,7627.723,7536.78
5002,2022-10-08 23:00:00,7408.1675,7404.57
5003,2022-10-09 00:00:00,7277.5483,7226.76
5004,2022-10-09 01:00:00,6891.9917,6779.48
5005,2022-10-09 02:00:00,6325.7964,6372.74
5006,2022-10-09 03:00:00,6200.845,6209.27
5007,2022-10-09 04:00:00,6257.145,6122.81
5008,2022-10-09 05:00:00,6256.3755,6290.28
5009,2022-10-09 06:00:00,6456.6963,6682.14
5010,2022-10-09 07:00:00,6764.3706,7036.91
5011,2022-10-09 08:00:00,6816.4434,7169.63
5012,2022-10-09 09:00:00,6773.7417,6839.27
5013,2022-10-09 10:00:00,6385.369,6236.34
5014,2022-10-09 11:00:00,5808.569,5924.34
5015,2022-10-09 12:00:00,5771.1157,5938.12
5016,2022-10-09 13:00:00,6007.055,5783.44
5017,2022-10-09 14:00:00,5813.65,5822.65
5018,2022-10-09 15:00:00,6181.68,6487.63
5019,2022-10-09 16:00:00,7340.2173,7039.84
5020,2022-10-09 17:00:00,7803.85,7891.68
5021,2022-10-09 18:00:00,8322.645,8836.53
5022,2022-10-09 19:00:00,8765.645,8958.08
5023,2022-10-09 20:00:00,8515.544,8546.49
5024,2022-10-09 21:00:00,8177.6987,8089.96
5025,2022-10-09 22:00:00,7786.3223,7550.78
5026,2022-10-09 23:00:00,7361.272,7348.76
5027,2022-10-10 00:00:00,7253.861,7050.0
5028,2022-10-10 01:00:00,6778.915,6771.6
5029,2022-10-10 02:00:00,6400.985,6404.17
5030,2022-10-10 03:00:00,6208.4126,6289.98
5031,2022-10-10 04:00:00,6366.5864,6533.94
5032,2022-10-10 05:00:00,6905.524,7078.31
5033,2022-10-10 06:00:00,7618.1436,8351.82
5034,2022-10-10 07:00:00,8549.523,8512.81
5035,2022-10-10 08:00:00,8100.274,7881.82
5036,2022-10-10 09:00:00,7209.9575,7427.31
5037,2022-10-10 10:00:00,6882.1143,6976.23
5038,2022-10-10 11:00:00,6635.6934,6794.86
5039,2022-10-10 12:00:00,6745.6875,6692.04
5040,2022-10-10 13:00:00,6726.4824,6529.95
5041,2022-10-10 14:00:00,6561.7173,6472.05
5042,2022-10-10 15:00:00,6758.6636,6775.96
5043,2022-10-10 16:00:00,7523.6626,7909.33
5044,2022-10-10 17:00:00,8821.28,8751.91
5045,2022-10-10 18:00:00,9210.825,9153.26
5046,2022-10-10 19:00:00,8978.358,9179.94
5047,2022-10-10 20:00:00,8755.943,8692.7
5048,2022-10-10 21:00:00,8242.164,8190.27
5049,2022-10-10 22:00:00,7871.381,7760.56
5050,2022-10-10 23:00:00,7580.505,7612.27
5051,2022-10-11 00:00:00,7460.8193,7376.37
5052,2022-10-11 01:00:00,7109.773,6983.77
5053,2022-10-11 02:00:00,6496.536,6632.94
5054,2022-10-11 03:00:00,6453.0576,6301.68
5055,2022-10-11 04:00:00,6428.3564,6526.66
5056,2022-10-11 05:00:00,7112.0376,7128.71
5057,2022-10-11 06:00:00,8019.023,8187.39
5058,2022-10-11 07:00:00,8568.713,8551.44
5059,2022-10-11 08:00:00,8202.316,7867.45
5060,2022-10-11 09:00:00,7215.362,7483.29
5061,2022-10-11 10:00:00,7023.6626,7254.97
5062,2022-10-11 11:00:00,7091.9062,6865.34
5063,2022-10-11 12:00:00,6722.531,6532.45
5064,2022-10-11 13:00:00,6501.4927,6378.67
5065,2022-10-11 14:00:00,6423.0977,6392.99
5066,2022-10-11 15:00:00,6753.719,6873.31
5067,2022-10-11 16:00:00,7790.9736,7121.29
5068,2022-10-11 17:00:00,7994.0576,8129.54
5069,2022-10-11 18:00:00,8904.647,8740.47
5070,2022-10-11 19:00:00,8876.776,8817.5
5071,2022-10-11 20:00:00,8465.623,8476.5
5072,2022-10-11 21:00:00,8067.1973,8072.27
5073,2022-10-11 22:00:00,7745.6343,7664.26
5074,2022-10-11 23:00:00,7488.3237,7481.5
5075,2022-10-12 00:00:00,7302.7124,7322.95
5076,2022-10-12 01:00:00,6950.799,6967.11
5077,2022-10-12 02:00:00,6553.3687,6471.9
5078,2022-10-12 03:00:00,6293.7886,6269.4
5079,2022-10-12 04:00:00,6423.832,6408.35
5080,2022-10-12 05:00:00,6972.8213,7076.89
5081,2022-10-12 06:00:00,7991.082,8017.85
5082,2022-10-12 07:00:00,8489.343,8074.85
5083,2022-10-12 08:00:00,7629.4077,7496.82
5084,2022-10-12 09:00:00,7082.2437,6981.56
5085,2022-10-12 10:00:00,6604.6157,6751.32
5086,2022-10-12 11:00:00,6578.2427,6675.15
5087,2022-10-12 12:00:00,6717.772,6481.9
5088,2022-10-12 13:00:00,6479.9775,6419.36
5089,2022-10-12 14:00:00,6530.22,6519.7
5090,2022-10-12 15:00:00,6922.5625,6866.05
5091,2022-10-12 16:00:00,7515.5273,7620.6
5092,2022-10-12 17:00:00,8431.359,8257.6
5093,2022-10-12 18:00:00,8805.918,8763.06
5094,2022-10-12 19:00:00,8770.366,8654.27
5095,2022-10-12 20:00:00,8316.421,8250.92
5096,2022-10-12 21:00:00,7863.7114,7840.76
5097,2022-10-12 22:00:00,7535.5654,7562.79
5098,2022-10-12 23:00:00,7396.3057,7427.45
5099,2022-10-13 00:00:00,7299.139,7286.84
5100,2022-10-13 01:00:00,6890.9194,6885.86
5101,2022-10-13 02:00:00,6429.1875,6543.18
5102,2022-10-13 03:00:00,6303.1357,6243.61
5103,2022-10-13 04:00:00,6399.745,6408.28
5104,2022-10-13 05:00:00,6954.888,6966.53
5105,2022-10-13 06:00:00,7826.2026,7919.45
5106,2022-10-13 07:00:00,8190.7285,8011.43
5107,2022-10-13 08:00:00,7511.082,7215.51
5108,2022-10-13 09:00:00,6764.5674,7110.1
5109,2022-10-13 10:00:00,6886.851,7013.66
5110,2022-10-13 11:00:00,6821.8813,7112.79
5111,2022-10-13 12:00:00,7056.502,6749.95
5112,2022-10-13 13:00:00,6664.022,6734.99
5113,2022-10-13 14:00:00,6830.717,6470.55
5114,2022-10-13 15:00:00,6762.235,6738.46
5115,2022-10-13 16:00:00,7351.5913,7676.63
5116,2022-10-13 17:00:00,8439.113,8332.0
5117,2022-10-13 18:00:00,8783.575,8693.4
5118,2022-10-13 19:00:00,8586.39,8597.3
5119,2022-10-13 20:00:00,8206.021,8333.98
5120,2022-10-13 21:00:00,7935.0063,7808.25
5121,2022-10-13 22:00:00,7493.7764,7550.08
5122,2022-10-13 23:00:00,7395.32,7381.29
5123,2022-10-14 00:00:00,7259.7905,7240.5
5124,2022-10-14 01:00:00,6858.6636,6801.02
5125,2022-10-14 02:00:00,6401.027,6253.92
5126,2022-10-14 03:00:00,6107.7627,6132.93
5127,2022-10-14 04:00:00,6297.5723,6291.8
5128,2022-10-14 05:00:00,6845.7876,6736.39
5129,2022-10-14 06:00:00,7374.253,7556.39
5130,2022-10-14 07:00:00,7850.365,8069.08
5131,2022-10-14 08:00:00,7517.7954,7037.98
5132,2022-10-14 09:00:00,6743.2124,6751.19
5133,2022-10-14 10:00:00,6660.8154,6254.84
5134,2022-10-14 11:00:00,6121.6562,5621.58
5135,2022-10-14 12:00:00,5540.6655,5443.22
5136,2022-10-14 13:00:00,5438.2275,5300.66
5137,2022-10-14 14:00:00,5345.542,5700.91
5138,2022-10-14 15:00:00,6149.064,6189.47
5139,2022-10-14 16:00:00,6886.061,6929.83
5140,2022-10-14 17:00:00,7771.4688,7609.16
5141,2022-10-14 18:00:00,8192.294,8111.45
5142,2022-10-14 19:00:00,8148.4883,8159.59
5143,2022-10-14 20:00:00,7921.755,7865.19
5144,2022-10-14 21:00:00,7629.705,7707.79
5145,2022-10-14 22:00:00,7483.955,7408.22
5146,2022-10-14 23:00:00,7276.108,7409.4
5147,2022-10-15 00:00:00,7241.457,7205.82
5148,2022-10-15 01:00:00,6787.7695,6850.53
5149,2022-10-15 02:00:00,6352.483,6329.96
5150,2022-10-15 03:00:00,6107.4937,6138.93
5151,2022-10-15 04:00:00,6134.5283,6117.27
5152,2022-10-15 05:00:00,6323.3477,6398.12
5153,2022-10-15 06:00:00,6646.308,6870.61
5154,2022-10-15 07:00:00,6968.518,6492.63
5155,2022-10-15 08:00:00,6059.024,6082.72
5156,2022-10-15 09:00:00,5690.2705,5403.48
5157,2022-10-15 10:00:00,5138.5083,4875.84
5158,2022-10-15 11:00:00,4707.2876,4611.38
5159,2022-10-15 12:00:00,4553.9805,4469.32
5160,2022-10-15 13:00:00,4414.1973,4305.8
5161,2022-10-15 14:00:00,4523.8726,4581.8
5162,2022-10-15 15:00:00,5201.791,5115.03
5163,2022-10-15 16:00:00,6044.2407,6023.75
5164,2022-10-15 17:00:00,7109.398,7036.31
5165,2022-10-15 18:00:00,7812.95,7538.17
5166,2022-10-15 19:00:00,7760.253,7841.68
5167,2022-10-15 20:00:00,7690.5576,7563.43
5168,2022-10-15 21:00:00,7353.627,7334.4
5169,2022-10-15 22:00:00,7145.7896,7215.64
5170,2022-10-15 23:00:00,7091.1455,7001.32
5171,2022-10-16 00:00:00,6899.169,6832.59
5172,2022-10-16 01:00:00,6630.4106,6473.53
5173,2022-10-16 02:00:00,6141.9214,6018.99
5174,2022-10-16 03:00:00,5921.475,5940.29
5175,2022-10-16 04:00:00,6036.6973,5967.01
5176,2022-10-16 05:00:00,6264.908,6103.8
5177,2022-10-16 06:00:00,6450.011,6161.78
5178,2022-10-16 07:00:00,6130.0684,6050.08
5179,2022-10-16 08:00:00,5469.622,5781.44
5180,2022-10-16 09:00:00,5238.681,5405.81
5181,2022-10-16 10:00:00,4967.0327,5162.72
5182,2022-10-16 11:00:00,4933.4497,4975.51
5183,2022-10-16 12:00:00,4823.0386,4962.58
5184,2022-10-16 13:00:00,4869.998,5016.34
5185,2022-10-16 14:00:00,5158.0464,5111.13
5186,2022-10-16 15:00:00,5591.2207,5567.9
5187,2022-10-16 16:00:00,6408.5645,6414.04
5188,2022-10-16 17:00:00,7347.7905,7312.17
5189,2022-10-16 18:00:00,8012.6494,7896.88
5190,2022-10-16 19:00:00,8023.2617,8001.88
5191,2022-10-16 20:00:00,7723.2593,7669.19
5192,2022-10-16 21:00:00,7375.9414,7349.72
5193,2022-10-16 22:00:00,7158.175,7062.28
5194,2022-10-16 23:00:00,6898.3774,6917.85
5195,2022-10-17 00:00:00,6820.219,6650.15
5196,2022-10-17 01:00:00,6370.3857,6370.61
5197,2022-10-17 02:00:00,6032.0684,6056.76
5198,2022-10-17 03:00:00,5880.993,5857.66
5199,2022-10-17 04:00:00,5995.3276,6076.81
5200,2022-10-17 05:00:00,6506.389,6688.68
5201,2022-10-17 06:00:00,7462.767,7647.29
5202,2022-10-17 07:00:00,7825.01,7981.41
5203,2022-10-17 08:00:00,7252.7373,7583.65
5204,2022-10-17 09:00:00,6968.482,7349.65
5205,2022-10-17 10:00:00,6988.7812,7299.36
5206,2022-10-17 11:00:00,7104.346,7248.45
5207,2022-10-17 12:00:00,7135.786,6843.07
5208,2022-10-17 13:00:00,6716.197,6743.87
5209,2022-10-17 14:00:00,6707.7236,6597.09
5210,2022-10-17 15:00:00,6853.4155,7003.76
5211,2022-10-17 16:00:00,7575.1475,7453.64
5212,2022-10-17 17:00:00,8124.692,8046.62
5213,2022-10-17 18:00:00,8482.857,8440.82
5214,2022-10-17 19:00:00,8366.305,8476.83
5215,2022-10-17 20:00:00,8097.594,8169.56
5216,2022-10-17 21:00:00,7754.0396,7796.77
5217,2022-10-17 22:00:00,7475.2983,7435.89
5218,2022-10-17 23:00:00,7252.7236,7297.04
5219,2022-10-18 00:00:00,7189.029,7131.12
5220,2022-10-18 01:00:00,6819.572,6759.72
5221,2022-10-18 02:00:00,6353.636,6257.32
5222,2022-10-18 03:00:00,6053.7207,6188.85
5223,2022-10-18 04:00:00,6379.3936,6220.58
5224,2022-10-18 05:00:00,6792.7505,6849.99
5225,2022-10-18 06:00:00,7858.3486,7752.52
5226,2022-10-18 07:00:00,8182.495,7715.75
5227,2022-10-18 08:00:00,7302.582,7263.01
5228,2022-10-18 09:00:00,7015.0557,7077.39
5229,2022-10-18 10:00:00,6917.73,6836.3
5230,2022-10-18 11:00:00,6654.2,6601.49
5231,2022-10-18 12:00:00,6498.142,6840.01
5232,2022-10-18 13:00:00,6921.389,6802.26
5233,2022-10-18 14:00:00,6839.05,6755.02
5234,2022-10-18 15:00:00,7025.442,7162.79
5235,2022-10-18 16:00:00,7700.9316,7744.86
5236,2022-10-18 17:00:00,8326.621,8251.86
5237,2022-10-18 18:00:00,8564.74,8539.9
5238,2022-10-18 19:00:00,8441.718,8463.64
5239,2022-10-18 20:00:00,8067.371,8096.02
5240,2022-10-18 21:00:00,7679.091,7616.93
5241,2022-10-18 22:00:00,7323.8237,7399.79
5242,2022-10-18 23:00:00,7237.1733,7285.25
5243,2022-10-19 00:00:00,7130.538,7090.05
5244,2022-10-19 01:00:00,6754.608,6746.07
5245,2022-10-19 02:00:00,6292.9785,6238.54
5246,2022-10-19 03:00:00,6082.6914,6088.38
5247,2022-10-19 04:00:00,6188.2017,6214.85
5248,2022-10-19 05:00:00,6788.1724,6725.74
5249,2022-10-19 06:00:00,7604.1235,7617.98
5250,2022-10-19 07:00:00,7981.7764,7697.44
5251,2022-10-19 08:00:00,7197.927,7222.33
5252,2022-10-19 09:00:00,6966.6826,6454.52
5253,2022-10-19 10:00:00,6169.1113,6159.07
5254,2022-10-19 11:00:00,5974.86,6079.45
5255,2022-10-19 12:00:00,6037.418,6365.91
5256,2022-10-19 13:00:00,6538.2495,6596.84
5257,2022-10-19 14:00:00,6727.3477,6801.78
5258,2022-10-19 15:00:00,7076.9233,7453.11
5259,2022-10-19 16:00:00,8052.163,7783.67
5260,2022-10-19 17:00:00,8304.403,8151.78
5261,2022-10-19 18:00:00,8443.231,8290.46
5262,2022-10-19 19:00:00,8151.6177,8301.3
5263,2022-10-19 20:00:00,7916.96,7956.09
5264,2022-10-19 21:00:00,7590.7856,7562.88
5265,2022-10-19 22:00:00,7280.773,7318.35
5266,2022-10-19 23:00:00,7210.9263,7125.46
5267,2022-10-20 00:00:00,6979.188,7016.51
5268,2022-10-20 01:00:00,6661.4507,6615.97
5269,2022-10-20 02:00:00,6171.159,6227.92
5270,2022-10-20 03:00:00,6041.176,6077.07
5271,2022-10-20 04:00:00,6153.4033,6252.15
5272,2022-10-20 05:00:00,6774.9404,6778.57
5273,2022-10-20 06:00:00,7575.1357,7578.25
5274,2022-10-20 07:00:00,7756.125,7816.39
5275,2022-10-20 08:00:00,7264.6245,7714.53
5276,2022-10-20 09:00:00,7291.8643,7612.35
5277,2022-10-20 10:00:00,7459.4883,7552.47
5278,2022-10-20 11:00:00,7466.42,7413.52
5279,2022-10-20 12:00:00,7341.8213,7340.26
5280,2022-10-20 13:00:00,7274.186,7451.17
5281,2022-10-20 14:00:00,7534.689,7501.11
5282,2022-10-20 15:00:00,7663.433,7564.38
5283,2022-10-20 16:00:00,8021.47,7928.62
5284,2022-10-20 17:00:00,8398.19,8534.67
5285,2022-10-20 18:00:00,8762.85,8625.51
5286,2022-10-20 19:00:00,8518.555,8388.01
5287,2022-10-20 20:00:00,8023.288,8023.98
5288,2022-10-20 21:00:00,7610.688,7646.32
5289,2022-10-20 22:00:00,7386.1074,7392.4
5290,2022-10-20 23:00:00,7224.8345,7337.68
5291,2022-10-21 00:00:00,7158.13,7145.26
5292,2022-10-21 01:00:00,6711.9907,6724.69
5293,2022-10-21 02:00:00,6263.9414,6224.68
5294,2022-10-21 03:00:00,6056.7437,6102.43
5295,2022-10-21 04:00:00,6266.688,6227.23
5296,2022-10-21 05:00:00,6744.945,6761.53
5297,2022-10-21 06:00:00,7513.605,7568.62
5298,2022-10-21 07:00:00,7744.32,8009.54
5299,2022-10-21 08:00:00,7623.3154,7923.7
5300,2022-10-21 09:00:00,7635.0005,7725.81
5301,2022-10-21 10:00:00,7533.7725,7770.23
5302,2022-10-21 11:00:00,7651.355,7418.51
5303,2022-10-21 12:00:00,7246.2476,7130.64
5304,2022-10-21 13:00:00,6994.9624,7365.41
5305,2022-10-21 14:00:00,7415.358,7234.16
5306,2022-10-21 15:00:00,7416.156,7327.45
5307,2022-10-21 16:00:00,7797.426,7872.65
5308,2022-10-21 17:00:00,8399.458,8152.57
5309,2022-10-21 18:00:00,8380.523,8290.3
5310,2022-10-21 19:00:00,8143.7563,8210.92
5311,2022-10-21 20:00:00,7890.274,7908.85
5312,2022-10-21 21:00:00,7578.6445,7594.36
5313,2022-10-21 22:00:00,7362.6006,7445.34
5314,2022-10-21 23:00:00,7303.237,7331.2
5315,2022-10-22 00:00:00,7181.1523,7066.29
5316,2022-10-22 01:00:00,6657.043,6673.26
5317,2022-10-22 02:00:00,6239.2,6133.48
5318,2022-10-22 03:00:00,6003.52,5956.72
5319,2022-10-22 04:00:00,6041.295,6024.55
5320,2022-10-22 05:00:00,6401.0396,6267.36
5321,2022-10-22 06:00:00,6597.878,6551.24
5322,2022-10-22 07:00:00,6605.5806,6753.41
5323,2022-10-22 08:00:00,6534.2046,6906.73
5324,2022-10-22 09:00:00,6623.9507,6930.66
5325,2022-10-22 10:00:00,6634.6035,6636.64
5326,2022-10-22 11:00:00,6472.944,5949.28
5327,2022-10-22 12:00:00,5698.6094,6513.88
5328,2022-10-22 13:00:00,6606.0186,6578.14
5329,2022-10-22 14:00:00,6640.4146,6332.1
5330,2022-10-22 15:00:00,6591.2163,6777.77
5331,2022-10-22 16:00:00,7372.7993,7238.87
5332,2022-10-22 17:00:00,7834.253,7741.38
5333,2022-10-22 18:00:00,8132.2305,7895.74
5334,2022-10-22 19:00:00,7805.265,7977.21
5335,2022-10-22 20:00:00,7731.783,7685.02
5336,2022-10-22 21:00:00,7400.889,7329.65
5337,2022-10-22 22:00:00,7162.419,7212.54
5338,2022-10-22 23:00:00,7098.0117,7010.85
5339,2022-10-23 00:00:00,6875.256,6936.55
5340,2022-10-23 01:00:00,6569.6157,6494.12
5341,2022-10-23 02:00:00,6085.24,6080.77
5342,2022-10-23 03:00:00,5941.3833,5880.97
5343,2022-10-23 04:00:00,5911.3423,5909.41
5344,2022-10-23 05:00:00,6074.4443,6121.75
5345,2022-10-23 06:00:00,6364.4473,6212.94
5346,2022-10-23 07:00:00,6262.955,6451.82
5347,2022-10-23 08:00:00,6367.6094,6778.55
5348,2022-10-23 09:00:00,6577.8774,6643.01
5349,2022-10-23 10:00:00,6127.1206,6984.42
5350,2022-10-23 11:00:00,6613.8994,6574.79
5351,2022-10-23 12:00:00,6310.9844,6385.98
5352,2022-10-23 13:00:00,6283.431,6335.0
5353,2022-10-23 14:00:00,6269.074,6597.58
5354,2022-10-23 15:00:00,6676.1826,7011.77
5355,2022-10-23 16:00:00,7509.42,7248.04
5356,2022-10-23 17:00:00,7820.784,7749.75
5357,2022-10-23 18:00:00,8187.1323,8102.48
5358,2022-10-23 19:00:00,8173.252,8002.05
5359,2022-10-23 20:00:00,7726.165,7687.8
5360,2022-10-23 21:00:00,7392.759,7190.21
5361,2022-10-23 22:00:00,7035.918,7045.7
5362,2022-10-23 23:00:00,6953.834,6835.88
5363,2022-10-24 00:00:00,6754.194,6675.72
5364,2022-10-24 01:00:00,6350.236,6270.34
5365,2022-10-24 02:00:00,5956.0464,5968.92
5366,2022-10-24 03:00:00,5894.2773,5887.33
5367,2022-10-24 04:00:00,6019.695,6044.01
5368,2022-10-24 05:00:00,6540.507,6652.62
5369,2022-10-24 06:00:00,7459.303,7550.2
5370,2022-10-24 07:00:00,7801.82,7982.76
5371,2022-10-24 08:00:00,7708.8477,7885.34
5372,2022-10-24 09:00:00,7561.654,7895.72
5373,2022-10-24 10:00:00,7668.2,7760.34
5374,2022-10-24 11:00:00,7534.5327,7761.91
5375,2022-10-24 12:00:00,7675.2246,7470.62
5376,2022-10-24 13:00:00,7361.4443,7244.39
5377,2022-10-24 14:00:00,7266.172,7293.13
5378,2022-10-24 15:00:00,7502.207,7650.73
5379,2022-10-24 16:00:00,8060.9346,8067.5
5380,2022-10-24 17:00:00,8393.024,8536.13
5381,2022-10-24 18:00:00,8698.918,8878.7
5382,2022-10-24 19:00:00,8730.822,8635.81
5383,2022-10-24 20:00:00,8201.376,8336.96
5384,2022-10-24 21:00:00,7919.476,7769.35
5385,2022-10-24 22:00:00,7512.575,7566.77
5386,2022-10-24 23:00:00,7427.4043,7418.81
5387,2022-10-25 00:00:00,7282.089,7237.02
5388,2022-10-25 01:00:00,6840.169,6844.71
5389,2022-10-25 02:00:00,6365.7417,6404.25
5390,2022-10-25 03:00:00,6245.2817,6230.81
5391,2022-10-25 04:00:00,6359.8965,6307.75
5392,2022-10-25 05:00:00,6808.8486,6782.77
5393,2022-10-25 06:00:00,7661.288,7613.89
5394,2022-10-25 07:00:00,8049.8994,7541.98
5395,2022-10-25 08:00:00,7199.361,7313.72
5396,2022-10-25 09:00:00,7033.081,7237.99
5397,2022-10-25 10:00:00,7119.1934,6798.04
5398,2022-10-25 11:00:00,6671.4355,6197.04
5399,2022-10-25 12:00:00,6178.636,5821.09
5400,2022-10-25 13:00:00,5813.7324,6173.36
5401,2022-10-25 14:00:00,6325.794,6350.67
5402,2022-10-25 15:00:00,6652.527,7757.28
5403,2022-10-25 16:00:00,8238.416,7412.18
5404,2022-10-25 17:00:00,7919.2383,8230.17
5405,2022-10-25 18:00:00,8476.801,8574.5
5406,2022-10-25 19:00:00,8447.682,8519.85
5407,2022-10-25 20:00:00,8154.582,8011.6
5408,2022-10-25 21:00:00,7588.0073,7686.76
5409,2022-10-25 22:00:00,7453.88,7475.35
5410,2022-10-25 23:00:00,7335.6914,7229.76
5411,2022-10-26 00:00:00,7061.223,7127.78
5412,2022-10-26 01:00:00,6729.482,6652.08
5413,2022-10-26 02:00:00,6267.0625,6104.91
5414,2022-10-26 03:00:00,5980.517,6014.88
5415,2022-10-26 04:00:00,6250.135,6143.27
5416,2022-10-26 05:00:00,6743.2886,6710.96
5417,2022-10-26 06:00:00,7543.9146,7368.06
5418,2022-10-26 07:00:00,7605.5376,7252.8
5419,2022-10-26 08:00:00,6877.4556,6714.37
5420,2022-10-26 09:00:00,6419.1875,6374.53
5421,2022-10-26 10:00:00,6165.436,6441.11
5422,2022-10-26 11:00:00,6400.0986,6233.81
5423,2022-10-26 12:00:00,6193.747,6147.02
5424,2022-10-26 13:00:00,6175.035,6221.13
5425,2022-10-26 14:00:00,6421.2876,6165.83
5426,2022-10-26 15:00:00,6616.642,6750.91
5427,2022-10-26 16:00:00,7310.1074,7551.82
5428,2022-10-26 17:00:00,8109.7964,8320.24
5429,2022-10-26 18:00:00,8616.855,8548.86
5430,2022-10-26 19:00:00,8379.298,8411.6
5431,2022-10-26 20:00:00,7963.3457,8158.94
5432,2022-10-26 21:00:00,7763.119,7648.66
5433,2022-10-26 22:00:00,7393.9746,7387.04
5434,2022-10-26 23:00:00,7240.8394,7131.47
5435,2022-10-27 00:00:00,7002.6543,6944.45
5436,2022-10-27 01:00:00,6546.3164,6562.79
5437,2022-10-27 02:00:00,6155.7812,6039.46
5438,2022-10-27 03:00:00,5916.7275,5922.85
5439,2022-10-27 04:00:00,6123.2715,5992.6
5440,2022-10-27 05:00:00,6530.971,6550.06
5441,2022-10-27 06:00:00,7363.6426,7195.72
5442,2022-10-27 07:00:00,7449.689,7027.88
5443,2022-10-27 08:00:00,6623.9487,6714.44
5444,2022-10-27 09:00:00,6465.2256,6063.97
5445,2022-10-27 10:00:00,5921.9263,5931.78
5446,2022-10-27 11:00:00,5826.102,6274.21
5447,2022-10-27 12:00:00,6323.8965,6585.0
5448,2022-10-27 13:00:00,6639.1245,6513.89
5449,2022-10-27 14:00:00,6562.766,6693.57
5450,2022-10-27 15:00:00,7076.679,7119.29
5451,2022-10-27 16:00:00,7673.806,7332.86
5452,2022-10-27 17:00:00,7982.5483,8094.2
5453,2022-10-27 18:00:00,8428.551,8360.48
5454,2022-10-27 19:00:00,8267.602,8407.62
5455,2022-10-27 20:00:00,8052.1167,7921.14
5456,2022-10-27 21:00:00,7504.6475,7479.97
5457,2022-10-27 22:00:00,7289.63,7331.63
5458,2022-10-27 23:00:00,7192.11,7097.58
5459,2022-10-28 00:00:00,6985.6343,6899.15
5460,2022-10-28 01:00:00,6503.918,6493.17
5461,2022-10-28 02:00:00,6079.7637,6125.28
5462,2022-10-28 03:00:00,5974.324,5827.02
5463,2022-10-28 04:00:00,6017.4033,5965.62
5464,2022-10-28 05:00:00,6497.527,6475.22
5465,2022-10-28 06:00:00,7201.5005,6995.03
5466,2022-10-28 07:00:00,7146.338,6858.71
5467,2022-10-28 08:00:00,6577.7896,6303.81
5468,2022-10-28 09:00:00,6018.3667,5733.89
5469,2022-10-28 10:00:00,5612.0483,5062.72
5470,2022-10-28 11:00:00,4890.0957,5168.82
5471,2022-10-28 12:00:00,5217.4033,5198.86
5472,2022-10-28 13:00:00,5225.2017,5368.3
5473,2022-10-28 14:00:00,5513.072,5516.6
5474,2022-10-28 15:00:00,5956.4243,6179.7
5475,2022-10-28 16:00:00,6868.494,7020.88
5476,2022-10-28 17:00:00,7616.9995,7743.94
5477,2022-10-28 18:00:00,8018.6465,7979.35
5478,2022-10-28 19:00:00,7903.667,8051.33
5479,2022-10-28 20:00:00,7691.7896,7776.05
5480,2022-10-28 21:00:00,7418.6934,7456.2
5481,2022-10-28 22:00:00,7225.437,7322.78
5482,2022-10-28 23:00:00,7162.044,7154.32
5483,2022-10-29 00:00:00,6995.9614,6933.9
5484,2022-10-29 01:00:00,6537.611,6488.52
5485,2022-10-29 02:00:00,6065.4424,6079.1
5486,2022-10-29 03:00:00,5905.864,5877.96
5487,2022-10-29 04:00:00,5923.004,5901.26
5488,2022-10-29 05:00:00,6137.112,6073.59
5489,2022-10-29 06:00:00,6374.7373,6347.32
5490,2022-10-29 07:00:00,6357.3677,6119.66
5491,2022-10-29 08:00:00,5736.4136,5610.36
5492,2022-10-29 09:00:00,5106.645,4986.34
5493,2022-10-29 10:00:00,4619.033,4533.29
5494,2022-10-29 11:00:00,4309.925,4334.25
5495,2022-10-29 12:00:00,4264.0786,4209.03
5496,2022-10-29 13:00:00,4211.3423,4197.68
5497,2022-10-29 14:00:00,4396.6187,4504.54
5498,2022-10-29 15:00:00,5151.5293,5130.79
5499,2022-10-29 16:00:00,6048.245,6120.83
5500,2022-10-29 17:00:00,7036.2676,7049.71
5501,2022-10-29 18:00:00,7661.909,7582.18
5502,2022-10-29 19:00:00,7693.0127,7595.2
5503,2022-10-29 20:00:00,7389.955,7392.41
5504,2022-10-29 21:00:00,7191.726,7127.16
5505,2022-10-29 22:00:00,7019.1157,7021.76
5506,2022-10-29 23:00:00,6921.9995,6763.83
5507,2022-10-30 00:00:00,6657.699,6660.88
5508,2022-10-30 01:00:00,6309.757,6184.98
5509,2022-10-30 02:00:00,5862.2705,5776.39
5510,2022-10-30 03:00:00,5696.022,5786.28
5511,2022-10-30 04:00:00,5858.9106,5783.76
5512,2022-10-30 05:00:00,6022.498,5820.16
5513,2022-10-30 06:00:00,5935.101,5918.02
5514,2022-10-30 07:00:00,5810.082,5655.3
5515,2022-10-30 08:00:00,5316.608,5338.11
5516,2022-10-30 09:00:00,4920.581,4817.3
5517,2022-10-30 10:00:00,4528.4536,4388.6
5518,2022-10-30 11:00:00,4246.545,4383.67
5519,2022-10-30 12:00:00,4375.5723,4375.37
5520,2022-10-30 13:00:00,4459.1504,4616.01
5521,2022-10-30 14:00:00,4970.6445,4847.0
5522,2022-10-30 15:00:00,5397.299,5452.6
5523,2022-10-30 16:00:00,6414.9736,6438.07
5524,2022-10-30 17:00:00,7331.6387,7091.13
5525,2022-10-30 18:00:00,7620.5127,7738.54
5526,2022-10-30 19:00:00,7707.8257,7857.45
5527,2022-10-30 20:00:00,7503.4424,7601.3
5528,2022-10-30 21:00:00,7297.2583,7199.98
5529,2022-10-30 22:00:00,7027.098,6892.09
5530,2022-10-30 23:00:00,6758.107,6672.05
5531,2022-10-31 00:00:00,6579.244,6477.36
5532,2022-10-31 01:00:00,6213.716,6161.78
5533,2022-10-31 02:00:00,5875.98,5822.53
5534,2022-10-31 03:00:00,5704.3013,5791.0
5535,2022-10-31 04:00:00,5886.67,5908.54
5536,2022-10-31 05:00:00,6312.9033,6301.9
5537,2022-10-31 06:00:00,6986.335,7092.57
5538,2022-10-31 07:00:00,7272.8267,6927.22
5539,2022-10-31 08:00:00,6432.774,7118.17
5540,2022-10-31 09:00:00,6978.6343,6832.71
5541,2022-10-31 10:00:00,6626.7905,6525.9
5542,2022-10-31 11:00:00,6350.8286,6848.5
5543,2022-10-31 12:00:00,6830.0205,7786.81
5544,2022-10-31 13:00:00,7730.6294,8041.04
5545,2022-10-31 14:00:00,8071.7407,7682.3
5546,2022-10-31 15:00:00,7608.6133,8068.23
5547,2022-10-31 16:00:00,8373.008,8049.52
5548,2022-10-31 17:00:00,8375.947,8733.74
5549,2022-10-31 18:00:00,9052.035,8895.13
5550,2022-10-31 19:00:00,8865.912,8561.32
5551,2022-10-31 20:00:00,8192.53,8153.96
5552,2022-10-31 21:00:00,7732.4683,7789.21
5553,2022-10-31 22:00:00,7523.552,7483.65
5554,2022-10-31 23:00:00,7325.7104,7379.03
5555,2022-11-01 00:00:00,7225.4146,7077.46
5556,2022-11-01 01:00:00,6681.476,6842.26
5557,2022-11-01 02:00:00,6373.01,6260.29
5558,2022-11-01 03:00:00,6054.025,6185.97
5559,2022-11-01 04:00:00,6352.293,6326.97
5560,2022-11-01 05:00:00,6852.655,6837.48
5561,2022-11-01 06:00:00,7557.8296,7498.04
5562,2022-11-01 07:00:00,7409.8267,7414.1
5563,2022-11-01 08:00:00,7134.877,6852.27
5564,2022-11-01 09:00:00,6611.7744,6291.64
5565,2022-11-01 10:00:00,6118.524,5869.93
5566,2022-11-01 11:00:00,5879.41,5719.99
5567,2022-11-01 12:00:00,5950.0796,5588.07
5568,2022-11-01 13:00:00,5693.0317,5636.23
5569,2022-11-01 14:00:00,5831.265,5776.13
5570,2022-11-01 15:00:00,6342.2485,7019.04
5571,2022-11-01 16:00:00,7682.359,7451.12
5572,2022-11-01 17:00:00,8091.668,8250.77
5573,2022-11-01 18:00:00,8537.195,8541.99
5574,2022-11-01 19:00:00,8386.568,8586.55
5575,2022-11-01 20:00:00,8124.1533,8205.1
5576,2022-11-01 21:00:00,7736.442,7670.12
5577,2022-11-01 22:00:00,7370.4316,7459.06
5578,2022-11-01 23:00:00,7297.437,7343.44
5579,2022-11-02 00:00:00,7099.679,7194.37
5580,2022-11-02 01:00:00,6769.4595,6815.71
5581,2022-11-02 02:00:00,6227.386,6221.49
5582,2022-11-02 03:00:00,6081.313,6147.64
5583,2022-11-02 04:00:00,6270.5327,6211.11
5584,2022-11-02 05:00:00,6778.0854,6748.36
5585,2022-11-02 06:00:00,7428.325,7474.23
5586,2022-11-02 07:00:00,7318.967,7406.25
5587,2022-11-02 08:00:00,6775.044,6596.7
5588,2022-11-02 09:00:00,6140.3184,5957.05
5589,2022-11-02 10:00:00,5664.4595,5522.87
5590,2022-11-02 11:00:00,5344.4214,5165.02
5591,2022-11-02 12:00:00,5096.2173,5100.62
5592,2022-11-02 13:00:00,5167.709,5172.7
5593,2022-11-02 14:00:00,5332.3345,5250.91
5594,2022-11-02 15:00:00,6016.982,6065.16
5595,2022-11-02 16:00:00,6964.634,6734.39
5596,2022-11-02 17:00:00,7515.573,7768.13
5597,2022-11-02 18:00:00,8215.789,8385.3
5598,2022-11-02 19:00:00,8397.973,8634.36
5599,2022-11-02 20:00:00,8327.3,8304.38
5600,2022-11-02 21:00:00,7788.2983,7853.19
5601,2022-11-02 22:00:00,7491.36,7564.64
5602,2022-11-02 23:00:00,7331.0786,7393.97
5603,2022-11-03 00:00:00,7173.7026,7332.68
5604,2022-11-03 01:00:00,6939.735,6857.26
5605,2022-11-03 02:00:00,6313.0215,6301.35
5606,2022-11-03 03:00:00,6102.805,6178.34
5607,2022-11-03 04:00:00,6243.055,6346.81
5608,2022-11-03 05:00:00,6838.705,6980.31
5609,2022-11-03 06:00:00,7587.3936,7552.96
5610,2022-11-03 07:00:00,7464.1655,7294.96
5611,2022-11-03 08:00:00,6653.976,6464.8
5612,2022-11-03 09:00:00,5945.181,5703.37
5613,2022-11-03 10:00:00,5345.1855,5394.71
5614,2022-11-03 11:00:00,5235.4844,5590.03
5615,2022-11-03 12:00:00,5807.9985,5991.73
5616,2022-11-03 13:00:00,6108.395,6037.19
5617,2022-11-03 14:00:00,6223.755,6076.39
5618,2022-11-03 15:00:00,6766.2544,6326.62
5619,2022-11-03 16:00:00,7106.027,7024.73
5620,2022-11-03 17:00:00,7819.8306,7838.88
5621,2022-11-03 18:00:00,8394.736,8353.61
5622,2022-11-03 19:00:00,8532.488,8528.59
5623,2022-11-03 20:00:00,8243.51,8295.16
5624,2022-11-03 21:00:00,7759.8945,7867.39
5625,2022-11-03 22:00:00,7548.9688,7672.68
5626,2022-11-03 23:00:00,7413.252,7491.23
5627,2022-11-04 00:00:00,7279.0386,7257.69
5628,2022-11-04 01:00:00,6899.0977,6923.09
5629,2022-11-04 02:00:00,6319.6265,6430.54
5630,2022-11-04 03:00:00,6201.1055,6295.01
5631,2022-11-04 04:00:00,6371.9067,6506.93
5632,2022-11-04 05:00:00,6994.63,6934.33
5633,2022-11-04 06:00:00,7542.233,7482.62
5634,2022-11-04 07:00:00,7357.803,7295.87
5635,2022-11-04 08:00:00,6645.677,6926.8
5636,2022-11-04 09:00:00,6342.006,6396.3
5637,2022-11-04 10:00:00,5878.152,6288.27
5638,2022-11-04 11:00:00,6265.8276,6487.95
5639,2022-11-04 12:00:00,6715.036,6452.7
5640,2022-11-04 13:00:00,6438.935,6107.96
5641,2022-11-04 14:00:00,6230.391,6204.35
5642,2022-11-04 15:00:00,6736.72,6491.84
5643,2022-11-04 16:00:00,7165.743,7118.58
5644,2022-11-04 17:00:00,7909.8096,7658.12
5645,2022-11-04 18:00:00,8195.101,7999.51
5646,2022-11-04 19:00:00,8136.2524,8080.07
5647,2022-11-04 20:00:00,7860.872,7874.1
5648,2022-11-04 21:00:00,7582.5205,7513.46
5649,2022-11-04 22:00:00,7315.936,7447.33
5650,2022-11-04 23:00:00,7346.811,7331.65
5651,2022-11-05 00:00:00,7177.0605,7024.09
5652,2022-11-05 01:00:00,6697.187,6582.76
5653,2022-11-05 02:00:00,6115.389,6063.58
5654,2022-11-05 03:00:00,5952.9624,5946.08
5655,2022-11-05 04:00:00,5983.497,5969.74
5656,2022-11-05 05:00:00,6206.4673,6123.31
5657,2022-11-05 06:00:00,6339.1274,6342.95
5658,2022-11-05 07:00:00,6316.064,6321.07
5659,2022-11-05 08:00:00,5981.47,6134.69
5660,2022-11-05 09:00:00,5662.2007,5796.93
5661,2022-11-05 10:00:00,5269.2217,5434.74
5662,2022-11-05 11:00:00,5140.669,5247.27
5663,2022-11-05 12:00:00,5124.786,5240.54
5664,2022-11-05 13:00:00,5239.5957,5182.51
5665,2022-11-05 14:00:00,5260.8906,5238.61
5666,2022-11-05 15:00:00,5634.047,5516.49
5667,2022-11-05 16:00:00,6308.677,6260.29
5668,2022-11-05 17:00:00,7135.8374,7059.68
5669,2022-11-05 18:00:00,7691.7026,7631.88
5670,2022-11-05 19:00:00,7792.244,7785.75
5671,2022-11-05 20:00:00,7632.7607,7509.36
5672,2022-11-05 21:00:00,7268.7505,7240.26
5673,2022-11-05 22:00:00,7091.37,7143.33
5674,2022-11-05 23:00:00,6998.6914,6945.35
5675,2022-11-06 00:00:00,6775.7617,6744.6
5676,2022-11-06 01:00:00,6402.1543,6373.55
5677,2022-11-06 02:00:00,5965.4736,5970.38
5678,2022-11-06 03:00:00,5868.5005,5870.13
5679,2022-11-06 04:00:00,5861.6855,5796.61
5680,2022-11-06 05:00:00,5868.319,5900.43
5681,2022-11-06 06:00:00,5996.8745,5889.74
5682,2022-11-06 07:00:00,5766.0454,5686.83
5683,2022-11-06 08:00:00,5305.919,5361.57
5684,2022-11-06 09:00:00,4866.0415,4955.61
5685,2022-11-06 10:00:00,4569.7793,4664.43
5686,2022-11-06 11:00:00,4521.774,4589.91
5687,2022-11-06 12:00:00,4548.674,4619.46
5688,2022-11-06 13:00:00,4713.675,4637.3
5689,2022-11-06 14:00:00,4795.547,4866.04
5690,2022-11-06 15:00:00,5337.791,5282.9
5691,2022-11-06 16:00:00,6100.7905,6165.9
5692,2022-11-06 17:00:00,7031.806,7155.46
5693,2022-11-06 18:00:00,7768.3213,7781.6
5694,2022-11-06 19:00:00,7854.5127,7862.58
5695,2022-11-06 20:00:00,7563.2905,7548.35
5696,2022-11-06 21:00:00,7231.706,7249.14
5697,2022-11-06 22:00:00,7040.93,7035.62
5698,2022-11-06 23:00:00,6901.7,6766.95
5699,2022-11-07 00:00:00,6613.254,6599.93
5700,2022-11-07 01:00:00,6261.806,6240.97
5701,2022-11-07 02:00:00,5905.186,6011.92
5702,2022-11-07 03:00:00,5882.886,5820.75
5703,2022-11-07 04:00:00,5893.3296,6034.24
5704,2022-11-07 05:00:00,6374.0083,6507.59
5705,2022-11-07 06:00:00,7077.07,7089.08
5706,2022-11-07 07:00:00,7061.5327,7018.07
5707,2022-11-07 08:00:00,6805.2363,6646.12
5708,2022-11-07 09:00:00,6173.0376,6220.18
5709,2022-11-07 10:00:00,6009.3257,5999.93
5710,2022-11-07 11:00:00,6039.4033,5904.77
5711,2022-11-07 12:00:00,6052.5605,5863.68
5712,2022-11-07 13:00:00,5959.16,5908.12
5713,2022-11-07 14:00:00,6054.366,5720.53
5714,2022-11-07 15:00:00,6064.6123,6247.66
5715,2022-11-07 16:00:00,6916.44,7052.95
5716,2022-11-07 17:00:00,7760.045,7851.49
5717,2022-11-07 18:00:00,8344.762,8223.99
5718,2022-11-07 19:00:00,8260.553,8277.58
5719,2022-11-07 20:00:00,7922.7686,7845.73
5720,2022-11-07 21:00:00,7516.3643,7535.85
5721,2022-11-07 22:00:00,7336.053,7369.19
5722,2022-11-07 23:00:00,7256.7017,7233.71
5723,2022-11-08 00:00:00,7044.4395,7032.05
5724,2022-11-08 01:00:00,6714.721,6590.09
5725,2022-11-08 02:00:00,6150.473,6254.54
5726,2022-11-08 03:00:00,6136.0933,6031.99
5727,2022-11-08 04:00:00,6142.8613,6054.41
5728,2022-11-08 05:00:00,6554.051,6555.65
5729,2022-11-08 06:00:00,7249.3296,7279.19
5730,2022-11-08 07:00:00,7254.5215,7170.63
5731,2022-11-08 08:00:00,6657.0093,6750.73
5732,2022-11-08 09:00:00,6182.449,6508.83
5733,2022-11-08 10:00:00,6152.926,6022.93
5734,2022-11-08 11:00:00,5808.09,5746.42
5735,2022-11-08 12:00:00,5735.6724,5641.96
5736,2022-11-08 13:00:00,5720.19,5640.18
5737,2022-11-08 14:00:00,5788.3564,5734.7
5738,2022-11-08 15:00:00,6334.3267,6224.71
5739,2022-11-08 16:00:00,6999.825,7045.6
5740,2022-11-08 17:00:00,7831.209,7793.02
5741,2022-11-08 18:00:00,8299.867,8047.69
5742,2022-11-08 19:00:00,8115.457,8064.72
5743,2022-11-08 20:00:00,7740.1123,7746.05
5744,2022-11-08 21:00:00,7452.978,7382.09
5745,2022-11-08 22:00:00,7192.591,7259.25
5746,2022-11-08 23:00:00,7151.5205,7131.98
5747,2022-11-09 00:00:00,6954.964,6928.66
5748,2022-11-09 01:00:00,6568.465,6467.62
5749,2022-11-09 02:00:00,6069.74,6109.93
5750,2022-11-09 03:00:00,5985.939,5955.45
5751,2022-11-09 04:00:00,6013.654,6077.4
5752,2022-11-09 05:00:00,6587.053,6553.44
5753,2022-11-09 06:00:00,7245.6987,7005.19
5754,2022-11-09 07:00:00,6968.0576,6851.74
5755,2022-11-09 08:00:00,6335.1724,6359.0
5756,2022-11-09 09:00:00,5770.3926,5916.91
5757,2022-11-09 10:00:00,5465.389,5763.87
5758,2022-11-09 11:00:00,5590.975,5600.02
5759,2022-11-09 12:00:00,5575.2144,5455.74
5760,2022-11-09 13:00:00,5462.6904,5490.95
5761,2022-11-09 14:00:00,5593.482,5508.43
5762,2022-11-09 15:00:00,6007.982,5921.51
5763,2022-11-09 16:00:00,6741.576,6765.78
5764,2022-11-09 17:00:00,7650.68,7622.42
5765,2022-11-09 18:00:00,8027.1377,7905.81
5766,2022-11-09 19:00:00,7968.32,8016.99
5767,2022-11-09 20:00:00,7650.8677,7837.87
5768,2022-11-09 21:00:00,7470.872,7416.99
5769,2022-11-09 22:00:00,7233.9307,7259.1
5770,2022-11-09 23:00:00,7104.025,7150.01
5771,2022-11-10 00:00:00,6956.585,6905.11
5772,2022-11-10 01:00:00,6502.4937,6482.98
5773,2022-11-10 02:00:00,6072.7095,6123.84
5774,2022-11-10 03:00:00,5949.241,5997.83
5775,2022-11-10 04:00:00,6059.439,6155.56
5776,2022-11-10 05:00:00,6614.7114,6632.38
5777,2022-11-10 06:00:00,7075.0854,7127.82
5778,2022-11-10 07:00:00,6948.71,7009.68
5779,2022-11-10 08:00:00,6477.4126,6455.49
5780,2022-11-10 09:00:00,5903.811,6009.42
5781,2022-11-10 10:00:00,5680.27,5471.03
5782,2022-11-10 11:00:00,5306.7676,5557.14
5783,2022-11-10 12:00:00,5620.9575,5464.67
5784,2022-11-10 13:00:00,5502.774,5575.02
5785,2022-11-10 14:00:00,5651.5557,5594.52
5786,2022-11-10 15:00:00,6049.9336,6145.91
5787,2022-11-10 16:00:00,6907.4756,6950.04
5788,2022-11-10 17:00:00,7717.5425,7925.53
5789,2022-11-10 18:00:00,8217.456,8231.64
5790,2022-11-10 19:00:00,8227.015,8272.67
5791,2022-11-10 20:00:00,7860.312,7998.78
5792,2022-11-10 21:00:00,7605.8237,7488.28
5793,2022-11-10 22:00:00,7310.158,7362.94
5794,2022-11-10 23:00:00,7225.8687,7203.43
5795,2022-11-11 00:00:00,6998.9907,6926.68
5796,2022-11-11 01:00:00,6499.635,6533.32
5797,2022-11-11 02:00:00,6144.825,6195.19
5798,2022-11-11 03:00:00,6060.63,5980.05
5799,2022-11-11 04:00:00,6122.864,6164.56
5800,2022-11-11 05:00:00,6617.15,6636.23
5801,2022-11-11 06:00:00,7145.8438,7010.72
5802,2022-11-11 07:00:00,6919.156,6997.91
5803,2022-11-11 08:00:00,6501.891,6390.87
5804,2022-11-11 09:00:00,5887.3706,6111.65
5805,2022-11-11 10:00:00,5753.628,6078.51
5806,2022-11-11 11:00:00,6152.9526,5839.86
5807,2022-11-11 12:00:00,5790.08,6084.21
5808,2022-11-11 13:00:00,6101.735,6315.49
5809,2022-11-11 14:00:00,6366.2695,6812.87
5810,2022-11-11 15:00:00,7187.8936,7336.25
5811,2022-11-11 16:00:00,7931.168,7714.2
5812,2022-11-11 17:00:00,8231.51,7843.35
5813,2022-11-11 18:00:00,8049.705,8022.04
5814,2022-11-11 19:00:00,7921.6387,8121.5
5815,2022-11-11 20:00:00,7826.246,7790.96
5816,2022-11-11 21:00:00,7512.9087,7471.98
5817,2022-11-11 22:00:00,7312.65,7305.02
5818,2022-11-11 23:00:00,7225.672,7274.56
5819,2022-11-12 00:00:00,7020.616,6977.74
5820,2022-11-12 01:00:00,6546.161,6460.16
5821,2022-11-12 02:00:00,6135.8457,6017.92
5822,2022-11-12 03:00:00,5935.062,5836.46
5823,2022-11-12 04:00:00,5920.6055,5959.99
5824,2022-11-12 05:00:00,6273.728,5961.3
5825,2022-11-12 06:00:00,6159.7217,6171.69
5826,2022-11-12 07:00:00,6164.845,6084.78
5827,2022-11-12 08:00:00,5823.835,5429.73
5828,2022-11-12 09:00:00,4984.1357,5444.24
5829,2022-11-12 10:00:00,5178.4575,5188.51
5830,2022-11-12 11:00:00,5024.8276,5130.69
5831,2022-11-12 12:00:00,5102.9077,5157.86
5832,2022-11-12 13:00:00,5215.3525,5458.66
5833,2022-11-12 14:00:00,5693.552,6010.19
5834,2022-11-12 15:00:00,6699.094,6818.03
5835,2022-11-12 16:00:00,7595.436,7227.55
5836,2022-11-12 17:00:00,7713.7812,7663.06
5837,2022-11-12 18:00:00,7795.178,7588.79
5838,2022-11-12 19:00:00,7370.3887,7787.27
5839,2022-11-12 20:00:00,7436.902,7479.49
5840,2022-11-12 21:00:00,7224.602,7215.06
5841,2022-11-12 22:00:00,7078.058,7153.39
5842,2022-11-12 23:00:00,7025.0176,6822.77
5843,2022-11-13 00:00:00,6587.272,6697.0
5844,2022-11-13 01:00:00,6271.22,6284.28
5845,2022-11-13 02:00:00,5955.655,5923.4
5846,2022-11-13 03:00:00,5848.326,5856.35
5847,2022-11-13 04:00:00,5903.7812,5858.27
5848,2022-11-13 05:00:00,5911.4673,5876.7
5849,2022-11-13 06:00:00,5900.1177,5953.57
5850,2022-11-13 07:00:00,5691.017,6192.37
5851,2022-11-13 08:00:00,5771.2344,6304.44
5852,2022-11-13 09:00:00,5907.7437,6828.93
5853,2022-11-13 10:00:00,6758.4023,6918.16
5854,2022-11-13 11:00:00,6904.5537,6417.05
5855,2022-11-13 12:00:00,6216.9355,5582.47
5856,2022-11-13 13:00:00,5457.9175,5812.83
5857,2022-11-13 14:00:00,6087.0176,6635.86
5858,2022-11-13 15:00:00,7186.366,6978.29
5859,2022-11-13 16:00:00,7565.5225,7382.84
5860,2022-11-13 17:00:00,7873.6787,8066.1
5861,2022-11-13 18:00:00,8250.793,8241.28
5862,2022-11-13 19:00:00,8057.4683,8028.03
5863,2022-11-13 20:00:00,7660.6367,7896.64
5864,2022-11-13 21:00:00,7526.0986,7426.39
5865,2022-11-13 22:00:00,7245.696,7128.58
5866,2022-11-13 23:00:00,7035.426,6954.04
5867,2022-11-14 00:00:00,6788.9375,6722.2
5868,2022-11-14 01:00:00,6337.609,6213.66
5869,2022-11-14 02:00:00,5934.9155,5852.89
5870,2022-11-14 03:00:00,5830.149,5774.4
5871,2022-11-14 04:00:00,5849.484,5993.29
5872,2022-11-14 05:00:00,6556.4087,6353.56
5873,2022-11-14 06:00:00,6860.9775,7058.48
5874,2022-11-14 07:00:00,7123.924,7026.29
5875,2022-11-14 08:00:00,6634.325,6490.58
5876,2022-11-14 09:00:00,6050.627,6124.95
5877,2022-11-14 10:00:00,5861.6636,5860.55
5878,2022-11-14 11:00:00,5725.36,5803.41
5879,2022-11-14 12:00:00,5824.9727,5609.65
5880,2022-11-14 13:00:00,5683.715,5778.35
5881,2022-11-14 14:00:00,6097.335,6021.73
5882,2022-11-14 15:00:00,6808.0225,6493.14
5883,2022-11-14 16:00:00,7212.4077,7232.42
5884,2022-11-14 17:00:00,7808.19,7967.14
5885,2022-11-14 18:00:00,8199.435,8312.05
5886,2022-11-14 19:00:00,8184.5576,8158.38
5887,2022-11-14 20:00:00,7775.1743,7878.77
5888,2022-11-14 21:00:00,7495.805,7451.22
5889,2022-11-14 22:00:00,7267.0,7273.97
5890,2022-11-14 23:00:00,7128.0317,7032.92
5891,2022-11-15 00:00:00,6836.6704,6862.42
5892,2022-11-15 01:00:00,6444.6904,6357.61
5893,2022-11-15 02:00:00,6056.659,6008.44
5894,2022-11-15 03:00:00,5937.43,5857.28
5895,2022-11-15 04:00:00,6022.19,6030.62
5896,2022-11-15 05:00:00,6535.7017,6474.47
5897,2022-11-15 06:00:00,7099.014,6957.42
5898,2022-11-15 07:00:00,6940.3125,6884.23
5899,2022-11-15 08:00:00,6418.112,6319.53
5900,2022-11-15 09:00:00,5896.8794,6237.44
5901,2022-11-15 10:00:00,5994.0454,6195.82
5902,2022-11-15 11:00:00,6060.128,6210.02
5903,2022-11-15 12:00:00,6188.1045,6224.69
5904,2022-11-15 13:00:00,6260.265,5968.06
5905,2022-11-15 14:00:00,6121.022,6271.33
5906,2022-11-15 15:00:00,6887.6514,6675.52
5907,2022-11-15 16:00:00,7400.9023,7010.52
5908,2022-11-15 17:00:00,7749.7314,7868.82
5909,2022-11-15 18:00:00,8206.657,8245.08
5910,2022-11-15 19:00:00,8195.488,8273.92
5911,2022-11-15 20:00:00,7916.052,8012.32
5912,2022-11-15 21:00:00,7573.442,7638.52
5913,2022-11-15 22:00:00,7376.107,7397.15
5914,2022-11-15 23:00:00,7202.1895,7260.76
5915,2022-11-16 00:00:00,6964.319,7036.21
5916,2022-11-16 01:00:00,6566.766,6549.81
5917,2022-11-16 02:00:00,6138.0957,6179.65
5918,2022-11-16 03:00:00,6016.511,5967.1
5919,2022-11-16 04:00:00,6054.4927,6229.41
5920,2022-11-16 05:00:00,6654.5576,6668.91
5921,2022-11-16 06:00:00,7183.41,7198.4
5922,2022-11-16 07:00:00,6995.4883,6651.69
5923,2022-11-16 08:00:00,6212.385,6231.83
5924,2022-11-16 09:00:00,5927.426,5877.45
5925,2022-11-16 10:00:00,5689.1323,5867.84
5926,2022-11-16 11:00:00,5784.7764,6154.74
5927,2022-11-16 12:00:00,6228.1763,5876.47
5928,2022-11-16 13:00:00,5967.855,6512.08
5929,2022-11-16 14:00:00,6646.0537,5980.96
5930,2022-11-16 15:00:00,6517.6323,6551.68
5931,2022-11-16 16:00:00,7242.6475,7045.4
5932,2022-11-16 17:00:00,7860.648,7718.2
5933,2022-11-16 18:00:00,8073.823,8144.63
5934,2022-11-16 19:00:00,8179.2944,8247.83
5935,2022-11-16 20:00:00,7942.6045,8135.98
5936,2022-11-16 21:00:00,7684.0894,7671.66
5937,2022-11-16 22:00:00,7387.9526,7515.46
5938,2022-11-16 23:00:00,7310.7417,7382.46
5939,2022-11-17 00:00:00,7113.6777,7189.14
5940,2022-11-17 01:00:00,6679.4805,6779.25
5941,2022-11-17 02:00:00,6337.4893,6342.91
5942,2022-11-17 03:00:00,6105.439,6242.78
5943,2022-11-17 04:00:00,6319.116,6365.76
5944,2022-11-17 05:00:00,6766.291,6896.89
5945,2022-11-17 06:00:00,7255.1704,7395.93
5946,2022-11-17 07:00:00,7027.551,7005.36
5947,2022-11-17 08:00:00,6419.4644,6099.74
5948,2022-11-17 09:00:00,5702.5,5467.17
5949,2022-11-17 10:00:00,5276.8413,5188.54
5950,2022-11-17 11:00:00,5181.0376,5237.15
5951,2022-11-17 12:00:00,5301.726,5210.19
5952,2022-11-17 13:00:00,5337.0176,5251.1
5953,2022-11-17 14:00:00,5424.033,5298.55
5954,2022-11-17 15:00:00,5940.9277,5638.66
5955,2022-11-17 16:00:00,6451.4014,6469.63
5956,2022-11-17 17:00:00,7358.0527,7379.83
5957,2022-11-17 18:00:00,7876.4004,8080.59
5958,2022-11-17 19:00:00,8185.038,8225.97
5959,2022-11-17 20:00:00,8019.8105,8118.22
5960,2022-11-17 21:00:00,7709.23,7625.19
5961,2022-11-17 22:00:00,7390.6294,7528.76
5962,2022-11-17 23:00:00,7357.351,7358.45
5963,2022-11-18 00:00:00,7117.0723,7187.07
5964,2022-11-18 01:00:00,6795.5605,6728.56
5965,2022-11-18 02:00:00,6286.1245,6231.84
5966,2022-11-18 03:00:00,6069.409,6125.72
5967,2022-11-18 04:00:00,6272.6235,6266.19
5968,2022-11-18 05:00:00,6721.8774,6790.42
5969,2022-11-18 06:00:00,7275.3276,7198.29
5970,2022-11-18 07:00:00,6886.5396,6948.82
5971,2022-11-18 08:00:00,6297.9214,6240.85
5972,2022-11-18 09:00:00,5736.2046,5611.98
5973,2022-11-18 10:00:00,5303.64,5602.83
5974,2022-11-18 11:00:00,5617.6987,5601.67
5975,2022-11-18 12:00:00,5595.947,5307.6
5976,2022-11-18 13:00:00,5351.966,5295.12
5977,2022-11-18 14:00:00,5488.5073,5449.12
5978,2022-11-18 15:00:00,6006.84,5740.92
5979,2022-11-18 16:00:00,6519.215,6499.99
5980,2022-11-18 17:00:00,7380.46,7344.05
5981,2022-11-18 18:00:00,7950.06,7774.27
5982,2022-11-18 19:00:00,7991.888,7884.31
5983,2022-11-18 20:00:00,7753.6855,7768.48
5984,2022-11-18 21:00:00,7475.838,7386.68
5985,2022-11-18 22:00:00,7228.047,7406.66
5986,2022-11-18 23:00:00,7259.3486,7231.63
5987,2022-11-19 00:00:00,6992.571,7048.44
5988,2022-11-19 01:00:00,6641.73,6587.06
5989,2022-11-19 02:00:00,6158.125,6193.72
5990,2022-11-19 03:00:00,6034.1333,5983.26
5991,2022-11-19 04:00:00,6043.6025,5938.9
5992,2022-11-19 05:00:00,6059.304,6139.1
5993,2022-11-19 06:00:00,6314.636,6240.27
5994,2022-11-19 07:00:00,6128.9014,6013.78
5995,2022-11-19 08:00:00,5563.717,5713.18
5996,2022-11-19 09:00:00,5352.8657,5075.18
5997,2022-11-19 10:00:00,4845.235,4784.45
5998,2022-11-19 11:00:00,4687.6006,4631.71
5999,2022-11-19 12:00:00,4575.2666,4537.46
6000,2022-11-19 13:00:00,4600.581,4686.37
6001,2022-11-19 14:00:00,4904.082,4917.32
6002,2022-11-19 15:00:00,5401.562,5663.34
6003,2022-11-19 16:00:00,6515.108,6475.38
6004,2022-11-19 17:00:00,7250.9287,7082.23
6005,2022-11-19 18:00:00,7616.662,7579.48
6006,2022-11-19 19:00:00,7667.6777,7634.85
6007,2022-11-19 20:00:00,7479.8535,7455.67
6008,2022-11-19 21:00:00,7177.26,7238.59
6009,2022-11-19 22:00:00,7078.5596,7050.16
6010,2022-11-19 23:00:00,6942.6123,6782.35
6011,2022-11-20 00:00:00,6607.7974,6618.92
6012,2022-11-20 01:00:00,6253.9575,6226.2
6013,2022-11-20 02:00:00,5912.341,5876.37
6014,2022-11-20 03:00:00,5799.314,5750.93
6015,2022-11-20 04:00:00,5782.0527,5732.62
6016,2022-11-20 05:00:00,5844.422,5683.94
6017,2022-11-20 06:00:00,5753.918,5694.6
6018,2022-11-20 07:00:00,5596.115,5635.81
6019,2022-11-20 08:00:00,5314.3477,5300.08
6020,2022-11-20 09:00:00,4880.381,4911.6
6021,2022-11-20 10:00:00,4601.772,4675.15
6022,2022-11-20 11:00:00,4567.2705,4572.2
6023,2022-11-20 12:00:00,4562.238,4246.53
6024,2022-11-20 13:00:00,4365.675,4376.62
6025,2022-11-20 14:00:00,4612.0386,4650.97
6026,2022-11-20 15:00:00,5191.872,5159.19
6027,2022-11-20 16:00:00,5982.885,5966.92
6028,2022-11-20 17:00:00,6853.4624,7059.67
6029,2022-11-20 18:00:00,7588.857,7713.99
6030,2022-11-20 19:00:00,7715.243,7730.24
6031,2022-11-20 20:00:00,7469.6904,7637.19
6032,2022-11-20 21:00:00,7300.795,7194.38
6033,2022-11-20 22:00:00,7009.4106,7017.12
6034,2022-11-20 23:00:00,6856.073,6765.36
6035,2022-11-21 00:00:00,6590.723,6457.73
6036,2022-11-21 01:00:00,6150.761,6183.44
6037,2022-11-21 02:00:00,5877.784,5847.83
6038,2022-11-21 03:00:00,5719.2075,5656.76
6039,2022-11-21 04:00:00,5685.8276,5916.03
6040,2022-11-21 05:00:00,6262.201,6406.15
6041,2022-11-21 06:00:00,6895.709,6871.63
6042,2022-11-21 07:00:00,6754.6704,6894.76
6043,2022-11-21 08:00:00,6350.091,6359.75
6044,2022-11-21 09:00:00,5919.0894,5864.79
6045,2022-11-21 10:00:00,5602.565,5584.18
6046,2022-11-21 11:00:00,5432.5117,5388.18
6047,2022-11-21 12:00:00,5360.415,5382.39
6048,2022-11-21 13:00:00,5439.774,5283.83
6049,2022-11-21 14:00:00,5437.17,5351.54
6050,2022-11-21 15:00:00,5735.4546,5990.85
6051,2022-11-21 16:00:00,6690.7285,6679.56
6052,2022-11-21 17:00:00,7489.326,7822.73
6053,2022-11-21 18:00:00,8185.362,8158.54
6054,2022-11-21 19:00:00,8143.638,8247.87
6055,2022-11-21 20:00:00,7950.6606,7893.27
6056,2022-11-21 21:00:00,7471.717,7555.8
6057,2022-11-21 22:00:00,7297.174,7438.39
6058,2022-11-21 23:00:00,7244.1724,7233.8
6059,2022-11-22 00:00:00,6971.3286,6969.59
6060,2022-11-22 01:00:00,6592.7563,6543.65
6061,2022-11-22 02:00:00,6190.063,6169.73
6062,2022-11-22 03:00:00,5988.21,6000.77
6063,2022-11-22 04:00:00,6096.5825,6197.63
6064,2022-11-22 05:00:00,6630.595,6812.31
6065,2022-11-22 06:00:00,7328.2437,7236.68
6066,2022-11-22 07:00:00,6977.71,6929.45
6067,2022-11-22 08:00:00,6331.573,6124.5
6068,2022-11-22 09:00:00,5772.828,5330.76
6069,2022-11-22 10:00:00,5069.8843,5040.32
6070,2022-11-22 11:00:00,4913.8174,4821.13
6071,2022-11-22 12:00:00,4759.59,4944.88
6072,2022-11-22 13:00:00,4956.1973,5057.72
6073,2022-11-22 14:00:00,5285.303,5232.64
6074,2022-11-22 15:00:00,5855.478,5814.88
6075,2022-11-22 16:00:00,6638.3643,6656.81
6076,2022-11-22 17:00:00,7610.72,7567.35
6077,2022-11-22 18:00:00,8024.655,8086.07
6078,2022-11-22 19:00:00,8115.3833,8206.92
6079,2022-11-22 20:00:00,7913.143,7928.02
6080,2022-11-22 21:00:00,7496.567,7435.86
6081,2022-11-22 22:00:00,7290.628,7281.91
6082,2022-11-22 23:00:00,7141.4375,7124.72
6083,2022-11-23 00:00:00,6936.949,6995.22
6084,2022-11-23 01:00:00,6643.263,6615.5
6085,2022-11-23 02:00:00,6190.7363,6135.19
6086,2022-11-23 03:00:00,5958.687,5936.44
6087,2022-11-23 04:00:00,6096.9556,6088.25
6088,2022-11-23 05:00:00,6610.985,6619.95
6089,2022-11-23 06:00:00,7141.0933,7004.84
6090,2022-11-23 07:00:00,6808.233,6782.94
6091,2022-11-23 08:00:00,6167.05,6132.43
6092,2022-11-23 09:00:00,5550.814,5647.5
6093,2022-11-23 10:00:00,5338.2495,5312.61
6094,2022-11-23 11:00:00,5135.3823,5155.77
6095,2022-11-23 12:00:00,5102.5566,5064.62
6096,2022-11-23 13:00:00,5096.483,5266.39
6097,2022-11-23 14:00:00,5388.3486,5610.36
6098,2022-11-23 15:00:00,6145.0093,6140.48
6099,2022-11-23 16:00:00,6883.299,6813.36
6100,2022-11-23 17:00:00,7690.283,7731.15
6101,2022-11-23 18:00:00,8155.3345,8135.44
6102,2022-11-23 19:00:00,8191.5312,8056.56
6103,2022-11-23 20:00:00,7772.4985,8051.75
6104,2022-11-23 21:00:00,7552.0996,7624.06
6105,2022-11-23 22:00:00,7363.525,7426.55
6106,2022-11-23 23:00:00,7251.3735,7231.6
6107,2022-11-24 00:00:00,7018.062,7113.68
6108,2022-11-24 01:00:00,6683.9277,6616.62
6109,2022-11-24 02:00:00,6170.498,6206.17
6110,2022-11-24 03:00:00,6004.2896,6040.92
6111,2022-11-24 04:00:00,6150.676,6146.52
6112,2022-11-24 05:00:00,6634.6562,6691.17
6113,2022-11-24 06:00:00,7129.759,7091.16
6114,2022-11-24 07:00:00,6838.6514,6840.2
6115,2022-11-24 08:00:00,6126.3574,6176.24
6116,2022-11-24 09:00:00,5610.806,5531.43
6117,2022-11-24 10:00:00,5219.09,5388.46
6118,2022-11-24 11:00:00,5240.7764,5242.88
6119,2022-11-24 12:00:00,5210.446,5305.63
6120,2022-11-24 13:00:00,5374.794,5495.9
6121,2022-11-24 14:00:00,5706.6025,5634.67
6122,2022-11-24 15:00:00,6117.59,6228.62
6123,2022-11-24 16:00:00,6910.7285,7034.26
6124,2022-11-24 17:00:00,7799.3745,7806.32
6125,2022-11-24 18:00:00,8177.838,8152.95
6126,2022-11-24 19:00:00,8153.279,8234.24
6127,2022-11-24 20:00:00,7969.4746,8148.27
6128,2022-11-24 21:00:00,7649.801,7670.95
6129,2022-11-24 22:00:00,7425.4756,7406.66
6130,2022-11-24 23:00:00,7269.7324,7307.1
6131,2022-11-25 00:00:00,7066.811,7106.65
6132,2022-11-25 01:00:00,6685.3623,6616.34
6133,2022-11-25 02:00:00,6178.4717,6189.43
6134,2022-11-25 03:00:00,6002.9204,6057.5
6135,2022-11-25 04:00:00,6189.234,6216.81
6136,2022-11-25 05:00:00,6684.536,6560.12
6137,2022-11-25 06:00:00,6996.594,7017.06
6138,2022-11-25 07:00:00,6827.8286,6931.7
6139,2022-11-25 08:00:00,6225.0156,6435.48
6140,2022-11-25 09:00:00,5916.2363,6155.95
6141,2022-11-25 10:00:00,5852.8706,5968.54
6142,2022-11-25 11:00:00,5805.44,5682.25
6143,2022-11-25 12:00:00,5647.2324,5711.0
6144,2022-11-25 13:00:00,5857.7764,5711.55
6145,2022-11-25 14:00:00,5925.2837,5786.43
6146,2022-11-25 15:00:00,6366.3276,6395.26
6147,2022-11-25 16:00:00,7075.37,7199.57
6148,2022-11-25 17:00:00,7875.067,7878.65
6149,2022-11-25 18:00:00,8202.179,7917.83
6150,2022-11-25 19:00:00,7995.272,8004.79
6151,2022-11-25 20:00:00,7872.484,7875.13
6152,2022-11-25 21:00:00,7519.0527,7653.89
6153,2022-11-25 22:00:00,7383.9736,7484.93
6154,2022-11-25 23:00:00,7322.305,7191.87
6155,2022-11-26 00:00:00,6957.061,7087.06
6156,2022-11-26 01:00:00,6661.9463,6523.29
6157,2022-11-26 02:00:00,6141.0093,6088.5
6158,2022-11-26 03:00:00,5964.881,5922.08
6159,2022-11-26 04:00:00,6006.2217,5930.17
6160,2022-11-26 05:00:00,6047.4106,6050.68
6161,2022-11-26 06:00:00,6139.83,6175.13
6162,2022-11-26 07:00:00,6069.355,6115.27
6163,2022-11-26 08:00:00,5622.9214,6022.68
6164,2022-11-26 09:00:00,5542.108,5517.89
6165,2022-11-26 10:00:00,5257.4795,5201.39
6166,2022-11-26 11:00:00,5061.5254,4812.95
6167,2022-11-26 12:00:00,4708.1177,4577.1
6168,2022-11-26 13:00:00,4637.6685,4624.58
6169,2022-11-26 14:00:00,4840.4883,4928.65
6170,2022-11-26 15:00:00,5487.81,5520.09
6171,2022-11-26 16:00:00,6325.6387,6415.52
6172,2022-11-26 17:00:00,7148.639,7040.87
6173,2022-11-26 18:00:00,7553.833,7332.67
6174,2022-11-26 19:00:00,7461.3833,7524.63
6175,2022-11-26 20:00:00,7443.4604,7480.43
6176,2022-11-26 21:00:00,7247.9873,7110.65
6177,2022-11-26 22:00:00,6956.5864,7003.64
6178,2022-11-26 23:00:00,6854.6313,6825.88
6179,2022-11-27 00:00:00,6634.9424,6561.27
6180,2022-11-27 01:00:00,6246.4844,6206.77
6181,2022-11-27 02:00:00,5851.1367,5852.41
6182,2022-11-27 03:00:00,5731.8887,5797.0
6183,2022-11-27 04:00:00,5797.078,5716.99
6184,2022-11-27 05:00:00,5737.4077,5721.94
6185,2022-11-27 06:00:00,5731.9307,5787.42
6186,2022-11-27 07:00:00,5740.145,5850.31
6187,2022-11-27 08:00:00,5562.5376,6021.58
6188,2022-11-27 09:00:00,5961.069,5829.35
6189,2022-11-27 10:00:00,5421.621,6254.0
6190,2022-11-27 11:00:00,6350.2544,5858.71
6191,2022-11-27 12:00:00,5574.284,5667.67
6192,2022-11-27 13:00:00,5660.708,5994.14
6193,2022-11-27 14:00:00,6368.835,6010.98
6194,2022-11-27 15:00:00,6551.9277,6754.96
6195,2022-11-27 16:00:00,7247.875,7270.11
6196,2022-11-27 17:00:00,7905.0576,7922.69
6197,2022-11-27 18:00:00,8160.9517,8367.4
6198,2022-11-27 19:00:00,8251.11,7811.28
6199,2022-11-27 20:00:00,7622.321,7855.81
6200,2022-11-27 21:00:00,7450.257,7370.25
6201,2022-11-27 22:00:00,7158.3364,7243.45
6202,2022-11-27 23:00:00,7046.3364,6913.44
6203,2022-11-28 00:00:00,6671.406,6700.26
6204,2022-11-28 01:00:00,6258.871,6345.16
6205,2022-11-28 02:00:00,5999.5327,6035.06
6206,2022-11-28 03:00:00,5930.9106,5915.8
6207,2022-11-28 04:00:00,6025.683,6176.03
6208,2022-11-28 05:00:00,6566.022,6633.79
6209,2022-11-28 06:00:00,7133.4976,7072.22
6210,2022-11-28 07:00:00,6912.741,7355.78
6211,2022-11-28 08:00:00,6755.636,7132.02
6212,2022-11-28 09:00:00,6470.3438,6962.28
6213,2022-11-28 10:00:00,6580.525,6517.74
6214,2022-11-28 11:00:00,6231.0156,6173.27
6215,2022-11-28 12:00:00,6016.9155,6003.58
6216,2022-11-28 13:00:00,6004.8237,6089.19
6217,2022-11-28 14:00:00,6189.913,6229.45
6218,2022-11-28 15:00:00,6570.017,6525.35
6219,2022-11-28 16:00:00,7190.348,7240.29
6220,2022-11-28 17:00:00,7921.321,7969.77
6221,2022-11-28 18:00:00,8304.451,8201.38
6222,2022-11-28 19:00:00,8136.886,8107.77
6223,2022-11-28 20:00:00,7826.361,7978.11
6224,2022-11-28 21:00:00,7579.884,7635.02
6225,2022-11-28 22:00:00,7377.6265,7458.51
6226,2022-11-28 23:00:00,7228.313,7301.16
6227,2022-11-29 00:00:00,7020.393,7137.35
6228,2022-11-29 01:00:00,6683.795,6492.16
6229,2022-11-29 02:00:00,6143.0596,6224.01
6230,2022-11-29 03:00:00,6087.2856,6019.72
6231,2022-11-29 04:00:00,6175.342,6241.05
6232,2022-11-29 05:00:00,6670.4546,6716.04
6233,2022-11-29 06:00:00,7173.9927,7129.6
6234,2022-11-29 07:00:00,7051.0566,6963.58
6235,2022-11-29 08:00:00,6376.2393,6420.96
6236,2022-11-29 09:00:00,6131.739,5859.68
6237,2022-11-29 10:00:00,5767.642,5583.91
6238,2022-11-29 11:00:00,5481.3467,5467.15
6239,2022-11-29 12:00:00,5461.1626,5378.88
6240,2022-11-29 13:00:00,5494.733,5364.75
6241,2022-11-29 14:00:00,5526.4795,5559.76
6242,2022-11-29 15:00:00,6137.0176,6242.83
6243,2022-11-29 16:00:00,7013.0337,7197.53
6244,2022-11-29 17:00:00,7935.0854,8101.45
6245,2022-11-29 18:00:00,8277.15,8216.83
6246,2022-11-29 19:00:00,8147.2407,8084.2
6247,2022-11-29 20:00:00,7842.5757,7995.19
6248,2022-11-29 21:00:00,7594.4136,7544.11
6249,2022-11-29 22:00:00,7333.339,7457.33
6250,2022-11-29 23:00:00,7227.9893,7212.8
6251,2022-11-30 00:00:00,6977.563,7105.78
6252,2022-11-30 01:00:00,6559.9917,6618.27
6253,2022-11-30 02:00:00,6177.326,6274.49
6254,2022-11-30 03:00:00,6080.963,6141.05
6255,2022-11-30 04:00:00,6280.491,6289.04
6256,2022-11-30 05:00:00,6737.0986,6734.02
6257,2022-11-30 06:00:00,7196.0044,7355.05
6258,2022-11-30 07:00:00,7023.6895,7363.42
6259,2022-11-30 08:00:00,6644.4087,7182.32
6260,2022-11-30 09:00:00,6438.145,7039.05
6261,2022-11-30 10:00:00,6585.7812,6714.71
6262,2022-11-30 11:00:00,6313.1094,6619.33
6263,2022-11-30 12:00:00,6482.654,6302.24
6264,2022-11-30 13:00:00,6318.1514,6517.22
6265,2022-11-30 14:00:00,6543.299,6614.14
6266,2022-11-30 15:00:00,6994.846,6838.94
6267,2022-11-30 16:00:00,7506.437,7251.89
6268,2022-11-30 17:00:00,7974.3574,8028.41
6269,2022-11-30 18:00:00,8274.242,8160.2
6270,2022-11-30 19:00:00,8108.1875,8073.0
6271,2022-11-30 20:00:00,7902.4346,7954.13
6272,2022-11-30 21:00:00,7580.3423,7603.16
6273,2022-11-30 22:00:00,7392.455,7530.2
6274,2022-11-30 23:00:00,7285.009,7332.2
6275,2022-12-01 00:00:00,7072.938,7122.0
6276,2022-12-01 01:00:00,6605.6245,6759.34
6277,2022-12-01 02:00:00,6337.031,6271.51
6278,2022-12-01 03:00:00,6132.069,6166.67
6279,2022-12-01 04:00:00,6306.308,6269.24
6280,2022-12-01 05:00:00,6739.181,6700.45
6281,2022-12-01 06:00:00,7234.8745,7332.98
6282,2022-12-01 07:00:00,7146.05,7515.99
6283,2022-12-01 08:00:00,7001.2485,7423.13
6284,2022-12-01 09:00:00,6817.5405,7111.76
6285,2022-12-01 10:00:00,6621.898,7182.59
6286,2022-12-01 11:00:00,6801.589,7047.69
6287,2022-12-01 12:00:00,6783.3687,6813.98
6288,2022-12-01 13:00:00,6765.32,6472.98
6289,2022-12-01 14:00:00,6649.2827,6558.08
6290,2022-12-01 15:00:00,6922.6475,6805.96
6291,2022-12-01 16:00:00,7411.1426,7328.46
6292,2022-12-01 17:00:00,8018.7876,7905.57
6293,2022-12-01 18:00:00,8188.4873,8042.52
6294,2022-12-01 19:00:00,8084.1675,8106.05
6295,2022-12-01 20:00:00,7952.4575,8126.85
6296,2022-12-01 21:00:00,7750.8745,7635.96
6297,2022-12-01 22:00:00,7466.003,7544.75
6298,2022-12-01 23:00:00,7372.5757,7332.97
6299,2022-12-02 00:00:00,7164.5737,7196.67
6300,2022-12-02 01:00:00,6766.2773,6734.12
6301,2022-12-02 02:00:00,6320.01,6314.71
6302,2022-12-02 03:00:00,6174.5537,6119.06
6303,2022-12-02 04:00:00,6271.1577,6268.89
6304,2022-12-02 05:00:00,6704.2964,6726.93
6305,2022-12-02 06:00:00,7246.76,7369.1
6306,2022-12-02 07:00:00,7453.491,7199.61
6307,2022-12-02 08:00:00,6747.439,6951.35
6308,2022-12-02 09:00:00,6604.823,6660.98
6309,2022-12-02 10:00:00,6391.5513,6392.78
6310,2022-12-02 11:00:00,6183.245,6277.22
6311,2022-12-02 12:00:00,6170.6816,6252.51
6312,2022-12-02 13:00:00,6316.4507,6228.35
6313,2022-12-02 14:00:00,6373.925,6193.31
6314,2022-12-02 15:00:00,6554.331,6488.1
6315,2022-12-02 16:00:00,7125.29,7082.13
6316,2022-12-02 17:00:00,7815.254,7620.2
6317,2022-12-02 18:00:00,7973.583,7791.66
6318,2022-12-02 19:00:00,7877.0806,7983.19
6319,2022-12-02 20:00:00,7866.507,7858.06
6320,2022-12-02 21:00:00,7559.9155,7644.17
6321,2022-12-02 22:00:00,7434.946,7553.78
6322,2022-12-02 23:00:00,7337.8027,7377.89
6323,2022-12-03 00:00:00,7159.8213,7161.38
6324,2022-12-03 01:00:00,6677.067,6675.19
6325,2022-12-03 02:00:00,6243.4346,6337.98
6326,2022-12-03 03:00:00,6133.4077,6067.57
6327,2022-12-03 04:00:00,6128.2393,6090.05
6328,2022-12-03 05:00:00,6225.181,6265.54
6329,2022-12-03 06:00:00,6431.175,6324.02
6330,2022-12-03 07:00:00,6316.2637,6152.49
6331,2022-12-03 08:00:00,5931.4805,5941.63
6332,2022-12-03 09:00:00,5502.967,5655.43
6333,2022-12-03 10:00:00,5358.6514,5411.03
6334,2022-12-03 11:00:00,5234.097,5097.45
6335,2022-12-03 12:00:00,4961.59,5005.4
6336,2022-12-03 13:00:00,5023.6533,5121.44
6337,2022-12-03 14:00:00,5370.149,5217.53
6338,2022-12-03 15:00:00,5759.37,5470.42
6339,2022-12-03 16:00:00,6289.377,6253.24
6340,2022-12-03 17:00:00,6994.9556,7028.42
6341,2022-12-03 18:00:00,7416.3057,7493.92
6342,2022-12-03 19:00:00,7623.024,7681.44
6343,2022-12-03 20:00:00,7583.6494,7560.57
6344,2022-12-03 21:00:00,7292.885,7435.21
6345,2022-12-03 22:00:00,7193.183,7289.29
6346,2022-12-03 23:00:00,7083.642,7059.33
6347,2022-12-04 00:00:00,6798.3877,6781.52
6348,2022-12-04 01:00:00,6450.5493,6379.41
6349,2022-12-04 02:00:00,6008.5205,6032.59
6350,2022-12-04 03:00:00,5891.67,5880.92
6351,2022-12-04 04:00:00,5829.6436,5859.57
6352,2022-12-04 05:00:00,5869.052,5984.44
6353,2022-12-04 06:00:00,5999.2773,6007.06
6354,2022-12-04 07:00:00,5993.369,5801.96
6355,2022-12-04 08:00:00,5636.8945,5669.47
6356,2022-12-04 09:00:00,5378.949,5430.82
6357,2022-12-04 10:00:00,5110.7715,5229.85
6358,2022-12-04 11:00:00,5022.5767,5160.15
6359,2022-12-04 12:00:00,5127.065,5062.8
6360,2022-12-04 13:00:00,5181.0273,4961.68
6361,2022-12-04 14:00:00,5188.817,5081.84
6362,2022-12-04 15:00:00,5572.9707,5660.9
6363,2022-12-04 16:00:00,6423.7227,6448.78
6364,2022-12-04 17:00:00,7177.486,7360.25
6365,2022-12-04 18:00:00,7719.877,7784.43
6366,2022-12-04 19:00:00,7792.4956,7769.3
6367,2022-12-04 20:00:00,7625.2383,7738.78
6368,2022-12-04 21:00:00,7409.2505,7417.0
6369,2022-12-04 22:00:00,7201.9814,7101.11
6370,2022-12-04 23:00:00,6947.0894,6936.49
6371,2022-12-05 00:00:00,6711.48,6740.38
6372,2022-12-05 01:00:00,6371.5215,6318.03
6373,2022-12-05 02:00:00,5991.9487,5976.71
6374,2022-12-05 03:00:00,5840.33,5855.74
6375,2022-12-05 04:00:00,5936.207,6066.22
6376,2022-12-05 05:00:00,6447.788,6514.88
6377,2022-12-05 06:00:00,6989.7,7004.09
6378,2022-12-05 07:00:00,7055.645,6891.02
6379,2022-12-05 08:00:00,6488.2104,6420.89
6380,2022-12-05 09:00:00,5916.033,6104.71
6381,2022-12-05 10:00:00,5781.522,5937.18
6382,2022-12-05 11:00:00,5810.6577,6114.37
6383,2022-12-05 12:00:00,6075.5654,6387.44
6384,2022-12-05 13:00:00,6443.0854,6867.68
6385,2022-12-05 14:00:00,6997.5063,7381.95
6386,2022-12-05 15:00:00,7728.5933,8718.34
6387,2022-12-05 16:00:00,8972.525,8929.98
6388,2022-12-05 17:00:00,9103.391,9567.92
6389,2022-12-05 18:00:00,9548.215,9471.86
6390,2022-12-05 19:00:00,9179.619,9052.88
6391,2022-12-05 20:00:00,8608.779,8711.37
6392,2022-12-05 21:00:00,8468.453,8122.82
6393,2022-12-05 22:00:00,7930.195,7845.02
6394,2022-12-05 23:00:00,7650.33,7528.2
6395,2022-12-06 00:00:00,7292.537,7332.63
6396,2022-12-06 01:00:00,6831.388,6798.62
6397,2022-12-06 02:00:00,6452.0005,6388.28
6398,2022-12-06 03:00:00,6247.0474,6277.17
6399,2022-12-06 04:00:00,6435.055,6376.09
6400,2022-12-06 05:00:00,6818.857,6676.29
6401,2022-12-06 06:00:00,7128.591,7181.91
6402,2022-12-06 07:00:00,7094.4033,6980.75
6403,2022-12-06 08:00:00,6510.103,6668.5
6404,2022-12-06 09:00:00,6281.9927,6364.5
6405,2022-12-06 10:00:00,6173.7207,6280.4
6406,2022-12-06 11:00:00,6208.696,6086.08
6407,2022-12-06 12:00:00,6072.158,6030.95
6408,2022-12-06 13:00:00,6136.75,6191.17
6409,2022-12-06 14:00:00,6446.0605,6345.86
6410,2022-12-06 15:00:00,6965.871,6688.65
6411,2022-12-06 16:00:00,7455.823,7305.85
6412,2022-12-06 17:00:00,7902.3535,8022.37
6413,2022-12-06 18:00:00,8161.123,8305.9
6414,2022-12-06 19:00:00,8215.305,8186.54
6415,2022-12-06 20:00:00,7914.576,8173.24
6416,2022-12-06 21:00:00,7791.096,7521.49
6417,2022-12-06 22:00:00,7365.1367,7534.52
6418,2022-12-06 23:00:00,7381.513,7260.7
6419,2022-12-07 00:00:00,7050.9683,7125.23
6420,2022-12-07 01:00:00,6668.703,6606.09
6421,2022-12-07 02:00:00,6294.095,6275.67
6422,2022-12-07 03:00:00,6181.408,6132.11
6423,2022-12-07 04:00:00,6265.0825,6120.27
6424,2022-12-07 05:00:00,6565.4824,6492.63
6425,2022-12-07 06:00:00,7038.149,7018.81
6426,2022-12-07 07:00:00,6969.323,6875.88
6427,2022-12-07 08:00:00,6430.1006,6384.37
6428,2022-12-07 09:00:00,5950.7817,6038.74
6429,2022-12-07 10:00:00,5715.252,6283.75
6430,2022-12-07 11:00:00,6183.739,6709.66
6431,2022-12-07 12:00:00,6733.1924,6766.34
6432,2022-12-07 13:00:00,6884.426,7424.5
6433,2022-12-07 14:00:00,7832.3765,7503.53
6434,2022-12-07 15:00:00,7813.1494,7836.9
6435,2022-12-07 16:00:00,8337.682,7966.03
6436,2022-12-07 17:00:00,8285.012,8321.04
6437,2022-12-07 18:00:00,8427.301,8318.08
6438,2022-12-07 19:00:00,8204.366,8215.08
6439,2022-12-07 20:00:00,7977.2617,8082.19
6440,2022-12-07 21:00:00,7792.65,7528.53
6441,2022-12-07 22:00:00,7388.463,7446.39
6442,2022-12-07 23:00:00,7323.7773,7128.83
6443,2022-12-08 00:00:00,6969.043,6905.78
6444,2022-12-08 01:00:00,6499.0312,6461.29
6445,2022-12-08 02:00:00,6218.9062,6098.4
6446,2022-12-08 03:00:00,6053.708,6043.78
6447,2022-12-08 04:00:00,6246.2524,6164.86
6448,2022-12-08 05:00:00,6642.1494,6505.5
6449,2022-12-08 06:00:00,6951.0923,7043.62
6450,2022-12-08 07:00:00,6921.3975,6910.53
6451,2022-12-08 08:00:00,6554.7676,6241.42
6452,2022-12-08 09:00:00,5844.199,5630.46
6453,2022-12-08 10:00:00,5442.2324,5556.09
6454,2022-12-08 11:00:00,5440.9727,5312.16
6455,2022-12-08 12:00:00,5272.1733,5204.95
6456,2022-12-08 13:00:00,5297.112,5345.1
6457,2022-12-08 14:00:00,5567.8096,5488.62
6458,2022-12-08 15:00:00,6002.297,6008.4
6459,2022-12-08 16:00:00,6805.103,6631.27
6460,2022-12-08 17:00:00,7318.0283,7518.09
6461,2022-12-08 18:00:00,7776.797,8014.78
6462,2022-12-08 19:00:00,8021.5776,7936.46
6463,2022-12-08 20:00:00,7768.5312,7992.64
6464,2022-12-08 21:00:00,7539.612,7690.57
6465,2022-12-08 22:00:00,7448.0127,7504.94
6466,2022-12-08 23:00:00,7314.7983,7176.05
6467,2022-12-09 00:00:00,6935.9917,7050.66
6468,2022-12-09 01:00:00,6583.312,6575.43
6469,2022-12-09 02:00:00,6223.587,6069.06
6470,2022-12-09 03:00:00,5931.692,6087.57
6471,2022-12-09 04:00:00,6190.177,6169.13
6472,2022-12-09 05:00:00,6530.036,6530.89
6473,2022-12-09 06:00:00,6939.8887,7138.67
6474,2022-12-09 07:00:00,6965.871,7132.13
6475,2022-12-09 08:00:00,6668.9136,6692.03
6476,2022-12-09 09:00:00,6248.337,6308.08
6477,2022-12-09 10:00:00,6125.8823,6094.58
6478,2022-12-09 11:00:00,6001.0396,5815.92
6479,2022-12-09 12:00:00,5785.39,5471.12
6480,2022-12-09 13:00:00,5450.2676,5552.48
6481,2022-12-09 14:00:00,5710.9194,5557.66
6482,2022-12-09 15:00:00,5914.2812,6044.61
6483,2022-12-09 16:00:00,6718.9844,6666.21
6484,2022-12-09 17:00:00,7387.6777,7398.64
6485,2022-12-09 18:00:00,7775.272,7552.33
6486,2022-12-09 19:00:00,7622.5625,7662.38
6487,2022-12-09 20:00:00,7544.9004,7691.89
6488,2022-12-09 21:00:00,7461.5137,7323.11
6489,2022-12-09 22:00:00,7184.66,7278.93
6490,2022-12-09 23:00:00,7098.281,7223.74
6491,2022-12-10 00:00:00,6966.6807,7007.93
6492,2022-12-10 01:00:00,6555.3,6474.6
6493,2022-12-10 02:00:00,6126.672,6089.03
6494,2022-12-10 03:00:00,5997.814,5964.35
6495,2022-12-10 04:00:00,5988.096,5988.77
6496,2022-12-10 05:00:00,6116.016,6149.55
6497,2022-12-10 06:00:00,6215.088,6299.3
6498,2022-12-10 07:00:00,6163.8936,6418.07
6499,2022-12-10 08:00:00,6181.402,6145.4
6500,2022-12-10 09:00:00,5698.03,5887.56
6501,2022-12-10 10:00:00,5542.6377,5901.18
6502,2022-12-10 11:00:00,5648.694,5950.3
6503,2022-12-10 12:00:00,5855.38,5573.93
6504,2022-12-10 13:00:00,5606.6895,5452.79
6505,2022-12-10 14:00:00,5548.66,5363.2
6506,2022-12-10 15:00:00,5640.085,5615.1
6507,2022-12-10 16:00:00,6324.3594,6213.23
6508,2022-12-10 17:00:00,7015.6763,6991.62
6509,2022-12-10 18:00:00,7452.0996,7370.49
6510,2022-12-10 19:00:00,7517.1646,7394.25
6511,2022-12-10 20:00:00,7376.6187,7380.13
6512,2022-12-10 21:00:00,7190.1655,7122.29
6513,2022-12-10 22:00:00,7011.8276,6992.51
6514,2022-12-10 23:00:00,6890.121,6767.02
6515,2022-12-11 00:00:00,6636.4087,6652.65
6516,2022-12-11 01:00:00,6291.41,6243.66
6517,2022-12-11 02:00:00,5946.07,5918.4
6518,2022-12-11 03:00:00,5777.2173,5827.99
6519,2022-12-11 04:00:00,5803.4277,5808.49
6520,2022-12-11 05:00:00,5866.448,5860.45
6521,2022-12-11 06:00:00,5886.495,5930.78
6522,2022-12-11 07:00:00,5861.658,5752.21
6523,2022-12-11 08:00:00,5567.6206,5355.08
6524,2022-12-11 09:00:00,5123.424,4949.71
6525,2022-12-11 10:00:00,4677.106,4689.03
6526,2022-12-11 11:00:00,4477.437,4749.81
6527,2022-12-11 12:00:00,4679.445,4696.02
6528,2022-12-11 13:00:00,4751.931,5081.32
6529,2022-12-11 14:00:00,5329.659,5501.05
6530,2022-12-11 15:00:00,6019.7114,6228.16
6531,2022-12-11 16:00:00,6981.107,7223.49
6532,2022-12-11 17:00:00,7674.9575,7920.7
6533,2022-12-11 18:00:00,8034.3105,8554.92
6534,2022-12-11 19:00:00,8428.126,8336.78
6535,2022-12-11 20:00:00,8082.143,8388.26
6536,2022-12-11 21:00:00,7948.7905,7860.81
6537,2022-12-11 22:00:00,7614.0156,7536.03
6538,2022-12-11 23:00:00,7307.6187,7157.11
6539,2022-12-12 00:00:00,6938.629,6920.74
6540,2022-12-12 01:00:00,6488.803,6421.11
6541,2022-12-12 02:00:00,6063.8374,6271.93
6542,2022-12-12 03:00:00,6169.9917,6169.79
6543,2022-12-12 04:00:00,6261.152,6213.98
6544,2022-12-12 05:00:00,6543.291,6631.27
6545,2022-12-12 06:00:00,7143.897,7449.54
6546,2022-12-12 07:00:00,7285.7007,7887.36
6547,2022-12-12 08:00:00,7408.9746,7868.15
6548,2022-12-12 09:00:00,7359.6455,8549.03
6549,2022-12-12 10:00:00,8387.727,7952.9
6550,2022-12-12 11:00:00,7611.447,8351.21
6551,2022-12-12 12:00:00,8319.03,7089.23
6552,2022-12-12 13:00:00,6780.79,7290.04
6553,2022-12-12 14:00:00,7484.061,7018.71
6554,2022-12-12 15:00:00,7306.6626,6986.49
6555,2022-12-12 16:00:00,7433.524,7530.8
6556,2022-12-12 17:00:00,8198.773,7940.87
6557,2022-12-12 18:00:00,8317.254,8290.03
6558,2022-12-12 19:00:00,8303.646,8153.58
6559,2022-12-12 20:00:00,8038.1465,7992.51
6560,2022-12-12 21:00:00,7654.129,7668.38
6561,2022-12-12 22:00:00,7461.775,7467.02
6562,2022-12-12 23:00:00,7238.494,7283.46
6563,2022-12-13 00:00:00,7088.255,7055.43
6564,2022-12-13 01:00:00,6592.608,6611.53
6565,2022-12-13 02:00:00,6268.67,6164.49
6566,2022-12-13 03:00:00,6080.166,6059.95
6567,2022-12-13 04:00:00,6124.0923,6143.32
6568,2022-12-13 05:00:00,6535.116,6455.93
6569,2022-12-13 06:00:00,6999.706,7030.77
6570,2022-12-13 07:00:00,7162.786,6858.71
6571,2022-12-13 08:00:00,6408.497,6248.19
6572,2022-12-13 09:00:00,5787.645,5722.22
6573,2022-12-13 10:00:00,5493.0625,5377.09
6574,2022-12-13 11:00:00,5205.057,5278.92
6575,2022-12-13 12:00:00,5242.318,5306.59
6576,2022-12-13 13:00:00,5429.732,5291.5
6577,2022-12-13 14:00:00,5455.828,5530.09
6578,2022-12-13 15:00:00,6100.9263,6180.91
6579,2022-12-13 16:00:00,6988.362,6875.77
6580,2022-12-13 17:00:00,7608.7285,7841.44
6581,2022-12-13 18:00:00,8185.42,8286.15
6582,2022-12-13 19:00:00,8230.55,8199.87
6583,2022-12-13 20:00:00,8044.1265,8060.53
6584,2022-12-13 21:00:00,7632.948,7694.05
6585,2022-12-13 22:00:00,7456.7754,7481.8
6586,2022-12-13 23:00:00,7286.4194,7220.53
6587,2022-12-14 00:00:00,7037.061,6986.71
6588,2022-12-14 01:00:00,6485.619,6556.33
6589,2022-12-14 02:00:00,6187.9937,6100.88
6590,2022-12-14 03:00:00,6019.6323,6000.55
6591,2022-12-14 04:00:00,6100.5894,6031.65
6592,2022-12-14 05:00:00,6410.668,6590.03
6593,2022-12-14 06:00:00,7086.5596,7028.42
6594,2022-12-14 07:00:00,6891.926,6925.29
6595,2022-12-14 08:00:00,6347.654,6599.4
6596,2022-12-14 09:00:00,6075.511,6320.09
6597,2022-12-14 10:00:00,5992.2417,5716.53
6598,2022-12-14 11:00:00,5490.167,5295.02
6599,2022-12-14 12:00:00,5272.4927,5006.84
6600,2022-12-14 13:00:00,5077.88,5072.97
6601,2022-12-14 14:00:00,5275.8433,5310.06
6602,2022-12-14 15:00:00,5830.908,5695.73
6603,2022-12-14 16:00:00,6469.142,6473.02
6604,2022-12-14 17:00:00,7351.825,7348.46
6605,2022-12-14 18:00:00,7796.2163,7816.84
6606,2022-12-14 19:00:00,7905.273,7910.23
6607,2022-12-14 20:00:00,7880.0776,7967.52
6608,2022-12-14 21:00:00,7619.48,7651.37
6609,2022-12-14 22:00:00,7419.99,7543.4
6610,2022-12-14 23:00:00,7315.54,7333.56
6611,2022-12-15 00:00:00,7064.225,7084.7
6612,2022-12-15 01:00:00,6564.458,6669.56
6613,2022-12-15 02:00:00,6223.232,6199.29
6614,2022-12-15 03:00:00,6053.9307,6059.73
6615,2022-12-15 04:00:00,6088.397,6331.69
6616,2022-12-15 05:00:00,6645.338,6762.17
6617,2022-12-15 06:00:00,7182.323,7140.31
6618,2022-12-15 07:00:00,7025.5156,6852.94
6619,2022-12-15 08:00:00,6358.5825,6216.37
6620,2022-12-15 09:00:00,5714.5806,5639.58
6621,2022-12-15 10:00:00,5386.9536,5325.65
6622,2022-12-15 11:00:00,5091.6553,5162.45
6623,2022-12-15 12:00:00,5123.332,5283.17
6624,2022-12-15 13:00:00,5356.767,5509.77
6625,2022-12-15 14:00:00,5694.342,5813.76
6626,2022-12-15 15:00:00,6334.42,6252.93
6627,2022-12-15 16:00:00,6982.304,6817.29
6628,2022-12-15 17:00:00,7640.565,7630.33
6629,2022-12-15 18:00:00,7983.263,7973.58
6630,2022-12-15 19:00:00,8014.3813,7993.8
6631,2022-12-15 20:00:00,7936.5244,8140.24
6632,2022-12-15 21:00:00,7668.839,7693.92
6633,2022-12-15 22:00:00,7502.482,7424.05
6634,2022-12-15 23:00:00,7231.344,7284.28
6635,2022-12-16 00:00:00,7051.7925,7003.85
6636,2022-12-16 01:00:00,6594.359,6606.96
6637,2022-12-16 02:00:00,6212.8643,6100.9
6638,2022-12-16 03:00:00,6028.069,6071.33
6639,2022-12-16 04:00:00,6176.666,6268.91
6640,2022-12-16 05:00:00,6643.503,6693.02
6641,2022-12-16 06:00:00,7124.9927,7333.07
6642,2022-12-16 07:00:00,7077.045,7304.4
6643,2022-12-16 08:00:00,6738.043,6843.88
6644,2022-12-16 09:00:00,6326.1323,6458.9
6645,2022-12-16 10:00:00,6125.328,5978.8
6646,2022-12-16 11:00:00,5689.9546,5815.94
6647,2022-12-16 12:00:00,5736.3525,5638.93
6648,2022-12-16 13:00:00,5657.0786,5480.16
6649,2022-12-16 14:00:00,5608.5283,5684.66
6650,2022-12-16 15:00:00,6138.3936,5901.91
6651,2022-12-16 16:00:00,6529.6846,6466.81
6652,2022-12-16 17:00:00,7252.538,7280.53
6653,2022-12-16 18:00:00,7723.477,7703.5
6654,2022-12-16 19:00:00,7855.9023,7653.67
6655,2022-12-16 20:00:00,7614.537,7718.12
6656,2022-12-16 21:00:00,7449.382,7377.94
6657,2022-12-16 22:00:00,7217.709,7439.36
6658,2022-12-16 23:00:00,7243.8726,7229.87
6659,2022-12-17 00:00:00,6980.5605,7074.96
6660,2022-12-17 01:00:00,6560.266,6600.37
6661,2022-12-17 02:00:00,6181.3657,6201.65
6662,2022-12-17 03:00:00,6057.958,5923.27
6663,2022-12-17 04:00:00,5939.458,5901.35
6664,2022-12-17 05:00:00,6061.166,6205.14
6665,2022-12-17 06:00:00,6460.3887,6324.55
6666,2022-12-17 07:00:00,6325.314,6420.37
6667,2022-12-17 08:00:00,6160.5195,6159.91
6668,2022-12-17 09:00:00,5832.6875,6022.59
6669,2022-12-17 10:00:00,5755.594,5999.97
6670,2022-12-17 11:00:00,5761.8394,5606.86
6671,2022-12-17 12:00:00,5395.3887,5507.96
6672,2022-12-17 13:00:00,5480.293,5148.48
6673,2022-12-17 14:00:00,5160.271,5355.08
6674,2022-12-17 15:00:00,5641.2227,5547.01
6675,2022-12-17 16:00:00,6231.496,6219.63
6676,2022-12-17 17:00:00,7064.405,6837.96
6677,2022-12-17 18:00:00,7386.7007,7310.56
6678,2022-12-17 19:00:00,7486.6787,7488.84
6679,2022-12-17 20:00:00,7474.786,7505.18
6680,2022-12-17 21:00:00,7271.726,7180.25
6681,2022-12-17 22:00:00,7073.957,7104.62
6682,2022-12-17 23:00:00,6949.145,6934.12
6683,2022-12-18 00:00:00,6755.0317,6677.3
6684,2022-12-18 01:00:00,6323.08,6314.05
6685,2022-12-18 02:00:00,5984.6323,5904.65
6686,2022-12-18 03:00:00,5803.0586,5854.8
6687,2022-12-18 04:00:00,5881.614,5869.81
6688,2022-12-18 05:00:00,5904.0015,5901.85
6689,2022-12-18 06:00:00,5931.9844,6090.67
6690,2022-12-18 07:00:00,6020.5566,6055.81
6691,2022-12-18 08:00:00,5721.2524,5899.76
6692,2022-12-18 09:00:00,5539.935,5604.04
6693,2022-12-18 10:00:00,5328.2563,5450.38
6694,2022-12-18 11:00:00,5273.486,5285.27
6695,2022-12-18 12:00:00,5145.227,5234.19
6696,2022-12-18 13:00:00,5210.447,5060.99
6697,2022-12-18 14:00:00,5165.656,5065.89
6698,2022-12-18 15:00:00,5296.4033,5148.49
6699,2022-12-18 16:00:00,5752.212,5834.46
6700,2022-12-18 17:00:00,6734.482,6807.62
6701,2022-12-18 18:00:00,7390.167,7400.12
6702,2022-12-18 19:00:00,7551.083,7624.82
6703,2022-12-18 20:00:00,7605.1826,7646.93
6704,2022-12-18 21:00:00,7381.969,7265.22
6705,2022-12-18 22:00:00,7062.895,7174.87
6706,2022-12-18 23:00:00,6991.337,6530.57
6707,2022-12-19 00:00:00,6363.8613,6699.83
6708,2022-12-19 01:00:00,6371.186,6240.41
6709,2022-12-19 02:00:00,5913.3843,5938.54
6710,2022-12-19 03:00:00,5847.6763,5901.18
6711,2022-12-19 04:00:00,5933.4795,6100.24
6712,2022-12-19 05:00:00,6366.625,6509.78
6713,2022-12-19 06:00:00,6971.2,6968.43
6714,2022-12-19 07:00:00,7011.4424,6935.75
6715,2022-12-19 08:00:00,6445.6724,6692.85
6716,2022-12-19 09:00:00,6207.2407,6472.93
6717,2022-12-19 10:00:00,6159.2944,6169.22
6718,2022-12-19 11:00:00,5950.1045,6082.19
6719,2022-12-19 12:00:00,6076.254,5807.47
6720,2022-12-19 13:00:00,5768.848,5595.64
6721,2022-12-19 14:00:00,5687.4893,5715.28
6722,2022-12-19 15:00:00,5943.147,5762.73
6723,2022-12-19 16:00:00,6313.073,6624.4
6724,2022-12-19 17:00:00,7423.1567,7354.79
6725,2022-12-19 18:00:00,7851.1816,7876.22
6726,2022-12-19 19:00:00,7932.3926,7940.58
6727,2022-12-19 20:00:00,7871.116,7943.34
6728,2022-12-19 21:00:00,7548.564,7525.52
6729,2022-12-19 22:00:00,7324.447,7389.58
6730,2022-12-19 23:00:00,7217.674,7308.6
6731,2022-12-20 00:00:00,7084.9434,7147.08
6732,2022-12-20 01:00:00,6767.28,6740.68
6733,2022-12-20 02:00:00,6304.326,6188.64
6734,2022-12-20 03:00:00,5997.7227,6123.23
6735,2022-12-20 04:00:00,6190.3467,6258.99
6736,2022-12-20 05:00:00,6573.334,6636.76
6737,2022-12-20 06:00:00,7118.4683,7102.57
6738,2022-12-20 07:00:00,7093.6675,7134.54
6739,2022-12-20 08:00:00,6764.852,6625.13
6740,2022-12-20 09:00:00,6263.1074,6238.98
6741,2022-12-20 10:00:00,5959.28,6025.79
6742,2022-12-20 11:00:00,5857.3296,6010.36
6743,2022-12-20 12:00:00,5838.661,5780.87
6744,2022-12-20 13:00:00,5729.906,5815.94
6745,2022-12-20 14:00:00,5962.4434,5717.25
6746,2022-12-20 15:00:00,5985.9785,5784.42
6747,2022-12-20 16:00:00,6400.17,6441.85
6748,2022-12-20 17:00:00,7290.08,7418.63
6749,2022-12-20 18:00:00,7947.741,7838.6
6750,2022-12-20 19:00:00,7966.2236,7858.67
6751,2022-12-20 20:00:00,7837.6904,7868.95
6752,2022-12-20 21:00:00,7508.156,7608.48
6753,2022-12-20 22:00:00,7353.7026,7436.62
6754,2022-12-20 23:00:00,7287.3477,7355.62
6755,2022-12-21 00:00:00,7132.668,7083.35
6756,2022-12-21 01:00:00,6738.6187,6611.95
6757,2022-12-21 02:00:00,6171.3164,6279.54
6758,2022-12-21 03:00:00,6120.135,6086.91
6759,2022-12-21 04:00:00,6110.678,6238.62
6760,2022-12-21 05:00:00,6602.7173,6588.73
6761,2022-12-21 06:00:00,7075.2812,6887.82
6762,2022-12-21 07:00:00,6925.8184,6748.97
6763,2022-12-21 08:00:00,6357.342,6282.96
6764,2022-12-21 09:00:00,5995.052,5894.33
6765,2022-12-21 10:00:00,5645.366,5479.21
6766,2022-12-21 11:00:00,5285.9067,5181.69
6767,2022-12-21 12:00:00,5066.164,5058.0
6768,2022-12-21 13:00:00,5042.7695,5176.73
6769,2022-12-21 14:00:00,5310.51,5424.46
6770,2022-12-21 15:00:00,5714.5425,5917.55
6771,2022-12-21 16:00:00,6605.6406,6649.87
6772,2022-12-21 17:00:00,7418.685,7620.61
6773,2022-12-21 18:00:00,7961.9375,7867.14
6774,2022-12-21 19:00:00,7907.8086,7863.89
6775,2022-12-21 20:00:00,7868.55,7862.33
6776,2022-12-21 21:00:00,7464.3164,7674.17
6777,2022-12-21 22:00:00,7462.426,7494.83
6778,2022-12-21 23:00:00,7296.1167,7346.21
6779,2022-12-22 00:00:00,7056.8354,7197.1
6780,2022-12-22 01:00:00,6734.446,6736.06
6781,2022-12-22 02:00:00,6220.9683,6316.02
6782,2022-12-22 03:00:00,6103.9204,6130.26
6783,2022-12-22 04:00:00,6189.11,6179.74
6784,2022-12-22 05:00:00,6546.205,6494.0
6785,2022-12-22 06:00:00,6962.5083,6857.56
6786,2022-12-22 07:00:00,6847.1323,6831.33
6787,2022-12-22 08:00:00,6428.3354,6796.29
6788,2022-12-22 09:00:00,6332.334,6659.78
6789,2022-12-22 10:00:00,6228.937,6464.11
6790,2022-12-22 11:00:00,6191.132,6776.39
6791,2022-12-22 12:00:00,6647.2607,6823.47
6792,2022-12-22 13:00:00,6764.805,6859.24
6793,2022-12-22 14:00:00,6992.1895,6920.85
6794,2022-12-22 15:00:00,7079.4224,7534.9
6795,2022-12-22 16:00:00,8023.8457,7938.69
6796,2022-12-22 17:00:00,8342.674,8227.44
6797,2022-12-22 18:00:00,8390.925,8077.27
6798,2022-12-22 19:00:00,8111.065,7949.39
6799,2022-12-22 20:00:00,7820.2954,8038.47
6800,2022-12-22 21:00:00,7705.5,7643.51
6801,2022-12-22 22:00:00,7454.2383,7535.25
6802,2022-12-22 23:00:00,7380.861,7370.21
6803,2022-12-23 00:00:00,7113.8413,7154.85
6804,2022-12-23 01:00:00,6750.134,6742.75
6805,2022-12-23 02:00:00,6350.3037,6216.63
6806,2022-12-23 03:00:00,6109.795,6024.34
6807,2022-12-23 04:00:00,6106.5684,6099.44
6808,2022-12-23 05:00:00,6497.3486,6388.83
6809,2022-12-23 06:00:00,6841.787,6835.91
6810,2022-12-23 07:00:00,6875.089,6903.86
6811,2022-12-23 08:00:00,6660.0483,6607.14
6812,2022-12-23 09:00:00,6289.2856,6163.96
6813,2022-12-23 10:00:00,5936.2817,6017.42
6814,2022-12-23 11:00:00,5835.565,5993.17
6815,2022-12-23 12:00:00,5836.328,6209.1
6816,2022-12-23 13:00:00,6268.7725,6425.49
6817,2022-12-23 14:00:00,6635.732,6807.36
6818,2022-12-23 15:00:00,7136.4644,7268.41
6819,2022-12-23 16:00:00,7759.6245,7880.85
6820,2022-12-23 17:00:00,8139.56,8304.98
6821,2022-12-23 18:00:00,8372.826,8407.67
6822,2022-12-23 19:00:00,8359.173,8135.36
6823,2022-12-23 20:00:00,7973.0474,8081.2
6824,2022-12-23 21:00:00,7788.7295,7788.9
6825,2022-12-23 22:00:00,7570.779,7600.7
6826,2022-12-23 23:00:00,7407.698,7438.7
6827,2022-12-24 00:00:00,7178.7817,7159.62
6828,2022-12-24 01:00:00,6755.73,6518.24
6829,2022-12-24 02:00:00,6207.919,6180.97
6830,2022-12-24 03:00:00,6088.3765,5916.52
6831,2022-12-24 04:00:00,6015.1587,5942.18
6832,2022-12-24 05:00:00,6174.283,6061.36
6833,2022-12-24 06:00:00,6296.174,6164.96
6834,2022-12-24 07:00:00,6142.998,6106.56
6835,2022-12-24 08:00:00,5927.0913,6060.2
6836,2022-12-24 09:00:00,5877.777,5909.33
6837,2022-12-24 10:00:00,5745.0337,5857.93
6838,2022-12-24 11:00:00,5741.7837,5968.35
6839,2022-12-24 12:00:00,5789.489,6387.97
6840,2022-12-24 13:00:00,6669.8276,6676.96
6841,2022-12-24 14:00:00,6944.237,7107.6
6842,2022-12-24 15:00:00,7518.095,7502.75
6843,2022-12-24 16:00:00,7981.6035,7888.25
6844,2022-12-24 17:00:00,8122.1426,8480.06
6845,2022-12-24 18:00:00,8479.393,8713.34
6846,2022-12-24 19:00:00,8511.594,8464.87
6847,2022-12-24 20:00:00,8261.462,8236.56
6848,2022-12-24 21:00:00,7976.1333,7842.4
6849,2022-12-24 22:00:00,7603.608,7570.38
6850,2022-12-24 23:00:00,7375.2563,7199.41
6851,2022-12-25 00:00:00,6943.0894,6743.53
6852,2022-12-25 01:00:00,6337.402,6208.61
6853,2022-12-25 02:00:00,5965.9683,5847.51
6854,2022-12-25 03:00:00,5781.679,5643.48
6855,2022-12-25 04:00:00,5649.995,5661.42
6856,2022-12-25 05:00:00,5707.7676,5661.29
6857,2022-12-25 06:00:00,5680.7627,5786.3
6858,2022-12-25 07:00:00,5742.5454,5980.62
6859,2022-12-25 08:00:00,5857.967,5990.65
6860,2022-12-25 09:00:00,5786.49,5734.34
6861,2022-12-25 10:00:00,5573.1055,5268.89
6862,2022-12-25 11:00:00,5052.273,4702.15
6863,2022-12-25 12:00:00,4563.9536,4713.95
6864,2022-12-25 13:00:00,4676.069,4894.04
6865,2022-12-25 14:00:00,5045.2744,5249.36
6866,2022-12-25 15:00:00,5693.341,5941.3
6867,2022-12-25 16:00:00,6723.2046,6748.49
6868,2022-12-25 17:00:00,7450.6543,7663.63
6869,2022-12-25 18:00:00,7916.6807,8181.86
6870,2022-12-25 19:00:00,8182.491,8070.65
6871,2022-12-25 20:00:00,7869.3677,7955.84
6872,2022-12-25 21:00:00,7602.3374,7666.18
6873,2022-12-25 22:00:00,7413.1167,7361.11
6874,2022-12-25 23:00:00,7167.5874,6991.09
6875,2022-12-26 00:00:00,6734.7363,6649.61
6876,2022-12-26 01:00:00,6209.3936,6138.35
6877,2022-12-26 02:00:00,5900.1245,5815.23
6878,2022-12-26 03:00:00,5742.808,5713.01
6879,2022-12-26 04:00:00,5764.929,5641.66
6880,2022-12-26 05:00:00,5812.984,5697.27
6881,2022-12-26 06:00:00,5881.75,5804.39
6882,2022-12-26 07:00:00,5842.227,5861.21
6883,2022-12-26 08:00:00,5667.2046,5553.79
6884,2022-12-26 09:00:00,5202.7427,5407.11
6885,2022-12-26 10:00:00,5156.2485,5438.29
6886,2022-12-26 11:00:00,5375.5586,5603.27
6887,2022-12-26 12:00:00,5695.2695,5808.03
6888,2022-12-26 13:00:00,6058.06,5991.61
6889,2022-12-26 14:00:00,6301.203,6472.94
6890,2022-12-26 15:00:00,7075.9316,7036.83
6891,2022-12-26 16:00:00,7716.7207,7825.39
6892,2022-12-26 17:00:00,8271.903,8509.3
6893,2022-12-26 18:00:00,8586.293,8792.48
6894,2022-12-26 19:00:00,8716.688,8666.01
6895,2022-12-26 20:00:00,8387.574,8391.37
6896,2022-12-26 21:00:00,8051.268,7987.63
6897,2022-12-26 22:00:00,7651.592,7625.89
6898,2022-12-26 23:00:00,7355.0605,7413.54
6899,2022-12-27 00:00:00,7062.188,6953.39
6900,2022-12-27 01:00:00,6516.6274,6456.14
6901,2022-12-27 02:00:00,6163.14,6125.66
6902,2022-12-27 03:00:00,6060.015,5882.93
6903,2022-12-27 04:00:00,5918.6763,5863.59
6904,2022-12-27 05:00:00,6067.483,5939.62
6905,2022-12-27 06:00:00,6119.3857,6020.05
6906,2022-12-27 07:00:00,5993.864,5865.23
6907,2022-12-27 08:00:00,5608.2324,5770.22
6908,2022-12-27 09:00:00,5580.26,5583.84
6909,2022-12-27 10:00:00,5513.3193,5470.72
6910,2022-12-27 11:00:00,5601.1855,5544.98
6911,2022-12-27 12:00:00,5756.676,5709.34
6912,2022-12-27 13:00:00,6001.0396,5933.86
6913,2022-12-27 14:00:00,6458.397,6282.87
6914,2022-12-27 15:00:00,6995.239,6853.94
6915,2022-12-27 16:00:00,7743.7427,7727.49
6916,2022-12-27 17:00:00,8354.13,8639.43
6917,2022-12-27 18:00:00,8768.88,8931.77
6918,2022-12-27 19:00:00,8788.892,8677.46
6919,2022-12-27 20:00:00,8393.589,8430.98
6920,2022-12-27 21:00:00,8034.9106,8015.54
6921,2022-12-27 22:00:00,7724.8574,7700.32
6922,2022-12-27 23:00:00,7398.2695,7418.32
6923,2022-12-28 00:00:00,7000.0664,7147.41
6924,2022-12-28 01:00:00,6625.4556,6628.75
6925,2022-12-28 02:00:00,6219.7305,6246.45
6926,2022-12-28 03:00:00,6110.7627,6076.01
6927,2022-12-28 04:00:00,6032.6445,6126.47
6928,2022-12-28 05:00:00,6311.564,6285.54
6929,2022-12-28 06:00:00,6459.779,6426.95
6930,2022-12-28 07:00:00,6338.982,6516.25
6931,2022-12-28 08:00:00,6219.902,6261.75
6932,2022-12-28 09:00:00,5983.4795,5931.63
6933,2022-12-28 10:00:00,5783.619,5869.1
6934,2022-12-28 11:00:00,5896.6543,5928.69
6935,2022-12-28 12:00:00,6043.698,6082.76
6936,2022-12-28 13:00:00,6384.2954,6396.09
6937,2022-12-28 14:00:00,6819.9395,6796.35
6938,2022-12-28 15:00:00,7323.1235,7530.71
6939,2022-12-28 16:00:00,8215.814,8477.66
6940,2022-12-28 17:00:00,8987.169,9245.45
6941,2022-12-28 18:00:00,9233.696,9456.82
6942,2022-12-28 19:00:00,9243.255,9081.89
6943,2022-12-28 20:00:00,8673.343,8902.02
6944,2022-12-28 21:00:00,8478.365,8380.33
6945,2022-12-28 22:00:00,8013.6655,7956.18
6946,2022-12-28 23:00:00,7617.689,7653.45
6947,2022-12-29 00:00:00,7302.611,7270.0
6948,2022-12-29 01:00:00,6744.9287,6715.45
6949,2022-12-29 02:00:00,6346.4873,6324.45
6950,2022-12-29 03:00:00,6147.955,6112.25
6951,2022-12-29 04:00:00,6157.3833,6155.73
6952,2022-12-29 05:00:00,6350.4688,6326.76
6953,2022-12-29 06:00:00,6443.0576,6620.54
6954,2022-12-29 07:00:00,6577.8345,6727.42
6955,2022-12-29 08:00:00,6482.272,6938.28
6956,2022-12-29 09:00:00,6617.189,6989.93
6957,2022-12-29 10:00:00,6776.5464,6775.81
6958,2022-12-29 11:00:00,6620.9937,6585.4
6959,2022-12-29 12:00:00,6581.9575,6585.18
6960,2022-12-29 13:00:00,6787.1357,6652.68
6961,2022-12-29 14:00:00,6952.6895,6874.0
6962,2022-12-29 15:00:00,7481.8354,7210.87
6963,2022-12-29 16:00:00,7914.2417,7669.98
6964,2022-12-29 17:00:00,8279.532,7955.21
6965,2022-12-29 18:00:00,8069.79,8033.07
6966,2022-12-29 19:00:00,7964.4414,7912.04
6967,2022-12-29 20:00:00,7788.622,7819.18
6968,2022-12-29 21:00:00,7614.5205,7420.92
6969,2022-12-29 22:00:00,7273.0566,7310.25
6970,2022-12-29 23:00:00,7168.377,7191.03
6971,2022-12-30 00:00:00,6941.399,6926.49
6972,2022-12-30 01:00:00,6512.5464,6487.17
6973,2022-12-30 02:00:00,6195.226,6046.55
6974,2022-12-30 03:00:00,5916.75,5945.88
6975,2022-12-30 04:00:00,5972.683,5948.76
6976,2022-12-30 05:00:00,6056.4033,6143.73
6977,2022-12-30 06:00:00,6387.9404,6367.95
6978,2022-12-30 07:00:00,6482.3423,6694.24
6979,2022-12-30 08:00:00,6727.8525,6903.28
6980,2022-12-30 09:00:00,6749.1167,6808.76
6981,2022-12-30 10:00:00,6529.1157,6606.94
6982,2022-12-30 11:00:00,6437.534,6505.6
6983,2022-12-30 12:00:00,6546.622,6496.08
6984,2022-12-30 13:00:00,6625.1733,6272.07
6985,2022-12-30 14:00:00,6309.5605,6301.05
6986,2022-12-30 15:00:00,6627.95,6655.61
6987,2022-12-30 16:00:00,7182.0557,7145.53
6988,2022-12-30 17:00:00,7621.0127,7543.47
6989,2022-12-30 18:00:00,7715.906,7628.71
6990,2022-12-30 19:00:00,7602.1733,7735.24
6991,2022-12-30 20:00:00,7594.1704,7688.98
6992,2022-12-30 21:00:00,7463.098,7495.73
6993,2022-12-30 22:00:00,7334.7036,7450.8
6994,2022-12-30 23:00:00,7325.4814,7293.92
6995,2022-12-31 00:00:00,7011.0273,7040.41
6996,2022-12-31 01:00:00,6570.237,6494.64
6997,2022-12-31 02:00:00,6140.3394,6102.86
6998,2022-12-31 03:00:00,5955.939,5967.92
6999,2022-12-31 04:00:00,6002.1113,5875.8
7000,2022-12-31 05:00:00,5987.643,5934.3
7001,2022-12-31 06:00:00,6072.556,5958.11
7002,2022-12-31 07:00:00,5971.6274,6081.97
7003,2022-12-31 08:00:00,6085.8438,6206.93
7004,2022-12-31 09:00:00,6178.5396,5970.71
7005,2022-12-31 10:00:00,5724.2583,5945.84
7006,2022-12-31 11:00:00,5809.2983,5890.57
7007,2022-12-31 12:00:00,5892.4893,6254.46
7008,2022-12-31 13:00:00,6500.7207,6281.22
7009,2022-12-31 14:00:00,6462.248,6324.96
7010,2022-12-31 15:00:00,6696.5938,6491.83
7011,2022-12-31 16:00:00,6908.982,7184.99
7012,2022-12-31 17:00:00,7835.826,7540.22
7013,2022-12-31 18:00:00,7769.95,7613.13
7014,2022-12-31 19:00:00,7601.5596,7565.07
7015,2022-12-31 20:00:00,7471.09,7369.71
7016,2022-12-31 21:00:00,7228.8657,7302.77
7017,2022-12-31 22:00:00,7221.949,7277.22
7018,2022-12-31 23:00:00,7159.087,7142.55
7019,2023-01-01 00:00:00,6907.3877,6912.65
7020,2023-01-01 01:00:00,6452.572,6522.33
7021,2023-01-01 02:00:00,6174.6475,6117.37
7022,2023-01-01 03:00:00,5924.969,5919.78
7023,2023-01-01 04:00:00,5874.24,5892.81
7024,2023-01-01 05:00:00,5938.0454,5851.15
7025,2023-01-01 06:00:00,5930.4424,5717.86
7026,2023-01-01 07:00:00,5745.0537,5794.8
7027,2023-01-01 08:00:00,5840.1475,5751.97
7028,2023-01-01 09:00:00,5649.638,5711.32
7029,2023-01-01 10:00:00,5588.3955,5650.41
7030,2023-01-01 11:00:00,5628.198,5487.26
7031,2023-01-01 12:00:00,5539.806,5743.44
7032,2023-01-01 13:00:00,5895.4395,5542.34
7033,2023-01-01 14:00:00,5617.197,5682.23
7034,2023-01-01 15:00:00,6071.5684,6090.82
7035,2023-01-01 16:00:00,6746.799,6774.08
7036,2023-01-01 17:00:00,7386.709,7570.42
7037,2023-01-01 18:00:00,7788.77,8022.96
7038,2023-01-01 19:00:00,7996.9526,7892.54
7039,2023-01-01 20:00:00,7650.909,7779.51
7040,2023-01-01 21:00:00,7562.7046,7515.7
7041,2023-01-01 22:00:00,7296.447,7277.77
7042,2023-01-01 23:00:00,7159.161,6966.46
7043,2023-01-02 00:00:00,6771.9756,6715.71
7044,2023-01-02 01:00:00,6315.24,6317.59
7045,2023-01-02 02:00:00,5976.08,5976.46
7046,2023-01-02 03:00:00,5827.2637,5889.74
7047,2023-01-02 04:00:00,5923.542,5843.88
7048,2023-01-02 05:00:00,5898.9907,5951.17
7049,2023-01-02 06:00:00,6010.756,5974.44
7050,2023-01-02 07:00:00,5985.415,5837.96
7051,2023-01-02 08:00:00,5694.766,5629.65
7052,2023-01-02 09:00:00,5506.5195,5435.48
7053,2023-01-02 10:00:00,5365.5205,5329.81
7054,2023-01-02 11:00:00,5371.4087,5274.86
7055,2023-01-02 12:00:00,5372.9507,5351.13
7056,2023-01-02 13:00:00,5484.905,5707.31
7057,2023-01-02 14:00:00,6017.94,6107.45
7058,2023-01-02 15:00:00,6693.5107,6626.04
7059,2023-01-02 16:00:00,7388.325,7653.44
7060,2023-01-02 17:00:00,8296.767,8251.88
7061,2023-01-02 18:00:00,8388.644,8327.01
7062,2023-01-02 19:00:00,8186.7056,8119.1
7063,2023-01-02 20:00:00,7882.378,8003.26
7064,2023-01-02 21:00:00,7689.92,7681.35
7065,2023-01-02 22:00:00,7446.709,7522.99
7066,2023-01-02 23:00:00,7264.4673,7239.39
7067,2023-01-03 00:00:00,6961.5386,6979.14
7068,2023-01-03 01:00:00,6510.442,6483.05
7069,2023-01-03 02:00:00,6129.4175,6038.88
7070,2023-01-03 03:00:00,5891.338,5955.02
7071,2023-01-03 04:00:00,6009.393,6026.97
7072,2023-01-03 05:00:00,6181.9917,6243.09
7073,2023-01-03 06:00:00,6398.412,6515.35
7074,2023-01-03 07:00:00,6430.837,6676.89
7075,2023-01-03 08:00:00,6450.7056,6671.02
7076,2023-01-03 09:00:00,6372.2964,6370.54
7077,2023-01-03 10:00:00,6077.2656,6340.59
7078,2023-01-03 11:00:00,6343.351,6477.73
7079,2023-01-03 12:00:00,6630.453,6692.4
7080,2023-01-03 13:00:00,6841.6577,6967.74
7081,2023-01-03 14:00:00,7267.9077,7500.78
7082,2023-01-03 15:00:00,7947.405,8047.1
7083,2023-01-03 16:00:00,8688.562,8948.61
7084,2023-01-03 17:00:00,9407.98,9397.81
7085,2023-01-03 18:00:00,9395.562,9346.18
7086,2023-01-03 19:00:00,9091.082,8810.71
7087,2023-01-03 20:00:00,8463.645,8602.58
7088,2023-01-03 21:00:00,8256.029,8128.32
7089,2023-01-03 22:00:00,7873.2954,7809.65
7090,2023-01-03 23:00:00,7582.712,7540.67
7091,2023-01-04 00:00:00,7202.143,7244.44
7092,2023-01-04 01:00:00,6715.4004,6757.09
7093,2023-01-04 02:00:00,6358.3467,6305.64
7094,2023-01-04 03:00:00,6140.1704,6242.61
7095,2023-01-04 04:00:00,6321.56,6282.13
7096,2023-01-04 05:00:00,6457.371,6511.11
7097,2023-01-04 06:00:00,6736.1655,6839.02
7098,2023-01-04 07:00:00,6953.491,7198.04
7099,2023-01-04 08:00:00,7199.538,7190.73
7100,2023-01-04 09:00:00,6908.6655,7157.06
7101,2023-01-04 10:00:00,6996.8374,7154.83
7102,2023-01-04 11:00:00,7107.11,7248.75
7103,2023-01-04 12:00:00,7308.812,7040.34
7104,2023-01-04 13:00:00,7084.2427,7625.79
7105,2023-01-04 14:00:00,7902.506,7864.81
7106,2023-01-04 15:00:00,8320.22,8136.34
7107,2023-01-04 16:00:00,8672.637,8191.35
7108,2023-01-04 17:00:00,8405.8,8498.15
7109,2023-01-04 18:00:00,8594.436,8225.09
7110,2023-01-04 19:00:00,8108.0625,8013.18
7111,2023-01-04 20:00:00,7820.3223,7896.36
7112,2023-01-04 21:00:00,7700.925,7458.01
7113,2023-01-04 22:00:00,7314.7837,7363.71
7114,2023-01-04 23:00:00,7225.662,7112.08
7115,2023-01-05 00:00:00,6935.72,6888.16
7116,2023-01-05 01:00:00,6489.2256,6451.35
7117,2023-01-05 02:00:00,6143.7227,6047.96
7118,2023-01-05 03:00:00,5924.502,5870.09
7119,2023-01-05 04:00:00,5947.192,5936.52
7120,2023-01-05 05:00:00,6120.496,6296.84
7121,2023-01-05 06:00:00,6654.715,6678.42
7122,2023-01-05 07:00:00,6911.172,6833.52
7123,2023-01-05 08:00:00,6842.5625,6952.35
7124,2023-01-05 09:00:00,6882.764,6855.95
7125,2023-01-05 10:00:00,6717.3237,6923.95
7126,2023-01-05 11:00:00,6914.692,6689.2
7127,2023-01-05 12:00:00,6626.165,6403.27
7128,2023-01-05 13:00:00,6448.5737,6402.23
7129,2023-01-05 14:00:00,6584.1445,6461.74
7130,2023-01-05 15:00:00,6768.4214,6750.78
7131,2023-01-05 16:00:00,7207.951,7320.03
7132,2023-01-05 17:00:00,7691.108,7672.43
7133,2023-01-05 18:00:00,7784.065,7805.78
7134,2023-01-05 19:00:00,7767.417,7724.37
7135,2023-01-05 20:00:00,7603.5,7626.99
7136,2023-01-05 21:00:00,7420.5454,7312.68
7137,2023-01-05 22:00:00,7222.834,7157.53
7138,2023-01-05 23:00:00,7022.985,7042.66
7139,2023-01-06 00:00:00,6849.1475,6849.5
7140,2023-01-06 01:00:00,6437.8613,6415.75
7141,2023-01-06 02:00:00,5996.158,5875.59
7142,2023-01-06 03:00:00,5788.5293,5670.53
7143,2023-01-06 04:00:00,5681.2275,5904.24
7144,2023-01-06 05:00:00,6121.096,6161.28
7145,2023-01-06 06:00:00,6479.6787,6553.95
7146,2023-01-06 07:00:00,6796.7593,6665.65
7147,2023-01-06 08:00:00,6661.655,6829.67
7148,2023-01-06 09:00:00,6705.781,6860.0
7149,2023-01-06 10:00:00,6717.636,6734.29
7150,2023-01-06 11:00:00,6596.8154,6521.51
7151,2023-01-06 12:00:00,6417.2905,6501.95
7152,2023-01-06 13:00:00,6511.628,6234.84
7153,2023-01-06 14:00:00,6244.405,6614.68
7154,2023-01-06 15:00:00,6995.083,6764.1
7155,2023-01-06 16:00:00,7143.176,7093.83
7156,2023-01-06 17:00:00,7555.7144,7519.37
7157,2023-01-06 18:00:00,7671.205,7814.82
7158,2023-01-06 19:00:00,7781.0967,7710.69
7159,2023-01-06 20:00:00,7610.2363,7608.83
7160,2023-01-06 21:00:00,7453.207,7340.59
7161,2023-01-06 22:00:00,7215.5273,7339.01
7162,2023-01-06 23:00:00,7207.087,7232.19
7163,2023-01-07 00:00:00,7036.3643,6986.29
7164,2023-01-07 01:00:00,6498.0264,6483.83
7165,2023-01-07 02:00:00,6117.3564,6010.58
7166,2023-01-07 03:00:00,5834.456,5921.27
7167,2023-01-07 04:00:00,5949.3833,5883.83
7168,2023-01-07 05:00:00,5933.362,6070.6
7169,2023-01-07 06:00:00,6225.966,6168.27
7170,2023-01-07 07:00:00,6252.8525,6396.7
7171,2023-01-07 08:00:00,6418.949,6342.64
7172,2023-01-07 09:00:00,6197.622,6358.77
7173,2023-01-07 10:00:00,6263.42,6168.15
7174,2023-01-07 11:00:00,6134.3564,5766.47
7175,2023-01-07 12:00:00,5742.14,5587.13
7176,2023-01-07 13:00:00,5629.4346,5404.49
7177,2023-01-07 14:00:00,5493.737,5472.01
7178,2023-01-07 15:00:00,5752.698,5851.89
7179,2023-01-07 16:00:00,6460.9644,6484.77
7180,2023-01-07 17:00:00,7195.55,7034.0
7181,2023-01-07 18:00:00,7512.8794,7359.38
7182,2023-01-07 19:00:00,7397.708,7404.73
7183,2023-01-07 20:00:00,7321.45,7409.82
7184,2023-01-07 21:00:00,7255.219,7123.88
7185,2023-01-07 22:00:00,7010.837,7017.88
7186,2023-01-07 23:00:00,6939.415,6823.22
7187,2023-01-08 00:00:00,6695.7124,6598.34
7188,2023-01-08 01:00:00,6243.5073,6195.05
7189,2023-01-08 02:00:00,5896.513,5813.49
7190,2023-01-08 03:00:00,5665.1577,5750.56
7191,2023-01-08 04:00:00,5738.5396,5717.26
7192,2023-01-08 05:00:00,5792.4673,5762.32
7193,2023-01-08 06:00:00,5825.697,5776.63
7194,2023-01-08 07:00:00,5771.0566,5734.68
7195,2023-01-08 08:00:00,5630.6807,5332.67
7196,2023-01-08 09:00:00,5172.0425,4882.97
7197,2023-01-08 10:00:00,4706.2363,4949.38
7198,2023-01-08 11:00:00,4917.1997,4674.65
7199,2023-01-08 12:00:00,4698.8794,4614.71
7200,2023-01-08 13:00:00,4707.035,4450.19
7201,2023-01-08 14:00:00,4601.503,4689.09
7202,2023-01-08 15:00:00,5117.655,5099.29
7203,2023-01-08 16:00:00,5779.475,5937.17
7204,2023-01-08 17:00:00,6756.674,7063.69
7205,2023-01-08 18:00:00,7635.5396,7702.68
7206,2023-01-08 19:00:00,7690.357,7731.95
7207,2023-01-08 20:00:00,7603.5083,7615.31
7208,2023-01-08 21:00:00,7372.145,7219.68
7209,2023-01-08 22:00:00,7034.2144,7130.11
7210,2023-01-08 23:00:00,6946.428,6810.31
7211,2023-01-09 00:00:00,6628.138,6572.68
7212,2023-01-09 01:00:00,6186.098,6163.42
7213,2023-01-09 02:00:00,5868.2505,5938.33
7214,2023-01-09 03:00:00,5824.715,5804.68
7215,2023-01-09 04:00:00,5791.4893,5906.79
7216,2023-01-09 05:00:00,6070.216,6218.49
7217,2023-01-09 06:00:00,6459.5957,6624.42
7218,2023-01-09 07:00:00,6752.428,6598.59
7219,2023-01-09 08:00:00,6392.016,6371.63
7220,2023-01-09 09:00:00,6073.37,5893.27
7221,2023-01-09 10:00:00,5586.364,5600.9
7222,2023-01-09 11:00:00,5459.416,5601.3
7223,2023-01-09 12:00:00,5548.7983,5678.03
7224,2023-01-09 13:00:00,5765.817,5904.5
7225,2023-01-09 14:00:00,6147.8096,6262.57
7226,2023-01-09 15:00:00,6743.638,6946.45
7227,2023-01-09 16:00:00,7697.0273,7828.43
7228,2023-01-09 17:00:00,8502.199,8746.2
7229,2023-01-09 18:00:00,9057.078,9069.6
7230,2023-01-09 19:00:00,8892.16,8858.72
7231,2023-01-09 20:00:00,8552.977,8562.85
7232,2023-01-09 21:00:00,8215.168,8142.71
7233,2023-01-09 22:00:00,7799.033,7624.28
7234,2023-01-09 23:00:00,7359.5977,7387.77
7235,2023-01-10 00:00:00,7095.692,7100.7
7236,2023-01-10 01:00:00,6653.1577,6669.46
7237,2023-01-10 02:00:00,6237.6826,6292.02
7238,2023-01-10 03:00:00,6129.23,6108.33
7239,2023-01-10 04:00:00,6128.463,6226.78
7240,2023-01-10 05:00:00,6432.983,6507.34
7241,2023-01-10 06:00:00,6742.023,6903.39
7242,2023-01-10 07:00:00,6961.866,6944.26
7243,2023-01-10 08:00:00,6728.9795,6697.8
7244,2023-01-10 09:00:00,6346.018,6446.45
7245,2023-01-10 10:00:00,6214.331,6141.1
7246,2023-01-10 11:00:00,6059.3477,6058.87
7247,2023-01-10 12:00:00,6093.381,6232.94
7248,2023-01-10 13:00:00,6502.0977,6290.92
7249,2023-01-10 14:00:00,6621.689,6610.58
7250,2023-01-10 15:00:00,7156.56,6932.58
7251,2023-01-10 16:00:00,7672.63,7850.97
7252,2023-01-10 17:00:00,8704.244,8624.4
7253,2023-01-10 18:00:00,8931.622,8942.03
7254,2023-01-10 19:00:00,8767.16,8543.18
7255,2023-01-10 20:00:00,8287.973,8411.08
7256,2023-01-10 21:00:00,8018.768,7930.07
7257,2023-01-10 22:00:00,7617.3594,7719.86
7258,2023-01-10 23:00:00,7472.163,7432.54
7259,2023-01-11 00:00:00,7130.642,7191.64
7260,2023-01-11 01:00:00,6758.6875,6759.32
7261,2023-01-11 02:00:00,6337.2417,6322.7
7262,2023-01-11 03:00:00,6141.136,6225.08
7263,2023-01-11 04:00:00,6286.7837,6347.61
7264,2023-01-11 05:00:00,6557.1367,6794.72
7265,2023-01-11 06:00:00,7026.728,7191.07
7266,2023-01-11 07:00:00,7300.7476,7336.89
7267,2023-01-11 08:00:00,7254.543,7438.24
7268,2023-01-11 09:00:00,7250.8154,7063.23
7269,2023-01-11 10:00:00,6786.516,7100.83
7270,2023-01-11 11:00:00,7060.7793,6754.63
7271,2023-01-11 12:00:00,6789.927,6705.36
7272,2023-01-11 13:00:00,6892.189,6539.93
7273,2023-01-11 14:00:00,6758.9487,6918.5
7274,2023-01-11 15:00:00,7361.1343,7251.81
7275,2023-01-11 16:00:00,7859.5723,7959.24
7276,2023-01-11 17:00:00,8508.626,8772.82
7277,2023-01-11 18:00:00,8941.066,8611.76
7278,2023-01-11 19:00:00,8406.831,8742.71
7279,2023-01-11 20:00:00,8446.845,8587.49
7280,2023-01-11 21:00:00,8162.002,8140.92
7281,2023-01-11 22:00:00,7806.3677,7880.51
7282,2023-01-11 23:00:00,7607.4604,7574.64
7283,2023-01-12 00:00:00,7245.57,7262.86
7284,2023-01-12 01:00:00,6765.752,6829.54
7285,2023-01-12 02:00:00,6383.235,6397.94
7286,2023-01-12 03:00:00,6191.1367,6285.38
7287,2023-01-12 04:00:00,6384.1567,6428.38
7288,2023-01-12 05:00:00,6711.596,6789.77
7289,2023-01-12 06:00:00,7112.7573,7184.51
7290,2023-01-12 07:00:00,7409.128,7487.23
7291,2023-01-12 08:00:00,7496.786,7332.11
7292,2023-01-12 09:00:00,7089.2246,7266.67
7293,2023-01-12 10:00:00,7120.261,7096.66
7294,2023-01-12 11:00:00,6936.0786,6659.61
7295,2023-01-12 12:00:00,6544.5493,6681.45
7296,2023-01-12 13:00:00,6716.833,6852.7
7297,2023-01-12 14:00:00,7032.7676,7182.35
7298,2023-01-12 15:00:00,7529.563,7741.66
7299,2023-01-12 16:00:00,8208.716,8548.01
7300,2023-01-12 17:00:00,9011.369,9237.19
7301,2023-01-12 18:00:00,9304.742,9364.16
7302,2023-01-12 19:00:00,9079.09,8925.41
7303,2023-01-12 20:00:00,8632.164,8760.51
7304,2023-01-12 21:00:00,8352.653,8261.37
7305,2023-01-12 22:00:00,7950.212,7968.56
7306,2023-01-12 23:00:00,7707.7393,7605.08
7307,2023-01-13 00:00:00,7285.9224,7345.35
7308,2023-01-13 01:00:00,6851.7495,6880.73
7309,2023-01-13 02:00:00,6435.9023,6412.53
7310,2023-01-13 03:00:00,6243.879,6276.09
7311,2023-01-13 04:00:00,6367.145,6457.88
7312,2023-01-13 05:00:00,6749.8594,6747.11
7313,2023-01-13 06:00:00,7092.569,7140.47
7314,2023-01-13 07:00:00,7399.628,7329.49
7315,2023-01-13 08:00:00,7287.9136,7384.32
7316,2023-01-13 09:00:00,7277.3794,7033.31
7317,2023-01-13 10:00:00,6802.8643,6875.71
7318,2023-01-13 11:00:00,6707.0,6876.65
7319,2023-01-13 12:00:00,6821.8325,7059.74
7320,2023-01-13 13:00:00,7142.3438,7330.53
7321,2023-01-13 14:00:00,7560.716,7580.11
7322,2023-01-13 15:00:00,7981.365,8064.33
7323,2023-01-13 16:00:00,8673.958,8675.71
7324,2023-01-13 17:00:00,9231.967,9237.1
7325,2023-01-13 18:00:00,9297.309,8884.22
7326,2023-01-13 19:00:00,8665.148,8753.45
7327,2023-01-13 20:00:00,8484.864,8697.68
7328,2023-01-13 21:00:00,8255.325,8240.57
7329,2023-01-13 22:00:00,7948.3813,8022.51
7330,2023-01-13 23:00:00,7720.411,7709.68
7331,2023-01-14 00:00:00,7386.3486,7368.35
7332,2023-01-14 01:00:00,6865.92,6881.8
7333,2023-01-14 02:00:00,6426.5796,6476.28
7334,2023-01-14 03:00:00,6333.975,6325.82
7335,2023-01-14 04:00:00,6422.7607,6264.24
7336,2023-01-14 05:00:00,6431.505,6369.51
7337,2023-01-14 06:00:00,6557.554,6596.99
7338,2023-01-14 07:00:00,6755.627,6756.34
7339,2023-01-14 08:00:00,6812.0776,6794.05
7340,2023-01-14 09:00:00,6633.073,6766.74
7341,2023-01-14 10:00:00,6608.9316,6391.1
7342,2023-01-14 11:00:00,6197.94,6133.11
7343,2023-01-14 12:00:00,6028.03,6152.99
7344,2023-01-14 13:00:00,6159.0073,6196.07
7345,2023-01-14 14:00:00,6388.333,6390.64
7346,2023-01-14 15:00:00,6807.76,6758.85
7347,2023-01-14 16:00:00,7422.09,7486.18
7348,2023-01-14 17:00:00,8052.9956,8117.81
7349,2023-01-14 18:00:00,8277.887,8599.55
7350,2023-01-14 19:00:00,8526.494,8404.13
7351,2023-01-14 20:00:00,8199.912,8311.32
7352,2023-01-14 21:00:00,7980.0923,7942.18
7353,2023-01-14 22:00:00,7733.3677,7705.2
7354,2023-01-14 23:00:00,7496.139,7337.66
7355,2023-01-15 00:00:00,7103.953,7020.76
7356,2023-01-15 01:00:00,6568.793,6581.4
7357,2023-01-15 02:00:00,6243.766,6229.73
7358,2023-01-15 03:00:00,6126.5674,6155.52
7359,2023-01-15 04:00:00,6107.4463,6096.28
7360,2023-01-15 05:00:00,6106.745,6141.03
7361,2023-01-15 06:00:00,6142.994,6158.14
7362,2023-01-15 07:00:00,6138.011,6039.59
7363,2023-01-15 08:00:00,5816.525,5945.38
7364,2023-01-15 09:00:00,5691.1636,5735.81
7365,2023-01-15 10:00:00,5597.507,5576.61
7366,2023-01-15 11:00:00,5488.6274,5707.5
7367,2023-01-15 12:00:00,5698.5967,5916.24
7368,2023-01-15 13:00:00,6073.589,6421.26
7369,2023-01-15 14:00:00,6752.9067,6924.85
7370,2023-01-15 15:00:00,7537.317,7829.58
7371,2023-01-15 16:00:00,8636.567,8667.36
7372,2023-01-15 17:00:00,9043.569,9587.41
7373,2023-01-15 18:00:00,9437.222,9707.52
7374,2023-01-15 19:00:00,9421.399,9371.14
7375,2023-01-15 20:00:00,9015.338,8951.8
7376,2023-01-15 21:00:00,8532.807,8399.07
7377,2023-01-15 22:00:00,8015.5444,7870.08
7378,2023-01-15 23:00:00,7520.1777,7472.93
7379,2023-01-16 00:00:00,7152.101,7130.15
7380,2023-01-16 01:00:00,6697.902,6593.54
7381,2023-01-16 02:00:00,6246.107,6265.65
7382,2023-01-16 03:00:00,6195.1377,6186.76
7383,2023-01-16 04:00:00,6221.1816,6340.48
7384,2023-01-16 05:00:00,6551.103,6790.13
7385,2023-01-16 06:00:00,7047.4883,7317.25
7386,2023-01-16 07:00:00,7465.0176,7755.89
7387,2023-01-16 08:00:00,7657.7886,7692.41
7388,2023-01-16 09:00:00,7356.541,7564.49
7389,2023-01-16 10:00:00,7271.9644,7453.61
7390,2023-01-16 11:00:00,7345.709,7541.77
7391,2023-01-16 12:00:00,7655.4644,7519.03
7392,2023-01-16 13:00:00,7658.0073,7624.2
7393,2023-01-16 14:00:00,7878.7046,7924.1
7394,2023-01-16 15:00:00,8494.834,8336.17
7395,2023-01-16 16:00:00,9016.642,9016.21
7396,2023-01-16 17:00:00,9655.672,9683.55
7397,2023-01-16 18:00:00,9728.367,9846.9
7398,2023-01-16 19:00:00,9508.108,9417.45
7399,2023-01-16 20:00:00,9079.158,9092.1
7400,2023-01-16 21:00:00,8613.778,8552.66
7401,2023-01-16 22:00:00,8170.9106,8236.47
7402,2023-01-16 23:00:00,7910.1846,7817.62
7403,2023-01-17 00:00:00,7451.29,7498.99
7404,2023-01-17 01:00:00,7015.0737,6930.5
7405,2023-01-17 02:00:00,6555.68,6490.34
7406,2023-01-17 03:00:00,6380.388,6460.66
7407,2023-01-17 04:00:00,6608.127,6540.58
7408,2023-01-17 05:00:00,6852.5825,6881.47
7409,2023-01-17 06:00:00,7352.703,7404.21
7410,2023-01-17 07:00:00,7711.1895,7684.29
7411,2023-01-17 08:00:00,7683.7305,7699.86
7412,2023-01-17 09:00:00,7524.6875,7512.26
7413,2023-01-17 10:00:00,7332.5474,7420.71
7414,2023-01-17 11:00:00,7382.165,7255.76
7415,2023-01-17 12:00:00,7286.9824,7319.89
7416,2023-01-17 13:00:00,7486.5996,7511.56
7417,2023-01-17 14:00:00,7813.858,7703.74
7418,2023-01-17 15:00:00,8161.595,8263.47
7419,2023-01-17 16:00:00,8933.3955,9034.64
7420,2023-01-17 17:00:00,9654.816,9817.1
7421,2023-01-17 18:00:00,9927.688,10075.17
7422,2023-01-17 19:00:00,9658.659,9648.71
7423,2023-01-17 20:00:00,9237.028,9313.31
7424,2023-01-17 21:00:00,8758.141,8690.47
7425,2023-01-17 22:00:00,8322.139,8349.18
7426,2023-01-17 23:00:00,8007.5664,7933.78
7427,2023-01-18 00:00:00,7602.9287,7663.28
7428,2023-01-18 01:00:00,7146.295,7141.85
7429,2023-01-18 02:00:00,6723.58,6715.4
7430,2023-01-18 03:00:00,6551.6445,6587.46
7431,2023-01-18 04:00:00,6698.5557,6651.16
7432,2023-01-18 05:00:00,6933.286,6931.89
7433,2023-01-18 06:00:00,7415.3765,7406.91
7434,2023-01-18 07:00:00,7771.9663,7664.36
7435,2023-01-18 08:00:00,7700.54,7611.78
7436,2023-01-18 09:00:00,7451.707,7232.95
7437,2023-01-18 10:00:00,7116.713,7300.37
7438,2023-01-18 11:00:00,7198.004,7411.69
7439,2023-01-18 12:00:00,7405.959,7637.21
7440,2023-01-18 13:00:00,7742.5957,8210.99
7441,2023-01-18 14:00:00,8419.813,9165.68
7442,2023-01-18 15:00:00,9680.112,9853.29
7443,2023-01-18 16:00:00,10368.452,10543.41
7444,2023-01-18 17:00:00,10888.45,10647.46
7445,2023-01-18 18:00:00,10463.644,10469.35
7446,2023-01-18 19:00:00,10119.696,10097.61
7447,2023-01-18 20:00:00,9601.051,9625.56
7448,2023-01-18 21:00:00,9144.999,8860.97
7449,2023-01-18 22:00:00,8450.235,8396.44
7450,2023-01-18 23:00:00,8065.915,8047.43
7451,2023-01-19 00:00:00,7725.719,7673.7
7452,2023-01-19 01:00:00,7161.978,7174.07
7453,2023-01-19 02:00:00,6733.75,6680.93
7454,2023-01-19 03:00:00,6613.9526,6527.25
7455,2023-01-19 04:00:00,6689.6387,6709.72
7456,2023-01-19 05:00:00,7051.338,7066.99
7457,2023-01-19 06:00:00,7513.312,7505.94
7458,2023-01-19 07:00:00,7805.9756,7998.53
7459,2023-01-19 08:00:00,7961.56,8214.68
7460,2023-01-19 09:00:00,7996.7896,8115.03
7461,2023-01-19 10:00:00,7980.1934,7727.18
7462,2023-01-19 11:00:00,7631.2954,7665.62
7463,2023-01-19 12:00:00,7707.695,7470.13
7464,2023-01-19 13:00:00,7633.708,7176.62
7465,2023-01-19 14:00:00,7469.442,7441.18
7466,2023-01-19 15:00:00,7937.2373,7629.93
7467,2023-01-19 16:00:00,8230.47,7948.79
7468,2023-01-19 17:00:00,8443.088,8370.04
7469,2023-01-19 18:00:00,8460.847,8241.79
7470,2023-01-19 19:00:00,8133.2,8207.97
7471,2023-01-19 20:00:00,8052.0825,8083.53
7472,2023-01-19 21:00:00,7868.143,7690.06
7473,2023-01-19 22:00:00,7558.7183,7501.87
7474,2023-01-19 23:00:00,7370.5933,7327.5
7475,2023-01-20 00:00:00,7136.6367,7110.79
7476,2023-01-20 01:00:00,6716.6577,6597.52
7477,2023-01-20 02:00:00,6281.381,6223.66
7478,2023-01-20 03:00:00,6133.721,6097.1
7479,2023-01-20 04:00:00,6191.971,6215.98
7480,2023-01-20 05:00:00,6511.787,6665.6
7481,2023-01-20 06:00:00,7041.1533,7174.05
7482,2023-01-20 07:00:00,7540.4346,7440.52
7483,2023-01-20 08:00:00,7513.429,7556.88
7484,2023-01-20 09:00:00,7443.058,7388.0
7485,2023-01-20 10:00:00,7214.753,7077.37
7486,2023-01-20 11:00:00,6941.891,7155.08
7487,2023-01-20 12:00:00,7222.3267,7174.43
7488,2023-01-20 13:00:00,7272.6074,7088.79
7489,2023-01-20 14:00:00,7212.0796,6857.11
7490,2023-01-20 15:00:00,7021.0845,7202.97
7491,2023-01-20 16:00:00,7609.495,7377.47
7492,2023-01-20 17:00:00,7770.243,7663.53
7493,2023-01-20 18:00:00,7791.3296,7774.41
7494,2023-01-20 19:00:00,7731.351,7724.23
7495,2023-01-20 20:00:00,7616.754,7665.36
7496,2023-01-20 21:00:00,7536.884,7371.61
7497,2023-01-20 22:00:00,7181.641,7288.01
7498,2023-01-20 23:00:00,7186.196,7191.33
7499,2023-01-21 00:00:00,7006.8545,7018.69
7500,2023-01-21 01:00:00,6569.709,6619.5
7501,2023-01-21 02:00:00,6253.217,6204.91
7502,2023-01-21 03:00:00,6073.621,5991.0
7503,2023-01-21 04:00:00,5992.5938,6016.2
7504,2023-01-21 05:00:00,6127.7812,6185.24
7505,2023-01-21 06:00:00,6331.628,6351.38
7506,2023-01-21 07:00:00,6409.8237,6364.19
7507,2023-01-21 08:00:00,6268.8066,6132.8
7508,2023-01-21 09:00:00,5965.6816,5798.96
7509,2023-01-21 10:00:00,5658.358,5544.85
7510,2023-01-21 11:00:00,5456.344,5406.66
7511,2023-01-21 12:00:00,5351.0464,5288.38
7512,2023-01-21 13:00:00,5315.3687,5220.41
7513,2023-01-21 14:00:00,5307.5693,5400.87
7514,2023-01-21 15:00:00,5755.0,5952.35
7515,2023-01-21 16:00:00,6672.5483,6610.61
7516,2023-01-21 17:00:00,7255.588,7230.53
7517,2023-01-21 18:00:00,7611.453,7654.32
7518,2023-01-21 19:00:00,7610.8765,7554.17
7519,2023-01-21 20:00:00,7413.603,7477.42
7520,2023-01-21 21:00:00,7287.5894,7406.03
7521,2023-01-21 22:00:00,7220.6274,7250.78
7522,2023-01-21 23:00:00,7087.1157,7077.34
7523,2023-01-22 00:00:00,6883.1167,6794.18
7524,2023-01-22 01:00:00,6423.207,6339.85
7525,2023-01-22 02:00:00,6056.2617,6059.58
7526,2023-01-22 03:00:00,5917.3794,5895.72
7527,2023-01-22 04:00:00,5850.185,5952.99
7528,2023-01-22 05:00:00,6045.4126,6003.19
7529,2023-01-22 06:00:00,6044.808,6253.17
7530,2023-01-22 07:00:00,6180.752,6532.12
7531,2023-01-22 08:00:00,6471.0664,6890.48
7532,2023-01-22 09:00:00,6774.3223,6984.85
7533,2023-01-22 10:00:00,6700.3906,6831.06
7534,2023-01-22 11:00:00,6583.78,6621.83
7535,2023-01-22 12:00:00,6485.288,6592.66
7536,2023-01-22 13:00:00,6632.578,6323.53
7537,2023-01-22 14:00:00,6413.5757,6503.88
7538,2023-01-22 15:00:00,6814.2417,6711.71
7539,2023-01-22 16:00:00,7132.1367,6983.9
7540,2023-01-22 17:00:00,7509.6226,7331.79
7541,2023-01-22 18:00:00,7758.615,7601.83
7542,2023-01-22 19:00:00,7663.846,7622.01
7543,2023-01-22 20:00:00,7518.8145,7578.03
7544,2023-01-22 21:00:00,7413.1343,7262.45
7545,2023-01-22 22:00:00,7117.2812,7133.55
7546,2023-01-22 23:00:00,7030.9004,6915.03
7547,2023-01-23 00:00:00,6763.214,6693.6
7548,2023-01-23 01:00:00,6325.763,6316.63
7549,2023-01-23 02:00:00,6017.37,5999.87
7550,2023-01-23 03:00:00,5890.9844,5945.99
7551,2023-01-23 04:00:00,5991.5327,6098.85
7552,2023-01-23 05:00:00,6300.236,6620.99
7553,2023-01-23 06:00:00,7013.641,7092.05
7554,2023-01-23 07:00:00,7373.0864,7296.36
7555,2023-01-23 08:00:00,7343.03,7104.04
7556,2023-01-23 09:00:00,6842.284,6704.43
7557,2023-01-23 10:00:00,6522.163,6760.95
7558,2023-01-23 11:00:00,6746.545,6922.46
7559,2023-01-23 12:00:00,7030.905,7043.77
7560,2023-01-23 13:00:00,7153.119,6602.16
7561,2023-01-23 14:00:00,6777.9604,6792.6
7562,2023-01-23 15:00:00,7096.035,7261.22
7563,2023-01-23 16:00:00,7821.365,7773.6
7564,2023-01-23 17:00:00,8292.6455,8230.85
7565,2023-01-23 18:00:00,8521.55,8553.49
7566,2023-01-23 19:00:00,8440.713,8319.63
7567,2023-01-23 20:00:00,8061.0283,8381.56
7568,2023-01-23 21:00:00,8036.2876,7916.84
7569,2023-01-23 22:00:00,7650.1943,7655.9
7570,2023-01-23 23:00:00,7418.03,7415.26
7571,2023-01-24 00:00:00,7129.6406,7168.02
7572,2023-01-24 01:00:00,6724.442,6745.68
7573,2023-01-24 02:00:00,6331.74,6294.45
7574,2023-01-24 03:00:00,6161.128,6286.08
7575,2023-01-24 04:00:00,6381.0737,6387.42
7576,2023-01-24 05:00:00,6711.6094,6782.92
7577,2023-01-24 06:00:00,7191.822,7248.82
7578,2023-01-24 07:00:00,7540.2256,7450.39
7579,2023-01-24 08:00:00,7413.5264,7201.22
7580,2023-01-24 09:00:00,6941.5127,6752.86
7581,2023-01-24 10:00:00,6640.1074,6692.01
7582,2023-01-24 11:00:00,6729.74,6742.48
7583,2023-01-24 12:00:00,6881.4243,6961.65
7584,2023-01-24 13:00:00,7090.0044,6930.3
7585,2023-01-24 14:00:00,7109.142,7656.96
7586,2023-01-24 15:00:00,8105.6426,8334.96
7587,2023-01-24 16:00:00,8891.265,8890.29
7588,2023-01-24 17:00:00,9406.909,9515.5
7589,2023-01-24 18:00:00,9612.86,9805.31
7590,2023-01-24 19:00:00,9542.093,9449.83
7591,2023-01-24 20:00:00,9146.019,9022.98
7592,2023-01-24 21:00:00,8602.029,8338.91
7593,2023-01-24 22:00:00,7913.6636,8045.38
7594,2023-01-24 23:00:00,7715.86,7619.36
7595,2023-01-25 00:00:00,7342.845,7371.71
7596,2023-01-25 01:00:00,6890.402,6925.52
7597,2023-01-25 02:00:00,6526.1523,6480.46
7598,2023-01-25 03:00:00,6344.0176,6397.16
7599,2023-01-25 04:00:00,6512.0425,6498.78
7600,2023-01-25 05:00:00,6806.8564,6931.56
7601,2023-01-25 06:00:00,7327.583,7514.89
7602,2023-01-25 07:00:00,7772.277,7569.63
7603,2023-01-25 08:00:00,7418.8354,7284.35
7604,2023-01-25 09:00:00,7052.823,7061.67
7605,2023-01-25 10:00:00,6934.8657,7055.18
7606,2023-01-25 11:00:00,7024.424,6899.25
7607,2023-01-25 12:00:00,6955.893,6947.78
7608,2023-01-25 13:00:00,7105.6826,7225.47
7609,2023-01-25 14:00:00,7684.495,7785.93
7610,2023-01-25 15:00:00,8395.323,8198.55
7611,2023-01-25 16:00:00,8898.664,9166.0
7612,2023-01-25 17:00:00,9727.958,9852.7
7613,2023-01-25 18:00:00,9883.928,10111.4
7614,2023-01-25 19:00:00,9672.416,9782.1
7615,2023-01-25 20:00:00,9356.235,9389.62
7616,2023-01-25 21:00:00,8844.694,8885.51
7617,2023-01-25 22:00:00,8446.008,8340.1
7618,2023-01-25 23:00:00,7952.009,8000.68
7619,2023-01-26 00:00:00,7621.669,7610.64
7620,2023-01-26 01:00:00,7088.0464,7088.75
7621,2023-01-26 02:00:00,6664.8296,6602.48
7622,2023-01-26 03:00:00,6445.937,6411.35
7623,2023-01-26 04:00:00,6527.8945,6434.38
7624,2023-01-26 05:00:00,6803.6987,6524.26
7625,2023-01-26 06:00:00,6966.1265,6575.05
7626,2023-01-26 07:00:00,6933.07,6581.53
7627,2023-01-26 08:00:00,6547.5967,6537.37
7628,2023-01-26 09:00:00,6399.192,6399.35
7629,2023-01-26 10:00:00,6316.5356,6544.02
7630,2023-01-26 11:00:00,6577.7427,6782.95
7631,2023-01-26 12:00:00,6989.7344,7208.15
7632,2023-01-26 13:00:00,7545.8,7692.91
7633,2023-01-26 14:00:00,8202.554,9096.35
7634,2023-01-26 15:00:00,9876.405,9287.22
7635,2023-01-26 16:00:00,9819.73,9792.55
7636,2023-01-26 17:00:00,10106.926,10232.97
7637,2023-01-26 18:00:00,10165.828,9990.53
7638,2023-01-26 19:00:00,9588.694,9576.21
7639,2023-01-26 20:00:00,9103.24,9189.68
7640,2023-01-26 21:00:00,8707.826,8519.44
7641,2023-01-26 22:00:00,8110.1035,8152.0
7642,2023-01-26 23:00:00,7850.9976,7719.51
7643,2023-01-27 00:00:00,7428.5215,7456.8
7644,2023-01-27 01:00:00,6982.516,6945.33
7645,2023-01-27 02:00:00,6481.4326,6458.09
7646,2023-01-27 03:00:00,6339.753,6457.42
7647,2023-01-27 04:00:00,6525.57,6402.27
7648,2023-01-27 05:00:00,6577.9346,6773.67
7649,2023-01-27 06:00:00,7202.067,7427.12
7650,2023-01-27 07:00:00,7640.348,7877.4
7651,2023-01-27 08:00:00,7869.739,8227.77
7652,2023-01-27 09:00:00,7957.415,8080.16
7653,2023-01-27 10:00:00,7811.038,7864.37
7654,2023-01-27 11:00:00,7754.7954,7547.26
7655,2023-01-27 12:00:00,7488.733,7747.71
7656,2023-01-27 13:00:00,7867.1357,7748.96
7657,2023-01-27 14:00:00,7922.007,8023.06
7658,2023-01-27 15:00:00,8501.432,8587.37
7659,2023-01-27 16:00:00,9134.504,9529.36
7660,2023-01-27 17:00:00,9975.013,9779.84
7661,2023-01-27 18:00:00,9797.643,9687.55
7662,2023-01-27 19:00:00,9422.99,9445.79
7663,2023-01-27 20:00:00,9036.464,9224.14
7664,2023-01-27 21:00:00,8719.801,8713.01
7665,2023-01-27 22:00:00,8311.9,8292.5
7666,2023-01-27 23:00:00,7971.716,8015.77
7667,2023-01-28 00:00:00,7611.1167,7659.34
7668,2023-01-28 01:00:00,7147.425,7193.67
7669,2023-01-28 02:00:00,6768.5444,6748.83
7670,2023-01-28 03:00:00,6551.365,6527.56
7671,2023-01-28 04:00:00,6499.63,6530.9
7672,2023-01-28 05:00:00,6575.1514,6741.19
7673,2023-01-28 06:00:00,6935.9395,6889.33
7674,2023-01-28 07:00:00,7016.7495,7137.04
7675,2023-01-28 08:00:00,7123.293,7197.31
7676,2023-01-28 09:00:00,6988.683,6867.79
7677,2023-01-28 10:00:00,6645.1636,6823.3
7678,2023-01-28 11:00:00,6718.6777,7016.05
7679,2023-01-28 12:00:00,7027.1562,7484.25
7680,2023-01-28 13:00:00,7773.7876,7968.92
7681,2023-01-28 14:00:00,8400.947,8560.88
7682,2023-01-28 15:00:00,9128.876,9077.14
7683,2023-01-28 16:00:00,9697.93,9894.9
7684,2023-01-28 17:00:00,10250.359,10705.8
7685,2023-01-28 18:00:00,10551.356,11035.01
7686,2023-01-28 19:00:00,10583.861,10679.35
7687,2023-01-28 20:00:00,10121.829,10229.37
7688,2023-01-28 21:00:00,9591.093,9527.18
7689,2023-01-28 22:00:00,8901.459,8985.04
7690,2023-01-28 23:00:00,8580.134,8480.53
7691,2023-01-29 00:00:00,8092.1377,7978.51
7692,2023-01-29 01:00:00,7484.5063,7405.83
7693,2023-01-29 02:00:00,6920.7993,6951.41
7694,2023-01-29 03:00:00,6722.3833,6789.07
7695,2023-01-29 04:00:00,6800.6626,6751.29
7696,2023-01-29 05:00:00,6874.5225,6875.8
7697,2023-01-29 06:00:00,6996.0786,6967.6
7698,2023-01-29 07:00:00,7058.069,7288.46
7699,2023-01-29 08:00:00,7362.915,7467.57
7700,2023-01-29 09:00:00,7275.504,7811.37
7701,2023-01-29 10:00:00,7707.603,7729.19
7702,2023-01-29 11:00:00,7612.5957,7864.57
7703,2023-01-29 12:00:00,7932.177,8696.59
7704,2023-01-29 13:00:00,9059.427,9199.92
7705,2023-01-29 14:00:00,9685.288,10217.49
7706,2023-01-29 15:00:00,10863.92,10297.69
7707,2023-01-29 16:00:00,10755.361,10227.06
7708,2023-01-29 17:00:00,10378.275,10340.7
7709,2023-01-29 18:00:00,10280.47,10040.68
7710,2023-01-29 19:00:00,9694.434,9679.29
7711,2023-01-29 20:00:00,9267.105,9414.11
7712,2023-01-29 21:00:00,8999.416,8642.48
7713,2023-01-29 22:00:00,8285.796,8264.03
7714,2023-01-29 23:00:00,7999.3833,7706.23
7715,2023-01-30 00:00:00,7436.9355,7424.91
7716,2023-01-30 01:00:00,6997.835,6920.82
7717,2023-01-30 02:00:00,6595.08,6600.48
7718,2023-01-30 03:00:00,6502.1816,6473.19
7719,2023-01-30 04:00:00,6548.2686,6606.01
7720,2023-01-30 05:00:00,6913.618,7126.33
7721,2023-01-30 06:00:00,7548.9663,8074.12
7722,2023-01-30 07:00:00,8512.561,8771.35
7723,2023-01-30 08:00:00,8816.831,9159.02
7724,2023-01-30 09:00:00,8989.575,9031.93
7725,2023-01-30 10:00:00,8728.913,8877.95
7726,2023-01-30 11:00:00,8803.192,8533.45
7727,2023-01-30 12:00:00,8519.121,8072.41
7728,2023-01-30 13:00:00,8043.0674,8593.86
7729,2023-01-30 14:00:00,9079.164,9224.72
7730,2023-01-30 15:00:00,9849.39,9458.86
7731,2023-01-30 16:00:00,10022.655,9605.94
7732,2023-01-30 17:00:00,10017.831,9596.95
7733,2023-01-30 18:00:00,9612.687,9410.62
7734,2023-01-30 19:00:00,9186.544,8967.2
7735,2023-01-30 20:00:00,8569.852,8667.06
7736,2023-01-30 21:00:00,8292.96,8189.41
7737,2023-01-30 22:00:00,7888.3965,7948.32
7738,2023-01-30 23:00:00,7664.0093,7706.8
7739,2023-01-31 00:00:00,7353.926,7430.38
7740,2023-01-31 01:00:00,6968.437,6842.84
7741,2023-01-31 02:00:00,6518.9624,6483.57
7742,2023-01-31 03:00:00,6422.134,6348.27
7743,2023-01-31 04:00:00,6523.658,6560.82
7744,2023-01-31 05:00:00,7124.7954,7024.71
7745,2023-01-31 06:00:00,7721.547,7839.32
7746,2023-01-31 07:00:00,8644.855,8015.46
7747,2023-01-31 08:00:00,8017.4517,7802.28
7748,2023-01-31 09:00:00,7558.6943,7954.93
7749,2023-01-31 10:00:00,7900.398,7786.22
7750,2023-01-31 11:00:00,7782.781,7788.34
7751,2023-01-31 12:00:00,7872.553,7545.88
7752,2023-01-31 13:00:00,7754.4727,7489.54
7753,2023-01-31 14:00:00,7808.5283,7649.19
7754,2023-01-31 15:00:00,8004.0083,8377.01
7755,2023-01-31 16:00:00,8936.185,8767.33
7756,2023-01-31 17:00:00,9101.829,9389.63
7757,2023-01-31 18:00:00,9522.879,9484.49
7758,2023-01-31 19:00:00,9287.173,9049.26
7759,2023-01-31 20:00:00,8708.258,8747.33
7760,2023-01-31 21:00:00,8350.562,8269.24
7761,2023-01-31 22:00:00,7968.4707,7975.13
7762,2023-01-31 23:00:00,7710.0864,7552.44
7763,2023-02-01 00:00:00,7294.142,7266.35
7764,2023-02-01 01:00:00,6757.3164,6816.17
7765,2023-02-01 02:00:00,6487.5483,6301.26
7766,2023-02-01 03:00:00,6213.915,6261.4
7767,2023-02-01 04:00:00,6519.9155,6387.61
7768,2023-02-01 05:00:00,6839.3433,6807.45
7769,2023-02-01 06:00:00,7445.6113,7601.15
7770,2023-02-01 07:00:00,7973.6255,7613.09
7771,2023-02-01 08:00:00,7462.3936,7487.73
7772,2023-02-01 09:00:00,7361.302,7000.2
7773,2023-02-01 10:00:00,6912.8643,6773.98
7774,2023-02-01 11:00:00,6732.533,6725.83
7775,2023-02-01 12:00:00,6806.756,6788.85
7776,2023-02-01 13:00:00,7006.4917,7090.58
7777,2023-02-01 14:00:00,7546.7114,7530.26
7778,2023-02-01 15:00:00,7987.052,8254.5
7779,2023-02-01 16:00:00,8791.226,8974.29
7780,2023-02-01 17:00:00,9368.15,9854.8
7781,2023-02-01 18:00:00,9952.639,9863.72
7782,2023-02-01 19:00:00,9515.225,9434.66
7783,2023-02-01 20:00:00,8990.595,9133.99
7784,2023-02-01 21:00:00,8601.331,8553.28
7785,2023-02-01 22:00:00,8067.8457,8163.6
7786,2023-02-01 23:00:00,7806.395,7810.44
7787,2023-02-02 00:00:00,7483.713,7439.58
7788,2023-02-02 01:00:00,6922.28,7032.27
7789,2023-02-02 02:00:00,6615.1035,6702.82
7790,2023-02-02 03:00:00,6576.172,6459.0
7791,2023-02-02 04:00:00,6539.4307,6709.37
7792,2023-02-02 05:00:00,7003.6714,6991.02
7793,2023-02-02 06:00:00,7579.6836,7892.2
7794,2023-02-02 07:00:00,8255.253,8088.41
7795,2023-02-02 08:00:00,7935.5127,8008.91
7796,2023-02-02 09:00:00,7747.0645,7754.0
7797,2023-02-02 10:00:00,7558.8877,7485.19
7798,2023-02-02 11:00:00,7378.176,7435.58
7799,2023-02-02 12:00:00,7460.6436,7722.95
7800,2023-02-02 13:00:00,7946.6855,8106.79
7801,2023-02-02 14:00:00,8483.868,8564.41
7802,2023-02-02 15:00:00,9004.254,9246.73
7803,2023-02-02 16:00:00,9781.117,10267.59
7804,2023-02-02 17:00:00,10676.412,10911.19
7805,2023-02-02 18:00:00,10822.855,11095.29
7806,2023-02-02 19:00:00,10627.894,10769.71
7807,2023-02-02 20:00:00,10218.704,10480.49
7808,2023-02-02 21:00:00,9821.316,9271.45
7809,2023-02-02 22:00:00,8616.501,8681.36
7810,2023-02-02 23:00:00,8301.375,8136.61
7811,2023-02-03 00:00:00,7824.8145,7650.02
7812,2023-02-03 01:00:00,7235.6787,7082.51
7813,2023-02-03 02:00:00,6711.466,6661.6
7814,2023-02-03 03:00:00,6550.929,6530.67
7815,2023-02-03 04:00:00,6679.7563,6568.66
7816,2023-02-03 05:00:00,6797.5723,7032.39
7817,2023-02-03 06:00:00,7736.214,7633.69
7818,2023-02-03 07:00:00,8006.002,7822.7
7819,2023-02-03 08:00:00,7861.9736,7304.13
7820,2023-02-03 09:00:00,7038.185,6848.5
7821,2023-02-03 10:00:00,6718.95,6465.8
7822,2023-02-03 11:00:00,6406.5806,6469.44
7823,2023-02-03 12:00:00,6714.335,6645.94
7824,2023-02-03 13:00:00,7016.5073,6828.95
7825,2023-02-03 14:00:00,7293.8726,7233.46
7826,2023-02-03 15:00:00,7834.49,7918.31
7827,2023-02-03 16:00:00,8696.591,8548.64
7828,2023-02-03 17:00:00,9214.652,9202.52
7829,2023-02-03 18:00:00,9385.7,9213.71
7830,2023-02-03 19:00:00,8957.696,9023.26
7831,2023-02-03 20:00:00,8753.258,8829.99
7832,2023-02-03 21:00:00,8422.557,8279.44
7833,2023-02-03 22:00:00,7924.7344,7947.61
7834,2023-02-03 23:00:00,7653.618,7620.0
7835,2023-02-04 00:00:00,7326.446,7326.45
7836,2023-02-04 01:00:00,6874.2144,6743.73
7837,2023-02-04 02:00:00,6400.7817,6317.14
7838,2023-02-04 03:00:00,6188.0044,6250.45
7839,2023-02-04 04:00:00,6305.645,6177.85
7840,2023-02-04 05:00:00,6211.9873,6282.36
7841,2023-02-04 06:00:00,6365.035,6542.44
7842,2023-02-04 07:00:00,6744.2036,6489.11
7843,2023-02-04 08:00:00,6354.4863,6168.29
7844,2023-02-04 09:00:00,5871.1035,5424.22
7845,2023-02-04 10:00:00,5219.419,4999.81
7846,2023-02-04 11:00:00,4897.8486,4748.76
7847,2023-02-04 12:00:00,4753.4507,4663.84
7848,2023-02-04 13:00:00,4809.5605,4750.74
7849,2023-02-04 14:00:00,5031.3403,5013.99
7850,2023-02-04 15:00:00,5603.851,5639.66
7851,2023-02-04 16:00:00,6337.239,6521.55
7852,2023-02-04 17:00:00,7302.0356,7473.1
7853,2023-02-04 18:00:00,7899.0073,8042.72
7854,2023-02-04 19:00:00,8009.484,8088.12
7855,2023-02-04 20:00:00,7915.811,7917.08
7856,2023-02-04 21:00:00,7689.2944,7571.7
7857,2023-02-04 22:00:00,7322.1562,7327.23
7858,2023-02-04 23:00:00,7146.209,6992.83
7859,2023-02-05 00:00:00,6799.0293,6677.47
7860,2023-02-05 01:00:00,6364.0386,6288.14
7861,2023-02-05 02:00:00,6020.9424,5963.41
7862,2023-02-05 03:00:00,5828.793,5842.43
7863,2023-02-05 04:00:00,5904.16,5838.16
7864,2023-02-05 05:00:00,5984.575,5969.6
7865,2023-02-05 06:00:00,6203.266,6079.08
7866,2023-02-05 07:00:00,6212.926,5979.79
7867,2023-02-05 08:00:00,5784.904,5717.48
7868,2023-02-05 09:00:00,5456.3096,5216.02
7869,2023-02-05 10:00:00,4976.542,4891.18
7870,2023-02-05 11:00:00,4817.452,4753.22
7871,2023-02-05 12:00:00,4808.4863,4820.69
7872,2023-02-05 13:00:00,4971.397,4971.92
7873,2023-02-05 14:00:00,5261.005,5391.9
7874,2023-02-05 15:00:00,5990.3623,6151.68
7875,2023-02-05 16:00:00,6993.1245,7083.72
7876,2023-02-05 17:00:00,7830.819,8235.27
7877,2023-02-05 18:00:00,8637.019,8833.87
7878,2023-02-05 19:00:00,8717.157,8512.75
7879,2023-02-05 20:00:00,8146.5645,8430.42
7880,2023-02-05 21:00:00,7975.7563,7832.14
7881,2023-02-05 22:00:00,7493.709,7508.01
7882,2023-02-05 23:00:00,7202.7095,7219.11
7883,2023-02-06 00:00:00,6945.1777,6928.39
7884,2023-02-06 01:00:00,6537.027,6665.57
7885,2023-02-06 02:00:00,6336.1494,6353.38
7886,2023-02-06 03:00:00,6163.8076,6319.16
7887,2023-02-06 04:00:00,6464.1064,6446.83
7888,2023-02-06 05:00:00,6752.105,6921.87
7889,2023-02-06 06:00:00,7456.912,7743.0
7890,2023-02-06 07:00:00,8087.4033,7898.61
7891,2023-02-06 08:00:00,7682.377,7759.11
7892,2023-02-06 09:00:00,7477.0225,7582.03
7893,2023-02-06 10:00:00,7331.1606,7288.56
7894,2023-02-06 11:00:00,7217.5156,7073.84
7895,2023-02-06 12:00:00,7067.9907,7028.75
7896,2023-02-06 13:00:00,7111.4917,7540.47
7897,2023-02-06 14:00:00,7946.861,7925.76
7898,2023-02-06 15:00:00,8518.648,8760.8
7899,2023-02-06 16:00:00,9514.275,9697.65
7900,2023-02-06 17:00:00,10380.672,10475.61
7901,2023-02-06 18:00:00,10665.241,10410.23
7902,2023-02-06 19:00:00,10039.081,9861.87
7903,2023-02-06 20:00:00,9356.878,9426.32
7904,2023-02-06 21:00:00,8802.384,8774.88
7905,2023-02-06 22:00:00,8269.74,8307.02
7906,2023-02-06 23:00:00,7900.48,7905.97
7907,2023-02-07 00:00:00,7579.808,7654.22
7908,2023-02-07 01:00:00,7151.4614,7053.63
7909,2023-02-07 02:00:00,6634.806,6775.46
7910,2023-02-07 03:00:00,6655.7573,6609.88
7911,2023-02-07 04:00:00,6745.594,6741.22
7912,2023-02-07 05:00:00,7110.3867,7125.89
7913,2023-02-07 06:00:00,7716.219,7970.92
7914,2023-02-07 07:00:00,8166.7114,8246.28
7915,2023-02-07 08:00:00,8007.987,8286.36
7916,2023-02-07 09:00:00,7942.855,8158.69
7917,2023-02-07 10:00:00,7957.607,7699.14
7918,2023-02-07 11:00:00,7486.93,7846.08
7919,2023-02-07 12:00:00,7982.967,7921.28
7920,2023-02-07 13:00:00,8123.391,7978.53
7921,2023-02-07 14:00:00,8434.371,8199.46
7922,2023-02-07 15:00:00,8819.528,8937.38
7923,2023-02-07 16:00:00,9715.477,9635.18
7924,2023-02-07 17:00:00,10310.987,10071.27
7925,2023-02-07 18:00:00,10056.552,9862.05
7926,2023-02-07 19:00:00,9509.388,9391.08
7927,2023-02-07 20:00:00,8941.829,9173.25
7928,2023-02-07 21:00:00,8600.576,8553.93
7929,2023-02-07 22:00:00,8088.4004,8151.91
7930,2023-02-07 23:00:00,7806.8955,7772.62
7931,2023-02-08 00:00:00,7457.5312,7509.56
7932,2023-02-08 01:00:00,6998.489,6994.98
7933,2023-02-08 02:00:00,6623.09,6460.68
7934,2023-02-08 03:00:00,6390.9375,6368.33
7935,2023-02-08 04:00:00,6485.3677,6470.72
7936,2023-02-08 05:00:00,6895.7373,6962.26
7937,2023-02-08 06:00:00,7658.466,7813.86
7938,2023-02-08 07:00:00,8145.7783,8054.21
7939,2023-02-08 08:00:00,7999.572,8154.4
7940,2023-02-08 09:00:00,7887.522,7974.66
7941,2023-02-08 10:00:00,7686.436,7718.75
7942,2023-02-08 11:00:00,7663.902,7791.37
7943,2023-02-08 12:00:00,7880.3096,7837.15
7944,2023-02-08 13:00:00,8000.353,7928.69
7945,2023-02-08 14:00:00,8325.867,8055.5
7946,2023-02-08 15:00:00,8661.926,8248.86
7947,2023-02-08 16:00:00,8954.995,8751.39
7948,2023-02-08 17:00:00,9406.277,9195.65
7949,2023-02-08 18:00:00,9354.065,9337.28
7950,2023-02-08 19:00:00,9052.276,9070.34
7951,2023-02-08 20:00:00,8722.492,8870.81
7952,2023-02-08 21:00:00,8409.959,8378.53
7953,2023-02-08 22:00:00,8002.7744,8075.16
7954,2023-02-08 23:00:00,7732.2715,7679.53
7955,2023-02-09 00:00:00,7344.2188,7449.08
7956,2023-02-09 01:00:00,6937.6514,7043.77
7957,2023-02-09 02:00:00,6617.2964,6565.36
7958,2023-02-09 03:00:00,6421.8184,6407.94
7959,2023-02-09 04:00:00,6458.023,6537.13
7960,2023-02-09 05:00:00,6964.496,7042.35
7961,2023-02-09 06:00:00,7749.4043,7817.47
7962,2023-02-09 07:00:00,8141.7183,8354.12
7963,2023-02-09 08:00:00,8326.33,8432.77
7964,2023-02-09 09:00:00,8178.4204,8485.8
7965,2023-02-09 10:00:00,8182.2964,8457.48
7966,2023-02-09 11:00:00,8289.5205,8402.0
7967,2023-02-09 12:00:00,8416.53,7899.62
7968,2023-02-09 13:00:00,7875.131,7961.44
7969,2023-02-09 14:00:00,8221.669,7851.59
7970,2023-02-09 15:00:00,8106.552,8002.95
7971,2023-02-09 16:00:00,8517.598,8219.71
7972,2023-02-09 17:00:00,8782.166,8779.09
7973,2023-02-09 18:00:00,9129.04,8754.12
7974,2023-02-09 19:00:00,8599.877,8748.85
7975,2023-02-09 20:00:00,8543.749,8408.27
7976,2023-02-09 21:00:00,8104.8306,8050.03
7977,2023-02-09 22:00:00,7742.5244,7746.89
7978,2023-02-09 23:00:00,7522.8555,7443.66
7979,2023-02-10 00:00:00,7197.9517,7285.47
7980,2023-02-10 01:00:00,6900.674,6737.46
7981,2023-02-10 02:00:00,6436.888,6455.22
7982,2023-02-10 03:00:00,6381.57,6310.15
7983,2023-02-10 04:00:00,6408.523,6403.92
7984,2023-02-10 05:00:00,6781.9736,6923.04
7985,2023-02-10 06:00:00,7528.4746,7637.1
7986,2023-02-10 07:00:00,8003.3877,7750.53
7987,2023-02-10 08:00:00,7598.564,7319.79
7988,2023-02-10 09:00:00,6961.18,6831.56
7989,2023-02-10 10:00:00,6653.259,6518.84
7990,2023-02-10 11:00:00,6472.8643,6689.48
7991,2023-02-10 12:00:00,6838.4893,6799.61
7992,2023-02-10 13:00:00,6972.587,7064.17
7993,2023-02-10 14:00:00,7412.0913,7535.46
7994,2023-02-10 15:00:00,7993.0605,8478.35
7995,2023-02-10 16:00:00,9141.022,9358.32
7996,2023-02-10 17:00:00,9919.344,10046.16
7997,2023-02-10 18:00:00,10168.151,10093.51
7998,2023-02-10 19:00:00,9807.115,9660.73
7999,2023-02-10 20:00:00,9281.199,9285.75
8000,2023-02-10 21:00:00,8753.152,8686.76
8001,2023-02-10 22:00:00,8238.546,8184.76
8002,2023-02-10 23:00:00,7806.857,7862.59
8003,2023-02-11 00:00:00,7531.8877,7486.61
8004,2023-02-11 01:00:00,7011.95,6821.59
8005,2023-02-11 02:00:00,6497.1113,6456.29
8006,2023-02-11 03:00:00,6338.4014,6248.84
8007,2023-02-11 04:00:00,6296.89,6309.25
8008,2023-02-11 05:00:00,6427.6455,6424.07
8009,2023-02-11 06:00:00,6538.891,6649.91
8010,2023-02-11 07:00:00,6697.5127,6750.73
8011,2023-02-11 08:00:00,6592.3545,6908.66
8012,2023-02-11 09:00:00,6768.5845,6637.84
8013,2023-02-11 10:00:00,6410.1987,6148.02
8014,2023-02-11 11:00:00,5987.4917,6331.36
8015,2023-02-11 12:00:00,6462.589,6860.86
8016,2023-02-11 13:00:00,7288.252,7391.08
8017,2023-02-11 14:00:00,7852.4736,8040.68
8018,2023-02-11 15:00:00,8829.405,8750.76
8019,2023-02-11 16:00:00,9560.647,9939.43
8020,2023-02-11 17:00:00,10536.086,10475.93
8021,2023-02-11 18:00:00,10440.532,10729.87
8022,2023-02-11 19:00:00,10369.068,10080.47
8023,2023-02-11 20:00:00,9528.582,9706.79
8024,2023-02-11 21:00:00,9124.216,9118.47
8025,2023-02-11 22:00:00,8555.615,8425.46
8026,2023-02-11 23:00:00,8016.7764,7832.83
8027,2023-02-12 00:00:00,7516.0776,7375.62
8028,2023-02-12 01:00:00,6890.56,6722.85
8029,2023-02-12 02:00:00,6356.3564,6414.29
8030,2023-02-12 03:00:00,6299.688,6306.6
8031,2023-02-12 04:00:00,6339.947,6197.14
8032,2023-02-12 05:00:00,6284.942,6419.48
8033,2023-02-12 06:00:00,6711.3027,6412.51
8034,2023-02-12 07:00:00,6513.4014,6474.8
8035,2023-02-12 08:00:00,6468.4976,6341.59
8036,2023-02-12 09:00:00,6208.864,6208.34
8037,2023-02-12 10:00:00,6094.41,6107.1
8038,2023-02-12 11:00:00,6239.121,6211.39
8039,2023-02-12 12:00:00,6361.196,6234.61
8040,2023-02-12 13:00:00,6509.1255,6548.15
8041,2023-02-12 14:00:00,7021.7563,6843.52
8042,2023-02-12 15:00:00,7580.22,7349.9
8043,2023-02-12 16:00:00,8225.486,8344.08
8044,2023-02-12 17:00:00,9159.207,9091.97
8045,2023-02-12 18:00:00,9238.517,9156.64
8046,2023-02-12 19:00:00,8880.758,8928.63
8047,2023-02-12 20:00:00,8582.348,8755.23
8048,2023-02-12 21:00:00,8262.39,8053.75
8049,2023-02-12 22:00:00,7657.63,7657.75
8050,2023-02-12 23:00:00,7360.391,7267.16
8051,2023-02-13 00:00:00,6979.962,7072.85
8052,2023-02-13 01:00:00,6626.9023,6543.7
8053,2023-02-13 02:00:00,6265.654,6367.9
8054,2023-02-13 03:00:00,6289.1123,6252.41
8055,2023-02-13 04:00:00,6394.216,6394.94
8056,2023-02-13 05:00:00,6814.535,6907.65
8057,2023-02-13 06:00:00,7568.0137,7724.67
8058,2023-02-13 07:00:00,7972.784,7987.34
8059,2023-02-13 08:00:00,7832.09,7960.48
8060,2023-02-13 09:00:00,7699.6045,7695.83
8061,2023-02-13 10:00:00,7368.3477,7536.8
8062,2023-02-13 11:00:00,7445.2686,7333.1
8063,2023-02-13 12:00:00,7407.17,7226.3
8064,2023-02-13 13:00:00,7425.1245,7020.13
8065,2023-02-13 14:00:00,7281.056,7039.68
8066,2023-02-13 15:00:00,7445.0083,7540.0
8067,2023-02-13 16:00:00,8235.782,8078.57
8068,2023-02-13 17:00:00,8813.293,8708.57
8069,2023-02-13 18:00:00,9065.736,8604.9
8070,2023-02-13 19:00:00,8410.66,8416.92
8071,2023-02-13 20:00:00,8189.4546,8219.05
8072,2023-02-13 21:00:00,7860.8774,7758.28
8073,2023-02-13 22:00:00,7426.047,7616.78
8074,2023-02-13 23:00:00,7323.8174,7345.66
8075,2023-02-14 00:00:00,7126.6255,7066.28
8076,2023-02-14 01:00:00,6678.0,6603.15
8077,2023-02-14 02:00:00,6349.37,6256.16
8078,2023-02-14 03:00:00,6178.5874,6149.41
8079,2023-02-14 04:00:00,6335.4087,6323.44
8080,2023-02-14 05:00:00,6847.009,6810.48
8081,2023-02-14 06:00:00,7596.8574,7654.32
8082,2023-02-14 07:00:00,7942.476,7874.39
8083,2023-02-14 08:00:00,7759.5376,7898.22
8084,2023-02-14 09:00:00,7633.0933,7749.52
8085,2023-02-14 10:00:00,7477.69,7645.98
8086,2023-02-14 11:00:00,7541.9595,7421.22
8087,2023-02-14 12:00:00,7406.506,7432.3
8088,2023-02-14 13:00:00,7554.049,7382.78
8089,2023-02-14 14:00:00,7569.9243,7435.54
8090,2023-02-14 15:00:00,7757.824,7512.66
8091,2023-02-14 16:00:00,8057.1143,7725.08
8092,2023-02-14 17:00:00,8172.0825,8218.18
8093,2023-02-14 18:00:00,8578.166,8320.34
8094,2023-02-14 19:00:00,8221.573,8298.36
8095,2023-02-14 20:00:00,8067.6475,8094.86
8096,2023-02-14 21:00:00,7804.3623,7743.45
8097,2023-02-14 22:00:00,7379.111,7533.04
8098,2023-02-14 23:00:00,7320.417,7364.1
8099,2023-02-15 00:00:00,7165.9746,7111.1
8100,2023-02-15 01:00:00,6641.49,6671.5
8101,2023-02-15 02:00:00,6360.1206,6305.92
8102,2023-02-15 03:00:00,6185.172,6188.33
8103,2023-02-15 04:00:00,6296.0674,6324.39
8104,2023-02-15 05:00:00,6779.7524,6823.65
8105,2023-02-15 06:00:00,7608.0444,7575.24
8106,2023-02-15 07:00:00,7888.0264,7756.7
8107,2023-02-15 08:00:00,7698.964,7347.95
8108,2023-02-15 09:00:00,7083.998,6865.49
8109,2023-02-15 10:00:00,6613.666,6546.86
8110,2023-02-15 11:00:00,6540.8677,6368.09
8111,2023-02-15 12:00:00,6408.5684,6372.6
8112,2023-02-15 13:00:00,6480.1377,6537.82
8113,2023-02-15 14:00:00,6798.777,6727.38
8114,2023-02-15 15:00:00,7074.83,7271.96
8115,2023-02-15 16:00:00,7857.3174,8057.42
8116,2023-02-15 17:00:00,8678.194,8929.07
8117,2023-02-15 18:00:00,9061.07,9270.93
8118,2023-02-15 19:00:00,8953.027,8904.2
8119,2023-02-15 20:00:00,8508.787,8637.12
8120,2023-02-15 21:00:00,8206.689,8141.57
8121,2023-02-15 22:00:00,7751.0156,7875.3
8122,2023-02-15 23:00:00,7535.426,7598.66
8123,2023-02-16 00:00:00,7283.44,7298.83
8124,2023-02-16 01:00:00,6789.3105,6782.07
8125,2023-02-16 02:00:00,6383.0786,6413.92
8126,2023-02-16 03:00:00,6313.259,6320.93
8127,2023-02-16 04:00:00,6428.523,6452.76
8128,2023-02-16 05:00:00,6870.485,6930.35
8129,2023-02-16 06:00:00,7651.3213,7605.43
8130,2023-02-16 07:00:00,7884.389,7587.56
8131,2023-02-16 08:00:00,7290.0557,7236.95
8132,2023-02-16 09:00:00,6770.3037,6730.07
8133,2023-02-16 10:00:00,6429.878,6442.08
8134,2023-02-16 11:00:00,6406.5127,6418.2
8135,2023-02-16 12:00:00,6541.2017,6628.08
8136,2023-02-16 13:00:00,6894.2983,7109.22
8137,2023-02-16 14:00:00,7473.594,7604.42
8138,2023-02-16 15:00:00,8211.83,8513.46
8139,2023-02-16 16:00:00,9401.478,9445.49
8140,2023-02-16 17:00:00,10016.342,10191.04
8141,2023-02-16 18:00:00,10259.889,10286.25
8142,2023-02-16 19:00:00,9840.94,9871.27
8143,2023-02-16 20:00:00,9368.118,9442.32
8144,2023-02-16 21:00:00,8804.28,8720.48
8145,2023-02-16 22:00:00,8164.783,8319.96
8146,2023-02-16 23:00:00,7913.9927,7829.28
8147,2023-02-17 00:00:00,7451.9443,7576.74
8148,2023-02-17 01:00:00,7035.858,7011.01
8149,2023-02-17 02:00:00,6590.279,6535.25
8150,2023-02-17 03:00:00,6381.7295,6444.15
8151,2023-02-17 04:00:00,6492.366,6577.29
8152,2023-02-17 05:00:00,7010.9204,7084.63
8153,2023-02-17 06:00:00,7697.3623,7675.08
8154,2023-02-17 07:00:00,7830.605,7941.37
8155,2023-02-17 08:00:00,7778.05,7787.82
8156,2023-02-17 09:00:00,7368.7944,7380.46
8157,2023-02-17 10:00:00,7084.2744,7138.73
8158,2023-02-17 11:00:00,7105.2393,7347.23
8159,2023-02-17 12:00:00,7533.8867,7644.26
8160,2023-02-17 13:00:00,7903.0586,8073.78
8161,2023-02-17 14:00:00,8515.313,8644.59
8162,2023-02-17 15:00:00,9343.482,9504.64
8163,2023-02-17 16:00:00,10249.476,10396.37
8164,2023-02-17 17:00:00,10886.445,10788.59
8165,2023-02-17 18:00:00,10750.255,10642.33
8166,2023-02-17 19:00:00,10221.822,10150.66
8167,2023-02-17 20:00:00,9603.852,9669.7
8168,2023-02-17 21:00:00,8969.348,8947.56
8169,2023-02-17 22:00:00,8404.12,8535.13
8170,2023-02-17 23:00:00,8066.7754,8170.95
8171,2023-02-18 00:00:00,7753.607,7651.33
8172,2023-02-18 01:00:00,7085.9233,7189.14
8173,2023-02-18 02:00:00,6774.412,6721.11
8174,2023-02-18 03:00:00,6532.841,6616.23
8175,2023-02-18 04:00:00,6653.108,6530.74
8176,2023-02-18 05:00:00,6638.9644,6720.35
8177,2023-02-18 06:00:00,6874.4717,6968.62
8178,2023-02-18 07:00:00,7103.044,7004.98
8179,2023-02-18 08:00:00,6965.214,7005.84
8180,2023-02-18 09:00:00,6844.4355,6955.28
8181,2023-02-18 10:00:00,6848.537,6788.27
8182,2023-02-18 11:00:00,6823.7793,7087.83
8183,2023-02-18 12:00:00,7526.7485,7603.12
8184,2023-02-18 13:00:00,8094.9517,8272.49
8185,2023-02-18 14:00:00,8906.156,9419.43
8186,2023-02-18 15:00:00,10180.394,10694.11
8187,2023-02-18 16:00:00,11210.959,10679.12
8188,2023-02-18 17:00:00,10638.94,10496.13
8189,2023-02-18 18:00:00,10205.646,9788.95
8190,2023-02-18 19:00:00,9461.459,9244.55
8191,2023-02-18 20:00:00,8713.957,8580.64
8192,2023-02-18 21:00:00,8114.8496,8114.31
8193,2023-02-18 22:00:00,7741.166,7726.43
8194,2023-02-18 23:00:00,7402.5176,7401.15
8195,2023-02-19 00:00:00,7115.8213,7079.81
8196,2023-02-19 01:00:00,6665.88,6657.45
8197,2023-02-19 02:00:00,6424.1094,6349.34
8198,2023-02-19 03:00:00,6254.7686,6227.24
8199,2023-02-19 04:00:00,6261.274,6246.95
8200,2023-02-19 05:00:00,6405.6123,6333.73
8201,2023-02-19 06:00:00,6406.6245,6546.45
8202,2023-02-19 07:00:00,6612.8296,6433.62
8203,2023-02-19 08:00:00,6281.0596,6559.22
8204,2023-02-19 09:00:00,6456.129,6386.17
8205,2023-02-19 10:00:00,6219.757,6480.08
8206,2023-02-19 11:00:00,6578.049,6634.03
8207,2023-02-19 12:00:00,6918.806,6638.81
8208,2023-02-19 13:00:00,6884.845,6779.33
8209,2023-02-19 14:00:00,7162.088,7109.42
8210,2023-02-19 15:00:00,7801.0386,7857.59
8211,2023-02-19 16:00:00,8689.711,8746.25
8212,2023-02-19 17:00:00,9145.182,9661.52
8213,2023-02-19 18:00:00,9552.773,9914.0
8214,2023-02-19 19:00:00,9562.025,9535.14
8215,2023-02-19 20:00:00,9086.286,9245.47
8216,2023-02-19 21:00:00,8611.071,8674.48
8217,2023-02-19 22:00:00,8189.3213,8090.26
8218,2023-02-19 23:00:00,7758.3237,7678.88
8219,2023-02-20 00:00:00,7355.0293,7356.84
8220,2023-02-20 01:00:00,6857.283,6911.55
8221,2023-02-20 02:00:00,6565.687,6597.03
8222,2023-02-20 03:00:00,6474.545,6548.41
8223,2023-02-20 04:00:00,6711.8535,6736.72
8224,2023-02-20 05:00:00,7180.1094,7232.31
8225,2023-02-20 06:00:00,7910.92,8085.8
8226,2023-02-20 07:00:00,8329.945,8318.38
8227,2023-02-20 08:00:00,8224.704,8469.17
8228,2023-02-20 09:00:00,8259.429,8133.56
8229,2023-02-20 10:00:00,7915.2344,7671.29
8230,2023-02-20 11:00:00,7555.9614,7904.57
8231,2023-02-20 12:00:00,8059.5273,8200.55
8232,2023-02-20 13:00:00,8413.85,8716.97
8233,2023-02-20 14:00:00,9072.999,9274.71
8234,2023-02-20 15:00:00,9882.91,10403.26
8235,2023-02-20 16:00:00,11033.562,11268.23
8236,2023-02-20 17:00:00,11510.39,11806.6
8237,2023-02-20 18:00:00,11588.33,11786.89
8238,2023-02-20 19:00:00,11286.459,10745.82
8239,2023-02-20 20:00:00,10046.943,10014.39
8240,2023-02-20 21:00:00,9369.439,9044.57
8241,2023-02-20 22:00:00,8495.622,8490.91
8242,2023-02-20 23:00:00,8102.64,7965.13
8243,2023-02-21 00:00:00,7638.411,7675.76
8244,2023-02-21 01:00:00,7201.908,7181.87
8245,2023-02-21 02:00:00,6798.786,6691.35
8246,2023-02-21 03:00:00,6619.069,6543.09
8247,2023-02-21 04:00:00,6707.2217,6720.31
8248,2023-02-21 05:00:00,7295.2515,7144.92
8249,2023-02-21 06:00:00,7909.7964,8063.42
8250,2023-02-21 07:00:00,8338.266,8456.82
8251,2023-02-21 08:00:00,8383.142,8380.72
8252,2023-02-21 09:00:00,8122.6074,8240.08
8253,2023-02-21 10:00:00,8047.3184,8090.3
8254,2023-02-21 11:00:00,8085.496,7951.44
8255,2023-02-21 12:00:00,7988.036,8315.95
8256,2023-02-21 13:00:00,8536.729,8519.29
8257,2023-02-21 14:00:00,8743.346,9124.11
8258,2023-02-21 15:00:00,9798.9,9857.99
8259,2023-02-21 16:00:00,10639.616,10659.43
8260,2023-02-21 17:00:00,11279.258,10615.85
8261,2023-02-21 18:00:00,10329.882,10159.89
8262,2023-02-21 19:00:00,9741.785,9547.74
8263,2023-02-21 20:00:00,9061.687,9090.32
8264,2023-02-21 21:00:00,8604.987,8374.76
8265,2023-02-21 22:00:00,8009.7075,7954.76
8266,2023-02-21 23:00:00,7658.537,7606.13
8267,2023-02-22 00:00:00,7387.312,7396.52
8268,2023-02-22 01:00:00,6956.2686,6882.69
8269,2023-02-22 02:00:00,6584.092,6525.88
8270,2023-02-22 03:00:00,6493.917,6411.51
8271,2023-02-22 04:00:00,6634.549,6529.0
8272,2023-02-22 05:00:00,7107.22,6890.17
8273,2023-02-22 06:00:00,7713.9814,7815.2
8274,2023-02-22 07:00:00,8236.668,8320.96
8275,2023-02-22 08:00:00,8332.412,8287.27
8276,2023-02-22 09:00:00,7975.412,8139.87
8277,2023-02-22 10:00:00,7852.881,7906.41
8278,2023-02-22 11:00:00,7810.3765,7787.29
8279,2023-02-22 12:00:00,7890.7314,7707.12
8280,2023-02-22 13:00:00,7816.0137,7645.29
8281,2023-02-22 14:00:00,7777.011,7492.02
8282,2023-02-22 15:00:00,7712.9775,7574.59
8283,2023-02-22 16:00:00,7904.3555,8014.67
8284,2023-02-22 17:00:00,8584.905,8269.16
8285,2023-02-22 18:00:00,8382.568,8384.18
8286,2023-02-22 19:00:00,8253.722,8462.19
8287,2023-02-22 20:00:00,8275.447,8214.97
8288,2023-02-22 21:00:00,7909.5986,7727.98
8289,2023-02-22 22:00:00,7492.7573,7497.82
8290,2023-02-22 23:00:00,7324.6587,7349.8
8291,2023-02-23 00:00:00,7199.1,7180.89
8292,2023-02-23 01:00:00,6791.573,6612.37
8293,2023-02-23 02:00:00,6357.7754,6288.65
8294,2023-02-23 03:00:00,6198.4907,6221.98
8295,2023-02-23 04:00:00,6354.167,6288.33
8296,2023-02-23 05:00:00,6757.592,6834.98
8297,2023-02-23 06:00:00,7607.491,7615.13
8298,2023-02-23 07:00:00,7858.195,7748.03
8299,2023-02-23 08:00:00,7499.297,7700.1
8300,2023-02-23 09:00:00,7316.7363,7495.27
8301,2023-02-23 10:00:00,7117.6157,7241.17
8302,2023-02-23 11:00:00,7200.8467,6997.34
8303,2023-02-23 12:00:00,7033.352,6900.07
8304,2023-02-23 13:00:00,6975.0874,6916.83
8305,2023-02-23 14:00:00,7167.109,6952.58
8306,2023-02-23 15:00:00,7248.7764,7022.85
8307,2023-02-23 16:00:00,7536.8643,7647.6
8308,2023-02-23 17:00:00,8357.818,8283.67
8309,2023-02-23 18:00:00,8533.546,8569.9
8310,2023-02-23 19:00:00,8435.053,8560.82
8311,2023-02-23 20:00:00,8302.215,8346.84
8312,2023-02-23 21:00:00,7996.3467,7805.27
8313,2023-02-23 22:00:00,7503.7163,7641.2
8314,2023-02-23 23:00:00,7469.8374,7452.23
8315,2023-02-24 00:00:00,7272.689,7248.27
8316,2023-02-24 01:00:00,6815.197,6772.95
8317,2023-02-24 02:00:00,6434.17,6448.83
8318,2023-02-24 03:00:00,6350.752,6373.18
8319,2023-02-24 04:00:00,6472.0737,6478.53
8320,2023-02-24 05:00:00,6951.814,6800.53
8321,2023-02-24 06:00:00,7454.189,7684.88
8322,2023-02-24 07:00:00,7891.185,7915.85
8323,2023-02-24 08:00:00,7715.5283,7422.53
8324,2023-02-24 09:00:00,6964.45,6983.97
8325,2023-02-24 10:00:00,6754.3726,6888.3
8326,2023-02-24 11:00:00,6926.0527,6919.67
8327,2023-02-24 12:00:00,7160.1904,6715.5
8328,2023-02-24 13:00:00,6896.7705,6564.28
8329,2023-02-24 14:00:00,6686.027,6477.15
8330,2023-02-24 15:00:00,6762.395,6892.19
8331,2023-02-24 16:00:00,7562.5225,7597.93
8332,2023-02-24 17:00:00,8352.021,8344.2
8333,2023-02-24 18:00:00,8677.068,8525.94
8334,2023-02-24 19:00:00,8410.585,8484.85
8335,2023-02-24 20:00:00,8198.074,8254.92
8336,2023-02-24 21:00:00,7853.3413,7918.12
8337,2023-02-24 22:00:00,7639.0933,7746.83
8338,2023-02-24 23:00:00,7512.2363,7494.15
8339,2023-02-25 00:00:00,7315.1704,7250.7
8340,2023-02-25 01:00:00,6757.8164,6682.29
8341,2023-02-25 02:00:00,6361.3433,6295.81
8342,2023-02-25 03:00:00,6175.237,6192.93
8343,2023-02-25 04:00:00,6241.804,6188.7
8344,2023-02-25 05:00:00,6289.5674,6387.19
8345,2023-02-25 06:00:00,6580.955,6776.54
8346,2023-02-25 07:00:00,6903.4883,6794.82
8347,2023-02-25 08:00:00,6708.2563,6484.02
8348,2023-02-25 09:00:00,6224.4404,5909.92
8349,2023-02-25 10:00:00,5706.7964,5718.56
8350,2023-02-25 11:00:00,5710.385,5570.19
8351,2023-02-25 12:00:00,5633.502,5536.29
8352,2023-02-25 13:00:00,5614.721,5677.31
8353,2023-02-25 14:00:00,5956.3457,5846.88
8354,2023-02-25 15:00:00,6279.317,6364.83
8355,2023-02-25 16:00:00,7180.3545,7151.1
8356,2023-02-25 17:00:00,8046.259,8059.41
8357,2023-02-25 18:00:00,8508.321,8537.68
8358,2023-02-25 19:00:00,8394.8,8455.65
8359,2023-02-25 20:00:00,8134.8926,8157.14
8360,2023-02-25 21:00:00,7802.959,7810.41
8361,2023-02-25 22:00:00,7493.677,7599.25
8362,2023-02-25 23:00:00,7370.8223,7236.19
8363,2023-02-26 00:00:00,7022.2124,7027.53
8364,2023-02-26 01:00:00,6591.256,6497.82
8365,2023-02-26 02:00:00,6223.462,6208.9
8366,2023-02-26 03:00:00,6112.3794,6056.49
8367,2023-02-26 04:00:00,6033.584,6059.67
8368,2023-02-26 05:00:00,6130.942,6189.87
8369,2023-02-26 06:00:00,6372.2476,6412.61
8370,2023-02-26 07:00:00,6504.494,6283.63
8371,2023-02-26 08:00:00,6051.819,6211.44
8372,2023-02-26 09:00:00,5923.553,5715.09
8373,2023-02-26 10:00:00,5444.4624,5453.65
8374,2023-02-26 11:00:00,5424.7373,5312.58
8375,2023-02-26 12:00:00,5339.006,5684.73
8376,2023-02-26 13:00:00,5923.112,6208.01
8377,2023-02-26 14:00:00,6533.5464,6745.64
8378,2023-02-26 15:00:00,7311.506,7858.91
8379,2023-02-26 16:00:00,8793.921,9103.79
8380,2023-02-26 17:00:00,9875.69,9890.08
8381,2023-02-26 18:00:00,9968.236,9942.81
8382,2023-02-26 19:00:00,9549.355,9659.51
8383,2023-02-26 20:00:00,9196.481,9252.09
8384,2023-02-26 21:00:00,8677.862,8563.56
8385,2023-02-26 22:00:00,8028.4434,8018.32
8386,2023-02-26 23:00:00,7634.7344,7558.25
8387,2023-02-27 00:00:00,7230.9194,7282.84
8388,2023-02-27 01:00:00,6757.622,6818.72
8389,2023-02-27 02:00:00,6437.272,6436.9
8390,2023-02-27 03:00:00,6260.4067,6369.18
8391,2023-02-27 04:00:00,6446.1743,6588.09
8392,2023-02-27 05:00:00,7022.808,7002.31
8393,2023-02-27 06:00:00,7630.6763,7919.35
8394,2023-02-27 07:00:00,8283.095,8231.63
8395,2023-02-27 08:00:00,8155.2095,8126.27
8396,2023-02-27 09:00:00,7823.2563,7986.86
8397,2023-02-27 10:00:00,7761.6787,7627.51
8398,2023-02-27 11:00:00,7538.8325,7468.36
8399,2023-02-27 12:00:00,7619.933,7458.53
8400,2023-02-27 13:00:00,7563.83,7890.81
8401,2023-02-27 14:00:00,8352.258,8248.84
8402,2023-02-27 15:00:00,8960.672,8771.69
8403,2023-02-27 16:00:00,9728.065,9296.97
8404,2023-02-27 17:00:00,9962.647,9838.28
8405,2023-02-27 18:00:00,9876.89,9487.44
8406,2023-02-27 19:00:00,9036.739,9357.16
8407,2023-02-27 20:00:00,8899.531,8812.95
8408,2023-02-27 21:00:00,8330.718,8227.42
8409,2023-02-27 22:00:00,7819.7495,8003.89
8410,2023-02-27 23:00:00,7675.1113,7722.49
8411,2023-02-28 00:00:00,7427.6904,7395.18
8412,2023-02-28 01:00:00,6898.3677,6951.51
8413,2023-02-28 02:00:00,6575.4614,6563.24
8414,2023-02-28 03:00:00,6459.618,6385.57
8415,2023-02-28 04:00:00,6551.4136,6624.42
8416,2023-02-28 05:00:00,7155.5264,7075.77
8417,2023-02-28 06:00:00,7889.2954,8060.16
8418,2023-02-28 07:00:00,8359.371,8196.82
8419,2023-02-28 08:00:00,8183.23,7986.01
8420,2023-02-28 09:00:00,7757.75,8001.32
8421,2023-02-28 10:00:00,7739.3486,7863.35
8422,2023-02-28 11:00:00,7766.8364,7554.73
8423,2023-02-28 12:00:00,7607.0073,7605.2
8424,2023-02-28 13:00:00,7773.788,7361.15
8425,2023-02-28 14:00:00,7425.9775,7954.04
8426,2023-02-28 15:00:00,8461.756,8630.67
8427,2023-02-28 16:00:00,9234.726,9201.33
8428,2023-02-28 17:00:00,9548.62,9836.87
8429,2023-02-28 18:00:00,9711.169,9647.28
8430,2023-02-28 19:00:00,9249.331,9543.66
8431,2023-02-28 20:00:00,9038.24,9077.44
8432,2023-02-28 21:00:00,8502.763,8487.21
8433,2023-02-28 22:00:00,8015.924,8248.52
8434,2023-02-28 23:00:00,7875.4004,7880.73
8435,2023-03-01 00:00:00,7540.18,7606.03
8436,2023-03-01 01:00:00,7010.931,7063.42
8437,2023-03-01 02:00:00,6607.484,6671.02
8438,2023-03-01 03:00:00,6481.5586,6548.95
8439,2023-03-01 04:00:00,6716.719,6666.92
8440,2023-03-01 05:00:00,7083.788,7110.61
8441,2023-03-01 06:00:00,7920.355,7962.31
8442,2023-03-01 07:00:00,8294.544,8071.39
8443,2023-03-01 08:00:00,7971.7593,7993.2
8444,2023-03-01 09:00:00,7807.3574,7705.87
8445,2023-03-01 10:00:00,7483.5684,7028.47
8446,2023-03-01 11:00:00,6894.927,7073.87
8447,2023-03-01 12:00:00,7233.852,7150.65
8448,2023-03-01 13:00:00,7264.3765,7616.56
8449,2023-03-01 14:00:00,7911.3506,7633.87
8450,2023-03-01 15:00:00,8014.5776,8193.63
8451,2023-03-01 16:00:00,8852.605,8944.76
8452,2023-03-01 17:00:00,9487.887,9612.25
8453,2023-03-01 18:00:00,9612.394,9550.92
8454,2023-03-01 19:00:00,9239.253,9274.9
8455,2023-03-01 20:00:00,8822.687,8867.4
8456,2023-03-01 21:00:00,8347.313,8337.85
8457,2023-03-01 22:00:00,7987.766,8021.6
8458,2023-03-01 23:00:00,7738.9624,7729.18
8459,2023-03-02 00:00:00,7454.8394,7460.98
8460,2023-03-02 01:00:00,6888.071,6963.8
8461,2023-03-02 02:00:00,6593.4277,6610.79
8462,2023-03-02 03:00:00,6486.3833,6493.99
8463,2023-03-02 04:00:00,6620.5537,6599.6
8464,2023-03-02 05:00:00,7036.8105,7027.51
8465,2023-03-02 06:00:00,7798.3745,7965.77
8466,2023-03-02 07:00:00,8143.3184,8045.34
8467,2023-03-02 08:00:00,7811.252,7957.9
8468,2023-03-02 09:00:00,7630.649,7941.54
8469,2023-03-02 10:00:00,7616.084,7559.51
8470,2023-03-02 11:00:00,7338.9883,7159.73
8471,2023-03-02 12:00:00,7137.274,7126.93
8472,2023-03-02 13:00:00,7242.4526,7186.3
8473,2023-03-02 14:00:00,7321.503,7464.87
8474,2023-03-02 15:00:00,7856.5454,8117.17
8475,2023-03-02 16:00:00,8817.684,8919.69
8476,2023-03-02 17:00:00,9582.421,9656.46
8477,2023-03-02 18:00:00,9729.382,9724.11
8478,2023-03-02 19:00:00,9499.959,9386.24
8479,2023-03-02 20:00:00,8974.585,8976.7
8480,2023-03-02 21:00:00,8455.345,8290.14
8481,2023-03-02 22:00:00,7922.477,8026.2
8482,2023-03-02 23:00:00,7733.505,7788.35
8483,2023-03-03 00:00:00,7520.6704,7450.59
8484,2023-03-03 01:00:00,6949.119,6950.82
8485,2023-03-03 02:00:00,6579.3394,6584.29
8486,2023-03-03 03:00:00,6449.654,6441.33
8487,2023-03-03 04:00:00,6583.096,6607.93
8488,2023-03-03 05:00:00,7098.39,6931.22
8489,2023-03-03 06:00:00,7752.7827,7728.65
8490,2023-03-03 07:00:00,7960.1226,8045.37
8491,2023-03-03 08:00:00,7892.77,7776.7
8492,2023-03-03 09:00:00,7320.9224,7780.6
8493,2023-03-03 10:00:00,7371.226,7380.3
8494,2023-03-03 11:00:00,7153.052,7254.16
8495,2023-03-03 12:00:00,7295.412,7451.9
8496,2023-03-03 13:00:00,7596.1626,7414.72
8497,2023-03-03 14:00:00,7673.0894,7464.17
8498,2023-03-03 15:00:00,7972.708,7853.93
8499,2023-03-03 16:00:00,8671.892,8542.87
8500,2023-03-03 17:00:00,9314.669,8786.53
8501,2023-03-03 18:00:00,8920.531,8903.33
8502,2023-03-03 19:00:00,8741.648,8806.33
8503,2023-03-03 20:00:00,8501.063,8449.09
8504,2023-03-03 21:00:00,8110.87,7966.36
8505,2023-03-03 22:00:00,7751.61,7857.72
8506,2023-03-03 23:00:00,7678.321,7641.58
8507,2023-03-04 00:00:00,7396.8613,7315.65
8508,2023-03-04 01:00:00,6846.6274,6847.71
8509,2023-03-04 02:00:00,6549.7783,6433.31
8510,2023-03-04 03:00:00,6324.1543,6233.36
8511,2023-03-04 04:00:00,6264.65,6212.96
8512,2023-03-04 05:00:00,6355.283,6489.88
8513,2023-03-04 06:00:00,6762.294,6875.06
8514,2023-03-04 07:00:00,6866.1523,7121.1
8515,2023-03-04 08:00:00,6992.2827,7128.17
8516,2023-03-04 09:00:00,6837.8438,6968.99
8517,2023-03-04 10:00:00,6747.728,6554.24
8518,2023-03-04 11:00:00,6478.4526,6475.0
8519,2023-03-04 12:00:00,6484.4395,6660.72
8520,2023-03-04 13:00:00,6890.3706,6653.36
8521,2023-03-04 14:00:00,6883.4746,6732.09
8522,2023-03-04 15:00:00,7214.8857,6905.88
8523,2023-03-04 16:00:00,7623.936,7556.85
8524,2023-03-04 17:00:00,8417.031,8346.85
8525,2023-03-04 18:00:00,8869.039,8456.85
8526,2023-03-04 19:00:00,8338.52,8497.49
8527,2023-03-04 20:00:00,8240.188,8199.38
8528,2023-03-04 21:00:00,7909.8994,7867.72
8529,2023-03-04 22:00:00,7649.753,7566.08
8530,2023-03-04 23:00:00,7360.747,7343.96
8531,2023-03-05 00:00:00,7192.185,7068.56
8532,2023-03-05 01:00:00,6667.594,6677.5
8533,2023-03-05 02:00:00,6382.074,6317.15
8534,2023-03-05 03:00:00,6198.2163,6097.98
8535,2023-03-05 04:00:00,6060.243,6111.38
8536,2023-03-05 05:00:00,6183.427,6256.36
8537,2023-03-05 06:00:00,6443.487,6408.79
8538,2023-03-05 07:00:00,6423.947,6280.1
8539,2023-03-05 08:00:00,6136.369,6247.52
8540,2023-03-05 09:00:00,6028.4414,5701.82
8541,2023-03-05 10:00:00,5530.3037,5476.84
8542,2023-03-05 11:00:00,5450.237,5374.41
8543,2023-03-05 12:00:00,5514.255,5394.73
8544,2023-03-05 13:00:00,5626.9863,5920.62
8545,2023-03-05 14:00:00,6338.4106,6653.52
8546,2023-03-05 15:00:00,7609.689,7467.4
8547,2023-03-05 16:00:00,8530.56,8479.8
8548,2023-03-05 17:00:00,9332.903,9446.63
8549,2023-03-05 18:00:00,9714.656,9684.84
8550,2023-03-05 19:00:00,9441.537,9491.68
8551,2023-03-05 20:00:00,9033.357,8987.14
8552,2023-03-05 21:00:00,8406.99,8392.88
8553,2023-03-05 22:00:00,7897.9194,7878.2
8554,2023-03-05 23:00:00,7515.2695,7511.82
8555,2023-03-06 00:00:00,7244.6836,7102.15
8556,2023-03-06 01:00:00,6686.747,6660.8
8557,2023-03-06 02:00:00,6363.201,6334.03
8558,2023-03-06 03:00:00,6225.346,6264.42
8559,2023-03-06 04:00:00,6448.8438,6388.44
8560,2023-03-06 05:00:00,6850.9263,6729.79
8561,2023-03-06 06:00:00,7620.6177,7685.98
8562,2023-03-06 07:00:00,8072.927,8005.92
8563,2023-03-06 08:00:00,7945.853,7888.96
8564,2023-03-06 09:00:00,7717.661,7752.03
8565,2023-03-06 10:00:00,7530.4043,7790.7
8566,2023-03-06 11:00:00,7635.5586,7989.37
8567,2023-03-06 12:00:00,8169.715,8430.43
8568,2023-03-06 13:00:00,8711.729,9080.14
8569,2023-03-06 14:00:00,9488.905,9954.51
8570,2023-03-06 15:00:00,10728.066,11041.67
8571,2023-03-06 16:00:00,11564.259,12109.23
8572,2023-03-06 17:00:00,12537.225,13087.93
8573,2023-03-06 18:00:00,13028.729,12959.33
8574,2023-03-06 19:00:00,12263.612,12051.6
8575,2023-03-06 20:00:00,11129.909,11069.56
8576,2023-03-06 21:00:00,10082.135,10039.25
8577,2023-03-06 22:00:00,9298.803,9063.23
8578,2023-03-06 23:00:00,8471.411,8512.93
8579,2023-03-07 00:00:00,8127.4346,7968.47
8580,2023-03-07 01:00:00,7499.5586,7381.91
8581,2023-03-07 02:00:00,6958.911,6906.66
8582,2023-03-07 03:00:00,6703.92,6819.83
8583,2023-03-07 04:00:00,7012.4067,6883.26
8584,2023-03-07 05:00:00,7268.616,7295.25
8585,2023-03-07 06:00:00,8116.8154,8124.21
8586,2023-03-07 07:00:00,8429.521,8669.51
8587,2023-03-07 08:00:00,8601.225,8544.01
8588,2023-03-07 09:00:00,8384.097,7815.45
8589,2023-03-07 10:00:00,7608.4204,7527.11
8590,2023-03-07 11:00:00,7479.7075,7698.1
8591,2023-03-07 12:00:00,7995.0586,8004.52
8592,2023-03-07 13:00:00,8379.26,7869.8
8593,2023-03-07 14:00:00,8309.061,8800.46
8594,2023-03-07 15:00:00,9595.471,9860.8
8595,2023-03-07 16:00:00,10769.389,10786.74
8596,2023-03-07 17:00:00,11323.682,11347.97
8597,2023-03-07 18:00:00,11164.338,11270.0
8598,2023-03-07 19:00:00,10728.77,10738.57
8599,2023-03-07 20:00:00,10003.443,10122.17
8600,2023-03-07 21:00:00,9349.358,9149.05
8601,2023-03-07 22:00:00,8595.63,8500.43
8602,2023-03-07 23:00:00,8082.297,7966.2
8603,2023-03-08 00:00:00,7643.7954,7541.83
8604,2023-03-08 01:00:00,7120.9414,6946.93
8605,2023-03-08 02:00:00,6641.848,6425.7
8606,2023-03-08 03:00:00,6332.141,6288.38
8607,2023-03-08 04:00:00,6421.5913,6422.8
8608,2023-03-08 05:00:00,6852.9863,6850.97
8609,2023-03-08 06:00:00,7762.6235,7583.19
8610,2023-03-08 07:00:00,7958.707,7810.14
8611,2023-03-08 08:00:00,7667.5806,7472.6
8612,2023-03-08 09:00:00,7137.589,6979.08
8613,2023-03-08 10:00:00,6671.623,6705.61
8614,2023-03-08 11:00:00,6633.083,6405.53
8615,2023-03-08 12:00:00,6481.136,6564.11
8616,2023-03-08 13:00:00,6738.4233,6928.57
8617,2023-03-08 14:00:00,7246.1567,7387.83
8618,2023-03-08 15:00:00,8028.9927,8188.75
8619,2023-03-08 16:00:00,9096.763,8986.31
8620,2023-03-08 17:00:00,9595.237,9546.38
8621,2023-03-08 18:00:00,9495.307,9683.96
8622,2023-03-08 19:00:00,9345.058,9342.8
8623,2023-03-08 20:00:00,8811.213,8782.13
8624,2023-03-08 21:00:00,8292.493,8204.41
8625,2023-03-08 22:00:00,7841.859,7841.45
8626,2023-03-08 23:00:00,7498.8145,7454.04
8627,2023-03-09 00:00:00,7210.9688,7145.3
8628,2023-03-09 01:00:00,6719.2256,6660.03
8629,2023-03-09 02:00:00,6356.734,6299.83
8630,2023-03-09 03:00:00,6230.0576,6273.48
8631,2023-03-09 04:00:00,6402.4546,6408.84
8632,2023-03-09 05:00:00,6835.9316,6785.22
8633,2023-03-09 06:00:00,7531.0664,7646.75
8634,2023-03-09 07:00:00,7829.287,7715.63
8635,2023-03-09 08:00:00,7467.14,7215.26
8636,2023-03-09 09:00:00,6821.886,6722.91
8637,2023-03-09 10:00:00,6442.3545,6271.15
8638,2023-03-09 11:00:00,6204.346,6001.15
8639,2023-03-09 12:00:00,6107.1523,5937.75
8640,2023-03-09 13:00:00,6034.132,6111.21
8641,2023-03-09 14:00:00,6421.244,6642.74
8642,2023-03-09 15:00:00,7354.814,7264.15
8643,2023-03-09 16:00:00,8123.287,8136.39
8644,2023-03-09 17:00:00,8855.143,8845.85
8645,2023-03-09 18:00:00,9070.907,9042.1
8646,2023-03-09 19:00:00,8792.8,8946.08
8647,2023-03-09 20:00:00,8517.017,8502.65
8648,2023-03-09 21:00:00,8063.437,7929.96
8649,2023-03-09 22:00:00,7667.2607,7733.02
8650,2023-03-09 23:00:00,7468.011,7423.3
8651,2023-03-10 00:00:00,7117.7974,7105.7
8652,2023-03-10 01:00:00,6696.739,6742.91
8653,2023-03-10 02:00:00,6446.26,6322.43
8654,2023-03-10 03:00:00,6196.5386,6223.07
8655,2023-03-10 04:00:00,6357.811,6370.0
8656,2023-03-10 05:00:00,6752.9556,6839.45
8657,2023-03-10 06:00:00,7639.13,7630.05
8658,2023-03-10 07:00:00,7811.9014,7808.3
8659,2023-03-10 08:00:00,7460.2573,7338.67
8660,2023-03-10 09:00:00,6897.841,6863.77
8661,2023-03-10 10:00:00,6546.013,6672.28
8662,2023-03-10 11:00:00,6606.917,6572.1
8663,2023-03-10 12:00:00,6588.9844,6849.13
8664,2023-03-10 13:00:00,7038.6006,6882.37
8665,2023-03-10 14:00:00,7122.7383,7107.95
8666,2023-03-10 15:00:00,7674.5586,7641.1
8667,2023-03-10 16:00:00,8408.206,8329.85
8668,2023-03-10 17:00:00,8906.092,8928.14
8669,2023-03-10 18:00:00,9014.519,8994.29
8670,2023-03-10 19:00:00,8767.889,8742.68
8671,2023-03-10 20:00:00,8344.038,8308.45
8672,2023-03-10 21:00:00,7892.8726,7949.22
8673,2023-03-10 22:00:00,7699.0015,7740.89
8674,2023-03-10 23:00:00,7476.416,7628.2
8675,2023-03-11 00:00:00,7307.1914,7253.84
8676,2023-03-11 01:00:00,6776.953,6809.36
8677,2023-03-11 02:00:00,6464.8545,6374.28
8678,2023-03-11 03:00:00,6275.696,6244.54
8679,2023-03-11 04:00:00,6227.665,6238.75
8680,2023-03-11 05:00:00,6340.2812,6323.12
8681,2023-03-11 06:00:00,6583.8164,6751.26
8682,2023-03-11 07:00:00,6953.709,6863.41
8683,2023-03-11 08:00:00,6726.9614,6680.98
8684,2023-03-11 09:00:00,6424.8105,6288.15
8685,2023-03-11 10:00:00,6024.8413,6062.72
8686,2023-03-11 11:00:00,5964.0977,6139.87
8687,2023-03-11 12:00:00,6249.0625,6216.02
8688,2023-03-11 13:00:00,6304.9077,6657.65
8689,2023-03-11 14:00:00,7045.1567,7408.55
8690,2023-03-11 15:00:00,8158.284,8152.68
8691,2023-03-11 16:00:00,9028.135,9111.3
8692,2023-03-11 17:00:00,9711.409,9446.43
8693,2023-03-11 18:00:00,9325.916,9478.29
8694,2023-03-11 19:00:00,9067.435,9251.77
8695,2023-03-11 20:00:00,8711.932,8869.69
8696,2023-03-11 21:00:00,8340.569,8254.49
8697,2023-03-11 22:00:00,7870.292,7998.04
8698,2023-03-11 23:00:00,7660.1064,7595.54
8699,2023-03-12 00:00:00,7284.881,7323.43
8700,2023-03-12 01:00:00,6802.61,6836.13
8701,2023-03-12 02:00:00,6407.447,6505.89
8702,2023-03-12 03:00:00,6405.4805,6355.45
8703,2023-03-12 04:00:00,6358.575,6306.47
8704,2023-03-12 05:00:00,6334.6514,6437.07
8705,2023-03-12 06:00:00,6670.886,6621.01
8706,2023-03-12 07:00:00,6589.213,6865.72
8707,2023-03-12 08:00:00,6636.0713,6946.14
8708,2023-03-12 09:00:00,6552.6943,6763.65
8709,2023-03-12 10:00:00,6379.822,6707.3
8710,2023-03-12 11:00:00,6605.7256,6562.29
8711,2023-03-12 12:00:00,6699.0127,6373.72
8712,2023-03-12 13:00:00,6581.7773,6676.41
8713,2023-03-12 14:00:00,7306.23,7212.36
8714,2023-03-12 15:00:00,8069.695,7772.44
8715,2023-03-12 16:00:00,8701.1045,8088.45
8716,2023-03-12 17:00:00,8823.185,8550.47
8717,2023-03-12 18:00:00,8694.655,8621.35
8718,2023-03-12 19:00:00,8395.858,8413.52
8719,2023-03-12 20:00:00,8085.8467,8056.69
8720,2023-03-12 21:00:00,7759.0557,7706.92
8721,2023-03-12 22:00:00,7505.5137,7366.55
8722,2023-03-12 23:00:00,7217.3564,7022.33
8723,2023-03-13 00:00:00,6851.7075,6813.84
8724,2023-03-13 01:00:00,6509.7573,6381.8
8725,2023-03-13 02:00:00,6157.0195,6171.36
8726,2023-03-13 03:00:00,6118.5405,6158.38
8727,2023-03-13 04:00:00,6280.7207,6241.32
8728,2023-03-13 05:00:00,6490.949,6633.02
8729,2023-03-13 06:00:00,7454.4473,7593.43
8730,2023-03-13 07:00:00,7878.8086,8053.35
8731,2023-03-13 08:00:00,7927.259,8266.53
8732,2023-03-13 09:00:00,7980.174,7999.02
8733,2023-03-13 10:00:00,7643.286,7856.21
8734,2023-03-13 11:00:00,7825.4546,7397.5
8735,2023-03-13 12:00:00,7475.5063,7315.4
8736,2023-03-13 13:00:00,7537.846,7360.16
8737,2023-03-13 14:00:00,7840.9194,7439.87
8738,2023-03-13 15:00:00,7966.581,7707.92
8739,2023-03-13 16:00:00,8293.909,8064.33
8740,2023-03-13 17:00:00,8639.555,8757.16
8741,2023-03-13 18:00:00,8983.555,8697.72
8742,2023-03-13 19:00:00,8443.178,8521.25
8743,2023-03-13 20:00:00,8188.27,8142.3
8744,2023-03-13 21:00:00,7778.517,7670.72
8745,2023-03-13 22:00:00,7420.287,7580.32
8746,2023-03-13 23:00:00,7316.571,7368.73
8747,2023-03-14 00:00:00,7093.7695,7200.69
8748,2023-03-14 01:00:00,6709.1895,6650.49
8749,2023-03-14 02:00:00,6339.3057,6329.45
8750,2023-03-14 03:00:00,6251.0806,6222.44
8751,2023-03-14 04:00:00,6327.588,6279.09
8752,2023-03-14 05:00:00,6725.928,6874.9
8753,2023-03-14 06:00:00,7755.7637,7841.9
8754,2023-03-14 07:00:00,8256.685,8246.91
8755,2023-03-14 08:00:00,8139.663,8031.33
8756,2023-03-14 09:00:00,7788.6333,7829.75
8757,2023-03-14 10:00:00,7564.109,7769.14
8758,2023-03-14 11:00:00,7562.8555,7630.99
8759,2023-03-14 12:00:00,7633.589,7649.28
8760,2023-03-14 13:00:00,7741.4326,7510.69
8761,2023-03-14 14:00:00,7728.209,7530.16
8762,2023-03-14 15:00:00,7882.275,7788.48
8763,2023-03-14 16:00:00,8409.256,7992.43
8764,2023-03-14 17:00:00,8516.082,8711.01
8765,2023-03-14 18:00:00,8830.102,8929.7
8766,2023-03-14 19:00:00,8632.785,8866.37
8767,2023-03-14 20:00:00,8469.596,8300.88
8768,2023-03-14 21:00:00,7919.7715,7827.46
8769,2023-03-14 22:00:00,7587.993,7680.43
8770,2023-03-14 23:00:00,7495.366,7524.15
8771,2023-03-15 00:00:00,7276.7886,7299.74
8772,2023-03-15 01:00:00,6699.5405,6795.06
8773,2023-03-15 02:00:00,6414.7144,6465.62
8774,2023-03-15 03:00:00,6359.135,6266.15
8775,2023-03-15 04:00:00,6343.206,6336.14
8776,2023-03-15 05:00:00,6812.7593,6869.52
8777,2023-03-15 06:00:00,7763.9624,7724.31
8778,2023-03-15 07:00:00,8121.935,8018.97
8779,2023-03-15 08:00:00,7923.033,7649.08
8780,2023-03-15 09:00:00,7398.0137,7122.18
8781,2023-03-15 10:00:00,6803.531,6651.3
8782,2023-03-15 11:00:00,6487.3994,6528.75
8783,2023-03-15 12:00:00,6598.5986,6690.32
8784,2023-03-15 13:00:00,6834.766,6979.92
8785,2023-03-15 14:00:00,7260.094,7536.7
8786,2023-03-15 15:00:00,8052.6875,8502.95
8787,2023-03-15 16:00:00,9160.368,9318.96
8788,2023-03-15 17:00:00,9766.295,9916.21
8789,2023-03-15 18:00:00,9884.078,9908.63
8790,2023-03-15 19:00:00,9527.959,9574.3
8791,2023-03-15 20:00:00,8986.369,9093.69
8792,2023-03-15 21:00:00,8505.144,8483.61
8793,2023-03-15 22:00:00,8023.5513,8115.47
8794,2023-03-15 23:00:00,7844.569,7743.08
8795,2023-03-16 00:00:00,7434.274,7342.77
8796,2023-03-16 01:00:00,6814.9175,6910.03
8797,2023-03-16 02:00:00,6525.573,6492.02
8798,2023-03-16 03:00:00,6390.0996,6256.74
8799,2023-03-16 04:00:00,6349.803,6373.48
8800,2023-03-16 05:00:00,6853.7563,6923.3
8801,2023-03-16 06:00:00,7768.9014,7714.32
8802,2023-03-16 07:00:00,8042.4893,7892.78
8803,2023-03-16 08:00:00,7545.5396,7704.88
8804,2023-03-16 09:00:00,7308.3164,7242.03
8805,2023-03-16 10:00:00,6791.284,7136.09
8806,2023-03-16 11:00:00,6956.6567,7088.94
8807,2023-03-16 12:00:00,7208.822,7414.47
8808,2023-03-16 13:00:00,7611.675,8028.1
8809,2023-03-16 14:00:00,8544.221,8803.52
8810,2023-03-16 15:00:00,9572.434,10177.92
8811,2023-03-16 16:00:00,11252.461,11315.13
8812,2023-03-16 17:00:00,11930.269,12299.02
8813,2023-03-16 18:00:00,12381.151,11677.08
8814,2023-03-16 19:00:00,11001.0,11381.47
8815,2023-03-16 20:00:00,10639.959,10450.12
8816,2023-03-16 21:00:00,9640.845,9418.11
8817,2023-03-16 22:00:00,8796.023,8730.16
8818,2023-03-16 23:00:00,8397.858,8079.05
8819,2023-03-17 00:00:00,7732.8433,7689.2
8820,2023-03-17 01:00:00,7207.3877,7070.81
8821,2023-03-17 02:00:00,6662.4146,6713.55
8822,2023-03-17 03:00:00,6522.6533,6562.72
8823,2023-03-17 04:00:00,6582.549,6640.52
8824,2023-03-17 05:00:00,7010.34,7158.34
8825,2023-03-17 06:00:00,7882.1113,7852.75
8826,2023-03-17 07:00:00,8074.917,8226.38
8827,2023-03-17 08:00:00,7993.1743,7858.15
8828,2023-03-17 09:00:00,7487.5684,7569.17
8829,2023-03-17 10:00:00,7288.7725,7350.13
8830,2023-03-17 11:00:00,7261.3496,7440.95
8831,2023-03-17 12:00:00,7649.621,7725.08
8832,2023-03-17 13:00:00,8069.833,8075.03
8833,2023-03-17 14:00:00,8715.01,8615.41
8834,2023-03-17 15:00:00,9498.186,9094.47
8835,2023-03-17 16:00:00,9840.148,10118.43
8836,2023-03-17 17:00:00,11172.862,10551.39
8837,2023-03-17 18:00:00,10549.781,10118.49
8838,2023-03-17 19:00:00,9737.597,9697.25
8839,2023-03-17 20:00:00,9132.754,9059.99
8840,2023-03-17 21:00:00,8516.54,8756.22
8841,2023-03-17 22:00:00,8399.142,8495.01
8842,2023-03-17 23:00:00,8098.7617,8005.31
8843,2023-03-18 00:00:00,7634.596,7602.99
8844,2023-03-18 01:00:00,7086.46,7081.74
8845,2023-03-18 02:00:00,6720.939,6633.58
8846,2023-03-18 03:00:00,6519.5625,6528.74
8847,2023-03-18 04:00:00,6566.391,6458.72
8848,2023-03-18 05:00:00,6550.455,6572.45
8849,2023-03-18 06:00:00,6812.4326,6966.53
8850,2023-03-18 07:00:00,7227.006,7142.24
8851,2023-03-18 08:00:00,7033.5874,7177.12
8852,2023-03-18 09:00:00,6976.1313,6718.63
8853,2023-03-18 10:00:00,6502.425,6537.74
8854,2023-03-18 11:00:00,6443.8105,6546.97
8855,2023-03-18 12:00:00,6600.091,6760.86
8856,2023-03-18 13:00:00,7020.4355,7071.45
8857,2023-03-18 14:00:00,7523.2056,7817.43
8858,2023-03-18 15:00:00,8611.235,8685.32
8859,2023-03-18 16:00:00,9488.115,9786.77
8860,2023-03-18 17:00:00,10310.99,10580.67
8861,2023-03-18 18:00:00,10527.907,10562.48
8862,2023-03-18 19:00:00,10085.85,10138.11
8863,2023-03-18 20:00:00,9508.051,9541.7
8864,2023-03-18 21:00:00,8957.602,8820.44
8865,2023-03-18 22:00:00,8407.581,8348.91
8866,2023-03-18 23:00:00,7953.9863,7915.35
8867,2023-03-19 00:00:00,7560.9194,7505.6
8868,2023-03-19 01:00:00,6985.689,6925.63
8869,2023-03-19 02:00:00,6610.2524,6554.47
8870,2023-03-19 03:00:00,6439.8535,6366.74
8871,2023-03-19 04:00:00,6314.178,6391.16
8872,2023-03-19 05:00:00,6479.412,6493.62
8873,2023-03-19 06:00:00,6644.119,6677.87
8874,2023-03-19 07:00:00,6792.4307,6820.07
8875,2023-03-19 08:00:00,6731.212,6691.88
8876,2023-03-19 09:00:00,6359.73,6511.63
8877,2023-03-19 10:00:00,6203.698,6558.24
8878,2023-03-19 11:00:00,6525.9956,6921.46
8879,2023-03-19 12:00:00,7155.225,7627.81
8880,2023-03-19 13:00:00,8220.657,8302.06
8881,2023-03-19 14:00:00,9075.353,9105.11
8882,2023-03-19 15:00:00,10110.294,10051.92
8883,2023-03-19 16:00:00,10982.956,11204.99
8884,2023-03-19 17:00:00,11705.929,11893.15
8885,2023-03-19 18:00:00,11654.794,11940.36
8886,2023-03-19 19:00:00,11440.312,10834.86
8887,2023-03-19 20:00:00,9966.989,10138.92
8888,2023-03-19 21:00:00,9413.421,9085.1
8889,2023-03-19 22:00:00,8492.819,8384.05
8890,2023-03-19 23:00:00,7917.804,7791.45
8891,2023-03-20 00:00:00,7431.213,7450.62
8892,2023-03-20 01:00:00,6896.167,6849.33
8893,2023-03-20 02:00:00,6527.7827,6559.55
8894,2023-03-20 03:00:00,6449.794,6398.7
8895,2023-03-20 04:00:00,6470.7344,6577.13
8896,2023-03-20 05:00:00,7025.7573,7047.53
8897,2023-03-20 06:00:00,7893.1357,7969.79
8898,2023-03-20 07:00:00,8309.841,8630.24
8899,2023-03-20 08:00:00,8465.861,8693.07
8900,2023-03-20 09:00:00,8424.423,8595.14
8901,2023-03-20 10:00:00,8405.953,8388.98
8902,2023-03-20 11:00:00,8233.856,8117.85
8903,2023-03-20 12:00:00,8139.338,7844.84
8904,2023-03-20 13:00:00,7895.3545,8028.17
8905,2023-03-20 14:00:00,8419.729,7976.51
8906,2023-03-20 15:00:00,8332.506,8231.97
8907,2023-03-20 16:00:00,8821.176,8639.09
8908,2023-03-20 17:00:00,9184.864,8985.98
8909,2023-03-20 18:00:00,9071.234,8790.92
8910,2023-03-20 19:00:00,8560.316,8522.33
8911,2023-03-20 20:00:00,8177.4487,8052.55
8912,2023-03-20 21:00:00,7760.9033,7648.58
8913,2023-03-20 22:00:00,7447.8433,7499.79
8914,2023-03-20 23:00:00,7361.885,7322.68
8915,2023-03-21 00:00:00,7076.4937,7077.68
8916,2023-03-21 01:00:00,6696.382,6550.06
8917,2023-03-21 02:00:00,6305.866,6225.37
8918,2023-03-21 03:00:00,6145.1235,6146.5
8919,2023-03-21 04:00:00,6319.5376,6181.03
8920,2023-03-21 05:00:00,6688.6533,6699.29
8921,2023-03-21 06:00:00,7663.3374,7633.94
8922,2023-03-21 07:00:00,8106.274,8074.46
8923,2023-03-21 08:00:00,7970.4736,8008.97
8924,2023-03-21 09:00:00,7784.53,7756.99
8925,2023-03-21 10:00:00,7508.4194,7701.34
8926,2023-03-21 11:00:00,7603.918,7409.11
8927,2023-03-21 12:00:00,7400.3433,7351.36
8928,2023-03-21 13:00:00,7412.515,7368.23
8929,2023-03-21 14:00:00,7502.469,7703.93
8930,2023-03-21 15:00:00,8067.252,8009.97
8931,2023-03-21 16:00:00,8637.993,8367.05
8932,2023-03-21 17:00:00,8889.388,8586.48
8933,2023-03-21 18:00:00,8726.666,8654.58
8934,2023-03-21 19:00:00,8441.86,8369.34
8935,2023-03-21 20:00:00,8005.9956,7978.26
8936,2023-03-21 21:00:00,7699.6064,7571.68
8937,2023-03-21 22:00:00,7393.996,7494.28
8938,2023-03-21 23:00:00,7382.885,7321.45
8939,2023-03-22 00:00:00,7116.1567,7076.73
8940,2023-03-22 01:00:00,6586.3154,6632.37
8941,2023-03-22 02:00:00,6350.6235,6228.19
8942,2023-03-22 03:00:00,6138.2744,6157.76
8943,2023-03-22 04:00:00,6218.2207,6346.94
8944,2023-03-22 05:00:00,6862.005,6804.62
8945,2023-03-22 06:00:00,7690.1,7710.1
8946,2023-03-22 07:00:00,8057.712,8057.47
8947,2023-03-22 08:00:00,7838.0024,7734.06
8948,2023-03-22 09:00:00,7294.87,7568.97
8949,2023-03-22 10:00:00,7256.6587,7372.58
8950,2023-03-22 11:00:00,7248.2974,7356.45
8951,2023-03-22 12:00:00,7467.6924,7479.87
8952,2023-03-22 13:00:00,7674.701,7389.42
8953,2023-03-22 14:00:00,7576.47,7594.48
8954,2023-03-22 15:00:00,7986.1426,7860.19
8955,2023-03-22 16:00:00,8342.151,8391.78
8956,2023-03-22 17:00:00,8804.471,8726.07
8957,2023-03-22 18:00:00,8764.153,8736.34
8958,2023-03-22 19:00:00,8488.464,8563.8
8959,2023-03-22 20:00:00,8208.106,8209.97
8960,2023-03-22 21:00:00,7831.7524,7801.07
8961,2023-03-22 22:00:00,7543.933,7616.1
8962,2023-03-22 23:00:00,7452.9546,7428.64
8963,2023-03-23 00:00:00,7244.0894,7166.37
8964,2023-03-23 01:00:00,6695.5225,6787.81
8965,2023-03-23 02:00:00,6446.6694,6450.11
8966,2023-03-23 03:00:00,6329.3237,6319.51
8967,2023-03-23 04:00:00,6439.656,6433.79
8968,2023-03-23 05:00:00,6899.03,6979.46
8969,2023-03-23 06:00:00,7786.7715,7626.84
8970,2023-03-23 07:00:00,8002.272,8139.03
8971,2023-03-23 08:00:00,7889.2905,7780.88
8972,2023-03-23 09:00:00,7436.34,7408.77
8973,2023-03-23 10:00:00,7203.845,7474.71
8974,2023-03-23 11:00:00,7391.785,8208.96
8975,2023-03-23 12:00:00,8552.211,7812.01
8976,2023-03-23 13:00:00,7858.1313,7657.54
8977,2023-03-23 14:00:00,7819.6943,8233.28
8978,2023-03-23 15:00:00,8798.883,8574.75
8979,2023-03-23 16:00:00,9070.56,8868.18
8980,2023-03-23 17:00:00,9196.865,9118.67
8981,2023-03-23 18:00:00,9091.796,9022.78
8982,2023-03-23 19:00:00,8722.24,8662.16
8983,2023-03-23 20:00:00,8299.69,8186.07
8984,2023-03-23 21:00:00,7878.775,7739.64
8985,2023-03-23 22:00:00,7576.5396,7563.06
8986,2023-03-23 23:00:00,7417.6724,7327.71
8987,2023-03-24 00:00:00,7119.162,7151.55
8988,2023-03-24 01:00:00,6767.9937,6648.5
8989,2023-03-24 02:00:00,6369.181,6219.05
8990,2023-03-24 03:00:00,6140.8105,6194.93
8991,2023-03-24 04:00:00,6251.385,6407.35
8992,2023-03-24 05:00:00,6814.9526,6766.67
8993,2023-03-24 06:00:00,7530.217,7652.4
8994,2023-03-24 07:00:00,8014.8413,8019.44
8995,2023-03-24 08:00:00,7764.708,7674.91
8996,2023-03-24 09:00:00,7371.4043,7176.82
8997,2023-03-24 10:00:00,7079.33,6990.56
8998,2023-03-24 11:00:00,7117.9663,6748.54
8999,2023-03-24 12:00:00,6825.9707,6960.28
9000,2023-03-24 13:00:00,7217.0576,6818.4
9001,2023-03-24 14:00:00,7118.3857,7002.14
9002,2023-03-24 15:00:00,7454.287,7619.35
9003,2023-03-24 16:00:00,8240.98,8085.71
9004,2023-03-24 17:00:00,8564.68,8553.52
9005,2023-03-24 18:00:00,8617.852,8721.67
9006,2023-03-24 19:00:00,8506.43,8388.9
9007,2023-03-24 20:00:00,8048.5186,8059.66
9008,2023-03-24 21:00:00,7739.41,7658.53
9009,2023-03-24 22:00:00,7457.2715,7579.27
9010,2023-03-24 23:00:00,7396.321,7496.19
9011,2023-03-25 00:00:00,7221.7886,7190.44
9012,2023-03-25 01:00:00,6721.6895,6670.77
9013,2023-03-25 02:00:00,6337.8555,6161.98
9014,2023-03-25 03:00:00,6086.9277,6030.28
9015,2023-03-25 04:00:00,6056.0923,6006.52
9016,2023-03-25 05:00:00,6027.497,6294.06
9017,2023-03-25 06:00:00,6591.084,6646.15
9018,2023-03-25 07:00:00,6877.404,7182.05
9019,2023-03-25 08:00:00,7101.7217,7485.54
9020,2023-03-25 09:00:00,7199.0767,7122.04
9021,2023-03-25 10:00:00,6911.7993,7003.4
9022,2023-03-25 11:00:00,6969.7974,7005.27
9023,2023-03-25 12:00:00,7071.638,7014.55
9024,2023-03-25 13:00:00,7086.6255,6964.68
9025,2023-03-25 14:00:00,7197.0205,7211.03
9026,2023-03-25 15:00:00,7674.2393,7480.34
9027,2023-03-25 16:00:00,7900.2725,7733.23
9028,2023-03-25 17:00:00,8233.608,7912.46
9029,2023-03-25 18:00:00,8119.1934,8025.43
9030,2023-03-25 19:00:00,7898.4087,7897.41
9031,2023-03-25 20:00:00,7689.2363,7569.41
9032,2023-03-25 21:00:00,7315.503,7293.22
9033,2023-03-25 22:00:00,7172.458,7184.86
9034,2023-03-25 23:00:00,7068.632,6821.34
9035,2023-03-26 00:00:00,6684.3994,6679.89
9036,2023-03-26 01:00:00,6384.313,6345.43
9037,2023-03-26 02:00:00,6056.625,5989.31
9038,2023-03-26 03:00:00,5856.2563,5849.75
9039,2023-03-26 04:00:00,5851.1963,5881.46
9040,2023-03-26 05:00:00,5941.4106,6032.37
9041,2023-03-26 06:00:00,6236.957,6364.29
9042,2023-03-26 07:00:00,6652.2275,6592.31
9043,2023-03-26 08:00:00,6693.23,6717.99
9044,2023-03-26 09:00:00,6590.6255,6496.78
9045,2023-03-26 10:00:00,6353.06,6270.66
9046,2023-03-26 11:00:00,6161.94,6009.25
9047,2023-03-26 12:00:00,6019.2236,6258.69
9048,2023-03-26 13:00:00,6431.4155,6373.5
9049,2023-03-26 14:00:00,6626.6074,6733.83
9050,2023-03-26 15:00:00,7142.3125,7095.73
9051,2023-03-26 16:00:00,7511.3535,7527.31
9052,2023-03-26 17:00:00,7820.0093,8015.41
9053,2023-03-26 18:00:00,8118.0186,8375.64
9054,2023-03-26 19:00:00,8185.5405,8149.79
9055,2023-03-26 20:00:00,7795.185,7835.04
9056,2023-03-26 21:00:00,7495.2437,7512.13
9057,2023-03-26 22:00:00,7311.598,7211.54
9058,2023-03-26 23:00:00,6981.68,7033.65
9059,2023-03-27 00:00:00,6799.899,6828.26
9060,2023-03-27 01:00:00,6455.5356,6441.0
9061,2023-03-27 02:00:00,6113.315,6111.53
9062,2023-03-27 03:00:00,5941.256,6067.17
9063,2023-03-27 04:00:00,6156.6187,6199.27
9064,2023-03-27 05:00:00,6531.0,6758.95
9065,2023-03-27 06:00:00,7575.5874,7718.02
9066,2023-03-27 07:00:00,8128.482,8185.67
9067,2023-03-27 08:00:00,7925.345,8310.26
9068,2023-03-27 09:00:00,8056.283,8198.43
9069,2023-03-27 10:00:00,8007.5576,7677.93
9070,2023-03-27 11:00:00,7499.8467,7974.02
9071,2023-03-27 12:00:00,7933.6406,7579.48
9072,2023-03-27 13:00:00,7542.6226,7922.65
9073,2023-03-27 14:00:00,8062.6533,7903.82
9074,2023-03-27 15:00:00,8144.4067,7926.05
9075,2023-03-27 16:00:00,8200.706,8302.4
9076,2023-03-27 17:00:00,8618.872,8861.16
9077,2023-03-27 18:00:00,8954.557,9097.32
9078,2023-03-27 19:00:00,8741.679,8748.76
9079,2023-03-27 20:00:00,8341.543,8308.3
9080,2023-03-27 21:00:00,7895.9644,7939.64
9081,2023-03-27 22:00:00,7698.2046,7740.16
9082,2023-03-27 23:00:00,7573.05,7460.64
9083,2023-03-28 00:00:00,7229.948,7226.93
9084,2023-03-28 01:00:00,6760.0996,6724.53
9085,2023-03-28 02:00:00,6434.7144,6385.7
9086,2023-03-28 03:00:00,6268.9507,6233.8
9087,2023-03-28 04:00:00,6315.1655,6483.58
9088,2023-03-28 05:00:00,7044.853,6878.83
9089,2023-03-28 06:00:00,7757.179,7750.35
9090,2023-03-28 07:00:00,8270.948,8228.74
9091,2023-03-28 08:00:00,8117.0693,7903.62
9092,2023-03-28 09:00:00,7631.9316,7508.36
9093,2023-03-28 10:00:00,7389.949,7490.3
9094,2023-03-28 11:00:00,7401.683,7707.17
9095,2023-03-28 12:00:00,7691.0156,7888.56
9096,2023-03-28 13:00:00,7867.6436,7996.46
9097,2023-03-28 14:00:00,8133.877,8299.5
9098,2023-03-28 15:00:00,8579.363,8696.35
9099,2023-03-28 16:00:00,9050.302,8627.15
9100,2023-03-28 17:00:00,8855.642,8881.32
9101,2023-03-28 18:00:00,9022.718,9051.81
9102,2023-03-28 19:00:00,8809.963,8586.2
9103,2023-03-28 20:00:00,8183.7383,8148.66
9104,2023-03-28 21:00:00,7830.4033,7714.33
9105,2023-03-28 22:00:00,7574.5444,7536.01
9106,2023-03-28 23:00:00,7420.8345,7395.32
9107,2023-03-29 00:00:00,7218.5215,7347.91
9108,2023-03-29 01:00:00,6771.3755,6826.56
9109,2023-03-29 02:00:00,6461.82,6401.54
9110,2023-03-29 03:00:00,6289.6924,6272.88
9111,2023-03-29 04:00:00,6462.527,6401.78
9112,2023-03-29 05:00:00,6906.858,6845.82
9113,2023-03-29 06:00:00,7733.681,7818.94
9114,2023-03-29 07:00:00,8240.914,8347.16
9115,2023-03-29 08:00:00,7985.734,8402.67
9116,2023-03-29 09:00:00,7988.0596,8022.74
9117,2023-03-29 10:00:00,7777.0244,7914.7
9118,2023-03-29 11:00:00,7851.2983,7039.59
9119,2023-03-29 12:00:00,7092.3794,7476.51
9120,2023-03-29 13:00:00,7707.826,7161.8
9121,2023-03-29 14:00:00,7410.85,6838.55
9122,2023-03-29 15:00:00,7161.485,7234.08
9123,2023-03-29 16:00:00,7731.4536,8007.65
9124,2023-03-29 17:00:00,8533.738,8620.46
9125,2023-03-29 18:00:00,8851.164,8743.66
9126,2023-03-29 19:00:00,8506.674,8545.77
9127,2023-03-29 20:00:00,8134.1333,8051.32
9128,2023-03-29 21:00:00,7720.802,7646.49
9129,2023-03-29 22:00:00,7462.0425,7400.14
9130,2023-03-29 23:00:00,7307.9673,7291.87
9131,2023-03-30 00:00:00,7218.6504,6977.71
9132,2023-03-30 01:00:00,6607.3623,6545.98
9133,2023-03-30 02:00:00,6272.245,6273.41
9134,2023-03-30 03:00:00,6195.4546,6104.77
9135,2023-03-30 04:00:00,6262.09,6181.62
9136,2023-03-30 05:00:00,6589.9277,6695.64
9137,2023-03-30 06:00:00,7576.389,7527.76
9138,2023-03-30 07:00:00,7982.6943,7766.17
9139,2023-03-30 08:00:00,7609.743,7128.42
9140,2023-03-30 09:00:00,6763.014,6394.13
9141,2023-03-30 10:00:00,6217.766,5881.04
9142,2023-03-30 11:00:00,5865.8027,5440.43
9143,2023-03-30 12:00:00,5489.987,5443.41
9144,2023-03-30 13:00:00,5549.18,5557.39
9145,2023-03-30 14:00:00,5795.6904,5877.59
9146,2023-03-30 15:00:00,6412.047,6291.73
9147,2023-03-30 16:00:00,6822.575,7272.87
9148,2023-03-30 17:00:00,8013.0654,8068.99
9149,2023-03-30 18:00:00,8380.028,8468.55
9150,2023-03-30 19:00:00,8287.571,8324.01
9151,2023-03-30 20:00:00,7960.1655,8005.01
9152,2023-03-30 21:00:00,7667.45,7568.38
9153,2023-03-30 22:00:00,7364.3594,7490.93
9154,2023-03-30 23:00:00,7365.4106,7274.57
9155,2023-03-31 00:00:00,7117.821,7020.46
9156,2023-03-31 01:00:00,6612.9087,6691.04
9157,2023-03-31 02:00:00,6324.035,6219.55
9158,2023-03-31 03:00:00,6073.8823,6157.19
9159,2023-03-31 04:00:00,6221.0737,6223.75
9160,2023-03-31 05:00:00,6651.2944,6746.53
9161,2023-03-31 06:00:00,7571.6626,7584.39
9162,2023-03-31 07:00:00,7970.156,7936.69
9163,2023-03-31 08:00:00,7513.02,7116.61
9164,2023-03-31 09:00:00,6520.6587,6294.05
9165,2023-03-31 10:00:00,5942.5137,5616.17
9166,2023-03-31 11:00:00,5474.5,5212.75
9167,2023-03-31 12:00:00,5260.1807,5276.17
9168,2023-03-31 13:00:00,5357.351,5207.07
9169,2023-03-31 14:00:00,5390.549,5517.69
9170,2023-03-31 15:00:00,6000.563,6146.48
9171,2023-03-31 16:00:00,6971.544,7115.45
9172,2023-03-31 17:00:00,8062.5264,7898.3
9173,2023-03-31 18:00:00,8287.78,8220.71
9174,2023-03-31 19:00:00,8041.3306,8005.31
9175,2023-03-31 20:00:00,7667.025,7669.7
9176,2023-03-31 21:00:00,7407.101,7542.57
9177,2023-03-31 22:00:00,7397.281,7284.53
9178,2023-03-31 23:00:00,7152.0825,7228.99
9179,2023-04-01 00:00:00,7062.096,7011.7
9180,2023-04-01 01:00:00,6647.511,6539.76
9181,2023-04-01 02:00:00,6213.2114,6176.32
9182,2023-04-01 03:00:00,6090.8394,5958.15
9183,2023-04-01 04:00:00,5974.772,6026.06
9184,2023-04-01 05:00:00,6208.828,6211.81
9185,2023-04-01 06:00:00,6508.1343,6668.76
9186,2023-04-01 07:00:00,7028.091,6991.35
9187,2023-04-01 08:00:00,6941.362,6829.94
9188,2023-04-01 09:00:00,6417.3223,6213.92
9189,2023-04-01 10:00:00,5845.6704,5970.25
9190,2023-04-01 11:00:00,5717.5845,5926.01
9191,2023-04-01 12:00:00,5909.135,6068.48
9192,2023-04-01 13:00:00,6161.0317,6160.63
9193,2023-04-01 14:00:00,6433.8843,6245.76
9194,2023-04-01 15:00:00,6600.75,6460.85
9195,2023-04-01 16:00:00,7097.064,6826.83
9196,2023-04-01 17:00:00,7552.4307,7521.67
9197,2023-04-01 18:00:00,8042.0996,8004.42
9198,2023-04-01 19:00:00,7979.9,7794.73
9199,2023-04-01 20:00:00,7493.412,7460.49
9200,2023-04-01 21:00:00,7228.4175,7080.21
9201,2023-04-01 22:00:00,6883.3027,7035.59
9202,2023-04-01 23:00:00,6910.815,6900.21
9203,2023-04-02 00:00:00,6809.1533,6625.47
9204,2023-04-02 01:00:00,6314.61,6152.3
9205,2023-04-02 02:00:00,5941.912,5906.23
9206,2023-04-02 03:00:00,5777.1626,5795.92
9207,2023-04-02 04:00:00,5760.9663,5771.25
9208,2023-04-02 05:00:00,5879.534,5791.34
9209,2023-04-02 06:00:00,5899.4014,6150.6
9210,2023-04-02 07:00:00,6409.187,6482.64
9211,2023-04-02 08:00:00,6552.8877,6622.95
9212,2023-04-02 09:00:00,6418.7896,6503.66
9213,2023-04-02 10:00:00,6227.1357,6148.56
9214,2023-04-02 11:00:00,5964.645,5954.01
9215,2023-04-02 12:00:00,5920.648,5924.93
9216,2023-04-02 13:00:00,6007.345,6029.05
9217,2023-04-02 14:00:00,6169.7305,6251.95
9218,2023-04-02 15:00:00,6529.735,6371.78
9219,2023-04-02 16:00:00,6758.286,6859.49
9220,2023-04-02 17:00:00,7468.794,7720.47
9221,2023-04-02 18:00:00,8171.615,8249.43
9222,2023-04-02 19:00:00,7940.424,8229.81
9223,2023-04-02 20:00:00,7815.325,7642.74
9224,2023-04-02 21:00:00,7209.556,7411.96
9225,2023-04-02 22:00:00,7179.609,7044.34
9226,2023-04-02 23:00:00,6893.486,6900.54
9227,2023-04-03 00:00:00,6747.399,6765.22
9228,2023-04-03 01:00:00,6302.322,6475.97
9229,2023-04-03 02:00:00,6079.305,6064.5
9230,2023-04-03 03:00:00,5913.9473,5788.84
9231,2023-04-03 04:00:00,5782.147,5828.02
9232,2023-04-03 05:00:00,5988.6514,6087.97
9233,2023-04-03 06:00:00,6578.759,6742.94
9234,2023-04-03 07:00:00,7381.619,7579.71
9235,2023-04-03 08:00:00,7843.326,7534.08
9236,2023-04-03 09:00:00,7059.7744,7003.09
9237,2023-04-03 10:00:00,6534.9263,6779.86
9238,2023-04-03 11:00:00,6664.1987,6501.81
9239,2023-04-03 12:00:00,6447.7695,6357.86
9240,2023-04-03 13:00:00,6415.0825,6551.39
9241,2023-04-03 14:00:00,6685.6826,6801.58
9242,2023-04-03 15:00:00,7029.5005,7084.71
9243,2023-04-03 16:00:00,7473.083,7782.85
9244,2023-04-03 17:00:00,8442.168,8352.43
9245,2023-04-03 18:00:00,8573.868,8813.02
9246,2023-04-03 19:00:00,8451.635,8739.41
9247,2023-04-03 20:00:00,8119.7036,8151.15
9248,2023-04-03 21:00:00,7707.562,7777.42
9249,2023-04-03 22:00:00,7498.956,7386.54
9250,2023-04-03 23:00:00,7225.259,7306.34
9251,2023-04-04 00:00:00,7104.989,7170.65
9252,2023-04-04 01:00:00,6790.915,6861.13
9253,2023-04-04 02:00:00,6406.265,6500.4
9254,2023-04-04 03:00:00,6220.265,6107.16
9255,2023-04-04 04:00:00,6090.4893,6043.22
9256,2023-04-04 05:00:00,6275.265,6175.59
9257,2023-04-04 06:00:00,6748.395,6807.2
9258,2023-04-04 07:00:00,7701.284,7500.43
9259,2023-04-04 08:00:00,7670.3965,7300.31
9260,2023-04-04 09:00:00,6843.0864,6831.07
9261,2023-04-04 10:00:00,6558.085,6373.08
9262,2023-04-04 11:00:00,6231.2905,6208.23
9263,2023-04-04 12:00:00,6303.9663,6155.12
9264,2023-04-04 13:00:00,6357.8726,6137.79
9265,2023-04-04 14:00:00,6342.436,6457.3
9266,2023-04-04 15:00:00,6847.085,6776.41
9267,2023-04-04 16:00:00,7366.4893,7547.6
9268,2023-04-04 17:00:00,8256.628,8314.77
9269,2023-04-04 18:00:00,8630.645,8950.07
9270,2023-04-04 19:00:00,8721.262,8711.0
9271,2023-04-04 20:00:00,8069.1504,8204.64
9272,2023-04-04 21:00:00,7719.489,7770.77
9273,2023-04-04 22:00:00,7458.235,7411.62
9274,2023-04-04 23:00:00,7294.603,7326.0
9275,2023-04-05 00:00:00,7186.072,7142.12
9276,2023-04-05 01:00:00,6825.5474,6969.7
9277,2023-04-05 02:00:00,6492.6143,6473.84
9278,2023-04-05 03:00:00,6142.456,6166.96
9279,2023-04-05 04:00:00,6112.4756,6044.03
9280,2023-04-05 05:00:00,6195.5073,6224.02
9281,2023-04-05 06:00:00,6800.312,6748.21
9282,2023-04-05 07:00:00,7496.864,7444.16
9283,2023-04-05 08:00:00,7490.1704,7159.91
9284,2023-04-05 09:00:00,6595.116,6629.48
9285,2023-04-05 10:00:00,6217.982,6343.4
9286,2023-04-05 11:00:00,6120.8496,6475.6
9287,2023-04-05 12:00:00,6527.4507,6262.28
9288,2023-04-05 13:00:00,6335.6323,6127.76
9289,2023-04-05 14:00:00,6369.2437,6372.06
9290,2023-04-05 15:00:00,6812.1987,6964.52
9291,2023-04-05 16:00:00,7715.7373,7571.85
9292,2023-04-05 17:00:00,8343.493,8477.42
9293,2023-04-05 18:00:00,8966.438,8850.82
9294,2023-04-05 19:00:00,8600.19,8660.62
9295,2023-04-05 20:00:00,8128.1973,8075.5
9296,2023-04-05 21:00:00,7647.625,7767.91
9297,2023-04-05 22:00:00,7442.016,7372.43
9298,2023-04-05 23:00:00,7230.696,7361.13
9299,2023-04-06 00:00:00,7200.1846,7249.8
9300,2023-04-06 01:00:00,6940.7783,6972.04
9301,2023-04-06 02:00:00,6504.8354,6497.48
9302,2023-04-06 03:00:00,6108.515,6176.0
9303,2023-04-06 04:00:00,6116.634,6031.66
9304,2023-04-06 05:00:00,6239.284,6229.04
9305,2023-04-06 06:00:00,6815.615,6795.28
9306,2023-04-06 07:00:00,7471.187,7318.67
9307,2023-04-06 08:00:00,7181.2773,7338.3
9308,2023-04-06 09:00:00,6719.1855,7027.28
9309,2023-04-06 10:00:00,6519.2607,6784.75
9310,2023-04-06 11:00:00,6553.3926,6782.22
9311,2023-04-06 12:00:00,6741.46,6730.86
9312,2023-04-06 13:00:00,6758.9136,6711.48
9313,2023-04-06 14:00:00,6896.8745,7017.22
9314,2023-04-06 15:00:00,7357.736,7261.72
9315,2023-04-06 16:00:00,7855.4404,7715.27
9316,2023-04-06 17:00:00,8466.652,8169.27
9317,2023-04-06 18:00:00,8697.098,8604.72
9318,2023-04-06 19:00:00,8499.685,8495.69
9319,2023-04-06 20:00:00,8006.6646,7998.52
9320,2023-04-06 21:00:00,7654.9824,7698.5
9321,2023-04-06 22:00:00,7487.648,7364.78
9322,2023-04-06 23:00:00,7291.0654,7294.98
9323,2023-04-07 00:00:00,7244.8496,7181.61
9324,2023-04-07 01:00:00,6966.639,6889.76
9325,2023-04-07 02:00:00,6420.0933,6435.51
9326,2023-04-07 03:00:00,6137.862,6039.14
9327,2023-04-07 04:00:00,5996.478,5835.4
9328,2023-04-07 05:00:00,6033.31,5881.83
9329,2023-04-07 06:00:00,6217.094,6172.89
9330,2023-04-07 07:00:00,6717.9194,6281.2
9331,2023-04-07 08:00:00,6451.8145,6195.17
9332,2023-04-07 09:00:00,5998.375,7097.69
9333,2023-04-07 10:00:00,6753.996,7151.17
9334,2023-04-07 11:00:00,6757.4727,6887.04
9335,2023-04-07 12:00:00,6724.73,6407.03
9336,2023-04-07 13:00:00,6335.72,5526.35
9337,2023-04-07 14:00:00,5528.181,5693.59
9338,2023-04-07 15:00:00,5973.8745,5842.04
9339,2023-04-07 16:00:00,6285.589,6737.41
9340,2023-04-07 17:00:00,7512.6646,7575.6
9341,2023-04-07 18:00:00,8140.2974,8086.71
9342,2023-04-07 19:00:00,8066.784,7829.01
9343,2023-04-07 20:00:00,7510.102,7492.72
9344,2023-04-07 21:00:00,7289.65,7192.17
9345,2023-04-07 22:00:00,7011.1333,6835.98
9346,2023-04-07 23:00:00,6697.3594,6877.48
9347,2023-04-08 00:00:00,6797.8857,6858.55
9348,2023-04-08 01:00:00,6684.3496,6618.78
9349,2023-04-08 02:00:00,6238.761,6200.78
9350,2023-04-08 03:00:00,5934.631,5843.4
9351,2023-04-08 04:00:00,5717.15,5801.42
9352,2023-04-08 05:00:00,5854.5293,5782.69
9353,2023-04-08 06:00:00,5982.5273,5974.65
9354,2023-04-08 07:00:00,6271.8623,6113.8
9355,2023-04-08 08:00:00,6271.333,5934.47
9356,2023-04-08 09:00:00,5860.51,5615.23
9357,2023-04-08 10:00:00,5473.215,5126.94
9358,2023-04-08 11:00:00,4977.7383,4832.65
9359,2023-04-08 12:00:00,4825.6426,4577.8
9360,2023-04-08 13:00:00,4655.395,4617.04
9361,2023-04-08 14:00:00,4836.575,5124.29
9362,2023-04-08 15:00:00,5613.431,5651.12
9363,2023-04-08 16:00:00,6301.5654,6237.81
9364,2023-04-08 17:00:00,7091.44,7421.68
9365,2023-04-08 18:00:00,8089.073,7759.66
9366,2023-04-08 19:00:00,7589.9873,7599.52
9367,2023-04-08 20:00:00,7234.553,7277.78
9368,2023-04-08 21:00:00,6964.4146,7081.22
9369,2023-04-08 22:00:00,6876.8823,6909.02
9370,2023-04-08 23:00:00,6816.841,6695.46
9371,2023-04-09 00:00:00,6585.72,6565.32
9372,2023-04-09 01:00:00,6352.1987,6366.71
9373,2023-04-09 02:00:00,6004.196,6001.79
9374,2023-04-09 03:00:00,5794.3735,5655.89
9375,2023-04-09 04:00:00,5525.524,5533.22
9376,2023-04-09 05:00:00,5624.969,5578.93
9377,2023-04-09 06:00:00,5852.8687,5794.48
9378,2023-04-09 07:00:00,6124.135,5859.93
9379,2023-04-09 08:00:00,5761.3506,5517.04
9380,2023-04-09 09:00:00,5117.728,5053.75
9381,2023-04-09 10:00:00,4717.2417,4513.13
9382,2023-04-09 11:00:00,4396.2827,4281.62
9383,2023-04-09 12:00:00,4351.259,4076.03
9384,2023-04-09 13:00:00,4172.22,4024.51
9385,2023-04-09 14:00:00,4273.7485,4303.27
9386,2023-04-09 15:00:00,4762.996,4897.48
9387,2023-04-09 16:00:00,5636.656,5749.78
9388,2023-04-09 17:00:00,6831.041,6914.27
9389,2023-04-09 18:00:00,7550.213,7613.48
9390,2023-04-09 19:00:00,7429.828,7609.49
9391,2023-04-09 20:00:00,7207.0044,7350.02
9392,2023-04-09 21:00:00,7064.4976,7089.82
9393,2023-04-09 22:00:00,6858.4507,6820.8
9394,2023-04-09 23:00:00,6680.942,6742.48
9395,2023-04-10 00:00:00,6644.5664,6666.25
9396,2023-04-10 01:00:00,6476.5083,6386.78
9397,2023-04-10 02:00:00,5951.5605,6061.92
9398,2023-04-10 03:00:00,5742.049,5701.81
9399,2023-04-10 04:00:00,5577.987,5685.05
9400,2023-04-10 05:00:00,5757.5405,5751.32
9401,2023-04-10 06:00:00,6027.1763,6012.95
9402,2023-04-10 07:00:00,6319.235,6282.98
9403,2023-04-10 08:00:00,6072.0215,5831.7
9404,2023-04-10 09:00:00,5385.6143,5411.99
9405,2023-04-10 10:00:00,4965.139,4958.46
9406,2023-04-10 11:00:00,4690.7305,4675.19
9407,2023-04-10 12:00:00,4579.8667,4567.74
9408,2023-04-10 13:00:00,4649.18,4770.0
9409,2023-04-10 14:00:00,5184.5977,4894.06
9410,2023-04-10 15:00:00,5380.4673,5312.69
9411,2023-04-10 16:00:00,6047.005,6325.03
9412,2023-04-10 17:00:00,7387.185,7342.09
9413,2023-04-10 18:00:00,7936.411,8349.75
9414,2023-04-10 19:00:00,8181.0513,8347.27
9415,2023-04-10 20:00:00,7875.516,7825.46
9416,2023-04-10 21:00:00,7440.6094,7481.08
9417,2023-04-10 22:00:00,7182.9263,7168.8
9418,2023-04-10 23:00:00,7009.8037,7178.76
9419,2023-04-11 00:00:00,7028.8613,7175.57
9420,2023-04-11 01:00:00,6919.46,6889.19
9421,2023-04-11 02:00:00,6433.9575,6488.37
9422,2023-04-11 03:00:00,6121.4,6015.06
9423,2023-04-11 04:00:00,5883.904,6042.79
9424,2023-04-11 05:00:00,6221.0,6208.98
9425,2023-04-11 06:00:00,6620.3413,6846.96
9426,2023-04-11 07:00:00,7340.5693,7602.22
9427,2023-04-11 08:00:00,7457.1133,7244.83
9428,2023-04-11 09:00:00,6683.0806,6631.49
9429,2023-04-11 10:00:00,6219.312,5688.02
9430,2023-04-11 11:00:00,5314.7925,5373.75
9431,2023-04-11 12:00:00,5269.015,5131.32
9432,2023-04-11 13:00:00,5158.235,5675.18
9433,2023-04-11 14:00:00,5974.5205,6328.25
9434,2023-04-11 15:00:00,6796.978,6920.44
9435,2023-04-11 16:00:00,7593.5405,7598.07
9436,2023-04-11 17:00:00,8369.815,8289.76
9437,2023-04-11 18:00:00,8868.569,8943.13
9438,2023-04-11 19:00:00,8737.362,8810.81
9439,2023-04-11 20:00:00,8343.406,8247.13
9440,2023-04-11 21:00:00,7810.0513,7903.28
9441,2023-04-11 22:00:00,7567.5664,7526.71
9442,2023-04-11 23:00:00,7425.111,7402.91
9443,2023-04-12 00:00:00,7290.5137,7262.34
9444,2023-04-12 01:00:00,7058.585,7031.31
9445,2023-04-12 02:00:00,6560.9976,6518.46
9446,2023-04-12 03:00:00,6102.8013,6225.09
9447,2023-04-12 04:00:00,6198.953,6101.99
9448,2023-04-12 05:00:00,6265.274,6237.78
9449,2023-04-12 06:00:00,6882.734,6834.36
9450,2023-04-12 07:00:00,7621.301,7349.86
9451,2023-04-12 08:00:00,7200.054,7234.31
9452,2023-04-12 09:00:00,6604.176,7135.74
9453,2023-04-12 10:00:00,6588.2305,6479.56
9454,2023-04-12 11:00:00,6028.683,6354.61
9455,2023-04-12 12:00:00,6286.2764,7185.58
9456,2023-04-12 13:00:00,7194.2607,7447.22
9457,2023-04-12 14:00:00,7708.756,7045.42
9458,2023-04-12 15:00:00,7311.3657,7205.23
9459,2023-04-12 16:00:00,7835.9023,7509.72
9460,2023-04-12 17:00:00,8235.338,8422.23
9461,2023-04-12 18:00:00,9035.817,9143.04
9462,2023-04-12 19:00:00,8872.938,9042.66
9463,2023-04-12 20:00:00,8553.009,8461.9
9464,2023-04-12 21:00:00,7946.381,8098.52
9465,2023-04-12 22:00:00,7704.1143,7712.6
9466,2023-04-12 23:00:00,7577.832,7554.06
9467,2023-04-13 00:00:00,7395.8496,7477.94
9468,2023-04-13 01:00:00,7188.0864,7192.21
9469,2023-04-13 02:00:00,6675.1543,6757.51
9470,2023-04-13 03:00:00,6339.9326,6289.14
9471,2023-04-13 04:00:00,6166.1494,6273.2
9472,2023-04-13 05:00:00,6487.8066,6380.13
9473,2023-04-13 06:00:00,6869.8633,6844.18
9474,2023-04-13 07:00:00,7416.355,7499.06
9475,2023-04-13 08:00:00,7460.422,7567.04
9476,2023-04-13 09:00:00,7147.1387,7133.46
9477,2023-04-13 10:00:00,6685.0337,6942.36
9478,2023-04-13 11:00:00,6836.667,6473.06
9479,2023-04-13 12:00:00,6558.006,6454.39
9480,2023-04-13 13:00:00,6597.3857,6486.86
9481,2023-04-13 14:00:00,6742.573,6638.73
9482,2023-04-13 15:00:00,6968.478,6874.14
9483,2023-04-13 16:00:00,7433.639,7617.6
9484,2023-04-13 17:00:00,8402.728,8327.43
9485,2023-04-13 18:00:00,8973.217,9019.2
9486,2023-04-13 19:00:00,8865.2295,8853.43
9487,2023-04-13 20:00:00,8371.731,8425.0
9488,2023-04-13 21:00:00,7969.9688,8049.92
9489,2023-04-13 22:00:00,7683.1064,7754.2
9490,2023-04-13 23:00:00,7577.3164,7571.79
9491,2023-04-14 00:00:00,7438.7856,7439.21
9492,2023-04-14 01:00:00,7170.768,7168.48
9493,2023-04-14 02:00:00,6655.44,6691.61
9494,2023-04-14 03:00:00,6247.6357,6275.85
9495,2023-04-14 04:00:00,6190.4404,6222.84
9496,2023-04-14 05:00:00,6305.215,6280.18
9497,2023-04-14 06:00:00,6542.9814,6866.05
9498,2023-04-14 07:00:00,7352.219,7503.08
9499,2023-04-14 08:00:00,7495.6514,7307.11
9500,2023-04-14 09:00:00,6870.2104,7003.84
9501,2023-04-14 10:00:00,6637.166,6786.84
9502,2023-04-14 11:00:00,6509.373,6593.06
9503,2023-04-14 12:00:00,6505.0073,6557.06
9504,2023-04-14 13:00:00,6674.3955,6330.82
9505,2023-04-14 14:00:00,6489.2056,6580.42
9506,2023-04-14 15:00:00,6894.5806,6936.54
9507,2023-04-14 16:00:00,7476.8223,7541.0
9508,2023-04-14 17:00:00,8250.713,8274.9
9509,2023-04-14 18:00:00,8851.508,8924.67
9510,2023-04-14 19:00:00,8749.345,8590.94
9511,2023-04-14 20:00:00,8154.9927,8020.74
9512,2023-04-14 21:00:00,7671.547,7740.79
9513,2023-04-14 22:00:00,7488.4136,7477.64
9514,2023-04-14 23:00:00,7391.9956,7353.61
9515,2023-04-15 00:00:00,7229.7744,7267.87
9516,2023-04-15 01:00:00,7025.6904,7038.3
9517,2023-04-15 02:00:00,6539.5356,6495.63
9518,2023-04-15 03:00:00,6123.893,6103.63
9519,2023-04-15 04:00:00,6043.0977,6059.23
9520,2023-04-15 05:00:00,6139.9175,5961.25
9521,2023-04-15 06:00:00,6118.6787,6161.76
9522,2023-04-15 07:00:00,6385.628,6464.55
9523,2023-04-15 08:00:00,6534.1816,6307.88
9524,2023-04-15 09:00:00,6019.464,5801.46
9525,2023-04-15 10:00:00,5396.839,5200.88
9526,2023-04-15 11:00:00,4843.9575,4839.0
9527,2023-04-15 12:00:00,4666.1987,4756.07
9528,2023-04-15 13:00:00,4854.3213,4825.88
9529,2023-04-15 14:00:00,5120.615,5253.42
9530,2023-04-15 15:00:00,5780.7344,5791.43
9531,2023-04-15 16:00:00,6473.785,6671.87
9532,2023-04-15 17:00:00,7593.574,7770.04
9533,2023-04-15 18:00:00,8234.003,8176.31
9534,2023-04-15 19:00:00,7890.4917,7884.94
9535,2023-04-15 20:00:00,7587.2007,7485.47
9536,2023-04-15 21:00:00,7250.9663,7245.69
9537,2023-04-15 22:00:00,7066.9307,6907.94
9538,2023-04-15 23:00:00,6798.0557,6849.31
9539,2023-04-16 00:00:00,6742.085,6710.16
9540,2023-04-16 01:00:00,6486.6895,6471.9
9541,2023-04-16 02:00:00,6072.116,6018.82
9542,2023-04-16 03:00:00,5755.7188,5720.16
9543,2023-04-16 04:00:00,5626.6655,5575.83
9544,2023-04-16 05:00:00,5626.527,5581.23
9545,2023-04-16 06:00:00,5827.538,5804.9
9546,2023-04-16 07:00:00,5975.353,5991.41
9547,2023-04-16 08:00:00,5723.8535,6430.67
9548,2023-04-16 09:00:00,6153.882,6495.73
9549,2023-04-16 10:00:00,6017.2295,6599.27
9550,2023-04-16 11:00:00,6253.2373,6479.92
9551,2023-04-16 12:00:00,6260.9263,6100.86
9552,2023-04-16 13:00:00,5993.9404,6035.92
9553,2023-04-16 14:00:00,6146.589,5682.46
9554,2023-04-16 15:00:00,5859.8857,5913.28
9555,2023-04-16 16:00:00,6465.551,6739.29
9556,2023-04-16 17:00:00,7677.162,7568.69
9557,2023-04-16 18:00:00,8262.217,8159.74
9558,2023-04-16 19:00:00,7973.8564,8108.89
9559,2023-04-16 20:00:00,7705.8823,7712.96
9560,2023-04-16 21:00:00,7341.0645,7451.21
9561,2023-04-16 22:00:00,7163.5537,7289.4
9562,2023-04-16 23:00:00,7146.4473,7177.25
9563,2023-04-17 00:00:00,7097.491,6951.87
9564,2023-04-17 01:00:00,6669.4937,6683.35
9565,2023-04-17 02:00:00,6191.2007,6375.09
9566,2023-04-17 03:00:00,6030.3745,5996.05
9567,2023-04-17 04:00:00,5921.543,6079.72
9568,2023-04-17 05:00:00,6188.9355,6265.98
9569,2023-04-17 06:00:00,6760.5693,6867.94
9570,2023-04-17 07:00:00,7558.4336,7402.55
9571,2023-04-17 08:00:00,7261.2,7290.7
9572,2023-04-17 09:00:00,6800.405,6710.93
9573,2023-04-17 10:00:00,6257.2964,6053.0
9574,2023-04-17 11:00:00,5716.0967,6019.31
9575,2023-04-17 12:00:00,5990.3535,6093.24
9576,2023-04-17 13:00:00,6305.418,6160.65
9577,2023-04-17 14:00:00,6424.567,6295.0
9578,2023-04-17 15:00:00,6704.726,6746.96
9579,2023-04-17 16:00:00,7386.875,7512.22
9580,2023-04-17 17:00:00,8288.424,8338.03
9581,2023-04-17 18:00:00,8885.2,9008.09
9582,2023-04-17 19:00:00,8727.019,8836.46
9583,2023-04-17 20:00:00,8326.225,8384.48
9584,2023-04-17 21:00:00,7949.846,7947.86
9585,2023-04-17 22:00:00,7609.5063,7604.72
9586,2023-04-17 23:00:00,7464.428,7591.17
9587,2023-04-18 00:00:00,7420.294,7443.09
9588,2023-04-18 01:00:00,7125.6836,7065.18
9589,2023-04-18 02:00:00,6587.7114,6673.42
9590,2023-04-18 03:00:00,6239.8027,6320.59
9591,2023-04-18 04:00:00,6212.3213,6208.48
9592,2023-04-18 05:00:00,6307.3154,6376.27
9593,2023-04-18 06:00:00,6920.1133,6978.23
9594,2023-04-18 07:00:00,7644.293,7314.74
9595,2023-04-18 08:00:00,7186.041,7214.86
9596,2023-04-18 09:00:00,6719.529,6621.65
9597,2023-04-18 10:00:00,6187.4424,6183.57
9598,2023-04-18 11:00:00,6044.1836,6186.17
9599,2023-04-18 12:00:00,6254.4277,6113.8
9600,2023-04-18 13:00:00,6253.266,6187.0
9601,2023-04-18 14:00:00,6528.1934,6398.14
9602,2023-04-18 15:00:00,6873.6357,6754.13
9603,2023-04-18 16:00:00,7466.851,7582.97
9604,2023-04-18 17:00:00,8404.465,8253.57
9605,2023-04-18 18:00:00,8940.092,9061.16
9606,2023-04-18 19:00:00,8777.632,8762.4
9607,2023-04-18 20:00:00,8271.685,8196.74
9608,2023-04-18 21:00:00,7802.014,7804.29
9609,2023-04-18 22:00:00,7515.341,7607.9
9610,2023-04-18 23:00:00,7475.1343,7553.44
9611,2023-04-19 00:00:00,7405.325,7329.63
9612,2023-04-19 01:00:00,7058.797,7086.14
9613,2023-04-19 02:00:00,6622.6523,6670.5
9614,2023-04-19 03:00:00,6271.7617,6289.07
9615,2023-04-19 04:00:00,6194.405,6133.64
9616,2023-04-19 05:00:00,6259.0337,6279.92
9617,2023-04-19 06:00:00,6847.885,6866.06
9618,2023-04-19 07:00:00,7453.4106,7455.51
9619,2023-04-19 08:00:00,7270.6323,7299.38
9620,2023-04-19 09:00:00,6720.3193,6598.98
9621,2023-04-19 10:00:00,6171.709,6067.44
9622,2023-04-19 11:00:00,5907.0796,5607.74
9623,2023-04-19 12:00:00,5561.3174,5765.06
9624,2023-04-19 13:00:00,5910.892,5736.34
9625,2023-04-19 14:00:00,6041.6963,6159.95
9626,2023-04-19 15:00:00,6628.3496,6634.56
9627,2023-04-19 16:00:00,7425.417,7554.39
9628,2023-04-19 17:00:00,8334.749,8422.36
9629,2023-04-19 18:00:00,8927.359,9004.25
9630,2023-04-19 19:00:00,8648.983,8629.06
9631,2023-04-19 20:00:00,8093.842,8178.37
9632,2023-04-19 21:00:00,7725.5117,7832.23
9633,2023-04-19 22:00:00,7551.743,7531.77
9634,2023-04-19 23:00:00,7414.014,7481.85
9635,2023-04-20 00:00:00,7244.753,7422.38
9636,2023-04-20 01:00:00,7030.717,7028.21
9637,2023-04-20 02:00:00,6557.0127,6496.35
9638,2023-04-20 03:00:00,6149.125,6290.05
9639,2023-04-20 04:00:00,6200.142,6135.55
9640,2023-04-20 05:00:00,6314.649,6315.96
9641,2023-04-20 06:00:00,6845.1274,6918.92
9642,2023-04-20 07:00:00,7457.893,7540.18
9643,2023-04-20 08:00:00,7288.131,7775.44
9644,2023-04-20 09:00:00,7070.514,7800.31
9645,2023-04-20 10:00:00,6990.608,7756.35
9646,2023-04-20 11:00:00,7284.52,7653.55
9647,2023-04-20 12:00:00,7517.3066,7682.15
9648,2023-04-20 13:00:00,7643.1206,7538.46
9649,2023-04-20 14:00:00,7599.4214,7690.47
9650,2023-04-20 15:00:00,7873.5376,7720.18
9651,2023-04-20 16:00:00,8026.5786,8047.58
9652,2023-04-20 17:00:00,8623.907,8635.06
9653,2023-04-20 18:00:00,9123.848,9333.21
9654,2023-04-20 19:00:00,8943.816,8952.21
9655,2023-04-20 20:00:00,8450.362,8557.27
9656,2023-04-20 21:00:00,8127.813,8234.51
9657,2023-04-20 22:00:00,7866.5513,7766.07
9658,2023-04-20 23:00:00,7616.2544,7673.26
9659,2023-04-21 00:00:00,7513.07,7554.03
9660,2023-04-21 01:00:00,7218.2563,7231.5
9661,2023-04-21 02:00:00,6712.893,6770.5
9662,2023-04-21 03:00:00,6381.259,6433.98
9663,2023-04-21 04:00:00,6310.973,6273.74
9664,2023-04-21 05:00:00,6364.631,6394.63
9665,2023-04-21 06:00:00,6863.2036,6863.49
9666,2023-04-21 07:00:00,7385.186,7544.04
9667,2023-04-21 08:00:00,7585.6133,7434.97
9668,2023-04-21 09:00:00,7096.8467,7059.94
9669,2023-04-21 10:00:00,6790.707,6565.88
9670,2023-04-21 11:00:00,6356.868,6387.45
9671,2023-04-21 12:00:00,6350.755,6415.38
9672,2023-04-21 13:00:00,6451.5776,6325.85
9673,2023-04-21 14:00:00,6567.3433,6448.92
9674,2023-04-21 15:00:00,6823.326,6870.65
9675,2023-04-21 16:00:00,7599.864,7543.65
9676,2023-04-21 17:00:00,8335.313,8300.29
9677,2023-04-21 18:00:00,8866.55,8841.13
9678,2023-04-21 19:00:00,8510.66,8531.23
9679,2023-04-21 20:00:00,8082.8545,8243.27
9680,2023-04-21 21:00:00,7848.902,7987.27
9681,2023-04-21 22:00:00,7661.525,7778.53
9682,2023-04-21 23:00:00,7596.8325,7716.57
9683,2023-04-22 00:00:00,7551.266,7585.46
9684,2023-04-22 01:00:00,7185.334,7274.26
9685,2023-04-22 02:00:00,6736.95,6805.4
9686,2023-04-22 03:00:00,6400.3076,6256.81
9687,2023-04-22 04:00:00,6138.4824,6204.74
9688,2023-04-22 05:00:00,6216.0605,6219.69
9689,2023-04-22 06:00:00,6338.1606,6494.31
9690,2023-04-22 07:00:00,6732.122,6847.61
9691,2023-04-22 08:00:00,6777.2217,6963.16
9692,2023-04-22 09:00:00,6539.4214,6816.7
9693,2023-04-22 10:00:00,6292.1387,6578.42
9694,2023-04-22 11:00:00,6272.206,6465.14
9695,2023-04-22 12:00:00,6337.5957,6329.47
9696,2023-04-22 13:00:00,6310.935,6442.92
9697,2023-04-22 14:00:00,6643.8965,6388.84
9698,2023-04-22 15:00:00,6675.108,6883.14
9699,2023-04-22 16:00:00,7573.6914,7395.86
9700,2023-04-22 17:00:00,8217.363,7936.93
9701,2023-04-22 18:00:00,8416.486,8420.79
9702,2023-04-22 19:00:00,8157.49,8167.76
9703,2023-04-22 20:00:00,7813.8613,7813.2
9704,2023-04-22 21:00:00,7575.8086,7512.06
9705,2023-04-22 22:00:00,7360.4434,7385.66
9706,2023-04-22 23:00:00,7292.064,7292.55
9707,2023-04-23 00:00:00,7168.409,7156.66
9708,2023-04-23 01:00:00,6888.991,6872.75
9709,2023-04-23 02:00:00,6446.9424,6429.47
9710,2023-04-23 03:00:00,6075.228,6084.65
9711,2023-04-23 04:00:00,5988.9575,5920.02
9712,2023-04-23 05:00:00,5932.328,5995.14
9713,2023-04-23 06:00:00,6159.102,6316.75
9714,2023-04-23 07:00:00,6562.9883,6518.37
9715,2023-04-23 08:00:00,6573.8794,6653.08
9716,2023-04-23 09:00:00,6451.8457,6531.98
9717,2023-04-23 10:00:00,6136.196,6218.56
9718,2023-04-23 11:00:00,5926.3286,5772.78
9719,2023-04-23 12:00:00,5569.5513,5918.79
9720,2023-04-23 13:00:00,5968.9233,5887.82
9721,2023-04-23 14:00:00,6104.8296,6230.81
9722,2023-04-23 15:00:00,6602.5293,6646.91
9723,2023-04-23 16:00:00,7331.551,7202.14
9724,2023-04-23 17:00:00,8008.087,7943.05
9725,2023-04-23 18:00:00,8379.457,8473.07
9726,2023-04-23 19:00:00,8112.641,8237.63
9727,2023-04-23 20:00:00,7790.263,7742.66
9728,2023-04-23 21:00:00,7467.4893,7485.8
9729,2023-04-23 22:00:00,7291.926,7222.52
9730,2023-04-23 23:00:00,7165.351,7085.08
9731,2023-04-24 00:00:00,6988.0713,6882.82
9732,2023-04-24 01:00:00,6642.306,6661.3
9733,2023-04-24 02:00:00,6258.166,6195.39
9734,2023-04-24 03:00:00,5854.389,5981.24
9735,2023-04-24 04:00:00,5896.668,5907.42
9736,2023-04-24 05:00:00,5994.3223,6088.58
9737,2023-04-24 06:00:00,6495.666,6599.89
9738,2023-04-24 07:00:00,6971.6064,7141.11
9739,2023-04-24 08:00:00,7066.027,7238.75
9740,2023-04-24 09:00:00,6691.6533,6809.33
9741,2023-04-24 10:00:00,6323.496,6723.85
9742,2023-04-24 11:00:00,6401.4805,6490.67
9743,2023-04-24 12:00:00,6373.9473,6419.25
9744,2023-04-24 13:00:00,6426.5713,6625.08
9745,2023-04-24 14:00:00,6859.795,6839.41
9746,2023-04-24 15:00:00,7154.219,7180.49
9747,2023-04-24 16:00:00,7792.8745,7704.67
9748,2023-04-24 17:00:00,8383.711,8308.57
9749,2023-04-24 18:00:00,8857.634,8969.89
9750,2023-04-24 19:00:00,8644.5205,8600.93
9751,2023-04-24 20:00:00,8174.21,8075.43
9752,2023-04-24 21:00:00,7728.3413,7826.46
9753,2023-04-24 22:00:00,7546.665,7574.46
9754,2023-04-24 23:00:00,7478.872,7418.65
9755,2023-04-25 00:00:00,7290.4976,7188.19
9756,2023-04-25 01:00:00,6967.9414,7009.69
9757,2023-04-25 02:00:00,6554.9194,6507.1
9758,2023-04-25 03:00:00,6199.268,6086.76
9759,2023-04-25 04:00:00,5989.714,5958.08
9760,2023-04-25 05:00:00,6109.871,6097.04
9761,2023-04-25 06:00:00,6635.082,6282.95
9762,2023-04-25 07:00:00,6754.766,6432.76
9763,2023-04-25 08:00:00,6547.015,6108.52
9764,2023-04-25 09:00:00,5731.078,5769.27
9765,2023-04-25 10:00:00,5400.1846,5408.88
9766,2023-04-25 11:00:00,5271.851,5402.91
9767,2023-04-25 12:00:00,5436.7876,5282.74
9768,2023-04-25 13:00:00,5483.5327,5385.15
9769,2023-04-25 14:00:00,5764.2114,5598.83
9770,2023-04-25 15:00:00,6112.1006,6041.06
9771,2023-04-25 16:00:00,6821.61,6986.41
9772,2023-04-25 17:00:00,7948.683,7797.86
9773,2023-04-25 18:00:00,8359.623,8409.81
9774,2023-04-25 19:00:00,8096.6733,8151.89
9775,2023-04-25 20:00:00,7748.435,7786.29
9776,2023-04-25 21:00:00,7504.66,7457.75
9777,2023-04-25 22:00:00,7301.9307,7212.95
9778,2023-04-25 23:00:00,7130.745,7169.16
9779,2023-04-26 00:00:00,7051.2163,7061.87
9780,2023-04-26 01:00:00,6847.194,6838.42
9781,2023-04-26 02:00:00,6383.8657,6477.58
9782,2023-04-26 03:00:00,6069.602,6102.66
9783,2023-04-26 04:00:00,5970.3257,6013.3
9784,2023-04-26 05:00:00,6127.34,6223.43
9785,2023-04-26 06:00:00,6688.7095,6868.72
9786,2023-04-26 07:00:00,7284.3877,7685.6
9787,2023-04-26 08:00:00,7484.055,7605.14
9788,2023-04-26 09:00:00,6988.4233,7005.32
9789,2023-04-26 10:00:00,6518.0596,6548.94
9790,2023-04-26 11:00:00,6344.9326,6471.17
9791,2023-04-26 12:00:00,6420.536,6561.64
9792,2023-04-26 13:00:00,6707.1367,6490.78
9793,2023-04-26 14:00:00,6705.1265,6763.76
9794,2023-04-26 15:00:00,7088.581,6945.0
9795,2023-04-26 16:00:00,7538.4517,7772.36
9796,2023-04-26 17:00:00,8437.139,8454.5
9797,2023-04-26 18:00:00,8997.562,9092.84
9798,2023-04-26 19:00:00,8661.518,8752.35
9799,2023-04-26 20:00:00,8266.777,8307.58
9800,2023-04-26 21:00:00,7917.4717,7905.15
9801,2023-04-26 22:00:00,7662.7026,7506.4
9802,2023-04-26 23:00:00,7363.351,7471.0
9803,2023-04-27 00:00:00,7336.5986,7300.29
9804,2023-04-27 01:00:00,7058.9727,7002.38
9805,2023-04-27 02:00:00,6611.801,6532.88
9806,2023-04-27 03:00:00,6157.4663,6176.46
9807,2023-04-27 04:00:00,6056.735,6190.79
9808,2023-04-27 05:00:00,6398.516,6355.44
9809,2023-04-27 06:00:00,6851.2563,6857.38
9810,2023-04-27 07:00:00,7517.2314,7735.4
9811,2023-04-27 08:00:00,7648.112,7636.87
9812,2023-04-27 09:00:00,7136.6357,6787.13
9813,2023-04-27 10:00:00,6353.203,6220.87
9814,2023-04-27 11:00:00,5976.0796,5956.42
9815,2023-04-27 12:00:00,5964.1113,5831.39
9816,2023-04-27 13:00:00,5919.915,6059.57
9817,2023-04-27 14:00:00,6324.924,6332.98
9818,2023-04-27 15:00:00,6744.456,6934.18
9819,2023-04-27 16:00:00,7608.545,7662.88
9820,2023-04-27 17:00:00,8363.7705,8419.96
9821,2023-04-27 18:00:00,8907.607,9159.21
9822,2023-04-27 19:00:00,8701.191,8749.54
9823,2023-04-27 20:00:00,8257.242,8446.77
9824,2023-04-27 21:00:00,8031.949,8085.04
9825,2023-04-27 22:00:00,7776.371,7745.56
9826,2023-04-27 23:00:00,7596.542,7586.55
9827,2023-04-28 00:00:00,7427.413,7388.24
9828,2023-04-28 01:00:00,7096.7046,7108.9
9829,2023-04-28 02:00:00,6670.676,6640.41
9830,2023-04-28 03:00:00,6260.471,6281.9
9831,2023-04-28 04:00:00,6136.437,6237.02
9832,2023-04-28 05:00:00,6397.165,6322.72
9833,2023-04-28 06:00:00,6789.4487,6823.4
9834,2023-04-28 07:00:00,7418.5474,7809.27
9835,2023-04-28 08:00:00,7787.1836,7627.18
9836,2023-04-28 09:00:00,7038.852,6943.29
9837,2023-04-28 10:00:00,6445.4443,6464.54
9838,2023-04-28 11:00:00,6245.3057,6048.98
9839,2023-04-28 12:00:00,6000.25,6003.67
9840,2023-04-28 13:00:00,6114.505,6088.29
9841,2023-04-28 14:00:00,6416.4463,6524.59
9842,2023-04-28 15:00:00,6973.4077,7226.53
9843,2023-04-28 16:00:00,7886.413,8064.51
9844,2023-04-28 17:00:00,8785.053,8586.62
9845,2023-04-28 18:00:00,9031.662,9007.21
9846,2023-04-28 19:00:00,8601.9,8657.91
9847,2023-04-28 20:00:00,8226.077,8244.81
9848,2023-04-28 21:00:00,7908.6904,7939.74
9849,2023-04-28 22:00:00,7709.1187,7600.01
9850,2023-04-28 23:00:00,7460.0845,7612.38
9851,2023-04-29 00:00:00,7415.688,7254.11
9852,2023-04-29 01:00:00,6976.9424,7126.57
9853,2023-04-29 02:00:00,6627.483,6478.54
9854,2023-04-29 03:00:00,6112.4814,6175.51
9855,2023-04-29 04:00:00,6105.0674,6058.51
9856,2023-04-29 05:00:00,6176.969,6180.56
9857,2023-04-29 06:00:00,6532.317,6465.16
9858,2023-04-29 07:00:00,6761.7627,6778.95
9859,2023-04-29 08:00:00,6612.8794,7153.7
9860,2023-04-29 09:00:00,6739.377,7553.05
9861,2023-04-29 10:00:00,7014.368,7606.5
9862,2023-04-29 11:00:00,7180.1367,7456.28
9863,2023-04-29 12:00:00,7205.6934,7313.51
9864,2023-04-29 13:00:00,7170.78,7364.44
9865,2023-04-29 14:00:00,7372.6562,7619.45
9866,2023-04-29 15:00:00,7951.0806,7736.88
9867,2023-04-29 16:00:00,8291.055,8070.08
9868,2023-04-29 17:00:00,8734.104,8423.08
9869,2023-04-29 18:00:00,8977.745,8755.14
9870,2023-04-29 19:00:00,8460.617,8346.4
9871,2023-04-29 20:00:00,7987.4604,7908.99
9872,2023-04-29 21:00:00,7653.5854,7706.75
9873,2023-04-29 22:00:00,7503.6816,7509.95
9874,2023-04-29 23:00:00,7409.2056,7353.5
9875,2023-04-30 00:00:00,7190.669,7226.38
9876,2023-04-30 01:00:00,7001.676,6961.24
9877,2023-04-30 02:00:00,6456.4775,6440.35
9878,2023-04-30 03:00:00,6127.9375,6151.34
9879,2023-04-30 04:00:00,6108.6123,6068.85
9880,2023-04-30 05:00:00,6169.7827,6073.11
9881,2023-04-30 06:00:00,6258.795,6240.54
9882,2023-04-30 07:00:00,6510.4746,6568.11
9883,2023-04-30 08:00:00,6735.5586,6814.54
9884,2023-04-30 09:00:00,6641.7163,6806.18
9885,2023-04-30 10:00:00,6387.6035,6729.28
9886,2023-04-30 11:00:00,6392.987,6464.74
9887,2023-04-30 12:00:00,6311.805,6223.78
9888,2023-04-30 13:00:00,6177.83,6064.49
9889,2023-04-30 14:00:00,6178.672,6232.28
9890,2023-04-30 15:00:00,6609.1177,6766.87
9891,2023-04-30 16:00:00,7433.131,7515.0
9892,2023-04-30 17:00:00,8185.5205,8317.61
9893,2023-04-30 18:00:00,8794.693,8902.14
9894,2023-04-30 19:00:00,8428.288,8698.88
9895,2023-04-30 20:00:00,8207.583,8276.58
9896,2023-04-30 21:00:00,7852.429,7999.74
9897,2023-04-30 22:00:00,7703.456,7577.08
9898,2023-04-30 23:00:00,7420.0195,7392.58
9899,2023-05-01 00:00:00,7253.86,7034.35
9900,2023-05-01 01:00:00,6827.243,6911.81
9901,2023-05-01 02:00:00,6411.9224,6498.82
9902,2023-05-01 03:00:00,6147.549,6259.68
9903,2023-05-01 04:00:00,6169.925,6197.63
9904,2023-05-01 05:00:00,6295.448,6442.89
9905,2023-05-01 06:00:00,6757.457,7049.65
9906,2023-05-01 07:00:00,7520.243,8087.28
9907,2023-05-01 08:00:00,7927.266,8063.87
9908,2023-05-01 09:00:00,7392.7437,7330.9
9909,2023-05-01 10:00:00,6672.199,6787.43
9910,2023-05-01 11:00:00,6441.4194,6235.82
9911,2023-05-01 12:00:00,6146.897,6015.94
9912,2023-05-01 13:00:00,6074.359,6300.12
9913,2023-05-01 14:00:00,6648.3667,6508.97
9914,2023-05-01 15:00:00,6972.168,7117.34
9915,2023-05-01 16:00:00,7892.1904,7970.13
9916,2023-05-01 17:00:00,8702.444,8842.87
9917,2023-05-01 18:00:00,9238.492,9749.74
9918,2023-05-01 19:00:00,9047.248,9465.97
9919,2023-05-01 20:00:00,8922.188,8967.88
9920,2023-05-01 21:00:00,8571.571,8512.34
9921,2023-05-01 22:00:00,8197.844,8081.47
9922,2023-05-01 23:00:00,7945.1,7849.83
9923,2023-05-02 00:00:00,7677.541,7632.14
9924,2023-05-02 01:00:00,7407.608,7389.71
9925,2023-05-02 02:00:00,6968.261,6863.27
9926,2023-05-02 03:00:00,6471.1025,6470.17
9927,2023-05-02 04:00:00,6365.5186,6338.47
9928,2023-05-02 05:00:00,6394.0327,6498.46
9929,2023-05-02 06:00:00,6981.948,7190.33
9930,2023-05-02 07:00:00,8100.622,8218.01
9931,2023-05-02 08:00:00,8116.9526,8133.09
9932,2023-05-02 09:00:00,7435.199,7321.02
9933,2023-05-02 10:00:00,6716.8145,6575.14
9934,2023-05-02 11:00:00,6216.1743,6030.59
9935,2023-05-02 12:00:00,5970.728,5990.97
9936,2023-05-02 13:00:00,6100.3843,6384.68
9937,2023-05-02 14:00:00,6758.7544,6666.65
9938,2023-05-02 15:00:00,7205.7607,7146.98
9939,2023-05-02 16:00:00,8011.2183,8050.68
9940,2023-05-02 17:00:00,8925.939,8674.18
9941,2023-05-02 18:00:00,9354.202,9504.1
9942,2023-05-02 19:00:00,9131.152,9323.34
9943,2023-05-02 20:00:00,8786.162,8773.85
9944,2023-05-02 21:00:00,8343.839,8356.01
9945,2023-05-02 22:00:00,7978.284,7949.78
9946,2023-05-02 23:00:00,7759.136,7767.34
9947,2023-05-03 00:00:00,7621.652,7564.65
9948,2023-05-03 01:00:00,7353.444,7184.59
9949,2023-05-03 02:00:00,6777.03,6673.86
9950,2023-05-03 03:00:00,6335.5327,6327.33
9951,2023-05-03 04:00:00,6261.419,6239.42
9952,2023-05-03 05:00:00,6489.605,6426.46
9953,2023-05-03 06:00:00,7113.9663,7061.14
9954,2023-05-03 07:00:00,8068.7817,8114.63
9955,2023-05-03 08:00:00,8127.6025,7798.63
9956,2023-05-03 09:00:00,7099.3643,6891.13
9957,2023-05-03 10:00:00,6330.947,6315.98
9958,2023-05-03 11:00:00,6038.1333,5929.27
9959,2023-05-03 12:00:00,5950.7427,5615.6
9960,2023-05-03 13:00:00,5824.037,5648.69
9961,2023-05-03 14:00:00,6016.6064,5927.72
9962,2023-05-03 15:00:00,6431.159,6638.89
9963,2023-05-03 16:00:00,7557.7075,7549.03
9964,2023-05-03 17:00:00,8478.782,8565.7
9965,2023-05-03 18:00:00,9219.788,9496.93
9966,2023-05-03 19:00:00,9096.242,9072.78
9967,2023-05-03 20:00:00,8593.467,8616.38
9968,2023-05-03 21:00:00,8191.841,8260.48
9969,2023-05-03 22:00:00,7873.5566,7784.04
9970,2023-05-03 23:00:00,7613.3794,7760.28
9971,2023-05-04 00:00:00,7564.471,7567.86
9972,2023-05-04 01:00:00,7302.2505,7275.04
9973,2023-05-04 02:00:00,6804.1113,6826.11
9974,2023-05-04 03:00:00,6422.017,6492.84
9975,2023-05-04 04:00:00,6367.53,6383.19
9976,2023-05-04 05:00:00,6531.9785,6702.88
9977,2023-05-04 06:00:00,7365.9404,7280.19
9978,2023-05-04 07:00:00,8179.069,8538.14
9979,2023-05-04 08:00:00,8272.332,8172.24
9980,2023-05-04 09:00:00,7313.3066,7144.52
9981,2023-05-04 10:00:00,6499.3594,6309.39
9982,2023-05-04 11:00:00,5978.256,5774.61
9983,2023-05-04 12:00:00,5737.5864,5579.55
9984,2023-05-04 13:00:00,5720.888,5673.79
9985,2023-05-04 14:00:00,6040.631,6107.7
9986,2023-05-04 15:00:00,6701.785,6909.34
9987,2023-05-04 16:00:00,7819.906,7731.17
9988,2023-05-04 17:00:00,8748.21,8551.33
9989,2023-05-04 18:00:00,9341.898,9539.82
9990,2023-05-04 19:00:00,9131.038,9378.94
9991,2023-05-04 20:00:00,8809.16,8996.54
9992,2023-05-04 21:00:00,8544.806,8709.4
9993,2023-05-04 22:00:00,8299.687,8146.89
9994,2023-05-04 23:00:00,7883.115,8003.08
9995,2023-05-05 00:00:00,7756.6465,7832.3
9996,2023-05-05 01:00:00,7496.654,7531.4
9997,2023-05-05 02:00:00,7047.2886,7043.29
9998,2023-05-05 03:00:00,6598.5894,6677.72
9999,2023-05-05 04:00:00,6448.7026,6468.3
10000,2023-05-05 05:00:00,6529.109,6666.03
10001,2023-05-05 06:00:00,7305.155,7360.2
10002,2023-05-05 07:00:00,8445.215,8448.47
10003,2023-05-05 08:00:00,8212.88,8341.94
10004,2023-05-05 09:00:00,7371.493,7381.22
10005,2023-05-05 10:00:00,6573.777,6559.13
10006,2023-05-05 11:00:00,6122.9033,5951.98
10007,2023-05-05 12:00:00,5724.375,5776.17
10008,2023-05-05 13:00:00,5912.223,5799.23
10009,2023-05-05 14:00:00,6146.315,6150.76
10010,2023-05-05 15:00:00,6827.7217,6644.13
10011,2023-05-05 16:00:00,7597.0605,7572.88
10012,2023-05-05 17:00:00,8600.809,8577.34
10013,2023-05-05 18:00:00,9532.118,9387.14
10014,2023-05-05 19:00:00,9160.545,9097.3
10015,2023-05-05 20:00:00,8695.883,8671.58
10016,2023-05-05 21:00:00,8309.016,8368.08
10017,2023-05-05 22:00:00,8002.46,8024.3
10018,2023-05-05 23:00:00,7901.679,7919.95
10019,2023-05-06 00:00:00,7783.1123,7793.65
10020,2023-05-06 01:00:00,7458.6357,7474.57
10021,2023-05-06 02:00:00,7043.245,6933.41
10022,2023-05-06 03:00:00,6551.206,6629.77
10023,2023-05-06 04:00:00,6470.449,6390.15
10024,2023-05-06 05:00:00,6570.3125,6434.07
10025,2023-05-06 06:00:00,6843.272,6846.32
10026,2023-05-06 07:00:00,7444.235,7488.88
10027,2023-05-06 08:00:00,8194.749,7580.41
10028,2023-05-06 09:00:00,7218.34,7083.66
10029,2023-05-06 10:00:00,6648.004,6211.93
10030,2023-05-06 11:00:00,5801.822,5624.41
10031,2023-05-06 12:00:00,5528.417,5304.94
10032,2023-05-06 13:00:00,5416.7783,5344.29
10033,2023-05-06 14:00:00,5703.5107,5761.05
10034,2023-05-06 15:00:00,6466.219,6312.38
10035,2023-05-06 16:00:00,7148.4937,7317.15
10036,2023-05-06 17:00:00,8366.894,8342.56
10037,2023-05-06 18:00:00,9192.588,8981.77
10038,2023-05-06 19:00:00,8750.012,8674.5
10039,2023-05-06 20:00:00,8289.375,8455.42
10040,2023-05-06 21:00:00,8143.9707,8173.36
10041,2023-05-06 22:00:00,7905.322,7938.74
10042,2023-05-06 23:00:00,7784.315,7826.32
10043,2023-05-07 00:00:00,7653.3706,7518.95
10044,2023-05-07 01:00:00,7250.281,7306.98
10045,2023-05-07 02:00:00,6794.7363,6825.78
10046,2023-05-07 03:00:00,6409.062,6362.83
10047,2023-05-07 04:00:00,6182.1436,6323.93
10048,2023-05-07 05:00:00,6450.9795,6338.92
10049,2023-05-07 06:00:00,6571.393,6684.66
10050,2023-05-07 07:00:00,7206.6743,7030.61
10051,2023-05-07 08:00:00,7274.0596,7335.16
10052,2023-05-07 09:00:00,7122.8926,7853.48
10053,2023-05-07 10:00:00,7507.0117,8115.06
10054,2023-05-07 11:00:00,7865.6987,7728.24
10055,2023-05-07 12:00:00,7238.4824,6812.66
10056,2023-05-07 13:00:00,6379.886,7060.48
10057,2023-05-07 14:00:00,7342.5337,6828.66
10058,2023-05-07 15:00:00,7048.9736,7269.45
10059,2023-05-07 16:00:00,7857.158,8247.55
10060,2023-05-07 17:00:00,8951.477,9584.97
10061,2023-05-07 18:00:00,10062.979,10602.65
10062,2023-05-07 19:00:00,9963.903,10168.36
10063,2023-05-07 20:00:00,9545.934,9917.16
10064,2023-05-07 21:00:00,9490.937,9408.14
10065,2023-05-07 22:00:00,8993.195,8769.06
10066,2023-05-07 23:00:00,8516.596,8308.65
10067,2023-05-08 00:00:00,8099.5596,7790.31
10068,2023-05-08 01:00:00,7491.381,7498.05
10069,2023-05-08 02:00:00,7031.5327,7076.3
10070,2023-05-08 03:00:00,6644.996,6729.04
10071,2023-05-08 04:00:00,6541.0127,6685.4
10072,2023-05-08 05:00:00,6751.6504,6838.22
10073,2023-05-08 06:00:00,7164.8086,7776.34
10074,2023-05-08 07:00:00,8737.474,9271.68
10075,2023-05-08 08:00:00,9258.001,9342.3
10076,2023-05-08 09:00:00,8506.809,8294.95
10077,2023-05-08 10:00:00,7449.1533,7367.99
10078,2023-05-08 11:00:00,6718.852,6481.43
10079,2023-05-08 12:00:00,6170.5674,6655.57
10080,2023-05-08 13:00:00,6893.977,6873.99
10081,2023-05-08 14:00:00,7181.699,6986.23
10082,2023-05-08 15:00:00,7564.4155,7757.16
10083,2023-05-08 16:00:00,8796.416,8580.86
10084,2023-05-08 17:00:00,9757.711,9728.36
10085,2023-05-08 18:00:00,10847.202,10921.72
10086,2023-05-08 19:00:00,10484.363,10576.25
10087,2023-05-08 20:00:00,10027.154,10219.75
10088,2023-05-08 21:00:00,9650.733,9780.98
10089,2023-05-08 22:00:00,9229.56,9030.29
10090,2023-05-08 23:00:00,8650.273,8506.37
10091,2023-05-09 00:00:00,8192.325,8238.96
10092,2023-05-09 01:00:00,7882.281,7897.21
10093,2023-05-09 02:00:00,7456.095,7363.41
10094,2023-05-09 03:00:00,6899.2036,6972.62
10095,2023-05-09 04:00:00,6788.072,6924.47
10096,2023-05-09 05:00:00,7163.739,7158.78
10097,2023-05-09 06:00:00,8090.261,7983.11
10098,2023-05-09 07:00:00,9456.646,9562.75
10099,2023-05-09 08:00:00,9678.089,9444.46
10100,2023-05-09 09:00:00,8417.608,8266.18
10101,2023-05-09 10:00:00,7381.5215,7300.02
10102,2023-05-09 11:00:00,6631.413,6756.66
10103,2023-05-09 12:00:00,6693.5625,6335.3
10104,2023-05-09 13:00:00,6491.514,6528.95
10105,2023-05-09 14:00:00,6935.311,7215.97
10106,2023-05-09 15:00:00,7918.418,7675.44
10107,2023-05-09 16:00:00,8717.775,8428.95
10108,2023-05-09 17:00:00,9612.914,9443.1
10109,2023-05-09 18:00:00,10745.622,10629.05
10110,2023-05-09 19:00:00,10434.192,10594.9
10111,2023-05-09 20:00:00,10139.035,10121.45
10112,2023-05-09 21:00:00,9653.34,9647.03
10113,2023-05-09 22:00:00,9065.413,8963.48
10114,2023-05-09 23:00:00,8571.041,8606.72
10115,2023-05-10 00:00:00,8307.128,8156.6
10116,2023-05-10 01:00:00,7878.9785,7882.02
10117,2023-05-10 02:00:00,7453.6567,7461.87
10118,2023-05-10 03:00:00,7034.713,7001.27
10119,2023-05-10 04:00:00,6818.795,6833.75
10120,2023-05-10 05:00:00,7015.975,7124.03
10121,2023-05-10 06:00:00,8084.7236,8040.92
10122,2023-05-10 07:00:00,9557.24,9446.7
10123,2023-05-10 08:00:00,9413.332,9245.71
10124,2023-05-10 09:00:00,8192.187,8059.61
10125,2023-05-10 10:00:00,7126.027,7073.08
10126,2023-05-10 11:00:00,6479.7314,6316.08
10127,2023-05-10 12:00:00,6195.478,6024.3
10128,2023-05-10 13:00:00,6215.1816,5988.87
10129,2023-05-10 14:00:00,6323.787,6314.14
10130,2023-05-10 15:00:00,7015.4263,7019.0
10131,2023-05-10 16:00:00,8005.7993,8005.84
10132,2023-05-10 17:00:00,9257.139,9058.8
10133,2023-05-10 18:00:00,10110.597,10094.54
10134,2023-05-10 19:00:00,9999.793,10018.99
10135,2023-05-10 20:00:00,9638.613,9656.78
10136,2023-05-10 21:00:00,9270.968,9350.93
10137,2023-05-10 22:00:00,8839.789,8695.46
10138,2023-05-10 23:00:00,8348.091,8291.91
10139,2023-05-11 00:00:00,8016.065,8063.47
10140,2023-05-11 01:00:00,7788.995,7744.75
10141,2023-05-11 02:00:00,7363.812,7286.1
10142,2023-05-11 03:00:00,6903.91,6909.5
10143,2023-05-11 04:00:00,6808.9546,6745.7
10144,2023-05-11 05:00:00,7020.1475,6987.73
10145,2023-05-11 06:00:00,7860.543,7763.83
10146,2023-05-11 07:00:00,9271.414,9204.32
10147,2023-05-11 08:00:00,9114.19,8928.83
10148,2023-05-11 09:00:00,7849.935,7853.12
10149,2023-05-11 10:00:00,6860.1313,6860.64
10150,2023-05-11 11:00:00,6203.6787,6286.56
10151,2023-05-11 12:00:00,6025.8843,6052.77
10152,2023-05-11 13:00:00,6190.5684,6237.72
10153,2023-05-11 14:00:00,6612.467,6523.53
10154,2023-05-11 15:00:00,7199.091,7088.42
10155,2023-05-11 16:00:00,8007.516,7951.76
10156,2023-05-11 17:00:00,9158.126,9116.15
10157,2023-05-11 18:00:00,10240.617,9979.43
10158,2023-05-11 19:00:00,9805.916,9808.12
10159,2023-05-11 20:00:00,9465.213,9543.26
10160,2023-05-11 21:00:00,9218.689,9169.13
10161,2023-05-11 22:00:00,8708.699,8571.83
10162,2023-05-11 23:00:00,8254.608,8337.49
10163,2023-05-12 00:00:00,8099.375,8089.42
10164,2023-05-12 01:00:00,7798.761,7852.43
10165,2023-05-12 02:00:00,7465.631,7279.65
10166,2023-05-12 03:00:00,6894.7314,6884.71
10167,2023-05-12 04:00:00,6762.18,6880.98
10168,2023-05-12 05:00:00,7151.3066,7064.05
10169,2023-05-12 06:00:00,7942.294,7821.36
10170,2023-05-12 07:00:00,9262.81,9040.36
10171,2023-05-12 08:00:00,8977.862,8959.3
10172,2023-05-12 09:00:00,7939.582,7888.51
10173,2023-05-12 10:00:00,6919.1855,6991.76
10174,2023-05-12 11:00:00,6337.2314,6430.12
10175,2023-05-12 12:00:00,6199.2114,5999.92
10176,2023-05-12 13:00:00,6110.5474,6003.37
10177,2023-05-12 14:00:00,6390.7627,6374.55
10178,2023-05-12 15:00:00,7036.5044,6981.51
10179,2023-05-12 16:00:00,7925.912,7942.68
10180,2023-05-12 17:00:00,9117.294,9025.96
10181,2023-05-12 18:00:00,10057.466,9616.82
10182,2023-05-12 19:00:00,9483.717,9317.08
10183,2023-05-12 20:00:00,9067.611,8925.35
10184,2023-05-12 21:00:00,8653.687,8626.1
10185,2023-05-12 22:00:00,8316.926,8295.73
10186,2023-05-12 23:00:00,8116.756,8246.53
10187,2023-05-13 00:00:00,8039.8276,7972.03
10188,2023-05-13 01:00:00,7716.323,7729.3
10189,2023-05-13 02:00:00,7228.889,7130.19
10190,2023-05-13 03:00:00,6786.2817,6827.53
10191,2023-05-13 04:00:00,6797.8906,6639.22
10192,2023-05-13 05:00:00,6771.1387,6562.06
10193,2023-05-13 06:00:00,6935.109,7026.03
10194,2023-05-13 07:00:00,7695.1064,7558.01
10195,2023-05-13 08:00:00,7867.2275,7808.94
10196,2023-05-13 09:00:00,7633.96,7506.77
10197,2023-05-13 10:00:00,6811.708,6702.23
10198,2023-05-13 11:00:00,6096.746,6187.49
10199,2023-05-13 12:00:00,5824.939,6047.99
10200,2023-05-13 13:00:00,6094.7563,6429.53
10201,2023-05-13 14:00:00,6883.0786,6784.37
10202,2023-05-13 15:00:00,7396.134,7349.37
10203,2023-05-13 16:00:00,8179.839,7913.13
10204,2023-05-13 17:00:00,9014.188,8688.06
10205,2023-05-13 18:00:00,9383.966,9191.8
10206,2023-05-13 19:00:00,8914.585,8783.29
10207,2023-05-13 20:00:00,8565.1,8568.16
10208,2023-05-13 21:00:00,8340.644,8258.76
10209,2023-05-13 22:00:00,8032.306,8089.48
10210,2023-05-13 23:00:00,7980.919,7812.99
10211,2023-05-14 00:00:00,7648.5513,7519.49
10212,2023-05-14 01:00:00,7277.9863,7209.82
10213,2023-05-14 02:00:00,6782.2686,6847.27
10214,2023-05-14 03:00:00,6594.4395,6466.33
10215,2023-05-14 04:00:00,6392.404,6316.21
10216,2023-05-14 05:00:00,6379.554,6415.73
10217,2023-05-14 06:00:00,6702.767,6613.32
10218,2023-05-14 07:00:00,6985.0894,7156.64
10219,2023-05-14 08:00:00,7564.69,7340.0
10220,2023-05-14 09:00:00,7402.014,7113.35
10221,2023-05-14 10:00:00,6688.3237,6557.93
10222,2023-05-14 11:00:00,6153.727,5902.54
10223,2023-05-14 12:00:00,5751.246,6035.29
10224,2023-05-14 13:00:00,6277.5386,6170.1
10225,2023-05-14 14:00:00,6586.5557,6498.42
10226,2023-05-14 15:00:00,7082.5986,6777.84
10227,2023-05-14 16:00:00,7528.2896,7714.51
10228,2023-05-14 17:00:00,8672.27,8582.99
10229,2023-05-14 18:00:00,9104.028,9078.66
10230,2023-05-14 19:00:00,8628.494,8925.15
10231,2023-05-14 20:00:00,8536.479,8649.46
10232,2023-05-14 21:00:00,8288.494,8345.31
10233,2023-05-14 22:00:00,8052.121,7963.32
10234,2023-05-14 23:00:00,7765.365,7630.68
10235,2023-05-15 00:00:00,7451.7607,7330.77
10236,2023-05-15 01:00:00,7111.274,7149.86
10237,2023-05-15 02:00:00,6767.489,6676.78
10238,2023-05-15 03:00:00,6344.1235,6387.43
10239,2023-05-15 04:00:00,6293.047,6335.21
10240,2023-05-15 05:00:00,6413.3955,6568.18
10241,2023-05-15 06:00:00,6947.1255,7329.5
10242,2023-05-15 07:00:00,7878.3535,8576.24
10243,2023-05-15 08:00:00,8445.841,8787.02
10244,2023-05-15 09:00:00,7910.478,8280.82
10245,2023-05-15 10:00:00,7247.94,7731.15
10246,2023-05-15 11:00:00,6984.393,7027.96
10247,2023-05-15 12:00:00,6731.2393,7131.07
10248,2023-05-15 13:00:00,7362.8105,7049.34
10249,2023-05-15 14:00:00,7311.109,7165.6
10250,2023-05-15 15:00:00,7625.9307,7470.18
10251,2023-05-15 16:00:00,8227.881,8167.16
10252,2023-05-15 17:00:00,9048.387,9409.93
10253,2023-05-15 18:00:00,10199.704,10241.57
10254,2023-05-15 19:00:00,9757.84,9735.85
10255,2023-05-15 20:00:00,9428.487,9413.6
10256,2023-05-15 21:00:00,8984.969,9019.1
10257,2023-05-15 22:00:00,8541.6045,8471.26
10258,2023-05-15 23:00:00,8111.993,8122.13
10259,2023-05-16 00:00:00,7832.221,7898.77
10260,2023-05-16 01:00:00,7635.4287,7594.55
10261,2023-05-16 02:00:00,7177.649,7187.9
10262,2023-05-16 03:00:00,6846.612,6806.92
10263,2023-05-16 04:00:00,6722.155,6627.54
10264,2023-05-16 05:00:00,6799.1406,6887.3
10265,2023-05-16 06:00:00,7686.841,7793.68
10266,2023-05-16 07:00:00,9171.108,9233.86
10267,2023-05-16 08:00:00,9169.421,9383.11
10268,2023-05-16 09:00:00,8407.83,8342.32
10269,2023-05-16 10:00:00,7385.011,7449.76
10270,2023-05-16 11:00:00,6779.908,6911.17
10271,2023-05-16 12:00:00,6843.9927,6453.16
10272,2023-05-16 13:00:00,6593.2344,6512.19
10273,2023-05-16 14:00:00,6951.1206,6709.04
10274,2023-05-16 15:00:00,7226.121,7290.92
10275,2023-05-16 16:00:00,8127.5625,8145.79
10276,2023-05-16 17:00:00,9384.71,9198.44
10277,2023-05-16 18:00:00,10235.296,10181.63
10278,2023-05-16 19:00:00,9827.479,9942.02
10279,2023-05-16 20:00:00,9576.966,9490.23
10280,2023-05-16 21:00:00,9075.35,9044.8
10281,2023-05-16 22:00:00,8573.059,8529.22
10282,2023-05-16 23:00:00,8217.126,8278.81
10283,2023-05-17 00:00:00,8019.2427,7943.4
10284,2023-05-17 01:00:00,7674.55,7766.98
10285,2023-05-17 02:00:00,7362.7017,7221.77
10286,2023-05-17 03:00:00,6854.9814,6722.76
10287,2023-05-17 04:00:00,6577.398,6614.1
10288,2023-05-17 05:00:00,6894.6294,6898.14
10289,2023-05-17 06:00:00,7780.9194,7691.33
10290,2023-05-17 07:00:00,9183.794,8951.62
10291,2023-05-17 08:00:00,9083.975,8949.3
10292,2023-05-17 09:00:00,8029.056,8380.16
10293,2023-05-17 10:00:00,7321.4893,7601.29
10294,2023-05-17 11:00:00,6768.9155,7301.97
10295,2023-05-17 12:00:00,6813.142,6966.07
10296,2023-05-17 13:00:00,6997.788,7172.31
10297,2023-05-17 14:00:00,7430.975,7265.68
10298,2023-05-17 15:00:00,7735.6846,7677.25
10299,2023-05-17 16:00:00,8492.206,8611.78
10300,2023-05-17 17:00:00,9660.03,9770.17
10301,2023-05-17 18:00:00,10576.322,10572.45
10302,2023-05-17 19:00:00,10049.317,10407.58
10303,2023-05-17 20:00:00,9952.695,9982.73
10304,2023-05-17 21:00:00,9486.494,9497.5
10305,2023-05-17 22:00:00,8890.887,8874.78
10306,2023-05-17 23:00:00,8465.28,8495.17
10307,2023-05-18 00:00:00,8185.3027,8169.54
10308,2023-05-18 01:00:00,7866.502,7866.94
10309,2023-05-18 02:00:00,7449.7964,7439.24
10310,2023-05-18 03:00:00,6985.0176,6893.21
10311,2023-05-18 04:00:00,6733.709,6865.79
10312,2023-05-18 05:00:00,7039.8105,7092.45
10313,2023-05-18 06:00:00,7841.9736,8041.23
10314,2023-05-18 07:00:00,9291.798,9431.94
10315,2023-05-18 08:00:00,9304.843,9466.04
10316,2023-05-18 09:00:00,8449.105,8414.0
10317,2023-05-18 10:00:00,7489.4263,7722.4
10318,2023-05-18 11:00:00,7040.8823,7218.8
10319,2023-05-18 12:00:00,6901.5645,6910.92
10320,2023-05-18 13:00:00,7035.6934,6967.31
10321,2023-05-18 14:00:00,7298.0825,7371.12
10322,2023-05-18 15:00:00,7861.882,7721.44
10323,2023-05-18 16:00:00,8609.513,8664.21
10324,2023-05-18 17:00:00,9783.55,9895.11
10325,2023-05-18 18:00:00,10739.905,10772.67
10326,2023-05-18 19:00:00,10368.534,10596.03
10327,2023-05-18 20:00:00,10037.952,10284.86
10328,2023-05-18 21:00:00,9731.338,9792.71
10329,2023-05-18 22:00:00,9135.368,9178.71
10330,2023-05-18 23:00:00,8671.16,8732.87
10331,2023-05-19 00:00:00,8367.096,8434.24
10332,2023-05-19 01:00:00,8084.2524,8071.01
10333,2023-05-19 02:00:00,7670.897,7499.67
10334,2023-05-19 03:00:00,7043.341,7126.64
10335,2023-05-19 04:00:00,6953.364,7029.2
10336,2023-05-19 05:00:00,7197.9106,7332.41
10337,2023-05-19 06:00:00,8169.429,8181.39
10338,2023-05-19 07:00:00,9492.572,9561.49
10339,2023-05-19 08:00:00,9559.144,9737.39
10340,2023-05-19 09:00:00,8720.626,8693.22
10341,2023-05-19 10:00:00,7878.4414,7678.9
10342,2023-05-19 11:00:00,7158.3354,6797.27
10343,2023-05-19 12:00:00,6660.314,6422.09
10344,2023-05-19 13:00:00,6526.74,6374.76
10345,2023-05-19 14:00:00,6704.033,6538.78
10346,2023-05-19 15:00:00,7110.2485,7191.89
10347,2023-05-19 16:00:00,8141.1934,8298.72
10348,2023-05-19 17:00:00,9543.841,9639.26
10349,2023-05-19 18:00:00,10539.992,10565.27
10350,2023-05-19 19:00:00,10238.809,10416.97
10351,2023-05-19 20:00:00,10044.831,10093.51
10352,2023-05-19 21:00:00,9674.077,9816.07
10353,2023-05-19 22:00:00,9209.546,9294.87
10354,2023-05-19 23:00:00,8771.413,8951.05
10355,2023-05-20 00:00:00,8530.78,8541.8
10356,2023-05-20 01:00:00,8195.065,8329.9
10357,2023-05-20 02:00:00,7816.498,7679.38
10358,2023-05-20 03:00:00,7201.185,7291.81
10359,2023-05-20 04:00:00,7059.0083,7082.89
10360,2023-05-20 05:00:00,7194.3164,7094.65
10361,2023-05-20 06:00:00,7719.022,7587.43
10362,2023-05-20 07:00:00,8296.113,8514.01
10363,2023-05-20 08:00:00,9247.837,8798.04
10364,2023-05-20 09:00:00,8384.395,8314.45
10365,2023-05-20 10:00:00,7448.877,7329.1
10366,2023-05-20 11:00:00,6680.873,6592.65
10367,2023-05-20 12:00:00,6274.095,6212.37
10368,2023-05-20 13:00:00,6322.4473,6195.54
10369,2023-05-20 14:00:00,6525.656,6563.38
10370,2023-05-20 15:00:00,7128.0254,7235.94
10371,2023-05-20 16:00:00,8203.782,8097.5
10372,2023-05-20 17:00:00,9356.798,9241.47
10373,2023-05-20 18:00:00,10137.365,9982.39
10374,2023-05-20 19:00:00,9704.211,9748.27
10375,2023-05-20 20:00:00,9473.35,9531.32
10376,2023-05-20 21:00:00,9187.004,9132.92
10377,2023-05-20 22:00:00,8730.726,8771.47
10378,2023-05-20 23:00:00,8491.934,8372.75
10379,2023-05-21 00:00:00,8119.602,7922.72
10380,2023-05-21 01:00:00,7734.8306,7587.0
10381,2023-05-21 02:00:00,7246.041,7013.2
10382,2023-05-21 03:00:00,6700.2974,6713.55
10383,2023-05-21 04:00:00,6567.0576,6560.05
10384,2023-05-21 05:00:00,6664.6333,6527.78
10385,2023-05-21 06:00:00,6788.5093,6857.25
10386,2023-05-21 07:00:00,7354.235,7400.64
10387,2023-05-21 08:00:00,7751.6846,7891.68
10388,2023-05-21 09:00:00,7780.766,7638.39
10389,2023-05-21 10:00:00,7013.755,6912.63
10390,2023-05-21 11:00:00,6307.404,6279.55
10391,2023-05-21 12:00:00,6074.5176,5893.15
10392,2023-05-21 13:00:00,5943.8145,5932.99
10393,2023-05-21 14:00:00,6350.2046,6282.46
10394,2023-05-21 15:00:00,6809.6143,6821.96
10395,2023-05-21 16:00:00,7639.188,7983.36
10396,2023-05-21 17:00:00,9059.676,9243.52
10397,2023-05-21 18:00:00,9841.218,10139.12
10398,2023-05-21 19:00:00,9674.698,9953.73
10399,2023-05-21 20:00:00,9577.44,9601.81
10400,2023-05-21 21:00:00,9213.387,9231.34
10401,2023-05-21 22:00:00,8745.138,8635.18
10402,2023-05-21 23:00:00,8259.159,8325.92
10403,2023-05-22 00:00:00,7996.7104,7915.53
10404,2023-05-22 01:00:00,7620.0483,7710.45
10405,2023-05-22 02:00:00,7220.3833,7277.34
10406,2023-05-22 03:00:00,6861.266,6949.38
10407,2023-05-22 04:00:00,6754.009,6867.77
10408,2023-05-22 05:00:00,7021.5225,7141.23
10409,2023-05-22 06:00:00,7829.547,8193.74
10410,2023-05-22 07:00:00,9333.37,9733.23
10411,2023-05-22 08:00:00,9599.227,10039.09
10412,2023-05-22 09:00:00,9016.368,8983.71
10413,2023-05-22 10:00:00,7886.44,7794.86
10414,2023-05-22 11:00:00,7021.6445,7064.09
10415,2023-05-22 12:00:00,6775.3564,6614.86
10416,2023-05-22 13:00:00,6605.3926,6399.67
10417,2023-05-22 14:00:00,6633.862,6801.55
10418,2023-05-22 15:00:00,7344.053,7384.15
10419,2023-05-22 16:00:00,8281.503,8448.73
10420,2023-05-22 17:00:00,9709.675,9784.43
10421,2023-05-22 18:00:00,10704.75,11057.23
10422,2023-05-22 19:00:00,10573.29,10830.19
10423,2023-05-22 20:00:00,10381.132,10440.99
10424,2023-05-22 21:00:00,9962.894,9943.23
10425,2023-05-22 22:00:00,9373.233,9221.41
10426,2023-05-22 23:00:00,8771.837,8664.92
10427,2023-05-23 00:00:00,8348.088,8380.96
10428,2023-05-23 01:00:00,8106.645,8148.14
10429,2023-05-23 02:00:00,7754.486,7658.38
10430,2023-05-23 03:00:00,7215.689,7252.21
10431,2023-05-23 04:00:00,7030.493,7104.64
10432,2023-05-23 05:00:00,7247.898,7534.36
10433,2023-05-23 06:00:00,8455.247,8437.29
10434,2023-05-23 07:00:00,9881.855,10199.51
10435,2023-05-23 08:00:00,10285.618,10283.55
10436,2023-05-23 09:00:00,9192.435,9114.97
10437,2023-05-23 10:00:00,7990.872,7975.64
10438,2023-05-23 11:00:00,7147.2705,7283.64
10439,2023-05-23 12:00:00,6879.359,6579.52
10440,2023-05-23 13:00:00,6607.522,6528.34
10441,2023-05-23 14:00:00,6990.101,6820.77
10442,2023-05-23 15:00:00,7458.675,7390.99
10443,2023-05-23 16:00:00,8425.814,8425.97
10444,2023-05-23 17:00:00,9833.322,9640.16
10445,2023-05-23 18:00:00,10745.6875,10663.17
10446,2023-05-23 19:00:00,10374.73,10872.01
10447,2023-05-23 20:00:00,10401.63,10430.9
10448,2023-05-23 21:00:00,9943.851,9942.71
10449,2023-05-23 22:00:00,9350.832,9222.04
10450,2023-05-23 23:00:00,8744.755,8741.54
10451,2023-05-24 00:00:00,8375.665,8430.51
10452,2023-05-24 01:00:00,8129.221,8169.39
10453,2023-05-24 02:00:00,7704.8438,7592.18
10454,2023-05-24 03:00:00,7202.4023,7160.6
10455,2023-05-24 04:00:00,7017.9404,6967.18
10456,2023-05-24 05:00:00,7346.9927,7374.22
10457,2023-05-24 06:00:00,8297.731,8393.71
10458,2023-05-24 07:00:00,9972.099,10097.86
10459,2023-05-24 08:00:00,10242.708,10218.3
10460,2023-05-24 09:00:00,9132.244,8917.03
10461,2023-05-24 10:00:00,7839.9956,8031.32
10462,2023-05-24 11:00:00,7247.489,7025.55
10463,2023-05-24 12:00:00,6569.6963,6478.87
10464,2023-05-24 13:00:00,6463.166,6380.74
10465,2023-05-24 14:00:00,6696.5806,6655.88
10466,2023-05-24 15:00:00,7315.397,7235.48
10467,2023-05-24 16:00:00,8261.9,8289.81
10468,2023-05-24 17:00:00,9612.128,9616.34
10469,2023-05-24 18:00:00,10550.125,10766.23
10470,2023-05-24 19:00:00,10624.268,10433.03
10471,2023-05-24 20:00:00,10049.072,10303.91
10472,2023-05-24 21:00:00,9821.105,9941.71
10473,2023-05-24 22:00:00,9262.922,9152.77
10474,2023-05-24 23:00:00,8642.544,8804.83
10475,2023-05-25 00:00:00,8345.327,8448.67
10476,2023-05-25 01:00:00,8111.011,8130.43
10477,2023-05-25 02:00:00,7675.67,7569.96
10478,2023-05-25 03:00:00,7109.287,7199.16
10479,2023-05-25 04:00:00,7005.4785,6969.33
10480,2023-05-25 05:00:00,7338.9434,7217.6
10481,2023-05-25 06:00:00,8183.706,8266.58
10482,2023-05-25 07:00:00,9812.558,9890.29
10483,2023-05-25 08:00:00,10108.243,10020.38
10484,2023-05-25 09:00:00,8927.678,8772.83
10485,2023-05-25 10:00:00,7797.368,8041.98
10486,2023-05-25 11:00:00,7095.135,7286.69
10487,2023-05-25 12:00:00,6740.385,7238.18
10488,2023-05-25 13:00:00,7221.408,7846.37
10489,2023-05-25 14:00:00,8187.5723,8017.9
10490,2023-05-25 15:00:00,8540.191,8003.69
10491,2023-05-25 16:00:00,8958.28,8858.38
10492,2023-05-25 17:00:00,10075.545,9885.52
10493,2023-05-25 18:00:00,10874.259,10055.87
10494,2023-05-25 19:00:00,9819.232,10194.59
10495,2023-05-25 20:00:00,9942.579,9952.08
10496,2023-05-25 21:00:00,9585.577,9551.71
10497,2023-05-25 22:00:00,9074.546,8818.5
10498,2023-05-25 23:00:00,8458.805,8397.67
10499,2023-05-26 00:00:00,8156.744,8011.86
10500,2023-05-26 01:00:00,7764.287,7695.65
10501,2023-05-26 02:00:00,7257.2925,7095.42
10502,2023-05-26 03:00:00,6797.051,6639.13
10503,2023-05-26 04:00:00,6601.831,6693.31
10504,2023-05-26 05:00:00,7056.3745,6984.16
10505,2023-05-26 06:00:00,7895.3364,7821.73
10506,2023-05-26 07:00:00,8953.332,9127.88
10507,2023-05-26 08:00:00,9337.992,9603.71
10508,2023-05-26 09:00:00,8667.364,9110.16
10509,2023-05-26 10:00:00,8004.5474,8627.95
10510,2023-05-26 11:00:00,7535.4795,8514.16
10511,2023-05-26 12:00:00,7818.668,8603.0
10512,2023-05-26 13:00:00,8609.888,8738.78
10513,2023-05-26 14:00:00,8903.716,8507.16
10514,2023-05-26 15:00:00,8616.666,8626.48
10515,2023-05-26 16:00:00,9431.207,9331.86
10516,2023-05-26 17:00:00,10280.685,10443.86
10517,2023-05-26 18:00:00,10872.174,10984.66
10518,2023-05-26 19:00:00,10680.099,10861.38
10519,2023-05-26 20:00:00,10529.397,10375.57
10520,2023-05-26 21:00:00,9929.499,10092.62
10521,2023-05-26 22:00:00,9499.632,9482.99
10522,2023-05-26 23:00:00,8997.716,8972.7
10523,2023-05-27 00:00:00,8609.76,8647.98
10524,2023-05-27 01:00:00,8299.144,8275.7
10525,2023-05-27 02:00:00,7767.8877,7586.32
10526,2023-05-27 03:00:00,7223.456,7176.82
10527,2023-05-27 04:00:00,7061.453,6936.84
10528,2023-05-27 05:00:00,7082.6475,7045.46
10529,2023-05-27 06:00:00,7672.6133,7535.65
10530,2023-05-27 07:00:00,8398.804,8503.85
10531,2023-05-27 08:00:00,9087.718,8967.39
10532,2023-05-27 09:00:00,8491.992,8519.11
10533,2023-05-27 10:00:00,7685.77,7755.54
10534,2023-05-27 11:00:00,7050.971,6905.59
10535,2023-05-27 12:00:00,6530.076,6299.47
10536,2023-05-27 13:00:00,6299.922,6127.13
10537,2023-05-27 14:00:00,6375.5264,6311.24
10538,2023-05-27 15:00:00,6906.5605,7011.45
10539,2023-05-27 16:00:00,7981.156,8113.21
10540,2023-05-27 17:00:00,9404.441,9515.81
10541,2023-05-27 18:00:00,10086.731,10424.81
10542,2023-05-27 19:00:00,10083.461,10290.18
10543,2023-05-27 20:00:00,9900.338,10040.98
10544,2023-05-27 21:00:00,9604.47,9561.23
10545,2023-05-27 22:00:00,9022.298,9132.48
10546,2023-05-27 23:00:00,8687.466,8797.38
10547,2023-05-28 00:00:00,8349.1,8361.29
10548,2023-05-28 01:00:00,7970.741,7888.27
10549,2023-05-28 02:00:00,7347.3057,7286.43
10550,2023-05-28 03:00:00,6908.8623,6998.02
10551,2023-05-28 04:00:00,6846.767,6914.48
10552,2023-05-28 05:00:00,6982.3364,6940.21
10553,2023-05-28 06:00:00,7242.1875,7311.0
10554,2023-05-28 07:00:00,7930.1787,8116.69
10555,2023-05-28 08:00:00,8525.659,8576.0
10556,2023-05-28 09:00:00,8192.959,8320.8
10557,2023-05-28 10:00:00,7455.0894,7634.45
10558,2023-05-28 11:00:00,6811.991,7015.51
10559,2023-05-28 12:00:00,6395.5513,6985.08
10560,2023-05-28 13:00:00,7071.582,7022.76
10561,2023-05-28 14:00:00,7249.5386,7221.46
10562,2023-05-28 15:00:00,7777.9463,7825.72
10563,2023-05-28 16:00:00,8753.872,8950.34
10564,2023-05-28 17:00:00,10148.854,10127.57
10565,2023-05-28 18:00:00,10757.33,10877.53
10566,2023-05-28 19:00:00,10539.813,10579.55
10567,2023-05-28 20:00:00,10243.106,10134.83
10568,2023-05-28 21:00:00,9677.451,9582.08
10569,2023-05-28 22:00:00,9022.16,8885.86
10570,2023-05-28 23:00:00,8456.909,8265.63
10571,2023-05-29 00:00:00,7965.977,7904.06
10572,2023-05-29 01:00:00,7575.5176,7616.82
10573,2023-05-29 02:00:00,7145.3813,7104.6
10574,2023-05-29 03:00:00,6760.2026,6795.51
10575,2023-05-29 04:00:00,6752.3374,6686.32
10576,2023-05-29 05:00:00,7010.9536,6953.09
10577,2023-05-29 06:00:00,7764.687,7880.08
10578,2023-05-29 07:00:00,9207.787,9526.44
10579,2023-05-29 08:00:00,9803.3,9681.21
10580,2023-05-29 09:00:00,8755.324,8801.65
10581,2023-05-29 10:00:00,7803.977,7814.95
10582,2023-05-29 11:00:00,7046.708,6985.35
10583,2023-05-29 12:00:00,6584.5483,6727.64
10584,2023-05-29 13:00:00,6801.6436,6647.71
10585,2023-05-29 14:00:00,6941.6533,6991.3
10586,2023-05-29 15:00:00,7602.5693,7460.64
10587,2023-05-29 16:00:00,8518.485,8587.81
10588,2023-05-29 17:00:00,9871.471,9820.95
10589,2023-05-29 18:00:00,10585.305,10933.47
10590,2023-05-29 19:00:00,10592.613,10665.04
10591,2023-05-29 20:00:00,10243.646,10087.02
10592,2023-05-29 21:00:00,9591.829,9667.92
10593,2023-05-29 22:00:00,9041.906,8950.15
10594,2023-05-29 23:00:00,8442.416,8624.79
10595,2023-05-30 00:00:00,8282.465,8206.06
10596,2023-05-30 01:00:00,7856.295,7933.08
10597,2023-05-30 02:00:00,7389.5024,7481.75
10598,2023-05-30 03:00:00,7145.0317,7032.84
10599,2023-05-30 04:00:00,6894.831,6919.26
10600,2023-05-30 05:00:00,7178.4976,7163.52
10601,2023-05-30 06:00:00,8058.087,8231.42
10602,2023-05-30 07:00:00,9793.511,9902.53
10603,2023-05-30 08:00:00,10095.316,9887.76
10604,2023-05-30 09:00:00,8846.502,8752.86
10605,2023-05-30 10:00:00,7769.5796,7734.17
10606,2023-05-30 11:00:00,7004.4326,6989.89
10607,2023-05-30 12:00:00,6590.3,6539.14
10608,2023-05-30 13:00:00,6520.6675,6503.72
10609,2023-05-30 14:00:00,6805.197,7002.91
10610,2023-05-30 15:00:00,7537.5405,7323.76
10611,2023-05-30 16:00:00,8404.94,8507.27
10612,2023-05-30 17:00:00,9848.424,9642.23
10613,2023-05-30 18:00:00,10726.218,10579.73
10614,2023-05-30 19:00:00,10416.372,10243.5
10615,2023-05-30 20:00:00,9898.709,10018.12
10616,2023-05-30 21:00:00,9545.696,9472.65
10617,2023-05-30 22:00:00,8898.163,8803.79
10618,2023-05-30 23:00:00,8320.408,8523.86
10619,2023-05-31 00:00:00,8145.455,8055.53
10620,2023-05-31 01:00:00,7719.259,7900.96
10621,2023-05-31 02:00:00,7334.6387,7320.47
10622,2023-05-31 03:00:00,6947.949,6933.22
10623,2023-05-31 04:00:00,6800.107,6758.81
10624,2023-05-31 05:00:00,7077.245,7023.97
10625,2023-05-31 06:00:00,7997.4604,7902.99
10626,2023-05-31 07:00:00,9484.639,9488.14
10627,2023-05-31 08:00:00,9688.825,9526.74
10628,2023-05-31 09:00:00,8528.55,8682.06
10629,2023-05-31 10:00:00,7670.5107,7909.38
10630,2023-05-31 11:00:00,7018.0254,7232.03
10631,2023-05-31 12:00:00,6859.5425,6975.92
10632,2023-05-31 13:00:00,6910.951,7181.52
10633,2023-05-31 14:00:00,7547.7627,7437.36
10634,2023-05-31 15:00:00,7814.4062,7931.58
10635,2023-05-31 16:00:00,8840.488,8571.45
10636,2023-05-31 17:00:00,9811.325,9686.65
10637,2023-05-31 18:00:00,10569.495,10378.1
10638,2023-05-31 19:00:00,10114.113,10107.03
10639,2023-05-31 20:00:00,9809.288,9614.26
10640,2023-05-31 21:00:00,9223.114,9071.71
10641,2023-05-31 22:00:00,8550.11,8617.56
10642,2023-05-31 23:00:00,8197.113,8347.83
10643,2023-06-01 00:00:00,7976.304,8015.69
10644,2023-06-01 01:00:00,7693.161,7597.57
10645,2023-06-01 02:00:00,7074.7754,7180.86
10646,2023-06-01 03:00:00,6817.9985,6693.76
10647,2023-06-01 04:00:00,6650.966,6489.33
10648,2023-06-01 05:00:00,6910.456,6769.26
10649,2023-06-01 06:00:00,7701.112,7555.73
10650,2023-06-01 07:00:00,9054.496,8892.81
10651,2023-06-01 08:00:00,9348.138,9139.25
10652,2023-06-01 09:00:00,8375.659,8485.71
10653,2023-06-01 10:00:00,7673.0986,7961.68
10654,2023-06-01 11:00:00,7281.1567,7700.09
10655,2023-06-01 12:00:00,7511.348,7520.44
10656,2023-06-01 13:00:00,7690.9395,7339.87
10657,2023-06-01 14:00:00,7506.8257,7449.71
10658,2023-06-01 15:00:00,7779.2144,7462.23
10659,2023-06-01 16:00:00,8272.791,8196.56
10660,2023-06-01 17:00:00,9489.371,9201.89
10661,2023-06-01 18:00:00,10057.277,10234.16
10662,2023-06-01 19:00:00,10108.363,10020.94
10663,2023-06-01 20:00:00,9612.512,9693.46
10664,2023-06-01 21:00:00,9220.086,9340.44
10665,2023-06-01 22:00:00,8741.534,8789.07
10666,2023-06-01 23:00:00,8328.193,8542.94
10667,2023-06-02 00:00:00,8194.078,8236.91
10668,2023-06-02 01:00:00,7878.699,7995.4
10669,2023-06-02 02:00:00,7459.038,7501.87
10670,2023-06-02 03:00:00,7050.467,7024.75
10671,2023-06-02 04:00:00,6815.15,6936.78
10672,2023-06-02 05:00:00,7035.3945,7194.68
10673,2023-06-02 06:00:00,7971.422,7851.01
10674,2023-06-02 07:00:00,9078.1045,9074.04
10675,2023-06-02 08:00:00,9293.362,9363.29
10676,2023-06-02 09:00:00,8567.885,8686.99
10677,2023-06-02 10:00:00,7851.2876,7856.28
10678,2023-06-02 11:00:00,7292.811,7212.09
10679,2023-06-02 12:00:00,7007.9087,6828.21
10680,2023-06-02 13:00:00,6803.5693,6815.61
10681,2023-06-02 14:00:00,7125.0474,7095.29
10682,2023-06-02 15:00:00,7505.3433,7590.34
10683,2023-06-02 16:00:00,8383.125,8331.15
10684,2023-06-02 17:00:00,9537.84,9235.62
10685,2023-06-02 18:00:00,10093.127,9824.7
10686,2023-06-02 19:00:00,9663.895,9442.01
10687,2023-06-02 20:00:00,9154.955,9140.21
10688,2023-06-02 21:00:00,8793.31,8709.76
10689,2023-06-02 22:00:00,8315.892,8391.04
10690,2023-06-02 23:00:00,8119.259,8259.08
10691,2023-06-03 00:00:00,7981.543,8105.1
10692,2023-06-03 01:00:00,7754.177,7752.23
10693,2023-06-03 02:00:00,7218.736,7173.96
10694,2023-06-03 03:00:00,6791.299,6640.91
10695,2023-06-03 04:00:00,6520.14,6485.1
10696,2023-06-03 05:00:00,6607.8066,6534.4
10697,2023-06-03 06:00:00,6847.116,6970.3
10698,2023-06-03 07:00:00,7625.139,7567.88
10699,2023-06-03 08:00:00,7856.247,7927.0
10700,2023-06-03 09:00:00,7560.5024,7885.38
10701,2023-06-03 10:00:00,7153.418,7261.75
10702,2023-06-03 11:00:00,6580.8027,6350.26
10703,2023-06-03 12:00:00,6006.08,5977.51
10704,2023-06-03 13:00:00,5947.7993,6037.22
10705,2023-06-03 14:00:00,6327.996,6443.74
10706,2023-06-03 15:00:00,6921.138,7040.13
10707,2023-06-03 16:00:00,7861.645,7836.18
10708,2023-06-03 17:00:00,8829.934,8640.34
10709,2023-06-03 18:00:00,9445.558,9028.44
10710,2023-06-03 19:00:00,8845.626,8716.65
10711,2023-06-03 20:00:00,8499.483,8347.68
10712,2023-06-03 21:00:00,8131.5312,7995.66
10713,2023-06-03 22:00:00,7710.948,7719.62
10714,2023-06-03 23:00:00,7482.8564,7666.07
10715,2023-06-04 00:00:00,7464.2715,7442.69
10716,2023-06-04 01:00:00,7164.1973,7082.7
10717,2023-06-04 02:00:00,6661.9233,6581.12
10718,2023-06-04 03:00:00,6296.6533,6238.45
10719,2023-06-04 04:00:00,6105.201,6001.62
10720,2023-06-04 05:00:00,6140.26,6078.2
10721,2023-06-04 06:00:00,6574.514,6339.09
10722,2023-06-04 07:00:00,6939.833,6654.19
10723,2023-06-04 08:00:00,7137.697,7194.98
10724,2023-06-04 09:00:00,7195.584,7570.69
10725,2023-06-04 10:00:00,7084.0825,7361.32
10726,2023-06-04 11:00:00,6560.6533,7367.69
10727,2023-06-04 12:00:00,6839.494,7292.96
10728,2023-06-04 13:00:00,7200.935,7335.86
10729,2023-06-04 14:00:00,7459.1846,7417.38
10730,2023-06-04 15:00:00,7673.1514,7633.63
10731,2023-06-04 16:00:00,8256.164,8361.21
10732,2023-06-04 17:00:00,9362.423,9175.08
10733,2023-06-04 18:00:00,9828.324,9660.92
10734,2023-06-04 19:00:00,9352.491,9321.93
10735,2023-06-04 20:00:00,8926.881,8745.99
10736,2023-06-04 21:00:00,8309.894,8402.8
10737,2023-06-04 22:00:00,8076.4688,7982.01
10738,2023-06-04 23:00:00,7750.284,7665.64
10739,2023-06-05 00:00:00,7469.572,7340.46
10740,2023-06-05 01:00:00,6982.766,7058.55
10741,2023-06-05 02:00:00,6620.6973,6560.14
10742,2023-06-05 03:00:00,6243.029,6213.89
10743,2023-06-05 04:00:00,6061.8364,6211.94
10744,2023-06-05 05:00:00,6417.7676,6512.9
10745,2023-06-05 06:00:00,7156.288,7254.87
10746,2023-06-05 07:00:00,8177.8257,8481.01
10747,2023-06-05 08:00:00,8916.07,8915.11
10748,2023-06-05 09:00:00,8350.062,8389.9
10749,2023-06-05 10:00:00,7577.175,8001.43
10750,2023-06-05 11:00:00,7328.2217,8008.71
10751,2023-06-05 12:00:00,7887.8525,7913.11
10752,2023-06-05 13:00:00,7821.355,7897.11
10753,2023-06-05 14:00:00,7992.1904,8006.69
10754,2023-06-05 15:00:00,8363.798,8287.63
10755,2023-06-05 16:00:00,8932.434,8873.41
10756,2023-06-05 17:00:00,9575.541,9720.8
10757,2023-06-05 18:00:00,10026.581,10440.47
10758,2023-06-05 19:00:00,9904.117,10071.58
10759,2023-06-05 20:00:00,9525.978,9520.25
10760,2023-06-05 21:00:00,9013.128,9011.65
10761,2023-06-05 22:00:00,8540.882,8448.3
10762,2023-06-05 23:00:00,8173.865,8150.1
10763,2023-06-06 00:00:00,7910.6987,7898.9
10764,2023-06-06 01:00:00,7569.381,7557.92
10765,2023-06-06 02:00:00,7115.4326,7196.55
10766,2023-06-06 03:00:00,6803.4756,6753.6
10767,2023-06-06 04:00:00,6688.844,6588.0
10768,2023-06-06 05:00:00,6804.8438,6750.9
10769,2023-06-06 06:00:00,7496.852,7537.23
10770,2023-06-06 07:00:00,8877.271,8782.89
10771,2023-06-06 08:00:00,9217.812,9377.17
10772,2023-06-06 09:00:00,8601.295,8964.79
10773,2023-06-06 10:00:00,8216.776,8342.7
10774,2023-06-06 11:00:00,7814.8076,7787.41
10775,2023-06-06 12:00:00,7555.6826,7570.87
10776,2023-06-06 13:00:00,7598.785,7617.78
10777,2023-06-06 14:00:00,7822.1587,7568.87
10778,2023-06-06 15:00:00,7846.3457,7906.69
10779,2023-06-06 16:00:00,8615.947,8631.38
10780,2023-06-06 17:00:00,9562.095,9531.23
10781,2023-06-06 18:00:00,10195.982,10281.03
10782,2023-06-06 19:00:00,9879.267,9914.32
10783,2023-06-06 20:00:00,9355.827,9529.19
10784,2023-06-06 21:00:00,8918.963,8977.23
10785,2023-06-06 22:00:00,8448.931,8532.67
10786,2023-06-06 23:00:00,8230.51,8362.1
10787,2023-06-07 00:00:00,8103.1743,8000.01
10788,2023-06-07 01:00:00,7706.1763,7663.58
10789,2023-06-07 02:00:00,7202.081,7157.18
10790,2023-06-07 03:00:00,6718.828,6722.23
10791,2023-06-07 04:00:00,6575.4746,6576.36
10792,2023-06-07 05:00:00,6775.0654,6774.42
10793,2023-06-07 06:00:00,7546.1826,7681.23
10794,2023-06-07 07:00:00,8930.703,8904.53
10795,2023-06-07 08:00:00,9373.718,9149.63
10796,2023-06-07 09:00:00,8537.22,8235.56
10797,2023-06-07 10:00:00,7618.439,7536.83
10798,2023-06-07 11:00:00,7045.033,6928.09
10799,2023-06-07 12:00:00,6632.287,6777.89
10800,2023-06-07 13:00:00,6906.3486,6585.07
10801,2023-06-07 14:00:00,6807.368,6756.02
10802,2023-06-07 15:00:00,7199.0264,7312.15
10803,2023-06-07 16:00:00,8153.2637,8271.94
10804,2023-06-07 17:00:00,9284.028,9184.55
10805,2023-06-07 18:00:00,9828.259,9986.96
10806,2023-06-07 19:00:00,9589.494,9656.13
10807,2023-06-07 20:00:00,9225.426,9345.33
10808,2023-06-07 21:00:00,8798.488,8894.87
10809,2023-06-07 22:00:00,8428.079,8402.39
10810,2023-06-07 23:00:00,8165.7075,8188.12
10811,2023-06-08 00:00:00,7897.8076,7914.88
10812,2023-06-08 01:00:00,7607.197,7594.65
10813,2023-06-08 02:00:00,7095.2905,7035.16
10814,2023-06-08 03:00:00,6602.797,6632.28
10815,2023-06-08 04:00:00,6511.0405,6525.69
10816,2023-06-08 05:00:00,6761.1,6760.06
10817,2023-06-08 06:00:00,7541.044,7545.82
10818,2023-06-08 07:00:00,8745.671,8799.94
10819,2023-06-08 08:00:00,9189.015,9082.96
10820,2023-06-08 09:00:00,8373.723,8600.8
10821,2023-06-08 10:00:00,7881.369,8529.56
10822,2023-06-08 11:00:00,8054.8667,8255.13
10823,2023-06-08 12:00:00,8120.45,8558.26
10824,2023-06-08 13:00:00,8670.834,8409.67
10825,2023-06-08 14:00:00,8404.125,8827.27
10826,2023-06-08 15:00:00,9086.919,8939.82
10827,2023-06-08 16:00:00,9462.729,9413.32
10828,2023-06-08 17:00:00,10162.343,9995.88
10829,2023-06-08 18:00:00,10541.393,10735.27
10830,2023-06-08 19:00:00,10324.878,10279.98
10831,2023-06-08 20:00:00,9781.103,9844.82
10832,2023-06-08 21:00:00,9352.957,9402.49
10833,2023-06-08 22:00:00,8924.953,8816.61
10834,2023-06-08 23:00:00,8500.47,8425.48
10835,2023-06-09 00:00:00,8204.362,8109.21
10836,2023-06-09 01:00:00,7828.1045,7785.92
10837,2023-06-09 02:00:00,7291.4907,7222.25
10838,2023-06-09 03:00:00,6852.927,6816.72
10839,2023-06-09 04:00:00,6636.4604,6673.82
10840,2023-06-09 05:00:00,6800.045,6989.27
10841,2023-06-09 06:00:00,7701.406,7828.85
10842,2023-06-09 07:00:00,8979.979,9237.32
10843,2023-06-09 08:00:00,9421.325,9548.05
10844,2023-06-09 09:00:00,8770.456,8422.76
10845,2023-06-09 10:00:00,7857.9526,7502.44
10846,2023-06-09 11:00:00,7026.3193,7027.37
10847,2023-06-09 12:00:00,6880.3496,6913.75
10848,2023-06-09 13:00:00,6927.56,6757.54
10849,2023-06-09 14:00:00,7091.5854,6844.3
10850,2023-06-09 15:00:00,7351.4023,7278.75
10851,2023-06-09 16:00:00,8178.7573,8371.1
10852,2023-06-09 17:00:00,9391.267,9642.06
10853,2023-06-09 18:00:00,10318.77,10201.93
10854,2023-06-09 19:00:00,9819.446,10031.3
10855,2023-06-09 20:00:00,9586.363,9615.14
10856,2023-06-09 21:00:00,9110.169,9347.04
10857,2023-06-09 22:00:00,8887.027,8837.15
10858,2023-06-09 23:00:00,8470.331,8609.87
10859,2023-06-10 00:00:00,8302.343,8399.45
10860,2023-06-10 01:00:00,8039.6465,8008.94
10861,2023-06-10 02:00:00,7458.024,7450.59
10862,2023-06-10 03:00:00,7025.844,7066.35
10863,2023-06-10 04:00:00,6854.517,6763.76
10864,2023-06-10 05:00:00,6849.074,6881.37
10865,2023-06-10 06:00:00,7398.245,7259.81
10866,2023-06-10 07:00:00,8004.678,8126.72
10867,2023-06-10 08:00:00,8670.525,8552.44
10868,2023-06-10 09:00:00,8299.09,8047.5
10869,2023-06-10 10:00:00,7248.333,7203.4
10870,2023-06-10 11:00:00,6596.976,6215.48
10871,2023-06-10 12:00:00,5961.6807,5821.42
10872,2023-06-10 13:00:00,5762.3184,5741.44
10873,2023-06-10 14:00:00,6036.3555,6088.07
10874,2023-06-10 15:00:00,6712.035,6612.49
10875,2023-06-10 16:00:00,7521.0674,7792.51
10876,2023-06-10 17:00:00,8920.035,9191.53
10877,2023-06-10 18:00:00,9958.8125,9982.26
10878,2023-06-10 19:00:00,9670.745,9871.59
10879,2023-06-10 20:00:00,9437.602,9650.63
10880,2023-06-10 21:00:00,9202.036,9354.82
10881,2023-06-10 22:00:00,8857.514,8977.67
10882,2023-06-10 23:00:00,8581.16,8739.76
10883,2023-06-11 00:00:00,8441.959,8397.22
10884,2023-06-11 01:00:00,8032.5024,7838.89
10885,2023-06-11 02:00:00,7322.203,7317.65
10886,2023-06-11 03:00:00,6930.6777,6937.05
10887,2023-06-11 04:00:00,6732.4214,6830.85
10888,2023-06-11 05:00:00,6902.389,6895.67
10889,2023-06-11 06:00:00,7241.149,7342.72
10890,2023-06-11 07:00:00,8211.81,7915.42
10891,2023-06-11 08:00:00,8280.926,8422.78
10892,2023-06-11 09:00:00,8101.7705,8063.34
10893,2023-06-11 10:00:00,7294.64,7299.84
10894,2023-06-11 11:00:00,6608.545,6483.08
10895,2023-06-11 12:00:00,6057.4985,5845.01
10896,2023-06-11 13:00:00,5741.6714,5642.4
10897,2023-06-11 14:00:00,5964.8306,5922.77
10898,2023-06-11 15:00:00,6519.828,6632.88
10899,2023-06-11 16:00:00,7721.995,7942.96
10900,2023-06-11 17:00:00,9293.9,9201.56
10901,2023-06-11 18:00:00,10074.006,10031.48
10902,2023-06-11 19:00:00,9809.084,9886.3
10903,2023-06-11 20:00:00,9541.871,9625.58
10904,2023-06-11 21:00:00,9244.47,9335.73
10905,2023-06-11 22:00:00,8930.814,8928.29
10906,2023-06-11 23:00:00,8577.237,8461.27
10907,2023-06-12 00:00:00,8154.5356,8188.16
10908,2023-06-12 01:00:00,7775.732,7759.23
10909,2023-06-12 02:00:00,7221.502,7229.06
10910,2023-06-12 03:00:00,6865.3037,6874.57
10911,2023-06-12 04:00:00,6764.2793,6648.49
10912,2023-06-12 05:00:00,6830.846,6837.4
10913,2023-06-12 06:00:00,7479.38,7274.62
10914,2023-06-12 07:00:00,8154.3296,7948.37
10915,2023-06-12 08:00:00,8663.23,8394.61
10916,2023-06-12 09:00:00,8034.7393,8432.85
10917,2023-06-12 10:00:00,7770.1533,8286.3
10918,2023-06-12 11:00:00,7545.5356,7386.16
10919,2023-06-12 12:00:00,6710.9727,6991.16
10920,2023-06-12 13:00:00,6872.9707,6736.58
10921,2023-06-12 14:00:00,6831.561,6798.94
10922,2023-06-12 15:00:00,7268.3564,7638.51
10923,2023-06-12 16:00:00,8519.607,8660.45
10924,2023-06-12 17:00:00,9723.994,9740.43
10925,2023-06-12 18:00:00,10490.789,10492.32
10926,2023-06-12 19:00:00,10132.763,10132.32
10927,2023-06-12 20:00:00,9693.609,9627.96
10928,2023-06-12 21:00:00,9238.682,9172.88
10929,2023-06-12 22:00:00,8734.566,8559.24
10930,2023-06-12 23:00:00,8267.417,8173.93
10931,2023-06-13 00:00:00,7906.7905,8049.12
10932,2023-06-13 01:00:00,7713.2515,7719.93
10933,2023-06-13 02:00:00,7198.612,7264.72
10934,2023-06-13 03:00:00,6864.64,6881.63
10935,2023-06-13 04:00:00,6752.115,6638.57
10936,2023-06-13 05:00:00,6834.576,6821.4
10937,2023-06-13 06:00:00,7458.7637,7741.23
10938,2023-06-13 07:00:00,8886.472,9301.64
10939,2023-06-13 08:00:00,9655.142,9690.05
10940,2023-06-13 09:00:00,8791.301,8948.63
10941,2023-06-13 10:00:00,8035.455,8559.59
10942,2023-06-13 11:00:00,7803.177,8316.17
10943,2023-06-13 12:00:00,8166.147,7794.45
10944,2023-06-13 13:00:00,7651.375,7448.38
10945,2023-06-13 14:00:00,7531.4727,7516.65
10946,2023-06-13 15:00:00,8077.5337,7778.49
10947,2023-06-13 16:00:00,8633.421,8722.89
10948,2023-06-13 17:00:00,9795.162,9855.31
10949,2023-06-13 18:00:00,10529.02,10812.59
10950,2023-06-13 19:00:00,10274.605,10681.14
10951,2023-06-13 20:00:00,10085.876,10136.38
10952,2023-06-13 21:00:00,9551.867,9488.57
10953,2023-06-13 22:00:00,8919.061,8846.43
10954,2023-06-13 23:00:00,8417.958,8479.21
10955,2023-06-14 00:00:00,8197.392,8180.88
10956,2023-06-14 01:00:00,7871.5093,7917.24
10957,2023-06-14 02:00:00,7389.373,7310.79
10958,2023-06-14 03:00:00,6913.9375,6877.47
10959,2023-06-14 04:00:00,6700.062,6741.82
10960,2023-06-14 05:00:00,6958.114,7043.32
10961,2023-06-14 06:00:00,7907.31,7959.25
10962,2023-06-14 07:00:00,9374.684,9510.84
10963,2023-06-14 08:00:00,9773.524,9776.82
10964,2023-06-14 09:00:00,8839.209,8811.28
10965,2023-06-14 10:00:00,7993.9067,7812.38
10966,2023-06-14 11:00:00,7139.845,7143.13
10967,2023-06-14 12:00:00,6846.611,6671.39
10968,2023-06-14 13:00:00,6583.4575,6661.91
10969,2023-06-14 14:00:00,6908.971,6881.25
10970,2023-06-14 15:00:00,7390.861,7474.31
10971,2023-06-14 16:00:00,8432.085,8706.23
10972,2023-06-14 17:00:00,9868.819,10139.31
10973,2023-06-14 18:00:00,10793.204,11145.98
10974,2023-06-14 19:00:00,10642.18,11034.24
10975,2023-06-14 20:00:00,10394.988,10592.96
10976,2023-06-14 21:00:00,9919.265,10046.38
10977,2023-06-14 22:00:00,9428.975,9320.47
10978,2023-06-14 23:00:00,8771.85,8851.46
10979,2023-06-15 00:00:00,8415.626,8605.1
10980,2023-06-15 01:00:00,8212.727,8104.28
10981,2023-06-15 02:00:00,7529.77,7622.44
10982,2023-06-15 03:00:00,7115.11,7201.51
10983,2023-06-15 04:00:00,6905.872,7011.19
10984,2023-06-15 05:00:00,7198.036,7260.63
10985,2023-06-15 06:00:00,8091.0283,8307.97
10986,2023-06-15 07:00:00,9753.22,10078.02
10987,2023-06-15 08:00:00,10016.525,10417.93
10988,2023-06-15 09:00:00,9189.581,9203.75
10989,2023-06-15 10:00:00,8221.721,8125.82
10990,2023-06-15 11:00:00,7532.189,7319.18
10991,2023-06-15 12:00:00,7016.6675,7070.06
10992,2023-06-15 13:00:00,7156.4062,7038.18
10993,2023-06-15 14:00:00,7375.3286,7244.7
10994,2023-06-15 15:00:00,7784.931,7861.86
10995,2023-06-15 16:00:00,8941.743,8817.58
10996,2023-06-15 17:00:00,10164.647,10190.73
10997,2023-06-15 18:00:00,11245.543,11344.99
10998,2023-06-15 19:00:00,11063.929,11143.51
10999,2023-06-15 20:00:00,10649.009,10782.62
11000,2023-06-15 21:00:00,10177.932,10241.51
11001,2023-06-15 22:00:00,9628.325,9471.38
11002,2023-06-15 23:00:00,8924.682,9124.74
11003,2023-06-16 00:00:00,8734.801,8636.67
11004,2023-06-16 01:00:00,8321.594,8212.64
11005,2023-06-16 02:00:00,7760.362,7722.94
11006,2023-06-16 03:00:00,7279.47,7217.73
11007,2023-06-16 04:00:00,6992.398,7142.73
11008,2023-06-16 05:00:00,7385.1035,7462.76
11009,2023-06-16 06:00:00,8445.406,8394.22
11010,2023-06-16 07:00:00,10006.825,10103.5
11011,2023-06-16 08:00:00,10531.077,10456.54
11012,2023-06-16 09:00:00,9304.396,9367.2
11013,2023-06-16 10:00:00,8324.933,8308.56
11014,2023-06-16 11:00:00,7575.494,7404.15
11015,2023-06-16 12:00:00,7112.96,6851.74
11016,2023-06-16 13:00:00,6823.948,6701.82
11017,2023-06-16 14:00:00,7029.933,6887.46
11018,2023-06-16 15:00:00,7492.1626,7336.65
11019,2023-06-16 16:00:00,8489.33,8346.23
11020,2023-06-16 17:00:00,10003.068,9734.84
11021,2023-06-16 18:00:00,10928.622,10771.36
11022,2023-06-16 19:00:00,10860.423,10435.8
11023,2023-06-16 20:00:00,10044.285,10273.31
11024,2023-06-16 21:00:00,9796.088,9802.95
11025,2023-06-16 22:00:00,9242.397,9415.83
11026,2023-06-16 23:00:00,8996.888,9057.1
11027,2023-06-17 00:00:00,8653.546,8637.87
11028,2023-06-17 01:00:00,8309.1045,8324.66
11029,2023-06-17 02:00:00,7799.96,7772.23
11030,2023-06-17 03:00:00,7291.225,7250.29
11031,2023-06-17 04:00:00,7055.956,7184.94
11032,2023-06-17 05:00:00,7415.9556,7138.15
11033,2023-06-17 06:00:00,7561.5537,7577.67
11034,2023-06-17 07:00:00,8436.388,8592.07
11035,2023-06-17 08:00:00,9347.918,9253.81
11036,2023-06-17 09:00:00,8774.291,8763.81
11037,2023-06-17 10:00:00,7812.514,7637.03
11038,2023-06-17 11:00:00,6868.9443,6669.59
11039,2023-06-17 12:00:00,6206.9673,6064.03
11040,2023-06-17 13:00:00,5877.263,6005.78
11041,2023-06-17 14:00:00,6216.6855,6213.46
11042,2023-06-17 15:00:00,6820.346,6889.31
11043,2023-06-17 16:00:00,7974.7104,7981.0
11044,2023-06-17 17:00:00,9434.272,9367.23
11045,2023-06-17 18:00:00,10362.479,10167.56
11046,2023-06-17 19:00:00,9996.543,9950.75
11047,2023-06-17 20:00:00,9639.414,9772.94
11048,2023-06-17 21:00:00,9438.414,9399.79
11049,2023-06-17 22:00:00,9003.479,9069.77
11050,2023-06-17 23:00:00,8673.554,8704.2
11051,2023-06-18 00:00:00,8378.265,8190.96
11052,2023-06-18 01:00:00,7892.416,7810.94
11053,2023-06-18 02:00:00,7304.4434,7418.59
11054,2023-06-18 03:00:00,7073.8535,6908.9
11055,2023-06-18 04:00:00,6717.2163,6685.9
11056,2023-06-18 05:00:00,6839.2793,6826.45
11057,2023-06-18 06:00:00,7265.9404,7183.4
11058,2023-06-18 07:00:00,7887.1367,7940.94
11059,2023-06-18 08:00:00,8469.94,8557.15
11060,2023-06-18 09:00:00,8310.182,8133.5
11061,2023-06-18 10:00:00,7236.726,7437.47
11062,2023-06-18 11:00:00,6549.686,6529.12
11063,2023-06-18 12:00:00,5929.253,6222.87
11064,2023-06-18 13:00:00,6000.567,6055.86
11065,2023-06-18 14:00:00,6224.5005,6364.12
11066,2023-06-18 15:00:00,7059.7993,7395.67
11067,2023-06-18 16:00:00,8561.536,8354.91
11068,2023-06-18 17:00:00,9651.965,9864.47
11069,2023-06-18 18:00:00,10638.714,10850.39
11070,2023-06-18 19:00:00,10420.358,10751.23
11071,2023-06-18 20:00:00,10347.716,10385.26
11072,2023-06-18 21:00:00,9833.987,9831.87
11073,2023-06-18 22:00:00,9258.775,9082.27
11074,2023-06-18 23:00:00,8617.271,8536.02
11075,2023-06-19 00:00:00,8176.8545,8117.82
11076,2023-06-19 01:00:00,7760.4126,7737.88
11077,2023-06-19 02:00:00,7252.7373,7321.52
11078,2023-06-19 03:00:00,6913.1567,6916.55
11079,2023-06-19 04:00:00,6797.6523,6921.18
11080,2023-06-19 05:00:00,7234.0557,7360.77
11081,2023-06-19 06:00:00,8213.346,8426.06
11082,2023-06-19 07:00:00,9848.24,10360.17
11083,2023-06-19 08:00:00,10650.284,11062.21
11084,2023-06-19 09:00:00,10087.275,10213.4
11085,2023-06-19 10:00:00,9105.074,9098.86
11086,2023-06-19 11:00:00,8196.502,8036.14
11087,2023-06-19 12:00:00,7458.205,7537.22
11088,2023-06-19 13:00:00,7384.8545,7490.28
11089,2023-06-19 14:00:00,7710.4673,7687.08
11090,2023-06-19 15:00:00,8171.928,8255.77
11091,2023-06-19 16:00:00,9226.928,9502.44
11092,2023-06-19 17:00:00,10800.116,11025.17
11093,2023-06-19 18:00:00,11733.256,12090.32
11094,2023-06-19 19:00:00,11769.235,11940.5
11095,2023-06-19 20:00:00,11337.051,11300.38
11096,2023-06-19 21:00:00,10583.65,10879.08
11097,2023-06-19 22:00:00,10155.095,9934.01
11098,2023-06-19 23:00:00,9393.93,9324.28
11099,2023-06-20 00:00:00,8951.74,8719.27
11100,2023-06-20 01:00:00,8394.213,8444.89
11101,2023-06-20 02:00:00,7958.495,7990.55
11102,2023-06-20 03:00:00,7540.116,7567.48
11103,2023-06-20 04:00:00,7311.4688,7475.5
11104,2023-06-20 05:00:00,7772.6562,7842.56
11105,2023-06-20 06:00:00,8968.245,8928.13
11106,2023-06-20 07:00:00,10720.39,10797.26
11107,2023-06-20 08:00:00,11613.009,11223.04
11108,2023-06-20 09:00:00,10380.615,10041.36
11109,2023-06-20 10:00:00,9099.331,8960.33
11110,2023-06-20 11:00:00,8137.6226,8060.17
11111,2023-06-20 12:00:00,7636.869,7631.61
11112,2023-06-20 13:00:00,7574.3306,7394.86
11113,2023-06-20 14:00:00,7624.7324,7791.0
11114,2023-06-20 15:00:00,8418.784,8341.64
11115,2023-06-20 16:00:00,9656.248,9636.6
11116,2023-06-20 17:00:00,11257.926,11283.33
11117,2023-06-20 18:00:00,12419.237,12543.91
11118,2023-06-20 19:00:00,12280.293,12476.86
11119,2023-06-20 20:00:00,11845.906,12103.43
11120,2023-06-20 21:00:00,11383.354,11454.61
11121,2023-06-20 22:00:00,10545.129,10532.78
11122,2023-06-20 23:00:00,9865.2,9792.98
11123,2023-06-21 00:00:00,9309.709,9375.5
11124,2023-06-21 01:00:00,8956.977,9001.02
11125,2023-06-21 02:00:00,8441.013,8450.07
11126,2023-06-21 03:00:00,7924.236,7930.24
11127,2023-06-21 04:00:00,7651.6675,7847.69
11128,2023-06-21 05:00:00,8300.735,8199.64
11129,2023-06-21 06:00:00,9432.619,9303.12
11130,2023-06-21 07:00:00,11176.35,11240.07
11131,2023-06-21 08:00:00,11850.759,11841.47
11132,2023-06-21 09:00:00,10644.508,10566.81
11133,2023-06-21 10:00:00,9394.775,9458.71
11134,2023-06-21 11:00:00,8533.158,8340.65
11135,2023-06-21 12:00:00,7821.0693,7677.96
11136,2023-06-21 13:00:00,7479.7944,7424.77
11137,2023-06-21 14:00:00,7682.6606,7594.21
11138,2023-06-21 15:00:00,8300.068,8201.91
11139,2023-06-21 16:00:00,9547.675,9528.32
11140,2023-06-21 17:00:00,11406.483,11342.85
11141,2023-06-21 18:00:00,12835.1875,12360.13
11142,2023-06-21 19:00:00,12365.398,12291.6
11143,2023-06-21 20:00:00,11839.697,11869.29
11144,2023-06-21 21:00:00,11187.973,11222.53
11145,2023-06-21 22:00:00,10410.635,10354.55
11146,2023-06-21 23:00:00,9750.1,9565.41
11147,2023-06-22 00:00:00,9154.298,8982.68
11148,2023-06-22 01:00:00,8578.173,8522.71
11149,2023-06-22 02:00:00,8148.535,8012.61
11150,2023-06-22 03:00:00,7646.186,7648.15
11151,2023-06-22 04:00:00,7605.799,7489.96
11152,2023-06-22 05:00:00,8024.9463,7808.01
11153,2023-06-22 06:00:00,8952.275,8724.01
11154,2023-06-22 07:00:00,10605.428,10509.68
11155,2023-06-22 08:00:00,11423.376,11301.73
11156,2023-06-22 09:00:00,10340.827,10480.47
11157,2023-06-22 10:00:00,9324.702,10028.91
11158,2023-06-22 11:00:00,8947.92,8962.82
11159,2023-06-22 12:00:00,8133.688,9369.36
11160,2023-06-22 13:00:00,9225.99,9274.86
11161,2023-06-22 14:00:00,9385.004,9770.02
11162,2023-06-22 15:00:00,10284.4,10141.66
11163,2023-06-22 16:00:00,11285.707,11026.28
11164,2023-06-22 17:00:00,12363.566,11877.92
11165,2023-06-22 18:00:00,12927.097,12348.73
11166,2023-06-22 19:00:00,12159.537,12022.68
11167,2023-06-22 20:00:00,11569.014,11370.4
11168,2023-06-22 21:00:00,10769.426,10816.23
11169,2023-06-22 22:00:00,10139.864,9867.86
11170,2023-06-22 23:00:00,9292.61,9287.24
11171,2023-06-23 00:00:00,8867.122,8771.56
11172,2023-06-23 01:00:00,8344.539,8430.51
11173,2023-06-23 02:00:00,7973.392,7914.4
11174,2023-06-23 03:00:00,7555.9204,7446.88
11175,2023-06-23 04:00:00,7348.322,7144.28
11176,2023-06-23 05:00:00,7510.6323,7414.41
11177,2023-06-23 06:00:00,8420.16,8114.81
11178,2023-06-23 07:00:00,9582.983,9649.45
11179,2023-06-23 08:00:00,10473.234,10361.8
11180,2023-06-23 09:00:00,9640.021,9246.87
11181,2023-06-23 10:00:00,8228.891,8182.69
11182,2023-06-23 11:00:00,7283.114,7599.23
11183,2023-06-23 12:00:00,7175.1504,7251.33
11184,2023-06-23 13:00:00,7187.9863,7097.63
11185,2023-06-23 14:00:00,7347.8525,7377.46
11186,2023-06-23 15:00:00,8100.95,7850.28
11187,2023-06-23 16:00:00,9020.3,8906.98
11188,2023-06-23 17:00:00,10389.376,10256.16
11189,2023-06-23 18:00:00,11096.591,11039.6
11190,2023-06-23 19:00:00,10710.037,10760.14
11191,2023-06-23 20:00:00,10468.621,10318.24
11192,2023-06-23 21:00:00,9827.534,9933.05
11193,2023-06-23 22:00:00,9409.305,9483.33
11194,2023-06-23 23:00:00,9048.856,8958.87
11195,2023-06-24 00:00:00,8575.354,8692.34
11196,2023-06-24 01:00:00,8326.434,8213.91
11197,2023-06-24 02:00:00,7774.029,7694.44
11198,2023-06-24 03:00:00,7310.178,7245.92
11199,2023-06-24 04:00:00,7045.3994,6959.7
11200,2023-06-24 05:00:00,7168.287,6910.33
11201,2023-06-24 06:00:00,7392.1943,7449.06
11202,2023-06-24 07:00:00,8334.358,8377.71
11203,2023-06-24 08:00:00,9045.369,8828.94
11204,2023-06-24 09:00:00,8283.58,8430.85
11205,2023-06-24 10:00:00,7437.588,7355.89
11206,2023-06-24 11:00:00,6368.562,6798.42
11207,2023-06-24 12:00:00,6222.017,6190.39
11208,2023-06-24 13:00:00,5971.841,6023.02
11209,2023-06-24 14:00:00,6341.707,6293.11
11210,2023-06-24 15:00:00,7060.1646,6946.69
11211,2023-06-24 16:00:00,8102.115,7889.67
11212,2023-06-24 17:00:00,9321.295,9356.9
11213,2023-06-24 18:00:00,10288.255,10266.99
11214,2023-06-24 19:00:00,9937.547,10018.39
11215,2023-06-24 20:00:00,9724.916,9779.5
11216,2023-06-24 21:00:00,9393.523,9464.72
11217,2023-06-24 22:00:00,9003.836,8991.35
11218,2023-06-24 23:00:00,8601.242,8632.89
11219,2023-06-25 00:00:00,8228.557,8291.56
11220,2023-06-25 01:00:00,7914.8364,7872.53
11221,2023-06-25 02:00:00,7405.7246,7365.48
11222,2023-06-25 03:00:00,6973.966,6999.99
11223,2023-06-25 04:00:00,6828.9004,6879.22
11224,2023-06-25 05:00:00,7062.214,6869.9
11225,2023-06-25 06:00:00,7334.28,7177.78
11226,2023-06-25 07:00:00,7984.3486,7980.23
11227,2023-06-25 08:00:00,8478.926,8490.22
11228,2023-06-25 09:00:00,8090.7607,8179.47
11229,2023-06-25 10:00:00,7208.2544,7221.26
11230,2023-06-25 11:00:00,6434.7505,6412.07
11231,2023-06-25 12:00:00,5888.0864,5737.19
11232,2023-06-25 13:00:00,5652.6367,5729.52
11233,2023-06-25 14:00:00,6146.4463,6018.94
11234,2023-06-25 15:00:00,6723.723,6732.32
11235,2023-06-25 16:00:00,7877.476,7882.8
11236,2023-06-25 17:00:00,9273.825,9331.92
11237,2023-06-25 18:00:00,10318.629,10291.55
11238,2023-06-25 19:00:00,9938.538,10193.85
11239,2023-06-25 20:00:00,9724.402,9921.03
11240,2023-06-25 21:00:00,9432.648,9444.79
11241,2023-06-25 22:00:00,8869.556,8829.82
11242,2023-06-25 23:00:00,8438.631,8332.39
11243,2023-06-26 00:00:00,8022.865,7940.67
11244,2023-06-26 01:00:00,7608.7236,7681.67
11245,2023-06-26 02:00:00,7246.2417,7186.53
11246,2023-06-26 03:00:00,6860.1235,6869.94
11247,2023-06-26 04:00:00,6783.11,6784.72
11248,2023-06-26 05:00:00,7075.5215,7048.22
11249,2023-06-26 06:00:00,7909.321,8025.67
11250,2023-06-26 07:00:00,9380.801,9586.36
11251,2023-06-26 08:00:00,10297.565,10009.35
11252,2023-06-26 09:00:00,8974.779,9060.88
11253,2023-06-26 10:00:00,8029.9937,8018.79
11254,2023-06-26 11:00:00,7259.024,7235.48
11255,2023-06-26 12:00:00,6858.601,6844.3
11256,2023-06-26 13:00:00,6719.332,6764.23
11257,2023-06-26 14:00:00,7087.799,6933.53
11258,2023-06-26 15:00:00,7625.38,7630.92
11259,2023-06-26 16:00:00,8788.007,8798.61
11260,2023-06-26 17:00:00,10177.731,10217.58
11261,2023-06-26 18:00:00,11070.98,11358.95
11262,2023-06-26 19:00:00,10945.358,10971.77
11263,2023-06-26 20:00:00,10370.94,10519.33
11264,2023-06-26 21:00:00,9898.182,9851.2
11265,2023-06-26 22:00:00,9172.632,9073.96
11266,2023-06-26 23:00:00,8582.275,8692.12
11267,2023-06-27 00:00:00,8327.826,8403.3
11268,2023-06-27 01:00:00,8000.7476,7966.52
11269,2023-06-27 02:00:00,7494.1343,7494.09
11270,2023-06-27 03:00:00,7148.925,7081.14
11271,2023-06-27 04:00:00,6974.364,7005.62
11272,2023-06-27 05:00:00,7570.2275,7342.49
11273,2023-06-27 06:00:00,8370.606,8381.42
11274,2023-06-27 07:00:00,10003.103,9817.64
11275,2023-06-27 08:00:00,10352.853,10262.37
11276,2023-06-27 09:00:00,9180.42,9101.78
11277,2023-06-27 10:00:00,8055.537,8180.36
11278,2023-06-27 11:00:00,7478.551,7757.07
11279,2023-06-27 12:00:00,7364.614,7031.45
11280,2023-06-27 13:00:00,6914.476,7542.59
11281,2023-06-27 14:00:00,7936.489,7614.64
11282,2023-06-27 15:00:00,8238.943,8200.81
11283,2023-06-27 16:00:00,9270.911,9239.95
11284,2023-06-27 17:00:00,10704.81,10376.5
11285,2023-06-27 18:00:00,11451.124,11230.85
11286,2023-06-27 19:00:00,10828.089,11051.0
11287,2023-06-27 20:00:00,10467.388,10512.84
11288,2023-06-27 21:00:00,9874.09,9947.53
11289,2023-06-27 22:00:00,9244.992,9167.84
11290,2023-06-27 23:00:00,8646.22,8663.23
11291,2023-06-28 00:00:00,8349.3955,8394.93
11292,2023-06-28 01:00:00,8048.136,8039.86
11293,2023-06-28 02:00:00,7535.6836,7481.34
11294,2023-06-28 03:00:00,7129.953,7077.67
11295,2023-06-28 04:00:00,7005.678,6923.49
11296,2023-06-28 05:00:00,7334.0,7202.89
11297,2023-06-28 06:00:00,8296.399,8053.83
11298,2023-06-28 07:00:00,9639.791,9493.81
11299,2023-06-28 08:00:00,10184.521,10254.13
11300,2023-06-28 09:00:00,9223.142,10236.88
11301,2023-06-28 10:00:00,8933.816,10263.49
11302,2023-06-28 11:00:00,9258.883,10066.39
11303,2023-06-28 12:00:00,9326.534,10072.95
11304,2023-06-28 13:00:00,9790.003,9870.21
11305,2023-06-28 14:00:00,10106.992,10241.34
11306,2023-06-28 15:00:00,10575.754,10207.14
11307,2023-06-28 16:00:00,10987.447,10699.36
11308,2023-06-28 17:00:00,11673.535,11727.57
11309,2023-06-28 18:00:00,12386.26,12221.44
11310,2023-06-28 19:00:00,11821.403,11738.49
11311,2023-06-28 20:00:00,11093.682,11136.18
11312,2023-06-28 21:00:00,10416.046,10512.16
11313,2023-06-28 22:00:00,9691.436,9713.02
11314,2023-06-28 23:00:00,9023.318,9167.3
11315,2023-06-29 00:00:00,8716.108,8760.0
11316,2023-06-29 01:00:00,8314.091,8402.13
11317,2023-06-29 02:00:00,7841.7056,7875.47
11318,2023-06-29 03:00:00,7418.2295,7381.76
11319,2023-06-29 04:00:00,7149.6133,7273.45
11320,2023-06-29 05:00:00,7656.687,7502.64
11321,2023-06-29 06:00:00,8392.035,8560.55
11322,2023-06-29 07:00:00,10143.2,10234.53
11323,2023-06-29 08:00:00,10786.105,10669.43
11324,2023-06-29 09:00:00,9751.02,9598.52
11325,2023-06-29 10:00:00,8534.379,8630.76
11326,2023-06-29 11:00:00,7790.7095,7766.17
11327,2023-06-29 12:00:00,7347.4375,7431.55
11328,2023-06-29 13:00:00,7377.299,7236.09
11329,2023-06-29 14:00:00,7586.632,7377.43
11330,2023-06-29 15:00:00,7928.4243,8006.89
11331,2023-06-29 16:00:00,9033.688,9089.55
11332,2023-06-29 17:00:00,10424.472,10783.54
11333,2023-06-29 18:00:00,11600.537,12007.78
11334,2023-06-29 19:00:00,11537.176,11877.39
11335,2023-06-29 20:00:00,11257.574,11592.4
11336,2023-06-29 21:00:00,10853.49,10985.57
11337,2023-06-29 22:00:00,10040.111,10256.91
11338,2023-06-29 23:00:00,9506.613,9463.13
11339,2023-06-30 00:00:00,8938.048,8926.69
11340,2023-06-30 01:00:00,8490.715,8513.43
11341,2023-06-30 02:00:00,8008.1704,8077.01
11342,2023-06-30 03:00:00,7590.8936,7594.46
11343,2023-06-30 04:00:00,7263.0776,7365.16
11344,2023-06-30 05:00:00,7551.0923,7616.68
11345,2023-06-30 06:00:00,8471.907,8545.95
11346,2023-06-30 07:00:00,10022.015,10194.29
11347,2023-06-30 08:00:00,10651.839,10725.53
11348,2023-06-30 09:00:00,9621.07,9860.56
11349,2023-06-30 10:00:00,8806.519,8809.9
11350,2023-06-30 11:00:00,7813.426,7989.08
11351,2023-06-30 12:00:00,7436.986,7405.79
11352,2023-06-30 13:00:00,7282.743,7242.64
11353,2023-06-30 14:00:00,7503.748,7358.76
11354,2023-06-30 15:00:00,7882.773,7934.07
11355,2023-06-30 16:00:00,9022.74,8908.91
11356,2023-06-30 17:00:00,10516.688,10274.53
11357,2023-06-30 18:00:00,11456.425,11244.32
11358,2023-06-30 19:00:00,10965.19,10954.47
11359,2023-06-30 20:00:00,10567.874,10620.63
11360,2023-06-30 21:00:00,10120.541,10176.22
11361,2023-06-30 22:00:00,9558.944,9548.84
11362,2023-06-30 23:00:00,8960.122,9180.28
11363,2023-07-01 00:00:00,8786.237,8833.75
11364,2023-07-01 01:00:00,8422.769,8442.73
11365,2023-07-01 02:00:00,7934.985,7837.55
11366,2023-07-01 03:00:00,7454.3867,7322.66
11367,2023-07-01 04:00:00,7143.011,7083.64
11368,2023-07-01 05:00:00,7182.643,7130.25
11369,2023-07-01 06:00:00,7693.236,7649.58
11370,2023-07-01 07:00:00,8435.027,8509.37
11371,2023-07-01 08:00:00,8892.534,9180.92
11372,2023-07-01 09:00:00,8519.2705,8898.18
11373,2023-07-01 10:00:00,7787.629,7971.48
11374,2023-07-01 11:00:00,7063.97,7125.84
11375,2023-07-01 12:00:00,6447.1562,6642.91
11376,2023-07-01 13:00:00,6282.306,6375.23
11377,2023-07-01 14:00:00,6582.399,6535.67
11378,2023-07-01 15:00:00,7042.9136,7270.4
11379,2023-07-01 16:00:00,8263.991,8384.87
11380,2023-07-01 17:00:00,9648.765,9704.65
11381,2023-07-01 18:00:00,10519.97,10522.28
11382,2023-07-01 19:00:00,10176.132,10303.41
11383,2023-07-01 20:00:00,9894.369,10050.7
11384,2023-07-01 21:00:00,9590.156,9754.38
11385,2023-07-01 22:00:00,9128.555,9226.04
11386,2023-07-01 23:00:00,8801.762,8950.5
11387,2023-07-02 00:00:00,8549.966,8505.11
11388,2023-07-02 01:00:00,8131.9473,8080.51
11389,2023-07-02 02:00:00,7619.649,7545.04
11390,2023-07-02 03:00:00,7164.619,7152.09
11391,2023-07-02 04:00:00,6979.75,7077.06
11392,2023-07-02 05:00:00,7119.878,7022.8
11393,2023-07-02 06:00:00,7465.2754,7419.67
11394,2023-07-02 07:00:00,8201.9375,8163.97
11395,2023-07-02 08:00:00,8642.48,8737.16
11396,2023-07-02 09:00:00,8382.98,8479.08
11397,2023-07-02 10:00:00,7484.277,7694.8
11398,2023-07-02 11:00:00,6805.794,6787.76
11399,2023-07-02 12:00:00,6131.545,6200.53
11400,2023-07-02 13:00:00,5944.74,6149.97
11401,2023-07-02 14:00:00,6405.6357,6332.74
11402,2023-07-02 15:00:00,7000.446,7030.76
11403,2023-07-02 16:00:00,8079.092,8247.94
11404,2023-07-02 17:00:00,9615.383,9738.35
11405,2023-07-02 18:00:00,10644.871,10599.77
11406,2023-07-02 19:00:00,10229.963,10433.93
11407,2023-07-02 20:00:00,9977.906,10118.71
11408,2023-07-02 21:00:00,9624.957,9742.74
11409,2023-07-02 22:00:00,9121.336,9067.87
11410,2023-07-02 23:00:00,8598.3545,8613.44
11411,2023-07-03 00:00:00,8248.433,8089.45
11412,2023-07-03 01:00:00,7792.3184,7801.79
11413,2023-07-03 02:00:00,7317.06,7227.28
11414,2023-07-03 03:00:00,6911.898,6886.53
11415,2023-07-03 04:00:00,6810.507,6848.17
11416,2023-07-03 05:00:00,7160.4907,7047.06
11417,2023-07-03 06:00:00,7990.7754,7972.43
11418,2023-07-03 07:00:00,9429.767,9405.56
11419,2023-07-03 08:00:00,10036.275,9950.88
11420,2023-07-03 09:00:00,8967.495,9825.4
11421,2023-07-03 10:00:00,8673.29,9097.22
11422,2023-07-03 11:00:00,8141.0327,8623.75
11423,2023-07-03 12:00:00,7837.976,7932.75
11424,2023-07-03 13:00:00,7630.7,8023.79
11425,2023-07-03 14:00:00,8308.665,8372.59
11426,2023-07-03 15:00:00,8911.622,8844.24
11427,2023-07-03 16:00:00,9891.757,9340.42
11428,2023-07-03 17:00:00,10686.26,10444.26
11429,2023-07-03 18:00:00,11500.432,11079.92
11430,2023-07-03 19:00:00,10884.142,10730.27
11431,2023-07-03 20:00:00,10316.878,10160.35
11432,2023-07-03 21:00:00,9723.441,9712.65
11433,2023-07-03 22:00:00,9082.075,9053.22
11434,2023-07-03 23:00:00,8618.921,8566.6
11435,2023-07-04 00:00:00,8246.955,8252.77
11436,2023-07-04 01:00:00,7918.5557,8039.7
11437,2023-07-04 02:00:00,7534.9263,7505.61
11438,2023-07-04 03:00:00,7097.7456,6980.88
11439,2023-07-04 04:00:00,6860.209,6811.6
11440,2023-07-04 05:00:00,7124.0083,7047.33
11441,2023-07-04 06:00:00,8012.6846,7861.3
11442,2023-07-04 07:00:00,9383.14,8904.33
11443,2023-07-04 08:00:00,9777.753,9735.54
11444,2023-07-04 09:00:00,9610.376,9923.57
11445,2023-07-04 10:00:00,9021.804,9707.87
11446,2023-07-04 11:00:00,9058.697,9491.11
11447,2023-07-04 12:00:00,9069.108,9356.9
11448,2023-07-04 13:00:00,9178.914,9377.6
11449,2023-07-04 14:00:00,9601.541,9505.04
11450,2023-07-04 15:00:00,9770.551,9655.21
11451,2023-07-04 16:00:00,10310.581,9938.71
11452,2023-07-04 17:00:00,10942.03,10558.26
11453,2023-07-04 18:00:00,11257.354,11107.15
11454,2023-07-04 19:00:00,10775.263,10684.74
11455,2023-07-04 20:00:00,10206.895,10139.3
11456,2023-07-04 21:00:00,9645.568,9639.85
11457,2023-07-04 22:00:00,9015.919,8932.42
11458,2023-07-04 23:00:00,8489.537,8544.18
11459,2023-07-05 00:00:00,8207.697,8268.56
11460,2023-07-05 01:00:00,7977.5586,8027.59
11461,2023-07-05 02:00:00,7499.83,7320.89
11462,2023-07-05 03:00:00,6900.5527,6819.76
11463,2023-07-05 04:00:00,6683.0757,6617.92
11464,2023-07-05 05:00:00,6987.1836,6951.02
11465,2023-07-05 06:00:00,7837.7974,7630.69
11466,2023-07-05 07:00:00,8762.327,8629.08
11467,2023-07-05 08:00:00,9492.839,9128.58
11468,2023-07-05 09:00:00,9253.528,8711.64
11469,2023-07-05 10:00:00,7973.43,7835.77
11470,2023-07-05 11:00:00,7083.061,7129.19
11471,2023-07-05 12:00:00,6633.94,6718.33
11472,2023-07-05 13:00:00,6699.22,6843.23
11473,2023-07-05 14:00:00,7154.1807,7283.82
11474,2023-07-05 15:00:00,7891.9062,7589.06
11475,2023-07-05 16:00:00,8456.777,8433.33
11476,2023-07-05 17:00:00,9705.577,9366.21
11477,2023-07-05 18:00:00,10315.896,10177.25
11478,2023-07-05 19:00:00,10033.282,9944.3
11479,2023-07-05 20:00:00,9613.595,9560.63
11480,2023-07-05 21:00:00,9162.783,9155.99
11481,2023-07-05 22:00:00,8724.087,8698.04
11482,2023-07-05 23:00:00,8329.194,8484.09
11483,2023-07-06 00:00:00,8174.487,8232.37
11484,2023-07-06 01:00:00,7896.4204,7975.71
11485,2023-07-06 02:00:00,7318.5874,7382.08
11486,2023-07-06 03:00:00,6901.029,6958.26
11487,2023-07-06 04:00:00,6781.4224,6835.29
11488,2023-07-06 05:00:00,7095.574,7000.57
11489,2023-07-06 06:00:00,7807.352,7855.95
11490,2023-07-06 07:00:00,8946.786,9075.24
11491,2023-07-06 08:00:00,9654.063,9447.11
11492,2023-07-06 09:00:00,8821.72,9014.92
11493,2023-07-06 10:00:00,8086.9995,8140.52
11494,2023-07-06 11:00:00,7291.228,7450.2
11495,2023-07-06 12:00:00,6952.0874,6926.86
11496,2023-07-06 13:00:00,6873.946,6966.16
11497,2023-07-06 14:00:00,7326.1846,7423.9
11498,2023-07-06 15:00:00,7850.85,7988.82
11499,2023-07-06 16:00:00,8755.151,8790.39
11500,2023-07-06 17:00:00,9968.749,9928.24
11501,2023-07-06 18:00:00,10692.896,10961.53
11502,2023-07-06 19:00:00,10474.038,10773.94
11503,2023-07-06 20:00:00,10249.918,10373.82
11504,2023-07-06 21:00:00,9817.032,9931.69
11505,2023-07-06 22:00:00,9315.368,9215.88
11506,2023-07-06 23:00:00,8792.643,8749.38
11507,2023-07-07 00:00:00,8412.97,8374.1
11508,2023-07-07 01:00:00,8117.93,7925.06
11509,2023-07-07 02:00:00,7452.0293,7401.56
11510,2023-07-07 03:00:00,7062.052,7011.27
11511,2023-07-07 04:00:00,6902.044,6757.56
11512,2023-07-07 05:00:00,6985.273,6993.72
11513,2023-07-07 06:00:00,7825.4985,7671.69
11514,2023-07-07 07:00:00,8756.017,9056.6
11515,2023-07-07 08:00:00,9584.245,9426.48
11516,2023-07-07 09:00:00,8846.795,8919.38
11517,2023-07-07 10:00:00,8027.2173,7965.63
11518,2023-07-07 11:00:00,7241.745,7203.17
11519,2023-07-07 12:00:00,6718.845,6697.98
11520,2023-07-07 13:00:00,6714.3457,6600.97
11521,2023-07-07 14:00:00,6971.537,6836.86
11522,2023-07-07 15:00:00,7410.611,7366.4
11523,2023-07-07 16:00:00,8308.941,8356.8
11524,2023-07-07 17:00:00,9587.326,9650.92
11525,2023-07-07 18:00:00,10561.2,10535.79
11526,2023-07-07 19:00:00,10231.699,10289.17
11527,2023-07-07 20:00:00,9884.819,10006.6
11528,2023-07-07 21:00:00,9612.131,9763.56
11529,2023-07-07 22:00:00,9127.348,9212.0
11530,2023-07-07 23:00:00,8768.327,8844.92
11531,2023-07-08 00:00:00,8445.122,8537.51
11532,2023-07-08 01:00:00,8119.945,8060.77
11533,2023-07-08 02:00:00,7533.196,7502.63
11534,2023-07-08 03:00:00,7093.2563,7032.79
11535,2023-07-08 04:00:00,6819.092,6757.67
11536,2023-07-08 05:00:00,6878.1387,6707.22
11537,2023-07-08 06:00:00,7111.7563,7189.87
11538,2023-07-08 07:00:00,8008.431,8017.83
11539,2023-07-08 08:00:00,8604.663,8449.64
11540,2023-07-08 09:00:00,8078.832,7991.83
11541,2023-07-08 10:00:00,7190.412,7131.17
11542,2023-07-08 11:00:00,6403.575,6570.01
11543,2023-07-08 12:00:00,6023.125,6079.31
11544,2023-07-08 13:00:00,5933.15,6027.45
11545,2023-07-08 14:00:00,6359.9473,6328.6
11546,2023-07-08 15:00:00,6891.2954,6879.58
11547,2023-07-08 16:00:00,7899.167,7779.55
11548,2023-07-08 17:00:00,9126.705,9177.97
11549,2023-07-08 18:00:00,10174.083,9943.18
11550,2023-07-08 19:00:00,9850.49,9735.39
11551,2023-07-08 20:00:00,9503.355,9453.04
11552,2023-07-08 21:00:00,9136.647,9153.19
11553,2023-07-08 22:00:00,8763.794,8643.98
11554,2023-07-08 23:00:00,8329.099,8324.41
11555,2023-07-09 00:00:00,8030.6177,7860.2
11556,2023-07-09 01:00:00,7578.027,7393.09
11557,2023-07-09 02:00:00,7053.621,6981.39
11558,2023-07-09 03:00:00,6749.042,6595.93
11559,2023-07-09 04:00:00,6447.197,6444.35
11560,2023-07-09 05:00:00,6500.2783,6519.06
11561,2023-07-09 06:00:00,7154.891,6783.86
11562,2023-07-09 07:00:00,7596.1333,7366.71
11563,2023-07-09 08:00:00,7950.312,7723.65
11564,2023-07-09 09:00:00,7391.005,7473.28
11565,2023-07-09 10:00:00,6696.0586,6777.51
11566,2023-07-09 11:00:00,6032.571,6133.37
11567,2023-07-09 12:00:00,5720.953,5690.89
11568,2023-07-09 13:00:00,5651.7285,5652.09
11569,2023-07-09 14:00:00,6005.0786,5807.1
11570,2023-07-09 15:00:00,6384.602,6555.56
11571,2023-07-09 16:00:00,7518.8,7582.07
11572,2023-07-09 17:00:00,8976.556,9006.43
11573,2023-07-09 18:00:00,9927.984,9772.77
11574,2023-07-09 19:00:00,9515.581,9719.27
11575,2023-07-09 20:00:00,9399.841,9488.24
11576,2023-07-09 21:00:00,9095.3,9069.76
11577,2023-07-09 22:00:00,8612.34,8594.17
11578,2023-07-09 23:00:00,8204.285,8131.45
11579,2023-07-10 00:00:00,7826.2954,7770.59
11580,2023-07-10 01:00:00,7384.237,7266.79
11581,2023-07-10 02:00:00,6891.4463,6840.88
11582,2023-07-10 03:00:00,6565.587,6484.28
11583,2023-07-10 04:00:00,6335.8076,6483.03
11584,2023-07-10 05:00:00,6628.982,6800.0
11585,2023-07-10 06:00:00,7511.213,7655.28
11586,2023-07-10 07:00:00,8672.178,9015.37
11587,2023-07-10 08:00:00,9427.88,9444.32
11588,2023-07-10 09:00:00,8803.767,8687.21
11589,2023-07-10 10:00:00,7678.319,7829.53
11590,2023-07-10 11:00:00,7105.3193,7144.88
11591,2023-07-10 12:00:00,6690.949,6590.41
11592,2023-07-10 13:00:00,6574.409,6419.31
11593,2023-07-10 14:00:00,6702.3413,6702.76
11594,2023-07-10 15:00:00,7241.5654,7155.27
11595,2023-07-10 16:00:00,8044.3687,8152.38
11596,2023-07-10 17:00:00,9375.019,9541.17
11597,2023-07-10 18:00:00,10484.707,10651.8
11598,2023-07-10 19:00:00,10279.508,10684.46
11599,2023-07-10 20:00:00,10217.266,10150.63
11600,2023-07-10 21:00:00,9562.326,9734.65
11601,2023-07-10 22:00:00,9122.706,9007.21
11602,2023-07-10 23:00:00,8507.043,8514.19
11603,2023-07-11 00:00:00,8156.784,8143.89
11604,2023-07-11 01:00:00,7766.2256,7891.5
11605,2023-07-11 02:00:00,7363.442,7459.6
11606,2023-07-11 03:00:00,7044.95,7055.55
11607,2023-07-11 04:00:00,6878.463,6911.02
11608,2023-07-11 05:00:00,7081.3306,7262.5
11609,2023-07-11 06:00:00,8115.616,8240.91
11610,2023-07-11 07:00:00,9624.09,9628.63
11611,2023-07-11 08:00:00,10103.627,10145.62
11612,2023-07-11 09:00:00,9406.344,9342.73
11613,2023-07-11 10:00:00,8417.1875,8195.14
11614,2023-07-11 11:00:00,7502.212,7146.44
11615,2023-07-11 12:00:00,6692.8936,6704.48
11616,2023-07-11 13:00:00,6793.333,6470.3
11617,2023-07-11 14:00:00,6850.524,6626.87
11618,2023-07-11 15:00:00,7167.916,7149.24
11619,2023-07-11 16:00:00,8024.5396,8228.37
11620,2023-07-11 17:00:00,9630.325,9702.48
11621,2023-07-11 18:00:00,10735.145,10870.33
11622,2023-07-11 19:00:00,10609.425,10821.8
11623,2023-07-11 20:00:00,10294.023,10377.72
11624,2023-07-11 21:00:00,9765.654,10050.09
11625,2023-07-11 22:00:00,9346.856,9351.23
11626,2023-07-11 23:00:00,8771.933,8892.16
11627,2023-07-12 00:00:00,8468.727,8538.12
11628,2023-07-12 01:00:00,8186.3735,8180.43
11629,2023-07-12 02:00:00,7708.192,7630.65
11630,2023-07-12 03:00:00,7205.0186,7247.67
11631,2023-07-12 04:00:00,7047.3174,7032.39
11632,2023-07-12 05:00:00,7390.5474,7333.18
11633,2023-07-12 06:00:00,8367.002,8296.98
11634,2023-07-12 07:00:00,9697.107,9652.77
11635,2023-07-12 08:00:00,10347.644,10150.33
11636,2023-07-12 09:00:00,9501.403,9326.02
11637,2023-07-12 10:00:00,8311.205,8167.37
11638,2023-07-12 11:00:00,7319.4644,7180.23
11639,2023-07-12 12:00:00,6638.486,6615.66
11640,2023-07-12 13:00:00,6524.304,6329.15
11641,2023-07-12 14:00:00,6661.382,6581.67
11642,2023-07-12 15:00:00,7161.192,7213.12
11643,2023-07-12 16:00:00,8169.0854,8192.21
11644,2023-07-12 17:00:00,9630.164,9497.86
11645,2023-07-12 18:00:00,10700.62,10674.46
11646,2023-07-12 19:00:00,10637.9,10473.15
11647,2023-07-12 20:00:00,10023.95,10151.4
11648,2023-07-12 21:00:00,9664.44,9678.97
11649,2023-07-12 22:00:00,9044.598,9262.36
11650,2023-07-12 23:00:00,8717.644,8767.66
11651,2023-07-13 00:00:00,8414.036,8367.47
11652,2023-07-13 01:00:00,8008.109,8096.84
11653,2023-07-13 02:00:00,7580.6094,7572.68
11654,2023-07-13 03:00:00,7156.844,7040.39
11655,2023-07-13 04:00:00,6920.759,7028.77
11656,2023-07-13 05:00:00,7449.949,7312.19
11657,2023-07-13 06:00:00,8260.941,8161.74
11658,2023-07-13 07:00:00,9537.847,9489.76
11659,2023-07-13 08:00:00,10163.553,9916.06
11660,2023-07-13 09:00:00,9040.916,9179.34
11661,2023-07-13 10:00:00,8022.062,7933.38
11662,2023-07-13 11:00:00,7022.2944,6981.7
11663,2023-07-13 12:00:00,6431.39,6393.5
11664,2023-07-13 13:00:00,6313.828,6195.27
11665,2023-07-13 14:00:00,6437.358,6393.9
11666,2023-07-13 15:00:00,7003.752,7025.78
11667,2023-07-13 16:00:00,8072.1943,8107.15
11668,2023-07-13 17:00:00,9454.165,9334.41
11669,2023-07-13 18:00:00,10533.973,10553.99
11670,2023-07-13 19:00:00,10438.258,10507.12
11671,2023-07-13 20:00:00,10090.566,10253.35
11672,2023-07-13 21:00:00,9765.405,9884.98
11673,2023-07-13 22:00:00,9267.178,9302.8
11674,2023-07-13 23:00:00,8767.878,8940.58
11675,2023-07-14 00:00:00,8573.28,8586.36
11676,2023-07-14 01:00:00,8204.219,8181.16
11677,2023-07-14 02:00:00,7655.677,7579.94
11678,2023-07-14 03:00:00,7110.6406,7076.29
11679,2023-07-14 04:00:00,6930.878,6944.28
11680,2023-07-14 05:00:00,7259.9194,7152.58
11681,2023-07-14 06:00:00,8118.429,8087.95
11682,2023-07-14 07:00:00,9348.482,9433.89
11683,2023-07-14 08:00:00,9923.787,9754.05
11684,2023-07-14 09:00:00,8909.385,9016.73
11685,2023-07-14 10:00:00,7826.3813,7833.71
11686,2023-07-14 11:00:00,6965.312,6992.73
11687,2023-07-14 12:00:00,6390.6914,6434.98
11688,2023-07-14 13:00:00,6240.6274,6244.92
11689,2023-07-14 14:00:00,6521.429,6395.77
11690,2023-07-14 15:00:00,7044.665,6920.72
11691,2023-07-14 16:00:00,7976.971,7787.64
11692,2023-07-14 17:00:00,9216.979,9013.6
11693,2023-07-14 18:00:00,10358.127,9916.09
11694,2023-07-14 19:00:00,10119.673,9702.4
11695,2023-07-14 20:00:00,9476.071,9432.56
11696,2023-07-14 21:00:00,9244.18,9079.22
11697,2023-07-14 22:00:00,8675.926,8640.33
11698,2023-07-14 23:00:00,8324.718,8579.55
11699,2023-07-15 00:00:00,8284.684,8327.17
11700,2023-07-15 01:00:00,7973.107,7938.53
11701,2023-07-15 02:00:00,7402.6274,7203.76
11702,2023-07-15 03:00:00,6876.6714,6945.55
11703,2023-07-15 04:00:00,6900.206,6577.78
11704,2023-07-15 05:00:00,6709.8877,6717.69
11705,2023-07-15 06:00:00,7293.801,7095.79
11706,2023-07-15 07:00:00,7821.0938,7855.02
11707,2023-07-15 08:00:00,8252.419,8283.4
11708,2023-07-15 09:00:00,7772.7964,7693.02
11709,2023-07-15 10:00:00,6824.1426,7091.4
11710,2023-07-15 11:00:00,6348.78,6407.37
11711,2023-07-15 12:00:00,5845.545,5865.9
11712,2023-07-15 13:00:00,5664.466,5793.03
11713,2023-07-15 14:00:00,5957.5176,5768.79
11714,2023-07-15 15:00:00,6219.4785,6427.62
11715,2023-07-15 16:00:00,7355.0527,7386.43
11716,2023-07-15 17:00:00,8767.575,8250.8
11717,2023-07-15 18:00:00,9321.761,9094.99
11718,2023-07-15 19:00:00,9503.708,8855.53
11719,2023-07-15 20:00:00,8629.293,8650.26
11720,2023-07-15 21:00:00,8428.822,8472.29
11721,2023-07-15 22:00:00,8165.3276,8186.48
11722,2023-07-15 23:00:00,7891.886,8008.51
11723,2023-07-16 00:00:00,7783.609,7648.48
11724,2023-07-16 01:00:00,7287.489,7402.78
11725,2023-07-16 02:00:00,6937.663,6784.22
11726,2023-07-16 03:00:00,6469.576,6473.88
11727,2023-07-16 04:00:00,6349.3325,6388.81
11728,2023-07-16 05:00:00,6510.7056,6403.53
11729,2023-07-16 06:00:00,6785.2207,6651.15
11730,2023-07-16 07:00:00,7211.3765,7256.69
11731,2023-07-16 08:00:00,7670.0474,7698.91
11732,2023-07-16 09:00:00,7391.328,7827.8
11733,2023-07-16 10:00:00,7084.7886,7642.43
11734,2023-07-16 11:00:00,6819.2227,7266.64
11735,2023-07-16 12:00:00,6572.6064,7000.19
11736,2023-07-16 13:00:00,6613.2505,7031.88
11737,2023-07-16 14:00:00,7266.3906,7059.12
11738,2023-07-16 15:00:00,7431.706,7513.02
11739,2023-07-16 16:00:00,8423.276,8173.74
11740,2023-07-16 17:00:00,9155.084,9016.09
11741,2023-07-16 18:00:00,9894.965,9807.79
11742,2023-07-16 19:00:00,9643.313,9622.89
11743,2023-07-16 20:00:00,9297.57,9181.19
11744,2023-07-16 21:00:00,8784.066,8768.62
11745,2023-07-16 22:00:00,8399.28,8299.76
11746,2023-07-16 23:00:00,7984.232,7931.97
11747,2023-07-17 00:00:00,7710.196,7734.88
11748,2023-07-17 01:00:00,7442.288,7370.07
11749,2023-07-17 02:00:00,6892.7827,6893.56
11750,2023-07-17 03:00:00,6594.212,6674.87
11751,2023-07-17 04:00:00,6605.997,6607.94
11752,2023-07-17 05:00:00,6828.5073,6917.66
11753,2023-07-17 06:00:00,7625.27,7721.98
11754,2023-07-17 07:00:00,8654.367,8959.14
11755,2023-07-17 08:00:00,9547.07,9489.51
11756,2023-07-17 09:00:00,9016.327,8957.12
11757,2023-07-17 10:00:00,7969.9336,8169.64
11758,2023-07-17 11:00:00,7404.1475,7698.27
11759,2023-07-17 12:00:00,7311.06,7272.24
11760,2023-07-17 13:00:00,7233.9355,7236.73
11761,2023-07-17 14:00:00,7571.873,7367.49
11762,2023-07-17 15:00:00,7866.5425,7615.99
11763,2023-07-17 16:00:00,8317.512,8276.99
11764,2023-07-17 17:00:00,9297.767,9369.56
11765,2023-07-17 18:00:00,10114.09,10539.94
11766,2023-07-17 19:00:00,10153.179,10271.06
11767,2023-07-17 20:00:00,9685.695,9902.13
11768,2023-07-17 21:00:00,9411.158,9347.32
11769,2023-07-17 22:00:00,8762.596,8755.45
11770,2023-07-17 23:00:00,8354.787,8452.52
11771,2023-07-18 00:00:00,8131.8174,8134.29
11772,2023-07-18 01:00:00,7832.8237,7791.97
11773,2023-07-18 02:00:00,7330.4023,7366.88
11774,2023-07-18 03:00:00,6998.0405,6923.28
11775,2023-07-18 04:00:00,6846.61,6830.6
11776,2023-07-18 05:00:00,7014.8477,6983.62
11777,2023-07-18 06:00:00,7812.2017,7775.44
11778,2023-07-18 07:00:00,9037.965,9406.25
11779,2023-07-18 08:00:00,10041.139,9723.02
11780,2023-07-18 09:00:00,9105.385,9078.22
11781,2023-07-18 10:00:00,8153.9434,8245.37
11782,2023-07-18 11:00:00,7591.328,7361.37
11783,2023-07-18 12:00:00,6927.8013,6991.69
11784,2023-07-18 13:00:00,7016.681,6725.23
11785,2023-07-18 14:00:00,6940.2656,6914.05
11786,2023-07-18 15:00:00,7393.2227,7395.3
11787,2023-07-18 16:00:00,8215.282,8154.21
11788,2023-07-18 17:00:00,9257.458,9256.0
11789,2023-07-18 18:00:00,10359.765,10307.7
11790,2023-07-18 19:00:00,10116.852,10211.78
11791,2023-07-18 20:00:00,9763.52,9856.11
11792,2023-07-18 21:00:00,9321.664,9324.1
11793,2023-07-18 22:00:00,8744.536,8734.84
11794,2023-07-18 23:00:00,8363.885,8486.93
11795,2023-07-19 00:00:00,8185.234,8170.14
11796,2023-07-19 01:00:00,7871.498,7909.67
11797,2023-07-19 02:00:00,7412.573,7527.32
11798,2023-07-19 03:00:00,7093.0776,7018.38
11799,2023-07-19 04:00:00,6877.665,6924.16
11800,2023-07-19 05:00:00,7098.793,7268.77
11801,2023-07-19 06:00:00,8091.2275,8183.66
11802,2023-07-19 07:00:00,9474.661,9833.29
11803,2023-07-19 08:00:00,10106.834,10014.37
11804,2023-07-19 09:00:00,9147.604,8917.92
11805,2023-07-19 10:00:00,7962.986,7753.22
11806,2023-07-19 11:00:00,7011.1777,6893.99
11807,2023-07-19 12:00:00,6503.239,6390.01
11808,2023-07-19 13:00:00,6244.361,6322.07
11809,2023-07-19 14:00:00,6581.7925,6434.02
11810,2023-07-19 15:00:00,6980.2256,7178.09
11811,2023-07-19 16:00:00,8111.385,8397.69
11812,2023-07-19 17:00:00,9609.874,9764.26
11813,2023-07-19 18:00:00,10597.835,11461.12
11814,2023-07-19 19:00:00,10896.383,11414.38
11815,2023-07-19 20:00:00,10901.049,11133.18
11816,2023-07-19 21:00:00,10572.581,10588.54
11817,2023-07-19 22:00:00,9921.677,9861.1
11818,2023-07-19 23:00:00,9232.723,9312.74
11819,2023-07-20 00:00:00,8806.791,8884.65
11820,2023-07-20 01:00:00,8472.052,8567.65
11821,2023-07-20 02:00:00,8072.1733,8083.98
11822,2023-07-20 03:00:00,7600.4004,7593.47
11823,2023-07-20 04:00:00,7334.765,7566.33
11824,2023-07-20 05:00:00,7806.919,7868.26
11825,2023-07-20 06:00:00,8764.168,8799.1
11826,2023-07-20 07:00:00,10171.081,10724.59
11827,2023-07-20 08:00:00,10937.558,11092.38
11828,2023-07-20 09:00:00,9908.362,9847.65
11829,2023-07-20 10:00:00,8654.576,8690.85
11830,2023-07-20 11:00:00,7671.024,7884.87
11831,2023-07-20 12:00:00,7299.8438,7031.75
11832,2023-07-20 13:00:00,6818.3633,6585.4
11833,2023-07-20 14:00:00,6765.7515,6734.97
11834,2023-07-20 15:00:00,7426.7764,7421.38
11835,2023-07-20 16:00:00,8427.741,8305.73
11836,2023-07-20 17:00:00,9802.176,9722.72
11837,2023-07-20 18:00:00,11222.959,11284.46
11838,2023-07-20 19:00:00,11390.544,11307.81
11839,2023-07-20 20:00:00,10972.72,11000.32
11840,2023-07-20 21:00:00,10509.781,10573.47
11841,2023-07-20 22:00:00,10010.751,9821.95
11842,2023-07-20 23:00:00,9305.174,9223.91
11843,2023-07-21 00:00:00,8818.427,8734.28
11844,2023-07-21 01:00:00,8438.16,8362.66
11845,2023-07-21 02:00:00,7927.206,7781.78
11846,2023-07-21 03:00:00,7394.797,7380.71
11847,2023-07-21 04:00:00,7214.7524,7099.63
11848,2023-07-21 05:00:00,7416.8643,7415.97
11849,2023-07-21 06:00:00,8296.867,8336.12
11850,2023-07-21 07:00:00,9714.456,9813.7
11851,2023-07-21 08:00:00,10221.666,10707.88
11852,2023-07-21 09:00:00,9940.454,9956.65
11853,2023-07-21 10:00:00,8812.363,9425.73
11854,2023-07-21 11:00:00,8436.468,8375.2
11855,2023-07-21 12:00:00,7481.0737,7662.32
11856,2023-07-21 13:00:00,7189.1436,7584.59
11857,2023-07-21 14:00:00,7845.739,7547.21
11858,2023-07-21 15:00:00,7997.075,7784.15
11859,2023-07-21 16:00:00,8595.193,8721.46
11860,2023-07-21 17:00:00,10117.111,9805.71
11861,2023-07-21 18:00:00,11113.438,11027.71
11862,2023-07-21 19:00:00,10963.112,10735.89
11863,2023-07-21 20:00:00,10374.432,10397.22
11864,2023-07-21 21:00:00,9921.209,9991.12
11865,2023-07-21 22:00:00,9423.575,9522.03
11866,2023-07-21 23:00:00,9075.112,9246.42
11867,2023-07-22 00:00:00,8855.534,8859.38
11868,2023-07-22 01:00:00,8458.81,8361.27
11869,2023-07-22 02:00:00,7807.056,7752.99
11870,2023-07-22 03:00:00,7304.132,7381.43
11871,2023-07-22 04:00:00,7159.9814,7207.73
11872,2023-07-22 05:00:00,7416.6562,7218.15
11873,2023-07-22 06:00:00,7752.0405,7636.15
11874,2023-07-22 07:00:00,8447.55,8611.75
11875,2023-07-22 08:00:00,9229.661,9069.0
11876,2023-07-22 09:00:00,8540.322,8578.0
11877,2023-07-22 10:00:00,7757.2817,7470.48
11878,2023-07-22 11:00:00,6765.268,6540.66
11879,2023-07-22 12:00:00,6088.891,5992.05
11880,2023-07-22 13:00:00,5825.346,5915.8
11881,2023-07-22 14:00:00,6055.871,6373.83
11882,2023-07-22 15:00:00,7016.4873,6966.53
11883,2023-07-22 16:00:00,7924.5225,8041.61
11884,2023-07-22 17:00:00,9267.015,9427.91
11885,2023-07-22 18:00:00,10242.242,10446.57
11886,2023-07-22 19:00:00,10079.734,10327.53
11887,2023-07-22 20:00:00,9951.484,9973.34
11888,2023-07-22 21:00:00,9541.656,9713.24
11889,2023-07-22 22:00:00,9158.525,9272.02
11890,2023-07-22 23:00:00,8837.371,8997.87
11891,2023-07-23 00:00:00,8538.706,8544.04
11892,2023-07-23 01:00:00,8090.7886,8048.76
11893,2023-07-23 02:00:00,7455.3613,7580.23
11894,2023-07-23 03:00:00,7198.0684,7214.44
11895,2023-07-23 04:00:00,7073.8374,7031.93
11896,2023-07-23 05:00:00,7152.52,7047.06
11897,2023-07-23 06:00:00,7485.641,7390.89
11898,2023-07-23 07:00:00,8176.885,8250.75
11899,2023-07-23 08:00:00,8805.071,8731.24
11900,2023-07-23 09:00:00,8396.531,8482.66
11901,2023-07-23 10:00:00,7654.9814,7643.97
11902,2023-07-23 11:00:00,6939.4595,6630.9
11903,2023-07-23 12:00:00,6038.18,6265.05
11904,2023-07-23 13:00:00,6102.449,6182.63
11905,2023-07-23 14:00:00,6563.9937,6415.61
11906,2023-07-23 15:00:00,7083.2163,7038.84
11907,2023-07-23 16:00:00,8026.962,8013.37
11908,2023-07-23 17:00:00,9304.572,9449.4
11909,2023-07-23 18:00:00,10582.355,10626.45
11910,2023-07-23 19:00:00,10297.065,10495.19
11911,2023-07-23 20:00:00,10073.844,10046.1
11912,2023-07-23 21:00:00,9673.311,9598.92
11913,2023-07-23 22:00:00,9098.659,8950.63
11914,2023-07-23 23:00:00,8532.94,8522.31
11915,2023-07-24 00:00:00,8181.4663,8065.21
11916,2023-07-24 01:00:00,7725.121,7709.73
11917,2023-07-24 02:00:00,7272.9473,7276.51
11918,2023-07-24 03:00:00,6947.2456,6964.57
11919,2023-07-24 04:00:00,6881.496,6995.52
11920,2023-07-24 05:00:00,7194.7207,7147.71
11921,2023-07-24 06:00:00,7942.8477,8179.16
11922,2023-07-24 07:00:00,9321.754,9824.62
11923,2023-07-24 08:00:00,10413.929,10389.39
11924,2023-07-24 09:00:00,9570.185,9370.13
11925,2023-07-24 10:00:00,8174.516,8469.98
11926,2023-07-24 11:00:00,7593.8887,7604.74
11927,2023-07-24 12:00:00,7091.541,7749.53
11928,2023-07-24 13:00:00,7864.4434,7689.31
11929,2023-07-24 14:00:00,7936.047,7562.1
11930,2023-07-24 15:00:00,8034.2124,7663.04
11931,2023-07-24 16:00:00,8402.212,8465.09
11932,2023-07-24 17:00:00,9788.733,9904.16
11933,2023-07-24 18:00:00,11062.563,11336.31
11934,2023-07-24 19:00:00,11003.482,11082.88
11935,2023-07-24 20:00:00,10718.424,10573.23
11936,2023-07-24 21:00:00,10062.261,10153.72
11937,2023-07-24 22:00:00,9615.066,9478.18
11938,2023-07-24 23:00:00,9025.365,9019.36
11939,2023-07-25 00:00:00,8612.27,8577.86
11940,2023-07-25 01:00:00,8184.564,8382.7
11941,2023-07-25 02:00:00,7913.839,7793.71
11942,2023-07-25 03:00:00,7363.692,7432.7
11943,2023-07-25 04:00:00,7329.45,7308.35
11944,2023-07-25 05:00:00,7556.1167,7573.32
11945,2023-07-25 06:00:00,8519.438,8538.44
11946,2023-07-25 07:00:00,10134.954,10282.41
11947,2023-07-25 08:00:00,11024.041,10573.37
11948,2023-07-25 09:00:00,9639.423,9333.83
11949,2023-07-25 10:00:00,8297.993,8150.16
11950,2023-07-25 11:00:00,7276.8657,7209.19
11951,2023-07-25 12:00:00,6798.4985,6760.01
11952,2023-07-25 13:00:00,6601.8174,6553.53
11953,2023-07-25 14:00:00,6781.8486,6721.18
11954,2023-07-25 15:00:00,7322.888,7218.49
11955,2023-07-25 16:00:00,8199.729,8302.6
11956,2023-07-25 17:00:00,9748.578,9586.93
11957,2023-07-25 18:00:00,10807.19,10989.59
11958,2023-07-25 19:00:00,10755.902,10871.47
11959,2023-07-25 20:00:00,10434.357,10538.92
11960,2023-07-25 21:00:00,10007.793,10003.4
11961,2023-07-25 22:00:00,9383.769,9406.5
11962,2023-07-25 23:00:00,8923.079,8979.39
11963,2023-07-26 00:00:00,8544.358,8557.73
11964,2023-07-26 01:00:00,8205.634,8359.56
11965,2023-07-26 02:00:00,7885.005,7782.63
11966,2023-07-26 03:00:00,7366.4756,7253.29
11967,2023-07-26 04:00:00,7119.0625,7181.83
11968,2023-07-26 05:00:00,7515.589,7488.39
11969,2023-07-26 06:00:00,8466.067,8439.19
11970,2023-07-26 07:00:00,10070.1045,10003.41
11971,2023-07-26 08:00:00,10417.555,10364.13
11972,2023-07-26 09:00:00,9224.592,9033.32
11973,2023-07-26 10:00:00,7826.3154,7890.68
11974,2023-07-26 11:00:00,6965.7983,6900.03
11975,2023-07-26 12:00:00,6408.68,6443.43
11976,2023-07-26 13:00:00,6298.9062,6265.67
11977,2023-07-26 14:00:00,6530.7812,6418.44
11978,2023-07-26 15:00:00,7068.346,7043.5
11979,2023-07-26 16:00:00,8171.9746,7899.7
11980,2023-07-26 17:00:00,9437.521,9280.41
11981,2023-07-26 18:00:00,10747.385,10421.28
11982,2023-07-26 19:00:00,10293.714,10619.84
11983,2023-07-26 20:00:00,10228.374,10310.92
11984,2023-07-26 21:00:00,9840.26,9911.05
11985,2023-07-26 22:00:00,9313.889,9222.35
11986,2023-07-26 23:00:00,8695.245,8884.68
11987,2023-07-27 00:00:00,8438.835,8504.69
11988,2023-07-27 01:00:00,8175.0527,8252.78
11989,2023-07-27 02:00:00,7748.9126,7712.03
11990,2023-07-27 03:00:00,7243.668,7278.36
11991,2023-07-27 04:00:00,7107.036,7196.77
11992,2023-07-27 05:00:00,7483.3154,7401.56
11993,2023-07-27 06:00:00,8261.582,8412.35
11994,2023-07-27 07:00:00,9866.021,10175.04
11995,2023-07-27 08:00:00,10540.196,10312.1
11996,2023-07-27 09:00:00,9167.315,9059.72
11997,2023-07-27 10:00:00,7889.4033,7837.32
11998,2023-07-27 11:00:00,6896.471,6693.55
11999,2023-07-27 12:00:00,6190.1367,6290.53
12000,2023-07-27 13:00:00,6179.6465,6149.28
12001,2023-07-27 14:00:00,6479.448,6211.91
12002,2023-07-27 15:00:00,6811.766,6797.91
12003,2023-07-27 16:00:00,7788.463,7885.83
12004,2023-07-27 17:00:00,9285.233,9220.87
12005,2023-07-27 18:00:00,10444.205,10345.25
12006,2023-07-27 19:00:00,10311.649,10317.69
12007,2023-07-27 20:00:00,9992.78,10082.63
12008,2023-07-27 21:00:00,9649.275,9700.22
12009,2023-07-27 22:00:00,9155.718,9148.79
12010,2023-07-27 23:00:00,8691.006,8715.0
12011,2023-07-28 00:00:00,8402.401,8434.13
12012,2023-07-28 01:00:00,8118.91,8071.94
12013,2023-07-28 02:00:00,7559.123,7431.86
12014,2023-07-28 03:00:00,7100.6987,7081.68
12015,2023-07-28 04:00:00,6984.2964,6940.79
12016,2023-07-28 05:00:00,7179.502,7080.8
12017,2023-07-28 06:00:00,7870.5986,7968.97
12018,2023-07-28 07:00:00,9274.855,9457.98
12019,2023-07-28 08:00:00,10094.992,9742.41
12020,2023-07-28 09:00:00,8713.97,9130.71
12021,2023-07-28 10:00:00,7908.8745,8281.1
12022,2023-07-28 11:00:00,7248.5864,7265.11
12023,2023-07-28 12:00:00,6701.4126,6742.09
12024,2023-07-28 13:00:00,6476.2964,6809.96
12025,2023-07-28 14:00:00,7016.942,7064.56
12026,2023-07-28 15:00:00,7619.098,7379.37
12027,2023-07-28 16:00:00,8266.166,8247.02
12028,2023-07-28 17:00:00,9486.899,9062.22
12029,2023-07-28 18:00:00,10245.377,9788.25
12030,2023-07-28 19:00:00,9847.575,9483.66
12031,2023-07-28 20:00:00,9184.775,9174.08
12032,2023-07-28 21:00:00,8900.107,8913.65
12033,2023-07-28 22:00:00,8560.237,8413.8
12034,2023-07-28 23:00:00,8195.532,8273.65
12035,2023-07-29 00:00:00,8003.905,8098.9
12036,2023-07-29 01:00:00,7770.0376,7800.96
12037,2023-07-29 02:00:00,7306.752,7108.94
12038,2023-07-29 03:00:00,6800.754,6781.64
12039,2023-07-29 04:00:00,6663.842,6548.09
12040,2023-07-29 05:00:00,6660.804,6572.68
12041,2023-07-29 06:00:00,7031.44,6931.1
12042,2023-07-29 07:00:00,7628.8687,7598.67
12043,2023-07-29 08:00:00,7992.313,7752.89
12044,2023-07-29 09:00:00,7496.6787,7427.38
12045,2023-07-29 10:00:00,6908.5757,6556.64
12046,2023-07-29 11:00:00,5896.181,5925.22
12047,2023-07-29 12:00:00,5555.763,6032.14
12048,2023-07-29 13:00:00,5893.6157,5706.34
12049,2023-07-29 14:00:00,5784.3267,6129.93
12050,2023-07-29 15:00:00,6709.0225,6522.55
12051,2023-07-29 16:00:00,7399.348,7256.32
12052,2023-07-29 17:00:00,8247.536,8156.33
12053,2023-07-29 18:00:00,8844.045,8839.28
12054,2023-07-29 19:00:00,8657.862,8640.61
12055,2023-07-29 20:00:00,8438.503,8330.8
12056,2023-07-29 21:00:00,8131.2305,8262.83
12057,2023-07-29 22:00:00,7992.541,7958.63
12058,2023-07-29 23:00:00,7763.2363,7873.72
12059,2023-07-30 00:00:00,7671.484,7535.73
12060,2023-07-30 01:00:00,7216.4287,7214.08
12061,2023-07-30 02:00:00,6715.2188,6656.93
12062,2023-07-30 03:00:00,6392.2114,6366.28
12063,2023-07-30 04:00:00,6327.4487,6264.0
12064,2023-07-30 05:00:00,6437.0405,6251.03
12065,2023-07-30 06:00:00,6706.9404,6606.79
12066,2023-07-30 07:00:00,7297.8086,7134.08
12067,2023-07-30 08:00:00,7574.0786,7285.0
12068,2023-07-30 09:00:00,7130.6436,6844.83
12069,2023-07-30 10:00:00,6336.388,6181.37
12070,2023-07-30 11:00:00,5777.5537,5340.7
12071,2023-07-30 12:00:00,5134.2676,5004.89
12072,2023-07-30 13:00:00,4927.1333,4890.02
12073,2023-07-30 14:00:00,5107.102,5188.73
12074,2023-07-30 15:00:00,5740.6025,5954.07
12075,2023-07-30 16:00:00,6742.2,6846.56
12076,2023-07-30 17:00:00,7891.0396,7918.25
12077,2023-07-30 18:00:00,8690.184,8712.3
12078,2023-07-30 19:00:00,8457.174,8619.45
12079,2023-07-30 20:00:00,8343.31,8260.75
12080,2023-07-30 21:00:00,8051.64,8031.3
12081,2023-07-30 22:00:00,7719.58,7636.39
12082,2023-07-30 23:00:00,7379.554,7487.41
12083,2023-07-31 00:00:00,7239.233,7190.84
12084,2023-07-31 01:00:00,6930.0107,6963.03
12085,2023-07-31 02:00:00,6560.529,6509.98
12086,2023-07-31 03:00:00,6208.2256,6275.93
12087,2023-07-31 04:00:00,6214.534,6178.11
12088,2023-07-31 05:00:00,6330.1724,6461.98
12089,2023-07-31 06:00:00,7153.346,7360.08
12090,2023-07-31 07:00:00,8256.129,8785.7
12091,2023-07-31 08:00:00,9238.434,8754.21
12092,2023-07-31 09:00:00,7907.504,7598.54
12093,2023-07-31 10:00:00,6712.7993,6792.26
12094,2023-07-31 11:00:00,6143.8354,6030.78
12095,2023-07-31 12:00:00,5646.8735,5634.32
12096,2023-07-31 13:00:00,5533.665,5662.03
12097,2023-07-31 14:00:00,5933.5625,5955.5
12098,2023-07-31 15:00:00,6476.119,6519.7
12099,2023-07-31 16:00:00,7325.1255,7457.75
12100,2023-07-31 17:00:00,8567.742,8622.46
12101,2023-07-31 18:00:00,9533.126,9694.63
12102,2023-07-31 19:00:00,9310.559,9588.5
12103,2023-07-31 20:00:00,9117.789,9198.86
12104,2023-07-31 21:00:00,8774.141,8770.04
12105,2023-07-31 22:00:00,8251.474,8253.59
12106,2023-07-31 23:00:00,7934.8564,8111.24
12107,2023-08-01 00:00:00,7778.2925,7890.08
12108,2023-08-01 01:00:00,7583.4507,7610.05
12109,2023-08-01 02:00:00,7090.094,7154.68
12110,2023-08-01 03:00:00,6756.4736,6800.28
12111,2023-08-01 04:00:00,6718.4795,6664.34
12112,2023-08-01 05:00:00,6851.6177,6928.35
12113,2023-08-01 06:00:00,7826.5244,7858.79
12114,2023-08-01 07:00:00,9330.575,9353.61
12115,2023-08-01 08:00:00,9550.571,9296.65
12116,2023-08-01 09:00:00,8153.8813,8060.3
12117,2023-08-01 10:00:00,7007.085,6943.3
12118,2023-08-01 11:00:00,6173.0273,6235.04
12119,2023-08-01 12:00:00,5776.216,5739.57
12120,2023-08-01 13:00:00,5651.527,5788.86
12121,2023-08-01 14:00:00,6085.4883,6090.44
12122,2023-08-01 15:00:00,6670.29,6686.86
12123,2023-08-01 16:00:00,7614.5713,7665.98
12124,2023-08-01 17:00:00,8956.669,8941.08
12125,2023-08-01 18:00:00,9946.457,10009.51
12126,2023-08-01 19:00:00,9734.925,9937.65
12127,2023-08-01 20:00:00,9461.589,9635.4
12128,2023-08-01 21:00:00,9093.836,9281.02
12129,2023-08-01 22:00:00,8748.015,8778.97
12130,2023-08-01 23:00:00,8384.249,8389.56
12131,2023-08-02 00:00:00,8115.235,8181.6
12132,2023-08-02 01:00:00,7907.632,7964.15
12133,2023-08-02 02:00:00,7485.8994,7452.2
12134,2023-08-02 03:00:00,7066.4507,6993.26
12135,2023-08-02 04:00:00,6848.719,6863.49
12136,2023-08-02 05:00:00,7096.939,7027.74
12137,2023-08-02 06:00:00,7922.927,8035.61
12138,2023-08-02 07:00:00,9508.317,9350.91
12139,2023-08-02 08:00:00,9364.617,9548.46
12140,2023-08-02 09:00:00,8123.415,8555.85
12141,2023-08-02 10:00:00,7315.547,7870.54
12142,2023-08-02 11:00:00,6814.213,7585.32
12143,2023-08-02 12:00:00,6979.8457,7433.93
12144,2023-08-02 13:00:00,7412.034,7187.81
12145,2023-08-02 14:00:00,7349.793,7243.43
12146,2023-08-02 15:00:00,7667.898,7431.39
12147,2023-08-02 16:00:00,8240.273,8005.41
12148,2023-08-02 17:00:00,9152.657,9087.4
12149,2023-08-02 18:00:00,10177.634,10315.32
12150,2023-08-02 19:00:00,10106.075,10321.26
12151,2023-08-02 20:00:00,9907.514,9842.75
12152,2023-08-02 21:00:00,9362.926,9353.39
12153,2023-08-02 22:00:00,8883.901,8864.48
12154,2023-08-02 23:00:00,8430.741,8496.01
12155,2023-08-03 00:00:00,8233.224,8167.12
12156,2023-08-03 01:00:00,7934.503,8003.93
12157,2023-08-03 02:00:00,7537.5576,7491.1
12158,2023-08-03 03:00:00,7096.2324,7009.21
12159,2023-08-03 04:00:00,6867.3633,6891.95
12160,2023-08-03 05:00:00,7109.8027,7137.5
12161,2023-08-03 06:00:00,8008.5996,8104.12
12162,2023-08-03 07:00:00,9443.133,9473.62
12163,2023-08-03 08:00:00,9607.249,9493.27
12164,2023-08-03 09:00:00,8305.831,8387.4
12165,2023-08-03 10:00:00,7419.735,7233.68
12166,2023-08-03 11:00:00,6400.3394,6430.64
12167,2023-08-03 12:00:00,5971.346,5899.63
12168,2023-08-03 13:00:00,5769.7407,5778.86
12169,2023-08-03 14:00:00,5944.319,6111.94
12170,2023-08-03 15:00:00,6682.9424,6656.13
12171,2023-08-03 16:00:00,7522.2437,7574.39
12172,2023-08-03 17:00:00,8828.81,8860.75
12173,2023-08-03 18:00:00,9934.544,9876.72
12174,2023-08-03 19:00:00,9741.341,9844.94
12175,2023-08-03 20:00:00,9488.232,9604.98
12176,2023-08-03 21:00:00,9126.649,9214.62
12177,2023-08-03 22:00:00,8723.004,8654.45
12178,2023-08-03 23:00:00,8275.541,8426.2
12179,2023-08-04 00:00:00,8109.063,8125.86
12180,2023-08-04 01:00:00,7838.518,7799.09
12181,2023-08-04 02:00:00,7338.156,7312.53
12182,2023-08-04 03:00:00,6888.9336,6941.36
12183,2023-08-04 04:00:00,6809.864,6868.7
12184,2023-08-04 05:00:00,7110.9814,7106.37
12185,2023-08-04 06:00:00,7929.39,7868.71
12186,2023-08-04 07:00:00,9024.422,9302.94
12187,2023-08-04 08:00:00,9336.937,9271.7
12188,2023-08-04 09:00:00,8083.056,8091.99
12189,2023-08-04 10:00:00,6981.886,7032.61
12190,2023-08-04 11:00:00,6185.906,6305.83
12191,2023-08-04 12:00:00,5854.0864,5814.1
12192,2023-08-04 13:00:00,5707.6777,5712.42
12193,2023-08-04 14:00:00,5964.37,5897.43
12194,2023-08-04 15:00:00,6446.274,6636.17
12195,2023-08-04 16:00:00,7547.669,7456.51
12196,2023-08-04 17:00:00,8604.789,8501.89
12197,2023-08-04 18:00:00,9574.887,9368.64
12198,2023-08-04 19:00:00,9350.961,9218.74
12199,2023-08-04 20:00:00,8935.758,8814.11
12200,2023-08-04 21:00:00,8533.465,8651.32
12201,2023-08-04 22:00:00,8287.415,8286.57
12202,2023-08-04 23:00:00,8100.629,8061.81
12203,2023-08-05 00:00:00,7878.982,7977.58
12204,2023-08-05 01:00:00,7639.424,7619.17
12205,2023-08-05 02:00:00,7134.6177,7050.76
12206,2023-08-05 03:00:00,6687.717,6631.25
12207,2023-08-05 04:00:00,6517.3633,6494.58
12208,2023-08-05 05:00:00,6623.5137,6547.84
12209,2023-08-05 06:00:00,6998.9526,6913.84
12210,2023-08-05 07:00:00,7490.7583,7399.68
12211,2023-08-05 08:00:00,7570.853,7885.34
12212,2023-08-05 09:00:00,7642.804,8063.93
12213,2023-08-05 10:00:00,7431.848,7804.74
12214,2023-08-05 11:00:00,7208.1006,7140.89
12215,2023-08-05 12:00:00,6852.2485,7129.41
12216,2023-08-05 13:00:00,7060.281,7140.07
12217,2023-08-05 14:00:00,7275.8325,7208.02
12218,2023-08-05 15:00:00,7556.5605,7544.5
12219,2023-08-05 16:00:00,8141.274,7964.85
12220,2023-08-05 17:00:00,8934.769,8780.74
12221,2023-08-05 18:00:00,9624.319,9472.68
12222,2023-08-05 19:00:00,9297.024,9192.03
12223,2023-08-05 20:00:00,8870.654,8896.48
12224,2023-08-05 21:00:00,8594.846,8675.65
12225,2023-08-05 22:00:00,8284.497,8240.25
12226,2023-08-05 23:00:00,8026.96,7968.64
12227,2023-08-06 00:00:00,7752.514,7655.63
12228,2023-08-06 01:00:00,7343.6836,7299.16
12229,2023-08-06 02:00:00,6818.716,6848.95
12230,2023-08-06 03:00:00,6521.764,6442.64
12231,2023-08-06 04:00:00,6389.8164,6292.63
12232,2023-08-06 05:00:00,6373.7285,6355.47
12233,2023-08-06 06:00:00,6747.3994,6755.78
12234,2023-08-06 07:00:00,7354.109,7135.37
12235,2023-08-06 08:00:00,7487.014,7597.31
12236,2023-08-06 09:00:00,7589.3936,7570.81
12237,2023-08-06 10:00:00,7105.1636,7651.73
12238,2023-08-06 11:00:00,7078.216,7396.39
12239,2023-08-06 12:00:00,7138.4604,7122.02
12240,2023-08-06 13:00:00,7030.669,6943.69
12241,2023-08-06 14:00:00,7035.142,6926.46
12242,2023-08-06 15:00:00,7238.3555,7327.33
12243,2023-08-06 16:00:00,7896.522,7826.39
12244,2023-08-06 17:00:00,8714.898,8931.1
12245,2023-08-06 18:00:00,9774.554,9974.52
12246,2023-08-06 19:00:00,9642.403,9777.93
12247,2023-08-06 20:00:00,9285.496,9407.62
12248,2023-08-06 21:00:00,8942.776,8995.56
12249,2023-08-06 22:00:00,8497.697,8455.55
12250,2023-08-06 23:00:00,8148.5967,8022.22
12251,2023-08-07 00:00:00,7790.456,7695.18
12252,2023-08-07 01:00:00,7381.114,7355.03
12253,2023-08-07 02:00:00,6934.2246,7020.0
12254,2023-08-07 03:00:00,6670.035,6706.17
12255,2023-08-07 04:00:00,6584.6313,6693.12
12256,2023-08-07 05:00:00,6846.989,6958.83
12257,2023-08-07 06:00:00,7624.2046,7624.94
12258,2023-08-07 07:00:00,8662.079,9260.97
12259,2023-08-07 08:00:00,9411.983,9422.8
12260,2023-08-07 09:00:00,8313.067,8681.13
12261,2023-08-07 10:00:00,7569.219,7998.32
12262,2023-08-07 11:00:00,7278.027,7442.38
12263,2023-08-07 12:00:00,7106.027,7604.64
12264,2023-08-07 13:00:00,7541.207,7698.6
12265,2023-08-07 14:00:00,7900.753,7805.38
12266,2023-08-07 15:00:00,8097.5005,7828.87
12267,2023-08-07 16:00:00,8432.548,8716.9
12268,2023-08-07 17:00:00,9868.195,9701.65
12269,2023-08-07 18:00:00,10429.284,10957.93
12270,2023-08-07 19:00:00,10461.847,10724.41
12271,2023-08-07 20:00:00,10195.966,10207.52
12272,2023-08-07 21:00:00,9728.954,9713.03
12273,2023-08-07 22:00:00,9163.204,9184.31
12274,2023-08-07 23:00:00,8766.95,8732.35
12275,2023-08-08 00:00:00,8448.773,8247.82
12276,2023-08-08 01:00:00,7947.666,7955.19
12277,2023-08-08 02:00:00,7587.6206,7477.2
12278,2023-08-08 03:00:00,7151.7495,7121.58
12279,2023-08-08 04:00:00,7023.824,6900.57
12280,2023-08-08 05:00:00,7056.78,7162.29
12281,2023-08-08 06:00:00,7989.1177,8132.76
12282,2023-08-08 07:00:00,9680.398,9445.29
12283,2023-08-08 08:00:00,9562.137,9596.05
12284,2023-08-08 09:00:00,8560.112,8603.06
12285,2023-08-08 10:00:00,7736.2725,7692.91
12286,2023-08-08 11:00:00,7050.982,7033.96
12287,2023-08-08 12:00:00,6775.9688,6489.27
12288,2023-08-08 13:00:00,6378.397,6427.97
12289,2023-08-08 14:00:00,6661.002,6637.16
12290,2023-08-08 15:00:00,7185.541,7218.5
12291,2023-08-08 16:00:00,8036.1987,7861.62
12292,2023-08-08 17:00:00,8986.959,9099.44
12293,2023-08-08 18:00:00,10212.02,10477.72
12294,2023-08-08 19:00:00,10210.395,10385.76
12295,2023-08-08 20:00:00,9973.598,10148.21
12296,2023-08-08 21:00:00,9661.818,9662.11
12297,2023-08-08 22:00:00,9119.336,9004.44
12298,2023-08-08 23:00:00,8577.31,8623.12
12299,2023-08-09 00:00:00,8338.617,8300.27
12300,2023-08-09 01:00:00,8039.9,7902.19
12301,2023-08-09 02:00:00,7525.7974,7474.81
12302,2023-08-09 03:00:00,7131.517,7077.76
12303,2023-08-09 04:00:00,6900.79,6870.01
12304,2023-08-09 05:00:00,7147.7505,7227.35
12305,2023-08-09 06:00:00,8131.73,8097.79
12306,2023-08-09 07:00:00,9432.615,9567.18
12307,2023-08-09 08:00:00,9625.129,9390.98
12308,2023-08-09 09:00:00,8317.974,8100.35
12309,2023-08-09 10:00:00,7108.1226,6911.92
12310,2023-08-09 11:00:00,6216.011,6220.07
12311,2023-08-09 12:00:00,5901.8164,5732.13
12312,2023-08-09 13:00:00,5713.681,5688.99
12313,2023-08-09 14:00:00,6023.107,5829.64
12314,2023-08-09 15:00:00,6433.7324,6387.29
12315,2023-08-09 16:00:00,7320.982,7412.24
12316,2023-08-09 17:00:00,8713.077,8619.18
12317,2023-08-09 18:00:00,9745.979,10002.74
12318,2023-08-09 19:00:00,9852.02,9973.51
12319,2023-08-09 20:00:00,9588.329,9693.57
12320,2023-08-09 21:00:00,9206.631,9317.67
12321,2023-08-09 22:00:00,8816.53,8720.73
12322,2023-08-09 23:00:00,8345.972,8374.99
12323,2023-08-10 00:00:00,8116.545,8075.88
12324,2023-08-10 01:00:00,7826.4443,7794.61
12325,2023-08-10 02:00:00,7360.5083,7268.37
12326,2023-08-10 03:00:00,6904.9663,6919.41
12327,2023-08-10 04:00:00,6802.618,6677.02
12328,2023-08-10 05:00:00,7042.85,7041.9
12329,2023-08-10 06:00:00,7964.638,7831.82
12330,2023-08-10 07:00:00,9218.711,9191.63
12331,2023-08-10 08:00:00,9179.407,9087.86
12332,2023-08-10 09:00:00,7944.916,7955.19
12333,2023-08-10 10:00:00,6882.8374,6949.91
12334,2023-08-10 11:00:00,6198.706,6366.04
12335,2023-08-10 12:00:00,5947.4517,6286.04
12336,2023-08-10 13:00:00,6252.8438,6097.87
12337,2023-08-10 14:00:00,6329.299,6411.8
12338,2023-08-10 15:00:00,6947.7524,6622.89
12339,2023-08-10 16:00:00,7493.3477,7399.05
12340,2023-08-10 17:00:00,8654.275,8634.25
12341,2023-08-10 18:00:00,9856.133,9779.46
12342,2023-08-10 19:00:00,9608.37,9881.6
12343,2023-08-10 20:00:00,9531.105,9610.27
12344,2023-08-10 21:00:00,9170.244,9328.04
12345,2023-08-10 22:00:00,8798.648,8776.31
12346,2023-08-10 23:00:00,8380.246,8329.08
12347,2023-08-11 00:00:00,8064.95,8070.01
12348,2023-08-11 01:00:00,7801.1055,7884.76
12349,2023-08-11 02:00:00,7426.9316,7403.12
12350,2023-08-11 03:00:00,7024.2314,7054.54
12351,2023-08-11 04:00:00,6883.838,6915.99
12352,2023-08-11 05:00:00,7171.86,7126.31
12353,2023-08-11 06:00:00,7880.312,8071.5
12354,2023-08-11 07:00:00,9274.713,9495.02
12355,2023-08-11 08:00:00,9411.113,9321.6
12356,2023-08-11 09:00:00,8101.417,8244.05
12357,2023-08-11 10:00:00,7195.2393,7081.97
12358,2023-08-11 11:00:00,6384.0327,6347.37
12359,2023-08-11 12:00:00,6064.5093,5747.12
12360,2023-08-11 13:00:00,5698.877,5696.42
12361,2023-08-11 14:00:00,5933.719,5937.68
12362,2023-08-11 15:00:00,6486.595,6515.01
12363,2023-08-11 16:00:00,7366.824,7450.47
12364,2023-08-11 17:00:00,8565.038,8675.38
12365,2023-08-11 18:00:00,9715.095,9865.13
12366,2023-08-11 19:00:00,9700.906,9835.37
12367,2023-08-11 20:00:00,9453.556,9480.41
12368,2023-08-11 21:00:00,9117.131,9260.64
12369,2023-08-11 22:00:00,8717.928,8826.5
12370,2023-08-11 23:00:00,8335.19,8519.12
12371,2023-08-12 00:00:00,8176.49,8316.1
12372,2023-08-12 01:00:00,8012.5674,7888.71
12373,2023-08-12 02:00:00,7417.658,7344.04
12374,2023-08-12 03:00:00,6970.359,6944.86
12375,2023-08-12 04:00:00,6835.114,6707.82
12376,2023-08-12 05:00:00,6879.8296,6843.79
12377,2023-08-12 06:00:00,7380.635,7305.26
12378,2023-08-12 07:00:00,7906.9907,7997.78
12379,2023-08-12 08:00:00,8327.916,8162.43
12380,2023-08-12 09:00:00,7886.2876,7514.89
12381,2023-08-12 10:00:00,6796.6294,6547.5
12382,2023-08-12 11:00:00,5961.9224,5838.25
12383,2023-08-12 12:00:00,5628.93,5524.12
12384,2023-08-12 13:00:00,5479.087,5641.44
12385,2023-08-12 14:00:00,5916.428,6204.84
12386,2023-08-12 15:00:00,6667.698,6667.26
12387,2023-08-12 16:00:00,7402.3594,7694.39
12388,2023-08-12 17:00:00,8716.707,8703.06
12389,2023-08-12 18:00:00,9557.06,9386.74
12390,2023-08-12 19:00:00,9101.427,9034.59
12391,2023-08-12 20:00:00,8734.591,8669.45
12392,2023-08-12 21:00:00,8425.993,8628.55
12393,2023-08-12 22:00:00,8177.748,8330.22
12394,2023-08-12 23:00:00,8073.075,8087.61
12395,2023-08-13 00:00:00,7832.3413,7760.77
12396,2023-08-13 01:00:00,7402.573,7334.6
12397,2023-08-13 02:00:00,6905.561,6801.45
12398,2023-08-13 03:00:00,6477.177,6500.27
12399,2023-08-13 04:00:00,6433.22,6381.74
12400,2023-08-13 05:00:00,6545.127,6417.88
12401,2023-08-13 06:00:00,6816.0938,6707.88
12402,2023-08-13 07:00:00,7146.015,7204.83
12403,2023-08-13 08:00:00,7439.7515,7574.18
12404,2023-08-13 09:00:00,7386.857,7634.91
12405,2023-08-13 10:00:00,7167.139,7343.21
12406,2023-08-13 11:00:00,6731.141,6315.41
12407,2023-08-13 12:00:00,5753.59,6603.63
12408,2023-08-13 13:00:00,6637.2075,6682.36
12409,2023-08-13 14:00:00,6849.6636,7312.38
12410,2023-08-13 15:00:00,7816.0938,7837.29
12411,2023-08-13 16:00:00,8528.681,8403.04
12412,2023-08-13 17:00:00,9371.328,9268.24
12413,2023-08-13 18:00:00,9968.182,9934.79
12414,2023-08-13 19:00:00,9492.288,9750.68
12415,2023-08-13 20:00:00,9353.683,9267.06
12416,2023-08-13 21:00:00,8822.501,8952.59
12417,2023-08-13 22:00:00,8446.061,8273.95
12418,2023-08-13 23:00:00,7991.578,7955.01
12419,2023-08-14 00:00:00,7709.1074,7622.71
12420,2023-08-14 01:00:00,7294.8145,7269.0
12421,2023-08-14 02:00:00,6880.4863,6891.12
12422,2023-08-14 03:00:00,6590.915,6654.69
12423,2023-08-14 04:00:00,6648.0205,6532.86
12424,2023-08-14 05:00:00,6825.7246,6684.72
12425,2023-08-14 06:00:00,7350.494,7449.85
12426,2023-08-14 07:00:00,8667.124,8858.24
12427,2023-08-14 08:00:00,9070.351,9224.04
12428,2023-08-14 09:00:00,8274.079,8971.63
12429,2023-08-14 10:00:00,8018.4106,8379.57
12430,2023-08-14 11:00:00,7622.9595,7971.1
12431,2023-08-14 12:00:00,7752.59,8032.65
12432,2023-08-14 13:00:00,8065.872,8458.41
12433,2023-08-14 14:00:00,8680.236,8831.85
12434,2023-08-14 15:00:00,9139.51,8936.78
12435,2023-08-14 16:00:00,9419.845,9467.35
12436,2023-08-14 17:00:00,10362.668,10267.85
12437,2023-08-14 18:00:00,11182.911,11209.27
12438,2023-08-14 19:00:00,10755.053,10779.91
12439,2023-08-14 20:00:00,10206.701,10171.96
12440,2023-08-14 21:00:00,9741.85,9678.97
12441,2023-08-14 22:00:00,9144.987,9008.17
12442,2023-08-14 23:00:00,8639.617,8541.98
12443,2023-08-15 00:00:00,8238.225,8216.9
12444,2023-08-15 01:00:00,7921.8945,7983.96
12445,2023-08-15 02:00:00,7523.2686,7441.05
12446,2023-08-15 03:00:00,7075.5854,7005.94
12447,2023-08-15 04:00:00,6898.7515,6914.47
12448,2023-08-15 05:00:00,7175.365,7168.64
12449,2023-08-15 06:00:00,8153.1787,8093.62
12450,2023-08-15 07:00:00,9437.727,9597.13
12451,2023-08-15 08:00:00,9495.932,9456.45
12452,2023-08-15 09:00:00,8540.996,8398.43
12453,2023-08-15 10:00:00,7646.7075,7349.37
12454,2023-08-15 11:00:00,6778.9194,6843.31
12455,2023-08-15 12:00:00,6488.9927,6953.92
12456,2023-08-15 13:00:00,7109.7695,7182.71
12457,2023-08-15 14:00:00,7578.9614,7272.72
12458,2023-08-15 15:00:00,7734.909,7585.58
12459,2023-08-15 16:00:00,8405.49,8207.62
12460,2023-08-15 17:00:00,9451.229,9411.57
12461,2023-08-15 18:00:00,10560.0,10690.51
12462,2023-08-15 19:00:00,10404.935,10671.58
12463,2023-08-15 20:00:00,10142.367,10342.91
12464,2023-08-15 21:00:00,9757.126,10011.92
12465,2023-08-15 22:00:00,9320.932,9222.14
12466,2023-08-15 23:00:00,8751.645,8723.28
12467,2023-08-16 00:00:00,8340.176,8381.09
12468,2023-08-16 01:00:00,8068.1245,8076.26
12469,2023-08-16 02:00:00,7626.7188,7582.85
12470,2023-08-16 03:00:00,7182.285,7191.15
12471,2023-08-16 04:00:00,6988.294,6977.98
12472,2023-08-16 05:00:00,7232.6763,7240.14
12473,2023-08-16 06:00:00,8112.6636,8097.92
12474,2023-08-16 07:00:00,9528.241,9713.23
12475,2023-08-16 08:00:00,9512.007,9637.68
12476,2023-08-16 09:00:00,8412.166,8709.98
12477,2023-08-16 10:00:00,7449.5327,7379.45
12478,2023-08-16 11:00:00,6566.087,6731.6
12479,2023-08-16 12:00:00,6318.37,6650.03
12480,2023-08-16 13:00:00,6688.9546,6553.21
12481,2023-08-16 14:00:00,6754.03,6709.23
12482,2023-08-16 15:00:00,7141.9985,7021.64
12483,2023-08-16 16:00:00,7781.8975,7879.6
12484,2023-08-16 17:00:00,9223.937,9018.04
12485,2023-08-16 18:00:00,10264.78,10553.53
12486,2023-08-16 19:00:00,10331.726,10598.31
12487,2023-08-16 20:00:00,10157.582,10297.68
12488,2023-08-16 21:00:00,9843.194,9975.39
12489,2023-08-16 22:00:00,9280.658,9328.07
12490,2023-08-16 23:00:00,8780.393,8939.23
12491,2023-08-17 00:00:00,8511.451,8474.25
12492,2023-08-17 01:00:00,8140.2173,8137.06
12493,2023-08-17 02:00:00,7701.6934,7625.44
12494,2023-08-17 03:00:00,7217.502,7226.63
12495,2023-08-17 04:00:00,7015.4277,6940.6
12496,2023-08-17 05:00:00,7212.4136,7214.23
12497,2023-08-17 06:00:00,8095.9624,8153.55
12498,2023-08-17 07:00:00,9630.956,9761.9
12499,2023-08-17 08:00:00,9596.563,9644.77
12500,2023-08-17 09:00:00,8534.036,8496.41
12501,2023-08-17 10:00:00,7291.9907,7332.76
12502,2023-08-17 11:00:00,6656.475,6489.62
12503,2023-08-17 12:00:00,6185.515,6037.51
12504,2023-08-17 13:00:00,5926.69,6000.15
12505,2023-08-17 14:00:00,6277.0923,6232.83
12506,2023-08-17 15:00:00,6705.7983,6859.72
12507,2023-08-17 16:00:00,7703.634,7905.01
12508,2023-08-17 17:00:00,9132.682,9062.19
12509,2023-08-17 18:00:00,10182.215,10366.85
12510,2023-08-17 19:00:00,10135.426,10223.82
12511,2023-08-17 20:00:00,9920.996,9843.92
12512,2023-08-17 21:00:00,9492.583,9304.18
12513,2023-08-17 22:00:00,8828.414,8687.22
12514,2023-08-17 23:00:00,8345.625,8363.12
12515,2023-08-18 00:00:00,8106.98,8012.65
12516,2023-08-18 01:00:00,7762.11,7690.98
12517,2023-08-18 02:00:00,7331.8486,7220.95
12518,2023-08-18 03:00:00,6920.05,6759.84
12519,2023-08-18 04:00:00,6630.9014,6677.03
12520,2023-08-18 05:00:00,6983.9087,6875.72
12521,2023-08-18 06:00:00,7669.7026,7507.62
12522,2023-08-18 07:00:00,8593.276,8732.33
12523,2023-08-18 08:00:00,9183.764,9111.52
12524,2023-08-18 09:00:00,8297.747,8145.84
12525,2023-08-18 10:00:00,7135.2686,7127.89
12526,2023-08-18 11:00:00,6380.1187,6616.03
12527,2023-08-18 12:00:00,6307.7417,6313.84
12528,2023-08-18 13:00:00,6195.277,6172.54
12529,2023-08-18 14:00:00,6396.59,6165.62
12530,2023-08-18 15:00:00,6603.275,6756.7
12531,2023-08-18 16:00:00,7623.3794,7835.69
12532,2023-08-18 17:00:00,9023.791,9018.53
12533,2023-08-18 18:00:00,10023.336,10279.21
12534,2023-08-18 19:00:00,9964.854,10311.14
12535,2023-08-18 20:00:00,9875.4,9940.99
12536,2023-08-18 21:00:00,9480.536,9678.98
12537,2023-08-18 22:00:00,9086.601,9007.31
12538,2023-08-18 23:00:00,8625.896,8797.64
12539,2023-08-19 00:00:00,8382.416,8344.13
12540,2023-08-19 01:00:00,8044.674,8010.77
12541,2023-08-19 02:00:00,7506.295,7399.05
12542,2023-08-19 03:00:00,6996.5283,6945.76
12543,2023-08-19 04:00:00,6761.5825,6752.86
12544,2023-08-19 05:00:00,6942.3164,6801.03
12545,2023-08-19 06:00:00,7347.8877,7244.0
12546,2023-08-19 07:00:00,7941.2163,7888.36
12547,2023-08-19 08:00:00,8276.815,7863.83
12548,2023-08-19 09:00:00,7487.6973,7380.16
12549,2023-08-19 10:00:00,6648.1787,6505.56
12550,2023-08-19 11:00:00,5942.38,5784.94
12551,2023-08-19 12:00:00,5480.767,5373.79
12552,2023-08-19 13:00:00,5317.1855,5693.17
12553,2023-08-19 14:00:00,6201.26,5760.67
12554,2023-08-19 15:00:00,6309.5024,6281.84
12555,2023-08-19 16:00:00,7305.017,7168.6
12556,2023-08-19 17:00:00,8360.129,8565.94
12557,2023-08-19 18:00:00,9451.227,9669.63
12558,2023-08-19 19:00:00,9422.798,9468.89
12559,2023-08-19 20:00:00,9006.996,9171.32
12560,2023-08-19 21:00:00,8879.466,8925.71
12561,2023-08-19 22:00:00,8481.438,8387.15
12562,2023-08-19 23:00:00,8084.8867,8176.23
12563,2023-08-20 00:00:00,7874.1626,7786.62
12564,2023-08-20 01:00:00,7498.562,7415.64
12565,2023-08-20 02:00:00,6997.9917,6854.33
12566,2023-08-20 03:00:00,6522.7764,6586.45
12567,2023-08-20 04:00:00,6457.0483,6460.71
12568,2023-08-20 05:00:00,6561.489,6466.5
12569,2023-08-20 06:00:00,6779.11,6917.77
12570,2023-08-20 07:00:00,7385.139,7254.66
12571,2023-08-20 08:00:00,7564.063,7163.13
12572,2023-08-20 09:00:00,6988.0464,6510.53
12573,2023-08-20 10:00:00,5824.279,5728.52
12574,2023-08-20 11:00:00,5191.325,5189.78
12575,2023-08-20 12:00:00,5023.735,4710.09
12576,2023-08-20 13:00:00,4874.809,4728.26
12577,2023-08-20 14:00:00,5126.4946,4999.39
12578,2023-08-20 15:00:00,5676.2314,5725.38
12579,2023-08-20 16:00:00,6647.8745,6844.15
12580,2023-08-20 17:00:00,8219.985,7975.35
12581,2023-08-20 18:00:00,9137.934,9210.91
12582,2023-08-20 19:00:00,9066.438,9095.95
12583,2023-08-20 20:00:00,8746.098,8903.69
12584,2023-08-20 21:00:00,8607.325,8608.0
12585,2023-08-20 22:00:00,8171.986,8120.82
12586,2023-08-20 23:00:00,7848.26,7827.1
12587,2023-08-21 00:00:00,7532.5015,7573.46
12588,2023-08-21 01:00:00,7280.3735,7296.12
12589,2023-08-21 02:00:00,6888.094,6882.85
12590,2023-08-21 03:00:00,6535.06,6525.47
12591,2023-08-21 04:00:00,6386.574,6581.34
12592,2023-08-21 05:00:00,6731.1973,6828.62
12593,2023-08-21 06:00:00,7399.2783,7731.42
12594,2023-08-21 07:00:00,8733.309,9027.82
12595,2023-08-21 08:00:00,9040.038,8787.14
12596,2023-08-21 09:00:00,7674.0337,7573.09
12597,2023-08-21 10:00:00,6482.9204,6662.35
12598,2023-08-21 11:00:00,5973.1626,6010.2
12599,2023-08-21 12:00:00,5629.897,5611.4
12600,2023-08-21 13:00:00,5560.3125,5462.12
12601,2023-08-21 14:00:00,5660.6577,5749.55
12602,2023-08-21 15:00:00,6259.828,6327.17
12603,2023-08-21 16:00:00,7209.2837,7250.04
12604,2023-08-21 17:00:00,8524.86,8500.23
12605,2023-08-21 18:00:00,9698.692,9719.45
12606,2023-08-21 19:00:00,9540.506,9732.04
12607,2023-08-21 20:00:00,9331.258,9199.02
12608,2023-08-21 21:00:00,8823.237,8869.96
12609,2023-08-21 22:00:00,8395.823,8248.38
12610,2023-08-21 23:00:00,7920.1357,8053.14
12611,2023-08-22 00:00:00,7777.033,7811.44
12612,2023-08-22 01:00:00,7509.2563,7499.92
12613,2023-08-22 02:00:00,7077.0674,7140.62
12614,2023-08-22 03:00:00,6767.8945,6769.26
12615,2023-08-22 04:00:00,6628.8755,6694.3
12616,2023-08-22 05:00:00,6957.4233,6840.62
12617,2023-08-22 06:00:00,7641.6475,7685.26
12618,2023-08-22 07:00:00,8997.546,9082.84
12619,2023-08-22 08:00:00,8959.807,8699.69
12620,2023-08-22 09:00:00,7464.629,7771.59
12621,2023-08-22 10:00:00,6759.794,6840.41
12622,2023-08-22 11:00:00,6142.1074,6053.9
12623,2023-08-22 12:00:00,5653.466,6048.65
12624,2023-08-22 13:00:00,6083.371,6311.48
12625,2023-08-22 14:00:00,6570.381,6671.0
12626,2023-08-22 15:00:00,7075.313,6946.9
12627,2023-08-22 16:00:00,7684.5137,7700.38
12628,2023-08-22 17:00:00,8840.277,8495.65
12629,2023-08-22 18:00:00,9743.196,9635.99
12630,2023-08-22 19:00:00,9624.893,9367.47
12631,2023-08-22 20:00:00,8992.788,8836.21
12632,2023-08-22 21:00:00,8572.588,8612.8
12633,2023-08-22 22:00:00,8137.285,8152.94
12634,2023-08-22 23:00:00,7900.3955,7972.84
12635,2023-08-23 00:00:00,7733.661,7807.73
12636,2023-08-23 01:00:00,7496.286,7557.13
12637,2023-08-23 02:00:00,7110.1426,6936.7
12638,2023-08-23 03:00:00,6642.712,6598.75
12639,2023-08-23 04:00:00,6537.723,6446.21
12640,2023-08-23 05:00:00,6785.75,6793.97
12641,2023-08-23 06:00:00,7686.24,7606.02
12642,2023-08-23 07:00:00,8955.723,8691.52
12643,2023-08-23 08:00:00,8608.694,8385.8
12644,2023-08-23 09:00:00,7302.022,7277.23
12645,2023-08-23 10:00:00,6304.5864,6446.77
12646,2023-08-23 11:00:00,5790.322,6006.67
12647,2023-08-23 12:00:00,5805.067,6092.17
12648,2023-08-23 13:00:00,6418.5737,6525.56
12649,2023-08-23 14:00:00,6830.355,6861.65
12650,2023-08-23 15:00:00,7236.785,7159.57
12651,2023-08-23 16:00:00,7888.966,8045.93
12652,2023-08-23 17:00:00,9015.643,8900.91
12653,2023-08-23 18:00:00,9717.303,9946.01
12654,2023-08-23 19:00:00,9474.915,9812.14
12655,2023-08-23 20:00:00,9228.003,9430.36
12656,2023-08-23 21:00:00,8898.325,8969.89
12657,2023-08-23 22:00:00,8403.839,8389.73
12658,2023-08-23 23:00:00,8031.295,8158.0
12659,2023-08-24 00:00:00,7904.467,7972.59
12660,2023-08-24 01:00:00,7699.859,7653.01
12661,2023-08-24 02:00:00,7138.003,7163.86
12662,2023-08-24 03:00:00,6791.9067,6787.0
12663,2023-08-24 04:00:00,6668.3174,6648.44
12664,2023-08-24 05:00:00,6847.983,6905.27
12665,2023-08-24 06:00:00,7651.141,7702.45
12666,2023-08-24 07:00:00,8898.708,8912.39
12667,2023-08-24 08:00:00,8570.313,8644.46
12668,2023-08-24 09:00:00,7405.9155,7771.53
12669,2023-08-24 10:00:00,6776.176,6964.3
12670,2023-08-24 11:00:00,6232.4146,6528.46
12671,2023-08-24 12:00:00,6415.8667,6284.83
12672,2023-08-24 13:00:00,6426.408,6170.7
12673,2023-08-24 14:00:00,6399.545,6320.39
12674,2023-08-24 15:00:00,6745.815,6622.73
12675,2023-08-24 16:00:00,7437.6,7305.64
12676,2023-08-24 17:00:00,8437.629,8446.3
12677,2023-08-24 18:00:00,9650.941,9788.07
12678,2023-08-24 19:00:00,9565.697,9858.39
12679,2023-08-24 20:00:00,9315.5625,9520.87
12680,2023-08-24 21:00:00,9040.09,9202.38
12681,2023-08-24 22:00:00,8625.363,8623.18
12682,2023-08-24 23:00:00,8205.753,8321.24
12683,2023-08-25 00:00:00,8036.078,8180.62
12684,2023-08-25 01:00:00,7861.8867,7915.03
12685,2023-08-25 02:00:00,7412.9893,7422.51
12686,2023-08-25 03:00:00,7008.3887,6869.41
12687,2023-08-25 04:00:00,6617.246,6881.23
12688,2023-08-25 05:00:00,7117.6323,7092.51
12689,2023-08-25 06:00:00,7772.675,7933.98
12690,2023-08-25 07:00:00,9011.555,9157.25
12691,2023-08-25 08:00:00,8773.843,8811.01
12692,2023-08-25 09:00:00,7732.011,7629.82
12693,2023-08-25 10:00:00,6721.779,6553.61
12694,2023-08-25 11:00:00,5957.0376,5830.11
12695,2023-08-25 12:00:00,5580.3735,5496.32
12696,2023-08-25 13:00:00,5495.67,5413.11
12697,2023-08-25 14:00:00,5604.277,5558.32
12698,2023-08-25 15:00:00,6011.753,6224.44
12699,2023-08-25 16:00:00,7067.831,7195.53
12700,2023-08-25 17:00:00,8389.347,8385.29
12701,2023-08-25 18:00:00,9598.772,9450.75
12702,2023-08-25 19:00:00,9372.644,9400.19
12703,2023-08-25 20:00:00,9044.946,9142.87
12704,2023-08-25 21:00:00,8826.483,8822.42
12705,2023-08-25 22:00:00,8364.926,8406.66
12706,2023-08-25 23:00:00,8119.109,8285.51
12707,2023-08-26 00:00:00,8040.642,8049.35
12708,2023-08-26 01:00:00,7793.5273,7772.43
12709,2023-08-26 02:00:00,7323.252,7266.42
12710,2023-08-26 03:00:00,6831.232,6842.95
12711,2023-08-26 04:00:00,6669.5474,6607.48
12712,2023-08-26 05:00:00,6726.839,6675.14
12713,2023-08-26 06:00:00,7144.8267,7154.41
12714,2023-08-26 07:00:00,7730.0493,7575.06
12715,2023-08-26 08:00:00,7621.1006,7589.7
12716,2023-08-26 09:00:00,6985.5737,6762.69
12717,2023-08-26 10:00:00,5933.0244,6017.43
12718,2023-08-26 11:00:00,5395.192,5551.78
12719,2023-08-26 12:00:00,5233.006,5356.49
12720,2023-08-26 13:00:00,5411.72,5159.5
12721,2023-08-26 14:00:00,5368.54,5272.67
12722,2023-08-26 15:00:00,5787.826,5832.29
12723,2023-08-26 16:00:00,6807.622,6756.08
12724,2023-08-26 17:00:00,8051.5405,7816.23
12725,2023-08-26 18:00:00,9111.716,8735.1
12726,2023-08-26 19:00:00,8901.766,8683.71
12727,2023-08-26 20:00:00,8452.799,8466.58
12728,2023-08-26 21:00:00,8300.184,8259.01
12729,2023-08-26 22:00:00,7992.11,7972.93
12730,2023-08-26 23:00:00,7791.643,7860.99
12731,2023-08-27 00:00:00,7690.683,7581.6
12732,2023-08-27 01:00:00,7304.328,7253.92
12733,2023-08-27 02:00:00,6857.569,6801.98
12734,2023-08-27 03:00:00,6499.3125,6460.65
12735,2023-08-27 04:00:00,6333.3374,6361.63
12736,2023-08-27 05:00:00,6433.514,6407.5
12737,2023-08-27 06:00:00,6776.59,6644.13
12738,2023-08-27 07:00:00,7079.292,7065.92
12739,2023-08-27 08:00:00,7282.967,6916.99
12740,2023-08-27 09:00:00,6249.7188,6230.71
12741,2023-08-27 10:00:00,5409.601,5463.94
12742,2023-08-27 11:00:00,4926.0845,4966.53
12743,2023-08-27 12:00:00,4732.9336,4876.05
12744,2023-08-27 13:00:00,4923.655,4744.69
12745,2023-08-27 14:00:00,4953.6245,5157.69
12746,2023-08-27 15:00:00,5682.404,5662.11
12747,2023-08-27 16:00:00,6551.082,6859.2
12748,2023-08-27 17:00:00,8012.2983,7990.01
12749,2023-08-27 18:00:00,9098.818,8939.19
12750,2023-08-27 19:00:00,8700.774,9001.55
12751,2023-08-27 20:00:00,8692.868,8643.1
12752,2023-08-27 21:00:00,8319.432,8241.64
12753,2023-08-27 22:00:00,7887.0176,7741.86
12754,2023-08-27 23:00:00,7576.216,7532.49
12755,2023-08-28 00:00:00,7389.8306,7398.36
12756,2023-08-28 01:00:00,7209.71,7128.86
12757,2023-08-28 02:00:00,6754.9067,6705.26
12758,2023-08-28 03:00:00,6440.7886,6406.94
12759,2023-08-28 04:00:00,6292.293,6450.44
12760,2023-08-28 05:00:00,6624.179,6697.73
12761,2023-08-28 06:00:00,7371.6313,7472.19
12762,2023-08-28 07:00:00,8491.893,8651.52
12763,2023-08-28 08:00:00,8392.508,8115.64
12764,2023-08-28 09:00:00,7050.748,7312.83
12765,2023-08-28 10:00:00,6336.386,6514.41
12766,2023-08-28 11:00:00,5799.5044,5988.67
12767,2023-08-28 12:00:00,5731.8877,5993.11
12768,2023-08-28 13:00:00,6156.399,5954.46
12769,2023-08-28 14:00:00,6276.5513,6137.98
12770,2023-08-28 15:00:00,6550.503,6498.69
12771,2023-08-28 16:00:00,7299.28,7610.67
12772,2023-08-28 17:00:00,8683.811,8677.08
12773,2023-08-28 18:00:00,9668.481,9817.11
12774,2023-08-28 19:00:00,9518.954,9408.53
12775,2023-08-28 20:00:00,8950.716,9014.39
12776,2023-08-28 21:00:00,8678.12,8716.87
12777,2023-08-28 22:00:00,8235.577,8260.41
12778,2023-08-28 23:00:00,8045.3975,8091.71
12779,2023-08-29 00:00:00,7890.0625,7706.13
12780,2023-08-29 01:00:00,7491.0923,7503.22
12781,2023-08-29 02:00:00,7098.7314,7089.4
12782,2023-08-29 03:00:00,6752.81,6622.96
12783,2023-08-29 04:00:00,6517.788,6510.65
12784,2023-08-29 05:00:00,6739.53,6831.08
12785,2023-08-29 06:00:00,7607.3145,7626.55
12786,2023-08-29 07:00:00,8858.778,8624.13
12787,2023-08-29 08:00:00,8184.3394,8218.67
12788,2023-08-29 09:00:00,7174.971,7133.82
12789,2023-08-29 10:00:00,6293.4214,6220.96
12790,2023-08-29 11:00:00,5700.185,5545.02
12791,2023-08-29 12:00:00,5450.764,5300.31
12792,2023-08-29 13:00:00,5424.814,5356.35
12793,2023-08-29 14:00:00,5621.233,5846.62
12794,2023-08-29 15:00:00,6359.4727,6502.07
12795,2023-08-29 16:00:00,7421.2783,7404.98
12796,2023-08-29 17:00:00,8492.135,8292.64
12797,2023-08-29 18:00:00,9457.52,9259.3
12798,2023-08-29 19:00:00,9015.017,9309.68
12799,2023-08-29 20:00:00,8813.613,8841.21
12800,2023-08-29 21:00:00,8481.098,8531.57
12801,2023-08-29 22:00:00,8092.845,8007.37
12802,2023-08-29 23:00:00,7837.2944,7862.66
12803,2023-08-30 00:00:00,7680.819,7691.99
12804,2023-08-30 01:00:00,7464.504,7391.94
12805,2023-08-30 02:00:00,6982.0176,6937.34
12806,2023-08-30 03:00:00,6577.109,6577.81
12807,2023-08-30 04:00:00,6503.627,6466.94
12808,2023-08-30 05:00:00,6804.703,6730.9
12809,2023-08-30 06:00:00,7556.5254,7487.62
12810,2023-08-30 07:00:00,8614.204,8586.81
12811,2023-08-30 08:00:00,8134.4995,7962.71
12812,2023-08-30 09:00:00,6898.814,6914.96
12813,2023-08-30 10:00:00,6064.772,6179.13
12814,2023-08-30 11:00:00,5613.2812,5564.65
12815,2023-08-30 12:00:00,5386.18,5403.61
12816,2023-08-30 13:00:00,5520.7695,5809.72
12817,2023-08-30 14:00:00,6256.5977,6843.4
12818,2023-08-30 15:00:00,7297.2183,7526.76
12819,2023-08-30 16:00:00,8282.16,8117.21
12820,2023-08-30 17:00:00,9031.589,8850.35
12821,2023-08-30 18:00:00,9804.665,9450.36
12822,2023-08-30 19:00:00,9237.464,9338.6
12823,2023-08-30 20:00:00,8896.807,8911.52
12824,2023-08-30 21:00:00,8538.285,8580.3
12825,2023-08-30 22:00:00,8112.6943,8053.56
12826,2023-08-30 23:00:00,7869.955,7866.63
12827,2023-08-31 00:00:00,7697.071,7664.32
12828,2023-08-31 01:00:00,7420.8184,7451.72
12829,2023-08-31 02:00:00,7019.12,6930.5
12830,2023-08-31 03:00:00,6627.965,6603.21
12831,2023-08-31 04:00:00,6494.0225,6458.91
12832,2023-08-31 05:00:00,6782.083,6738.53
12833,2023-08-31 06:00:00,7522.4595,7515.98
12834,2023-08-31 07:00:00,8605.046,8464.14
12835,2023-08-31 08:00:00,7925.2,8078.78
12836,2023-08-31 09:00:00,6950.911,6946.94
12837,2023-08-31 10:00:00,6112.8735,6598.71
12838,2023-08-31 11:00:00,5980.4775,5929.43
12839,2023-08-31 12:00:00,5697.247,5983.6
12840,2023-08-31 13:00:00,6230.402,5756.58
12841,2023-08-31 14:00:00,6126.272,6219.91
12842,2023-08-31 15:00:00,6845.9087,6511.53
12843,2023-08-31 16:00:00,7338.765,7236.89
12844,2023-08-31 17:00:00,8300.229,8153.56
12845,2023-08-31 18:00:00,9184.425,9263.42
12846,2023-08-31 19:00:00,9146.706,9271.92
12847,2023-08-31 20:00:00,8865.803,8942.56
12848,2023-08-31 21:00:00,8542.401,8636.13
12849,2023-08-31 22:00:00,8195.84,8178.9
12850,2023-08-31 23:00:00,7947.844,8021.79
12851,2023-09-01 00:00:00,7838.84,7822.92
12852,2023-09-01 01:00:00,7557.529,7536.45
12853,2023-09-01 02:00:00,7080.044,7073.69
12854,2023-09-01 03:00:00,6716.91,6679.35
12855,2023-09-01 04:00:00,6528.5186,6542.15
12856,2023-09-01 05:00:00,6806.522,6755.51
12857,2023-09-01 06:00:00,7489.4814,7585.87
12858,2023-09-01 07:00:00,8507.113,8619.0
12859,2023-09-01 08:00:00,8020.996,8274.89
12860,2023-09-01 09:00:00,7177.8237,7186.85
12861,2023-09-01 10:00:00,6392.467,6350.54
12862,2023-09-01 11:00:00,5698.1445,6063.97
12863,2023-09-01 12:00:00,5866.3096,5819.64
12864,2023-09-01 13:00:00,5847.875,5468.77
12865,2023-09-01 14:00:00,5734.082,5546.09
12866,2023-09-01 15:00:00,6038.386,6113.04
12867,2023-09-01 16:00:00,6975.9404,7162.96
12868,2023-09-01 17:00:00,8185.078,8410.33
12869,2023-09-01 18:00:00,9287.945,9516.88
12870,2023-09-01 19:00:00,9276.429,9535.77
12871,2023-09-01 20:00:00,9128.037,9244.67
12872,2023-09-01 21:00:00,8828.466,8969.3
12873,2023-09-01 22:00:00,8505.454,8616.14
12874,2023-09-01 23:00:00,8298.888,8425.91
12875,2023-09-02 00:00:00,8126.3306,8196.81
12876,2023-09-02 01:00:00,7876.652,7844.86
12877,2023-09-02 02:00:00,7402.909,7269.02
12878,2023-09-02 03:00:00,6830.9927,6809.16
12879,2023-09-02 04:00:00,6633.12,6596.63
12880,2023-09-02 05:00:00,6697.0386,6711.97
12881,2023-09-02 06:00:00,7201.986,7092.94
12882,2023-09-02 07:00:00,7597.23,7587.5
12883,2023-09-02 08:00:00,7555.75,7252.74
12884,2023-09-02 09:00:00,6424.8823,6380.94
12885,2023-09-02 10:00:00,5598.872,5618.7
12886,2023-09-02 11:00:00,5131.515,5043.62
12887,2023-09-02 12:00:00,4761.9775,5028.84
12888,2023-09-02 13:00:00,5052.6455,4870.8
12889,2023-09-02 14:00:00,5178.818,5078.56
12890,2023-09-02 15:00:00,5710.538,5482.14
12891,2023-09-02 16:00:00,6364.75,6615.86
12892,2023-09-02 17:00:00,7807.139,7705.09
12893,2023-09-02 18:00:00,8719.475,8902.99
12894,2023-09-02 19:00:00,8823.86,8967.03
12895,2023-09-02 20:00:00,8639.287,8717.34
12896,2023-09-02 21:00:00,8445.622,8387.13
12897,2023-09-02 22:00:00,8014.071,8163.84
12898,2023-09-02 23:00:00,7946.074,7899.99
12899,2023-09-03 00:00:00,7701.1704,7497.7
12900,2023-09-03 01:00:00,7239.485,7224.29
12901,2023-09-03 02:00:00,6800.179,6647.1
12902,2023-09-03 03:00:00,6360.263,6352.13
12903,2023-09-03 04:00:00,6229.891,6248.32
12904,2023-09-03 05:00:00,6383.131,6325.44
12905,2023-09-03 06:00:00,6686.7104,6610.93
12906,2023-09-03 07:00:00,6974.2793,6863.31
12907,2023-09-03 08:00:00,6603.198,6673.28
12908,2023-09-03 09:00:00,5939.436,6062.48
12909,2023-09-03 10:00:00,5328.0605,5354.9
12910,2023-09-03 11:00:00,4859.168,4846.71
12911,2023-09-03 12:00:00,4714.8643,4589.94
12912,2023-09-03 13:00:00,4586.0674,4373.08
12913,2023-09-03 14:00:00,4694.1055,4534.33
12914,2023-09-03 15:00:00,5111.415,5284.95
12915,2023-09-03 16:00:00,6320.398,6361.85
12916,2023-09-03 17:00:00,7585.5386,7512.75
12917,2023-09-03 18:00:00,8727.668,8595.92
12918,2023-09-03 19:00:00,8721.62,8831.36
12919,2023-09-03 20:00:00,8524.224,8550.69
12920,2023-09-03 21:00:00,8193.23,8349.18
12921,2023-09-03 22:00:00,7957.402,7819.3
12922,2023-09-03 23:00:00,7611.8677,7524.51
12923,2023-09-04 00:00:00,7296.364,7296.87
12924,2023-09-04 01:00:00,7061.096,7051.64
12925,2023-09-04 02:00:00,6661.9795,6727.99
12926,2023-09-04 03:00:00,6399.766,6393.36
12927,2023-09-04 04:00:00,6256.2837,6329.07
12928,2023-09-04 05:00:00,6438.625,6586.36
12929,2023-09-04 06:00:00,7119.531,7435.87
12930,2023-09-04 07:00:00,8405.528,8511.2
12931,2023-09-04 08:00:00,7941.5405,8173.94
12932,2023-09-04 09:00:00,7023.765,7182.23
12933,2023-09-04 10:00:00,6319.919,6166.94
12934,2023-09-04 11:00:00,5502.897,5675.42
12935,2023-09-04 12:00:00,5470.5337,5387.28
12936,2023-09-04 13:00:00,5283.17,5354.02
12937,2023-09-04 14:00:00,5685.8623,5737.74
12938,2023-09-04 15:00:00,6313.5938,6286.61
12939,2023-09-04 16:00:00,7224.055,7287.37
12940,2023-09-04 17:00:00,8371.874,8295.76
12941,2023-09-04 18:00:00,9373.819,9327.21
12942,2023-09-04 19:00:00,9240.391,9170.76
12943,2023-09-04 20:00:00,8763.083,8731.53
12944,2023-09-04 21:00:00,8417.994,8345.76
12945,2023-09-04 22:00:00,7996.5566,7955.32
12946,2023-09-04 23:00:00,7768.462,7828.85
12947,2023-09-05 00:00:00,7654.227,7595.84
12948,2023-09-05 01:00:00,7368.7095,7273.67
12949,2023-09-05 02:00:00,6882.4746,6717.49
12950,2023-09-05 03:00:00,6438.5273,6279.32
12951,2023-09-05 04:00:00,6190.7476,6160.26
12952,2023-09-05 05:00:00,6561.014,6417.42
12953,2023-09-05 06:00:00,7335.699,7105.96
12954,2023-09-05 07:00:00,8301.696,7898.01
12955,2023-09-05 08:00:00,7719.0537,7306.49
12956,2023-09-05 09:00:00,6279.801,6215.25
12957,2023-09-05 10:00:00,5390.297,5497.09
12958,2023-09-05 11:00:00,4925.862,4780.73
12959,2023-09-05 12:00:00,4581.9873,4751.72
12960,2023-09-05 13:00:00,4854.017,4782.2
12961,2023-09-05 14:00:00,5165.8916,5299.45
12962,2023-09-05 15:00:00,5908.3745,5835.24
12963,2023-09-05 16:00:00,6764.3257,6932.59
12964,2023-09-05 17:00:00,7988.118,8022.66
12965,2023-09-05 18:00:00,8967.341,9012.35
12966,2023-09-05 19:00:00,8903.058,9037.35
12967,2023-09-05 20:00:00,8627.583,8685.73
12968,2023-09-05 21:00:00,8306.537,8347.42
12969,2023-09-05 22:00:00,7947.4062,7960.84
12970,2023-09-05 23:00:00,7771.252,7813.73
12971,2023-09-06 00:00:00,7582.095,7671.56
12972,2023-09-06 01:00:00,7351.5513,7361.55
12973,2023-09-06 02:00:00,6908.5474,6988.99
12974,2023-09-06 03:00:00,6589.239,6680.13
12975,2023-09-06 04:00:00,6557.265,6610.64
12976,2023-09-06 05:00:00,6757.726,6813.16
12977,2023-09-06 06:00:00,7492.958,7640.64
12978,2023-09-06 07:00:00,8594.773,8387.57
12979,2023-09-06 08:00:00,7614.7773,7804.69
12980,2023-09-06 09:00:00,6716.078,6560.05
12981,2023-09-06 10:00:00,5739.047,5665.66
12982,2023-09-06 11:00:00,5088.7197,5115.94
12983,2023-09-06 12:00:00,4967.0522,4896.2
12984,2023-09-06 13:00:00,5001.218,5010.53
12985,2023-09-06 14:00:00,5541.588,5209.17
12986,2023-09-06 15:00:00,5868.9536,5775.35
12987,2023-09-06 16:00:00,6814.9077,6941.54
12988,2023-09-06 17:00:00,8071.8887,8015.55
12989,2023-09-06 18:00:00,9092.454,9157.57
12990,2023-09-06 19:00:00,9041.008,9263.08
12991,2023-09-06 20:00:00,8802.361,8871.28
12992,2023-09-06 21:00:00,8421.84,8525.6
12993,2023-09-06 22:00:00,8111.8813,8051.36
12994,2023-09-06 23:00:00,7857.7656,7889.89
12995,2023-09-07 00:00:00,7672.473,7782.67
12996,2023-09-07 01:00:00,7506.3374,7507.77
12997,2023-09-07 02:00:00,7088.659,7039.43
12998,2023-09-07 03:00:00,6636.37,6605.6
12999,2023-09-07 04:00:00,6474.6387,6529.16
13000,2023-09-07 05:00:00,6771.916,6765.98
13001,2023-09-07 06:00:00,7497.853,7596.41
13002,2023-09-07 07:00:00,8494.565,8428.37
13003,2023-09-07 08:00:00,7719.5195,7812.03
13004,2023-09-07 09:00:00,6629.828,6728.34
13005,2023-09-07 10:00:00,5849.0273,5991.75
13006,2023-09-07 11:00:00,5315.4316,5501.15
13007,2023-09-07 12:00:00,5222.4604,5145.07
13008,2023-09-07 13:00:00,5130.0166,5116.94
13009,2023-09-07 14:00:00,5463.081,5514.08
13010,2023-09-07 15:00:00,6012.808,6187.32
13011,2023-09-07 16:00:00,7078.764,7334.82
13012,2023-09-07 17:00:00,8331.808,8189.72
13013,2023-09-07 18:00:00,9223.746,8950.48
13014,2023-09-07 19:00:00,9082.651,8905.58
13015,2023-09-07 20:00:00,8634.183,8302.32
13016,2023-09-07 21:00:00,8022.8667,7994.7
13017,2023-09-07 22:00:00,7810.743,7527.0
13018,2023-09-07 23:00:00,7432.2104,7503.92
13019,2023-09-08 00:00:00,7381.246,7373.73
13020,2023-09-08 01:00:00,7167.5093,7053.57
13021,2023-09-08 02:00:00,6721.837,6581.45
13022,2023-09-08 03:00:00,6297.8623,6179.84
13023,2023-09-08 04:00:00,6097.2017,6127.46
13024,2023-09-08 05:00:00,6464.581,6310.04
13025,2023-09-08 06:00:00,7065.7383,6869.49
13026,2023-09-08 07:00:00,7598.1426,7666.69
13027,2023-09-08 08:00:00,7286.0024,7894.39
13028,2023-09-08 09:00:00,6730.7686,7881.44
13029,2023-09-08 10:00:00,6708.074,7895.28
13030,2023-09-08 11:00:00,6969.7017,7576.84
13031,2023-09-08 12:00:00,7115.9336,7201.35
13032,2023-09-08 13:00:00,6927.71,6888.03
13033,2023-09-08 14:00:00,6845.1836,5997.17
13034,2023-09-08 15:00:00,6060.1235,6180.61
13035,2023-09-08 16:00:00,6906.8296,7261.27
13036,2023-09-08 17:00:00,8295.974,8400.17
13037,2023-09-08 18:00:00,9316.68,9395.05
13038,2023-09-08 19:00:00,9199.69,9501.99
13039,2023-09-08 20:00:00,9088.876,9112.37
13040,2023-09-08 21:00:00,8801.207,8749.12
13041,2023-09-08 22:00:00,8374.655,8322.15
13042,2023-09-08 23:00:00,8138.34,8196.17
13043,2023-09-09 00:00:00,8056.0425,7921.12
13044,2023-09-09 01:00:00,7593.105,7604.51
13045,2023-09-09 02:00:00,7188.525,7026.54
13046,2023-09-09 03:00:00,6635.5024,6652.18
13047,2023-09-09 04:00:00,6543.7896,6403.92
13048,2023-09-09 05:00:00,6542.9624,6460.64
13049,2023-09-09 06:00:00,6898.5254,6845.26
13050,2023-09-09 07:00:00,7403.656,7183.59
13051,2023-09-09 08:00:00,7028.937,6767.56
13052,2023-09-09 09:00:00,5979.741,5901.47
13053,2023-09-09 10:00:00,5171.573,5183.99
13054,2023-09-09 11:00:00,4697.765,4561.83
13055,2023-09-09 12:00:00,4419.5396,4185.14
13056,2023-09-09 13:00:00,4181.97,4178.32
13057,2023-09-09 14:00:00,4362.2485,4483.76
13058,2023-09-09 15:00:00,5147.252,5154.57
13059,2023-09-09 16:00:00,6193.859,6272.99
13060,2023-09-09 17:00:00,7436.252,7570.48
13061,2023-09-09 18:00:00,8618.478,8747.12
13062,2023-09-09 19:00:00,8756.14,9064.24
13063,2023-09-09 20:00:00,8654.719,8796.21
13064,2023-09-09 21:00:00,8385.032,8629.79
13065,2023-09-09 22:00:00,8199.111,8333.26
13066,2023-09-09 23:00:00,8040.9233,8087.97
13067,2023-09-10 00:00:00,7748.4663,7780.13
13068,2023-09-10 01:00:00,7450.129,7465.37
13069,2023-09-10 02:00:00,7001.5894,6937.28
13070,2023-09-10 03:00:00,6509.897,6591.43
13071,2023-09-10 04:00:00,6432.9004,6490.12
13072,2023-09-10 05:00:00,6532.1475,6557.76
13073,2023-09-10 06:00:00,6879.889,6857.43
13074,2023-09-10 07:00:00,7196.885,7061.05
13075,2023-09-10 08:00:00,6666.4526,6804.44
13076,2023-09-10 09:00:00,5987.107,6050.46
13077,2023-09-10 10:00:00,5319.265,5199.95
13078,2023-09-10 11:00:00,4568.119,4674.96
13079,2023-09-10 12:00:00,4397.923,4488.68
13080,2023-09-10 13:00:00,4413.1035,4426.43
13081,2023-09-10 14:00:00,4692.4106,4637.61
13082,2023-09-10 15:00:00,5330.594,5286.17
13083,2023-09-10 16:00:00,6289.122,6314.11
13084,2023-09-10 17:00:00,7582.621,7614.57
13085,2023-09-10 18:00:00,8784.282,8957.97
13086,2023-09-10 19:00:00,9037.021,9323.93
13087,2023-09-10 20:00:00,8886.196,8993.23
13088,2023-09-10 21:00:00,8628.497,8672.54
13089,2023-09-10 22:00:00,8264.033,8099.79
13090,2023-09-10 23:00:00,7848.5107,7727.56
13091,2023-09-11 00:00:00,7543.08,7542.52
13092,2023-09-11 01:00:00,7282.226,7239.4
13093,2023-09-11 02:00:00,6841.094,6866.4
13094,2023-09-11 03:00:00,6510.2856,6524.54
13095,2023-09-11 04:00:00,6403.06,6497.98
13096,2023-09-11 05:00:00,6623.9155,6896.11
13097,2023-09-11 06:00:00,7540.6475,7713.94
13098,2023-09-11 07:00:00,8547.754,8753.29
13099,2023-09-11 08:00:00,8031.4375,8170.15
13100,2023-09-11 09:00:00,6962.69,6912.69
13101,2023-09-11 10:00:00,6021.265,6040.13
13102,2023-09-11 11:00:00,5472.2964,5510.43
13103,2023-09-11 12:00:00,5239.064,5303.05
13104,2023-09-11 13:00:00,5290.392,5362.21
13105,2023-09-11 14:00:00,5785.424,5479.27
13106,2023-09-11 15:00:00,6132.764,6063.26
13107,2023-09-11 16:00:00,7124.949,7051.43
13108,2023-09-11 17:00:00,8180.2573,8194.34
13109,2023-09-11 18:00:00,9255.299,9517.76
13110,2023-09-11 19:00:00,9338.845,9719.76
13111,2023-09-11 20:00:00,9210.096,9350.49
13112,2023-09-11 21:00:00,8933.334,8911.69
13113,2023-09-11 22:00:00,8480.236,8398.03
13114,2023-09-11 23:00:00,8114.023,8076.42
13115,2023-09-12 00:00:00,7875.9463,7892.21
13116,2023-09-12 01:00:00,7563.4263,7606.84
13117,2023-09-12 02:00:00,7193.467,7133.25
13118,2023-09-12 03:00:00,6727.4077,6720.38
13119,2023-09-12 04:00:00,6543.2183,6570.93
13120,2023-09-12 05:00:00,6816.6113,6819.73
13121,2023-09-12 06:00:00,7543.915,7793.58
13122,2023-09-12 07:00:00,8786.608,8495.92
13123,2023-09-12 08:00:00,7905.703,8079.85
13124,2023-09-12 09:00:00,6884.517,6927.43
13125,2023-09-12 10:00:00,6047.794,6064.71
13126,2023-09-12 11:00:00,5469.2637,5773.89
13127,2023-09-12 12:00:00,5575.58,5543.56
13128,2023-09-12 13:00:00,5532.449,5953.84
13129,2023-09-12 14:00:00,6459.79,6109.55
13130,2023-09-12 15:00:00,6721.733,6681.71
13131,2023-09-12 16:00:00,7589.384,7285.13
13132,2023-09-12 17:00:00,8418.417,8276.74
13133,2023-09-12 18:00:00,9438.16,9256.04
13134,2023-09-12 19:00:00,9361.591,9411.52
13135,2023-09-12 20:00:00,8984.191,8681.96
13136,2023-09-12 21:00:00,8369.637,8605.32
13137,2023-09-12 22:00:00,8140.4224,8185.44
13138,2023-09-12 23:00:00,7955.516,7893.53
13139,2023-09-13 00:00:00,7717.68,7736.09
13140,2023-09-13 01:00:00,7440.658,7473.12
13141,2023-09-13 02:00:00,7052.5874,7102.04
13142,2023-09-13 03:00:00,6705.5894,6640.62
13143,2023-09-13 04:00:00,6539.2515,6556.54
13144,2023-09-13 05:00:00,6885.445,6814.07
13145,2023-09-13 06:00:00,7643.1875,7671.35
13146,2023-09-13 07:00:00,8580.829,8405.37
13147,2023-09-13 08:00:00,7798.4824,7763.68
13148,2023-09-13 09:00:00,6613.5693,6356.52
13149,2023-09-13 10:00:00,5562.186,5544.28
13150,2023-09-13 11:00:00,5080.986,5164.61
13151,2023-09-13 12:00:00,5000.61,4886.01
13152,2023-09-13 13:00:00,4923.8335,5002.86
13153,2023-09-13 14:00:00,5450.7505,5315.98
13154,2023-09-13 15:00:00,5861.5605,5737.72
13155,2023-09-13 16:00:00,6759.11,6912.89
13156,2023-09-13 17:00:00,8094.1704,7875.66
13157,2023-09-13 18:00:00,8990.636,8933.88
13158,2023-09-13 19:00:00,9032.653,9035.28
13159,2023-09-13 20:00:00,8644.207,8595.21
13160,2023-09-13 21:00:00,8283.597,8373.39
13161,2023-09-13 22:00:00,7959.235,7970.66
13162,2023-09-13 23:00:00,7757.57,7764.78
13163,2023-09-14 00:00:00,7585.5024,7564.17
13164,2023-09-14 01:00:00,7336.998,7306.41
13165,2023-09-14 02:00:00,6883.5186,6892.27
13166,2023-09-14 03:00:00,6519.4688,6491.61
13167,2023-09-14 04:00:00,6435.868,6363.36
13168,2023-09-14 05:00:00,6591.6963,6617.52
13169,2023-09-14 06:00:00,7303.5957,7332.73
13170,2023-09-14 07:00:00,8282.427,7969.01
13171,2023-09-14 08:00:00,7498.041,7431.36
13172,2023-09-14 09:00:00,6291.35,6197.78
13173,2023-09-14 10:00:00,5318.5483,5494.25
13174,2023-09-14 11:00:00,4930.613,5128.66
13175,2023-09-14 12:00:00,4906.252,4979.72
13176,2023-09-14 13:00:00,5024.165,5059.78
13177,2023-09-14 14:00:00,5400.31,5385.78
13178,2023-09-14 15:00:00,5915.3364,6054.03
13179,2023-09-14 16:00:00,7091.9355,7105.13
13180,2023-09-14 17:00:00,8133.5156,8024.25
13181,2023-09-14 18:00:00,9060.41,8778.67
13182,2023-09-14 19:00:00,8984.411,8758.59
13183,2023-09-14 20:00:00,8378.294,8358.32
13184,2023-09-14 21:00:00,8090.2295,8102.26
13185,2023-09-14 22:00:00,7784.672,7618.67
13186,2023-09-14 23:00:00,7542.332,7556.98
13187,2023-09-15 00:00:00,7415.082,7352.03
13188,2023-09-15 01:00:00,7109.395,7104.73
13189,2023-09-15 02:00:00,6723.138,6679.89
13190,2023-09-15 03:00:00,6413.6294,6346.96
13191,2023-09-15 04:00:00,6310.1816,6115.49
13192,2023-09-15 05:00:00,6449.919,6416.2
13193,2023-09-15 06:00:00,7040.0537,7088.07
13194,2023-09-15 07:00:00,7746.855,7623.28
13195,2023-09-15 08:00:00,7535.435,7046.81
13196,2023-09-15 09:00:00,6130.584,6219.21
13197,2023-09-15 10:00:00,5470.602,5655.72
13198,2023-09-15 11:00:00,5169.6924,5145.84
13199,2023-09-15 12:00:00,4897.9443,5144.79
13200,2023-09-15 13:00:00,5175.804,5058.38
13201,2023-09-15 14:00:00,5367.1123,5357.41
13202,2023-09-15 15:00:00,5925.0825,6140.05
13203,2023-09-15 16:00:00,7150.4263,7001.95
13204,2023-09-15 17:00:00,8012.948,7745.14
13205,2023-09-15 18:00:00,8749.747,8418.97
13206,2023-09-15 19:00:00,8670.599,8257.55
13207,2023-09-15 20:00:00,8018.97,7915.81
13208,2023-09-15 21:00:00,7640.6777,7731.43
13209,2023-09-15 22:00:00,7496.28,7376.36
13210,2023-09-15 23:00:00,7252.19,7322.18
13211,2023-09-16 00:00:00,7199.861,7168.04
13212,2023-09-16 01:00:00,6939.864,6894.72
13213,2023-09-16 02:00:00,6539.422,6478.99
13214,2023-09-16 03:00:00,6212.719,6012.35
13215,2023-09-16 04:00:00,5894.232,5873.49
13216,2023-09-16 05:00:00,6228.0513,5980.15
13217,2023-09-16 06:00:00,6422.634,6223.15
13218,2023-09-16 07:00:00,6633.2344,6184.59
13219,2023-09-16 08:00:00,5828.9575,5744.29
13220,2023-09-16 09:00:00,5098.804,5249.26
13221,2023-09-16 10:00:00,4639.0684,4691.39
13222,2023-09-16 11:00:00,4314.6934,4402.63
13223,2023-09-16 12:00:00,4268.1113,4439.6
13224,2023-09-16 13:00:00,4428.245,4606.67
13225,2023-09-16 14:00:00,5017.8955,4995.66
13226,2023-09-16 15:00:00,5581.2925,5727.93
13227,2023-09-16 16:00:00,6732.4326,6787.69
13228,2023-09-16 17:00:00,7777.285,7787.32
13229,2023-09-16 18:00:00,8536.574,8103.37
13230,2023-09-16 19:00:00,7987.493,8074.66
13231,2023-09-16 20:00:00,7804.4473,7535.43
13232,2023-09-16 21:00:00,7317.326,7398.4
13233,2023-09-16 22:00:00,7188.147,7076.93
13234,2023-09-16 23:00:00,6949.1826,7021.41
13235,2023-09-17 00:00:00,6905.119,6761.19
13236,2023-09-17 01:00:00,6517.781,6430.57
13237,2023-09-17 02:00:00,6156.7183,6055.86
13238,2023-09-17 03:00:00,5824.5493,5791.67
13239,2023-09-17 04:00:00,5733.652,5666.87
13240,2023-09-17 05:00:00,5903.172,5668.32
13241,2023-09-17 06:00:00,5921.264,5913.52
13242,2023-09-17 07:00:00,6086.953,5749.78
13243,2023-09-17 08:00:00,5292.531,5311.09
13244,2023-09-17 09:00:00,4708.5986,4876.51
13245,2023-09-17 10:00:00,4357.159,4371.0
13246,2023-09-17 11:00:00,4203.191,4211.15
13247,2023-09-17 12:00:00,4168.524,4328.95
13248,2023-09-17 13:00:00,4534.0234,4497.15
13249,2023-09-17 14:00:00,4932.3237,5001.27
13250,2023-09-17 15:00:00,5680.53,5798.08
13251,2023-09-17 16:00:00,6739.838,6937.06
13252,2023-09-17 17:00:00,7767.135,7949.46
13253,2023-09-17 18:00:00,8149.2124,8401.93
13254,2023-09-17 19:00:00,8067.511,8481.57
13255,2023-09-17 20:00:00,7949.7104,7902.0
13256,2023-09-17 21:00:00,7504.03,7576.22
13257,2023-09-17 22:00:00,7223.9927,7172.29
13258,2023-09-17 23:00:00,6977.1855,6952.78
13259,2023-09-18 00:00:00,6740.676,6830.2
13260,2023-09-18 01:00:00,6553.4673,6570.52
13261,2023-09-18 02:00:00,6240.9985,6106.48
13262,2023-09-18 03:00:00,5828.589,5879.93
13263,2023-09-18 04:00:00,5863.9126,5853.58
13264,2023-09-18 05:00:00,6020.681,6002.23
13265,2023-09-18 06:00:00,6290.774,6568.66
13266,2023-09-18 07:00:00,6600.685,6887.26
13267,2023-09-18 08:00:00,6096.0215,6465.21
13268,2023-09-18 09:00:00,5695.3765,5844.65
13269,2023-09-18 10:00:00,5176.2393,5500.03
13270,2023-09-18 11:00:00,5071.8433,5257.71
13271,2023-09-18 12:00:00,5154.2905,5551.79
13272,2023-09-18 13:00:00,5825.36,5956.23
13273,2023-09-18 14:00:00,6423.176,6536.24
13274,2023-09-18 15:00:00,7240.9443,7411.6
13275,2023-09-18 16:00:00,8223.497,8484.48
13276,2023-09-18 17:00:00,9253.799,9266.51
13277,2023-09-18 18:00:00,9362.959,9573.15
13278,2023-09-18 19:00:00,9161.434,9219.99
13279,2023-09-18 20:00:00,8874.253,8591.87
13280,2023-09-18 21:00:00,8228.449,7973.35
13281,2023-09-18 22:00:00,7691.1455,7673.15
13282,2023-09-18 23:00:00,7475.0767,7392.72
13283,2023-09-19 00:00:00,7187.1636,7194.93
13284,2023-09-19 01:00:00,6916.2676,6912.32
13285,2023-09-19 02:00:00,6569.004,6459.15
13286,2023-09-19 03:00:00,6261.176,6052.89
13287,2023-09-19 04:00:00,5967.3364,5923.6
13288,2023-09-19 05:00:00,6254.632,6173.35
13289,2023-09-19 06:00:00,6878.4307,6695.21
13290,2023-09-19 07:00:00,7156.186,7004.54
13291,2023-09-19 08:00:00,6475.2876,6546.27
13292,2023-09-19 09:00:00,5799.8296,6026.91
13293,2023-09-19 10:00:00,5506.185,5657.36
13294,2023-09-19 11:00:00,5417.5737,5640.11
13295,2023-09-19 12:00:00,5842.406,5822.62
13296,2023-09-19 13:00:00,6230.5,6181.71
13297,2023-09-19 14:00:00,6763.4814,6715.08
13298,2023-09-19 15:00:00,7523.9204,7574.82
13299,2023-09-19 16:00:00,8526.159,8695.17
13300,2023-09-19 17:00:00,9456.84,9442.92
13301,2023-09-19 18:00:00,9579.128,9691.96
13302,2023-09-19 19:00:00,9220.91,9264.28
13303,2023-09-19 20:00:00,8700.303,8584.51
13304,2023-09-19 21:00:00,8010.533,8171.51
13305,2023-09-19 22:00:00,7791.7837,7609.52
13306,2023-09-19 23:00:00,7373.235,7419.22
13307,2023-09-20 00:00:00,7232.5654,7234.86
13308,2023-09-20 01:00:00,6956.446,6960.93
13309,2023-09-20 02:00:00,6558.9473,6400.57
13310,2023-09-20 03:00:00,6101.87,6076.84
13311,2023-09-20 04:00:00,6001.0493,6062.64
13312,2023-09-20 05:00:00,6390.891,6053.83
13313,2023-09-20 06:00:00,6583.5894,6646.66
13314,2023-09-20 07:00:00,6960.746,6990.87
13315,2023-09-20 08:00:00,6510.0693,6669.7
13316,2023-09-20 09:00:00,6024.393,6232.26
13317,2023-09-20 10:00:00,5743.3496,5855.5
13318,2023-09-20 11:00:00,5684.0693,5728.75
13319,2023-09-20 12:00:00,5934.959,5874.84
13320,2023-09-20 13:00:00,6222.1265,6236.36
13321,2023-09-20 14:00:00,6784.13,6954.84
13322,2023-09-20 15:00:00,7773.6323,7864.6
13323,2023-09-20 16:00:00,8828.604,9053.14
13324,2023-09-20 17:00:00,9629.839,9688.02
13325,2023-09-20 18:00:00,9744.183,9849.81
13326,2023-09-20 19:00:00,9383.737,9676.53
13327,2023-09-20 20:00:00,8990.164,8966.97
13328,2023-09-20 21:00:00,8372.668,8434.49
13329,2023-09-20 22:00:00,7920.621,7786.77
13330,2023-09-20 23:00:00,7480.94,7492.62
13331,2023-09-21 00:00:00,7245.0273,7248.13
13332,2023-09-21 01:00:00,6936.2964,6891.5
13333,2023-09-21 02:00:00,6461.7285,6416.02
13334,2023-09-21 03:00:00,6096.6562,6175.73
13335,2023-09-21 04:00:00,6100.049,6013.8
13336,2023-09-21 05:00:00,6155.8257,6193.36
13337,2023-09-21 06:00:00,6629.2544,6726.03
13338,2023-09-21 07:00:00,7060.987,7022.58
13339,2023-09-21 08:00:00,6623.1895,6470.02
13340,2023-09-21 09:00:00,5971.365,5807.73
13341,2023-09-21 10:00:00,5497.9346,5326.51
13342,2023-09-21 11:00:00,5153.7715,5122.72
13343,2023-09-21 12:00:00,5204.9785,5205.4
13344,2023-09-21 13:00:00,5552.2886,5427.29
13345,2023-09-21 14:00:00,5940.26,5684.03
13346,2023-09-21 15:00:00,6540.11,6204.09
13347,2023-09-21 16:00:00,7207.0825,7282.9
13348,2023-09-21 17:00:00,8201.42,8075.9
13349,2023-09-21 18:00:00,8360.668,8619.77
13350,2023-09-21 19:00:00,8397.666,8716.47
13351,2023-09-21 20:00:00,8242.214,8274.47
13352,2023-09-21 21:00:00,7896.6177,7969.75
13353,2023-09-21 22:00:00,7632.023,7539.65
13354,2023-09-21 23:00:00,7353.449,7546.39
13355,2023-09-22 00:00:00,7345.2993,7400.1
13356,2023-09-22 01:00:00,7071.861,7102.44
13357,2023-09-22 02:00:00,6635.886,6681.54
13358,2023-09-22 03:00:00,6307.3267,6237.3
13359,2023-09-22 04:00:00,6083.0674,6099.8
13360,2023-09-22 05:00:00,6222.701,6374.24
13361,2023-09-22 06:00:00,6865.884,6990.07
13362,2023-09-22 07:00:00,7267.402,7309.24
13363,2023-09-22 08:00:00,6702.073,7098.19
13364,2023-09-22 09:00:00,6436.226,6407.44
13365,2023-09-22 10:00:00,5856.7974,6063.41
13366,2023-09-22 11:00:00,5795.834,5734.93
13367,2023-09-22 12:00:00,5682.36,5497.24
13368,2023-09-22 13:00:00,5629.5967,5822.22
13369,2023-09-22 14:00:00,6276.915,5738.43
13370,2023-09-22 15:00:00,6204.7344,5993.34
13371,2023-09-22 16:00:00,6770.0796,6904.71
13372,2023-09-22 17:00:00,7829.34,7752.11
13373,2023-09-22 18:00:00,8377.923,8547.27
13374,2023-09-22 19:00:00,8624.005,8506.2
13375,2023-09-22 20:00:00,8153.879,8172.81
13376,2023-09-22 21:00:00,7881.73,8042.45
13377,2023-09-22 22:00:00,7694.076,7766.82
13378,2023-09-22 23:00:00,7593.43,7613.89
13379,2023-09-23 00:00:00,7479.37,7454.3
13380,2023-09-23 01:00:00,7219.3467,7259.14
13381,2023-09-23 02:00:00,6907.3345,6794.81
13382,2023-09-23 03:00:00,6392.6294,6420.58
13383,2023-09-23 04:00:00,6224.031,6220.5
13384,2023-09-23 05:00:00,6277.989,6233.27
13385,2023-09-23 06:00:00,6519.6074,6371.16
13386,2023-09-23 07:00:00,6583.8267,6581.59
13387,2023-09-23 08:00:00,6283.299,6198.86
13388,2023-09-23 09:00:00,5661.4214,5656.74
13389,2023-09-23 10:00:00,5138.7217,5445.17
13390,2023-09-23 11:00:00,5185.9453,5463.61
13391,2023-09-23 12:00:00,5505.406,5345.79
13392,2023-09-23 13:00:00,5523.8037,5141.17
13393,2023-09-23 14:00:00,5315.547,5230.72
13394,2023-09-23 15:00:00,5730.261,5461.91
13395,2023-09-23 16:00:00,6268.4443,6348.36
13396,2023-09-23 17:00:00,7366.551,7322.82
13397,2023-09-23 18:00:00,8101.5015,8044.97
13398,2023-09-23 19:00:00,8182.7314,8100.55
13399,2023-09-23 20:00:00,7874.5757,7807.39
13400,2023-09-23 21:00:00,7544.9336,7639.93
13401,2023-09-23 22:00:00,7407.7305,7472.92
13402,2023-09-23 23:00:00,7371.955,7351.69
13403,2023-09-24 00:00:00,7235.122,7051.13
13404,2023-09-24 01:00:00,6807.72,6812.99
13405,2023-09-24 02:00:00,6489.4683,6375.71
13406,2023-09-24 03:00:00,6037.6294,6173.69
13407,2023-09-24 04:00:00,6050.1934,5967.93
13408,2023-09-24 05:00:00,5995.672,5976.47
13409,2023-09-24 06:00:00,6200.996,6123.85
13410,2023-09-24 07:00:00,6318.323,6133.91
13411,2023-09-24 08:00:00,5763.3164,6004.41
13412,2023-09-24 09:00:00,5462.4917,5606.06
13413,2023-09-24 10:00:00,5166.3027,5172.02
13414,2023-09-24 11:00:00,4819.3677,5017.21
13415,2023-09-24 12:00:00,4936.658,4294.0
13416,2023-09-24 13:00:00,4339.226,4043.98
13417,2023-09-24 14:00:00,4285.805,4254.58
13418,2023-09-24 15:00:00,4664.397,4917.09
13419,2023-09-24 16:00:00,5710.991,5982.38
13420,2023-09-24 17:00:00,6975.7026,7100.94
13421,2023-09-24 18:00:00,7888.973,7956.53
13422,2023-09-24 19:00:00,8089.105,8332.08
13423,2023-09-24 20:00:00,7949.1724,7951.2
13424,2023-09-24 21:00:00,7595.2183,7621.36
13425,2023-09-24 22:00:00,7309.871,7246.34
13426,2023-09-24 23:00:00,7063.5586,7176.5
13427,2023-09-25 00:00:00,7021.592,6937.99
13428,2023-09-25 01:00:00,6724.9087,6689.37
13429,2023-09-25 02:00:00,6311.27,6256.26
13430,2023-09-25 03:00:00,5936.4307,6001.48
13431,2023-09-25 04:00:00,5888.5664,5977.79
13432,2023-09-25 05:00:00,6120.554,6259.02
13433,2023-09-25 06:00:00,6634.794,6715.46
13434,2023-09-25 07:00:00,6997.9434,6863.61
13435,2023-09-25 08:00:00,6433.4614,6342.46
13436,2023-09-25 09:00:00,5710.733,5655.12
13437,2023-09-25 10:00:00,5183.6357,5073.29
13438,2023-09-25 11:00:00,4698.094,4711.31
13439,2023-09-25 12:00:00,4610.4053,4717.12
13440,2023-09-25 13:00:00,4888.2964,4842.13
13441,2023-09-25 14:00:00,5215.748,5271.46
13442,2023-09-25 15:00:00,5939.5273,6030.11
13443,2023-09-25 16:00:00,7070.96,7064.06
13444,2023-09-25 17:00:00,8093.0327,8018.22
13445,2023-09-25 18:00:00,8676.082,8593.54
13446,2023-09-25 19:00:00,8493.263,8564.21
13447,2023-09-25 20:00:00,8139.5005,8132.42
13448,2023-09-25 21:00:00,7805.054,7854.1
13449,2023-09-25 22:00:00,7531.795,7385.36
13450,2023-09-25 23:00:00,7225.005,7326.09
13451,2023-09-26 00:00:00,7165.8613,7259.56
13452,2023-09-26 01:00:00,7004.28,6965.4
13453,2023-09-26 02:00:00,6603.8066,6514.56
13454,2023-09-26 03:00:00,6165.1226,6179.84
13455,2023-09-26 04:00:00,6036.6025,6116.99
13456,2023-09-26 05:00:00,6353.279,6281.13
13457,2023-09-26 06:00:00,6762.871,6668.11
13458,2023-09-26 07:00:00,7007.591,6903.6
13459,2023-09-26 08:00:00,6440.893,6613.34
13460,2023-09-26 09:00:00,5930.866,6155.21
13461,2023-09-26 10:00:00,5618.4956,5964.12
13462,2023-09-26 11:00:00,5702.9614,5637.93
13463,2023-09-26 12:00:00,5674.715,6034.69
13464,2023-09-26 13:00:00,6403.5376,5873.08
13465,2023-09-26 14:00:00,6324.9707,5993.97
13466,2023-09-26 15:00:00,6632.1704,6294.58
13467,2023-09-26 16:00:00,7182.834,7443.75
13468,2023-09-26 17:00:00,8553.795,7979.93
13469,2023-09-26 18:00:00,8602.913,8554.83
13470,2023-09-26 19:00:00,8530.75,8615.32
13471,2023-09-26 20:00:00,8179.245,8157.47
13472,2023-09-26 21:00:00,7814.892,7837.24
13473,2023-09-26 22:00:00,7515.812,7435.64
13474,2023-09-26 23:00:00,7264.4023,7371.05
13475,2023-09-27 00:00:00,7244.281,7289.74
13476,2023-09-27 01:00:00,7043.0737,7044.29
13477,2023-09-27 02:00:00,6632.2983,6574.98
13478,2023-09-27 03:00:00,6204.011,6218.24
13479,2023-09-27 04:00:00,6091.446,6070.9
13480,2023-09-27 05:00:00,6165.1826,6204.74
13481,2023-09-27 06:00:00,6663.957,6634.26
13482,2023-09-27 07:00:00,6962.0386,7006.66
13483,2023-09-27 08:00:00,6581.26,6741.17
13484,2023-09-27 09:00:00,6190.86,6385.39
13485,2023-09-27 10:00:00,5917.0044,6008.55
13486,2023-09-27 11:00:00,5748.592,5540.48
13487,2023-09-27 12:00:00,5588.582,5378.19
13488,2023-09-27 13:00:00,5685.3057,5482.4
13489,2023-09-27 14:00:00,5788.3413,5843.96
13490,2023-09-27 15:00:00,6366.888,6533.53
13491,2023-09-27 16:00:00,7534.4736,7438.87
13492,2023-09-27 17:00:00,8275.193,8174.99
13493,2023-09-27 18:00:00,8663.252,8633.23
13494,2023-09-27 19:00:00,8519.056,8564.26
13495,2023-09-27 20:00:00,8099.6313,8194.56
13496,2023-09-27 21:00:00,7751.6655,7882.65
13497,2023-09-27 22:00:00,7499.555,7536.9
13498,2023-09-27 23:00:00,7353.9927,7547.04
13499,2023-09-28 00:00:00,7345.5596,7352.42
13500,2023-09-28 01:00:00,7067.436,7107.78
13501,2023-09-28 02:00:00,6676.565,6632.79
13502,2023-09-28 03:00:00,6219.395,6289.92
13503,2023-09-28 04:00:00,6153.6143,6154.87
13504,2023-09-28 05:00:00,6241.622,6407.72
13505,2023-09-28 06:00:00,6799.587,6694.03
13506,2023-09-28 07:00:00,7009.478,7007.98
13507,2023-09-28 08:00:00,6668.8887,6993.47
13508,2023-09-28 09:00:00,6428.8037,6977.07
13509,2023-09-28 10:00:00,6432.3633,6519.25
13510,2023-09-28 11:00:00,6087.7236,6330.36
13511,2023-09-28 12:00:00,6106.368,6107.21
13512,2023-09-28 13:00:00,6117.709,6377.06
13513,2023-09-28 14:00:00,6582.3486,5915.04
13514,2023-09-28 15:00:00,6228.743,6249.36
13515,2023-09-28 16:00:00,7070.07,6961.93
13516,2023-09-28 17:00:00,7865.62,8011.62
13517,2023-09-28 18:00:00,8535.388,8592.3
13518,2023-09-28 19:00:00,8565.349,8666.37
13519,2023-09-28 20:00:00,8261.476,8206.34
13520,2023-09-28 21:00:00,7862.5933,8064.79
13521,2023-09-28 22:00:00,7663.9536,7677.54
13522,2023-09-28 23:00:00,7496.1074,7674.45
13523,2023-09-29 00:00:00,7476.0513,7457.44
13524,2023-09-29 01:00:00,7189.0913,7160.61
13525,2023-09-29 02:00:00,6726.766,6685.24
13526,2023-09-29 03:00:00,6336.6465,6310.29
13527,2023-09-29 04:00:00,6143.504,6193.32
13528,2023-09-29 05:00:00,6344.8027,6389.79
13529,2023-09-29 06:00:00,6750.169,6696.17
13530,2023-09-29 07:00:00,7023.368,6812.01
13531,2023-09-29 08:00:00,6728.1245,6215.35
13532,2023-09-29 09:00:00,5694.2095,5589.76
13533,2023-09-29 10:00:00,5142.262,5198.98
13534,2023-09-29 11:00:00,4851.7373,4947.41
13535,2023-09-29 12:00:00,4818.8823,4918.88
13536,2023-09-29 13:00:00,5040.2275,5010.06
13537,2023-09-29 14:00:00,5246.7227,5626.31
13538,2023-09-29 15:00:00,6173.8794,6369.36
13539,2023-09-29 16:00:00,7293.43,7282.83
13540,2023-09-29 17:00:00,8085.2305,8085.89
13541,2023-09-29 18:00:00,8515.12,8479.38
13542,2023-09-29 19:00:00,8391.104,8436.08
13543,2023-09-29 20:00:00,8039.348,7944.31
13544,2023-09-29 21:00:00,7676.622,7715.4
13545,2023-09-29 22:00:00,7481.1133,7483.18
13546,2023-09-29 23:00:00,7415.9707,7352.61
13547,2023-09-30 00:00:00,7221.4814,7347.17
13548,2023-09-30 01:00:00,7065.3877,7084.15
13549,2023-09-30 02:00:00,6655.88,6530.39
13550,2023-09-30 03:00:00,6201.7593,6170.44
13551,2023-09-30 04:00:00,6081.043,5970.16
13552,2023-09-30 05:00:00,6064.065,6064.21
13553,2023-09-30 06:00:00,6338.73,6143.17
13554,2023-09-30 07:00:00,6289.256,5994.31
13555,2023-09-30 08:00:00,5547.875,5570.43
13556,2023-09-30 09:00:00,5101.4883,5028.31
13557,2023-09-30 10:00:00,4684.851,4487.31
13558,2023-09-30 11:00:00,4226.9644,4247.87
13559,2023-09-30 12:00:00,4206.1006,4243.22
13560,2023-09-30 13:00:00,4398.793,4411.17
13561,2023-09-30 14:00:00,4835.871,4884.92
13562,2023-09-30 15:00:00,5571.6523,5732.96
13563,2023-09-30 16:00:00,6855.2075,6821.15
13564,2023-09-30 17:00:00,7789.5186,7829.35
13565,2023-09-30 18:00:00,8230.842,8171.24
13566,2023-09-30 19:00:00,8061.073,8166.15
13567,2023-09-30 20:00:00,7746.786,7735.35
13568,2023-09-30 21:00:00,7462.666,7454.84
13569,2023-09-30 22:00:00,7243.3413,7093.91
13570,2023-09-30 23:00:00,7025.2515,7100.67
13571,2023-10-01 00:00:00,6992.1445,6854.77
13572,2023-10-01 01:00:00,6624.029,6548.21
13573,2023-10-01 02:00:00,6174.8813,6123.09
13574,2023-10-01 03:00:00,5840.338,5902.91
13575,2023-10-01 04:00:00,5832.053,5781.27
13576,2023-10-01 05:00:00,5920.319,5841.94
13577,2023-10-01 06:00:00,6014.301,5902.5
13578,2023-10-01 07:00:00,5834.726,5644.97
13579,2023-10-01 08:00:00,5237.161,5166.82
13580,2023-10-01 09:00:00,4694.43,4861.79
13581,2023-10-01 10:00:00,4382.692,4525.9
13582,2023-10-01 11:00:00,4262.4067,4421.1
13583,2023-10-01 12:00:00,4474.713,4589.6
13584,2023-10-01 13:00:00,4854.3354,5169.89
13585,2023-10-01 14:00:00,5698.5713,5706.41
13586,2023-10-01 15:00:00,6484.5645,6768.94
13587,2023-10-01 16:00:00,7832.085,7899.48
13588,2023-10-01 17:00:00,8549.2295,8616.29
13589,2023-10-01 18:00:00,8686.591,8976.98
13590,2023-10-01 19:00:00,8620.037,8607.15
13591,2023-10-01 20:00:00,8202.519,8224.24
13592,2023-10-01 21:00:00,7833.886,7660.77
13593,2023-10-01 22:00:00,7383.123,7434.94
13594,2023-10-01 23:00:00,7307.25,7028.48
13595,2023-10-02 00:00:00,6881.203,6764.85
13596,2023-10-02 01:00:00,6511.734,6279.9
13597,2023-10-02 02:00:00,5965.39,5903.37
13598,2023-10-02 03:00:00,5720.3774,5823.23
13599,2023-10-02 04:00:00,5889.9243,5829.95
13600,2023-10-02 05:00:00,6028.859,5827.93
13601,2023-10-02 06:00:00,5982.66,5974.84
13602,2023-10-02 07:00:00,5715.672,5757.21
13603,2023-10-02 08:00:00,5274.957,5469.26
13604,2023-10-02 09:00:00,5022.182,5208.62
13605,2023-10-02 10:00:00,4834.242,4747.24
13606,2023-10-02 11:00:00,4606.746,4293.1
13607,2023-10-02 12:00:00,4467.5557,4167.32
13608,2023-10-02 13:00:00,4421.974,4369.76
13609,2023-10-02 14:00:00,4900.041,4831.5
13610,2023-10-02 15:00:00,5723.3125,5627.96
13611,2023-10-02 16:00:00,6842.004,6798.32
13612,2023-10-02 17:00:00,7875.3423,7775.72
13613,2023-10-02 18:00:00,8178.4824,8220.75
13614,2023-10-02 19:00:00,8076.4526,7975.14
13615,2023-10-02 20:00:00,7550.7563,7510.89
13616,2023-10-02 21:00:00,7220.6704,7252.09
13617,2023-10-02 22:00:00,7038.511,7191.46
13618,2023-10-02 23:00:00,7025.6543,7041.18
13619,2023-10-03 00:00:00,6821.0767,6764.58
13620,2023-10-03 01:00:00,6446.5464,6370.3
13621,2023-10-03 02:00:00,6014.431,6113.42
13622,2023-10-03 03:00:00,5916.0225,6014.77
13623,2023-10-03 04:00:00,6025.777,6087.52
13624,2023-10-03 05:00:00,6215.0376,6475.27
13625,2023-10-03 06:00:00,6758.121,6975.37
13626,2023-10-03 07:00:00,6885.4863,6993.68
13627,2023-10-03 08:00:00,6460.938,6538.4
13628,2023-10-03 09:00:00,6050.467,6285.31
13629,2023-10-03 10:00:00,5952.601,5858.53
13630,2023-10-03 11:00:00,5655.5093,5998.8
13631,2023-10-03 12:00:00,6210.994,6204.19
13632,2023-10-03 13:00:00,6493.8037,6572.77
13633,2023-10-03 14:00:00,7126.185,7346.04
13634,2023-10-03 15:00:00,8201.353,8373.16
13635,2023-10-03 16:00:00,9261.372,9460.1
13636,2023-10-03 17:00:00,9851.822,9585.09
13637,2023-10-03 18:00:00,9469.297,9620.03
13638,2023-10-03 19:00:00,9160.533,9220.06
13639,2023-10-03 20:00:00,8708.18,8661.13
13640,2023-10-03 21:00:00,8200.267,7981.77
13641,2023-10-03 22:00:00,7597.045,7808.17
13642,2023-10-03 23:00:00,7617.1035,7494.3
13643,2023-10-04 00:00:00,7235.9976,7194.66
13644,2023-10-04 01:00:00,6866.2754,6665.57
13645,2023-10-04 02:00:00,6337.9595,6248.34
13646,2023-10-04 03:00:00,6094.812,6139.73
13647,2023-10-04 04:00:00,6189.7173,6376.05
13648,2023-10-04 05:00:00,6781.3965,6752.77
13649,2023-10-04 06:00:00,7142.0483,7357.09
13650,2023-10-04 07:00:00,7170.8867,7686.16
13651,2023-10-04 08:00:00,7102.9395,7808.63
13652,2023-10-04 09:00:00,7150.8926,7533.18
13653,2023-10-04 10:00:00,7035.2026,7224.32
13654,2023-10-04 11:00:00,6946.7383,7551.92
13655,2023-10-04 12:00:00,7765.9414,7600.04
13656,2023-10-04 13:00:00,7885.661,7754.0
13657,2023-10-04 14:00:00,8252.829,8016.56
13658,2023-10-04 15:00:00,8833.303,8179.08
13659,2023-10-04 16:00:00,9008.824,8547.34
13660,2023-10-04 17:00:00,9187.509,8691.68
13661,2023-10-04 18:00:00,8641.252,8751.81
13662,2023-10-04 19:00:00,8502.517,8325.01
13663,2023-10-04 20:00:00,7964.713,7956.22
13664,2023-10-04 21:00:00,7656.425,7487.88
13665,2023-10-04 22:00:00,7326.518,7375.07
13666,2023-10-04 23:00:00,7290.228,7157.14
13667,2023-10-05 00:00:00,6933.167,6954.02
13668,2023-10-05 01:00:00,6588.572,6521.32
13669,2023-10-05 02:00:00,6222.614,6181.31
13670,2023-10-05 03:00:00,6090.36,6009.26
13671,2023-10-05 04:00:00,6106.315,6065.54
13672,2023-10-05 05:00:00,6469.7954,6560.0
13673,2023-10-05 06:00:00,7032.864,7195.64
13674,2023-10-05 07:00:00,7503.726,6949.37
13675,2023-10-05 08:00:00,6477.748,6299.68
13676,2023-10-05 09:00:00,5782.4473,5446.67
13677,2023-10-05 10:00:00,5031.492,4854.08
13678,2023-10-05 11:00:00,4688.119,4444.1
13679,2023-10-05 12:00:00,4467.9043,4354.22
13680,2023-10-05 13:00:00,4537.2393,4507.91
13681,2023-10-05 14:00:00,5018.0405,4998.87
13682,2023-10-05 15:00:00,5794.1426,5599.21
13683,2023-10-05 16:00:00,6659.6035,6568.83
13684,2023-10-05 17:00:00,7490.787,7529.76
13685,2023-10-05 18:00:00,8031.766,8238.97
13686,2023-10-05 19:00:00,8130.725,8390.91
13687,2023-10-05 20:00:00,7957.128,8030.43
13688,2023-10-05 21:00:00,7692.956,7571.48
13689,2023-10-05 22:00:00,7315.1187,7575.44
13690,2023-10-05 23:00:00,7405.196,7338.72
13691,2023-10-06 00:00:00,7115.014,7127.08
13692,2023-10-06 01:00:00,6825.0825,6717.87
13693,2023-10-06 02:00:00,6307.453,6247.73
13694,2023-10-06 03:00:00,6048.2046,6075.94
13695,2023-10-06 04:00:00,6058.2876,6331.83
13696,2023-10-06 05:00:00,6688.9243,6687.49
13697,2023-10-06 06:00:00,7049.199,7284.73
13698,2023-10-06 07:00:00,7139.6323,7081.5
13699,2023-10-06 08:00:00,6382.726,6392.12
13700,2023-10-06 09:00:00,5742.899,5568.78
13701,2023-10-06 10:00:00,5013.0107,5132.07
13702,2023-10-06 11:00:00,4874.0127,5135.49
13703,2023-10-06 12:00:00,5204.684,5680.79
13704,2023-10-06 13:00:00,6013.7593,5697.6
13705,2023-10-06 14:00:00,6023.805,5848.08
13706,2023-10-06 15:00:00,6472.7,6548.29
13707,2023-10-06 16:00:00,7454.0693,7221.85
13708,2023-10-06 17:00:00,8026.2417,7816.04
13709,2023-10-06 18:00:00,8260.966,8211.64
13710,2023-10-06 19:00:00,8164.817,8152.56
13711,2023-10-06 20:00:00,7883.502,7775.6
13712,2023-10-06 21:00:00,7589.0283,7584.02
13713,2023-10-06 22:00:00,7432.404,7434.04
13714,2023-10-06 23:00:00,7356.973,7262.58
13715,2023-10-07 00:00:00,7097.3467,7145.1
13716,2023-10-07 01:00:00,6868.668,6759.9
13717,2023-10-07 02:00:00,6357.585,6297.52
13718,2023-10-07 03:00:00,6093.351,6056.8
13719,2023-10-07 04:00:00,6054.967,6049.75
13720,2023-10-07 05:00:00,6248.169,6314.49
13721,2023-10-07 06:00:00,6560.1387,6579.94
13722,2023-10-07 07:00:00,6431.649,6375.36
13723,2023-10-07 08:00:00,5805.537,5801.5
13724,2023-10-07 09:00:00,5259.2974,5204.95
13725,2023-10-07 10:00:00,4833.9707,4615.2
13726,2023-10-07 11:00:00,4435.3667,4489.06
13727,2023-10-07 12:00:00,4476.121,4306.66
13728,2023-10-07 13:00:00,4490.7646,4252.79
13729,2023-10-07 14:00:00,4524.806,4443.38
13730,2023-10-07 15:00:00,5052.52,5001.04
13731,2023-10-07 16:00:00,5944.364,5997.02
13732,2023-10-07 17:00:00,7020.3276,7015.29
13733,2023-10-07 18:00:00,7839.1025,7637.48
13734,2023-10-07 19:00:00,7957.2764,7699.47
13735,2023-10-07 20:00:00,7507.965,7610.61
13736,2023-10-07 21:00:00,7362.9326,7303.23
13737,2023-10-07 22:00:00,7145.255,7228.4
13738,2023-10-07 23:00:00,7117.3887,7018.01
13739,2023-10-08 00:00:00,6844.6377,6795.87
13740,2023-10-08 01:00:00,6496.311,6375.55
13741,2023-10-08 02:00:00,6048.917,6028.82
13742,2023-10-08 03:00:00,5840.5107,5852.71
13743,2023-10-08 04:00:00,5841.654,5894.25
13744,2023-10-08 05:00:00,6027.6587,6061.01
13745,2023-10-08 06:00:00,6162.92,6264.06
13746,2023-10-08 07:00:00,5982.6113,6048.04
13747,2023-10-08 08:00:00,5510.83,5557.9
13748,2023-10-08 09:00:00,5069.914,4787.01
13749,2023-10-08 10:00:00,4401.4717,4560.23
13750,2023-10-08 11:00:00,4337.247,4284.23
13751,2023-10-08 12:00:00,4212.746,3985.18
13752,2023-10-08 13:00:00,4178.3296,3940.54
13753,2023-10-08 14:00:00,4237.455,4076.5
13754,2023-10-08 15:00:00,4728.2236,4646.06
13755,2023-10-08 16:00:00,5657.6475,5773.36
13756,2023-10-08 17:00:00,6875.3687,7086.75
13757,2023-10-08 18:00:00,7786.5093,7768.57
13758,2023-10-08 19:00:00,7794.733,7904.17
13759,2023-10-08 20:00:00,7596.9795,7629.85
13760,2023-10-08 21:00:00,7326.695,7207.96
13761,2023-10-08 22:00:00,7062.5317,6966.55
13762,2023-10-08 23:00:00,6877.1523,6796.7
13763,2023-10-09 00:00:00,6630.1294,6657.89
13764,2023-10-09 01:00:00,6367.2993,6321.42
13765,2023-10-09 02:00:00,6017.5176,6036.33
13766,2023-10-09 03:00:00,5852.642,5894.33
13767,2023-10-09 04:00:00,5886.051,6094.76
13768,2023-10-09 05:00:00,6306.105,6667.36
13769,2023-10-09 06:00:00,6986.603,7491.55
13770,2023-10-09 07:00:00,7309.23,7181.74
13771,2023-10-09 08:00:00,6391.3394,6151.59
13772,2023-10-09 09:00:00,5381.089,5291.29
13773,2023-10-09 10:00:00,4763.9087,4665.42
13774,2023-10-09 11:00:00,4354.9043,4481.5
13775,2023-10-09 12:00:00,4419.2974,4454.65
13776,2023-10-09 13:00:00,4646.794,4377.42
13777,2023-10-09 14:00:00,4597.573,4785.89
13778,2023-10-09 15:00:00,5527.1343,5505.25
13779,2023-10-09 16:00:00,6636.0444,6697.49
13780,2023-10-09 17:00:00,7715.9106,7705.38
13781,2023-10-09 18:00:00,8182.7617,8309.74
13782,2023-10-09 19:00:00,8244.853,8180.19
13783,2023-10-09 20:00:00,7808.085,7835.96
13784,2023-10-09 21:00:00,7515.9146,7474.27
13785,2023-10-09 22:00:00,7180.0044,7279.64
13786,2023-10-09 23:00:00,7102.504,7141.36
13787,2023-10-10 00:00:00,6914.8687,7015.87
13788,2023-10-10 01:00:00,6685.16,6664.11
13789,2023-10-10 02:00:00,6245.076,6220.6
13790,2023-10-10 03:00:00,6011.1377,6111.58
13791,2023-10-10 04:00:00,6153.9956,6201.16
13792,2023-10-10 05:00:00,6615.8594,6729.46
13793,2023-10-10 06:00:00,7366.4805,7449.03
13794,2023-10-10 07:00:00,7421.737,7303.87
13795,2023-10-10 08:00:00,6552.705,6588.14
13796,2023-10-10 09:00:00,6002.565,5950.71
13797,2023-10-10 10:00:00,5462.3154,5423.24
13798,2023-10-10 11:00:00,5287.2183,5107.31
13799,2023-10-10 12:00:00,5279.4033,4883.02
13800,2023-10-10 13:00:00,5013.1465,5003.57
13801,2023-10-10 14:00:00,5526.3823,5225.74
13802,2023-10-10 15:00:00,5877.24,6091.68
13803,2023-10-10 16:00:00,7179.4727,7053.62
13804,2023-10-10 17:00:00,7972.306,7903.14
13805,2023-10-10 18:00:00,8415.997,8315.86
13806,2023-10-10 19:00:00,8209.09,8238.09
13807,2023-10-10 20:00:00,7899.0483,7833.52
13808,2023-10-10 21:00:00,7522.162,7442.97
13809,2023-10-10 22:00:00,7237.214,7290.13
13810,2023-10-10 23:00:00,7184.105,7192.81
13811,2023-10-11 00:00:00,7040.899,6930.88
13812,2023-10-11 01:00:00,6674.3467,6529.03
13813,2023-10-11 02:00:00,6215.1494,6181.86
13814,2023-10-11 03:00:00,6057.4194,6084.07
13815,2023-10-11 04:00:00,6163.46,6118.18
13816,2023-10-11 05:00:00,6558.647,6724.29
13817,2023-10-11 06:00:00,7417.1777,7394.58
13818,2023-10-11 07:00:00,7620.333,7205.34
13819,2023-10-11 08:00:00,6525.8057,6394.57
13820,2023-10-11 09:00:00,5666.6064,5775.78
13821,2023-10-11 10:00:00,5235.2563,5110.34
13822,2023-10-11 11:00:00,4865.3735,4750.21
13823,2023-10-11 12:00:00,4725.811,4597.85
13824,2023-10-11 13:00:00,4744.681,4681.55
13825,2023-10-11 14:00:00,5046.052,5027.0
13826,2023-10-11 15:00:00,5755.351,5871.2
13827,2023-10-11 16:00:00,6897.149,6941.15
13828,2023-10-11 17:00:00,7847.215,8025.76
13829,2023-10-11 18:00:00,8391.247,8438.98
13830,2023-10-11 19:00:00,8292.591,8351.19
13831,2023-10-11 20:00:00,7937.871,7922.63
13832,2023-10-11 21:00:00,7506.806,7540.83
13833,2023-10-11 22:00:00,7349.8945,7299.9
13834,2023-10-11 23:00:00,7201.0645,7080.99
13835,2023-10-12 00:00:00,6890.0938,6838.01
13836,2023-10-12 01:00:00,6514.188,6460.56
13837,2023-10-12 02:00:00,6122.835,6083.55
13838,2023-10-12 03:00:00,5979.0537,5935.41
13839,2023-10-12 04:00:00,5987.0186,6048.14
13840,2023-10-12 05:00:00,6609.2344,6577.7
13841,2023-10-12 06:00:00,7272.3735,7316.04
13842,2023-10-12 07:00:00,7225.82,7023.83
13843,2023-10-12 08:00:00,6247.719,6109.87
13844,2023-10-12 09:00:00,5381.6807,5472.47
13845,2023-10-12 10:00:00,4914.719,5121.71
13846,2023-10-12 11:00:00,4847.998,5164.12
13847,2023-10-12 12:00:00,5260.6245,5176.19
13848,2023-10-12 13:00:00,5307.1973,5513.09
13849,2023-10-12 14:00:00,5852.0205,6158.13
13850,2023-10-12 15:00:00,6940.22,7235.07
13851,2023-10-12 16:00:00,8102.43,8089.06
13852,2023-10-12 17:00:00,8598.722,9217.65
13853,2023-10-12 18:00:00,9349.176,9318.77
13854,2023-10-12 19:00:00,9089.717,8988.23
13855,2023-10-12 20:00:00,8506.073,8365.91
13856,2023-10-12 21:00:00,7982.0933,7542.95
13857,2023-10-12 22:00:00,7297.341,7293.16
13858,2023-10-12 23:00:00,7160.259,7048.23
13859,2023-10-13 00:00:00,6868.7275,6862.88
13860,2023-10-13 01:00:00,6545.422,6379.41
13861,2023-10-13 02:00:00,6070.621,5959.9
13862,2023-10-13 03:00:00,5878.3706,5879.94
13863,2023-10-13 04:00:00,6002.0674,6054.59
13864,2023-10-13 05:00:00,6583.5454,6540.57
13865,2023-10-13 06:00:00,7156.2324,7183.85
13866,2023-10-13 07:00:00,6908.7393,6877.36
13867,2023-10-13 08:00:00,6093.1455,5913.13
13868,2023-10-13 09:00:00,5194.7266,5110.83
13869,2023-10-13 10:00:00,4705.0854,4619.76
13870,2023-10-13 11:00:00,4425.929,4375.9
13871,2023-10-13 12:00:00,4279.8613,4355.7
13872,2023-10-13 13:00:00,4499.9927,4461.93
13873,2023-10-13 14:00:00,4849.123,4758.58
13874,2023-10-13 15:00:00,5584.051,5633.09
13875,2023-10-13 16:00:00,6798.1826,6625.52
13876,2023-10-13 17:00:00,7607.7437,7630.6
13877,2023-10-13 18:00:00,8117.2627,7880.49
13878,2023-10-13 19:00:00,7771.547,7991.59
13879,2023-10-13 20:00:00,7587.33,7638.67
13880,2023-10-13 21:00:00,7346.52,7305.26
13881,2023-10-13 22:00:00,7134.004,7332.08
13882,2023-10-13 23:00:00,7180.4414,7096.11
13883,2023-10-14 00:00:00,6890.3794,6857.91
13884,2023-10-14 01:00:00,6523.817,6499.03
13885,2023-10-14 02:00:00,6114.415,6001.56
13886,2023-10-14 03:00:00,5879.6323,5815.41
13887,2023-10-14 04:00:00,5883.1626,5839.86
13888,2023-10-14 05:00:00,6160.1094,6104.87
13889,2023-10-14 06:00:00,6485.197,6221.65
13890,2023-10-14 07:00:00,6020.6206,5950.21
13891,2023-10-14 08:00:00,5393.802,5465.34
13892,2023-10-14 09:00:00,4872.1763,4829.07
13893,2023-10-14 10:00:00,4393.443,4543.52
13894,2023-10-14 11:00:00,4320.254,4160.22
13895,2023-10-14 12:00:00,4095.2053,4157.12
13896,2023-10-14 13:00:00,4247.4204,4203.06
13897,2023-10-14 14:00:00,4497.938,4623.92
13898,2023-10-14 15:00:00,5296.699,5414.06
13899,2023-10-14 16:00:00,6589.42,6610.7
13900,2023-10-14 17:00:00,7641.172,7259.97
13901,2023-10-14 18:00:00,7760.534,7727.6
13902,2023-10-14 19:00:00,7750.4434,7765.98
13903,2023-10-14 20:00:00,7501.4346,7479.31
13904,2023-10-14 21:00:00,7194.467,7210.04
13905,2023-10-14 22:00:00,7079.998,7121.26
13906,2023-10-14 23:00:00,7003.063,6844.78
13907,2023-10-15 00:00:00,6662.389,6617.92
13908,2023-10-15 01:00:00,6280.3145,6318.6
13909,2023-10-15 02:00:00,5973.502,6006.15
13910,2023-10-15 03:00:00,5878.8887,5838.5
13911,2023-10-15 04:00:00,5853.2827,5840.24
13912,2023-10-15 05:00:00,6039.787,5995.97
13913,2023-10-15 06:00:00,6218.9775,6039.28
13914,2023-10-15 07:00:00,5831.5244,5666.97
13915,2023-10-15 08:00:00,5173.1846,5131.71
13916,2023-10-15 09:00:00,4648.1147,4479.65
13917,2023-10-15 10:00:00,4154.3037,4023.86
13918,2023-10-15 11:00:00,3869.6116,4001.06
13919,2023-10-15 12:00:00,4016.0361,4049.62
13920,2023-10-15 13:00:00,4213.319,4118.69
13921,2023-10-15 14:00:00,4496.0776,4499.89
13922,2023-10-15 15:00:00,5350.692,5108.01
13923,2023-10-15 16:00:00,6320.2983,6267.9
13924,2023-10-15 17:00:00,7300.2505,7280.09
13925,2023-10-15 18:00:00,7759.21,7983.28
13926,2023-10-15 19:00:00,7929.92,7964.93
13927,2023-10-15 20:00:00,7545.5044,7691.77
13928,2023-10-15 21:00:00,7267.346,7249.49
13929,2023-10-15 22:00:00,7082.7725,7007.91
13930,2023-10-15 23:00:00,6874.802,6747.31
13931,2023-10-16 00:00:00,6582.4526,6549.38
13932,2023-10-16 01:00:00,6235.4927,6192.02
13933,2023-10-16 02:00:00,5933.889,5887.88
13934,2023-10-16 03:00:00,5809.669,5835.66
13935,2023-10-16 04:00:00,5907.1006,5987.03
13936,2023-10-16 05:00:00,6337.285,6397.32
13937,2023-10-16 06:00:00,6846.62,7036.63
13938,2023-10-16 07:00:00,6736.8677,6871.85
13939,2023-10-16 08:00:00,6009.4106,6429.82
13940,2023-10-16 09:00:00,5647.0483,5669.8
13941,2023-10-16 10:00:00,5020.413,5458.82
13942,2023-10-16 11:00:00,5339.2656,5435.5
13943,2023-10-16 12:00:00,5459.558,6097.02
13944,2023-10-16 13:00:00,6380.0117,5826.91
13945,2023-10-16 14:00:00,6125.323,6585.52
13946,2023-10-16 15:00:00,7459.4995,6703.12
13947,2023-10-16 16:00:00,7522.3623,7274.33
13948,2023-10-16 17:00:00,8012.6426,7839.29
13949,2023-10-16 18:00:00,8263.803,8403.01
13950,2023-10-16 19:00:00,8353.6,8374.62
13951,2023-10-16 20:00:00,7969.7676,8053.4
13952,2023-10-16 21:00:00,7676.1836,7558.33
13953,2023-10-16 22:00:00,7291.608,7329.29
13954,2023-10-16 23:00:00,7150.161,7271.27
13955,2023-10-17 00:00:00,7084.3945,7064.6
13956,2023-10-17 01:00:00,6751.033,6674.42
13957,2023-10-17 02:00:00,6298.576,6240.27
13958,2023-10-17 03:00:00,6070.889,6095.57
13959,2023-10-17 04:00:00,6154.4263,6248.2
13960,2023-10-17 05:00:00,6608.4863,6852.31
13961,2023-10-17 06:00:00,7453.049,7783.16
13962,2023-10-17 07:00:00,7624.0264,7580.85
13963,2023-10-17 08:00:00,6928.794,6775.29
13964,2023-10-17 09:00:00,6141.2783,5975.09
13965,2023-10-17 10:00:00,5460.7715,5617.26
13966,2023-10-17 11:00:00,5472.275,5537.22
13967,2023-10-17 12:00:00,5604.216,5261.83
13968,2023-10-17 13:00:00,5447.752,5232.53
13969,2023-10-17 14:00:00,5531.9375,5498.04
13970,2023-10-17 15:00:00,6226.473,6148.9
13971,2023-10-17 16:00:00,7052.2983,7017.23
13972,2023-10-17 17:00:00,7881.4355,7939.31
13973,2023-10-17 18:00:00,8367.418,8398.7
13974,2023-10-17 19:00:00,8307.227,8489.7
13975,2023-10-17 20:00:00,8142.228,8187.32
13976,2023-10-17 21:00:00,7768.956,7687.66
13977,2023-10-17 22:00:00,7401.6743,7494.03
13978,2023-10-17 23:00:00,7365.9863,7314.46
13979,2023-10-18 00:00:00,7101.44,7174.09
13980,2023-10-18 01:00:00,6825.9277,6781.43
13981,2023-10-18 02:00:00,6351.781,6334.07
13982,2023-10-18 03:00:00,6155.6562,6154.79
13983,2023-10-18 04:00:00,6205.463,6201.06
13984,2023-10-18 05:00:00,6628.433,6802.89
13985,2023-10-18 06:00:00,7565.2656,7600.32
13986,2023-10-18 07:00:00,7398.5044,7476.75
13987,2023-10-18 08:00:00,6744.1123,6675.87
13988,2023-10-18 09:00:00,5910.7036,6231.31
13989,2023-10-18 10:00:00,5676.9126,5920.77
13990,2023-10-18 11:00:00,5677.2456,5394.28
13991,2023-10-18 12:00:00,5278.5205,5045.44
13992,2023-10-18 13:00:00,5131.5513,4941.85
13993,2023-10-18 14:00:00,5284.0273,5038.9
13994,2023-10-18 15:00:00,5705.22,5532.34
13995,2023-10-18 16:00:00,6486.9907,6472.87
13996,2023-10-18 17:00:00,7531.3013,7609.32
13997,2023-10-18 18:00:00,8263.451,8159.68
13998,2023-10-18 19:00:00,8230.399,8183.04
13999,2023-10-18 20:00:00,7872.6333,7905.58
14000,2023-10-18 21:00:00,7539.4893,7408.74
14001,2023-10-18 22:00:00,7228.573,7401.43
14002,2023-10-18 23:00:00,7243.9473,7174.43
14003,2023-10-19 00:00:00,6950.073,7047.48
14004,2023-10-19 01:00:00,6678.082,6645.71
14005,2023-10-19 02:00:00,6236.254,6179.25
14006,2023-10-19 03:00:00,6056.8833,6110.05
14007,2023-10-19 04:00:00,6163.308,6186.02
14008,2023-10-19 05:00:00,6677.5913,6740.78
14009,2023-10-19 06:00:00,7522.973,7477.24
14010,2023-10-19 07:00:00,7204.9727,7440.32
14011,2023-10-19 08:00:00,6591.084,6713.23
14012,2023-10-19 09:00:00,5891.9214,6118.85
14013,2023-10-19 10:00:00,5592.127,5982.22
14014,2023-10-19 11:00:00,5772.6157,5834.0
14015,2023-10-19 12:00:00,5782.368,5303.53
14016,2023-10-19 13:00:00,5295.7627,5016.64
14017,2023-10-19 14:00:00,5198.298,4886.98
14018,2023-10-19 15:00:00,5367.7295,5495.98
14019,2023-10-19 16:00:00,6443.239,6630.16
14020,2023-10-19 17:00:00,7700.1543,7751.64
14021,2023-10-19 18:00:00,8267.76,8181.86
14022,2023-10-19 19:00:00,8138.8433,8318.91
14023,2023-10-19 20:00:00,7976.1006,8015.8
14024,2023-10-19 21:00:00,7576.7827,7504.31
14025,2023-10-19 22:00:00,7343.065,7445.7
14026,2023-10-19 23:00:00,7300.3945,7250.79
14027,2023-10-20 00:00:00,7038.791,7015.86
14028,2023-10-20 01:00:00,6668.158,6611.34
14029,2023-10-20 02:00:00,6197.936,6184.79
14030,2023-10-20 03:00:00,6056.944,6060.96
14031,2023-10-20 04:00:00,6120.68,6215.23
14032,2023-10-20 05:00:00,6707.8794,6730.56
14033,2023-10-20 06:00:00,7450.756,7333.5
14034,2023-10-20 07:00:00,7219.986,6988.87
14035,2023-10-20 08:00:00,6184.42,6120.49
14036,2023-10-20 09:00:00,5382.439,5451.07
14037,2023-10-20 10:00:00,4928.7876,4938.94
14038,2023-10-20 11:00:00,4656.481,4758.31
14039,2023-10-20 12:00:00,4636.6577,4603.02
14040,2023-10-20 13:00:00,4658.7686,4819.93
14041,2023-10-20 14:00:00,5164.754,5207.08
14042,2023-10-20 15:00:00,5902.931,6021.84
14043,2023-10-20 16:00:00,6990.0825,6982.37
14044,2023-10-20 17:00:00,7863.2144,7987.68
14045,2023-10-20 18:00:00,8340.955,8290.9
14046,2023-10-20 19:00:00,8258.015,8122.75
14047,2023-10-20 20:00:00,7790.53,7774.35
14048,2023-10-20 21:00:00,7434.7573,7452.36
14049,2023-10-20 22:00:00,7349.7607,7336.91
14050,2023-10-20 23:00:00,7181.175,7201.45
14051,2023-10-21 00:00:00,6983.2754,7003.53
14052,2023-10-21 01:00:00,6619.7427,6525.63
14053,2023-10-21 02:00:00,6131.831,6128.18
14054,2023-10-21 03:00:00,6028.0396,5950.67
14055,2023-10-21 04:00:00,6019.7305,5961.57
14056,2023-10-21 05:00:00,6220.5776,6143.26
14057,2023-10-21 06:00:00,6395.716,6185.88
14058,2023-10-21 07:00:00,5975.188,6084.15
14059,2023-10-21 08:00:00,5569.8213,5609.36
14060,2023-10-21 09:00:00,4996.208,4913.43
14061,2023-10-21 10:00:00,4499.325,4535.65
14062,2023-10-21 11:00:00,4269.4873,4299.27
14063,2023-10-21 12:00:00,4212.3545,4270.53
14064,2023-10-21 13:00:00,4363.8438,4589.04
14065,2023-10-21 14:00:00,5050.377,5024.98
14066,2023-10-21 15:00:00,5770.6626,6073.17
14067,2023-10-21 16:00:00,7114.5156,7030.3
14068,2023-10-21 17:00:00,7893.699,7738.13
14069,2023-10-21 18:00:00,8107.1626,8085.11
14070,2023-10-21 19:00:00,8016.842,8008.42
14071,2023-10-21 20:00:00,7656.255,7734.63
14072,2023-10-21 21:00:00,7393.5557,7278.37
14073,2023-10-21 22:00:00,7168.143,7142.1
14074,2023-10-21 23:00:00,6999.8843,6988.28
14075,2023-10-22 00:00:00,6827.428,6552.89
14076,2023-10-22 01:00:00,6253.3496,6188.88
14077,2023-10-22 02:00:00,5968.674,5810.85
14078,2023-10-22 03:00:00,5797.7124,5695.64
14079,2023-10-22 04:00:00,5734.699,5671.57
14080,2023-10-22 05:00:00,5968.2783,5865.93
14081,2023-10-22 06:00:00,6043.641,5827.58
14082,2023-10-22 07:00:00,5570.8306,5521.82
14083,2023-10-22 08:00:00,5010.7026,4988.03
14084,2023-10-22 09:00:00,4444.528,4463.12
14085,2023-10-22 10:00:00,4142.389,4189.18
14086,2023-10-22 11:00:00,4044.85,4037.89
14087,2023-10-22 12:00:00,4029.269,4026.59
14088,2023-10-22 13:00:00,4162.074,4133.12
14089,2023-10-22 14:00:00,4481.898,4722.85
14090,2023-10-22 15:00:00,5501.4023,5527.3
14091,2023-10-22 16:00:00,6639.5195,6585.29
14092,2023-10-22 17:00:00,7566.0312,7655.57
14093,2023-10-22 18:00:00,8059.5825,8069.06
14094,2023-10-22 19:00:00,7956.371,8078.59
14095,2023-10-22 20:00:00,7660.2817,7715.69
14096,2023-10-22 21:00:00,7273.1875,7282.74
14097,2023-10-22 22:00:00,7113.6895,7013.7
14098,2023-10-22 23:00:00,6860.666,6671.45
14099,2023-10-23 00:00:00,6506.824,6437.99
14100,2023-10-23 01:00:00,6138.5576,6112.9
14101,2023-10-23 02:00:00,5867.002,5852.45
14102,2023-10-23 03:00:00,5776.726,5742.87
14103,2023-10-23 04:00:00,5820.7617,5995.75
14104,2023-10-23 05:00:00,6348.4727,6535.01
14105,2023-10-23 06:00:00,7155.8325,7023.11
14106,2023-10-23 07:00:00,6807.51,6711.44
14107,2023-10-23 08:00:00,6014.1606,5916.69
14108,2023-10-23 09:00:00,5254.3345,5224.36
14109,2023-10-23 10:00:00,4766.297,4886.09
14110,2023-10-23 11:00:00,4771.008,4653.32
14111,2023-10-23 12:00:00,4649.712,4672.57
14112,2023-10-23 13:00:00,4904.312,4827.34
14113,2023-10-23 14:00:00,5338.753,5302.65
14114,2023-10-23 15:00:00,6147.6875,6174.85
14115,2023-10-23 16:00:00,7140.717,7193.54
14116,2023-10-23 17:00:00,8013.345,8232.91
14117,2023-10-23 18:00:00,8456.697,8531.54
14118,2023-10-23 19:00:00,8321.782,8362.77
14119,2023-10-23 20:00:00,8028.697,8110.28
14120,2023-10-23 21:00:00,7678.8037,7627.61
14121,2023-10-23 22:00:00,7389.5337,7360.26
14122,2023-10-23 23:00:00,7169.2827,7263.2
14123,2023-10-24 00:00:00,7033.7744,7062.95
14124,2023-10-24 01:00:00,6684.119,6664.37
14125,2023-10-24 02:00:00,6302.665,6237.3
14126,2023-10-24 03:00:00,6131.3726,6174.95
14127,2023-10-24 04:00:00,6315.074,6280.49
14128,2023-10-24 05:00:00,6885.0244,6751.76
14129,2023-10-24 06:00:00,7590.174,7333.42
14130,2023-10-24 07:00:00,7197.574,6919.62
14131,2023-10-24 08:00:00,6236.97,6177.72
14132,2023-10-24 09:00:00,5586.54,5543.46
14133,2023-10-24 10:00:00,5126.6343,5081.66
14134,2023-10-24 11:00:00,4908.246,4947.76
14135,2023-10-24 12:00:00,4898.0977,5082.25
14136,2023-10-24 13:00:00,5288.995,5326.8
14137,2023-10-24 14:00:00,5803.1763,5986.38
14138,2023-10-24 15:00:00,6903.111,6883.28
14139,2023-10-24 16:00:00,7918.375,8156.15
14140,2023-10-24 17:00:00,8770.631,9136.91
14141,2023-10-24 18:00:00,9278.006,9373.03
14142,2023-10-24 19:00:00,9134.685,9097.17
14143,2023-10-24 20:00:00,8513.424,8592.51
14144,2023-10-24 21:00:00,8128.2095,7909.75
14145,2023-10-24 22:00:00,7593.255,7680.83
14146,2023-10-24 23:00:00,7489.806,7341.39
14147,2023-10-25 00:00:00,7130.5127,7090.25
14148,2023-10-25 01:00:00,6694.7026,6582.3
14149,2023-10-25 02:00:00,6252.1157,6278.58
14150,2023-10-25 03:00:00,6223.9194,6020.02
14151,2023-10-25 04:00:00,6163.6523,6172.21
14152,2023-10-25 05:00:00,6785.697,6664.08
14153,2023-10-25 06:00:00,7413.695,7287.13
14154,2023-10-25 07:00:00,7002.1265,7195.46
14155,2023-10-25 08:00:00,6437.058,6402.8
14156,2023-10-25 09:00:00,5720.044,5632.43
14157,2023-10-25 10:00:00,5162.6904,5152.39
14158,2023-10-25 11:00:00,4928.6626,4932.91
14159,2023-10-25 12:00:00,4896.4746,4912.07
14160,2023-10-25 13:00:00,5117.905,5074.27
14161,2023-10-25 14:00:00,5557.525,5489.61
14162,2023-10-25 15:00:00,6416.5015,6378.97
14163,2023-10-25 16:00:00,7508.48,7385.0
14164,2023-10-25 17:00:00,8216.089,8141.53
14165,2023-10-25 18:00:00,8359.814,8432.79
14166,2023-10-25 19:00:00,8240.041,8362.27
14167,2023-10-25 20:00:00,7952.24,8031.09
14168,2023-10-25 21:00:00,7602.2207,7523.42
14169,2023-10-25 22:00:00,7373.994,7304.44
14170,2023-10-25 23:00:00,7145.7124,7211.74
14171,2023-10-26 00:00:00,6981.0024,7014.64
14172,2023-10-26 01:00:00,6614.286,6648.3
14173,2023-10-26 02:00:00,6233.6807,6237.82
14174,2023-10-26 03:00:00,6086.0195,6132.38
14175,2023-10-26 04:00:00,6267.848,6232.39
14176,2023-10-26 05:00:00,6760.4287,6722.56
14177,2023-10-26 06:00:00,7376.9976,7376.75
14178,2023-10-26 07:00:00,7073.6045,7686.49
14179,2023-10-26 08:00:00,6809.1055,7054.1
14180,2023-10-26 09:00:00,6207.128,6942.51
14181,2023-10-26 10:00:00,6413.0845,6562.94
14182,2023-10-26 11:00:00,6238.897,6483.12
14183,2023-10-26 12:00:00,6131.5073,6514.35
14184,2023-10-26 13:00:00,6586.3438,6438.91
14185,2023-10-26 14:00:00,6676.899,6749.97
14186,2023-10-26 15:00:00,7414.0967,6919.14
14187,2023-10-26 16:00:00,7733.192,7639.52
14188,2023-10-26 17:00:00,8354.101,8486.24
14189,2023-10-26 18:00:00,8690.37,8765.06
14190,2023-10-26 19:00:00,8623.383,8695.17
14191,2023-10-26 20:00:00,8313.133,8389.98
14192,2023-10-26 21:00:00,8000.114,7799.69
14193,2023-10-26 22:00:00,7592.3066,7533.82
14194,2023-10-26 23:00:00,7334.8496,7385.44
14195,2023-10-27 00:00:00,7138.268,7118.19
14196,2023-10-27 01:00:00,6702.611,6712.41
14197,2023-10-27 02:00:00,6322.338,6405.61
14198,2023-10-27 03:00:00,6289.341,6312.23
14199,2023-10-27 04:00:00,6479.0176,6395.8
14200,2023-10-27 05:00:00,6805.8027,6898.6
14201,2023-10-27 06:00:00,7438.0894,7606.46
14202,2023-10-27 07:00:00,7323.1187,7777.57
14203,2023-10-27 08:00:00,7090.647,6786.34
14204,2023-10-27 09:00:00,5997.956,6437.44
14205,2023-10-27 10:00:00,6011.71,6254.14
14206,2023-10-27 11:00:00,6121.5273,5935.09
14207,2023-10-27 12:00:00,5801.372,5730.97
14208,2023-10-27 13:00:00,5745.6694,5661.11
14209,2023-10-27 14:00:00,5829.4087,5953.33
14210,2023-10-27 15:00:00,6569.345,6370.73
14211,2023-10-27 16:00:00,7253.076,7103.58
14212,2023-10-27 17:00:00,7921.871,7839.82
14213,2023-10-27 18:00:00,8219.5625,8220.04
14214,2023-10-27 19:00:00,8227.211,8271.56
14215,2023-10-27 20:00:00,7987.8706,8054.94
14216,2023-10-27 21:00:00,7683.877,7697.31
14217,2023-10-27 22:00:00,7499.2246,7558.94
14218,2023-10-27 23:00:00,7366.181,7450.35
14219,2023-10-28 00:00:00,7208.3413,7163.92
14220,2023-10-28 01:00:00,6741.122,6747.42
14221,2023-10-28 02:00:00,6358.346,6313.4
14222,2023-10-28 03:00:00,6188.8354,6166.46
14223,2023-10-28 04:00:00,6218.015,6138.81
14224,2023-10-28 05:00:00,6335.4263,6410.13
14225,2023-10-28 06:00:00,6676.386,6444.87
14226,2023-10-28 07:00:00,6211.865,6507.04
14227,2023-10-28 08:00:00,5988.277,6190.87
14228,2023-10-28 09:00:00,5505.7104,5611.92
14229,2023-10-28 10:00:00,5101.103,5497.65
14230,2023-10-28 11:00:00,5318.5283,5343.77
14231,2023-10-28 12:00:00,5239.9224,4949.23
14232,2023-10-28 13:00:00,4916.084,4544.03
14233,2023-10-28 14:00:00,4685.0703,4615.05
14234,2023-10-28 15:00:00,5125.99,4882.57
14235,2023-10-28 16:00:00,5748.8438,5991.05
14236,2023-10-28 17:00:00,7022.814,7052.07
14237,2023-10-28 18:00:00,7750.524,7552.02
14238,2023-10-28 19:00:00,7682.8096,7845.21
14239,2023-10-28 20:00:00,7686.3027,7546.87
14240,2023-10-28 21:00:00,7288.2637,7346.52
14241,2023-10-28 22:00:00,7161.6475,7265.65
14242,2023-10-28 23:00:00,7096.1987,7104.26
14243,2023-10-29 00:00:00,6854.957,6851.79
14244,2023-10-29 01:00:00,6554.1357,6490.49
14245,2023-10-29 02:00:00,6164.6807,6141.83
14246,2023-10-29 03:00:00,6024.07,5985.14
14247,2023-10-29 04:00:00,6030.505,6002.19
14248,2023-10-29 05:00:00,6173.8726,6195.05
14249,2023-10-29 06:00:00,6324.7188,5996.0
14250,2023-10-29 07:00:00,5649.5693,5662.6
14251,2023-10-29 08:00:00,5064.217,5013.58
14252,2023-10-29 09:00:00,4514.44,4354.99
14253,2023-10-29 10:00:00,4057.6726,3956.41
14254,2023-10-29 11:00:00,3855.114,3835.81
14255,2023-10-29 12:00:00,3849.4468,3699.33
14256,2023-10-29 13:00:00,3819.8525,3801.25
14257,2023-10-29 14:00:00,4210.352,4207.29
14258,2023-10-29 15:00:00,5017.6284,5145.13
14259,2023-10-29 16:00:00,6308.7,6138.63
14260,2023-10-29 17:00:00,7195.91,7252.1
14261,2023-10-29 18:00:00,7770.7896,7768.87
14262,2023-10-29 19:00:00,7844.297,7893.02
14263,2023-10-29 20:00:00,7580.083,7592.88
14264,2023-10-29 21:00:00,7241.5405,7225.89
14265,2023-10-29 22:00:00,7052.0444,6959.57
14266,2023-10-29 23:00:00,6836.5483,6698.03
14267,2023-10-30 00:00:00,6481.6777,6548.45
14268,2023-10-30 01:00:00,6231.337,6150.48
14269,2023-10-30 02:00:00,5888.16,5933.7
14270,2023-10-30 03:00:00,5861.563,5852.38
14271,2023-10-30 04:00:00,5922.2495,5927.2
14272,2023-10-30 05:00:00,6267.687,6444.27
14273,2023-10-30 06:00:00,6910.1963,7005.63
14274,2023-10-30 07:00:00,6638.5127,6685.04
14275,2023-10-30 08:00:00,5898.6924,5925.14
14276,2023-10-30 09:00:00,5186.983,5282.25
14277,2023-10-30 10:00:00,4823.8457,4973.43
14278,2023-10-30 11:00:00,4857.0156,5178.83
14279,2023-10-30 12:00:00,5329.9663,5366.02
14280,2023-10-30 13:00:00,5607.8086,5904.9
14281,2023-10-30 14:00:00,6373.5083,7303.65
14282,2023-10-30 15:00:00,7639.984,7366.39
14283,2023-10-30 16:00:00,8032.931,8577.86
14284,2023-10-30 17:00:00,9164.445,9016.86
14285,2023-10-30 18:00:00,9115.215,9045.94
14286,2023-10-30 19:00:00,8807.824,8828.19
14287,2023-10-30 20:00:00,8382.079,8448.82
14288,2023-10-30 21:00:00,8045.638,7791.62
14289,2023-10-30 22:00:00,7577.381,7418.83
14290,2023-10-30 23:00:00,7251.561,7251.56
14291,2023-10-31 00:00:00,6994.757,6989.27
14292,2023-10-31 01:00:00,6645.645,6498.32
14293,2023-10-31 02:00:00,6221.82,6287.9
14294,2023-10-31 03:00:00,6218.058,6163.68
14295,2023-10-31 04:00:00,6321.928,6245.55
14296,2023-10-31 05:00:00,6785.0576,6689.31
14297,2023-10-31 06:00:00,7385.236,7209.94
14298,2023-10-31 07:00:00,6980.7207,7143.67
14299,2023-10-31 08:00:00,6285.2817,6325.26
14300,2023-10-31 09:00:00,5614.4863,5679.21
14301,2023-10-31 10:00:00,5215.8374,5360.68
14302,2023-10-31 11:00:00,5205.4185,5015.4
14303,2023-10-31 12:00:00,4958.3,5103.56
14304,2023-10-31 13:00:00,5373.8193,5326.28
14305,2023-10-31 14:00:00,5848.6475,5704.0
14306,2023-10-31 15:00:00,6607.098,6264.4
14307,2023-10-31 16:00:00,7260.0107,7284.82
14308,2023-10-31 17:00:00,8140.7314,8028.42
14309,2023-10-31 18:00:00,8316.608,8299.72
14310,2023-10-31 19:00:00,8207.278,8349.28
14311,2023-10-31 20:00:00,7999.696,8147.19
14312,2023-10-31 21:00:00,7723.8096,7701.49
14313,2023-10-31 22:00:00,7471.0044,7379.87
14314,2023-10-31 23:00:00,7240.5654,7344.32
14315,2023-11-01 00:00:00,7074.562,7058.3
14316,2023-11-01 01:00:00,6653.7393,6630.85
14317,2023-11-01 02:00:00,6278.451,6252.92
14318,2023-11-01 03:00:00,6198.4463,6197.75
14319,2023-11-01 04:00:00,6356.889,6286.73
14320,2023-11-01 05:00:00,6760.514,6781.01
14321,2023-11-01 06:00:00,7373.688,6999.86
14322,2023-11-01 07:00:00,6818.838,7024.85
14323,2023-11-01 08:00:00,6322.6475,6434.94
14324,2023-11-01 09:00:00,5746.5737,6056.94
14325,2023-11-01 10:00:00,5581.801,5637.59
14326,2023-11-01 11:00:00,5350.047,5403.77
14327,2023-11-01 12:00:00,5267.723,5180.79
14328,2023-11-01 13:00:00,5171.18,4912.59
14329,2023-11-01 14:00:00,5015.1113,5232.05
14330,2023-11-01 15:00:00,5857.3467,6056.4
14331,2023-11-01 16:00:00,7110.2437,7028.93
14332,2023-11-01 17:00:00,7841.5073,7877.86
14333,2023-11-01 18:00:00,8212.117,8097.33
14334,2023-11-01 19:00:00,8013.547,8190.71
14335,2023-11-01 20:00:00,7825.234,7912.51
14336,2023-11-01 21:00:00,7507.9214,7573.9
14337,2023-11-01 22:00:00,7338.5586,7404.47
14338,2023-11-01 23:00:00,7222.455,7356.6
14339,2023-11-02 00:00:00,7032.3276,7132.79
14340,2023-11-02 01:00:00,6685.3877,6645.07
14341,2023-11-02 02:00:00,6275.489,6261.94
14342,2023-11-02 03:00:00,6182.748,6185.86
14343,2023-11-02 04:00:00,6284.594,6359.99
14344,2023-11-02 05:00:00,6871.9087,6836.22
14345,2023-11-02 06:00:00,7417.035,7275.05
14346,2023-11-02 07:00:00,7163.7964,6964.07
14347,2023-11-02 08:00:00,6304.9536,6201.36
14348,2023-11-02 09:00:00,5616.6274,5966.53
14349,2023-11-02 10:00:00,5574.652,5839.53
14350,2023-11-02 11:00:00,5537.4087,5614.82
14351,2023-11-02 12:00:00,5399.1133,5277.23
14352,2023-11-02 13:00:00,5166.401,5028.19
14353,2023-11-02 14:00:00,5185.5146,5033.04
14354,2023-11-02 15:00:00,5608.5444,5833.36
14355,2023-11-02 16:00:00,6843.7925,6829.23
14356,2023-11-02 17:00:00,7756.0923,7929.26
14357,2023-11-02 18:00:00,8225.916,8254.57
14358,2023-11-02 19:00:00,8231.724,8272.38
14359,2023-11-02 20:00:00,7961.6387,8018.24
14360,2023-11-02 21:00:00,7611.8257,7574.29
14361,2023-11-02 22:00:00,7367.1367,7444.61
14362,2023-11-02 23:00:00,7299.444,7219.86
14363,2023-11-03 00:00:00,6980.855,7062.63
14364,2023-11-03 01:00:00,6615.6562,6635.94
14365,2023-11-03 02:00:00,6227.1704,6279.08
14366,2023-11-03 03:00:00,6171.24,6163.9
14367,2023-11-03 04:00:00,6277.4937,6309.1
14368,2023-11-03 05:00:00,6806.7095,6715.26
14369,2023-11-03 06:00:00,7192.666,7287.08
14370,2023-11-03 07:00:00,7014.8438,7298.45
14371,2023-11-03 08:00:00,6504.37,6915.08
14372,2023-11-03 09:00:00,6197.58,6753.51
14373,2023-11-03 10:00:00,6380.4224,6537.03
14374,2023-11-03 11:00:00,6329.4062,6106.75
14375,2023-11-03 12:00:00,5780.8706,5631.32
14376,2023-11-03 13:00:00,5456.4424,5841.68
14377,2023-11-03 14:00:00,6289.944,6190.55
14378,2023-11-03 15:00:00,6772.176,6747.85
14379,2023-11-03 16:00:00,7637.8145,7420.37
14380,2023-11-03 17:00:00,8154.7314,7886.73
14381,2023-11-03 18:00:00,8245.245,7887.9
14382,2023-11-03 19:00:00,7846.2,7924.55
14383,2023-11-03 20:00:00,7672.808,7718.15
14384,2023-11-03 21:00:00,7468.858,7397.11
14385,2023-11-03 22:00:00,7285.176,7407.04
14386,2023-11-03 23:00:00,7267.371,7239.64
14387,2023-11-04 00:00:00,6986.1133,7012.63
14388,2023-11-04 01:00:00,6610.273,6539.17
14389,2023-11-04 02:00:00,6230.162,6048.14
14390,2023-11-04 03:00:00,5985.018,5951.86
14391,2023-11-04 04:00:00,6022.206,6004.9
14392,2023-11-04 05:00:00,6266.995,6156.02
14393,2023-11-04 06:00:00,6267.728,6303.25
14394,2023-11-04 07:00:00,6129.0674,6513.65
14395,2023-11-04 08:00:00,6109.294,6421.63
14396,2023-11-04 09:00:00,5813.051,6269.26
14397,2023-11-04 10:00:00,5775.723,6366.79
14398,2023-11-04 11:00:00,6104.9106,6270.93
14399,2023-11-04 12:00:00,6017.953,6226.14
14400,2023-11-04 13:00:00,6266.2046,6270.47
14401,2023-11-04 14:00:00,6543.833,6297.33
14402,2023-11-04 15:00:00,6690.319,6546.78
14403,2023-11-04 16:00:00,7213.1445,7101.59
14404,2023-11-04 17:00:00,7745.7573,7663.14
14405,2023-11-04 18:00:00,7904.1504,7663.43
14406,2023-11-04 19:00:00,7604.1577,7654.76
14407,2023-11-04 20:00:00,7506.627,7413.19
14408,2023-11-04 21:00:00,7218.4673,7166.72
14409,2023-11-04 22:00:00,7076.257,7108.53
14410,2023-11-04 23:00:00,6988.7944,6890.37
14411,2023-11-05 00:00:00,6714.1694,6695.1
14412,2023-11-05 01:00:00,6362.757,6226.79
14413,2023-11-05 02:00:00,5991.953,5988.7
14414,2023-11-05 03:00:00,5906.3486,5743.33
14415,2023-11-05 04:00:00,5767.2886,5803.89
14416,2023-11-05 05:00:00,5897.4556,5958.18
14417,2023-11-05 06:00:00,6023.4307,6078.14
14418,2023-11-05 07:00:00,5887.1733,6396.11
14419,2023-11-05 08:00:00,6194.1445,6670.98
14420,2023-11-05 09:00:00,6351.253,6713.19
14421,2023-11-05 10:00:00,6400.6494,6596.68
14422,2023-11-05 11:00:00,6433.0874,6346.29
14423,2023-11-05 12:00:00,6156.035,6430.25
14424,2023-11-05 13:00:00,6421.2114,6219.93
14425,2023-11-05 14:00:00,6198.4907,6484.07
14426,2023-11-05 15:00:00,6917.044,6540.03
14427,2023-11-05 16:00:00,7039.375,6977.31
14428,2023-11-05 17:00:00,7564.2393,7536.87
14429,2023-11-05 18:00:00,7732.3755,7857.22
14430,2023-11-05 19:00:00,7826.244,7852.91
14431,2023-11-05 20:00:00,7598.522,7598.15
14432,2023-11-05 21:00:00,7341.4995,7339.95
14433,2023-11-05 22:00:00,7160.8257,7151.64
14434,2023-11-05 23:00:00,7010.6514,6903.25
14435,2023-11-06 00:00:00,6740.9956,6672.37
14436,2023-11-06 01:00:00,6306.689,6315.91
14437,2023-11-06 02:00:00,6037.398,5990.14
14438,2023-11-06 03:00:00,5864.517,5944.6
14439,2023-11-06 04:00:00,6019.5825,6117.58
14440,2023-11-06 05:00:00,6354.6045,6615.43
14441,2023-11-06 06:00:00,7088.0474,7194.52
14442,2023-11-06 07:00:00,7194.5693,7220.58
14443,2023-11-06 08:00:00,6661.457,6484.66
14444,2023-11-06 09:00:00,6032.225,6197.45
14445,2023-11-06 10:00:00,5947.4175,6329.17
14446,2023-11-06 11:00:00,6272.4805,6298.52
14447,2023-11-06 12:00:00,6225.828,6414.12
14448,2023-11-06 13:00:00,6501.0464,6279.75
14449,2023-11-06 14:00:00,6415.002,5838.76
14450,2023-11-06 15:00:00,5876.1987,6343.05
14451,2023-11-06 16:00:00,6956.42,7038.56
14452,2023-11-06 17:00:00,7681.7925,7993.79
14453,2023-11-06 18:00:00,8242.898,8284.81
14454,2023-11-06 19:00:00,8269.679,8301.08
14455,2023-11-06 20:00:00,8023.065,8020.35
14456,2023-11-06 21:00:00,7638.7236,7562.03
14457,2023-11-06 22:00:00,7329.899,7353.16
14458,2023-11-06 23:00:00,7209.453,7225.09
14459,2023-11-07 00:00:00,7003.293,7081.52
14460,2023-11-07 01:00:00,6757.206,6542.87
14461,2023-11-07 02:00:00,6249.331,6304.29
14462,2023-11-07 03:00:00,6242.0674,6157.72
14463,2023-11-07 04:00:00,6244.7905,6339.72
14464,2023-11-07 05:00:00,6834.8735,6705.47
14465,2023-11-07 06:00:00,7235.02,7148.68
14466,2023-11-07 07:00:00,7144.366,6901.9
14467,2023-11-07 08:00:00,6349.6934,6151.36
14468,2023-11-07 09:00:00,5792.018,5577.07
14469,2023-11-07 10:00:00,5330.8687,5283.23
14470,2023-11-07 11:00:00,5134.456,4931.16
14471,2023-11-07 12:00:00,4843.826,4951.74
14472,2023-11-07 13:00:00,5076.948,5169.99
14473,2023-11-07 14:00:00,5557.2173,5242.8
14474,2023-11-07 15:00:00,5831.759,6033.54
14475,2023-11-07 16:00:00,6951.667,7153.66
14476,2023-11-07 17:00:00,7957.1235,7803.52
14477,2023-11-07 18:00:00,8114.851,8391.19
14478,2023-11-07 19:00:00,8348.197,8355.04
14479,2023-11-07 20:00:00,7997.3857,8033.13
14480,2023-11-07 21:00:00,7633.259,7550.79
14481,2023-11-07 22:00:00,7366.5967,7331.41
14482,2023-11-07 23:00:00,7224.3643,7294.89
14483,2023-11-08 00:00:00,7084.9136,6987.83
14484,2023-11-08 01:00:00,6600.3774,6512.12
14485,2023-11-08 02:00:00,6209.5083,6231.26
14486,2023-11-08 03:00:00,6129.8174,6104.99
14487,2023-11-08 04:00:00,6248.2275,6182.32
14488,2023-11-08 05:00:00,6660.476,6656.17
14489,2023-11-08 06:00:00,7164.41,7025.06
14490,2023-11-08 07:00:00,6943.4224,6804.63
14491,2023-11-08 08:00:00,6063.0107,6217.22
14492,2023-11-08 09:00:00,5642.808,5749.76
14493,2023-11-08 10:00:00,5409.15,5727.35
14494,2023-11-08 11:00:00,5477.4087,5972.55
14495,2023-11-08 12:00:00,5970.4126,5454.0
14496,2023-11-08 13:00:00,5381.5254,5617.2
14497,2023-11-08 14:00:00,5824.27,6110.61
14498,2023-11-08 15:00:00,6815.0396,7111.12
14499,2023-11-08 16:00:00,8046.408,8004.72
14500,2023-11-08 17:00:00,8519.294,8409.31
14501,2023-11-08 18:00:00,8536.887,8505.98
14502,2023-11-08 19:00:00,8347.706,8470.88
14503,2023-11-08 20:00:00,8124.4985,8108.54
14504,2023-11-08 21:00:00,7764.4673,7691.6
14505,2023-11-08 22:00:00,7448.745,7596.25
14506,2023-11-08 23:00:00,7453.391,7369.97
14507,2023-11-09 00:00:00,7108.7236,7144.04
14508,2023-11-09 01:00:00,6655.8057,6623.94
14509,2023-11-09 02:00:00,6285.268,6366.95
14510,2023-11-09 03:00:00,6314.0283,6142.16
14511,2023-11-09 04:00:00,6248.0576,6191.92
14512,2023-11-09 05:00:00,6693.496,6763.55
14513,2023-11-09 06:00:00,7253.3467,7115.98
14514,2023-11-09 07:00:00,6985.3037,7008.54
14515,2023-11-09 08:00:00,6326.358,6758.02
14516,2023-11-09 09:00:00,6331.6426,6399.63
14517,2023-11-09 10:00:00,6175.9004,6159.97
14518,2023-11-09 11:00:00,5974.484,6141.9
14519,2023-11-09 12:00:00,6019.669,6061.5
14520,2023-11-09 13:00:00,6060.208,7172.34
14521,2023-11-09 14:00:00,7436.335,7910.08
14522,2023-11-09 15:00:00,8466.263,7909.19
14523,2023-11-09 16:00:00,8350.445,8003.25
14524,2023-11-09 17:00:00,8246.785,8377.75
14525,2023-11-09 18:00:00,8393.202,8403.38
14526,2023-11-09 19:00:00,8253.304,8363.3
14527,2023-11-09 20:00:00,8055.544,8113.64
14528,2023-11-09 21:00:00,7860.564,7661.04
14529,2023-11-09 22:00:00,7525.471,7522.65
14530,2023-11-09 23:00:00,7370.8096,7412.88
14531,2023-11-10 00:00:00,7102.1187,7082.77
14532,2023-11-10 01:00:00,6617.351,6591.22
14533,2023-11-10 02:00:00,6318.893,6162.07
14534,2023-11-10 03:00:00,6070.814,5825.63
14535,2023-11-10 04:00:00,5998.63,6119.76
14536,2023-11-10 05:00:00,6684.4863,6746.8
14537,2023-11-10 06:00:00,7177.26,7164.7
14538,2023-11-10 07:00:00,6958.041,7227.95
14539,2023-11-10 08:00:00,6750.0806,6636.66
14540,2023-11-10 09:00:00,6236.666,5782.29
14541,2023-11-10 10:00:00,5488.973,5502.32
14542,2023-11-10 11:00:00,5385.675,5416.07
14543,2023-11-10 12:00:00,5384.6533,5591.38
14544,2023-11-10 13:00:00,5910.0156,5599.63
14545,2023-11-10 14:00:00,5967.3755,5877.44
14546,2023-11-10 15:00:00,6674.0244,6657.5
14547,2023-11-10 16:00:00,7449.584,7541.15
14548,2023-11-10 17:00:00,8000.215,8364.57
14549,2023-11-10 18:00:00,8493.257,8620.56
14550,2023-11-10 19:00:00,8495.637,8582.93
14551,2023-11-10 20:00:00,8255.463,8297.77
14552,2023-11-10 21:00:00,7900.17,7854.32
14553,2023-11-10 22:00:00,7591.01,7679.79
14554,2023-11-10 23:00:00,7502.1226,7385.53
14555,2023-11-11 00:00:00,7060.3887,7083.98
14556,2023-11-11 01:00:00,6631.0225,6638.83
14557,2023-11-11 02:00:00,6299.2593,6297.08
14558,2023-11-11 03:00:00,6156.279,6132.64
14559,2023-11-11 04:00:00,6219.1245,6076.64
14560,2023-11-11 05:00:00,6261.927,6248.06
14561,2023-11-11 06:00:00,6543.293,6352.56
14562,2023-11-11 07:00:00,6327.195,6154.93
14563,2023-11-11 08:00:00,5655.9956,5647.19
14564,2023-11-11 09:00:00,5153.465,5091.11
14565,2023-11-11 10:00:00,4717.998,4804.56
14566,2023-11-11 11:00:00,4643.5693,4827.23
14567,2023-11-11 12:00:00,4787.6626,4991.9
14568,2023-11-11 13:00:00,5294.6294,5383.7
14569,2023-11-11 14:00:00,5905.839,6173.58
14570,2023-11-11 15:00:00,7066.828,7064.9
14571,2023-11-11 16:00:00,7883.025,8089.98
14572,2023-11-11 17:00:00,8559.778,8984.26
14573,2023-11-11 18:00:00,9034.963,9276.92
14574,2023-11-11 19:00:00,9103.718,9018.8
14575,2023-11-11 20:00:00,8586.963,8529.42
14576,2023-11-11 21:00:00,7993.2056,8096.51
14577,2023-11-11 22:00:00,7819.9746,7747.28
14578,2023-11-11 23:00:00,7473.844,7378.48
14579,2023-11-12 00:00:00,7011.7925,6982.6
14580,2023-11-12 01:00:00,6523.239,6279.26
14581,2023-11-12 02:00:00,6036.1387,6219.74
14582,2023-11-12 03:00:00,6145.162,5969.38
14583,2023-11-12 04:00:00,6038.084,5983.24
14584,2023-11-12 05:00:00,6214.294,5971.31
14585,2023-11-12 06:00:00,6067.9473,5917.94
14586,2023-11-12 07:00:00,5660.9326,5652.41
14587,2023-11-12 08:00:00,5133.17,5189.66
14588,2023-11-12 09:00:00,4654.207,4944.72
14589,2023-11-12 10:00:00,4746.8823,4725.8
14590,2023-11-12 11:00:00,4640.28,4806.44
14591,2023-11-12 12:00:00,4904.915,4964.77
14592,2023-11-12 13:00:00,5331.8975,5573.8
14593,2023-11-12 14:00:00,6351.0244,6062.7
14594,2023-11-12 15:00:00,7058.428,6756.41
14595,2023-11-12 16:00:00,7695.3813,7300.12
14596,2023-11-12 17:00:00,7951.9814,8250.48
14597,2023-11-12 18:00:00,8702.581,8779.96
14598,2023-11-12 19:00:00,8807.906,8637.75
14599,2023-11-12 20:00:00,8241.413,8201.81
14600,2023-11-12 21:00:00,7751.5557,7757.61
14601,2023-11-12 22:00:00,7495.996,7462.67
14602,2023-11-12 23:00:00,7262.15,7110.18
14603,2023-11-13 00:00:00,6818.635,6848.93
14604,2023-11-13 01:00:00,6386.062,6369.44
14605,2023-11-13 02:00:00,6073.3833,6162.83
14606,2023-11-13 03:00:00,6054.7573,6032.04
14607,2023-11-13 04:00:00,6114.1235,6067.44
14608,2023-11-13 05:00:00,6279.853,6504.05
14609,2023-11-13 06:00:00,6830.0215,7007.52
14610,2023-11-13 07:00:00,6819.685,7142.47
14611,2023-11-13 08:00:00,6431.701,6711.99
14612,2023-11-13 09:00:00,6043.753,6344.83
14613,2023-11-13 10:00:00,5969.4146,6115.75
14614,2023-11-13 11:00:00,5974.2983,5908.52
14615,2023-11-13 12:00:00,5905.24,5782.01
14616,2023-11-13 13:00:00,5967.3306,5720.2
14617,2023-11-13 14:00:00,5982.1387,6147.11
14618,2023-11-13 15:00:00,6856.544,6508.18
14619,2023-11-13 16:00:00,7276.8745,7063.81
14620,2023-11-13 17:00:00,7822.119,8097.46
14621,2023-11-13 18:00:00,8580.578,8331.5
14622,2023-11-13 19:00:00,8288.213,8307.51
14623,2023-11-13 20:00:00,7979.9487,8005.57
14624,2023-11-13 21:00:00,7658.946,7545.13
14625,2023-11-13 22:00:00,7347.361,7494.17
14626,2023-11-13 23:00:00,7291.7246,7273.29
14627,2023-11-14 00:00:00,6958.317,7065.18
14628,2023-11-14 01:00:00,6575.3726,6565.22
14629,2023-11-14 02:00:00,6248.01,6167.85
14630,2023-11-14 03:00:00,6089.156,6168.24
14631,2023-11-14 04:00:00,6271.839,6230.76
14632,2023-11-14 05:00:00,6650.6987,6633.97
14633,2023-11-14 06:00:00,7089.14,7013.39
14634,2023-11-14 07:00:00,6994.741,7009.99
14635,2023-11-14 08:00:00,6392.227,6278.04
14636,2023-11-14 09:00:00,5641.5244,5615.75
14637,2023-11-14 10:00:00,5240.166,5377.98
14638,2023-11-14 11:00:00,5196.4893,5471.28
14639,2023-11-14 12:00:00,5496.3745,5818.52
14640,2023-11-14 13:00:00,6080.709,6300.92
14641,2023-11-14 14:00:00,6814.603,6592.51
14642,2023-11-14 15:00:00,7186.8013,7822.25
14643,2023-11-14 16:00:00,8535.028,8247.65
14644,2023-11-14 17:00:00,8553.47,8656.53
14645,2023-11-14 18:00:00,8739.247,8679.34
14646,2023-11-14 19:00:00,8489.675,8765.14
14647,2023-11-14 20:00:00,8413.571,8303.52
14648,2023-11-14 21:00:00,7895.5483,7871.81
14649,2023-11-14 22:00:00,7570.162,7771.43
14650,2023-11-14 23:00:00,7545.341,7407.28
14651,2023-11-15 00:00:00,7057.52,7137.23
14652,2023-11-15 01:00:00,6611.195,6703.36
14653,2023-11-15 02:00:00,6328.8994,6231.09
14654,2023-11-15 03:00:00,6115.473,6183.2
14655,2023-11-15 04:00:00,6299.0356,6358.84
14656,2023-11-15 05:00:00,6817.81,6774.54
14657,2023-11-15 06:00:00,7128.482,7375.67
14658,2023-11-15 07:00:00,7150.06,7677.52
14659,2023-11-15 08:00:00,6931.121,7184.12
14660,2023-11-15 09:00:00,6528.551,6793.95
14661,2023-11-15 10:00:00,6387.78,6475.51
14662,2023-11-15 11:00:00,6288.9233,6267.34
14663,2023-11-15 12:00:00,6220.261,6722.6
14664,2023-11-15 13:00:00,7010.266,6575.62
14665,2023-11-15 14:00:00,6874.308,6587.55
14666,2023-11-15 15:00:00,7246.1035,6954.71
14667,2023-11-15 16:00:00,7820.645,7762.41
14668,2023-11-15 17:00:00,8323.947,8544.8
14669,2023-11-15 18:00:00,8712.511,8758.33
14670,2023-11-15 19:00:00,8687.972,8660.98
14671,2023-11-15 20:00:00,8337.288,8356.45
14672,2023-11-15 21:00:00,7983.192,7885.27
14673,2023-11-15 22:00:00,7674.115,7710.29
14674,2023-11-15 23:00:00,7494.84,7435.71
14675,2023-11-16 00:00:00,7132.5977,7150.34
14676,2023-11-16 01:00:00,6666.804,6728.75
14677,2023-11-16 02:00:00,6380.647,6386.96
14678,2023-11-16 03:00:00,6291.0566,6306.0
14679,2023-11-16 04:00:00,6401.8535,6450.93
14680,2023-11-16 05:00:00,6937.6294,6873.23
14681,2023-11-16 06:00:00,7378.7944,7378.36
14682,2023-11-16 07:00:00,7440.3945,7233.14
14683,2023-11-16 08:00:00,6694.712,6893.59
14684,2023-11-16 09:00:00,6446.24,6343.75
14685,2023-11-16 10:00:00,6057.248,6032.98
14686,2023-11-16 11:00:00,5919.661,6216.23
14687,2023-11-16 12:00:00,6262.141,6302.46
14688,2023-11-16 13:00:00,6486.6987,6584.4
14689,2023-11-16 14:00:00,6981.8545,7223.36
14690,2023-11-16 15:00:00,7831.14,7988.77
14691,2023-11-16 16:00:00,8535.834,8474.99
14692,2023-11-16 17:00:00,8783.689,8895.22
14693,2023-11-16 18:00:00,8931.469,8857.43
14694,2023-11-16 19:00:00,8675.369,8630.17
14695,2023-11-16 20:00:00,8285.984,8281.67
14696,2023-11-16 21:00:00,7926.545,7984.63
14697,2023-11-16 22:00:00,7767.5474,7742.63
14698,2023-11-16 23:00:00,7544.552,7466.49
14699,2023-11-17 00:00:00,7133.0254,7135.02
14700,2023-11-17 01:00:00,6706.904,6634.71
14701,2023-11-17 02:00:00,6333.6235,6345.09
14702,2023-11-17 03:00:00,6296.931,6269.02
14703,2023-11-17 04:00:00,6422.5337,6437.59
14704,2023-11-17 05:00:00,6909.398,6847.51
14705,2023-11-17 06:00:00,7299.1816,7291.82
14706,2023-11-17 07:00:00,7266.9434,7226.37
14707,2023-11-17 08:00:00,6701.4614,6782.52
14708,2023-11-17 09:00:00,6259.6426,6668.99
14709,2023-11-17 10:00:00,6420.167,6033.37
14710,2023-11-17 11:00:00,5927.805,5746.2
14711,2023-11-17 12:00:00,5877.7754,5323.13
14712,2023-11-17 13:00:00,5436.5337,5133.29
14713,2023-11-17 14:00:00,5380.2827,5224.77
14714,2023-11-17 15:00:00,5872.869,5757.69
14715,2023-11-17 16:00:00,6668.0845,6699.55
14716,2023-11-17 17:00:00,7604.017,7522.3
14717,2023-11-17 18:00:00,8055.556,7901.69
14718,2023-11-17 19:00:00,7955.469,7968.99
14719,2023-11-17 20:00:00,7783.8657,7751.01
14720,2023-11-17 21:00:00,7491.1255,7435.92
14721,2023-11-17 22:00:00,7318.4873,7348.42
14722,2023-11-17 23:00:00,7222.2515,7136.63
14723,2023-11-18 00:00:00,6927.2144,6912.19
14724,2023-11-18 01:00:00,6531.0137,6584.06
14725,2023-11-18 02:00:00,6273.786,6215.73
14726,2023-11-18 03:00:00,6105.634,6105.04
14727,2023-11-18 04:00:00,6138.9546,6054.06
14728,2023-11-18 05:00:00,6176.978,6162.66
14729,2023-11-18 06:00:00,6397.8545,6090.32
14730,2023-11-18 07:00:00,5852.6455,5803.22
14731,2023-11-18 08:00:00,5258.1963,5492.74
14732,2023-11-18 09:00:00,5059.515,5090.27
14733,2023-11-18 10:00:00,4845.241,4777.98
14734,2023-11-18 11:00:00,4672.3027,4567.2
14735,2023-11-18 12:00:00,4599.585,4161.66
14736,2023-11-18 13:00:00,4203.964,4028.98
14737,2023-11-18 14:00:00,4291.72,4392.47
14738,2023-11-18 15:00:00,5077.5586,4972.12
14739,2023-11-18 16:00:00,5965.7207,6176.41
14740,2023-11-18 17:00:00,7184.428,7166.55
14741,2023-11-18 18:00:00,7764.326,7676.52
14742,2023-11-18 19:00:00,7774.174,7715.06
14743,2023-11-18 20:00:00,7477.7573,7540.23
14744,2023-11-18 21:00:00,7240.6,7175.48
14745,2023-11-18 22:00:00,6981.9243,7142.52
14746,2023-11-18 23:00:00,6967.767,6936.8
14747,2023-11-19 00:00:00,6705.875,6685.23
14748,2023-11-19 01:00:00,6324.9,6202.36
14749,2023-11-19 02:00:00,5965.838,5930.03
14750,2023-11-19 03:00:00,5850.3496,5831.31
14751,2023-11-19 04:00:00,5879.537,5817.08
14752,2023-11-19 05:00:00,5984.7095,5789.97
14753,2023-11-19 06:00:00,5821.6255,5696.02
14754,2023-11-19 07:00:00,5404.1436,5318.49
14755,2023-11-19 08:00:00,4796.4272,4693.74
14756,2023-11-19 09:00:00,4175.09,4388.56
14757,2023-11-19 10:00:00,4148.9043,4033.47
14758,2023-11-19 11:00:00,3924.9197,3953.95
14759,2023-11-19 12:00:00,3952.1082,4143.05
14760,2023-11-19 13:00:00,4443.469,4400.28
14761,2023-11-19 14:00:00,5046.8906,5007.06
14762,2023-11-19 15:00:00,5876.928,5915.39
14763,2023-11-19 16:00:00,6877.879,7026.07
14764,2023-11-19 17:00:00,7803.892,8071.0
14765,2023-11-19 18:00:00,8461.28,8566.36
14766,2023-11-19 19:00:00,8497.264,8427.87
14767,2023-11-19 20:00:00,8074.9863,8183.02
14768,2023-11-19 21:00:00,7799.9907,7580.56
14769,2023-11-19 22:00:00,7265.09,7334.18
14770,2023-11-19 23:00:00,7079.6313,7054.94
14771,2023-11-20 00:00:00,6810.1846,6854.76
14772,2023-11-20 01:00:00,6417.8174,6443.56
14773,2023-11-20 02:00:00,6120.1875,6162.48
14774,2023-11-20 03:00:00,6085.665,6018.36
14775,2023-11-20 04:00:00,6034.8745,6218.11
14776,2023-11-20 05:00:00,6585.8257,6690.14
14777,2023-11-20 06:00:00,7036.7104,7196.6
14778,2023-11-20 07:00:00,7066.8613,7439.68
14779,2023-11-20 08:00:00,6820.6,7739.96
14780,2023-11-20 09:00:00,7103.965,7668.24
14781,2023-11-20 10:00:00,7294.675,7426.73
14782,2023-11-20 11:00:00,7117.088,7588.56
14783,2023-11-20 12:00:00,7580.9062,7182.86
14784,2023-11-20 13:00:00,7067.739,7713.6
14785,2023-11-20 14:00:00,7843.7476,7561.91
14786,2023-11-20 15:00:00,7796.9106,7978.21
14787,2023-11-20 16:00:00,8328.112,8450.63
14788,2023-11-20 17:00:00,8802.79,8521.78
14789,2023-11-20 18:00:00,8656.986,8529.51
14790,2023-11-20 19:00:00,8382.352,8359.13
14791,2023-11-20 20:00:00,8122.688,8186.79
14792,2023-11-20 21:00:00,7841.295,7716.16
14793,2023-11-20 22:00:00,7477.984,7615.34
14794,2023-11-20 23:00:00,7444.2544,7330.34
14795,2023-11-21 00:00:00,7046.8413,7157.58
14796,2023-11-21 01:00:00,6748.951,6612.18
14797,2023-11-21 02:00:00,6286.1387,6323.97
14798,2023-11-21 03:00:00,6233.946,6218.82
14799,2023-11-21 04:00:00,6328.71,6306.25
14800,2023-11-21 05:00:00,6749.176,6634.02
14801,2023-11-21 06:00:00,7112.0396,7214.16
14802,2023-11-21 07:00:00,7490.1245,7207.37
14803,2023-11-21 08:00:00,6783.197,6987.12
14804,2023-11-21 09:00:00,6562.6494,6735.45
14805,2023-11-21 10:00:00,6487.5923,6680.37
14806,2023-11-21 11:00:00,6593.1533,6265.7
14807,2023-11-21 12:00:00,6266.437,6360.32
14808,2023-11-21 13:00:00,6621.388,6327.9
14809,2023-11-21 14:00:00,6511.406,6324.16
14810,2023-11-21 15:00:00,6735.723,6997.86
14811,2023-11-21 16:00:00,7706.869,7950.41
14812,2023-11-21 17:00:00,8453.803,8365.38
14813,2023-11-21 18:00:00,8487.695,8657.78
14814,2023-11-21 19:00:00,8593.808,8579.79
14815,2023-11-21 20:00:00,8282.749,8295.93
14816,2023-11-21 21:00:00,7850.997,7903.19
14817,2023-11-21 22:00:00,7640.2095,7686.49
14818,2023-11-21 23:00:00,7432.8306,7403.17
14819,2023-11-22 00:00:00,7128.0566,7040.84
14820,2023-11-22 01:00:00,6606.603,6692.64
14821,2023-11-22 02:00:00,6328.466,6282.24
14822,2023-11-22 03:00:00,6226.5024,6193.43
14823,2023-11-22 04:00:00,6260.0527,6301.44
14824,2023-11-22 05:00:00,6652.4844,6751.35
14825,2023-11-22 06:00:00,7198.787,7226.07
14826,2023-11-22 07:00:00,7296.627,7255.66
14827,2023-11-22 08:00:00,6894.848,6921.56
14828,2023-11-22 09:00:00,6473.071,6872.52
14829,2023-11-22 10:00:00,6641.437,6633.36
14830,2023-11-22 11:00:00,6422.4014,6272.39
14831,2023-11-22 12:00:00,6321.377,6321.7
14832,2023-11-22 13:00:00,6386.2246,6511.07
14833,2023-11-22 14:00:00,6738.0283,6819.42
14834,2023-11-22 15:00:00,7419.321,7539.95
14835,2023-11-22 16:00:00,8190.8657,8228.53
14836,2023-11-22 17:00:00,8621.895,8497.63
14837,2023-11-22 18:00:00,8614.965,8560.98
14838,2023-11-22 19:00:00,8402.469,8497.99
14839,2023-11-22 20:00:00,8171.509,8240.18
14840,2023-11-22 21:00:00,7847.002,7892.18
14841,2023-11-22 22:00:00,7653.9224,7621.69
14842,2023-11-22 23:00:00,7342.5073,7476.63
14843,2023-11-23 00:00:00,7137.9785,7061.42
14844,2023-11-23 01:00:00,6644.8325,6701.08
14845,2023-11-23 02:00:00,6327.4307,6287.22
14846,2023-11-23 03:00:00,6237.518,6268.74
14847,2023-11-23 04:00:00,6375.7407,6473.43
14848,2023-11-23 05:00:00,6795.388,6740.2
14849,2023-11-23 06:00:00,7187.426,7239.78
14850,2023-11-23 07:00:00,7269.1167,7399.15
14851,2023-11-23 08:00:00,7036.6187,7193.13
14852,2023-11-23 09:00:00,6855.169,6823.18
14853,2023-11-23 10:00:00,6533.378,6799.23
14854,2023-11-23 11:00:00,6534.8833,6493.43
14855,2023-11-23 12:00:00,6505.4375,6768.41
14856,2023-11-23 13:00:00,6882.9995,6619.56
14857,2023-11-23 14:00:00,6820.0264,6849.63
14858,2023-11-23 15:00:00,7448.083,7310.16
14859,2023-11-23 16:00:00,8043.2456,7696.27
14860,2023-11-23 17:00:00,8144.2983,8268.63
14861,2023-11-23 18:00:00,8441.186,8412.26
14862,2023-11-23 19:00:00,8364.183,8394.37
14863,2023-11-23 20:00:00,8109.4556,8161.82
14864,2023-11-23 21:00:00,7810.3657,7776.17
14865,2023-11-23 22:00:00,7579.3193,7570.31
14866,2023-11-23 23:00:00,7370.59,7339.97
14867,2023-11-24 00:00:00,7070.913,7068.41
14868,2023-11-24 01:00:00,6656.348,6690.02
14869,2023-11-24 02:00:00,6326.6064,6383.71
14870,2023-11-24 03:00:00,6297.602,6150.2
14871,2023-11-24 04:00:00,6263.1514,6288.82
14872,2023-11-24 05:00:00,6635.1255,6764.11
14873,2023-11-24 06:00:00,7194.8,7253.63
14874,2023-11-24 07:00:00,7326.922,7582.64
14875,2023-11-24 08:00:00,7240.834,7633.49
14876,2023-11-24 09:00:00,7200.8423,7601.37
14877,2023-11-24 10:00:00,7255.5596,7403.97
14878,2023-11-24 11:00:00,7114.707,7367.48
14879,2023-11-24 12:00:00,7287.513,7369.43
14880,2023-11-24 13:00:00,7359.0874,7437.67
14881,2023-11-24 14:00:00,7583.3457,7696.66
14882,2023-11-24 15:00:00,8097.1533,8024.47
14883,2023-11-24 16:00:00,8423.745,8304.06
14884,2023-11-24 17:00:00,8500.541,8548.31
14885,2023-11-24 18:00:00,8602.547,8433.87
14886,2023-11-24 19:00:00,8261.147,8274.84
14887,2023-11-24 20:00:00,8013.228,8086.65
14888,2023-11-24 21:00:00,7762.098,7678.9
14889,2023-11-24 22:00:00,7489.6157,7590.25
14890,2023-11-24 23:00:00,7350.2275,7411.23
14891,2023-11-25 00:00:00,7118.845,7126.78
14892,2023-11-25 01:00:00,6674.9688,6770.54
14893,2023-11-25 02:00:00,6393.748,6313.88
14894,2023-11-25 03:00:00,6196.16,6158.04
14895,2023-11-25 04:00:00,6226.8364,6137.91
14896,2023-11-25 05:00:00,6251.26,6302.83
14897,2023-11-25 06:00:00,6484.1133,6578.47
14898,2023-11-25 07:00:00,6741.5063,6950.14
14899,2023-11-25 08:00:00,6942.933,7226.24
14900,2023-11-25 09:00:00,7064.248,7222.79
14901,2023-11-25 10:00:00,6996.5986,7137.8
14902,2023-11-25 11:00:00,7032.5312,6862.37
14903,2023-11-25 12:00:00,6656.2686,6627.57
14904,2023-11-25 13:00:00,6580.3027,6764.49
14905,2023-11-25 14:00:00,6849.7207,6929.8
14906,2023-11-25 15:00:00,7342.2007,7060.87
14907,2023-11-25 16:00:00,7657.112,7481.83
14908,2023-11-25 17:00:00,7945.5273,7678.33
14909,2023-11-25 18:00:00,7864.4033,7791.03
14910,2023-11-25 19:00:00,7710.016,7818.06
14911,2023-11-25 20:00:00,7668.938,7747.77
14912,2023-11-25 21:00:00,7538.3,7397.08
14913,2023-11-25 22:00:00,7257.0576,7277.65
14914,2023-11-25 23:00:00,7167.0244,7054.72
14915,2023-11-26 00:00:00,6843.315,6627.63
14916,2023-11-26 01:00:00,6298.7075,6261.3
14917,2023-11-26 02:00:00,6049.496,6108.82
14918,2023-11-26 03:00:00,6069.067,5920.42
14919,2023-11-26 04:00:00,5968.0977,5901.23
14920,2023-11-26 05:00:00,6015.522,5901.66
14921,2023-11-26 06:00:00,5940.1836,5858.31
14922,2023-11-26 07:00:00,5739.3,5603.96
14923,2023-11-26 08:00:00,5291.382,5208.32
14924,2023-11-26 09:00:00,4901.989,4898.24
14925,2023-11-26 10:00:00,4673.878,4674.97
14926,2023-11-26 11:00:00,4593.0464,5035.0
14927,2023-11-26 12:00:00,5242.8154,5279.9
14928,2023-11-26 13:00:00,5622.2207,6088.6
14929,2023-11-26 14:00:00,6616.9927,6294.55
14930,2023-11-26 15:00:00,6882.8,6686.28
14931,2023-11-26 16:00:00,7229.8774,7668.89
14932,2023-11-26 17:00:00,8190.645,8029.41
14933,2023-11-26 18:00:00,8147.846,8590.97
14934,2023-11-26 19:00:00,8472.169,8555.23
14935,2023-11-26 20:00:00,8275.65,8393.93
14936,2023-11-26 21:00:00,7978.353,7822.74
14937,2023-11-26 22:00:00,7551.1357,7486.61
14938,2023-11-26 23:00:00,7295.612,7079.25
14939,2023-11-27 00:00:00,6820.216,6758.11
14940,2023-11-27 01:00:00,6424.6626,6490.74
14941,2023-11-27 02:00:00,6218.6836,6221.11
14942,2023-11-27 03:00:00,6135.5205,6177.97
14943,2023-11-27 04:00:00,6228.996,6350.12
14944,2023-11-27 05:00:00,6735.304,6802.37
14945,2023-11-27 06:00:00,7230.609,7291.38
14946,2023-11-27 07:00:00,7439.2236,7321.85
14947,2023-11-27 08:00:00,7064.2676,6823.63
14948,2023-11-27 09:00:00,6434.95,6628.14
14949,2023-11-27 10:00:00,6447.1245,6289.99
14950,2023-11-27 11:00:00,6237.7627,6436.69
14951,2023-11-27 12:00:00,6557.5806,6563.11
14952,2023-11-27 13:00:00,6672.983,6659.7
14953,2023-11-27 14:00:00,6856.7896,7222.13
14954,2023-11-27 15:00:00,7726.5044,7831.37
14955,2023-11-27 16:00:00,8331.612,8485.89
14956,2023-11-27 17:00:00,8775.282,8854.14
14957,2023-11-27 18:00:00,8893.099,8841.23
14958,2023-11-27 19:00:00,8716.309,8720.34
14959,2023-11-27 20:00:00,8385.157,8431.48
14960,2023-11-27 21:00:00,8005.0117,7979.16
14961,2023-11-27 22:00:00,7731.6787,7841.85
14962,2023-11-27 23:00:00,7558.091,7488.11
14963,2023-11-28 00:00:00,7171.0215,7312.76
14964,2023-11-28 01:00:00,6867.7515,6849.5
14965,2023-11-28 02:00:00,6523.2715,6441.02
14966,2023-11-28 03:00:00,6349.5913,6418.87
14967,2023-11-28 04:00:00,6563.5127,6504.92
14968,2023-11-28 05:00:00,6829.551,6955.07
14969,2023-11-28 06:00:00,7444.4443,7557.67
14970,2023-11-28 07:00:00,7618.011,8011.76
14971,2023-11-28 08:00:00,7766.045,8164.57
14972,2023-11-28 09:00:00,7837.31,8297.85
14973,2023-11-28 10:00:00,8141.2036,8240.2
14974,2023-11-28 11:00:00,8117.263,8109.97
14975,2023-11-28 12:00:00,8044.6235,7708.24
14976,2023-11-28 13:00:00,7708.2026,7911.89
14977,2023-11-28 14:00:00,8049.964,8163.97
14978,2023-11-28 15:00:00,8469.204,8076.24
14979,2023-11-28 16:00:00,8390.218,8144.75
14980,2023-11-28 17:00:00,8384.258,8768.27
14981,2023-11-28 18:00:00,8913.77,8633.53
14982,2023-11-28 19:00:00,8577.939,8543.48
14983,2023-11-28 20:00:00,8362.874,8297.39
14984,2023-11-28 21:00:00,7968.678,7819.5
14985,2023-11-28 22:00:00,7660.072,7715.08
14986,2023-11-28 23:00:00,7515.161,7333.27
14987,2023-11-29 00:00:00,7101.3154,7026.0
14988,2023-11-29 01:00:00,6648.7144,6669.85
14989,2023-11-29 02:00:00,6415.6494,6341.0
14990,2023-11-29 03:00:00,6297.064,6236.5
14991,2023-11-29 04:00:00,6356.0967,6451.85
14992,2023-11-29 05:00:00,6847.092,6807.19
14993,2023-11-29 06:00:00,7293.9814,7466.53
14994,2023-11-29 07:00:00,7666.0864,7908.11
14995,2023-11-29 08:00:00,7885.7456,7542.07
14996,2023-11-29 09:00:00,7202.7686,6914.38
14997,2023-11-29 10:00:00,6708.6143,7283.0
14998,2023-11-29 11:00:00,7059.215,6767.71
14999,2023-11-29 12:00:00,6814.967,6861.06
15000,2023-11-29 13:00:00,6938.3027,7533.55
15001,2023-11-29 14:00:00,7657.6064,8268.11
15002,2023-11-29 15:00:00,8596.799,8729.97
15003,2023-11-29 16:00:00,8895.376,8366.5
15004,2023-11-29 17:00:00,8486.41,8592.95
15005,2023-11-29 18:00:00,8638.548,8400.93
15006,2023-11-29 19:00:00,8277.18,8338.9
15007,2023-11-29 20:00:00,8107.8457,8142.61
15008,2023-11-29 21:00:00,7805.096,7708.98
15009,2023-11-29 22:00:00,7498.069,7673.17
15010,2023-11-29 23:00:00,7341.6235,7384.14
15011,2023-11-30 00:00:00,7082.8237,7107.64
15012,2023-11-30 01:00:00,6679.016,6682.71
15013,2023-11-30 02:00:00,6365.823,6315.99
15014,2023-11-30 03:00:00,6251.149,6193.09
15015,2023-11-30 04:00:00,6390.1807,6016.86
15016,2023-11-30 05:00:00,6319.852,6625.45
15017,2023-11-30 06:00:00,7186.5156,7096.99
15018,2023-11-30 07:00:00,7342.1973,7012.09
15019,2023-11-30 08:00:00,6718.88,6334.7
15020,2023-11-30 09:00:00,6046.8,6386.04
15021,2023-11-30 10:00:00,6302.832,6350.55
15022,2023-11-30 11:00:00,6296.66,6436.01
15023,2023-11-30 12:00:00,6642.6987,6739.56
15024,2023-11-30 13:00:00,7078.8833,6450.18
15025,2023-11-30 14:00:00,6878.1035,6853.17
15026,2023-11-30 15:00:00,7472.4,6854.63
15027,2023-11-30 16:00:00,7445.9746,8167.69
15028,2023-11-30 17:00:00,8526.793,8653.7
15029,2023-11-30 18:00:00,8770.424,8853.46
15030,2023-11-30 19:00:00,8714.981,8849.14
15031,2023-11-30 20:00:00,8537.86,8572.42
15032,2023-11-30 21:00:00,8166.4087,8041.94
15033,2023-11-30 22:00:00,7759.0205,7897.35
15034,2023-11-30 23:00:00,7609.5264,7470.1
15035,2023-12-01 00:00:00,7180.2725,7255.57
15036,2023-12-01 01:00:00,6827.565,6763.31
15037,2023-12-01 02:00:00,6438.025,6388.27
15038,2023-12-01 03:00:00,6313.3496,6305.63
15039,2023-12-01 04:00:00,6417.8926,6370.8
15040,2023-12-01 05:00:00,6732.459,6734.27
15041,2023-12-01 06:00:00,7235.8125,7108.32
15042,2023-12-01 07:00:00,7361.4907,7167.77
15043,2023-12-01 08:00:00,6908.223,6558.11
15044,2023-12-01 09:00:00,6417.131,6174.21
15045,2023-12-01 10:00:00,6087.6523,6157.23
15046,2023-12-01 11:00:00,6241.7676,6375.12
15047,2023-12-01 12:00:00,6570.483,6757.49
15048,2023-12-01 13:00:00,6939.42,6609.69
15049,2023-12-01 14:00:00,7012.9106,6848.74
15050,2023-12-01 15:00:00,7423.543,7562.02
15051,2023-12-01 16:00:00,8247.331,8306.52
15052,2023-12-01 17:00:00,8740.553,8499.01
15053,2023-12-01 18:00:00,8663.6,8411.97
15054,2023-12-01 19:00:00,8271.852,8536.01
15055,2023-12-01 20:00:00,8234.875,8259.91
15056,2023-12-01 21:00:00,7906.8574,7960.12
15057,2023-12-01 22:00:00,7781.912,7933.53
15058,2023-12-01 23:00:00,7551.665,7619.35
15059,2023-12-02 00:00:00,7278.761,7205.86
15060,2023-12-02 01:00:00,6772.045,6752.93
15061,2023-12-02 02:00:00,6384.12,6418.93
15062,2023-12-02 03:00:00,6311.815,6303.53
15063,2023-12-02 04:00:00,6367.9375,6242.3
15064,2023-12-02 05:00:00,6351.449,6331.51
15065,2023-12-02 06:00:00,6489.939,6539.83
15066,2023-12-02 07:00:00,6666.483,6654.52
15067,2023-12-02 08:00:00,6580.9683,6900.14
15068,2023-12-02 09:00:00,6735.591,6870.93
15069,2023-12-02 10:00:00,6742.1855,6196.06
15070,2023-12-02 11:00:00,6075.955,5975.37
15071,2023-12-02 12:00:00,6004.3657,6176.16
15072,2023-12-02 13:00:00,6336.5205,6079.72
15073,2023-12-02 14:00:00,6223.8555,6014.06
15074,2023-12-02 15:00:00,6303.303,6876.04
15075,2023-12-02 16:00:00,7636.1973,7044.3
15076,2023-12-02 17:00:00,7629.935,7765.72
15077,2023-12-02 18:00:00,8072.301,8093.26
15078,2023-12-02 19:00:00,8091.0117,8106.15
15079,2023-12-02 20:00:00,7942.9673,8016.41
15080,2023-12-02 21:00:00,7719.9146,7648.63
15081,2023-12-02 22:00:00,7465.5127,7442.91
15082,2023-12-02 23:00:00,7224.2593,7053.55
15083,2023-12-03 00:00:00,6813.2944,6880.54
15084,2023-12-03 01:00:00,6540.4004,6369.72
15085,2023-12-03 02:00:00,6182.315,6081.74
15086,2023-12-03 03:00:00,5980.245,6047.4
15087,2023-12-03 04:00:00,6069.91,5968.7
15088,2023-12-03 05:00:00,5988.5093,6015.09
15089,2023-12-03 06:00:00,5953.712,5879.89
15090,2023-12-03 07:00:00,5679.102,5502.63
15091,2023-12-03 08:00:00,5122.111,5077.15
15092,2023-12-03 09:00:00,4732.292,4618.97
15093,2023-12-03 10:00:00,4365.732,4066.98
15094,2023-12-03 11:00:00,4029.689,4717.76
15095,2023-12-03 12:00:00,4969.3022,4991.17
15096,2023-12-03 13:00:00,5448.0293,4628.85
15097,2023-12-03 14:00:00,4967.081,5259.99
15098,2023-12-03 15:00:00,6053.2188,5957.35
15099,2023-12-03 16:00:00,6849.27,6675.5
15100,2023-12-03 17:00:00,7579.9126,7825.46
15101,2023-12-03 18:00:00,8265.2295,8185.76
15102,2023-12-03 19:00:00,8197.341,8059.75
15103,2023-12-03 20:00:00,7781.412,7957.82
15104,2023-12-03 21:00:00,7565.5176,7518.6
15105,2023-12-03 22:00:00,7223.256,7223.03
15106,2023-12-03 23:00:00,6987.581,6957.7
15107,2023-12-04 00:00:00,6723.22,6757.72
15108,2023-12-04 01:00:00,6336.1836,6538.3
15109,2023-12-04 02:00:00,6182.63,6112.15
15110,2023-12-04 03:00:00,6008.1025,6065.11
15111,2023-12-04 04:00:00,6142.304,6220.1
15112,2023-12-04 05:00:00,6555.243,6645.47
15113,2023-12-04 06:00:00,7108.3213,7074.26
15114,2023-12-04 07:00:00,7265.4033,7238.5
15115,2023-12-04 08:00:00,7037.074,6910.12
15116,2023-12-04 09:00:00,6591.284,6565.9
15117,2023-12-04 10:00:00,6321.5205,6475.16
15118,2023-12-04 11:00:00,6383.075,5972.79
15119,2023-12-04 12:00:00,6174.3394,5857.04
15120,2023-12-04 13:00:00,6034.0425,5695.06
15121,2023-12-04 14:00:00,5957.8594,5760.11
15122,2023-12-04 15:00:00,6224.2188,6236.13
15123,2023-12-04 16:00:00,6980.6265,7253.5
15124,2023-12-04 17:00:00,8028.167,8349.87
15125,2023-12-04 18:00:00,8622.572,8657.83
15126,2023-12-04 19:00:00,8549.713,8585.77
15127,2023-12-04 20:00:00,8274.322,8289.39
15128,2023-12-04 21:00:00,7840.4487,7877.9
15129,2023-12-04 22:00:00,7543.487,7617.24
15130,2023-12-04 23:00:00,7306.4727,7385.24
15131,2023-12-05 00:00:00,7115.9204,7014.19
15132,2023-12-05 01:00:00,6629.3325,6545.2
15133,2023-12-05 02:00:00,6209.582,6224.57
15134,2023-12-05 03:00:00,6135.041,6157.16
15135,2023-12-05 04:00:00,6325.9546,6312.42
15136,2023-12-05 05:00:00,6736.082,6593.5
15137,2023-12-05 06:00:00,7181.16,6883.83
15138,2023-12-05 07:00:00,7193.2744,6727.08
15139,2023-12-05 08:00:00,6403.8735,6153.43
15140,2023-12-05 09:00:00,5839.24,5912.86
15141,2023-12-05 10:00:00,5755.1265,5727.29
15142,2023-12-05 11:00:00,5785.1733,5848.23
15143,2023-12-05 12:00:00,6026.5806,6092.69
15144,2023-12-05 13:00:00,6195.4824,6650.13
15145,2023-12-05 14:00:00,6956.6235,7307.16
15146,2023-12-05 15:00:00,7915.199,8782.23
15147,2023-12-05 16:00:00,8831.443,9986.97
15148,2023-12-05 17:00:00,10140.418,10827.71
15149,2023-12-05 18:00:00,10914.497,11203.47
15150,2023-12-05 19:00:00,11108.83,10474.3
15151,2023-12-05 20:00:00,9821.733,10179.55
15152,2023-12-05 21:00:00,9502.174,9306.45
15153,2023-12-05 22:00:00,8790.314,8746.16
15154,2023-12-05 23:00:00,8382.979,8079.89
15155,2023-12-06 00:00:00,7630.7407,7636.37
15156,2023-12-06 01:00:00,7151.7686,7124.84
15157,2023-12-06 02:00:00,6680.041,6748.41
15158,2023-12-06 03:00:00,6509.129,6593.36
15159,2023-12-06 04:00:00,6717.87,6707.75
15160,2023-12-06 05:00:00,7046.64,6979.47
15161,2023-12-06 06:00:00,7367.791,7352.33
15162,2023-12-06 07:00:00,7481.43,7412.04
15163,2023-12-06 08:00:00,7036.3486,6947.61
15164,2023-12-06 09:00:00,6645.063,6625.77
15165,2023-12-06 10:00:00,6369.014,6284.95
15166,2023-12-06 11:00:00,6200.47,6276.15
15167,2023-12-06 12:00:00,6450.7593,6373.56
15168,2023-12-06 13:00:00,6656.047,6591.88
15169,2023-12-06 14:00:00,7064.6655,7233.99
15170,2023-12-06 15:00:00,8083.3833,7842.59
15171,2023-12-06 16:00:00,8569.555,8752.49
15172,2023-12-06 17:00:00,9297.657,9534.28
15173,2023-12-06 18:00:00,9750.835,9542.83
15174,2023-12-06 19:00:00,9312.127,9258.53
15175,2023-12-06 20:00:00,8834.2,8976.51
15176,2023-12-06 21:00:00,8527.133,8351.85
15177,2023-12-06 22:00:00,7971.0933,8082.06
15178,2023-12-06 23:00:00,7714.3594,7566.8
15179,2023-12-07 00:00:00,7211.578,7385.29
15180,2023-12-07 01:00:00,6934.7236,6888.24
15181,2023-12-07 02:00:00,6491.4326,6467.05
15182,2023-12-07 03:00:00,6332.084,6358.24
15183,2023-12-07 04:00:00,6473.878,6568.59
15184,2023-12-07 05:00:00,6870.213,6924.34
15185,2023-12-07 06:00:00,7286.4175,7432.56
15186,2023-12-07 07:00:00,7415.03,7465.41
15187,2023-12-07 08:00:00,6943.8657,7009.12
15188,2023-12-07 09:00:00,6688.872,6644.76
15189,2023-12-07 10:00:00,6443.3027,6578.78
15190,2023-12-07 11:00:00,6386.81,7282.22
15191,2023-12-07 12:00:00,7335.886,7350.79
15192,2023-12-07 13:00:00,7394.5806,7887.05
15193,2023-12-07 14:00:00,8294.867,8178.94
15194,2023-12-07 15:00:00,8710.481,8936.92
15195,2023-12-07 16:00:00,9639.813,9225.44
15196,2023-12-07 17:00:00,9555.937,9838.94
15197,2023-12-07 18:00:00,9870.449,9788.8
15198,2023-12-07 19:00:00,9552.787,9491.94
15199,2023-12-07 20:00:00,9116.899,9223.35
15200,2023-12-07 21:00:00,8727.175,8652.95
15201,2023-12-07 22:00:00,8172.609,8287.59
15202,2023-12-07 23:00:00,7883.1875,7858.84
15203,2023-12-08 00:00:00,7436.615,7541.64
15204,2023-12-08 01:00:00,7100.8525,7087.86
15205,2023-12-08 02:00:00,6673.195,6668.02
15206,2023-12-08 03:00:00,6466.5864,6562.95
15207,2023-12-08 04:00:00,6639.4126,6724.17
15208,2023-12-08 05:00:00,7027.313,6973.09
15209,2023-12-08 06:00:00,7357.8906,7360.04
15210,2023-12-08 07:00:00,7440.629,7697.23
15211,2023-12-08 08:00:00,7308.2974,7710.75
15212,2023-12-08 09:00:00,7419.9736,7967.71
15213,2023-12-08 10:00:00,7829.627,8154.36
15214,2023-12-08 11:00:00,8017.8833,8258.51
15215,2023-12-08 12:00:00,8205.693,8721.21
15216,2023-12-08 13:00:00,8811.867,9389.77
15217,2023-12-08 14:00:00,9678.041,9848.79
15218,2023-12-08 15:00:00,10323.151,10965.08
15219,2023-12-08 16:00:00,11520.472,11735.49
15220,2023-12-08 17:00:00,12238.076,11733.96
15221,2023-12-08 18:00:00,11618.551,11457.93
15222,2023-12-08 19:00:00,11158.494,10842.15
15223,2023-12-08 20:00:00,10323.421,10388.09
15224,2023-12-08 21:00:00,9822.315,9697.05
15225,2023-12-08 22:00:00,9294.341,9180.01
15226,2023-12-08 23:00:00,8750.949,8509.71
15227,2023-12-09 00:00:00,8063.114,8032.02
15228,2023-12-09 01:00:00,7516.7495,7550.1
15229,2023-12-09 02:00:00,7111.8174,7086.76
15230,2023-12-09 03:00:00,6876.989,6871.1
15231,2023-12-09 04:00:00,6878.0933,6850.28
15232,2023-12-09 05:00:00,6946.925,6986.21
15233,2023-12-09 06:00:00,7179.1724,7168.05
15234,2023-12-09 07:00:00,7390.8594,7338.83
15235,2023-12-09 08:00:00,7415.4707,7810.0
15236,2023-12-09 09:00:00,7884.1187,8257.23
15237,2023-12-09 10:00:00,8354.23,8739.9
15238,2023-12-09 11:00:00,8913.748,9242.05
15239,2023-12-09 12:00:00,9558.926,9372.68
15240,2023-12-09 13:00:00,9666.244,10165.79
15241,2023-12-09 14:00:00,10560.238,10825.37
15242,2023-12-09 15:00:00,11512.918,11534.6
15243,2023-12-09 16:00:00,12087.709,12000.55
15244,2023-12-09 17:00:00,12258.131,12169.1
15245,2023-12-09 18:00:00,12008.165,12235.15
15246,2023-12-09 19:00:00,11908.637,11476.44
15247,2023-12-09 20:00:00,10772.693,10119.04
15248,2023-12-09 21:00:00,9471.716,9587.73
15249,2023-12-09 22:00:00,9050.94,8924.89
15250,2023-12-09 23:00:00,8429.72,8289.84
15251,2023-12-10 00:00:00,7815.1733,7799.17
15252,2023-12-10 01:00:00,7391.1724,7124.97
15253,2023-12-10 02:00:00,6813.3765,6801.11
15254,2023-12-10 03:00:00,6681.3467,6627.38
15255,2023-12-10 04:00:00,6678.872,6569.55
15256,2023-12-10 05:00:00,6585.402,6560.62
15257,2023-12-10 06:00:00,6547.3105,6654.14
15258,2023-12-10 07:00:00,6686.975,6763.87
15259,2023-12-10 08:00:00,6727.9624,7017.74
15260,2023-12-10 09:00:00,7147.4526,7034.99
15261,2023-12-10 10:00:00,6908.7007,6944.11
15262,2023-12-10 11:00:00,6769.976,6749.88
15263,2023-12-10 12:00:00,6782.371,6423.26
15264,2023-12-10 13:00:00,6483.912,6235.19
15265,2023-12-10 14:00:00,6303.748,6807.72
15266,2023-12-10 15:00:00,7419.4785,7444.96
15267,2023-12-10 16:00:00,8230.269,8491.42
15268,2023-12-10 17:00:00,9130.986,9463.05
15269,2023-12-10 18:00:00,9756.286,9790.02
15270,2023-12-10 19:00:00,9639.59,9378.71
15271,2023-12-10 20:00:00,9017.611,9155.5
15272,2023-12-10 21:00:00,8601.698,8598.83
15273,2023-12-10 22:00:00,8192.637,8182.3
15274,2023-12-10 23:00:00,7809.81,7718.73
15275,2023-12-11 00:00:00,7383.5127,7249.81
15276,2023-12-11 01:00:00,6890.998,6903.86
15277,2023-12-11 02:00:00,6576.0645,6546.88
15278,2023-12-11 03:00:00,6419.757,6553.74
15279,2023-12-11 04:00:00,6646.2056,6646.01
15280,2023-12-11 05:00:00,6939.6265,7093.05
15281,2023-12-11 06:00:00,7473.52,7617.62
15282,2023-12-11 07:00:00,7858.9624,8042.07
15283,2023-12-11 08:00:00,8041.864,7861.32
15284,2023-12-11 09:00:00,7536.515,7487.84
15285,2023-12-11 10:00:00,7234.127,7254.1
15286,2023-12-11 11:00:00,7121.3276,7436.74
15287,2023-12-11 12:00:00,7526.792,7779.64
15288,2023-12-11 13:00:00,8023.428,8207.49
15289,2023-12-11 14:00:00,8639.736,8770.03
15290,2023-12-11 15:00:00,9543.807,9606.05
15291,2023-12-11 16:00:00,10335.122,10387.43
15292,2023-12-11 17:00:00,10878.204,10850.24
15293,2023-12-11 18:00:00,10795.397,10820.01
15294,2023-12-11 19:00:00,10505.067,10278.81
15295,2023-12-11 20:00:00,9810.25,9906.08
15296,2023-12-11 21:00:00,9384.39,9151.67
15297,2023-12-11 22:00:00,8641.831,8765.24
15298,2023-12-11 23:00:00,8322.129,8131.38
15299,2023-12-12 00:00:00,7677.0283,7791.71
15300,2023-12-12 01:00:00,7364.766,7320.66
15301,2023-12-12 02:00:00,6970.9,6893.04
15302,2023-12-12 03:00:00,6735.695,6790.14
15303,2023-12-12 04:00:00,6927.436,6924.21
15304,2023-12-12 05:00:00,7233.429,7290.51
15305,2023-12-12 06:00:00,7761.996,7790.59
15306,2023-12-12 07:00:00,8128.3594,8059.02
15307,2023-12-12 08:00:00,7908.2017,7962.42
15308,2023-12-12 09:00:00,7657.054,7800.61
15309,2023-12-12 10:00:00,7700.869,7660.94
15310,2023-12-12 11:00:00,7677.404,7454.33
15311,2023-12-12 12:00:00,7554.995,7465.26
15312,2023-12-12 13:00:00,7772.797,7637.78
15313,2023-12-12 14:00:00,8163.395,8353.05
15314,2023-12-12 15:00:00,9198.095,9088.26
15315,2023-12-12 16:00:00,9895.153,9769.87
15316,2023-12-12 17:00:00,10361.473,10614.23
15317,2023-12-12 18:00:00,10703.0,10576.73
15318,2023-12-12 19:00:00,10221.566,10104.6
15319,2023-12-12 20:00:00,9697.32,9781.88
15320,2023-12-12 21:00:00,9258.246,9105.7
15321,2023-12-12 22:00:00,8646.122,8570.88
15322,2023-12-12 23:00:00,8156.1587,8118.13
15323,2023-12-13 00:00:00,7706.234,7622.13
15324,2023-12-13 01:00:00,7198.905,7204.56
15325,2023-12-13 02:00:00,6860.5137,6764.39
15326,2023-12-13 03:00:00,6638.037,6719.31
15327,2023-12-13 04:00:00,6805.504,6896.6
15328,2023-12-13 05:00:00,7238.0825,7216.66
15329,2023-12-13 06:00:00,7694.2617,7665.49
15330,2023-12-13 07:00:00,7933.379,7975.12
15331,2023-12-13 08:00:00,7776.563,7837.7
15332,2023-12-13 09:00:00,7470.8955,7687.04
15333,2023-12-13 10:00:00,7470.0894,7224.15
15334,2023-12-13 11:00:00,7127.1514,7610.05
15335,2023-12-13 12:00:00,7788.8306,7573.38
15336,2023-12-13 13:00:00,7929.3105,7962.0
15337,2023-12-13 14:00:00,8564.906,8710.2
15338,2023-12-13 15:00:00,9482.49,10271.59
15339,2023-12-13 16:00:00,11131.751,10962.81
15340,2023-12-13 17:00:00,11314.754,11141.31
15341,2023-12-13 18:00:00,11010.258,11166.11
15342,2023-12-13 19:00:00,10752.165,10562.29
15343,2023-12-13 20:00:00,9995.934,10008.02
15344,2023-12-13 21:00:00,9430.168,9301.45
15345,2023-12-13 22:00:00,8795.372,8774.95
15346,2023-12-13 23:00:00,8277.525,8217.4
15347,2023-12-14 00:00:00,7746.6177,7844.28
15348,2023-12-14 01:00:00,7346.4805,7305.9
15349,2023-12-14 02:00:00,6930.5737,6889.41
15350,2023-12-14 03:00:00,6747.1387,6741.88
15351,2023-12-14 04:00:00,6910.6006,6893.04
15352,2023-12-14 05:00:00,7228.962,7165.08
15353,2023-12-14 06:00:00,7569.8774,7837.31
15354,2023-12-14 07:00:00,8056.924,8454.41
15355,2023-12-14 08:00:00,8288.508,8236.37
15356,2023-12-14 09:00:00,7869.976,8112.3
15357,2023-12-14 10:00:00,7938.162,8302.2
15358,2023-12-14 11:00:00,8224.729,8469.36
15359,2023-12-14 12:00:00,8620.598,9211.15
15360,2023-12-14 13:00:00,9704.0625,9704.38
15361,2023-12-14 14:00:00,10332.437,10383.48
15362,2023-12-14 15:00:00,11207.736,11120.74
15363,2023-12-14 16:00:00,11654.867,11751.64
15364,2023-12-14 17:00:00,11838.301,12730.79
15365,2023-12-14 18:00:00,12551.361,12950.27
15366,2023-12-14 19:00:00,12337.28,12575.55
15367,2023-12-14 20:00:00,11923.747,11692.79
15368,2023-12-14 21:00:00,10998.798,10428.25
15369,2023-12-14 22:00:00,9711.078,9396.3
15370,2023-12-14 23:00:00,8820.742,8622.72
15371,2023-12-15 00:00:00,8107.37,8041.32
15372,2023-12-15 01:00:00,7579.6245,7493.1
15373,2023-12-15 02:00:00,7126.612,7137.25
15374,2023-12-15 03:00:00,6920.197,7101.55
15375,2023-12-15 04:00:00,7198.7314,7053.98
15376,2023-12-15 05:00:00,7270.6606,7381.27
15377,2023-12-15 06:00:00,7810.0576,7813.08
15378,2023-12-15 07:00:00,8163.5557,7994.88
15379,2023-12-15 08:00:00,8082.54,8076.82
15380,2023-12-15 09:00:00,8045.9424,7857.0
15381,2023-12-15 10:00:00,7827.9688,7699.96
15382,2023-12-15 11:00:00,7818.26,7262.78
15383,2023-12-15 12:00:00,7472.0425,7047.41
15384,2023-12-15 13:00:00,7415.6846,7216.72
15385,2023-12-15 14:00:00,7879.0225,7647.74
15386,2023-12-15 15:00:00,8396.23,8337.48
15387,2023-12-15 16:00:00,9301.746,8896.95
15388,2023-12-15 17:00:00,9471.543,9486.03
15389,2023-12-15 18:00:00,9636.789,9550.45
15390,2023-12-15 19:00:00,9366.028,9318.23
15391,2023-12-15 20:00:00,8984.267,9176.24
15392,2023-12-15 21:00:00,8755.434,8598.29
15393,2023-12-15 22:00:00,8266.614,8305.13
15394,2023-12-15 23:00:00,7972.331,7998.88
15395,2023-12-16 00:00:00,7640.1245,7494.48
15396,2023-12-16 01:00:00,7143.7974,7004.31
15397,2023-12-16 02:00:00,6699.8843,6597.75
15398,2023-12-16 03:00:00,6501.0483,6452.91
15399,2023-12-16 04:00:00,6464.8677,6441.97
15400,2023-12-16 05:00:00,6529.024,6419.96
15401,2023-12-16 06:00:00,6501.091,6454.27
15402,2023-12-16 07:00:00,6613.198,6375.01
15403,2023-12-16 08:00:00,6543.523,5959.0
15404,2023-12-16 09:00:00,5757.551,5872.27
15405,2023-12-16 10:00:00,5862.839,5868.42
15406,2023-12-16 11:00:00,5982.2305,5966.67
15407,2023-12-16 12:00:00,6040.2837,6389.67
15408,2023-12-16 13:00:00,6690.911,6740.63
15409,2023-12-16 14:00:00,7265.663,7488.06
15410,2023-12-16 15:00:00,8283.173,8431.02
15411,2023-12-16 16:00:00,9178.993,8972.86
15412,2023-12-16 17:00:00,9360.015,9875.33
15413,2023-12-16 18:00:00,9899.187,10013.48
15414,2023-12-16 19:00:00,9678.634,9485.06
15415,2023-12-16 20:00:00,9115.483,9140.74
15416,2023-12-16 21:00:00,8685.381,8673.7
15417,2023-12-16 22:00:00,8252.892,8167.63
15418,2023-12-16 23:00:00,7796.662,7723.37
15419,2023-12-17 00:00:00,7313.1377,7332.16
15420,2023-12-17 01:00:00,6882.7227,6894.81
15421,2023-12-17 02:00:00,6574.74,6599.69
15422,2023-12-17 03:00:00,6501.19,6516.41
15423,2023-12-17 04:00:00,6537.905,6366.9
15424,2023-12-17 05:00:00,6406.667,6396.25
15425,2023-12-17 06:00:00,6446.694,6305.21
15426,2023-12-17 07:00:00,6233.4883,6443.33
15427,2023-12-17 08:00:00,6406.9575,6462.9
15428,2023-12-17 09:00:00,6252.514,6125.48
15429,2023-12-17 10:00:00,5954.65,5809.84
15430,2023-12-17 11:00:00,5683.014,5720.12
15431,2023-12-17 12:00:00,5827.8735,5756.5
15432,2023-12-17 13:00:00,5873.226,5660.34
15433,2023-12-17 14:00:00,6017.4375,6003.6
15434,2023-12-17 15:00:00,6732.668,6845.57
15435,2023-12-17 16:00:00,7766.2876,7662.94
15436,2023-12-17 17:00:00,8460.354,8375.71
15437,2023-12-17 18:00:00,8664.525,8818.95
15438,2023-12-17 19:00:00,8692.829,8723.56
15439,2023-12-17 20:00:00,8370.617,8619.25
15440,2023-12-17 21:00:00,8216.627,8138.88
15441,2023-12-17 22:00:00,7782.6504,7924.29
15442,2023-12-17 23:00:00,7529.5957,7502.87
15443,2023-12-18 00:00:00,7145.259,7223.99
15444,2023-12-18 01:00:00,6834.417,6812.81
15445,2023-12-18 02:00:00,6496.9175,6637.4
15446,2023-12-18 03:00:00,6523.101,6537.98
15447,2023-12-18 04:00:00,6619.7764,6659.36
15448,2023-12-18 05:00:00,6957.424,7030.9
15449,2023-12-18 06:00:00,7460.831,7565.44
15450,2023-12-18 07:00:00,7824.0625,8085.66
15451,2023-12-18 08:00:00,7972.346,8150.67
15452,2023-12-18 09:00:00,7733.9004,8066.61
15453,2023-12-18 10:00:00,7839.297,7742.11
15454,2023-12-18 11:00:00,7531.8823,7566.73
15455,2023-12-18 12:00:00,7521.5205,7298.66
15456,2023-12-18 13:00:00,7321.9062,7277.98
15457,2023-12-18 14:00:00,7641.3657,8187.88
15458,2023-12-18 15:00:00,9100.519,9232.45
15459,2023-12-18 16:00:00,10090.21,10378.19
15460,2023-12-18 17:00:00,11062.223,11075.43
15461,2023-12-18 18:00:00,11139.338,11017.61
15462,2023-12-18 19:00:00,10617.492,10735.9
15463,2023-12-18 20:00:00,10218.396,10333.28
15464,2023-12-18 21:00:00,9774.414,9537.28
15465,2023-12-18 22:00:00,8961.19,8959.68
15466,2023-12-18 23:00:00,8421.419,8374.92
15467,2023-12-19 00:00:00,7908.448,7937.23
15468,2023-12-19 01:00:00,7463.976,7412.66
15469,2023-12-19 02:00:00,7035.7124,7115.14
15470,2023-12-19 03:00:00,7003.049,6989.15
15471,2023-12-19 04:00:00,7134.33,7164.92
15472,2023-12-19 05:00:00,7488.83,7467.46
15473,2023-12-19 06:00:00,7855.404,8056.64
15474,2023-12-19 07:00:00,8421.959,8434.57
15475,2023-12-19 08:00:00,8359.653,8859.14
15476,2023-12-19 09:00:00,8646.434,9036.01
15477,2023-12-19 10:00:00,8840.88,8678.05
15478,2023-12-19 11:00:00,8380.191,9145.57
15479,2023-12-19 12:00:00,9186.709,9393.4
15480,2023-12-19 13:00:00,9720.763,10069.85
15481,2023-12-19 14:00:00,10765.685,10493.02
15482,2023-12-19 15:00:00,11357.246,10903.89
15483,2023-12-19 16:00:00,11597.728,11228.11
15484,2023-12-19 17:00:00,11680.47,11479.8
15485,2023-12-19 18:00:00,11384.389,11097.05
15486,2023-12-19 19:00:00,10693.598,10520.46
15487,2023-12-19 20:00:00,9981.193,9734.86
15488,2023-12-19 21:00:00,9203.322,8849.99
15489,2023-12-19 22:00:00,8358.072,8553.79
15490,2023-12-19 23:00:00,8066.0537,8084.88
15491,2023-12-20 00:00:00,7685.3906,7603.94
15492,2023-12-20 01:00:00,7172.83,7252.04
15493,2023-12-20 02:00:00,6966.9614,6823.19
15494,2023-12-20 03:00:00,6754.44,6642.68
15495,2023-12-20 04:00:00,6799.3975,6730.64
15496,2023-12-20 05:00:00,7012.233,7072.89
15497,2023-12-20 06:00:00,7516.9033,7694.55
15498,2023-12-20 07:00:00,8109.366,8111.06
15499,2023-12-20 08:00:00,8203.79,8246.46
15500,2023-12-20 09:00:00,8011.368,8363.47
15501,2023-12-20 10:00:00,8199.439,8241.11
15502,2023-12-20 11:00:00,8221.691,8014.75
15503,2023-12-20 12:00:00,8128.8945,7858.68
15504,2023-12-20 13:00:00,8097.2905,7870.39
15505,2023-12-20 14:00:00,8389.523,7733.54
15506,2023-12-20 15:00:00,8298.168,7839.42
15507,2023-12-20 16:00:00,8392.236,8179.25
15508,2023-12-20 17:00:00,8821.606,8120.44
15509,2023-12-20 18:00:00,8258.159,8137.74
15510,2023-12-20 19:00:00,8119.0825,8229.78
15511,2023-12-20 20:00:00,8072.5845,8047.91
15512,2023-12-20 21:00:00,7825.323,7651.48
15513,2023-12-20 22:00:00,7366.5117,7507.48
15514,2023-12-20 23:00:00,7304.154,7208.79
15515,2023-12-21 00:00:00,6873.6514,6990.74
15516,2023-12-21 01:00:00,6727.618,6502.56
15517,2023-12-21 02:00:00,6304.79,6167.52
15518,2023-12-21 03:00:00,6026.288,6031.35
15519,2023-12-21 04:00:00,6099.1313,6206.57
15520,2023-12-21 05:00:00,6541.784,6566.39
15521,2023-12-21 06:00:00,7053.044,6961.77
15522,2023-12-21 07:00:00,7263.31,7252.62
15523,2023-12-21 08:00:00,7337.0156,7149.31
15524,2023-12-21 09:00:00,6941.0024,7111.81
15525,2023-12-21 10:00:00,7005.953,7001.42
15526,2023-12-21 11:00:00,6979.632,6876.59
15527,2023-12-21 12:00:00,6934.945,6609.69
15528,2023-12-21 13:00:00,6690.491,6333.35
15529,2023-12-21 14:00:00,6416.4395,6333.7
15530,2023-12-21 15:00:00,6623.361,6613.03
15531,2023-12-21 16:00:00,7055.5767,7106.01
15532,2023-12-21 17:00:00,7631.537,7664.4
15533,2023-12-21 18:00:00,7993.0693,7929.23
15534,2023-12-21 19:00:00,7908.993,8010.65
15535,2023-12-21 20:00:00,7844.357,7952.23
15536,2023-12-21 21:00:00,7664.115,7567.55
15537,2023-12-21 22:00:00,7317.574,7496.94
15538,2023-12-21 23:00:00,7236.018,7206.45
15539,2023-12-22 00:00:00,6935.006,6967.86
15540,2023-12-22 01:00:00,6600.9326,6512.39
15541,2023-12-22 02:00:00,6245.494,6237.48
15542,2023-12-22 03:00:00,6158.805,6060.94
15543,2023-12-22 04:00:00,6104.0674,6178.77
15544,2023-12-22 05:00:00,6503.79,6404.6
15545,2023-12-22 06:00:00,6800.0967,6638.67
15546,2023-12-22 07:00:00,6905.0244,6509.08
15547,2023-12-22 08:00:00,6356.7036,5920.06
15548,2023-12-22 09:00:00,5651.3145,5458.09
15549,2023-12-22 10:00:00,5264.486,5259.17
15550,2023-12-22 11:00:00,5285.301,5099.66
15551,2023-12-22 12:00:00,5175.653,4968.99
15552,2023-12-22 13:00:00,5085.824,4965.69
15553,2023-12-22 14:00:00,5272.6543,5064.23
15554,2023-12-22 15:00:00,5513.181,5557.8
15555,2023-12-22 16:00:00,6127.9126,6394.59
15556,2023-12-22 17:00:00,7104.1387,7269.14
15557,2023-12-22 18:00:00,7789.983,7738.94
15558,2023-12-22 19:00:00,7838.19,7801.04
15559,2023-12-22 20:00:00,7673.0312,7758.72
15560,2023-12-22 21:00:00,7550.9556,7494.99
15561,2023-12-22 22:00:00,7290.8545,7432.69
15562,2023-12-22 23:00:00,7215.8926,7111.02
15563,2023-12-23 00:00:00,6842.9775,6876.14
15564,2023-12-23 01:00:00,6530.839,6433.2
15565,2023-12-23 02:00:00,6197.3726,6136.74
15566,2023-12-23 03:00:00,6023.752,6009.24
15567,2023-12-23 04:00:00,5961.183,5926.14
15568,2023-12-23 05:00:00,5969.662,6045.67
15569,2023-12-23 06:00:00,6143.425,5954.04
15570,2023-12-23 07:00:00,5945.5986,5798.02
15571,2023-12-23 08:00:00,5481.79,5312.8
15572,2023-12-23 09:00:00,4919.3145,5175.4
15573,2023-12-23 10:00:00,4983.904,4726.72
15574,2023-12-23 11:00:00,4555.405,4631.45
15575,2023-12-23 12:00:00,4723.965,4609.55
15576,2023-12-23 13:00:00,4673.7393,4679.67
15577,2023-12-23 14:00:00,4854.622,5190.53
15578,2023-12-23 15:00:00,5837.186,5842.41
15579,2023-12-23 16:00:00,6677.0005,6715.98
15580,2023-12-23 17:00:00,7523.334,7395.51
15581,2023-12-23 18:00:00,7816.609,7595.81
15582,2023-12-23 19:00:00,7603.0645,7649.23
15583,2023-12-23 20:00:00,7527.326,7623.07
15584,2023-12-23 21:00:00,7419.8438,7350.28
15585,2023-12-23 22:00:00,7147.7026,7284.46
15586,2023-12-23 23:00:00,7020.3613,7036.43
15587,2023-12-24 00:00:00,6799.4727,6728.94
15588,2023-12-24 01:00:00,6409.496,6407.47
15589,2023-12-24 02:00:00,6159.514,6078.62
15590,2023-12-24 03:00:00,5928.036,5956.25
15591,2023-12-24 04:00:00,5974.2173,5995.78
15592,2023-12-24 05:00:00,6139.701,5970.77
15593,2023-12-24 06:00:00,6049.753,5934.61
15594,2023-12-24 07:00:00,5836.5312,6183.38
15595,2023-12-24 08:00:00,6149.8545,6323.86
15596,2023-12-24 09:00:00,6098.5483,6375.62
15597,2023-12-24 10:00:00,6035.6436,6611.17
15598,2023-12-24 11:00:00,6591.404,6763.6
15599,2023-12-24 12:00:00,6747.9424,6069.52
15600,2023-12-24 13:00:00,5869.3057,5694.5
15601,2023-12-24 14:00:00,5554.186,6009.48
15602,2023-12-24 15:00:00,6535.7505,6348.49
15603,2023-12-24 16:00:00,7061.6836,6789.79
15604,2023-12-24 17:00:00,7488.5205,7065.63
15605,2023-12-24 18:00:00,7425.025,7274.14
15606,2023-12-24 19:00:00,7345.2456,7256.66
15607,2023-12-24 20:00:00,7132.216,7234.81
15608,2023-12-24 21:00:00,7046.375,6932.3
15609,2023-12-24 22:00:00,6720.3623,6936.97
15610,2023-12-24 23:00:00,6764.1924,6679.07
15611,2023-12-25 00:00:00,6463.5967,6324.48
15612,2023-12-25 01:00:00,6095.175,5885.59
15613,2023-12-25 02:00:00,5616.9595,5588.34
15614,2023-12-25 03:00:00,5423.3164,5432.47
15615,2023-12-25 04:00:00,5456.676,5410.9
15616,2023-12-25 05:00:00,5511.115,5536.56
15617,2023-12-25 06:00:00,5870.589,5585.66
15618,2023-12-25 07:00:00,5737.0664,5559.25
15619,2023-12-25 08:00:00,5640.868,5579.55
15620,2023-12-25 09:00:00,5520.655,5040.41
15621,2023-12-25 10:00:00,4805.361,4985.35
15622,2023-12-25 11:00:00,4936.0513,4769.51
15623,2023-12-25 12:00:00,4750.861,4743.85
15624,2023-12-25 13:00:00,4848.205,4995.22
15625,2023-12-25 14:00:00,5343.8213,5474.88
15626,2023-12-25 15:00:00,6099.984,6127.38
15627,2023-12-25 16:00:00,6764.1626,6964.29
15628,2023-12-25 17:00:00,7515.022,7058.65
15629,2023-12-25 18:00:00,7156.656,7068.62
15630,2023-12-25 19:00:00,7003.8013,7184.12
15631,2023-12-25 20:00:00,7035.9487,7256.17
15632,2023-12-25 21:00:00,7009.558,7011.36
15633,2023-12-25 22:00:00,6842.515,6979.83
15634,2023-12-25 23:00:00,6726.1934,6692.99
15635,2023-12-26 00:00:00,6405.072,6349.53
15636,2023-12-26 01:00:00,6027.3936,6003.47
15637,2023-12-26 02:00:00,5724.837,5638.53
15638,2023-12-26 03:00:00,5506.0186,5572.43
15639,2023-12-26 04:00:00,5648.256,5496.75
15640,2023-12-26 05:00:00,5554.9937,5653.28
15641,2023-12-26 06:00:00,5796.3643,5701.23
15642,2023-12-26 07:00:00,5818.947,5722.45
15643,2023-12-26 08:00:00,5646.115,5485.88
15644,2023-12-26 09:00:00,5086.187,5219.01
15645,2023-12-26 10:00:00,5046.7017,5053.28
15646,2023-12-26 11:00:00,4976.444,5027.31
15647,2023-12-26 12:00:00,5049.951,5339.44
15648,2023-12-26 13:00:00,5674.5083,6533.15
15649,2023-12-26 14:00:00,7287.6387,6512.11
15650,2023-12-26 15:00:00,6963.098,6559.97
15651,2023-12-26 16:00:00,6913.2407,6854.95
15652,2023-12-26 17:00:00,7175.281,7540.53
15653,2023-12-26 18:00:00,7724.8745,7856.53
15654,2023-12-26 19:00:00,7791.6387,7952.66
15655,2023-12-26 20:00:00,7782.828,7921.45
15656,2023-12-26 21:00:00,7648.727,7618.72
15657,2023-12-26 22:00:00,7329.3857,7594.32
15658,2023-12-26 23:00:00,7243.538,7226.16
15659,2023-12-27 00:00:00,6852.4023,6803.56
15660,2023-12-27 01:00:00,6423.9443,6387.91
15661,2023-12-27 02:00:00,6055.649,6008.6
15662,2023-12-27 03:00:00,5850.7695,5906.33
15663,2023-12-27 04:00:00,5974.319,5967.28
15664,2023-12-27 05:00:00,6104.8535,6140.84
15665,2023-12-27 06:00:00,6297.89,6180.83
15666,2023-12-27 07:00:00,6185.5996,6348.63
15667,2023-12-27 08:00:00,6342.5186,5837.68
15668,2023-12-27 09:00:00,5518.1763,5854.93
15669,2023-12-27 10:00:00,5772.1914,6199.71
15670,2023-12-27 11:00:00,6435.1577,5564.02
15671,2023-12-27 12:00:00,5477.7876,5671.27
15672,2023-12-27 13:00:00,5952.927,7054.8
15673,2023-12-27 14:00:00,7117.134,6405.62
15674,2023-12-27 15:00:00,6608.1646,6071.61
15675,2023-12-27 16:00:00,6484.58,6998.74
15676,2023-12-27 17:00:00,7568.7026,7434.39
15677,2023-12-27 18:00:00,7750.888,7861.71
15678,2023-12-27 19:00:00,7947.576,8028.33
15679,2023-12-27 20:00:00,7861.033,7968.97
15680,2023-12-27 21:00:00,7706.912,7509.04
15681,2023-12-27 22:00:00,7303.2637,7445.73
15682,2023-12-27 23:00:00,7146.844,7103.98
15683,2023-12-28 00:00:00,6745.6914,6789.19
15684,2023-12-28 01:00:00,6377.9614,6321.03
15685,2023-12-28 02:00:00,5985.188,5969.56
15686,2023-12-28 03:00:00,5814.8975,5884.97
15687,2023-12-28 04:00:00,5924.303,5875.0
15688,2023-12-28 05:00:00,5980.9434,6116.28
15689,2023-12-28 06:00:00,6328.145,6061.25
15690,2023-12-28 07:00:00,6141.555,5986.36
15691,2023-12-28 08:00:00,5840.5454,5706.92
15692,2023-12-28 09:00:00,5549.102,5136.45
15693,2023-12-28 10:00:00,5004.072,5061.78
15694,2023-12-28 11:00:00,5034.525,5266.5
15695,2023-12-28 12:00:00,5636.46,5708.01
15696,2023-12-28 13:00:00,6267.8936,6213.65
15697,2023-12-28 14:00:00,6501.3184,6295.44
15698,2023-12-28 15:00:00,6580.5464,6645.71
15699,2023-12-28 16:00:00,7252.5156,7530.82
15700,2023-12-28 17:00:00,7920.8296,8463.55
15701,2023-12-28 18:00:00,8648.341,8930.8
15702,2023-12-28 19:00:00,8911.125,8900.31
15703,2023-12-28 20:00:00,8631.588,8705.56
15704,2023-12-28 21:00:00,8258.283,8141.63
15705,2023-12-28 22:00:00,7797.866,7886.88
15706,2023-12-28 23:00:00,7493.339,7454.73
15707,2023-12-29 00:00:00,7003.025,7061.26
15708,2023-12-29 01:00:00,6615.382,6628.72
15709,2023-12-29 02:00:00,6223.7114,6267.27
15710,2023-12-29 03:00:00,6084.8193,6089.5
15711,2023-12-29 04:00:00,6134.95,6084.84
15712,2023-12-29 05:00:00,6226.4175,6232.25
15713,2023-12-29 06:00:00,6353.245,6331.5
15714,2023-12-29 07:00:00,6248.7188,6303.73
15715,2023-12-29 08:00:00,5955.1187,6299.79
15716,2023-12-29 09:00:00,5913.373,6494.23
15717,2023-12-29 10:00:00,6265.365,6324.0
15718,2023-12-29 11:00:00,6234.9404,6697.77
15719,2023-12-29 12:00:00,6923.774,6554.17
15720,2023-12-29 13:00:00,6712.1924,7142.97
15721,2023-12-29 14:00:00,7229.089,7193.7
15722,2023-12-29 15:00:00,7523.57,7261.79
15723,2023-12-29 16:00:00,7967.3496,7707.76
15724,2023-12-29 17:00:00,8440.727,8034.96
15725,2023-12-29 18:00:00,8428.706,8315.53
15726,2023-12-29 19:00:00,8331.168,8147.44
15727,2023-12-29 20:00:00,7973.668,8008.56
15728,2023-12-29 21:00:00,7786.9644,7684.6
15729,2023-12-29 22:00:00,7488.3887,7598.21
15730,2023-12-29 23:00:00,7286.2764,7296.08
15731,2023-12-30 00:00:00,6940.515,6987.12
15732,2023-12-30 01:00:00,6599.6133,6473.98
15733,2023-12-30 02:00:00,6183.292,6004.57
15734,2023-12-30 03:00:00,5850.2393,5808.9
15735,2023-12-30 04:00:00,5820.611,5882.31
15736,2023-12-30 05:00:00,5981.5376,5908.85
15737,2023-12-30 06:00:00,6012.317,5929.53
15738,2023-12-30 07:00:00,5918.0063,5821.76
15739,2023-12-30 08:00:00,5633.846,5296.15
15740,2023-12-30 09:00:00,5094.809,4717.56
15741,2023-12-30 10:00:00,4623.591,4438.08
15742,2023-12-30 11:00:00,4448.4863,4431.02
15743,2023-12-30 12:00:00,4512.715,4495.48
15744,2023-12-30 13:00:00,4638.5464,4574.65
15745,2023-12-30 14:00:00,4861.641,5051.59
15746,2023-12-30 15:00:00,5745.695,5578.6
15747,2023-12-30 16:00:00,6338.8306,6675.15
15748,2023-12-30 17:00:00,7364.989,7553.92
15749,2023-12-30 18:00:00,7874.294,7905.27
15750,2023-12-30 19:00:00,7910.625,7913.32
15751,2023-12-30 20:00:00,7799.6924,7638.21
15752,2023-12-30 21:00:00,7438.647,7364.93
15753,2023-12-30 22:00:00,7206.2314,7169.98
15754,2023-12-30 23:00:00,6916.1714,6822.39
15755,2023-12-31 00:00:00,6556.555,6593.49
15756,2023-12-31 01:00:00,6241.0283,6219.04
15757,2023-12-31 02:00:00,5908.783,5894.26
15758,2023-12-31 03:00:00,5734.4087,5797.17
15759,2023-12-31 04:00:00,5831.2725,5747.19
15760,2023-12-31 05:00:00,5820.7275,5880.48
15761,2023-12-31 06:00:00,5910.5996,5975.84
15762,2023-12-31 07:00:00,5964.46,6096.61
15763,2023-12-31 08:00:00,6040.9004,6277.09
15764,2023-12-31 09:00:00,6169.8213,6245.88
15765,2023-12-31 10:00:00,6190.889,6285.3
15766,2023-12-31 11:00:00,6227.022,6040.8
15767,2023-12-31 12:00:00,5943.0684,6252.03
15768,2023-12-31 13:00:00,6402.3643,6100.32
15769,2023-12-31 14:00:00,6204.927,6139.89
15770,2023-12-31 15:00:00,6512.6714,6495.53
15771,2023-12-31 16:00:00,6997.565,6804.55
15772,2023-12-31 17:00:00,7231.799,7043.96
15773,2023-12-31 18:00:00,7194.853,7159.37
15774,2023-12-31 19:00:00,7144.373,7022.42
15775,2023-12-31 20:00:00,6919.338,6948.44
