,date,pred,true
0,2021-08-07,6285.81,6298.0215
1,2021-08-08,6111.884,5977.038
2,2021-08-09,6553.9136,5975.9326
3,2021-08-10,6620.1523,6635.174
4,2021-08-11,6601.2275,6613.616
5,2021-08-12,6608.437,6582.2583
6,2021-08-13,6595.821,6528.778
7,2021-08-08,6028.6587,5977.038
8,2021-08-09,6536.004,5975.9326
9,2021-08-10,6583.763,6635.174
10,2021-08-11,6574.3013,6613.616
11,2021-08-12,6573.399,6582.2583
12,2021-08-13,6573.4004,6528.778
13,2021-08-14,6205.281,6198.8223
14,2021-08-09,6404.574,5975.9326
15,2021-08-10,6496.9346,6635.174
16,2021-08-11,6493.7812,6613.616
17,2021-08-12,6519.4644,6582.2583
18,2021-08-13,6521.2656,6528.778
19,2021-08-14,6176.5957,6198.8223
20,2021-08-15,6038.274,5983.757
21,2021-08-10,6416.792,6635.174
22,2021-08-11,6437.518,6613.616
23,2021-08-12,6444.275,6582.2583
24,2021-08-13,6461.3965,6528.778
25,2021-08-14,6339.2974,6198.8223
26,2021-08-15,6056.3496,5983.757
27,2021-08-16,6097.35,6471.06
28,2021-08-11,6568.4824,6613.616
29,2021-08-12,6558.5723,6582.2583
30,2021-08-13,6572.5376,6528.778
31,2021-08-14,6471.611,6198.8223
32,2021-08-15,6099.886,5983.757
33,2021-08-16,6061.1357,6471.06
34,2021-08-17,6538.745,6417.69
35,2021-08-12,6601.28,6582.2583
36,2021-08-13,6603.082,6528.778
37,2021-08-14,6539.9976,6198.8223
38,2021-08-15,6162.845,5983.757
39,2021-08-16,6111.0273,6471.06
40,2021-08-17,6562.0767,6417.69
41,2021-08-18,6585.5083,6299.402
42,2021-08-13,6589.386,6528.778
43,2021-08-14,6543.4233,6198.8223
44,2021-08-15,6175.2656,5983.757
45,2021-08-16,6077.0337,6471.06
46,2021-08-17,6570.46,6417.69
47,2021-08-18,6589.8364,6299.402
48,2021-08-19,6582.6265,6290.715
49,2021-08-14,6401.802,6198.8223
50,2021-08-15,6092.2095,5983.757
51,2021-08-16,6069.6777,6471.06
52,2021-08-17,6529.7837,6417.69
53,2021-08-18,6550.5117,6299.402
54,2021-08-19,6546.4575,6290.715
55,2021-08-20,6544.655,6312.497
56,2021-08-15,5953.2,5983.757
57,2021-08-16,6160.0312,6471.06
58,2021-08-17,6488.531,6417.69
59,2021-08-18,6500.6973,6299.402
60,2021-08-19,6525.482,6290.715
61,2021-08-20,6497.543,6312.497
62,2021-08-21,6285.7505,6028.5933
63,2021-08-16,6045.9526,6471.06
64,2021-08-17,6488.0137,6417.69
65,2021-08-18,6531.274,6299.402
66,2021-08-19,6533.5264,6290.715
67,2021-08-20,6543.8906,6312.497
68,2021-08-21,6437.0933,6028.5933
69,2021-08-22,6118.9536,5871.773
70,2021-08-17,6575.4526,6417.69
71,2021-08-18,6558.775,6299.402
72,2021-08-19,6561.4795,6290.715
73,2021-08-20,6529.928,6312.497
74,2021-08-21,6177.9224,6028.5933
75,2021-08-22,6034.1436,5871.773
76,2021-08-23,6510.0986,6335.6367
77,2021-08-18,6460.895,6299.402
78,2021-08-19,6505.9683,6290.715
79,2021-08-20,6484.3325,6312.497
80,2021-08-21,6100.756,6028.5933
81,2021-08-22,5947.955,5871.773
82,2021-08-23,6447.825,6335.6367
83,2021-08-24,6474.87,6306.076
84,2021-08-19,6396.5044,6290.715
85,2021-08-20,6402.3643,6312.497
86,2021-08-21,6097.6626,6028.5933
87,2021-08-22,5936.748,5871.773
88,2021-08-23,6402.3633,6335.6367
89,2021-08-24,6432.1123,6306.076
90,2021-08-25,6443.833,6286.873
91,2021-08-20,6313.063,6312.497
92,2021-08-21,6012.8706,6028.5933
93,2021-08-22,5919.1157,5871.773
94,2021-08-23,6406.3667,6335.6367
95,2021-08-24,6415.831,6306.076
96,2021-08-25,6414.931,6286.873
97,2021-08-26,6444.23,6360.3623
98,2021-08-21,6024.9146,6028.5933
99,2021-08-22,5913.1323,5871.773
100,2021-08-23,6416.148,6335.6367
101,2021-08-24,6448.1494,6306.076
102,2021-08-25,6472.4893,6286.873
103,2021-08-26,6482.406,6360.3623
104,2021-08-27,6455.812,6458.062
105,2021-08-22,5879.138,5871.773
106,2021-08-23,6387.506,6335.6367
107,2021-08-24,6447.4487,6306.076
108,2021-08-25,6460.9688,6286.873
109,2021-08-26,6483.5024,6360.3623
110,2021-08-27,6442.4907,6458.062
111,2021-08-28,6074.2812,6254.0283
112,2021-08-23,6371.1206,6335.6367
113,2021-08-24,6411.2314,6306.076
114,2021-08-25,6419.795,6286.873
115,2021-08-26,6430.611,6360.3623
116,2021-08-27,6413.487,6458.062
117,2021-08-28,6049.7964,6254.0283
118,2021-08-29,5932.6206,6040.195
119,2021-08-24,6420.103,6306.076
120,2021-08-25,6413.3394,6286.873
121,2021-08-26,6443.09,6360.3623
122,2021-08-27,6418.75,6458.062
123,2021-08-28,6092.404,6254.0283
124,2021-08-29,5956.728,6040.195
125,2021-08-30,6447.5967,6356.2
126,2021-08-25,6333.5967,6286.873
127,2021-08-26,6377.7705,6360.3623
128,2021-08-27,6337.203,6458.062
129,2021-08-28,6001.3867,6254.0283
130,2021-08-29,5909.885,6040.195
131,2021-08-30,6371.912,6356.2
132,2021-08-31,6408.4233,6423.1323
133,2021-08-26,6325.3623,6360.3623
134,2021-08-27,6337.0825,6458.062
135,2021-08-28,6014.7954,6254.0283
136,2021-08-29,5891.7417,6040.195
137,2021-08-30,6358.7173,6356.2
138,2021-08-31,6401.9893,6423.1323
139,2021-09-01,6387.1123,6493.1084
140,2021-08-27,6340.1226,6458.062
141,2021-08-28,6000.263,6254.0283
142,2021-08-29,5892.985,6040.195
143,2021-08-30,6372.575,6356.2
144,2021-08-31,6418.102,6423.1323
145,2021-09-01,6404.5796,6493.1084
146,2021-09-02,6405.0283,6298.5425
147,2021-08-28,6077.8413,6254.0283
148,2021-08-29,5952.986,6040.195
149,2021-08-30,6414.098,6356.2
150,2021-08-31,6453.312,6423.1323
151,2021-09-01,6449.253,6493.1084
152,2021-09-02,6453.761,6298.5425
153,2021-09-03,6428.9717,6362.3506
154,2021-08-29,6005.198,6040.195
155,2021-08-30,6451.881,6356.2
156,2021-08-31,6476.2207,6423.1323
157,2021-09-01,6478.9263,6493.1084
158,2021-09-02,6486.1377,6298.5425
159,2021-09-03,6477.1206,6362.3506
160,2021-09-04,6162.956,6188.2095
161,2021-08-30,6383.4214,6356.2
162,2021-08-31,6419.03,6423.1323
163,2021-09-01,6407.31,6493.1084
164,2021-09-02,6415.8735,6298.5425
165,2021-09-03,6412.2676,6362.3506
166,2021-09-04,6149.4844,6188.2095
167,2021-09-05,6024.6313,6039.7646
168,2021-08-31,6389.929,6423.1323
169,2021-09-01,6380.0083,6493.1084
170,2021-09-02,6403.002,6298.5425
171,2021-09-03,6399.3955,6362.3506
172,2021-09-04,6104.56,6188.2095
173,2021-09-05,5972.0195,6039.7646
174,2021-09-06,6434.5596,6537.5215
175,2021-09-01,6380.405,6493.1084
176,2021-09-02,6409.2583,6298.5425
177,2021-09-03,6431.351,6362.3506
178,2021-09-04,6148.2173,6188.2095
179,2021-09-05,6012.966,6039.7646
180,2021-09-06,6428.6475,6537.5215
181,2021-09-07,6469.2236,6451.408
182,2021-09-02,6470.436,6298.5425
183,2021-09-03,6463.22,6362.3506
184,2021-09-04,6187.25,6188.2095
185,2021-09-05,6030.325,6039.7646
186,2021-09-06,6400.9937,6537.5215
187,2021-09-07,6478.102,6451.408
188,2021-09-08,6501.1,6505.1514
189,2021-09-03,6337.2505,6362.3506
190,2021-09-04,6097.325,6188.2095
191,2021-09-05,5937.675,6039.7646
192,2021-09-06,6250.6606,6537.5215
193,2021-09-07,6357.995,6451.408
194,2021-09-08,6391.82,6505.1514
195,2021-09-09,6402.1914,6636.3926
196,2021-09-04,6203.7573,6188.2095
197,2021-09-05,5998.5293,6039.7646
198,2021-09-06,6132.0405,6537.5215
199,2021-09-07,6430.638,6451.408
200,2021-09-08,6459.958,6505.1514
201,2021-09-09,6454.994,6636.3926
202,2021-09-10,6441.463,6510.4546
203,2021-09-05,5944.665,6039.7646
204,2021-09-06,6275.8,6537.5215
205,2021-09-07,6410.688,6451.408
206,2021-09-08,6437.3057,6505.1514
207,2021-09-09,6438.209,6636.3926
208,2021-09-10,6441.3657,6510.4546
209,2021-09-11,6217.1504,6253.585
210,2021-09-06,6369.503,6537.5215
211,2021-09-07,6419.135,6451.408
212,2021-09-08,6426.8037,6505.1514
213,2021-09-09,6450.268,6636.3926
214,2021-09-10,6436.7314,6510.4546
215,2021-09-11,6182.71,6253.585
216,2021-09-12,6055.9243,6152.053
217,2021-09-07,6530.838,6451.408
218,2021-09-08,6534.448,6505.1514
219,2021-09-09,6495.18,6636.3926
220,2021-09-10,6482.995,6510.4546
221,2021-09-11,6161.1924,6253.585
222,2021-09-12,6060.994,6152.053
223,2021-09-13,6511.428,6474.404
224,2021-09-08,6427.18,6505.1514
225,2021-09-09,6434.8545,6636.3926
226,2021-09-10,6457.875,6510.4546
227,2021-09-11,6147.306,6253.585
228,2021-09-12,6064.6987,6152.053
229,2021-09-13,6506.177,6474.404
230,2021-09-14,6510.6914,6517.15
231,2021-09-09,6480.743,6636.3926
232,2021-09-10,6472.6157,6510.4546
233,2021-09-11,6172.373,6253.585
234,2021-09-12,6068.9805,6152.053
235,2021-09-13,6513.2505,6474.404
236,2021-09-14,6552.5312,6517.15
237,2021-09-15,6552.078,6618.6665
238,2021-09-10,6527.703,6510.4546
239,2021-09-11,6203.9146,6253.585
240,2021-09-12,6134.8213,6152.053
241,2021-09-13,6605.8267,6474.404
242,2021-09-14,6610.344,6517.15
243,2021-09-15,6627.505,6618.6665
244,2021-09-16,6618.4736,6681.2217
245,2021-09-11,6136.732,6253.585
246,2021-09-12,6048.2046,6152.053
247,2021-09-13,6514.773,6474.404
248,2021-09-14,6541.872,6517.15
249,2021-09-15,6549.0986,6618.6665
250,2021-09-16,6548.1943,6681.2217
251,2021-09-17,6515.223,6699.5693
252,2021-09-12,6082.1694,6152.053
253,2021-09-13,6540.196,6474.404
254,2021-09-14,6556.4556,6517.15
255,2021-09-15,6542.906,6618.6665
256,2021-09-16,6561.425,6681.2217
257,2021-09-17,6539.7417,6699.5693
258,2021-09-18,6197.805,6359.7954
259,2021-09-13,6570.456,6474.404
260,2021-09-14,6566.3926,6517.15
261,2021-09-15,6554.645,6618.6665
262,2021-09-16,6560.5156,6681.2217
263,2021-09-17,6535.6694,6699.5693
264,2021-09-18,6182.39,6359.7954
265,2021-09-19,6073.5137,6085.813
266,2021-09-14,6499.919,6517.15
267,2021-09-15,6511.6675,6618.6665
268,2021-09-16,6495.3994,6681.2217
269,2021-09-17,6466.9316,6699.5693
270,2021-09-18,6153.3223,6359.7954
271,2021-09-19,6041.2544,6085.813
272,2021-09-20,6497.208,6575.688
273,2021-09-15,6524.315,6618.6665
274,2021-09-16,6510.304,6681.2217
275,2021-09-17,6496.2925,6699.5693
276,2021-09-18,6182.189,6359.7954
277,2021-09-19,6048.864,6085.813
278,2021-09-20,6470.5312,6575.688
279,2021-09-21,6491.3213,6606.545
280,2021-09-16,6596.891,6681.2217
281,2021-09-17,6576.0977,6699.5693
282,2021-09-18,6224.872,6359.7954
283,2021-09-19,6077.9604,6085.813
284,2021-09-20,6520.045,6575.688
285,2021-09-21,6563.4414,6606.545
286,2021-09-22,6555.7563,6620.951
287,2021-09-17,6624.4346,6699.5693
288,2021-09-18,6259.5723,6359.7954
289,2021-09-19,6133.4326,6085.813
290,2021-09-20,6578.773,6575.688
291,2021-09-21,6585.55,6606.545
292,2021-09-22,6586.003,6620.951
293,2021-09-23,6576.0566,6656.3955
294,2021-09-18,6308.951,6359.7954
295,2021-09-19,6130.7764,6085.813
296,2021-09-20,6573.503,6575.688
297,2021-09-21,6628.221,6606.545
298,2021-09-22,6599.7324,6620.951
299,2021-09-23,6620.5337,6656.3955
300,2021-09-24,6594.757,6735.366
301,2021-09-19,6117.3774,6085.813
302,2021-09-20,6603.15,6575.688
303,2021-09-21,6624.41,6606.545
304,2021-09-22,6617.172,6620.951
305,2021-09-23,6623.956,6656.3955
306,2021-09-24,6596.8184,6735.366
307,2021-09-25,6262.1157,6355.463
308,2021-09-20,6520.6777,6575.688
309,2021-09-21,6559.1313,6606.545
310,2021-09-22,6557.774,6620.951
311,2021-09-23,6542.3945,6656.3955
312,2021-09-24,6539.2256,6735.366
313,2021-09-25,6225.7246,6355.463
314,2021-09-26,6066.4824,6186.116
315,2021-09-21,6591.995,6606.545
316,2021-09-22,6583.397,6620.951
317,2021-09-23,6593.352,6656.3955
318,2021-09-24,6555.7896,6735.366
319,2021-09-25,6226.78,6355.463
320,2021-09-26,6058.88,6186.116
321,2021-09-27,6524.112,6522.6646
322,2021-09-22,6575.8555,6620.951
323,2021-09-23,6578.1206,6656.3955
324,2021-09-24,6561.8237,6735.366
325,2021-09-25,7083.783,6355.463
326,2021-09-26,6057.07,6186.116
327,2021-09-27,6492.5596,6522.6646
328,2021-09-28,6548.2437,6454.898
329,2021-09-23,6618.4424,6656.3955
330,2021-09-24,6580.406,6735.366
331,2021-09-25,6249.8457,6355.463
332,2021-09-26,6064.643,6186.116
333,2021-09-27,6499.351,6522.6646
334,2021-09-28,6574.518,6454.898
335,2021-09-29,6573.6133,6529.6504
336,2021-09-24,6610.27,6735.366
337,2021-09-25,6261.5044,6355.463
338,2021-09-26,6069.004,6186.116
339,2021-09-27,6505.6406,6522.6646
340,2021-09-28,6566.788,6454.898
341,2021-09-29,6534.177,6529.6504
342,2021-09-30,6526.4785,6377.2363
343,2021-09-25,6384.805,6355.463
344,2021-09-26,6097.0986,6186.116
345,2021-09-27,6459.563,6522.6646
346,2021-09-28,6604.549,6454.898
347,2021-09-29,6603.642,6529.6504
348,2021-09-30,6609.533,6377.2363
349,2021-10-01,6580.5376,6364.8223
350,2021-09-26,6053.186,6186.116
351,2021-09-27,6544.4736,6522.6646
352,2021-09-28,6560.791,6454.898
353,2021-09-29,6565.7764,6529.6504
354,2021-09-30,6565.325,6377.2363
355,2021-10-01,6533.5986,6364.8223
356,2021-10-02,6187.7925,5990.2646
357,2021-09-27,6577.228,6522.6646
358,2021-09-28,6628.0015,6454.898
359,2021-09-29,6602.6157,6529.6504
360,2021-09-30,6591.736,6377.2363
361,2021-10-01,6574.509,6364.8223
362,2021-10-02,6262.1714,5990.2646
363,2021-10-03,6142.948,5949.3384
364,2021-09-28,6569.611,6454.898
365,2021-09-29,6544.668,6529.6504
366,2021-09-30,6557.8213,6377.2363
367,2021-10-01,6523.81,6364.8223
368,2021-10-02,6175.078,5990.2646
369,2021-10-03,6065.7905,5949.3384
370,2021-10-04,6531.0654,6535.559
371,2021-09-29,6477.155,6529.6504
372,2021-09-30,6494.8457,6377.2363
373,2021-10-01,6470.8037,6364.8223
374,2021-10-02,6161.0093,5990.2646
375,2021-10-03,6031.284,5949.3384
376,2021-10-04,6469.445,6535.559
377,2021-10-05,6475.794,6482.915
378,2021-09-30,6573.5,6377.2363
379,2021-10-01,6539.9263,6364.8223
380,2021-10-02,6230.964,5990.2646
381,2021-10-03,6079.8857,5949.3384
382,2021-10-04,6514.5176,6535.559
383,2021-10-05,6530.398,6482.915
384,2021-10-06,6529.49,6573.054
385,2021-10-01,6402.2017,6364.8223
386,2021-10-02,6134.022,5990.2646
387,2021-10-03,5983.825,5949.3384
388,2021-10-04,6360.453,6535.559
389,2021-10-05,6428.5186,6482.915
390,2021-10-06,6434.417,6573.054
391,2021-10-07,6430.788,6612.238
392,2021-10-02,6091.353,5990.2646
393,2021-10-03,6005.12,5949.3384
394,2021-10-04,6451.725,6535.559
395,2021-10-05,6454.4463,6482.915
396,2021-10-06,6442.194,6573.054
397,2021-10-07,6441.2856,6612.238
398,2021-10-08,6398.1675,6713.7734
399,2021-10-03,5899.5063,5949.3384
400,2021-10-04,6414.659,6535.559
401,2021-10-05,6433.268,6482.915
402,2021-10-06,6406.034,6573.054
403,2021-10-07,6395.5938,6612.238
404,2021-10-08,6360.194,6713.7734
405,2021-10-09,6038.8486,6439.4873
406,2021-10-04,6398.105,6535.559
407,2021-10-05,6418.0786,6482.915
408,2021-10-06,6398.5596,6573.054
409,2021-10-07,6364.0625,6612.238
410,2021-10-08,6318.6763,6713.7734
411,2021-10-09,6036.8057,6439.4873
412,2021-10-10,5951.0186,6257.1685
413,2021-10-05,6506.869,6482.915
414,2021-10-06,6472.8174,6573.054
415,2021-10-07,6466.4624,6612.238
416,2021-10-08,6418.3364,6713.7734
417,2021-10-09,6100.529,6439.4873
418,2021-10-10,5991.5684,6257.1685
419,2021-10-11,6460.1064,6658.779
420,2021-10-06,6460.1445,6573.054
421,2021-10-07,6438.35,6612.238
422,2021-10-08,6393.397,6713.7734
423,2021-10-09,6110.5083,6439.4873
424,2021-10-10,5995.6274,6257.1685
425,2021-10-11,6456.0576,6658.779
426,2021-10-12,6464.686,6885.4077
427,2021-10-07,6543.2695,6612.238
428,2021-10-08,6476.964,6713.7734
429,2021-10-09,6171.7812,6439.4873
430,2021-10-10,6069.6006,6257.1685
431,2021-10-11,6504.667,6658.779
432,2021-10-12,6508.302,6885.4077
433,2021-10-13,6495.5854,6904.2583
434,2021-10-08,6512.0264,6713.7734
435,2021-10-09,6184.9727,6439.4873
436,2021-10-10,6073.2275,6257.1685
437,2021-10-11,6508.8477,6658.779
438,2021-10-12,6515.663,6885.4077
439,2021-10-13,6516.1143,6904.2583
440,2021-10-14,6506.1235,6975.4473
441,2021-10-09,6330.475,6439.4873
442,2021-10-10,6169.1816,6257.1685
443,2021-10-11,6613.078,6658.779
444,2021-10-12,6621.256,6885.4077
445,2021-10-13,6604.4443,6904.2583
446,2021-10-14,6613.987,6975.4473
447,2021-10-15,6609.897,6928.0503
448,2021-10-10,6140.373,6257.1685
449,2021-10-11,6596.1426,6658.779
450,2021-10-12,6598.8687,6885.4077
451,2021-10-13,6593.416,6904.2583
452,2021-10-14,6597.96,6975.4473
453,2021-10-15,6592.0527,6928.0503
454,2021-10-16,6268.0605,6626.86
455,2021-10-11,6540.1143,6658.779
456,2021-10-12,6554.656,6885.4077
457,2021-10-13,6553.746,6904.2583
458,2021-10-14,6541.478,6975.4473
459,2021-10-15,6526.4805,6928.0503
460,2021-10-16,6243.808,6626.86
461,2021-10-17,6132.01,6271.2397
462,2021-10-12,6590.799,6885.4077
463,2021-10-13,6559.8843,6904.2583
464,2021-10-14,6554.427,6975.4473
465,2021-10-15,6523.0596,6928.0503
466,2021-10-16,6214.3857,6626.86
467,2021-10-17,6092.553,6271.2397
468,2021-10-18,6501.2393,6581.867
469,2021-10-13,6781.8193,6904.2583
470,2021-10-14,6744.075,6975.4473
471,2021-10-15,6732.708,6928.0503
472,2021-10-16,6413.0327,6626.86
473,2021-10-17,6245.2383,6271.2397
474,2021-10-18,6646.31,6581.867
475,2021-10-19,6694.963,6684.4634
476,2021-10-14,6832.5264,6975.4473
477,2021-10-15,6808.875,6928.0503
478,2021-10-16,6470.02,6626.86
479,2021-10-17,6319.926,6271.2397
480,2021-10-18,6712.904,6581.867
481,2021-10-19,6774.306,6684.4634
482,2021-10-20,6766.574,6550.5884
483,2021-10-15,6897.8735,6928.0503
484,2021-10-16,6494.7593,6626.86
485,2021-10-17,6334.155,6271.2397
486,2021-10-18,6795.0464,6581.867
487,2021-10-19,6851.0093,6684.4634
488,2021-10-20,6855.103,6550.5884
489,2021-10-21,6881.948,6475.0454
490,2021-10-16,6567.1514,6626.86
491,2021-10-17,6337.3223,6271.2397
492,2021-10-18,6646.3394,6581.867
493,2021-10-19,6766.94,6684.4634
494,2021-10-20,6767.8506,6550.5884
495,2021-10-21,6755.1094,6475.0454
496,2021-10-22,6726.893,6528.918
497,2021-10-17,6358.2207,6271.2397
498,2021-10-18,6738.31,6581.867
499,2021-10-19,6792.0244,6684.4634
500,2021-10-20,6807.5005,6550.5884
501,2021-10-21,6792.025,6475.0454
502,2021-10-22,6771.083,6528.918
503,2021-10-23,6468.3755,6229.809
504,2021-10-18,6521.205,6581.867
505,2021-10-19,6701.503,6684.4634
506,2021-10-20,6723.3564,6550.5884
507,2021-10-21,6742.4775,6475.0454
508,2021-10-22,6727.4546,6528.918
509,2021-10-23,6537.595,6229.809
510,2021-10-24,6307.6704,6056.3564
511,2021-10-19,6752.3994,6684.4634
512,2021-10-20,6780.638,6550.5884
513,2021-10-21,6764.243,6475.0454
514,2021-10-22,6730.5396,6528.918
515,2021-10-23,6438.1445,6229.809
516,2021-10-24,6272.365,6056.3564
517,2021-10-25,6639.4487,6580.954
518,2021-10-20,6748.0586,6550.5884
519,2021-10-21,6734.392,6475.0454
520,2021-10-22,6721.179,6528.918
521,2021-10-23,6413.662,6229.809
522,2021-10-24,6248.7417,6056.3564
523,2021-10-25,6612.7515,6580.954
524,2021-10-26,6692.025,6681.8013
525,2021-10-21,6565.8486,6475.0454
526,2021-10-22,6569.9507,6528.918
527,2021-10-23,6286.993,6229.809
528,2021-10-24,6152.12,6056.3564
529,2021-10-25,6538.9663,6580.954
530,2021-10-26,6588.632,6681.8013
531,2021-10-27,6596.8345,6704.128
532,2021-10-22,6493.5312,6528.918
533,2021-10-23,6251.9985,6229.809
534,2021-10-24,6111.6367,6056.3564
535,2021-10-25,6488.5195,6580.954
536,2021-10-26,6587.8643,6681.8013
537,2021-10-27,6607.4614,6704.128
538,2021-10-28,6627.9688,6654.5933
539,2021-10-23,6256.5625,6229.809
540,2021-10-24,6120.2827,6056.3564
541,2021-10-25,6520.917,6580.954
542,2021-10-26,6592.4727,6681.8013
543,2021-10-27,6598.853,6704.128
544,2021-10-28,6580.6226,6654.5933
545,2021-10-29,6550.5425,6712.5684
546,2021-10-24,6108.8066,6056.3564
547,2021-10-25,6549.5806,6580.954
548,2021-10-26,6585.59,6681.8013
549,2021-10-27,6595.6167,6704.128
550,2021-10-28,6599.264,6654.5933
551,2021-10-29,6585.134,6712.5684
552,2021-10-30,6261.5044,6415.479
553,2021-10-25,6486.4126,6580.954
554,2021-10-26,6514.6733,6681.8013
555,2021-10-27,6504.19,6704.128
556,2021-10-28,6503.2764,6654.5933
557,2021-10-29,6481.852,6712.5684
558,2021-10-30,6203.3223,6415.479
559,2021-10-31,6110.326,6160.9214
560,2021-10-26,6588.3,6681.8013
561,2021-10-27,6593.7715,6704.128
562,2021-10-28,6595.14,6654.5933
563,2021-10-29,6561.848,6712.5684
564,2021-10-30,6239.913,6415.479
565,2021-10-31,6158.2905,6160.9214
566,2021-11-01,6580.091,6482.731
567,2021-10-27,6660.659,6704.128
568,2021-10-28,6662.484,6654.5933
569,2021-10-29,6649.713,6712.5684
570,2021-10-30,6340.01,6415.479
571,2021-10-31,6230.0854,6160.9214
572,2021-11-01,6667.045,6482.731
573,2021-11-02,6710.832,6462.4326
574,2021-10-28,6705.3794,6654.5933
575,2021-10-29,6670.708,6712.5684
576,2021-10-30,6388.7676,6415.479
577,2021-10-31,6252.817,6160.9214
578,2021-11-01,6652.915,6482.731
579,2021-11-02,6716.787,6462.4326
580,2021-11-03,6731.84,6431.2437
581,2021-10-29,6617.5776,6712.5684
582,2021-10-30,6342.893,6415.479
583,2021-10-31,6200.075,6160.9214
584,2021-11-01,6588.832,6482.731
585,2021-11-02,6670.507,6462.4326
586,2021-11-03,6684.6514,6431.2437
587,2021-11-04,6688.302,6063.2866
588,2021-10-30,6409.3794,6415.479
589,2021-10-31,6233.675,6160.9214
590,2021-11-01,6597.8643,6482.731
591,2021-11-02,6685.4893,6462.4326
592,2021-11-03,6716.0654,6431.2437
593,2021-11-04,6716.98,6063.2866
594,2021-11-05,6691.4204,6435.461
595,2021-10-31,6238.125,6160.9214
596,2021-11-01,6681.326,6482.731
597,2021-11-02,6709.169,6462.4326
598,2021-11-03,6726.513,6431.2437
599,2021-11-04,6740.663,6063.2866
600,2021-11-05,6731.9893,6435.461
601,2021-11-06,6401.5312,6202.514
602,2021-11-01,6537.341,6482.731
603,2021-11-02,6619.9707,6462.4326
604,2021-11-03,6627.2754,6431.2437
605,2021-11-04,6626.8193,6063.2866
606,2021-11-05,6605.819,6435.461
607,2021-11-06,6342.8657,6202.514
608,2021-11-07,6221.433,6066.5063
609,2021-11-02,6614.575,6462.4326
610,2021-11-03,6635.125,6431.2437
611,2021-11-04,6622.793,6063.2866
612,2021-11-05,6606.813,6435.461
613,2021-11-06,6293.094,6202.514
614,2021-11-07,6162.491,6066.5063
615,2021-11-08,6607.727,6505.1714
616,2021-11-03,6537.6523,6431.2437
617,2021-11-04,6565.054,6063.2866
618,2021-11-05,6557.29,6435.461
619,2021-11-06,6257.696,6202.514
620,2021-11-07,6131.6465,6066.5063
621,2021-11-08,6535.368,6505.1714
622,2021-11-09,6588.803,6540.7446
623,2021-11-04,6496.024,6063.2866
624,2021-11-05,6489.174,6435.461
625,2021-11-06,6216.5024,6202.514
626,2021-11-07,6090.906,6066.5063
627,2021-11-08,6519.773,6505.1714
628,2021-11-09,6548.547,6540.7446
629,2021-11-10,6573.212,6417.857
630,2021-11-05,6088.2417,6435.461
631,2021-11-06,6037.092,6202.514
632,2021-11-07,6070.4307,6066.5063
633,2021-11-08,6328.007,6505.1714
634,2021-11-09,6420.2617,6540.7446
635,2021-11-10,6444.9224,6417.857
636,2021-11-11,6436.7017,6485.3022
637,2021-11-06,6301.659,6202.514
638,2021-11-07,6133.12,6066.5063
639,2021-11-08,6365.145,6505.1714
640,2021-11-09,6528.2017,6540.7446
641,2021-11-10,6532.77,6417.857
642,2021-11-11,6526.832,6485.3022
643,2021-11-12,6514.0454,6537.6636
644,2021-11-07,6036.427,6066.5063
645,2021-11-08,6466.2314,6505.1714
646,2021-11-09,6502.3145,6540.7446
647,2021-11-10,6524.697,6417.857
648,2021-11-11,6547.076,6485.3022
649,2021-11-12,6549.8184,6537.6636
650,2021-11-13,6273.0244,6180.2104
651,2021-11-08,6403.708,6505.1714
652,2021-11-09,6454.8745,6540.7446
653,2021-11-10,6468.122,6417.857
654,2021-11-11,6468.121,6485.3022
655,2021-11-12,6479.541,6537.6636
656,2021-11-13,6232.859,6180.2104
657,2021-11-14,6103.12,6101.277
658,2021-11-09,6550.139,6540.7446
659,2021-11-10,6551.5083,6417.857
660,2021-11-11,6555.6226,6485.3022
661,2021-11-12,6558.364,6537.6636
662,2021-11-13,6247.1724,6180.2104
663,2021-11-14,6133.8423,6101.277
664,2021-11-15,6532.3145,6600.199
665,2021-11-10,6553.257,6417.857
666,2021-11-11,6562.397,6485.3022
667,2021-11-12,6567.882,6537.6636
668,2021-11-13,6295.0405,6180.2104
669,2021-11-14,6154.2764,6101.277
670,2021-11-15,6547.314,6600.199
671,2021-11-16,6584.791,6658.95
672,2021-11-11,6415.404,6485.3022
673,2021-11-12,6437.3423,6537.6636
674,2021-11-13,6187.326,6180.2104
675,2021-11-14,6041.9785,6101.277
676,2021-11-15,6449.6826,6600.199
677,2021-11-16,6488.9907,6658.95
678,2021-11-17,6489.9067,6725.549
679,2021-11-12,6496.88,6537.6636
680,2021-11-13,6207.05,6180.2104
681,2021-11-14,6080.4243,6101.277
682,2021-11-15,6489.565,6600.199
683,2021-11-16,6522.4785,6658.95
684,2021-11-17,6526.5938,6725.549
685,2021-11-18,6514.2505,6604.0933
686,2021-11-13,6253.779,6180.2104
687,2021-11-14,6094.2114,6101.277
688,2021-11-15,6480.0996,6600.199
689,2021-11-16,6544.11,6658.95
690,2021-11-17,6552.3394,6725.549
691,2021-11-18,6545.482,6604.0933
692,2021-11-19,6531.764,6621.789
693,2021-11-14,6028.997,6101.277
694,2021-11-15,6504.0537,6600.199
695,2021-11-16,6522.8013,6658.95
696,2021-11-17,6511.826,6725.549
697,2021-11-18,6508.627,6604.0933
698,2021-11-19,6488.0513,6621.789
699,2021-11-20,6202.2837,6226.407
700,2021-11-15,6480.188,6600.199
701,2021-11-16,6505.34,6658.95
702,2021-11-17,6510.371,6725.549
703,2021-11-18,6489.335,6604.0933
704,2021-11-19,6440.405,6621.789
705,2021-11-20,6131.7373,6226.407
706,2021-11-21,6040.7373,6122.0024
707,2021-11-16,6577.2056,6658.95
708,2021-11-17,6573.0913,6725.549
709,2021-11-18,6572.1763,6604.0933
710,2021-11-19,6519.569,6621.789
711,2021-11-20,6202.556,6226.407
712,2021-11-21,6131.6494,6122.0024
713,2021-11-22,6547.4727,6590.2397
714,2021-11-17,6651.9536,6725.549
715,2021-11-18,6636.3965,6604.0933
716,2021-11-19,6607.1143,6621.789
717,2021-11-20,6299.18,6226.407
718,2021-11-21,6204.9233,6122.0024
719,2021-11-22,6602.5386,6590.2397
720,2021-11-23,6625.8735,6618.4697
721,2021-11-18,6693.1357,6604.0933
722,2021-11-19,6669.3354,6621.789
723,2021-11-20,6341.1777,6226.407
724,2021-11-21,6215.772,6122.0024
725,2021-11-22,6661.554,6590.2397
726,2021-11-23,6706.4062,6618.4697
727,2021-11-24,6706.8643,6477.9897
728,2021-11-19,6544.603,6621.789
729,2021-11-20,6223.687,6226.407
730,2021-11-21,6112.9033,6122.0024
731,2021-11-22,6562.9136,6590.2397
732,2021-11-23,6616.018,6618.4697
733,2021-11-24,6632.04,6477.9897
734,2021-11-25,6621.9688,6530.0786
735,2021-11-20,6313.906,6226.407
736,2021-11-21,6148.148,6122.0024
737,2021-11-22,6555.6763,6590.2397
738,2021-11-23,6630.313,6618.4697
739,2021-11-24,6623.444,6477.9897
740,2021-11-25,6607.8755,6530.0786
741,2021-11-26,6606.4985,6612.006
742,2021-11-21,6096.3145,6122.0024
743,2021-11-22,6544.6187,6590.2397
744,2021-11-23,6563.395,6618.4697
745,2021-11-24,6556.9824,6477.9897
746,2021-11-25,6542.33,6530.0786
747,2021-11-26,6562.478,6612.006
748,2021-11-27,6224.989,6319.2026
749,2021-11-22,6532.455,6590.2397
750,2021-11-23,6565.8867,6618.4697
751,2021-11-24,6555.355,6477.9897
752,2021-11-25,6509.0996,6530.0786
753,2021-11-26,6502.688,6612.006
754,2021-11-27,6186.6904,6319.2026
755,2021-11-28,6105.63,6150.5464
756,2021-11-23,6606.3706,6618.4697
757,2021-11-24,6613.2417,6477.9897
758,2021-11-25,6571.5537,6530.0786
759,2021-11-26,6540.4014,6612.006
760,2021-11-27,6228.8867,6319.2026
761,2021-11-28,6130.853,6150.5464
762,2021-11-29,6553.6855,6719.57
763,2021-11-24,6612.386,6477.9897
764,2021-11-25,6578.937,6530.0786
765,2021-11-26,6542.7407,6612.006
766,2021-11-27,6253.1743,6319.2026
767,2021-11-28,6169.7876,6150.5464
768,2021-11-29,6567.9434,6719.57
769,2021-11-30,6621.547,6828.828
770,2021-11-25,6471.3687,6530.0786
771,2021-11-26,6455.334,6612.006
772,2021-11-27,6178.571,6319.2026
773,2021-11-28,6099.759,6150.5464
774,2021-11-29,6527.272,6719.57
775,2021-11-30,6562.5557,6828.828
776,2021-12-01,6569.8867,6916.207
777,2021-11-26,6475.7773,6612.006
778,2021-11-27,6157.2817,6319.2026
779,2021-11-28,6071.13,6150.5464
780,2021-11-29,6525.2705,6719.57
781,2021-11-30,6553.225,6828.828
782,2021-12-01,6551.391,6916.207
783,2021-12-02,6534.435,6703.6147
784,2021-11-27,6190.174,6319.2026
785,2021-11-28,6096.217,6150.5464
786,2021-11-29,6546.752,6719.57
787,2021-11-30,6580.209,6828.828
788,2021-12-01,6568.7515,6916.207
789,2021-12-02,6578.3735,6703.6147
790,2021-12-03,6560.043,6558.849
791,2021-11-28,6142.216,6150.5464
792,2021-11-29,6596.891,6719.57
793,2021-11-30,6634.017,6828.828
794,2021-12-01,6629.89,6916.207
795,2021-12-02,6634.9326,6703.6147
796,2021-12-03,6645.9336,6558.849
797,2021-12-04,6317.3027,6265.8486
798,2021-11-29,6545.205,6719.57
799,2021-11-30,6562.1646,6828.828
800,2021-12-01,6554.3706,6916.207
801,2021-12-02,6545.2036,6703.6147
802,2021-12-03,6533.287,6558.849
803,2021-12-04,6249.0894,6265.8486
804,2021-12-05,6147.7876,6114.6274
805,2021-11-30,6695.1094,6828.828
806,2021-12-01,6676.3086,6916.207
807,2021-12-02,6655.675,6703.6147
808,2021-12-03,6637.335,6558.849
809,2021-12-04,6348.456,6265.8486
810,2021-12-05,6226.0264,6114.6274
811,2021-12-06,6666.2236,6531.9136
812,2021-12-01,6779.047,6916.207
813,2021-12-02,6757.0312,6703.6147
814,2021-12-03,6758.8677,6558.849
815,2021-12-04,6407.552,6265.8486
816,2021-12-05,6255.2856,6114.6274
817,2021-12-06,6692.364,6531.9136
818,2021-12-07,6735.477,6636.739
819,2021-12-02,6832.1,6703.6147
820,2021-12-03,6820.632,6558.849
821,2021-12-04,6455.4673,6265.8486
822,2021-12-05,6304.5386,6114.6274
823,2021-12-06,6743.562,6531.9136
824,2021-12-07,6798.6113,6636.739
825,2021-12-08,6798.1533,6668.687
826,2021-12-03,6631.1934,6558.849
827,2021-12-04,6310.463,6265.8486
828,2021-12-05,6184.2827,6114.6274
829,2021-12-06,6604.582,6531.9136
830,2021-12-07,6659.1846,6636.739
831,2021-12-08,6648.1743,6668.687
832,2021-12-09,6640.831,6680.9844
833,2021-12-04,6273.2324,6265.8486
834,2021-12-05,6166.76,6114.6274
835,2021-12-06,6604.129,6531.9136
836,2021-12-07,6646.808,6636.739
837,2021-12-08,6636.714,6668.687
838,2021-12-09,6637.6313,6680.9844
839,2021-12-10,6612.3887,6599.399
840,2021-12-05,6145.302,6114.6274
841,2021-12-06,6612.152,6531.9136
842,2021-12-07,6649.337,6636.739
843,2021-12-08,6660.3545,6668.687
844,2021-12-09,6633.73,6680.9844
845,2021-12-10,6597.004,6599.399
846,2021-12-11,6276.1274,6268.572
847,2021-12-06,6585.5576,6531.9136
848,2021-12-07,6627.3364,6636.739
849,2021-12-08,6619.989,6668.687
850,2021-12-09,6607.1367,6680.9844
851,2021-12-10,6548.371,6599.399
852,2021-12-11,6232.0376,6268.572
853,2021-12-12,6177.4033,6030.913
854,2021-12-07,6646.788,6636.739
855,2021-12-08,6659.1855,6668.687
856,2021-12-09,6623.366,6680.9844
857,2021-12-10,6603.6167,6599.399
858,2021-12-11,6273.4146,6268.572
859,2021-12-12,6170.9995,6030.913
860,2021-12-13,6597.189,6482.4165
861,2021-12-08,6639.4077,6668.687
862,2021-12-09,6637.57,6680.9844
863,2021-12-10,6601.28,6599.399
864,2021-12-11,6271.4688,6268.572
865,2021-12-12,6183.272,6030.913
866,2021-12-13,6586.1226,6482.4165
867,2021-12-14,6663.294,6583.9097
868,2021-12-09,6645.945,6680.9844
869,2021-12-10,6616.0806,6599.399
870,2021-12-11,6294.01,6268.572
871,2021-12-12,6160.7695,6030.913
872,2021-12-13,6620.676,6482.4165
873,2021-12-14,6679.0283,6583.9097
874,2021-12-15,6658.812,6599.98
875,2021-12-10,6627.065,6599.399
876,2021-12-11,6282.41,6268.572
877,2021-12-12,6169.3594,6030.913
878,2021-12-13,6615.1167,6482.4165
879,2021-12-14,6661.99,6583.9097
880,2021-12-15,6680.3726,6599.98
881,2021-12-16,6673.0215,6661.4575
882,2021-12-11,6227.7983,6268.572
883,2021-12-12,6145.986,6030.913
884,2021-12-13,6600.0874,6482.4165
885,2021-12-14,6634.5586,6583.9097
886,2021-12-15,6623.5283,6599.98
887,2021-12-16,6614.3354,6661.4575
888,2021-12-17,6591.815,6637.34
889,2021-12-12,6146.1816,6030.913
890,2021-12-13,6593.402,6482.4165
891,2021-12-14,6637.5273,6583.9097
892,2021-12-15,6649.9355,6599.98
893,2021-12-16,6624.198,6661.4575
894,2021-12-17,6588.8037,6637.34
895,2021-12-18,6260.628,6287.321
896,2021-12-13,6514.3105,6482.4165
897,2021-12-14,6555.6816,6583.9097
898,2021-12-15,6575.9062,6599.98
899,2021-12-16,6567.1724,6661.4575
900,2021-12-17,6548.784,6637.34
901,2021-12-18,6218.748,6287.321
902,2021-12-19,6112.5654,6057.9443
903,2021-12-14,6603.822,6583.9097
904,2021-12-15,6613.0176,6599.98
905,2021-12-16,6601.9814,6661.4575
906,2021-12-17,6568.8794,6637.34
907,2021-12-18,6236.919,6287.321
908,2021-12-19,6125.1914,6057.9443
909,2021-12-20,6563.8213,6524.5938
910,2021-12-15,6614.537,6599.98
911,2021-12-16,6613.616,6661.4575
912,2021-12-17,6568.555,6637.34
913,2021-12-18,6220.009,6287.321
914,2021-12-19,6132.1826,6057.9443
915,2021-12-20,6559.3574,6524.5938
916,2021-12-21,6613.158,6667.921
917,2021-12-16,6618.3936,6661.4575
918,2021-12-17,6587.5825,6637.34
919,2021-12-18,6263.837,6287.321
920,2021-12-19,6130.476,6057.9443
921,2021-12-20,6559.991,6524.5938
922,2021-12-21,6616.0957,6667.921
923,2021-12-22,6639.5474,6679.466
924,2021-12-17,6606.467,6637.34
925,2021-12-18,6251.3994,6287.321
926,2021-12-19,6139.635,6057.9443
927,2021-12-20,6589.451,6524.5938
928,2021-12-21,6636.3633,6667.921
929,2021-12-22,6646.482,6679.466
930,2021-12-23,6655.68,6570.552
931,2021-12-18,6219.256,6287.321
932,2021-12-19,6126.3345,6057.9443
933,2021-12-20,6568.857,6524.5938
934,2021-12-21,6618.0767,6667.921
935,2021-12-22,6629.1167,6679.466
936,2021-12-23,6628.6577,6570.552
937,2021-12-24,6599.677,6497.8086
938,2021-12-19,6109.5664,6057.9443
939,2021-12-20,6567.7417,6524.5938
940,2021-12-21,6617.4263,6667.921
941,2021-12-22,6629.3857,6679.466
942,2021-12-23,6630.3057,6570.552
943,2021-12-24,6594.4233,6497.8086
944,2021-12-25,6263.6704,6085.1455
945,2021-12-20,6497.9106,6524.5938
946,2021-12-21,6582.5586,6667.921
947,2021-12-22,6579.801,6679.466
948,2021-12-23,6589.002,6570.552
949,2021-12-24,6551.7383,6497.8086
950,2021-12-25,6223.2524,6085.1455
951,2021-12-26,6108.6963,6043.734
952,2021-12-21,6629.9805,6667.921
953,2021-12-22,6623.9995,6679.466
954,2021-12-23,6609.732,6570.552
955,2021-12-24,6589.9434,6497.8086
956,2021-12-25,6259.9863,6085.1455
957,2021-12-26,6157.822,6043.734
958,2021-12-27,6567.855,6466.6216
959,2021-12-22,6674.0483,6679.466
960,2021-12-23,6670.8267,6570.552
961,2021-12-24,6638.1436,6497.8086
962,2021-12-25,6307.2056,6085.1455
963,2021-12-26,6160.3755,6043.734
964,2021-12-27,6594.8794,6466.6216
965,2021-12-28,6652.8745,6550.1025
966,2021-12-23,6647.636,6570.552
967,2021-12-24,6614.027,6497.8086
968,2021-12-25,6277.964,6085.1455
969,2021-12-26,6133.408,6043.734
970,2021-12-27,6550.04,6466.6216
971,2021-12-28,6626.92,6550.1025
972,2021-12-29,6634.746,6549.389
973,2021-12-24,6566.8486,6497.8086
974,2021-12-25,6229.3438,6085.1455
975,2021-12-26,6099.4956,6043.734
976,2021-12-27,6553.0337,6466.6216
977,2021-12-28,6619.799,6550.1025
978,2021-12-29,6621.18,6549.389
979,2021-12-30,6629.928,6524.4844
980,2021-12-25,6192.39,6085.1455
981,2021-12-26,6071.2764,6043.734
982,2021-12-27,6532.699,6466.6216
983,2021-12-28,6581.0527,6550.1025
984,2021-12-29,6583.817,6549.389
985,2021-12-30,6591.1855,6524.4844
986,2021-12-31,6552.5015,6268.829
987,2021-12-26,5996.0693,6043.734
988,2021-12-27,6478.279,6466.6216
989,2021-12-28,6522.495,6550.1025
990,2021-12-29,6545.0625,6549.389
991,2021-12-30,6528.4805,6524.4844
992,2021-12-31,6500.388,6268.829
993,2022-01-01,6171.0854,5824.3525
994,2021-12-27,6483.009,6466.6216
995,2021-12-28,6548.8745,6550.1025
996,2021-12-29,6558.5474,6549.389
997,2021-12-30,6552.0996,6524.4844
998,2021-12-31,6518.9375,6268.829
999,2022-01-01,6197.8975,5824.3525
1000,2022-01-02,6096.564,5773.3154
1001,2021-12-28,6593.279,6550.1025
1002,2021-12-29,6584.5273,6549.389
1003,2021-12-30,6561.49,6524.4844
1004,2021-12-31,6527.3955,6268.829
1005,2022-01-01,6197.524,5824.3525
1006,2022-01-02,6104.4624,5773.3154
1007,2022-01-03,6536.6094,6162.769
1008,2021-12-29,6577.1694,6549.389
1009,2021-12-30,6579.935,6524.4844
1010,2021-12-31,6542.6167,6268.829
1011,2022-01-01,6207.65,5824.3525
1012,2022-01-02,6098.916,5773.3154
1013,2022-01-03,6534.7827,6162.769
1014,2022-01-04,6585.9233,6336.896
1015,2021-12-30,6557.976,6524.4844
1016,2021-12-31,6508.6724,6268.829
1017,2022-01-01,6182.8945,5824.3525
1018,2022-01-02,6080.5986,5773.3154
1019,2022-01-03,6525.7217,6162.769
1020,2022-01-04,6592.076,6336.896
1021,2022-01-05,6596.6836,6497.7144
1022,2021-12-31,6510.447,6268.829
1023,2022-01-01,6181.8823,5824.3525
1024,2022-01-02,6062.071,5773.3154
1025,2022-01-03,6520.5825,6162.769
1026,2022-01-04,6573.5776,6336.896
1027,2022-01-05,6576.803,6497.7144
1028,2022-01-06,6557.908,6556.6016
1029,2022-01-01,6020.8354,5824.3525
1030,2022-01-02,6005.63,5773.3154
1031,2022-01-03,6456.754,6162.769
1032,2022-01-04,6505.139,6336.896
1033,2022-01-05,6499.1475,6497.7144
1034,2022-01-06,6499.149,6556.6016
1035,2022-01-07,6448.458,6576.179
1036,2022-01-02,5937.697,5773.3154
1037,2022-01-03,6417.7617,6162.769
1038,2022-01-04,6449.092,6336.896
1039,2022-01-05,6459.687,6497.7144
1040,2022-01-06,6449.552,6556.6016
1041,2022-01-07,6375.3774,6576.179
1042,2022-01-08,6052.8765,6262.3086
1043,2022-01-03,6370.1025,6162.769
1044,2022-01-04,6435.516,6336.896
1045,2022-01-05,6449.339,6497.7144
1046,2022-01-06,6438.2827,6556.6016
1047,2022-01-07,6365.9575,6576.179
1048,2022-01-08,6019.997,6262.3086
1049,2022-01-09,5961.0327,6114.0522
1050,2022-01-04,6397.267,6336.896
1051,2022-01-05,6413.389,6497.7144
1052,2022-01-06,6401.4126,6556.6016
1053,2022-01-07,6365.937,6576.179
1054,2022-01-08,6045.754,6262.3086
1055,2022-01-09,5941.174,6114.0522
1056,2022-01-10,6404.635,6585.077
1057,2022-01-05,6428.73,6497.7144
1058,2022-01-06,6435.6406,6556.6016
1059,2022-01-07,6397.398,6576.179
1060,2022-01-08,6069.8105,6262.3086
1061,2022-01-09,5965.2236,6114.0522
1062,2022-01-10,6427.8076,6585.077
1063,2022-01-11,6484.0195,6584.598
1064,2022-01-06,6508.199,6556.6016
1065,2022-01-07,6493.9194,6576.179
1066,2022-01-08,6174.6357,6262.3086
1067,2022-01-09,6044.2505,6114.0522
1068,2022-01-10,6484.7017,6585.077
1069,2022-01-11,6577.7686,6584.598
1070,2022-01-12,6583.759,6577.644
1071,2022-01-07,6515.4536,6576.179
1072,2022-01-08,6225.645,6262.3086
1073,2022-01-09,6056.551,6114.0522
1074,2022-01-10,6444.502,6585.077
1075,2022-01-11,6575.3535,6584.598
1076,2022-01-12,6565.6777,6577.644
1077,2022-01-13,6550.4746,6565.6304
1078,2022-01-08,6256.665,6262.3086
1079,2022-01-09,6084.7856,6114.0522
1080,2022-01-10,6481.07,6585.077
1081,2022-01-11,6590.279,6584.598
1082,2022-01-12,6606.4087,6577.644
1083,2022-01-13,6574.61,6565.6304
1084,2022-01-14,6544.198,6523.569
1085,2022-01-09,6063.3965,6114.0522
1086,2022-01-10,6488.7275,6585.077
1087,2022-01-11,6548.1724,6584.598
1088,2022-01-12,6544.4873,6577.644
1089,2022-01-13,6538.035,6565.6304
1090,2022-01-14,6487.345,6523.569
1091,2022-01-15,6168.002,6218.0947
1092,2022-01-10,6492.58,6585.077
1093,2022-01-11,6574.614,6584.598
1094,2022-01-12,6565.859,6577.644
1095,2022-01-13,6565.8564,6565.6304
1096,2022-01-14,6525.3027,6523.569
1097,2022-01-15,6205.928,6218.0947
1098,2022-01-16,6081.4956,6101.2817
1099,2022-01-11,6614.7417,6584.598
1100,2022-01-12,6616.1255,6577.644
1101,2022-01-13,6583.395,6565.6304
1102,2022-01-14,6528.537,6523.569
1103,2022-01-15,6196.1626,6218.0947
1104,2022-01-16,6100.277,6101.2817
1105,2022-01-17,6542.8267,6562.487
1106,2022-01-12,6595.787,6577.644
1107,2022-01-13,6587.0283,6565.6304
1108,2022-01-14,6556.1387,6523.569
1109,2022-01-15,6226.489,6218.0947
1110,2022-01-16,6106.6143,6101.2817
1111,2022-01-17,6535.39,6562.487
1112,2022-01-18,6577.808,6537.7173
1113,2022-01-13,6567.6875,6565.6304
1114,2022-01-14,6540.4824,6523.569
1115,2022-01-15,6187.728,6218.0947
1116,2022-01-16,6069.683,6101.2817
1117,2022-01-17,6514.198,6562.487
1118,2022-01-18,6560.311,6537.7173
1119,2022-01-19,6593.9746,6488.8696
1120,2022-01-14,6505.337,6523.569
1121,2022-01-15,6173.291,6218.0947
1122,2022-01-16,6057.535,6101.2817
1123,2022-01-17,6492.885,6562.487
1124,2022-01-18,6554.2217,6537.7173
1125,2022-01-19,6562.0625,6488.8696
1126,2022-01-20,6577.2817,6536.92
1127,2022-01-15,6146.2217,6218.0947
1128,2022-01-16,6055.3623,6101.2817
1129,2022-01-17,6495.824,6562.487
1130,2022-01-18,6553.9375,6537.7173
1131,2022-01-19,6557.1655,6488.8696
1132,2022-01-20,6547.4805,6536.92
1133,2022-01-21,6502.2812,6563.8765
1134,2022-01-16,6064.3906,6101.2817
1135,2022-01-17,6504.3833,6562.487
1136,2022-01-18,6559.7295,6537.7173
1137,2022-01-19,6569.8755,6488.8696
1138,2022-01-20,6559.267,6536.92
1139,2022-01-21,6520.522,6563.8765
1140,2022-01-22,6194.913,6280.66
1141,2022-01-17,6482.594,6562.487
1142,2022-01-18,6530.102,6537.7173
1143,2022-01-19,6523.641,6488.8696
1144,2022-01-20,6510.728,6536.92
1145,2022-01-21,6485.8223,6563.8765
1146,2022-01-22,6170.8037,6280.66
1147,2022-01-23,6077.1743,6133.292
1148,2022-01-18,6620.261,6537.7173
1149,2022-01-19,6608.2656,6488.8696
1150,2022-01-20,6605.497,6536.92
1151,2022-01-21,6580.1226,6563.8765
1152,2022-01-22,6237.783,6280.66
1153,2022-01-23,6126.592,6133.292
1154,2022-01-24,6546.4404,6626.406
1155,2022-01-19,6576.295,6488.8696
1156,2022-01-20,6566.603,6536.92
1157,2022-01-21,6509.3867,6563.8765
1158,2022-01-22,6191.4604,6280.66
1159,2022-01-23,6094.0996,6133.292
1160,2022-01-24,6528.768,6626.406
1161,2022-01-25,6572.14,6630.1963
1162,2022-01-20,6526.143,6536.92
1163,2022-01-21,6500.763,6563.8765
1164,2022-01-22,6184.1914,6280.66
1165,2022-01-23,6063.2876,6133.292
1166,2022-01-24,6472.15,6626.406
1167,2022-01-25,6501.6846,6630.1963
1168,2022-01-26,6528.448,6677.717
1169,2022-01-21,6509.9443,6563.8765
1170,2022-01-22,6183.6377,6280.66
1171,2022-01-23,6065.483,6133.292
1172,2022-01-24,6510.405,6626.406
1173,2022-01-25,6545.0195,6630.1963
1174,2022-01-26,6536.713,6677.717
1175,2022-01-27,6508.5596,6652.3604
1176,2022-01-22,6181.3057,6280.66
1177,2022-01-23,6067.7485,6133.292
1178,2022-01-24,6504.89,6626.406
1179,2022-01-25,6550.59,6630.1963
1180,2022-01-26,6558.4336,6677.717
1181,2022-01-27,6552.433,6652.3604
1182,2022-01-28,6498.4243,6644.965
1183,2022-01-23,6092.464,6133.292
1184,2022-01-24,6530.081,6626.406
1185,2022-01-25,6588.244,6630.1963
1186,2022-01-26,6597.014,6677.717
1187,2022-01-27,6592.398,6652.3604
1188,2022-01-28,6531.004,6644.965
1189,2022-01-29,6211.102,6309.009
1190,2022-01-24,6520.1504,6626.406
1191,2022-01-25,6546.006,6630.1963
1192,2022-01-26,6555.7007,6677.717
1193,2022-01-27,6543.6973,6652.3604
1194,2022-01-28,6481.371,6644.965
1195,2022-01-29,6185.4395,6309.009
1196,2022-01-30,6103.726,6131.7935
1197,2022-01-25,6622.2754,6630.1963
1198,2022-01-26,6628.739,6677.717
1199,2022-01-27,6596.412,6652.3604
1200,2022-01-28,6551.154,6644.965
1201,2022-01-29,6230.2,6309.009
1202,2022-01-30,6129.0645,6131.7935
1203,2022-01-31,6547.9224,6265.909
1204,2022-01-26,6635.39,6677.717
1205,2022-01-27,6615.07,6652.3604
1206,2022-01-28,6578.5845,6644.965
1207,2022-01-29,6241.435,6309.009
1208,2022-01-30,6118.584,6131.7935
1209,2022-01-31,6523.6245,6265.909
1210,2022-02-01,6579.5073,5908.9185
1211,2022-01-27,6652.203,6652.3604
1212,2022-01-28,6608.322,6644.965
1213,2022-01-29,6303.0083,6309.009
1214,2022-01-30,6150.583,6131.7935
1215,2022-01-31,6556.59,6265.909
1216,2022-02-01,6625.4126,5908.9185
1217,2022-02-02,6633.266,5949.6616
1218,2022-01-28,6583.087,6644.965
1219,2022-01-29,6275.9,6309.009
1220,2022-01-30,6120.2236,6131.7935
1221,2022-01-31,6541.0483,6265.909
1222,2022-02-01,6603.875,5908.9185
1223,2022-02-02,6616.3486,5949.6616
1224,2022-02-03,6613.578,6456.346
1225,2022-01-29,6313.655,6309.009
1226,2022-01-30,6175.0566,6131.7935
1227,2022-01-31,6528.0225,6265.909
1228,2022-02-01,6619.4985,5908.9185
1229,2022-02-02,6639.826,5949.6616
1230,2022-02-03,6637.9775,6456.346
1231,2022-02-04,6577.4575,6584.6704
1232,2022-01-30,6135.5986,6131.7935
1233,2022-01-31,6541.7144,6265.909
1234,2022-02-01,6605.01,5908.9185
1235,2022-02-02,6616.5596,5949.6616
1236,2022-02-03,6598.5405,6456.346
1237,2022-02-04,6566.662,6584.6704
1238,2022-02-05,6277.4395,6286.3784
1239,2022-01-31,6521.339,6265.909
1240,2022-02-01,6586.956,5908.9185
1241,2022-02-02,6588.8066,5949.6616
1242,2022-02-03,6573.092,6456.346
1243,2022-02-04,6536.59,6584.6704
1244,2022-02-05,6232.0796,6286.3784
1245,2022-02-06,6110.551,6029.987
1246,2022-02-01,6524.7715,5908.9185
1247,2022-02-02,6546.956,5949.6616
1248,2022-02-03,6540.485,6456.346
1249,2022-02-04,6506.7456,6584.6704
1250,2022-02-05,6242.8325,6286.3784
1251,2022-02-06,6095.3945,6029.987
1252,2022-02-07,6484.561,6448.8633
1253,2022-02-02,6030.8687,5949.6616
1254,2022-02-03,6236.9976,6456.346
1255,2022-02-04,6304.4746,6584.6704
1256,2022-02-05,6237.9214,6286.3784
1257,2022-02-06,6193.0913,6029.987
1258,2022-02-07,6241.156,6448.8633
1259,2022-02-08,6248.0913,6450.566
1260,2022-02-03,6196.88,6456.346
1261,2022-02-04,6284.687,6584.6704
1262,2022-02-05,6261.58,6286.3784
1263,2022-02-06,6273.5938,6029.987
1264,2022-02-07,6283.761,6448.8633
1265,2022-02-08,6172.848,6450.566
1266,2022-02-09,6178.8555,6440.9097
1267,2022-02-04,6508.9624,6584.6704
1268,2022-02-05,6484.4688,6286.3784
1269,2022-02-06,6448.417,6029.987
1270,2022-02-07,6290.3486,6448.8633
1271,2022-02-08,6121.6514,6450.566
1272,2022-02-09,6343.9624,6440.9097
1273,2022-02-10,6490.9395,6285.4385
1274,2022-02-05,6525.6567,6286.3784
1275,2022-02-06,6494.689,6029.987
1276,2022-02-07,6343.993,6448.8633
1277,2022-02-08,6182.2036,6450.566
1278,2022-02-09,6380.9736,6440.9097
1279,2022-02-10,6544.612,6285.4385
1280,2022-02-11,6563.1045,6267.331
1281,2022-02-06,6254.6587,6029.987
1282,2022-02-07,6376.699,6448.8633
1283,2022-02-08,6210.74,6450.566
1284,2022-02-09,6146.9473,6440.9097
1285,2022-02-10,6438.185,6285.4385
1286,2022-02-11,6465.458,6267.331
1287,2022-02-12,6391.0312,6054.2056
1288,2022-02-07,6185.4814,6448.8633
1289,2022-02-08,6359.78,6450.566
1290,2022-02-09,6371.799,6440.9097
1291,2022-02-10,6374.573,6285.4385
1292,2022-02-11,6381.509,6267.331
1293,2022-02-12,6234.489,6054.2056
1294,2022-02-13,6102.2627,5970.6265
1295,2022-02-08,6490.8765,6450.566
1296,2022-02-09,6449.716,6440.9097
1297,2022-02-10,6439.542,6285.4385
1298,2022-02-11,6427.517,6267.331
1299,2022-02-12,6169.455,6054.2056
1300,2022-02-13,6046.897,5970.6265
1301,2022-02-14,6417.8037,6525.6577
1302,2022-02-09,6409.265,6440.9097
1303,2022-02-10,6387.525,6285.4385
1304,2022-02-11,6401.404,6267.331
1305,2022-02-12,6162.26,6054.2056
1306,2022-02-13,6062.3423,5970.6265
1307,2022-02-14,6412.042,6525.6577
1308,2022-02-15,6492.991,6634.7534
1309,2022-02-10,6417.5127,6285.4385
1310,2022-02-11,6403.634,6267.331
1311,2022-02-12,6169.0825,6054.2056
1312,2022-02-13,6024.744,5970.6265
1313,2022-02-14,6390.6787,6525.6577
1314,2022-02-15,6491.5317,6634.7534
1315,2022-02-16,6489.68,6452.063
1316,2022-02-11,6304.858,6267.331
1317,2022-02-12,6138.7573,6054.2056
1318,2022-02-13,5967.1055,5970.6265
1319,2022-02-14,6235.456,6525.6577
1320,2022-02-15,6408.4956,6634.7534
1321,2022-02-16,6422.3774,6452.063
1322,2022-02-17,6445.0464,6492.4053
1323,2022-02-12,6048.861,6054.2056
1324,2022-02-13,5938.2754,5970.6265
1325,2022-02-14,6306.122,6525.6577
1326,2022-02-15,6408.379,6634.7534
1327,2022-02-16,6413.0063,6452.063
1328,2022-02-17,6390.795,6492.4053
1329,2022-02-18,6352.392,6645.8525
1330,2022-02-13,5925.016,5970.6265
1331,2022-02-14,6330.3174,6525.6577
1332,2022-02-15,6405.7324,6634.7534
1333,2022-02-16,6408.0474,6452.063
1334,2022-02-17,6408.0474,6492.4053
1335,2022-02-18,6396.48,6645.8525
1336,2022-02-19,6127.2036,6300.391
1337,2022-02-14,6321.813,6525.6577
1338,2022-02-15,6394.9204,6634.7534
1339,2022-02-16,6394.92,6452.063
1340,2022-02-17,6394.458,6492.4053
1341,2022-02-18,6335.6963,6645.8525
1342,2022-02-19,6096.942,6300.391
1343,2022-02-20,6005.794,6125.728
1344,2022-02-15,6545.5117,6634.7534
1345,2022-02-16,6535.3296,6452.063
1346,2022-02-17,6528.8506,6492.4053
1347,2022-02-18,6469.611,6645.8525
1348,2022-02-19,6157.2183,6300.391
1349,2022-02-20,6114.175,6125.728
1350,2022-02-21,6520.9824,6587.924
1351,2022-02-16,6593.404,6452.063
1352,2022-02-17,6586.922,6492.4053
1353,2022-02-18,6497.584,6645.8525
1354,2022-02-19,6208.7393,6300.391
1355,2022-02-20,6115.699,6125.728
1356,2022-02-21,6515.6367,6587.924
1357,2022-02-22,6568.4062,6617.263
1358,2022-02-17,6385.7754,6492.4053
1359,2022-02-18,6391.792,6645.8525
1360,2022-02-19,6121.898,6300.391
1361,2022-02-20,6037.6455,6125.728
1362,2022-02-21,6457.993,6587.924
1363,2022-02-22,6522.805,6617.263
1364,2022-02-23,6526.509,6638.067
1365,2022-02-18,6455.3813,6645.8525
1366,2022-02-19,6157.2207,6300.391
1367,2022-02-20,6061.384,6125.728
1368,2022-02-21,6490.5693,6587.924
1369,2022-02-22,6530.846,6617.263
1370,2022-02-23,6536.4023,6638.067
1371,2022-02-24,6535.013,6415.2485
1372,2022-02-19,6323.4277,6300.391
1373,2022-02-20,6178.0293,6125.728
1374,2022-02-21,6509.5723,6587.924
1375,2022-02-22,6581.8066,6617.263
1376,2022-02-23,6586.438,6638.067
1377,2022-02-24,6585.5117,6415.2485
1378,2022-02-25,6553.0996,6455.2783
1379,2022-02-20,6093.947,6125.728
1380,2022-02-21,6510.246,6587.924
1381,2022-02-22,6551.459,6617.263
1382,2022-02-23,6563.0356,6638.067
1383,2022-02-24,6550.9937,6415.2485
1384,2022-02-25,6520.433,6455.2783
1385,2022-02-26,6219.437,6133.1367
1386,2022-02-21,6470.9,6587.924
1387,2022-02-22,6517.214,6617.263
1388,2022-02-23,6512.118,6638.067
1389,2022-02-24,6521.844,6415.2485
1390,2022-02-25,6494.056,6455.2783
1391,2022-02-26,6207.372,6133.1367
1392,2022-02-27,6094.366,5984.863
1393,2022-02-22,6592.832,6617.263
1394,2022-02-23,6564.108,6638.067
1395,2022-02-24,6564.571,6415.2485
1396,2022-02-25,6504.8037,6455.2783
1397,2022-02-26,6229.138,6133.1367
1398,2022-02-27,6153.618,5984.863
1399,2022-02-28,6551.5996,6511.946
1400,2022-02-23,6593.556,6638.067
1401,2022-02-24,6581.971,6415.2485
1402,2022-02-25,6550.4614,6455.2783
1403,2022-02-26,6237.2075,6133.1367
1404,2022-02-27,6122.288,5984.863
1405,2022-02-28,6549.9956,6511.946
1406,2022-03-01,6610.7,6552.6157
1407,2022-02-24,6589.2144,6415.2485
1408,2022-02-25,6575.311,6455.2783
1409,2022-02-26,6275.4404,6133.1367
1410,2022-02-27,6147.524,5984.863
1411,2022-02-28,6575.3096,6511.946
1412,2022-03-01,6635.0977,6552.6157
1413,2022-03-02,6635.5596,6556.565
1414,2022-02-25,6388.709,6455.2783
1415,2022-02-26,6110.595,6133.1367
1416,2022-02-27,6042.455,5984.863
1417,2022-02-28,6440.6226,6511.946
1418,2022-03-01,6493.463,6552.6157
1419,2022-03-02,6499.025,6556.565
1420,2022-03-03,6473.0674,6520.5806
1421,2022-02-26,6181.4575,6133.1367
1422,2022-02-27,6076.2236,5984.863
1423,2022-02-28,6499.0137,6511.946
1424,2022-03-01,6576.8955,6552.6157
1425,2022-03-02,6581.995,6556.565
1426,2022-03-03,6571.333,6520.5806
1427,2022-03-04,6514.7744,6591.069
1428,2022-02-27,6032.3325,5984.863
1429,2022-02-28,6463.476,6511.946
1430,2022-03-01,6537.1875,6552.6157
1431,2022-03-02,6537.188,6556.565
1432,2022-03-03,6491.756,6520.5806
1433,2022-03-04,6459.767,6591.069
1434,2022-03-05,6182.073,6267.2925
1435,2022-02-28,6434.872,6511.946
1436,2022-03-01,6511.3726,6552.6157
1437,2022-03-02,6486.7993,6556.565
1438,2022-03-03,6448.3174,6520.5806
1439,2022-03-04,6432.5537,6591.069
1440,2022-03-05,6147.878,6267.2925
1441,2022-03-06,6070.45,6072.3906
1442,2022-03-01,6571.6562,6552.6157
1443,2022-03-02,6559.5986,6556.565
1444,2022-03-03,6520.643,6520.5806
1445,2022-03-04,6481.6855,6591.069
1446,2022-03-05,6189.515,6267.2925
1447,2022-03-06,6105.1074,6072.3906
1448,2022-03-07,6507.6567,6556.843
1449,2022-03-02,6538.998,6556.565
1450,2022-03-03,6516.734,6520.5806
1451,2022-03-04,6478.7,6591.069
1452,2022-03-05,6200.869,6267.2925
1453,2022-03-06,6112.741,6072.3906
1454,2022-03-07,6503.2827,6556.843
1455,2022-03-08,6540.3887,6563.279
1456,2022-03-03,6499.1777,6520.5806
1457,2022-03-04,6501.496,6591.069
1458,2022-03-05,7094.314,6267.2925
1459,2022-03-06,6095.1543,6072.3906
1460,2022-03-07,6531.648,6556.843
1461,2022-03-08,6568.7573,6563.279
1462,2022-03-09,6559.4805,6613.21
1463,2022-03-04,6510.4033,6591.069
1464,2022-03-05,6195.877,6267.2925
1465,2022-03-06,6100.7744,6072.3906
1466,2022-03-07,6538.2373,6556.843
1467,2022-03-08,6561.8955,6563.279
1468,2022-03-09,6568.3906,6613.21
1469,2022-03-10,6535.4536,6538.1963
1470,2022-03-05,6243.0776,6267.2925
1471,2022-03-06,6137.294,6072.3906
1472,2022-03-07,6559.5005,6556.843
1473,2022-03-08,6596.152,6563.279
1474,2022-03-09,6597.544,6613.21
1475,2022-03-10,6575.739,6538.1963
1476,2022-03-11,6550.685,6596.886
1477,2022-03-06,6093.937,6072.3906
1478,2022-03-07,6542.6035,6556.843
1479,2022-03-08,6585.755,6563.279
1480,2022-03-09,6584.8296,6613.21
1481,2022-03-10,6553.2754,6538.1963
1482,2022-03-11,6539.357,6596.886
1483,2022-03-12,6243.3374,6260.308
1484,2022-03-07,6492.15,6556.843
1485,2022-03-08,6534.377,6563.279
1486,2022-03-09,6545.049,6613.21
1487,2022-03-10,6506.9995,6538.1963
1488,2022-03-11,6488.9004,6596.886
1489,2022-03-12,6206.311,6260.308
1490,2022-03-13,6088.9155,6143.8823
1491,2022-03-08,6601.295,6563.279
1492,2022-03-09,6575.7676,6613.21
1493,2022-03-10,6549.7744,6538.1963
1494,2022-03-11,6514.034,6596.886
1495,2022-03-12,6217.436,6260.308
1496,2022-03-13,6119.033,6143.8823
1497,2022-03-14,6543.7393,6690.907
1498,2022-03-09,6550.4785,6613.21
1499,2022-03-10,6513.34,6538.1963
1500,2022-03-11,6497.5586,6596.886
1501,2022-03-12,6217.1763,6260.308
1502,2022-03-13,6091.8394,6143.8823
1503,2022-03-14,6485.4883,6690.907
1504,2022-03-15,6545.8345,6565.485
1505,2022-03-10,6556.799,6538.1963
1506,2022-03-11,6547.513,6596.886
1507,2022-03-12,6242.9556,6260.308
1508,2022-03-13,6108.7856,6143.8823
1509,2022-03-14,6529.87,6690.907
1510,2022-03-15,6554.0127,6565.485
1511,2022-03-16,6548.906,6543.825
1512,2022-03-11,6522.9014,6596.886
1513,2022-03-12,6217.861,6260.308
1514,2022-03-13,6086.4644,6143.8823
1515,2022-03-14,6521.0474,6690.907
1516,2022-03-15,6568.868,6565.485
1517,2022-03-16,6572.118,6543.825
1518,2022-03-17,6538.2246,6593.7437
1519,2022-03-12,6263.0933,6260.308
1520,2022-03-13,6098.254,6143.8823
1521,2022-03-14,6492.013,6690.907
1522,2022-03-15,6561.2007,6565.485
1523,2022-03-16,6556.558,6543.825
1524,2022-03-17,6537.983,6593.7437
1525,2022-03-18,6523.1245,6617.016
1526,2022-03-13,6078.677,6143.8823
1527,2022-03-14,6525.3677,6690.907
1528,2022-03-15,6564.373,6565.485
1529,2022-03-16,6564.3745,6543.825
1530,2022-03-17,6535.12,6593.7437
1531,2022-03-18,6528.6187,6617.016
1532,2022-03-19,6226.335,6395.61
1533,2022-03-14,6529.6855,6690.907
1534,2022-03-15,6558.473,6565.485
1535,2022-03-16,6559.8677,6543.825
1536,2022-03-17,6552.902,6593.7437
1537,2022-03-18,6543.6167,6617.016
1538,2022-03-19,6236.6836,6395.61
1539,2022-03-20,6129.882,6241.7964
1540,2022-03-15,6649.4287,6565.485
1541,2022-03-16,6626.6704,6543.825
1542,2022-03-17,6602.982,6593.7437
1543,2022-03-18,6571.397,6617.016
1544,2022-03-19,6251.839,6395.61
1545,2022-03-20,6129.215,6241.7964
1546,2022-03-21,6586.261,6668.931
1547,2022-03-16,6577.937,6543.825
1548,2022-03-17,6563.5356,6593.7437
1549,2022-03-18,6553.3164,6617.016
1550,2022-03-19,6227.2295,6395.61
1551,2022-03-20,6116.6763,6241.7964
1552,2022-03-21,6542.6333,6668.931
1553,2022-03-22,6561.213,6790.505
1554,2022-03-17,6558.846,6593.7437
1555,2022-03-18,6530.5107,6617.016
1556,2022-03-19,6236.453,6395.61
1557,2022-03-20,6123.1074,6241.7964
1558,2022-03-21,6559.3125,6668.931
1559,2022-03-22,6591.365,6790.505
1560,2022-03-23,6574.177,6730.525
1561,2022-03-18,6545.8623,6617.016
1562,2022-03-19,6214.1577,6395.61
1563,2022-03-20,6119.3843,6241.7964
1564,2022-03-21,6546.791,6668.931
1565,2022-03-22,6577.9175,6790.505
1566,2022-03-23,6574.2007,6730.525
1567,2022-03-24,6546.3257,6760.0454
1568,2022-03-19,6226.0264,6395.61
1569,2022-03-20,6102.4336,6241.7964
1570,2022-03-21,6547.5464,6668.931
1571,2022-03-22,6568.4536,6790.505
1572,2022-03-23,6552.192,6730.525
1573,2022-03-24,6540.1123,6760.0454
1574,2022-03-25,6530.3535,6742.806
1575,2022-03-20,6143.9233,6241.7964
1576,2022-03-21,6564.8867,6668.931
1577,2022-03-22,6597.409,6790.505
1578,2022-03-23,6580.6846,6730.525
1579,2022-03-24,6542.1167,6760.0454
1580,2022-03-25,6533.7544,6742.806
1581,2022-03-26,6235.9194,6400.602
1582,2022-03-21,6576.2227,6668.931
1583,2022-03-22,6577.6167,6790.505
1584,2022-03-23,6577.152,6730.525
1585,2022-03-24,6551.595,6760.0454
1586,2022-03-25,6527.431,6742.806
1587,2022-03-26,6231.4277,6400.602
1588,2022-03-27,6112.0044,6227.0767
1589,2022-03-22,6612.56,6790.505
1590,2022-03-23,6599.545,6730.525
1591,2022-03-24,6570.7256,6760.0454
1592,2022-03-25,6546.5527,6742.806
1593,2022-03-26,6242.0967,6400.602
1594,2022-03-27,6134.259,6227.0767
1595,2022-03-28,6568.8667,6706.202
1596,2022-03-23,6732.7837,6730.525
1597,2022-03-24,6682.109,6760.0454
1598,2022-03-25,6642.592,6742.806
1599,2022-03-26,6323.2,6400.602
1600,2022-03-27,6197.209,6227.0767
1601,2022-03-28,6621.206,6706.202
1602,2022-03-29,6666.3013,6677.18
1603,2022-03-24,6682.4746,6760.0454
1604,2022-03-25,6641.555,6742.806
1605,2022-03-26,6328.166,6400.602
1606,2022-03-27,6151.4814,6227.0767
1607,2022-03-28,6589.9443,6706.202
1608,2022-03-29,6663.8735,6677.18
1609,2022-03-30,6648.065,6715.227
1610,2022-03-25,6673.645,6742.806
1611,2022-03-26,6336.031,6400.602
1612,2022-03-27,6179.779,6227.0767
1613,2022-03-28,6607.61,6706.202
1614,2022-03-29,6663.413,6677.18
1615,2022-03-30,6662.0186,6715.227
1616,2022-03-31,6628.537,6702.1265
1617,2022-03-26,6402.93,6400.602
1618,2022-03-27,6217.8237,6227.0767
1619,2022-03-28,6581.0596,6706.202
1620,2022-03-29,6674.5425,6677.18
1621,2022-03-30,6681.982,6715.227
1622,2022-03-31,6669.426,6702.1265
1623,2022-04-01,6629.4277,6694.431
1624,2022-03-27,6156.6274,6227.0767
1625,2022-03-28,6598.4795,6706.202
1626,2022-03-29,6636.6206,6677.18
1627,2022-03-30,6635.689,6715.227
1628,2022-03-31,6612.4326,6702.1265
1629,2022-04-01,6571.9688,6694.431
1630,2022-04-02,6256.159,6366.138
1631,2022-03-28,6597.1943,6706.202
1632,2022-03-29,6663.247,6677.18
1633,2022-03-30,6660.9214,6715.227
1634,2022-03-31,6645.1055,6702.1265
1635,2022-04-01,6621.384,6694.431
1636,2022-04-02,6310.6636,6366.138
1637,2022-04-03,6173.9136,6104.8145
1638,2022-03-29,6709.4917,6677.18
1639,2022-03-30,6689.4844,6715.227
1640,2022-03-31,6636.905,6702.1265
1641,2022-04-01,6582.466,6694.431
1642,2022-04-02,6283.7505,6366.138
1643,2022-04-03,6198.138,6104.8145
1644,2022-04-04,6626.2026,6593.1597
1645,2022-03-30,6667.154,6715.227
1646,2022-03-31,6629.4624,6702.1265
1647,2022-04-01,6590.3745,6694.431
1648,2022-04-02,6259.5044,6366.138
1649,2022-04-03,6166.4326,6104.8145
1650,2022-04-04,6626.6704,6593.1597
1651,2022-04-05,6635.975,6695.3447
1652,2022-03-31,6679.3345,6702.1265
1653,2022-04-01,6635.119,6694.431
1654,2022-04-02,6313.9736,6366.138
1655,2022-04-03,6190.6333,6104.8145
1656,2022-04-04,6625.811,6593.1597
1657,2022-04-05,6668.166,6695.3447
1658,2022-04-06,6644.893,6688.9204
1659,2022-04-01,6642.4663,6694.431
1660,2022-04-02,6315.676,6366.138
1661,2022-04-03,6176.0195,6104.8145
1662,2022-04-04,6624.3105,6593.1597
1663,2022-04-05,6649.45,6695.3447
1664,2022-04-06,6648.5195,6688.9204
1665,2022-04-07,6625.244,6532.8022
1666,2022-04-02,6348.4604,6366.138
1667,2022-04-03,6200.4033,6104.8145
1668,2022-04-04,6642.7188,6593.1597
1669,2022-04-05,6674.845,6695.3447
1670,2022-04-06,6700.919,6688.9204
1671,2022-04-07,6668.791,6532.8022
1672,2022-04-08,6644.5806,6607.057
1673,2022-04-03,6192.159,6104.8145
1674,2022-04-04,6645.67,6593.1597
1675,2022-04-05,6697.3525,6695.3447
1676,2022-04-06,6695.024,6688.9204
1677,2022-04-07,6676.8643,6532.8022
1678,2022-04-08,6647.996,6607.057
1679,2022-04-09,6325.792,6185.182
1680,2022-04-04,6568.419,6593.1597
1681,2022-04-05,6611.2573,6695.3447
1682,2022-04-06,6624.2944,6688.9204
1683,2022-04-07,6601.4775,6532.8022
1684,2022-04-08,6573.54,6607.057
1685,2022-04-09,6262.958,6185.182
1686,2022-04-10,6168.429,6071.3223
1687,2022-04-05,6654.7217,6695.3447
1688,2022-04-06,6644.9414,6688.9204
1689,2022-04-07,6637.0244,6532.8022
1690,2022-04-08,6607.6777,6607.057
1691,2022-04-09,6282.5586,6185.182
1692,2022-04-10,6169.3745,6071.3223
1693,2022-04-11,6611.872,6548.464
1694,2022-04-06,6692.1694,6688.9204
1695,2022-04-07,6656.764,6532.8022
1696,2022-04-08,6612.9746,6607.057
1697,2022-04-09,6298.051,6185.182
1698,2022-04-10,6178.323,6071.3223
1699,2022-04-11,6626.95,6548.464
1700,2022-04-12,6667.0137,6651.454
1701,2022-04-07,6679.21,6532.8022
1702,2022-04-08,6631.685,6607.057
1703,2022-04-09,6326.03,6185.182
1704,2022-04-10,6179.7256,6071.3223
1705,2022-04-11,6637.7427,6548.464
1706,2022-04-12,6663.834,6651.454
1707,2022-04-13,6654.9814,6708.0503
1708,2022-04-08,6528.2783,6607.057
1709,2022-04-09,6267.3296,6185.182
1710,2022-04-10,6113.561,6071.3223
1711,2022-04-11,6509.1714,6548.464
1712,2022-04-12,6616.812,6651.454
1713,2022-04-13,6622.402,6708.0503
1714,2022-04-14,6612.616,6742.73
1715,2022-04-09,6333.831,6185.182
1716,2022-04-10,6147.435,6071.3223
1717,2022-04-11,6508.582,6548.464
1718,2022-04-12,6650.712,6651.454
1719,2022-04-13,6662.8267,6708.0503
1720,2022-04-14,6628.341,6742.73
1721,2022-04-15,6592.46,6299.3975
1722,2022-04-10,6050.4307,6071.3223
1723,2022-04-11,6550.402,6548.464
1724,2022-04-12,6596.996,6651.454
1725,2022-04-13,6593.27,6708.0503
1726,2022-04-14,6579.7563,6742.73
1727,2022-04-15,6570.4375,6299.3975
1728,2022-04-16,6242.873,6364.963
1729,2022-04-11,6540.9067,6548.464
1730,2022-04-12,6567.4688,6651.454
1731,2022-04-13,6563.741,6708.0503
1732,2022-04-14,6537.6465,6742.73
1733,2022-04-15,6508.288,6299.3975
1734,2022-04-16,6204.4727,6364.963
1735,2022-04-17,6123.392,6295.551
1736,2022-04-12,6640.7427,6651.454
1737,2022-04-13,6622.5664,6708.0503
1738,2022-04-14,6595.067,6742.73
1739,2022-04-15,6571.7637,6299.3975
1740,2022-04-16,6254.3623,6364.963
1741,2022-04-17,6171.865,6295.551
1742,2022-04-18,6614.1777,6658.3315
1743,2022-04-13,6658.4473,6708.0503
1744,2022-04-14,6644.464,6742.73
1745,2022-04-15,6629.545,6299.3975
1746,2022-04-16,6308.8394,6364.963
1747,2022-04-17,6187.638,6295.551
1748,2022-04-18,6630.4785,6658.3315
1749,2022-04-19,6692.009,6654.384
1750,2022-04-14,6653.7026,6742.73
1751,2022-04-15,6638.7856,6299.3975
1752,2022-04-16,6309.1807,6364.963
1753,2022-04-17,6183.772,6295.551
1754,2022-04-18,6642.051,6658.3315
1755,2022-04-19,6688.6714,6654.384
1756,2022-04-20,6686.805,6655.99
1757,2022-04-15,6688.1064,6299.3975
1758,2022-04-16,6344.004,6364.963
1759,2022-04-17,6204.5894,6295.551
1760,2022-04-18,6668.5225,6658.3315
1761,2022-04-19,6726.8066,6654.384
1762,2022-04-20,6717.0156,6655.99
1763,2022-04-21,6722.61,6500.921
1764,2022-04-16,6115.5137,6364.963
1765,2022-04-17,6497.846,6295.551
1766,2022-04-18,6631.662,6658.3315
1767,2022-04-19,6631.661,6654.384
1768,2022-04-20,6631.195,6655.99
1769,2022-04-21,6611.147,6500.921
1770,2022-04-22,6340.2515,6644.343
1771,2022-04-17,6235.5015,6295.551
1772,2022-04-18,6651.8906,6658.3315
1773,2022-04-19,6688.726,6654.384
1774,2022-04-20,6671.0073,6655.99
1775,2022-04-21,6664.478,6500.921
1776,2022-04-22,6629.975,6644.343
1777,2022-04-23,6325.027,6375.6694
1778,2022-04-18,6628.473,6658.3315
1779,2022-04-19,6678.3726,6654.384
1780,2022-04-20,6663.448,6655.99
1781,2022-04-21,6614.4844,6500.921
1782,2022-04-22,6582.305,6644.343
1783,2022-04-23,6288.5156,6375.6694
1784,2022-04-24,6220.898,6222.334
1785,2022-04-19,6702.8535,6654.384
1786,2022-04-20,6670.666,6655.99
1787,2022-04-21,6650.6055,6500.921
1788,2022-04-22,6600.6943,6644.343
1789,2022-04-23,6279.288,6375.6694
1790,2022-04-24,6212.1157,6222.334
1791,2022-04-25,6647.342,6761.1636
1792,2022-04-20,6674.6206,6655.99
1793,2022-04-21,6658.757,6500.921
1794,2022-04-22,6583.642,6644.343
1795,2022-04-23,6277.5776,6375.6694
1796,2022-04-24,6223.92,6222.334
1797,2022-04-25,6636.8306,6761.1636
1798,2022-04-26,6682.553,6758.191
1799,2022-04-21,6634.3477,6500.921
1800,2022-04-22,6564.3525,6644.343
1801,2022-04-23,6258.698,6375.6694
1802,2022-04-24,6206.899,6222.334
1803,2022-04-25,6623.149,6761.1636
1804,2022-04-26,6663.2812,6758.191
1805,2022-04-27,6660.949,6753.6226
1806,2022-04-22,6417.256,6644.343
1807,2022-04-23,6157.3,6375.6694
1808,2022-04-24,6180.6333,6222.334
1809,2022-04-25,6544.6675,6761.1636
1810,2022-04-26,6580.6025,6758.191
1811,2022-04-27,6564.267,6753.6226
1812,2022-04-28,6552.1357,6734.1855
1813,2022-04-23,6257.319,6375.6694
1814,2022-04-24,6173.763,6222.334
1815,2022-04-25,6618.615,6761.1636
1816,2022-04-26,6629.817,6758.191
1817,2022-04-27,6618.148,6753.6226
1818,2022-04-28,6607.413,6734.1855
1819,2022-04-29,6590.1406,6743.184
1820,2022-04-24,6203.149,6222.334
1821,2022-04-25,6642.429,6761.1636
1822,2022-04-26,6694.7144,6758.191
1823,2022-04-27,6676.5083,6753.6226
1824,2022-04-28,6653.168,6734.1855
1825,2022-04-29,6632.16,6743.184
1826,2022-04-30,6313.3237,6314.255
1827,2022-04-25,6614.4956,6761.1636
1828,2022-04-26,6629.437,6758.191
1829,2022-04-27,6631.7705,6753.6226
1830,2022-04-28,6603.757,6734.1855
1831,2022-04-29,6578.5454,6743.184
1832,2022-04-30,6268.523,6314.255
1833,2022-05-01,6194.2876,6138.287
1834,2022-04-26,6730.3345,6758.191
1835,2022-04-27,6702.7783,6753.6226
1836,2022-04-28,6696.7056,6734.1855
1837,2022-04-29,6648.1313,6743.184
1838,2022-04-30,6317.9204,6314.255
1839,2022-05-01,6199.2876,6138.287
1840,2022-05-02,6658.873,6171.72
1841,2022-04-27,6742.2095,6753.6226
1842,2022-04-28,6706.705,6734.1855
1843,2022-04-29,6680.0786,6743.184
1844,2022-04-30,6359.6206,6314.255
1845,2022-05-01,6250.7773,6138.287
1846,2022-05-02,6683.3486,6171.72
1847,2022-05-03,6722.587,6223.852
1848,2022-04-28,6718.315,6734.1855
1849,2022-04-29,6675.7983,6743.184
1850,2022-04-30,6342.689,6314.255
1851,2022-05-01,6239.9043,6138.287
1852,2022-05-02,6667.39,6171.72
1853,2022-05-03,6705.699,6223.852
1854,2022-05-04,6706.635,6764.3076
1855,2022-04-29,6642.4424,6743.184
1856,2022-04-30,6326.581,6314.255
1857,2022-05-01,6233.1294,6138.287
1858,2022-05-02,6696.643,6171.72
1859,2022-05-03,6730.288,6223.852
1860,2022-05-04,6740.565,6764.3076
1861,2022-05-05,6719.5386,6869.4707
1862,2022-04-30,6370.4233,6314.255
1863,2022-05-01,6238.641,6138.287
1864,2022-05-02,6677.917,6171.72
1865,2022-05-03,6730.253,6223.852
1866,2022-05-04,6718.1045,6764.3076
1867,2022-05-05,6673.71,6869.4707
1868,2022-05-06,6657.8213,6928.258
1869,2022-05-01,6218.264,6138.287
1870,2022-05-02,6697.745,6171.72
1871,2022-05-03,6720.175,6223.852
1872,2022-05-04,6723.916,6764.3076
1873,2022-05-05,6700.549,6869.4707
1874,2022-05-06,6661.759,6928.258
1875,2022-05-07,6333.696,6462.505
1876,2022-05-02,6611.8813,6171.72
1877,2022-05-03,6647.868,6223.852
1878,2022-05-04,6639.9224,6764.3076
1879,2022-05-05,6613.75,6869.4707
1880,2022-05-06,6581.9688,6928.258
1881,2022-05-07,6266.0273,6462.505
1882,2022-05-08,6151.5225,6204.3804
1883,2022-05-03,6548.212,6223.852
1884,2022-05-04,6611.317,6764.3076
1885,2022-05-05,6587.9424,6869.4707
1886,2022-05-06,6574.8545,6928.258
1887,2022-05-07,6342.0757,6462.505
1888,2022-05-08,6149.9624,6204.3804
1889,2022-05-09,6436.963,6883.0767
1890,2022-05-04,6329.2593,6764.3076
1891,2022-05-05,6407.317,6869.4707
1892,2022-05-06,6474.625,6928.258
1893,2022-05-07,6341.412,6462.505
1894,2022-05-08,6158.1855,6204.3804
1895,2022-05-09,6314.7686,6883.0767
1896,2022-05-10,6530.712,6997.5327
1897,2022-05-05,6744.1836,6869.4707
1898,2022-05-06,6682.9434,6928.258
1899,2022-05-07,6620.301,6462.505
1900,2022-05-08,6325.328,6204.3804
1901,2022-05-09,6219.681,6883.0767
1902,2022-05-10,6617.4976,6997.5327
1903,2022-05-11,6651.155,6763.599
1904,2022-05-06,6777.459,6928.258
1905,2022-05-07,6719.0156,6462.505
1906,2022-05-08,6406.236,6204.3804
1907,2022-05-09,6275.791,6883.0767
1908,2022-05-10,6673.6655,6997.5327
1909,2022-05-11,6715.275,6763.599
1910,2022-05-12,6704.9893,6886.712
1911,2022-05-07,6773.608,6462.505
1912,2022-05-08,6498.176,6204.3804
1913,2022-05-09,6322.814,6883.0767
1914,2022-05-10,6629.1113,6997.5327
1915,2022-05-11,6738.0693,6763.599
1916,2022-05-12,6741.342,6886.712
1917,2022-05-13,6730.1206,6894.8184
1918,2022-05-08,6263.2783,6204.3804
1919,2022-05-09,6586.8887,6883.0767
1920,2022-05-10,6664.987,6997.5327
1921,2022-05-11,6701.9307,6763.599
1922,2022-05-12,6683.6924,6886.712
1923,2022-05-13,6644.41,6894.8184
1924,2022-05-14,6362.418,6648.1865
1925,2022-05-09,6278.689,6883.0767
1926,2022-05-10,6592.5044,6997.5327
1927,2022-05-11,6637.872,6763.599
1928,2022-05-12,6629.4536,6886.712
1929,2022-05-13,6622.905,6894.8184
1930,2022-05-14,6521.418,6648.1865
1931,2022-05-15,6264.659,6364.372
1932,2022-05-10,6823.161,6997.5327
1933,2022-05-11,6797.4287,6763.599
1934,2022-05-12,6775.9077,6886.712
1935,2022-05-13,6729.591,6894.8184
1936,2022-05-14,6374.0225,6648.1865
1937,2022-05-15,6239.2827,6364.372
1938,2022-05-16,6672.5137,6268.8813
1939,2022-05-11,6937.0664,6763.599
1940,2022-05-12,6867.8066,6886.712
1941,2022-05-13,6818.669,6894.8184
1942,2022-05-14,6470.035,6648.1865
1943,2022-05-15,6312.333,6364.372
1944,2022-05-16,6767.6606,6268.8813
1945,2022-05-17,6810.244,6822.7114
1946,2022-05-12,6754.6777,6886.712
1947,2022-05-13,6727.5327,6894.8184
1948,2022-05-14,6405.056,6648.1865
1949,2022-05-15,6253.412,6364.372
1950,2022-05-16,6643.287,6268.8813
1951,2022-05-17,6710.2144,6822.7114
1952,2022-05-18,6704.5977,6987.74
1953,2022-05-13,6801.9175,6894.8184
1954,2022-05-14,6422.733,6648.1865
1955,2022-05-15,6257.4844,6364.372
1956,2022-05-16,6705.483,6268.8813
1957,2022-05-17,6752.7637,6822.7114
1958,2022-05-18,6750.891,6987.74
1959,2022-05-19,6718.122,6847.247
1960,2022-05-14,6469.0513,6648.1865
1961,2022-05-15,6285.9736,6364.372
1962,2022-05-16,6705.976,6268.8813
1963,2022-05-17,6769.6533,6822.7114
1964,2022-05-18,6778.551,6987.74
1965,2022-05-19,6771.5293,6847.247
1966,2022-05-20,6734.07,6763.4644
1967,2022-05-15,6361.0005,6364.372
1968,2022-05-16,6784.8193,6268.8813
1969,2022-05-17,6835.397,6822.7114
1970,2022-05-18,6841.9517,6987.74
1971,2022-05-19,6802.614,6847.247
1972,2022-05-20,6772.641,6763.4644
1973,2022-05-21,6443.422,6449.54
1974,2022-05-16,6748.1055,6268.8813
1975,2022-05-17,6813.68,6822.7114
1976,2022-05-18,6782.766,6987.74
1977,2022-05-19,6760.2827,6847.247
1978,2022-05-20,6712.0386,6763.4644
1979,2022-05-21,6398.217,6449.54
1980,2022-05-22,6262.385,6342.958
1981,2022-05-17,6686.573,6822.7114
1982,2022-05-18,6724.9863,6987.74
1983,2022-05-19,6687.509,6847.247
1984,2022-05-20,6663.148,6763.4644
1985,2022-05-21,6480.4424,6449.54
1986,2022-05-22,6234.023,6342.958
1987,2022-05-23,6415.3237,6885.347
1988,2022-05-18,6852.8545,6987.74
1989,2022-05-19,6838.328,6847.247
1990,2022-05-20,6800.842,6763.4644
1991,2022-05-21,6675.7344,6449.54
1992,2022-05-22,6362.261,6342.958
1993,2022-05-23,6313.06,6885.347
1994,2022-05-24,6729.62,6958.534
1995,2022-05-19,6905.496,6847.247
1996,2022-05-20,6840.8174,6763.4644
1997,2022-05-21,6714.743,6449.54
1998,2022-05-22,6399.3223,6342.958
1999,2022-05-23,6369.797,6885.347
2000,2022-05-24,6766.7686,6958.534
2001,2022-05-25,6821.6035,6836.7407
2002,2022-05-20,6804.948,6763.4644
2003,2022-05-21,6730.885,6449.54
2004,2022-05-22,6410.7256,6342.958
2005,2022-05-23,6283.2217,6885.347
2006,2022-05-24,6746.355,6958.534
2007,2022-05-25,6817.1367,6836.7407
2008,2022-05-26,6799.7925,6774.118
2009,2022-05-21,6659.457,6449.54
2010,2022-05-22,6336.426,6342.958
2011,2022-05-23,6262.817,6885.347
2012,2022-05-24,6697.9023,6958.534
2013,2022-05-25,6743.38,6836.7407
2014,2022-05-26,6739.632,6774.118
2015,2022-05-27,6711.0317,6884.5874
2016,2022-05-22,6252.676,6342.958
2017,2022-05-23,6683.1533,6885.347
2018,2022-05-24,6756.774,6958.534
2019,2022-05-25,6755.837,6836.7407
2020,2022-05-26,6742.2373,6774.118
2021,2022-05-27,6711.2876,6884.5874
2022,2022-05-28,6381.1606,6498.261
2023,2022-05-23,6542.3525,6885.347
2024,2022-05-24,6738.3877,6958.534
2025,2022-05-25,6792.791,6836.7407
2026,2022-05-26,6773.5625,6774.118
2027,2022-05-27,6714.4707,6884.5874
2028,2022-05-28,6473.412,6498.261
2029,2022-05-29,6285.3477,6377.7505
2030,2022-05-24,6925.687,6958.534
2031,2022-05-25,6893.313,6836.7407
2032,2022-05-26,6844.9907,6774.118
2033,2022-05-27,6763.824,6884.5874
2034,2022-05-28,6406.7983,6498.261
2035,2022-05-29,6303.1133,6377.7505
2036,2022-05-30,6751.158,6981.6167
2037,2022-05-25,6874.1587,6836.7407
2038,2022-05-26,6814.095,6774.118
2039,2022-05-27,6764.3545,6884.5874
2040,2022-05-28,6409.595,6498.261
2041,2022-05-29,6282.895,6377.7505
2042,2022-05-30,6742.7656,6981.6167
2043,2022-05-31,6809.8726,7030.879
2044,2022-05-26,6801.7856,6774.118
2045,2022-05-27,6756.2593,6884.5874
2046,2022-05-28,6413.6333,6498.261
2047,2022-05-29,6275.174,6377.7505
2048,2022-05-30,6747.812,6981.6167
2049,2022-05-31,6819.62,7030.879
2050,2022-06-01,6820.5596,6927.8315
2051,2022-05-27,6670.618,6884.5874
2052,2022-05-28,6342.486,6498.261
2053,2022-05-29,6229.8237,6377.7505
2054,2022-05-30,6706.7656,6981.6167
2055,2022-05-31,6757.463,7030.879
2056,2022-06-01,6752.3013,6927.8315
2057,2022-06-02,6710.99,6821.3877
2058,2022-05-28,6467.119,6498.261
2059,2022-05-29,6307.004,6377.7505
2060,2022-05-30,6784.5356,6981.6167
2061,2022-05-31,6871.871,7030.879
2062,2022-06-01,6849.802,6927.8315
2063,2022-06-02,6831.022,6821.3877
2064,2022-06-03,6786.8833,6713.927
2065,2022-05-29,6268.878,6377.7505
2066,2022-05-30,6766.265,6981.6167
2067,2022-05-31,6842.3564,7030.879
2068,2022-06-01,6813.7056,6927.8315
2069,2022-06-02,6785.523,6821.3877
2070,2022-06-03,6757.3423,6713.927
2071,2022-06-04,6413.071,6374.575
2072,2022-05-30,6822.5386,6981.6167
2073,2022-05-31,6842.2705,7030.879
2074,2022-06-01,6820.658,6927.8315
2075,2022-06-02,6801.397,6821.3877
2076,2022-06-03,6729.0474,6713.927
2077,2022-06-04,6396.422,6374.575
2078,2022-06-05,6301.054,6229.9946
2079,2022-05-31,6965.014,7030.879
2080,2022-06-01,6918.4775,6927.8315
2081,2022-06-02,6881.8174,6821.3877
2082,2022-06-03,6796.268,6713.927
2083,2022-06-04,6429.1675,6374.575
2084,2022-06-05,6322.471,6229.9946
2085,2022-06-06,6820.712,6698.9053
2086,2022-06-01,6928.397,6927.8315
2087,2022-06-02,6863.036,6821.3877
2088,2022-06-03,6813.1934,6713.927
2089,2022-06-04,6490.638,6374.575
2090,2022-06-05,6404.1245,6229.9946
2091,2022-06-06,6830.5933,6698.9053
2092,2022-06-07,6892.6562,6733.6265
2093,2022-06-02,6857.279,6821.3877
2094,2022-06-03,6787.2,6713.927
2095,2022-06-04,6449.0425,6374.575
2096,2022-06-05,6331.933,6229.9946
2097,2022-06-06,6809.306,6698.9053
2098,2022-06-07,6886.4395,6733.6265
2099,2022-06-08,7742.4233,6650.0415
2100,2022-06-03,6748.638,6713.927
2101,2022-06-04,6373.2456,6374.575
2102,2022-06-05,6265.52,6229.9946
2103,2022-06-06,6740.1704,6698.9053
2104,2022-06-07,6804.6167,6733.6265
2105,2022-06-08,6789.0977,6650.0415
2106,2022-06-09,6778.275,6711.8936
2107,2022-06-04,6356.745,6374.575
2108,2022-06-05,6296.99,6229.9946
2109,2022-06-06,6781.628,6698.9053
2110,2022-06-07,6836.677,6733.6265
2111,2022-06-08,6818.3267,6650.0415
2112,2022-06-09,6781.1562,6711.8936
2113,2022-06-10,6721.87,6301.578
2114,2022-06-05,6275.0454,6229.9946
2115,2022-06-06,6783.264,6698.9053
2116,2022-06-07,6841.612,6733.6265
2117,2022-06-08,6828.435,6650.0415
2118,2022-06-09,6794.555,6711.8936
2119,2022-06-10,6740.9106,6301.578
2120,2022-06-11,6397.865,6063.304
2121,2022-06-06,6715.107,6698.9053
2122,2022-06-07,6789.94,6733.6265
2123,2022-06-08,6788.0557,6650.0415
2124,2022-06-09,6758.4067,6711.8936
2125,2022-06-10,6708.0474,6301.578
2126,2022-06-11,6337.649,6063.304
2127,2022-06-12,6239.286,6229.9946
2128,2022-06-07,6812.564,6733.6265
2129,2022-06-08,6816.3276,6650.0415
2130,2022-06-09,6773.9575,6711.8936
2131,2022-06-10,6732.0566,6301.578
2132,2022-06-11,6371.8906,6063.304
2133,2022-06-12,6263.605,6229.9946
2134,2022-06-13,6750.89,6607.771
2135,2022-06-08,6756.1733,6650.0415
2136,2022-06-09,6714.2656,6711.8936
2137,2022-06-10,6677.5337,6301.578
2138,2022-06-11,6351.1895,6063.304
2139,2022-06-12,6244.765,6229.9946
2140,2022-06-13,6718.5024,6607.771
2141,2022-06-14,6780.663,6668.43
2142,2022-06-09,6657.214,6711.8936
2143,2022-06-10,6634.135,6301.578
2144,2022-06-11,6310.552,6063.304
2145,2022-06-12,6207.4014,6229.9946
2146,2022-06-13,6668.9863,6607.771
2147,2022-06-14,6720.328,6668.43
2148,2022-06-15,6718.444,6746.6987
2149,2022-06-10,6670.5073,6301.578
2150,2022-06-11,6335.075,6063.304
2151,2022-06-12,6206.4614,6229.9946
2152,2022-06-13,6684.17,6607.771
2153,2022-06-14,6727.516,6668.43
2154,2022-06-15,6745.416,6746.6987
2155,2022-06-16,6718.562,6619.94
2156,2022-06-11,6135.949,6063.304
2157,2022-06-12,6455.864,6229.9946
2158,2022-06-13,6652.342,6607.771
2159,2022-06-14,6664.1187,6668.43
2160,2022-06-15,6657.994,6746.6987
2161,2022-06-16,6627.3687,6619.94
2162,2022-06-17,6394.143,6567.1587
2163,2022-06-12,6138.8325,6229.9946
2164,2022-06-13,6540.7373,6607.771
2165,2022-06-14,6603.402,6668.43
2166,2022-06-15,6613.766,6746.6987
2167,2022-06-16,6581.727,6619.94
2168,2022-06-17,6516.2344,6567.1587
2169,2022-06-18,6237.7754,6276.1724
2170,2022-06-13,6665.4556,6607.771
2171,2022-06-14,6688.075,6668.43
2172,2022-06-15,6681.477,6746.6987
2173,2022-06-16,6699.3833,6619.94
2174,2022-06-17,6588.172,6567.1587
2175,2022-06-18,6286.588,6276.1724
2176,2022-06-19,6299.7827,6147.3833
2177,2022-06-14,6681.4673,6668.43
2178,2022-06-15,6687.1245,6746.6987
2179,2022-06-16,6631.975,6619.94
2180,2022-06-17,6538.6455,6567.1587
2181,2022-06-18,6250.1777,6276.1724
2182,2022-06-19,6252.5327,6147.3833
2183,2022-06-20,6646.1157,6500.2524
2184,2022-06-15,6658.1504,6746.6987
2185,2022-06-16,6658.1514,6619.94
2186,2022-06-17,6534.6343,6567.1587
2187,2022-06-18,6252.24,6276.1724
2188,2022-06-19,6270.6265,6147.3833
2189,2022-06-20,6650.136,6500.2524
2190,2022-06-21,6667.58,6574.184
2191,2022-06-16,6731.1113,6619.94
2192,2022-06-17,6632.561,6567.1587
2193,2022-06-18,6304.8477,6276.1724
2194,2022-06-19,6239.7783,6147.3833
2195,2022-06-20,6664.6255,6500.2524
2196,2022-06-21,6718.8525,6574.184
2197,2022-06-22,6706.119,6625.063
2198,2022-06-17,6481.685,6567.1587
2199,2022-06-18,6213.3423,6276.1724
2200,2022-06-19,6242.584,6147.3833
2201,2022-06-20,6605.245,6500.2524
2202,2022-06-21,6647.2188,6574.184
2203,2022-06-22,6651.9336,6625.063
2204,2022-06-23,6635.4277,6634.1035
2205,2022-06-18,6226.9023,6276.1724
2206,2022-06-19,6166.5283,6147.3833
2207,2022-06-20,6604.2324,6500.2524
2208,2022-06-21,6647.1543,6574.184
2209,2022-06-22,6699.037,6625.063
2210,2022-06-23,6672.1523,6634.1035
2211,2022-06-24,6618.8555,6594.271
2212,2022-06-19,6161.5894,6147.3833
2213,2022-06-20,6609.214,6500.2524
2214,2022-06-21,6682.326,6574.184
2215,2022-06-22,6664.872,6625.063
2216,2022-06-23,6647.4204,6634.1035
2217,2022-06-24,6615.3467,6594.271
2218,2022-06-25,6310.166,6191.5137
2219,2022-06-20,6605.662,6500.2524
2220,2022-06-21,6676.895,6574.184
2221,2022-06-22,6657.555,6625.063
2222,2022-06-23,6648.5913,6634.1035
2223,2022-06-24,6594.342,6594.271
2224,2022-06-25,6292.906,6191.5137
2225,2022-06-26,6207.5215,6163.2227
2226,2022-06-21,6653.652,6574.184
2227,2022-06-22,6660.7295,6625.063
2228,2022-06-23,6622.98,6634.1035
2229,2022-06-24,6582.4004,6594.271
2230,2022-06-25,6306.36,6191.5137
2231,2022-06-26,6200.19,6163.2227
2232,2022-06-27,6621.0923,6762.432
2233,2022-06-22,6615.715,6625.063
2234,2022-06-23,6591.1763,6634.1035
2235,2022-06-24,6556.7275,6594.271
2236,2022-06-25,6299.065,6191.5137
2237,2022-06-26,6197.6025,6163.2227
2238,2022-06-27,6608.1646,6762.432
2239,2022-06-28,6626.569,6775.724
2240,2022-06-23,6606.14,6634.1035
2241,2022-06-24,6593.868,6594.271
2242,2022-06-25,6304.081,6191.5137
2243,2022-06-26,6186.088,6163.2227
2244,2022-06-27,6606.14,6762.432
2245,2022-06-28,6675.5186,6775.724
2246,2022-06-29,6701.0063,6761.1084
2247,2022-06-24,6550.353,6594.271
2248,2022-06-25,6251.0894,6191.5137
2249,2022-06-26,6171.314,6163.2227
2250,2022-06-27,6580.5625,6762.432
2251,2022-06-28,6615.02,6775.724
2252,2022-06-29,6622.573,6761.1084
2253,2022-06-30,6620.2144,6673.4194
2254,2022-06-25,6241.4814,6191.5137
2255,2022-06-26,6165.478,6163.2227
2256,2022-06-27,6593.663,6762.432
2257,2022-06-28,6623.875,6775.724
2258,2022-06-29,6635.68,6761.1084
2259,2022-06-30,6641.8164,6673.4194
2260,2022-07-01,6616.324,6740.2935
2261,2022-06-26,6102.706,6163.2227
2262,2022-06-27,6520.036,6762.432
2263,2022-06-28,6566.301,6775.724
2264,2022-06-29,6590.3765,6761.1084
2265,2022-06-30,6590.3765,6673.4194
2266,2022-07-01,6569.132,6740.2935
2267,2022-07-02,6269.8286,6448.956
2268,2022-06-27,6574.509,6762.432
2269,2022-06-28,6594.337,6775.724
2270,2022-06-29,6617.9434,6761.1084
2271,2022-06-30,6618.888,6673.4194
2272,2022-07-01,6556.0933,6740.2935
2273,2022-07-02,6255.344,6448.956
2274,2022-07-03,6209.549,6325.6724
2275,2022-06-28,6754.2485,6775.724
2276,2022-06-29,6732.053,6761.1084
2277,2022-06-30,6694.7427,6673.4194
2278,2022-07-01,6667.82,6740.2935
2279,2022-07-02,6326.826,6448.956
2280,2022-07-03,6227.6465,6325.6724
2281,2022-07-04,6664.044,6921.0845
2282,2022-06-29,6716.687,6761.1084
2283,2022-06-30,6688.3438,6673.4194
2284,2022-07-01,6653.3887,6740.2935
2285,2022-07-02,6320.364,6448.956
2286,2022-07-03,6219.2783,6325.6724
2287,2022-07-04,6667.56,6921.0845
2288,2022-07-05,6689.7627,6814.7407
2289,2022-06-30,6701.641,6673.4194
2290,2022-07-01,6660.0684,6740.2935
2291,2022-07-02,6328.882,6448.956
2292,2022-07-03,6229.6694,6325.6724
2293,2022-07-04,6661.955,6921.0845
2294,2022-07-05,6700.696,6814.7407
2295,2022-07-06,6707.783,6808.6333
2296,2022-07-01,6609.915,6740.2935
2297,2022-07-02,6268.2886,6448.956
2298,2022-07-03,6162.4463,6325.6724
2299,2022-07-04,6610.859,6921.0845
2300,2022-07-05,6647.2427,6814.7407
2301,2022-07-06,6643.463,6808.6333
2302,2022-07-07,6616.0557,6933.0884
2303,2022-07-02,6309.9844,6448.956
2304,2022-07-03,6189.004,6325.6724
2305,2022-07-04,6624.7285,6921.0845
2306,2022-07-05,6664.428,6814.7407
2307,2022-07-06,6671.043,6808.6333
2308,2022-07-07,6675.2954,6933.0884
2309,2022-07-08,6652.6123,6809.908
2310,2022-07-03,6199.2407,6325.6724
2311,2022-07-04,6651.055,6921.0845
2312,2022-07-05,6713.4395,6814.7407
2313,2022-07-06,6708.7163,6808.6333
2314,2022-07-07,6677.5225,6933.0884
2315,2022-07-08,6670.4307,6809.908
2316,2022-07-09,6348.5854,6526.326
2317,2022-07-04,6707.9277,6921.0845
2318,2022-07-05,6739.595,6814.7407
2319,2022-07-06,6730.614,6808.6333
2320,2022-07-07,6720.6875,6933.0884
2321,2022-07-08,6672.0063,6809.908
2322,2022-07-09,6345.399,6526.326
2323,2022-07-10,6262.2114,6207.7886
2324,2022-07-05,6861.3594,6814.7407
2325,2022-07-06,6839.6123,6808.6333
2326,2022-07-07,6807.463,6933.0884
2327,2022-07-08,6741.2705,6809.908
2328,2022-07-09,6387.607,6526.326
2329,2022-07-10,6275.08,6207.7886
2330,2022-07-11,6733.7036,6254.9844
2331,2022-07-06,6806.9106,6808.6333
2332,2022-07-07,6776.1763,6933.0884
2333,2022-07-08,6732.1963,6809.908
2334,2022-07-09,6394.0977,6526.326
2335,2022-07-10,6288.649,6207.7886
2336,2022-07-11,6732.6714,6254.9844
2337,2022-07-12,6765.2974,6832.9814
2338,2022-07-07,6768.023,6933.0884
2339,2022-07-08,6735.393,6809.908
2340,2022-07-09,6393.9395,6526.326
2341,2022-07-10,6267.1987,6207.7886
2342,2022-07-11,6720.261,6254.9844
2343,2022-07-12,6761.404,6832.9814
2344,2022-07-13,6756.2007,6819.6787
2345,2022-07-08,6816.067,6809.908
2346,2022-07-09,6435.767,6526.326
2347,2022-07-10,6318.933,6207.7886
2348,2022-07-11,6795.727,6254.9844
2349,2022-07-12,6808.4995,6832.9814
2350,2022-07-13,6805.1875,6819.6787
2351,2022-07-14,6788.158,6878.2627
2352,2022-07-09,6369.647,6526.326
2353,2022-07-10,6279.283,6207.7886
2354,2022-07-11,6762.81,6254.9844
2355,2022-07-12,6786.9395,6832.9814
2356,2022-07-13,6784.5737,6819.6787
2357,2022-07-14,6765.649,6878.2627
2358,2022-07-15,6696.5737,6869.5234
2359,2022-07-10,6314.089,6207.7886
2360,2022-07-11,6776.9287,6254.9844
2361,2022-07-12,6837.977,6832.9814
2362,2022-07-13,6818.5737,6819.6787
2363,2022-07-14,6801.5376,6878.2627
2364,2022-07-15,6732.915,6869.5234
2365,2022-07-16,6378.9243,6493.7876
2366,2022-07-11,6632.805,6254.9844
2367,2022-07-12,6709.484,6832.9814
2368,2022-07-13,6701.9106,6819.6787
2369,2022-07-14,6700.966,6878.2627
2370,2022-07-15,6653.1587,6869.5234
2371,2022-07-16,6317.5654,6493.7876
2372,2022-07-17,6175.5674,6472.99
2373,2022-07-12,6658.1636,6832.9814
2374,2022-07-13,6674.259,6819.6787
2375,2022-07-14,6665.264,6878.2627
2376,2022-07-15,6630.706,6869.5234
2377,2022-07-16,6393.049,6493.7876
2378,2022-07-17,6181.9014,6472.99
2379,2022-07-18,6365.589,7015.568
2380,2022-07-13,6823.667,6819.6787
2381,2022-07-14,6776.312,6878.2627
2382,2022-07-15,6729.905,6869.5234
2383,2022-07-16,6541.9106,6493.7876
2384,2022-07-17,6266.786,6472.99
2385,2022-07-18,6345.393,7015.568
2386,2022-07-19,6689.652,7069.656
2387,2022-07-14,6794.7256,6878.2627
2388,2022-07-15,6762.52,6869.5234
2389,2022-07-16,6586.3296,6493.7876
2390,2022-07-17,6279.415,6472.99
2391,2022-07-18,6320.618,7015.568
2392,2022-07-19,6693.8438,7069.656
2393,2022-07-20,6728.89,6760.8687
2394,2022-07-15,6815.0757,6869.5234
2395,2022-07-16,6691.4336,6493.7876
2396,2022-07-17,6348.456,6472.99
2397,2022-07-18,6268.872,7015.568
2398,2022-07-19,6741.648,7069.656
2399,2022-07-20,6778.598,6760.8687
2400,2022-07-21,6776.7036,6812.969
2401,2022-07-16,6655.379,6493.7876
2402,2022-07-17,6333.1743,6472.99
2403,2022-07-18,6303.7974,7015.568
2404,2022-07-19,6750.6187,7069.656
2405,2022-07-20,6798.949,6760.8687
2406,2022-07-21,6783.7856,6812.969
2407,2022-07-22,6744.456,6728.701
2408,2022-07-17,6247.4395,6472.99
2409,2022-07-18,6707.5625,7015.568
2410,2022-07-19,6791.912,7069.656
2411,2022-07-20,6767.272,6760.8687
2412,2022-07-21,6730.3086,6812.969
2413,2022-07-22,6700.4546,6728.701
2414,2022-07-23,6357.3774,6382.6753
2415,2022-07-18,6804.891,7015.568
2416,2022-07-19,6891.1504,7069.656
2417,2022-07-20,6858.447,6760.8687
2418,2022-07-21,6831.4326,6812.969
2419,2022-07-22,6755.603,6728.701
2420,2022-07-23,6390.192,6382.6753
2421,2022-07-24,6276.916,6172.3145
2422,2022-07-19,6971.486,7069.656
2423,2022-07-20,6921.227,6760.8687
2424,2022-07-21,6885.67,6812.969
2425,2022-07-22,6796.06,6728.701
2426,2022-07-23,6421.5044,6382.6753
2427,2022-07-24,6324.784,6172.3145
2428,2022-07-25,6800.328,6641.335
2429,2022-07-20,6924.781,6760.8687
2430,2022-07-21,6898.2217,6812.969
2431,2022-07-22,6845.108,6728.701
2432,2022-07-23,6480.42,6382.6753
2433,2022-07-24,6324.3965,6172.3145
2434,2022-07-25,6796.261,6641.335
2435,2022-07-26,6874.985,6571.5923
2436,2022-07-21,6776.302,6812.969
2437,2022-07-22,6708.9517,6728.701
2438,2022-07-23,6380.261,6382.6753
2439,2022-07-24,6245.5625,6172.3145
2440,2022-07-25,6692.8276,6641.335
2441,2022-07-26,6764.445,6571.5923
2442,2022-07-27,6736.937,6749.6733
2443,2022-07-22,6735.583,6728.701
2444,2022-07-23,6379.805,6382.6753
2445,2022-07-24,6250.7754,6172.3145
2446,2022-07-25,6722.775,6641.335
2447,2022-07-26,6770.2124,6571.5923
2448,2022-07-27,6737.0063,6749.6733
2449,2022-07-28,6714.7114,6847.575
2450,2022-07-23,6352.4795,6382.6753
2451,2022-07-24,6252.379,6172.3145
2452,2022-07-25,6753.364,6641.335
2453,2022-07-26,6784.677,6571.5923
2454,2022-07-27,6754.785,6749.6733
2455,2022-07-28,6719.6787,6847.575
2456,2022-07-29,6612.933,6734.085
2457,2022-07-24,6250.937,6172.3145
2458,2022-07-25,6750.503,6641.335
2459,2022-07-26,6821.1914,6571.5923
2460,2022-07-27,6798.895,6749.6733
2461,2022-07-28,6739.1187,6847.575
2462,2022-07-29,6641.8613,6734.085
2463,2022-07-30,6338.233,6325.5728
2464,2022-07-25,6664.773,6641.335
2465,2022-07-26,6729.7705,6571.5923
2466,2022-07-27,6702.728,6749.6733
2467,2022-07-28,6674.7373,6847.575
2468,2022-07-29,6554.233,6734.085
2469,2022-07-30,6261.51,6325.5728
2470,2022-07-31,6197.462,6235.814
2471,2022-07-26,6744.4907,6571.5923
2472,2022-07-27,6739.747,6749.6733
2473,2022-07-28,6694.667,6847.575
2474,2022-07-29,6590.2695,6734.085
2475,2022-07-30,6258.0957,6325.5728
2476,2022-07-31,6190.24,6235.814
2477,2022-08-01,6639.1465,6703.5215
2478,2022-07-27,6575.727,6749.6733
2479,2022-07-28,6586.6436,6847.575
2480,2022-07-29,6504.072,6734.085
2481,2022-07-30,6198.469,6325.5728
2482,2022-07-31,6144.842,6235.814
2483,2022-08-01,6610.3687,6703.5215
2484,2022-08-02,6645.4844,6674.616
2485,2022-07-28,6696.29,6847.575
2486,2022-07-29,6607.5454,6734.085
2487,2022-07-30,6279.138,6325.5728
2488,2022-07-31,6209.3735,6235.814
2489,2022-08-01,6639.3413,6703.5215
2490,2022-08-02,6685.3755,6674.616
2491,2022-08-03,6676.833,6535.162
2492,2022-07-29,6702.6367,6734.085
2493,2022-07-30,6356.1626,6325.5728
2494,2022-07-31,6219.944,6235.814
2495,2022-08-01,6687.45,6703.5215
2496,2022-08-02,6743.929,6674.616
2497,2022-08-03,6742.507,6535.162
2498,2022-08-04,6707.858,6481.2036
2499,2022-07-30,6350.6807,6325.5728
2500,2022-07-31,6222.054,6235.814
2501,2022-08-01,6674.385,6703.5215
2502,2022-08-02,6725.645,6674.616
2503,2022-08-03,6725.17,6535.162
2504,2022-08-04,6698.1167,6481.2036
2505,2022-08-05,6616.004,6494.644
2506,2022-07-31,6157.379,6235.814
2507,2022-08-01,6631.024,6703.5215
2508,2022-08-02,6655.7017,6674.616
2509,2022-08-03,6648.5845,6535.162
2510,2022-08-04,6625.328,6481.2036
2511,2022-08-05,6562.6826,6494.644
2512,2022-08-06,6236.1606,6221.2593
2513,2022-08-01,6659.4106,6703.5215
2514,2022-08-02,6706.3955,6674.616
2515,2022-08-03,6695.48,6535.162
2516,2022-08-04,6683.6177,6481.2036
2517,2022-08-05,6584.9014,6494.644
2518,2022-08-06,6266.928,6221.2593
2519,2022-08-07,6194.3164,6134.0005
2520,2022-08-02,6739.726,6674.616
2521,2022-08-03,6729.2812,6535.162
2522,2022-08-04,6686.56,6481.2036
2523,2022-08-05,6603.487,6494.644
2524,2022-08-06,6274.5195,6221.2593
2525,2022-08-07,6217.558,6134.0005
2526,2022-08-08,6652.3813,6706.776
2527,2022-08-03,6698.998,6535.162
2528,2022-08-04,6668.615,6481.2036
2529,2022-08-05,6614.02,6494.644
2530,2022-08-06,6285.976,6221.2593
2531,2022-08-07,6192.4536,6134.0005
2532,2022-08-08,6630.163,6706.776
2533,2022-08-09,6661.496,6331.053
2534,2022-08-04,6613.2744,6481.2036
2535,2022-08-05,6572.92,6494.644
2536,2022-08-06,6242.967,6221.2593
2537,2022-08-07,6169.859,6134.0005
2538,2022-08-08,6597.134,6706.776
2539,2022-08-09,6663.5977,6331.053
2540,2022-08-10,6660.2744,6896.6816
2541,2022-08-05,6475.66,6494.644
2542,2022-08-06,6196.978,6221.2593
2543,2022-08-07,6131.46,6134.0005
2544,2022-08-08,6547.821,6706.776
2545,2022-08-09,6609.067,6331.053
2546,2022-08-10,6617.611,6896.6816
2547,2022-08-11,6609.541,7002.168
2548,2022-08-06,6165.683,6221.2593
2549,2022-08-07,6105.3877,6134.0005
2550,2022-08-08,6538.3667,6706.776
2551,2022-08-09,6589.166,6331.053
2552,2022-08-10,6604.835,6896.6816
2553,2022-08-11,6579.1963,7002.168
2554,2022-08-12,6556.408,7050.8447
2555,2022-08-07,6087.899,6134.0005
2556,2022-08-08,6516.578,6706.776
2557,2022-08-09,6583.9893,6331.053
2558,2022-08-10,6586.8354,6896.6816
2559,2022-08-11,6588.2617,7002.168
2560,2022-08-12,6536.516,7050.8447
2561,2022-08-13,6233.166,6501.6016
2562,2022-08-08,6548.54,6706.776
2563,2022-08-09,6604.0825,6331.053
2564,2022-08-10,6610.256,6896.6816
2565,2022-08-11,6584.1465,7002.168
2566,2022-08-12,6558.9824,7050.8447
2567,2022-08-13,6257.525,6501.6016
2568,2022-08-14,6182.9927,6308.7007
2569,2022-08-09,6689.7417,6331.053
2570,2022-08-10,6679.768,6896.6816
2571,2022-08-11,6632.283,7002.168
2572,2022-08-12,6610.9146,7050.8447
2573,2022-08-13,6273.7686,6501.6016
2574,2022-08-14,6184.0215,6308.7007
2575,2022-08-15,6656.5,6894.875
2576,2022-08-10,6425.5806,6896.6816
2577,2022-08-11,6475.9146,7002.168
2578,2022-08-12,6487.3086,7050.8447
2579,2022-08-13,6224.244,6501.6016
2580,2022-08-14,6192.9067,6308.7007
2581,2022-08-15,6570.881,6894.875
2582,2022-08-16,6604.5977,6832.37
2583,2022-08-11,6737.5405,7002.168
2584,2022-08-12,6662.9814,7050.8447
2585,2022-08-13,6340.991,6501.6016
2586,2022-08-14,6243.159,6308.7007
2587,2022-08-15,6681.027,6894.875
2588,2022-08-16,6729.4688,6832.37
2589,2022-08-17,6739.44,6919.016
2590,2022-08-12,6788.14,7050.8447
2591,2022-08-13,6462.291,6501.6016
2592,2022-08-14,6368.717,6308.7007
2593,2022-08-15,6769.1406,6894.875
2594,2022-08-16,6853.215,6832.37
2595,2022-08-17,6877.9136,6919.016
2596,2022-08-18,6837.5396,6906.066
2597,2022-08-13,6750.5337,6501.6016
2598,2022-08-14,6461.6807,6308.7007
2599,2022-08-15,6580.9287,6894.875
2600,2022-08-16,6866.9307,6832.37
2601,2022-08-17,6858.8535,6919.016
2602,2022-08-18,6818.9487,6906.066
2603,2022-08-19,6798.0444,6860.7544
2604,2022-08-14,6345.404,6308.7007
2605,2022-08-15,6833.8037,6894.875
2606,2022-08-16,6847.1055,6832.37
2607,2022-08-17,6811.948,6919.016
2608,2022-08-18,6804.823,6906.066
2609,2022-08-19,6773.9404,6860.7544
2610,2022-08-20,6430.92,6497.6953
2611,2022-08-15,6749.587,6894.875
2612,2022-08-16,6796.625,6832.37
2613,2022-08-17,6772.3936,6919.016
2614,2022-08-18,6777.1465,6906.066
2615,2022-08-19,6738.66,6860.7544
2616,2022-08-20,6420.8027,6497.6953
2617,2022-08-21,6304.871,6135.005
2618,2022-08-16,6906.3877,6832.37
2619,2022-08-17,6810.3877,6919.016
2620,2022-08-18,6842.2305,6906.066
2621,2022-08-19,6795.181,6860.7544
2622,2022-08-20,6460.1255,6497.6953
2623,2022-08-21,6329.4307,6135.005
2624,2022-08-22,6837.0015,6695.5205
2625,2022-08-17,6812.004,6919.016
2626,2022-08-18,6795.3706,6906.066
2627,2022-08-19,6787.29,6860.7544
2628,2022-08-20,6470.266,6497.6953
2629,2022-08-21,6341.935,6135.005
2630,2022-08-22,6830.5425,6695.5205
2631,2022-08-23,6866.6655,6685.1035
2632,2022-08-18,6908.888,6906.066
2633,2022-08-19,6838.536,6860.7544
2634,2022-08-20,6495.3237,6497.6953
2635,2022-08-21,6328.4736,6135.005
2636,2022-08-22,6804.785,6695.5205
2637,2022-08-23,6866.583,6685.1035
2638,2022-08-24,6851.37,6685.166
2639,2022-08-19,6797.7515,6860.7544
2640,2022-08-20,6435.945,6497.6953
2641,2022-08-21,6307.1045,6135.005
2642,2022-08-22,6761.6177,6695.5205
2643,2022-08-23,6830.081,6685.1035
2644,2022-08-24,6836.7363,6685.166
2645,2022-08-25,6820.0967,6690.763
2646,2022-08-20,6488.3237,6497.6953
2647,2022-08-21,7232.0215,6135.005
2648,2022-08-22,6792.6523,6695.5205
2649,2022-08-23,6823.0854,6685.1035
2650,2022-08-24,6820.233,6685.166
2651,2022-08-25,6818.33,6690.763
2652,2022-08-26,6806.444,6530.3525
2653,2022-08-21,6328.2417,6135.005
2654,2022-08-22,6819.457,6695.5205
2655,2022-08-23,6865.1074,6685.1035
2656,2022-08-24,6856.549,6685.166
2657,2022-08-25,6849.4155,6690.763
2658,2022-08-26,6788.072,6530.3525
2659,2022-08-27,6451.404,6197.1304
2660,2022-08-22,6560.4863,6695.5205
2661,2022-08-23,6726.448,6685.1035
2662,2022-08-24,6738.811,6685.166
2663,2022-08-25,6730.7275,6690.763
2664,2022-08-26,6713.608,6530.3525
2665,2022-08-27,6439.7007,6197.1304
2666,2022-08-28,6270.412,6036.984
2667,2022-08-23,6798.895,6685.1035
2668,2022-08-24,6797.469,6685.166
2669,2022-08-25,6777.9683,6690.763
2670,2022-08-26,6757.514,6530.3525
2671,2022-08-27,6425.9893,6197.1304
2672,2022-08-28,6279.965,6036.984
2673,2022-08-29,6750.381,6538.454
2674,2022-08-24,6764.801,6685.166
2675,2022-08-25,6759.0933,6690.763
2676,2022-08-26,6709.145,6530.3525
2677,2022-08-27,6421.353,6197.1304
2678,2022-08-28,6266.7524,6036.984
2679,2022-08-29,6710.0986,6538.454
2680,2022-08-30,6757.19,6561.5044
2681,2022-08-25,6740.598,6690.763
2682,2022-08-26,6718.7163,6530.3525
2683,2022-08-27,6405.2075,6197.1304
2684,2022-08-28,6241.558,6036.984
2685,2022-08-29,6713.482,6538.454
2686,2022-08-30,6760.5796,6561.5044
2687,2022-08-31,6760.5767,6660.3345
2688,2022-08-26,6679.822,6530.3525
2689,2022-08-27,6347.733,6197.1304
2690,2022-08-28,6192.634,6036.984
2691,2022-08-29,6691.24,6538.454
2692,2022-08-30,6737.866,6561.5044
2693,2022-08-31,6739.768,6660.3345
2694,2022-09-01,6703.134,6696.0244
2695,2022-08-27,6217.338,6197.1304
2696,2022-08-28,6159.295,6036.984
2697,2022-08-29,6643.627,6538.454
2698,2022-08-30,6666.9395,6561.5044
2699,2022-08-31,6688.3506,6660.3345
2700,2022-09-01,6669.7964,6696.0244
2701,2022-09-02,6625.073,6572.655
2702,2022-08-28,6118.841,6036.984
2703,2022-08-29,6655.9814,6538.454
2704,2022-08-30,6697.3726,6561.5044
2705,2022-08-31,6682.6226,6660.3345
2706,2022-09-01,6679.7705,6696.0244
2707,2022-09-02,6632.669,6572.655
2708,2022-09-03,6296.3013,6276.3657
2709,2022-08-29,6567.661,6538.454
2710,2022-08-30,6648.062,6561.5044
2711,2022-08-31,6664.2383,6660.3345
2712,2022-09-01,6671.8506,6696.0244
2713,2022-09-02,6618.09,6572.655
2714,2022-09-03,6276.507,6276.3657
2715,2022-09-04,6188.9688,6152.961
2716,2022-08-30,6633.007,6561.5044
2717,2022-08-31,6654.8955,6660.3345
2718,2022-09-01,6645.853,6696.0244
2719,2022-09-02,6626.346,6572.655
2720,2022-09-03,6314.2017,6276.3657
2721,2022-09-04,6188.109,6152.961
2722,2022-09-05,6656.3223,6605.1196
2723,2022-08-31,6598.4995,6660.3345
2724,2022-09-01,6604.2095,6696.0244
2725,2022-09-02,6569.4736,6572.655
2726,2022-09-03,6269.6914,6276.3657
2727,2022-09-04,6181.663,6152.961
2728,2022-09-05,6653.221,6605.1196
2729,2022-09-06,6655.1255,6681.0586
2730,2022-09-01,6668.3867,6696.0244
2731,2022-09-02,6610.331,6572.655
2732,2022-09-03,6329.5674,6276.3657
2733,2022-09-04,6202.5107,6152.961
2734,2022-09-05,6660.774,6605.1196
2735,2022-09-06,7601.0977,6681.0586
2736,2022-09-07,6692.1826,6638.207
2737,2022-09-02,6628.348,6572.655
2738,2022-09-03,6302.3555,6276.3657
2739,2022-09-04,6171.4824,6152.961
2740,2022-09-05,6654.0444,6605.1196
2741,2022-09-06,6694.022,6681.0586
2742,2022-09-07,6689.2617,6638.207
2743,2022-09-08,6695.448,6668.6255
2744,2022-09-03,6223.054,6276.3657
2745,2022-09-04,6137.3926,6152.961
2746,2022-09-05,6622.826,6605.1196
2747,2022-09-06,6657.09,6681.0586
2748,2022-09-07,6659.946,6638.207
2749,2022-09-08,6654.2344,6668.6255
2750,2022-09-09,6602.8364,6614.516
2751,2022-09-04,6106.9604,6152.961
2752,2022-09-05,6577.13,6605.1196
2753,2022-09-06,6630.904,6681.0586
2754,2022-09-07,6638.044,6638.207
2755,2022-09-08,6620.4375,6668.6255
2756,2022-09-09,6567.138,6614.516
2757,2022-09-10,6252.1064,6296.271
2758,2022-09-05,6548.892,6605.1196
2759,2022-09-06,6588.3926,6681.0586
2760,2022-09-07,6586.486,6638.207
2761,2022-09-08,6554.127,6668.6255
2762,2022-09-09,6538.4233,6614.516
2763,2022-09-10,6246.24,6296.271
2764,2022-09-11,6140.6,6122.2437
2765,2022-09-06,6626.438,6681.0586
2766,2022-09-07,6610.7324,6638.207
2767,2022-09-08,6611.208,6668.6255
2768,2022-09-09,6568.85,6614.516
2769,2022-09-10,6253.3057,6296.271
2770,2022-09-11,6157.1694,6122.2437
2771,2022-09-12,6617.3955,6661.7607
2772,2022-09-07,6659.8936,6638.207
2773,2022-09-08,6637.0483,6668.6255
2774,2022-09-09,6588.9785,6614.516
2775,2022-09-10,6289.611,6296.271
2776,2022-09-11,6200.1313,6122.2437
2777,2022-09-12,6662.274,6661.7607
2778,2022-09-13,6670.364,6690.286
2779,2022-09-08,6616.047,6668.6255
2780,2022-09-09,6578.924,6614.516
2781,2022-09-10,7189.0786,6296.271
2782,2022-09-11,6181.511,6122.2437
2783,2022-09-12,6629.373,6661.7607
2784,2022-09-13,6661.2607,6690.286
2785,2022-09-14,7582.2056,6598.0693
2786,2022-09-09,6577.018,6614.516
2787,2022-09-10,6266.705,6296.271
2788,2022-09-11,6143.4355,6122.2437
2789,2022-09-12,6609.384,6661.7607
2790,2022-09-13,6658.4043,6690.286
2791,2022-09-14,6662.2114,6598.0693
2792,2022-09-15,6649.8374,6655.694
2793,2022-09-10,6242.531,6296.271
2794,2022-09-11,6147.3413,6122.2437
2795,2022-09-12,6611.3936,6661.7607
2796,2022-09-13,6625.197,6690.286
2797,2022-09-14,6645.1855,6598.0693
2798,2022-09-15,6627.102,6655.694
2799,2022-09-16,6589.024,6783.464
2800,2022-09-11,6111.732,6122.2437
2801,2022-09-12,6600.498,6661.7607
2802,2022-09-13,6616.203,6690.286
2803,2022-09-14,6630.478,6598.0693
2804,2022-09-15,6630.4785,6655.694
2805,2022-09-16,6583.8394,6783.464
2806,2022-09-17,6254.0293,6437.4614
2807,2022-09-12,6590.1167,6661.7607
2808,2022-09-13,6614.3906,6690.286
2809,2022-09-14,6625.3364,6598.0693
2810,2022-09-15,6614.3906,6655.694
2811,2022-09-16,6558.706,6783.464
2812,2022-09-17,6241.7407,6437.4614
2813,2022-09-18,6147.982,6100.54
2814,2022-09-13,6661.11,6690.286
2815,2022-09-14,6648.2583,6598.0693
2816,2022-09-15,6659.2056,6655.694
2817,2022-09-16,6585.8975,6783.464
2818,2022-09-17,6258.8657,6437.4614
2819,2022-09-18,6162.707,6100.54
2820,2022-09-19,6619.2207,6544.195
2821,2022-09-14,6686.322,6598.0693
2822,2022-09-15,6669.6606,6655.694
2823,2022-09-16,6625.386,6783.464
2824,2022-09-17,6296.904,6437.4614
2825,2022-09-18,6173.1274,6100.54
2826,2022-09-19,6665.377,6544.195
2827,2022-09-20,6672.993,6563.9985
2828,2022-09-15,6625.572,6655.694
2829,2022-09-16,6587.0093,6783.464
2830,2022-09-17,6252.806,6437.4614
2831,2022-09-18,6152.35,6100.54
2832,2022-09-19,6628.904,6544.195
2833,2022-09-20,6652.708,6563.9985
2834,2022-09-21,6646.0425,6707.543
2835,2022-09-16,6607.5093,6783.464
2836,2022-09-17,6294.725,6437.4614
2837,2022-09-18,6163.803,6100.54
2838,2022-09-19,6636.0737,6544.195
2839,2022-09-20,6648.4536,6563.9985
2840,2022-09-21,6635.595,6707.543
2841,2022-09-22,6620.362,6599.5947
2842,2022-09-17,6357.543,6437.4614
2843,2022-09-18,6168.05,6100.54
2844,2022-09-19,6642.259,6544.195
2845,2022-09-20,6680.3467,6563.9985
2846,2022-09-21,6666.542,6707.543
2847,2022-09-22,6648.448,6599.5947
2848,2022-09-23,6612.264,6654.368
2849,2022-09-18,6185.0986,6100.54
2850,2022-09-19,6653.111,6544.195
2851,2022-09-20,6682.628,6563.9985
2852,2022-09-21,6670.25,6707.543
2853,2022-09-22,6649.3013,6599.5947
2854,2022-09-23,6636.9224,6654.368
2855,2022-09-24,6318.405,6330.1553
2856,2022-09-19,6567.4326,6544.195
2857,2022-09-20,6640.75,6563.9985
2858,2022-09-21,6646.939,6707.543
2859,2022-09-22,6640.752,6599.5947
2860,2022-09-23,6587.428,6654.368
2861,2022-09-24,6296.5254,6330.1553
2862,2022-09-25,6164.643,6051.0
2863,2022-09-20,6628.9287,6563.9985
2864,2022-09-21,6652.261,6707.543
2865,2022-09-22,6657.4995,6599.5947
2866,2022-09-23,6613.6914,6654.368
2867,2022-09-24,6287.984,6330.1553
2868,2022-09-25,6160.365,6051.0
2869,2022-09-26,6597.976,6602.634
2870,2022-09-21,6612.2607,6707.543
2871,2022-09-22,6599.402,6599.5947
2872,2022-09-23,6578.449,6654.368
2873,2022-09-24,7192.2456,6330.1553
2874,2022-09-25,6140.8374,6051.0
2875,2022-09-26,6589.4004,6602.634
2876,2022-09-27,6639.877,6671.586
2877,2022-09-22,6705.925,6599.5947
2878,2022-09-23,6676.875,6654.368
2879,2022-09-24,6394.0073,6330.1553
2880,2022-09-25,6188.766,6051.0
2881,2022-09-26,6574.9663,6602.634
2882,2022-09-27,6650.681,6671.586
2883,2022-09-28,6689.7305,6712.845
2884,2022-09-23,6582.172,6654.368
2885,2022-09-24,6285.017,6330.1553
2886,2022-09-25,6115.9663,6051.0
2887,2022-09-26,6506.931,6602.634
2888,2022-09-27,6601.2207,6671.586
2889,2022-09-28,6615.985,6712.845
2890,2022-09-29,6633.6035,6695.323
2891,2022-09-24,6383.656,6330.1553
2892,2022-09-25,6168.8877,6051.0
2893,2022-09-26,6499.855,6602.634
2894,2022-09-27,6657.956,6671.586
2895,2022-09-28,6673.197,6712.845
2896,2022-09-29,6655.0996,6695.323
2897,2022-09-30,6635.575,6756.9385
2898,2022-09-25,6091.332,6051.0
2899,2022-09-26,6551.323,6602.634
2900,2022-09-27,6609.419,6671.586
2901,2022-09-28,6626.085,6712.845
2902,2022-09-29,6630.3726,6695.323
2903,2022-09-30,6587.0376,6756.9385
2904,2022-10-01,6270.853,6314.0166
2905,2022-09-26,6467.983,6602.634
2906,2022-09-27,6561.79,6671.586
2907,2022-09-28,6588.9336,6712.845
2908,2022-09-29,6573.697,6695.323
2909,2022-09-30,6581.3145,6756.9385
2910,2022-10-01,6299.8936,6314.0166
2911,2022-10-02,6162.273,6058.759
2912,2022-09-27,6649.4795,6671.586
2913,2022-09-28,6652.3364,6712.845
2914,2022-09-29,6636.1445,6695.323
2915,2022-09-30,6619.4736,6756.9385
2916,2022-10-01,6321.335,6314.0166
2917,2022-10-02,6178.9355,6058.759
2918,2022-10-03,6642.812,6559.828
2919,2022-09-28,6660.0557,6712.845
2920,2022-09-29,6651.483,6695.323
2921,2022-09-30,6635.2905,6756.9385
2922,2022-10-01,6327.6226,6314.0166
2923,2022-10-02,6188.078,6058.759
2924,2022-10-03,6659.1035,6559.828
2925,2022-10-04,6679.5825,6504.0215
2926,2022-09-29,6675.8438,6695.323
2927,2022-09-30,6648.6963,6756.9385
2928,2022-10-01,6356.266,6314.0166
2929,2022-10-02,6193.8574,6058.759
2930,2022-10-03,6638.6943,6559.828
2931,2022-10-04,6692.513,6504.0215
2932,2022-10-05,6709.658,6498.7183
2933,2022-09-30,6657.9346,6756.9385
2934,2022-10-01,6357.879,6314.0166
2935,2022-10-02,6173.08,6058.759
2936,2022-10-03,6596.02,6559.828
2937,2022-10-04,6670.319,6504.0215
2938,2022-10-05,6670.3184,6498.7183
2939,2022-10-06,6667.46,6533.431
2940,2022-10-01,6410.279,6314.0166
2941,2022-10-02,6233.565,6058.759
2942,2022-10-03,6679.8765,6559.828
2943,2022-10-04,6734.175,6504.0215
2944,2022-10-05,6735.127,6498.7183
2945,2022-10-06,6739.891,6533.431
2946,2022-10-07,6701.7837,6415.063
2947,2022-10-02,6130.7236,6058.759
2948,2022-10-03,6626.5312,6559.828
2949,2022-10-04,6653.2026,6504.0215
2950,2022-10-05,6652.248,6498.7183
2951,2022-10-06,6673.6816,6533.431
2952,2022-10-07,6648.9155,6415.063
2953,2022-10-08,6316.945,6169.821
2954,2022-10-03,6525.3496,6559.828
2955,2022-10-04,6595.8354,6504.0215
2956,2022-10-05,6598.2173,6498.7183
2957,2022-10-06,6597.741,6533.431
2958,2022-10-07,6589.645,6415.063
2959,2022-10-08,6278.1694,6169.821
2960,2022-10-09,6146.2407,6043.838
2961,2022-10-04,6643.612,6504.0215
2962,2022-10-05,6633.605,6498.7183
2963,2022-10-06,6606.9307,6533.431
2964,2022-10-07,6597.4043,6415.063
2965,2022-10-08,6286.8276,6169.821
2966,2022-10-09,6154.402,6043.838
2967,2022-10-10,6626.465,6473.5625
2968,2022-10-05,6600.9595,6498.7183
2969,2022-10-06,6600.0063,6533.431
2970,2022-10-07,6588.098,6415.063
2971,2022-10-08,6270.8657,6169.821
2972,2022-10-09,6138.9194,6043.838
2973,2022-10-10,6616.2007,6473.5625
2974,2022-10-11,6644.3057,6594.278
2975,2022-10-06,6536.554,6533.431
2976,2022-10-07,6551.3184,6415.063
2977,2022-10-08,6264.1226,6169.821
2978,2022-10-09,6116.9487,6043.838
2979,2022-10-10,6565.1323,6473.5625
2980,2022-10-11,6585.135,6594.278
2981,2022-10-12,6585.135,6488.9277
2982,2022-10-07,6551.9985,6415.063
2983,2022-10-08,6258.616,6169.821
2984,2022-10-09,6101.9263,6043.838
2985,2022-10-10,6568.1914,6473.5625
2986,2022-10-11,6604.865,6594.278
2987,2022-10-12,6616.7715,6488.9277
2988,2022-10-13,6622.487,6625.597
2989,2022-10-08,6146.5757,6169.821
2990,2022-10-09,6060.845,6043.838
2991,2022-10-10,6551.9077,6473.5625
2992,2022-10-11,6589.534,6594.278
2993,2022-10-12,6616.6826,6488.9277
2994,2022-10-13,6626.685,6625.597
2995,2022-10-14,6578.578,6649.6763
2996,2022-10-09,6047.6035,6043.838
2997,2022-10-10,6527.643,6473.5625
2998,2022-10-11,6569.076,6594.278
2999,2022-10-12,6572.4087,6488.9277
3000,2022-10-13,6568.5986,6625.597
3001,2022-10-14,6550.9785,6649.6763
3002,2022-10-15,6239.52,6342.8145
3003,2022-10-10,6512.5757,6473.5625
3004,2022-10-11,6553.53,6594.278
3005,2022-10-12,6574.96,6488.9277
3006,2022-10-13,6563.5312,6625.597
3007,2022-10-14,6534.483,6649.6763
3008,2022-10-15,6220.665,6342.8145
3009,2022-10-16,6077.3296,6093.174
3010,2022-10-11,6565.669,6594.278
3011,2022-10-12,6605.1973,6488.9277
3012,2022-10-13,6586.6235,6625.597
3013,2022-10-14,6555.1904,6649.6763
3014,2022-10-15,6251.8174,6342.8145
3015,2022-10-16,6117.0386,6093.174
3016,2022-10-17,6562.3345,6593.1313
3017,2022-10-12,6600.4326,6488.9277
3018,2022-10-13,6596.623,6625.597
3019,2022-10-14,6578.5254,6649.6763
3020,2022-10-15,6280.868,6342.8145
3021,2022-10-16,6116.5605,6093.174
3022,2022-10-17,6556.6177,6593.1313
3023,2022-10-18,6603.7676,6667.147
3024,2022-10-13,6507.772,6625.597
3025,2022-10-14,6501.103,6649.6763
3026,2022-10-15,6229.627,6342.8145
3027,2022-10-16,6095.7954,6093.174
3028,2022-10-17,6511.1055,6593.1313
3029,2022-10-18,6549.207,6667.147
3030,2022-10-19,6561.592,6748.9507
3031,2022-10-14,6604.4233,6649.6763
3032,2022-10-15,6291.965,6342.8145
3033,2022-10-16,6116.2114,6093.174
3034,2022-10-17,6551.0767,6593.1313
3035,2022-10-18,6590.612,6667.147
3036,2022-10-19,6622.0454,6748.9507
3037,2022-10-20,6618.712,6827.74
3038,2022-10-15,6295.5933,6342.8145
3039,2022-10-16,6131.2593,6093.174
3040,2022-10-17,6569.4795,6593.1313
3041,2022-10-18,6605.6777,6667.147
3042,2022-10-19,6619.016,6748.9507
3043,2022-10-20,6602.346,6827.74
3044,2022-10-21,6594.7246,6615.3354
3045,2022-10-16,6092.8774,6093.174
3046,2022-10-17,6572.9937,6593.1313
3047,2022-10-18,6610.623,6667.147
3048,2022-10-19,6605.858,6748.9507
3049,2022-10-20,6600.6187,6827.74
3050,2022-10-21,6574.899,6615.3354
3051,2022-10-22,6270.5376,6184.5835
3052,2022-10-17,6529.195,6593.1313
3053,2022-10-18,6561.107,6667.147
3054,2022-10-19,6574.9204,6748.9507
3055,2022-10-20,6563.967,6827.74
3056,2022-10-21,6532.531,6615.3354
3057,2022-10-22,6233.41,6184.5835
3058,2022-10-23,6100.9985,5907.6646
3059,2022-10-18,6624.0986,6667.147
3060,2022-10-19,6630.7676,6748.9507
3061,2022-10-20,6624.5757,6827.74
3062,2022-10-21,6581.2236,6615.3354
3063,2022-10-22,6274.435,6184.5835
3064,2022-10-23,6120.563,5907.6646
3065,2022-10-24,6577.413,6002.525
3066,2022-10-19,6674.9985,6748.9507
3067,2022-10-20,6656.897,6827.74
3068,2022-10-21,6617.358,6615.3354
3069,2022-10-22,6322.0024,6184.5835
3070,2022-10-23,6186.236,5907.6646
3071,2022-10-24,6620.2144,6002.525
3072,2022-10-25,6643.081,6489.485
3073,2022-10-20,6722.9775,6827.74
3074,2022-10-21,6687.7275,6615.3354
3075,2022-10-22,6387.6123,6184.5835
3076,2022-10-23,6189.4424,5907.6646
3077,2022-10-24,6625.7974,6002.525
3078,2022-10-25,6679.1494,6489.485
3079,2022-10-26,6690.1074,6444.6543
3080,2022-10-21,6749.1426,6615.3354
3081,2022-10-22,6422.3105,6184.5835
3082,2022-10-23,6190.765,5907.6646
3083,2022-10-24,6600.971,6002.525
3084,2022-10-25,6685.78,6489.485
3085,2022-10-26,6695.7837,6444.6543
3086,2022-10-27,6702.93,6531.5986
3087,2022-10-22,6269.6704,6184.5835
3088,2022-10-23,6124.3657,5907.6646
3089,2022-10-24,6552.19,6002.525
3090,2022-10-25,6593.1626,6489.485
3091,2022-10-26,6591.256,6444.6543
3092,2022-10-27,6609.3594,6531.5986
3093,2022-10-28,6553.62,6609.753
3094,2022-10-23,6066.773,5907.6646
3095,2022-10-24,6547.8906,6002.525
3096,2022-10-25,6585.9985,6489.485
3097,2022-10-26,6594.0967,6444.6543
3098,2022-10-27,6584.5693,6531.5986
3099,2022-10-28,6548.366,6609.753
3100,2022-10-29,6236.833,6262.985
3101,2022-10-24,6445.707,6002.525
3102,2022-10-25,6525.2495,6489.485
3103,2022-10-26,6543.824,6444.6543
3104,2022-10-27,6551.446,6531.5986
3105,2022-10-28,6514.7715,6609.753
3106,2022-10-29,6207.082,6262.985
3107,2022-10-30,6074.6724,6117.405
3108,2022-10-25,6473.971,6489.485
3109,2022-10-26,6524.4575,6444.6543
3110,2022-10-27,6541.1255,6531.5986
3111,2022-10-28,6535.8877,6609.753
3112,2022-10-29,6327.2793,6262.985
3113,2022-10-30,6100.5693,6117.405
3114,2022-10-31,6352.5225,6540.742
3115,2022-10-26,6591.772,6444.6543
3116,2022-10-27,6568.912,6531.5986
3117,2022-10-28,6551.2905,6609.753
3118,2022-10-29,6348.4106,6262.985
3119,2022-10-30,6116.477,6117.405
3120,2022-10-31,6354.1235,6540.742
3121,2022-11-01,6556.053,6571.828
3122,2022-10-27,6481.7827,6531.5986
3123,2022-10-28,6483.686,6609.753
3124,2022-10-29,6353.2046,6262.985
3125,2022-10-30,6111.283,6117.405
3126,2022-10-31,6235.5757,6540.742
3127,2022-11-01,6536.071,6571.828
3128,2022-11-02,6533.6895,6617.0713
3129,2022-10-28,6544.352,6609.753
3130,2022-10-29,6461.97,6262.985
3131,2022-10-30,6171.9683,6117.405
3132,2022-10-31,6160.538,6540.742
3133,2022-11-01,6556.733,6571.828
3134,2022-11-02,6596.2573,6617.0713
3135,2022-11-03,6607.686,6581.3594
3136,2022-10-29,6454.0674,6262.985
3137,2022-10-30,6155.9785,6117.405
3138,2022-10-31,6233.121,6540.742
3139,2022-11-01,6564.0625,6571.828
3140,2022-11-02,6593.5864,6617.0713
3141,2022-11-03,6605.9663,6581.3594
3142,2022-11-04,6597.3955,6627.7446
3143,2022-10-30,6033.0825,6117.405
3144,2022-10-31,6513.9395,6540.742
3145,2022-11-01,6571.5474,6571.828
3146,2022-11-02,6582.9736,6617.0713
3147,2022-11-03,6583.9263,6581.3594
3148,2022-11-04,6541.555,6627.7446
3149,2022-11-05,6230.662,6096.711
3150,2022-10-31,6425.763,6540.742
3151,2022-11-01,6532.8755,6571.828
3152,2022-11-02,6542.3955,6617.0713
3153,2022-11-03,6559.058,6581.3594
3154,2022-11-04,6532.8735,6627.7446
3155,2022-11-05,6282.947,6096.711
3156,2022-11-06,6112.9976,5948.134
3157,2022-11-01,6601.573,6571.828
3158,2022-11-02,6593.4814,6617.0713
3159,2022-11-03,6603.9546,6581.3594
3160,2022-11-04,6572.055,6627.7446
3161,2022-11-05,6230.217,6096.711
3162,2022-11-06,6100.721,5948.134
3163,2022-11-07,6519.6855,6454.57
3164,2022-11-02,6592.212,6617.0713
3165,2022-11-03,6607.9233,6581.3594
3166,2022-11-04,6576.0283,6627.7446
3167,2022-11-05,6273.244,6096.711
3168,2022-11-06,6091.8594,5948.134
3169,2022-11-07,6522.2305,6454.57
3170,2022-11-08,6584.5967,6529.7163
3171,2022-11-03,6622.1113,6581.3594
3172,2022-11-04,6594.022,6627.7446
3173,2022-11-05,6273.628,6096.711
3174,2022-11-06,6098.9136,5948.134
3175,2022-11-07,6545.466,6454.57
3176,2022-11-08,6586.882,6529.7163
3177,2022-11-09,6607.3545,6520.0156
3178,2022-11-04,6538.089,6627.7446
3179,2022-11-05,6221.0376,6096.711
3180,2022-11-06,6061.5625,5948.134
3181,2022-11-07,6486.676,6454.57
3182,2022-11-08,6546.6577,6529.7163
3183,2022-11-09,6569.507,6520.0156
3184,2022-11-10,6568.0786,6521.867
3185,2022-11-05,6286.6904,6096.711
3186,2022-11-06,6117.696,5948.134
3187,2022-11-07,6554.706,6454.57
3188,2022-11-08,6616.5923,6529.7163
3189,2022-11-09,6642.7764,6520.0156
3190,2022-11-10,6646.108,6521.867
3191,2022-11-11,6589.459,6541.366
3192,2022-11-06,5999.209,5948.134
3193,2022-11-07,6503.741,6454.57
3194,2022-11-08,6558.0024,6529.7163
3195,2022-11-09,6577.517,6520.0156
3196,2022-11-10,6586.085,6521.867
3197,2022-11-11,6533.728,6541.366
3198,2022-11-12,6188.6445,6196.548
3199,2022-11-07,6466.2217,6454.57
3200,2022-11-08,6548.0825,6529.7163
3201,2022-11-09,6557.1245,6520.0156
3202,2022-11-10,6557.1245,6521.867
3203,2022-11-11,6522.859,6541.366
3204,2022-11-12,6174.015,6196.548
3205,2022-11-13,6052.6577,6011.5566
3206,2022-11-08,6569.116,6529.7163
3207,2022-11-09,6582.4414,6520.0156
3208,2022-11-10,6591.0073,6521.867
3209,2022-11-11,6561.9756,6541.366
3210,2022-11-12,6195.9688,6196.548
3211,2022-11-13,6049.8535,6011.5566
3212,2022-11-14,6531.99,6542.3687
3213,2022-11-09,6554.5757,6520.0156
3214,2022-11-10,6575.993,6521.867
3215,2022-11-11,6542.6777,6541.366
3216,2022-11-12,6190.0093,6196.548
3217,2022-11-13,6049.132,6011.5566
3218,2022-11-14,6540.7744,6542.3687
3219,2022-11-15,6561.715,6616.1646
3220,2022-11-10,6557.254,6521.867
3221,2022-11-11,6544.8794,6541.366
3222,2022-11-12,6213.6387,6196.548
3223,2022-11-13,6057.061,6011.5566
3224,2022-11-14,6524.8906,6542.3687
3225,2022-11-15,6564.868,6616.1646
3226,2022-11-16,6578.6694,6667.4526
3227,2022-11-11,6520.59,6541.366
3228,2022-11-12,6191.2515,6196.548
3229,2022-11-13,6046.0933,6011.5566
3230,2022-11-14,6488.7017,6542.3687
3231,2022-11-15,6528.681,6616.1646
3232,2022-11-16,6561.0425,6667.4526
3233,2022-11-17,6580.5527,6627.141
3234,2022-11-12,6174.9087,6196.548
3235,2022-11-13,6044.985,6011.5566
3236,2022-11-14,6501.855,6542.3687
3237,2022-11-15,6539.9263,6616.1646
3238,2022-11-16,6561.8193,6667.4526
3239,2022-11-17,6567.053,6627.141
3240,2022-11-18,6535.169,6704.058
3241,2022-11-13,6021.714,6011.5566
3242,2022-11-14,6519.9546,6542.3687
3243,2022-11-15,6560.878,6616.1646
3244,2022-11-16,6573.7285,6667.4526
3245,2022-11-17,6578.963,6627.141
3246,2022-11-18,6529.4727,6704.058
3247,2022-11-19,6184.464,6219.927
3248,2022-11-14,6481.645,6542.3687
3249,2022-11-15,6532.088,6616.1646
3250,2022-11-16,6530.1836,6667.4526
3251,2022-11-17,6523.5225,6627.141
3252,2022-11-18,6494.969,6704.058
3253,2022-11-19,6140.4546,6219.927
3254,2022-11-20,6030.531,6089.8613
3255,2022-11-15,6566.0913,6616.1646
3256,2022-11-16,6580.845,6667.4526
3257,2022-11-17,6584.177,6627.141
3258,2022-11-18,6557.523,6704.058
3259,2022-11-19,6218.178,6219.927
3260,2022-11-20,6066.3545,6089.8613
3261,2022-11-21,6520.875,6707.4023
3262,2022-11-16,6592.965,6667.4526
3263,2022-11-17,6603.9136,6627.141
3264,2022-11-18,6578.688,6704.058
3265,2022-11-19,6239.331,6219.927
3266,2022-11-20,6104.6333,6089.8613
3267,2022-11-21,6555.3667,6707.4023
3268,2022-11-22,6584.3994,6892.1484
3269,2022-11-17,6623.136,6627.141
3270,2022-11-18,6586.0127,6704.058
3271,2022-11-19,6255.686,6219.927
3272,2022-11-20,6085.764,6089.8613
3273,2022-11-21,6525.565,6707.4023
3274,2022-11-22,6570.304,6892.1484
3275,2022-11-23,6583.1567,6729.9565
3276,2022-11-18,6568.98,6704.058
3277,2022-11-19,6218.187,6219.927
3278,2022-11-20,6037.79,6089.8613
3279,2022-11-21,6498.0625,6707.4023
3280,2022-11-22,6562.794,6892.1484
3281,2022-11-23,6578.025,6729.9565
3282,2022-11-24,6580.881,6800.706
3283,2022-11-19,6311.038,6219.927
3284,2022-11-20,6103.5107,6089.8613
3285,2022-11-21,6533.795,6707.4023
3286,2022-11-22,6598.5293,6892.1484
3287,2022-11-23,6617.57,6729.9565
3288,2022-11-24,6598.53,6800.706
3289,2022-11-25,6579.4907,6701.8877
3290,2022-11-20,6025.177,6089.8613
3291,2022-11-21,6511.5654,6707.4023
3292,2022-11-22,6564.393,6892.1484
3293,2022-11-23,6586.286,6729.9565
3294,2022-11-24,6568.2017,6800.706
3295,2022-11-25,6542.025,6701.8877
3296,2022-11-26,6206.503,6441.3516
3297,2022-11-21,6524.6,6707.4023
3298,2022-11-22,6567.9077,6892.1484
3299,2022-11-23,6576.4736,6729.9565
3300,2022-11-24,6566.003,6800.706
3301,2022-11-25,6545.542,6701.8877
3302,2022-11-26,6199.5605,6441.3516
3303,2022-11-27,6062.4995,6125.7915
3304,2022-11-22,6680.1465,6892.1484
3305,2022-11-23,6672.0537,6729.9565
3306,2022-11-24,6668.246,6800.706
3307,2022-11-25,6606.3677,6701.8877
3308,2022-11-26,6248.416,6441.3516
3309,2022-11-27,6114.6626,6125.7915
3310,2022-11-28,6567.332,6594.6416
3311,2022-11-23,6822.609,6729.9565
3312,2022-11-24,6793.0938,6800.706
3313,2022-11-25,6738.828,6701.8877
3314,2022-11-26,6359.897,6441.3516
3315,2022-11-27,6161.8657,6125.7915
3316,2022-11-28,6617.912,6594.6416
3317,2022-11-29,6678.8457,6595.9434
3318,2022-11-24,6654.3936,6800.706
3319,2022-11-25,6639.636,6701.8877
3320,2022-11-26,6295.445,6441.3516
3321,2022-11-27,6105.97,6125.7915
3322,2022-11-28,6558.2285,6594.6416
3323,2022-11-29,6616.31,6595.9434
3324,2022-11-30,6621.5464,6582.043
3325,2022-11-25,6735.3965,6701.8877
3326,2022-11-26,6352.132,6441.3516
3327,2022-11-27,6151.2188,6125.7915
3328,2022-11-28,6604.4673,6594.6416
3329,2022-11-29,6656.84,6595.9434
3330,2022-11-30,6661.6006,6582.043
3331,2022-12-01,6663.504,6516.2476
3332,2022-11-26,6296.054,6441.3516
3333,2022-11-27,6146.0757,6125.7915
3334,2022-11-28,6603.62,6594.6416
3335,2022-11-29,6649.3257,6595.9434
3336,2022-11-30,6665.036,6582.043
3337,2022-12-01,6659.3223,6516.2476
3338,2022-12-02,6607.904,6423.5996
3339,2022-11-27,6140.4346,6125.7915
3340,2022-11-28,6624.6035,6594.6416
3341,2022-11-29,6693.161,6595.9434
3342,2022-11-30,6676.9746,6582.043
3343,2022-12-01,6674.592,6516.2476
3344,2022-12-02,6631.2705,6423.5996
3345,2022-12-03,6283.7344,6112.821
3346,2022-11-28,6555.2407,6594.6416
3347,2022-11-29,6640.4546,6595.9434
3348,2022-11-30,6625.6973,6582.043
3349,2022-12-01,6608.0825,6516.2476
3350,2022-12-02,6566.1914,6423.5996
3351,2022-12-03,6241.0474,6112.821
3352,2022-12-04,6104.42,6017.0815
3353,2022-11-29,6692.201,6595.9434
3354,2022-11-30,6693.152,6582.043
3355,2022-12-01,6695.535,6516.2476
3356,2022-12-02,6645.064,6423.5996
3357,2022-12-03,6284.625,6112.821
3358,2022-12-04,6144.638,6017.0815
3359,2022-12-05,6588.4043,6495.0215
3360,2022-11-30,6631.4907,6582.043
3361,2022-12-01,6638.1567,6516.2476
3362,2022-12-02,6599.111,6423.5996
3363,2022-12-03,6282.466,6112.821
3364,2022-12-04,6112.4756,6017.0815
3365,2022-12-05,6550.544,6495.0215
3366,2022-12-06,6602.4443,6500.2812
3367,2022-12-01,6582.129,6516.2476
3368,2022-12-02,6578.7954,6423.5996
3369,2022-12-03,6261.188,6112.821
3370,2022-12-04,6098.335,6017.0815
3371,2022-12-05,6532.131,6495.0215
3372,2022-12-06,6581.1763,6500.2812
3373,2022-12-07,6598.3184,6567.2314
3374,2022-12-02,6523.9805,6423.5996
3375,2022-12-03,6207.8027,6112.821
3376,2022-12-04,6044.9526,6017.0815
3377,2022-12-05,6498.267,6495.0215
3378,2022-12-06,6569.692,6500.2812
3379,2022-12-07,6597.788,6567.2314
3380,2022-12-08,6578.7407,6547.2847
3381,2022-12-03,6118.87,6112.821
3382,2022-12-04,6036.0225,6017.0815
3383,2022-12-05,6517.8765,6495.0215
3384,2022-12-06,6575.489,6500.2812
3385,2022-12-07,6605.486,6567.2314
3386,2022-12-08,6595.0107,6547.2847
3387,2022-12-09,6549.7783,6409.413
3388,2022-12-04,5997.4204,6017.0815
3389,2022-12-05,6498.714,6495.0215
3390,2022-12-06,6546.7954,6500.2812
3391,2022-12-07,6565.36,6567.2314
3392,2022-12-08,6568.692,6547.2847
3393,2022-12-09,6518.23,6409.413
3394,2022-12-10,6189.2725,6079.926
3395,2022-12-05,6507.1094,6495.0215
3396,2022-12-06,6536.623,6500.2812
3397,2022-12-07,6554.2373,6567.2314
3398,2022-12-08,6538.5283,6547.2847
3399,2022-12-09,6514.7256,6409.413
3400,2022-12-10,6202.9146,6079.926
3401,2022-12-11,6083.427,5893.915
3402,2022-12-06,6578.315,6500.2812
3403,2022-12-07,6600.2183,6567.2314
3404,2022-12-08,6579.745,6547.2847
3405,2022-12-09,6544.0327,6409.413
3406,2022-12-10,6202.6445,6079.926
3407,2022-12-11,6100.7495,5893.915
3408,2022-12-12,6545.939,6329.459
3409,2022-12-07,6557.188,6567.2314
3410,2022-12-08,6553.8535,6547.2847
3411,2022-12-09,6543.8535,6409.413
3412,2022-12-10,6199.5913,6079.926
3413,2022-12-11,6076.267,5893.915
3414,2022-12-12,6529.094,6329.459
3415,2022-12-13,6580.0425,6369.502
3416,2022-12-08,6583.0938,6547.2847
3417,2022-12-09,6559.2812,6409.413
3418,2022-12-10,6235.9355,6079.926
3419,2022-12-11,6083.0723,5893.915
3420,2022-12-12,6541.187,6329.459
3421,2022-12-13,6583.5684,6369.502
3422,2022-12-14,6574.997,6324.4077
3423,2022-12-09,6470.81,6409.413
3424,2022-12-10,6147.437,6079.926
3425,2022-12-11,6058.8535,5893.915
3426,2022-12-12,6492.241,6329.459
3427,2022-12-13,6541.295,6369.502
3428,2022-12-14,6548.439,6324.4077
3429,2022-12-15,6554.154,6311.111
3430,2022-12-10,6105.169,6079.926
3431,2022-12-11,6025.158,5893.915
3432,2022-12-12,6495.2217,6329.459
3433,2022-12-13,6524.273,6369.502
3434,2022-12-14,6541.418,6324.4077
3435,2022-12-15,6528.5596,6311.111
3436,2022-12-16,6483.792,6344.681
3437,2022-12-11,5999.555,5893.915
3438,2022-12-12,6490.9893,6329.459
3439,2022-12-13,6522.8945,6369.502
3440,2022-12-14,6520.5117,6324.4077
3441,2022-12-15,6518.131,6311.111
3442,2022-12-16,6492.8936,6344.681
3443,2022-12-17,6162.889,6104.9385
3444,2022-12-12,6445.9624,6329.459
3445,2022-12-13,6507.859,6369.502
3446,2022-12-14,6503.098,6324.4077
3447,2022-12-15,6494.5283,6311.111
3448,2022-12-16,6454.533,6344.681
3449,2022-12-17,6129.332,6104.9385
3450,2022-12-18,6020.2964,5942.305
3451,2022-12-13,6516.27,6369.502
3452,2022-12-14,6530.5537,6324.4077
3453,2022-12-15,6516.7437,6311.111
3454,2022-12-16,6496.7456,6344.681
3455,2022-12-17,6172.955,6104.9385
3456,2022-12-18,6036.297,5942.305
3457,2022-12-19,6501.983,6349.409
3458,2022-12-14,6448.7124,6324.4077
3459,2022-12-15,6467.2812,6311.111
3460,2022-12-16,6442.9995,6344.681
3461,2022-12-17,6139.2275,6104.9385
3462,2022-12-18,6037.812,5942.305
3463,2022-12-19,6496.3257,6349.409
3464,2022-12-20,6549.6523,6379.0117
3465,2022-12-15,6416.62,6311.111
3466,2022-12-16,6440.902,6344.681
3467,2022-12-17,6136.642,6104.9385
3468,2022-12-18,6008.5576,5942.305
3469,2022-12-19,6472.3296,6349.409
3470,2022-12-20,6510.4194,6379.0117
3471,2022-12-21,6497.088,6384.044
3472,2022-12-16,6358.2227,6344.681
3473,2022-12-17,6077.802,6104.9385
3474,2022-12-18,5976.8726,5942.305
3475,2022-12-19,6418.685,6349.409
3476,2022-12-20,6468.677,6379.0117
3477,2022-12-21,6487.243,6384.044
3478,2022-12-22,6467.7246,6307.7495
3479,2022-12-17,6069.925,6104.9385
3480,2022-12-18,5986.618,5942.305
3481,2022-12-19,6426.002,6349.409
3482,2022-12-20,6492.1724,6379.0117
3483,2022-12-21,6493.121,6384.044
3484,2022-12-22,6498.8364,6307.7495
3485,2022-12-23,6468.3706,6232.6724
3486,2022-12-18,5961.678,5942.305
3487,2022-12-19,6443.806,6349.409
3488,2022-12-20,6500.4443,6379.0117
3489,2022-12-21,6488.545,6384.044
3490,2022-12-22,6479.5024,6307.7495
3491,2022-12-23,6481.406,6232.6724
3492,2022-12-24,6143.4873,5943.0234
3493,2022-12-19,6412.162,6349.409
3494,2022-12-20,6482.5913,6379.0117
3495,2022-12-21,6479.739,6384.044
3496,2022-12-22,6474.5024,6307.7495
3497,2022-12-23,6467.3643,6232.6724
3498,2022-12-24,6138.524,5943.0234
3499,2022-12-25,6025.2617,5778.2866
3500,2022-12-20,6482.7827,6379.0117
3501,2022-12-21,6481.8306,6384.044
3502,2022-12-22,6466.1265,6307.7495
3503,2022-12-23,6463.2695,6232.6724
3504,2022-12-24,6131.5674,5943.0234
3505,2022-12-25,6017.824,5778.2866
3506,2022-12-26,6463.7476,5849.017
3507,2022-12-21,6420.239,6384.044
3508,2022-12-22,6421.192,6307.7495
3509,2022-12-23,6433.564,6232.6724
3510,2022-12-24,6111.4106,5943.0234
3511,2022-12-25,6013.861,5778.2866
3512,2022-12-26,6461.1636,5849.017
3513,2022-12-27,6512.554,6305.5522
3514,2022-12-22,6404.7656,6307.7495
3515,2022-12-23,6436.643,6232.6724
3516,2022-12-24,6136.8877,5943.0234
3517,2022-12-25,6014.132,5778.2866
3518,2022-12-26,6461.861,5849.017
3519,2022-12-27,6502.7793,6305.5522
3520,2022-12-28,6531.8027,6342.2563
3521,2022-12-23,6343.531,6232.6724
3522,2022-12-24,6072.3613,5943.0234
3523,2022-12-25,5989.102,5778.2866
3524,2022-12-26,6433.9233,5849.017
3525,2022-12-27,6483.875,6305.5522
3526,2022-12-28,6495.2954,6342.2563
3527,2022-12-29,6488.6343,6371.3276
