,date,pred,true
0,2021-08-07,6240.3027,6298.0215
1,2021-08-08,6066.825,5977.038
2,2021-08-09,6558.872,5975.9326
3,2021-08-10,6626.4614,6635.174
4,2021-08-11,6603.93,6613.616
5,2021-08-12,6603.931,6582.2583
6,2021-08-13,6598.0737,6528.778
7,2021-08-14,6259.2275,6198.8223
8,2021-08-15,6106.476,5983.757
9,2021-08-16,6543.55,6471.06
10,2021-08-17,6645.8364,6417.69
11,2021-08-18,6634.122,6299.402
12,2021-08-19,6617.4507,6290.715
13,2021-08-20,6601.6787,6312.497
14,2021-08-21,6235.346,6028.5933
15,2021-08-22,6085.299,5871.773
16,2021-08-23,6534.089,6335.6367
17,2021-08-24,6595.819,6306.076
18,2021-08-25,6587.7095,6286.873
19,2021-08-26,6603.9326,6360.3623
20,2021-08-27,6578.7,6458.062
21,2021-08-28,6204.255,6254.0283
22,2021-08-29,6095.6626,6040.195
23,2021-08-30,6520.5713,6356.2
24,2021-08-31,6600.779,6423.1323
25,2021-09-01,6614.2974,6493.1084
26,2021-09-02,6618.3525,6298.5425
27,2021-09-03,6603.9346,6362.3506
28,2021-09-04,6267.338,6188.2095
29,2021-09-05,6152.888,6039.7646
30,2021-09-06,6566.984,6537.5215
31,2021-09-07,6656.6523,6451.408
32,2021-09-08,6666.1143,6505.1514
33,2021-09-09,6678.2817,6636.3926
34,2021-09-10,6649.8936,6510.4546
35,2021-09-11,6256.975,6253.585
36,2021-09-12,6159.1973,6152.053
37,2021-09-13,6588.612,6474.404
38,2021-09-14,6691.7993,6517.15
39,2021-09-15,6692.7007,6618.6665
40,2021-09-16,6720.638,6681.2217
41,2021-09-17,6670.622,6699.5693
42,2021-09-18,6295.2783,6359.7954
43,2021-09-19,6176.3184,6085.813
44,2021-09-20,6598.0757,6575.688
45,2021-09-21,6696.757,6606.545
46,2021-09-22,6685.942,6620.951
47,2021-09-23,6693.602,6656.3955
48,2021-09-24,6653.949,6735.366
49,2021-09-25,6312.8506,6355.463
50,2021-09-26,6191.638,6186.116
51,2021-09-27,6600.3286,6522.6646
52,2021-09-28,6708.0205,6454.898
53,2021-09-29,6711.6255,6529.6504
54,2021-09-30,6728.2983,6377.2363
55,2021-10-01,6663.8633,6364.8223
56,2021-10-02,6300.234,5990.2646
57,2021-10-03,6217.324,5949.3384
58,2021-10-04,6645.8394,6535.559
59,2021-10-05,6720.636,6482.915
60,2021-08-08,6021.4507,5977.038
61,2021-08-09,6543.2124,5975.9326
62,2021-08-10,6566.642,6635.174
63,2021-08-11,6560.7837,6613.616
64,2021-08-12,6565.7393,6582.2583
65,2021-08-13,6553.5757,6528.778
66,2021-08-14,6177.3457,6198.8223
67,2021-08-15,6071.4624,5983.757
68,2021-08-16,6554.4775,6471.06
69,2021-08-17,6604.942,6417.69
70,2021-08-18,6572.05,6299.402
71,2021-08-19,6587.3667,6290.715
72,2021-08-20,6557.631,6312.497
73,2021-08-21,6191.7656,6028.5933
74,2021-08-22,6030.9087,5871.773
75,2021-08-23,6517.9814,6335.6367
76,2021-08-24,6569.345,6306.076
77,2021-08-25,6576.554,6286.873
78,2021-08-26,6591.873,6360.3623
79,2021-08-27,6545.0127,6458.062
80,2021-08-28,6180.951,6254.0283
81,2021-08-29,6056.1426,6040.195
82,2021-08-30,6553.1226,6356.2
83,2021-08-31,6614.852,6423.1323
84,2021-09-01,6626.118,6493.1084
85,2021-09-02,6619.359,6298.5425
86,2021-09-03,6548.1675,6362.3506
87,2021-09-04,6207.0845,6188.2095
88,2021-09-05,6104.803,6039.7646
89,2021-09-06,6573.4,6537.5215
90,2021-09-07,6634.2275,6451.408
91,2021-09-08,6618.0063,6505.1514
92,2021-09-09,6642.7886,6636.3926
93,2021-09-10,6602.237,6510.4546
94,2021-09-11,6230.514,6253.585
95,2021-09-12,6147.607,6152.053
96,2021-09-13,6586.4663,6474.404
97,2021-09-14,6655.855,6517.15
98,2021-09-15,6648.6455,6618.6665
99,2021-09-16,6640.986,6681.2217
100,2021-09-17,6594.578,6699.5693
101,2021-09-18,6219.701,6359.7954
102,2021-09-19,6116.0684,6085.813
103,2021-09-20,6585.5654,6575.688
104,2021-09-21,6626.1167,6606.545
105,2021-09-22,6623.4146,6620.951
106,2021-09-23,6631.074,6656.3955
107,2021-09-24,6572.4995,6735.366
108,2021-09-25,6202.5796,6355.463
109,2021-09-26,6139.4985,6186.116
110,2021-09-27,6615.755,6522.6646
111,2021-09-28,6657.659,6454.898
112,2021-09-29,6645.041,6529.6504
113,2021-09-30,6645.041,6377.2363
114,2021-10-01,6606.2905,6364.8223
115,2021-10-02,6240.875,5990.2646
116,2021-10-03,6166.984,5949.3384
117,2021-10-04,6623.8643,6535.559
118,2021-10-05,6681.5376,6482.915
119,2021-10-06,6685.5913,6573.054
120,2021-08-09,6422.1436,5975.9326
121,2021-08-10,6504.596,6635.174
122,2021-08-11,6517.661,6613.616
123,2021-08-12,6525.7695,6582.2583
124,2021-08-13,6497.386,6528.778
125,2021-08-14,6153.6177,6198.8223
126,2021-08-15,6036.9233,5983.757
127,2021-08-16,6465.8457,6471.06
128,2021-08-17,6523.0684,6417.69
129,2021-08-18,6557.31,6299.402
130,2021-08-19,6565.8706,6290.715
131,2021-08-20,6502.794,6312.497
132,2021-08-21,6174.793,6028.5933
133,2021-08-22,6037.3745,5871.773
134,2021-08-23,6460.8906,6335.6367
135,2021-08-24,6525.32,6306.076
136,2021-08-25,6555.959,6286.873
137,2021-08-26,6559.1133,6360.3623
138,2021-08-27,6508.65,6458.062
139,2021-08-28,6168.935,6254.0283
140,2021-08-29,6076.572,6040.195
141,2021-08-30,6512.705,6356.2
142,2021-08-31,6574.8823,6423.1323
143,2021-09-01,6575.783,6493.1084
144,2021-09-02,6572.6274,6298.5425
145,2021-09-03,6536.585,6362.3506
146,2021-09-04,6200.4746,6188.2095
147,2021-09-05,6131.089,6039.7646
148,2021-09-06,6552.355,6537.5215
149,2021-09-07,6606.869,6451.408
150,2021-09-08,6636.1543,6505.1514
151,2021-09-09,6645.1655,6636.3926
152,2021-09-10,6613.631,6510.4546
153,2021-09-11,6270.759,6253.585
154,2021-09-12,6191.0093,6152.053
155,2021-09-13,6608.6714,6474.404
156,2021-09-14,6692.926,6517.15
157,2021-09-15,6703.2876,6618.6665
158,2021-09-16,6708.243,6681.2217
159,2021-09-17,6670.398,6699.5693
160,2021-09-18,6326.628,6359.7954
161,2021-09-19,6233.815,6085.813
162,2021-09-20,6648.322,6575.688
163,2021-09-21,6714.1006,6606.545
164,2021-09-22,6698.784,6620.951
165,2021-09-23,6717.255,6656.3955
166,2021-09-24,6656.4307,6735.366
167,2021-09-25,6312.2104,6355.463
168,2021-09-26,6240.122,6186.116
169,2021-09-27,6668.5967,6522.6646
170,2021-09-28,6731.223,6454.898
171,2021-09-29,6751.047,6529.6504
172,2021-09-30,6746.5425,6377.2363
173,2021-10-01,6670.848,6364.8223
174,2021-10-02,6325.2744,5990.2646
175,2021-10-03,6250.9346,5949.3384
176,2021-10-04,6679.408,6535.559
177,2021-10-05,6760.056,6482.915
178,2021-10-06,6743.3857,6573.054
179,2021-10-07,6719.959,6612.238
180,2021-08-10,6414.091,6635.174
181,2021-08-11,6433.013,6613.616
182,2021-08-12,6407.781,6582.2583
183,2021-08-13,6425.3535,6528.778
184,2021-08-14,6338.3975,6198.8223
185,2021-08-15,6045.085,5983.757
186,2021-08-16,6018.953,6471.06
187,2021-08-17,6468.155,6417.69
188,2021-08-18,6483.0225,6299.402
189,2021-08-19,6469.5073,6290.715
190,2021-08-20,6494.739,6312.497
191,2021-08-21,6428.5083,6028.5933
192,2021-08-22,6120.3286,5871.773
193,2021-08-23,6087.8867,6335.6367
194,2021-08-24,6512.3105,6306.076
195,2021-08-25,6516.365,6286.873
196,2021-08-26,6506.453,6360.3623
197,2021-08-27,6507.804,6458.062
198,2021-08-28,6437.0654,6254.0283
199,2021-08-29,6117.625,6040.195
200,2021-08-30,6116.2725,6356.2
201,2021-08-31,6515.0137,6423.1323
202,2021-09-01,6538.8926,6493.1084
203,2021-09-02,6520.4204,6298.5425
204,2021-09-03,6550.609,6362.3506
205,2021-09-04,6510.959,6188.2095
206,2021-09-05,6209.0874,6039.7646
207,2021-09-06,6193.3164,6537.5215
208,2021-09-07,6608.279,6451.408
209,2021-09-08,6643.8735,6505.1514
210,2021-09-09,6601.0684,6636.3926
211,2021-09-10,6631.7075,6510.4546
212,2021-09-11,6531.6836,6253.585
213,2021-09-12,6216.2964,6152.053
214,2021-09-13,6219.4487,6474.404
215,2021-09-14,6599.2656,6517.15
216,2021-09-15,6622.697,6618.6665
217,2021-09-16,6631.257,6681.2217
218,2021-09-17,6603.3223,6699.5693
219,2021-09-18,6529.881,6359.7954
220,2021-09-19,6228.0107,6085.813
221,2021-09-20,6233.8667,6575.688
222,2021-09-21,6592.959,6606.545
223,2021-09-22,6635.3125,6620.951
224,2021-09-23,6632.609,6656.3955
225,2021-09-24,6616.389,6735.366
226,2021-09-25,6505.101,6355.463
227,2021-09-26,6228.4614,6186.116
228,2021-09-27,6230.7144,6522.6646
229,2021-09-28,6603.772,6454.898
230,2021-09-29,6637.5625,6529.6504
231,2021-09-30,6609.179,6377.2363
232,2021-10-01,6610.5317,6364.8223
233,2021-10-02,6521.77,5990.2646
234,2021-10-03,6222.6035,5949.3384
235,2021-10-04,6244.2295,6535.559
236,2021-10-05,6645.6724,6482.915
237,2021-10-06,6688.9263,6573.054
238,2021-10-07,6669.102,6612.238
239,2021-10-08,6670.004,6713.7734
240,2021-08-11,6592.814,6613.616
241,2021-08-12,6546.8555,6582.2583
242,2021-08-13,6559.023,6528.778
243,2021-08-14,6469.8076,6198.8223
244,2021-08-15,6103.04,5983.757
245,2021-08-16,6075.554,6471.06
246,2021-08-17,6579.2974,6417.69
247,2021-08-18,6578.3975,6299.402
248,2021-08-19,6578.8486,6290.715
249,2021-08-20,6579.7485,6312.497
250,2021-08-21,6513.513,6028.5933
251,2021-08-22,6160.714,5871.773
252,2021-08-23,6112.953,6335.6367
253,2021-08-24,6575.241,6306.076
254,2021-08-25,6603.1777,6286.873
255,2021-08-26,6620.75,6360.3623
256,2021-08-27,6641.478,6458.062
257,2021-08-28,6549.5605,6254.0283
258,2021-08-29,6202.167,6040.195
259,2021-08-30,6151.252,6356.2
260,2021-08-31,6583.804,6423.1323
261,2021-09-01,6614.444,6493.1084
262,2021-09-02,6617.1475,6298.5425
263,2021-09-03,6611.7393,6362.3506
264,2021-09-04,6552.2637,6188.2095
265,2021-09-05,6224.244,6039.7646
266,2021-09-06,6194.055,6537.5215
267,2021-09-07,6613.9917,6451.408
268,2021-09-08,6646.884,6505.1514
269,2021-09-09,6648.687,6636.3926
270,2021-09-10,6652.2905,6510.4546
271,2021-09-11,6592.8154,6253.585
272,2021-09-12,6259.84,6152.053
273,2021-09-13,6220.188,6474.404
274,2021-09-14,6651.8394,6517.15
275,2021-09-15,6686.534,6618.6665
276,2021-09-16,6690.5894,6681.2217
277,2021-09-17,6696.4473,6699.5693
278,2021-09-18,6623.4526,6359.7954
279,2021-09-19,6272.908,6085.813
280,2021-09-20,6228.7515,6575.688
281,2021-09-21,6657.246,6606.545
282,2021-09-22,6690.1387,6620.951
283,2021-09-23,6693.294,6656.3955
284,2021-09-24,6679.775,6735.366
285,2021-09-25,6581.552,6355.463
286,2021-09-26,6227.851,6186.116
287,2021-09-27,6196.759,6522.6646
288,2021-09-28,6654.092,6454.898
289,2021-09-29,6669.8643,6529.6504
290,2021-09-30,6698.7007,6377.2363
291,2021-10-01,6711.7656,6364.8223
292,2021-10-02,6627.962,5990.2646
293,2021-10-03,6295.8877,5949.3384
294,2021-10-04,6282.82,6535.559
295,2021-10-05,6709.065,6482.915
296,2021-10-06,6765.3857,6573.054
297,2021-10-07,6750.067,6612.238
298,2021-10-08,6727.54,6713.7734
299,2021-10-09,6644.6343,6439.4873
300,2021-08-12,6607.5874,6582.2583
301,2021-08-13,6587.7617,6528.778
302,2021-08-14,6514.763,6198.8223
303,2021-08-15,6159.2407,5983.757
304,2021-08-16,6125.895,6471.06
305,2021-08-17,6577.397,6417.69
306,2021-08-18,6582.8037,6299.402
307,2021-08-19,6585.0576,6290.715
308,2021-08-20,6585.958,6312.497
309,2021-08-21,6555.768,6028.5933
310,2021-08-22,6193.937,5871.773
311,2021-08-23,6120.939,6335.6367
312,2021-08-24,6576.947,6306.076
313,2021-08-25,6598.575,6286.873
314,2021-08-26,6611.1934,6360.3623
315,2021-08-27,6595.4214,6458.062
316,2021-08-28,6558.4717,6254.0283
317,2021-08-29,6207.455,6040.195
318,2021-08-30,6132.6543,6356.2
319,2021-08-31,6535.9404,6423.1323
320,2021-09-01,6577.8467,6493.1084
321,2021-09-02,6560.723,6298.5425
322,2021-09-03,6561.623,6362.3506
323,2021-09-04,6528.281,6188.2095
324,2021-09-05,6228.1816,6039.7646
325,2021-09-06,6178.1655,6537.5215
326,2021-09-07,6582.352,6451.408
327,2021-09-08,6631.018,6505.1514
328,2021-09-09,6649.9424,6636.3926
329,2021-09-10,6634.622,6510.4546
330,2021-09-11,6588.661,6253.585
331,2021-09-12,6260.174,6152.053
332,2021-09-13,6202.4976,6474.404
333,2021-09-14,6627.4126,6517.15
334,2021-09-15,6672.0225,6618.6665
335,2021-09-16,6666.6143,6681.2217
336,2021-09-17,6663.01,6699.5693
337,2021-09-18,6592.717,6359.7954
338,2021-09-19,6274.1406,6085.813
339,2021-09-20,6215.115,6575.688
340,2021-09-21,6611.642,6606.545
341,2021-09-22,6680.5845,6620.951
342,2021-09-23,6673.3755,6656.3955
343,2021-09-24,6652.197,6735.366
344,2021-09-25,6585.957,6355.463
345,2021-09-26,6264.2285,6186.116
346,2021-09-27,6227.2812,6522.6646
347,2021-09-28,6597.223,6454.898
348,2021-09-29,6655.3506,6529.6504
349,2021-09-30,6674.2744,6377.2363
350,2021-10-01,6632.819,6364.8223
351,2021-10-02,6561.174,5990.2646
352,2021-10-03,6244.8535,5949.3384
353,2021-10-04,6221.873,6535.559
354,2021-10-05,6596.772,6482.915
355,2021-10-06,6657.6045,6573.054
356,2021-10-07,6651.7456,6612.238
357,2021-10-08,6641.8325,6713.7734
358,2021-10-09,6574.694,6439.4873
359,2021-10-10,6245.7544,6257.1685
360,2021-08-13,6593.4414,6528.778
361,2021-08-14,6530.355,6198.8223
362,2021-08-15,6148.68,5983.757
363,2021-08-16,6042.3374,6471.06
364,2021-08-17,6565.503,6417.69
365,2021-08-18,6606.96,6299.402
366,2021-08-19,6587.583,6290.715
367,2021-08-20,6597.0464,6312.497
368,2021-08-21,6582.627,6028.5933
369,2021-08-22,6199.1504,5871.773
370,2021-08-23,6060.36,6335.6367
371,2021-08-24,6570.4595,6306.076
372,2021-08-25,6605.1567,6286.873
373,2021-08-26,6586.681,6360.3623
374,2021-08-27,6593.892,6458.062
375,2021-08-28,6565.953,6254.0283
376,2021-08-29,6176.62,6040.195
377,2021-08-30,6063.5156,6356.2
378,2021-08-31,6562.7993,6423.1323
379,2021-09-01,6604.707,6493.1084
380,2021-09-02,6602.453,6298.5425
381,2021-09-03,6604.256,6362.3506
382,2021-09-04,6563.7,6188.2095
383,2021-09-05,6175.7183,6039.7646
384,2021-09-06,6104.9707,6537.5215
385,2021-09-07,6589.385,6451.408
386,2021-09-08,6618.676,6505.1514
387,2021-09-09,6627.2373,6636.3926
388,2021-09-10,6630.8423,6510.4546
389,2021-09-11,6617.775,6253.585
390,2021-09-12,6243.761,6152.053
391,2021-09-13,6168.0566,6474.404
392,2021-09-14,6655.627,6517.15
393,2021-09-15,6689.4224,6618.6665
394,2021-09-16,6679.9595,6681.2217
395,2021-09-17,6684.4663,6699.5693
396,2021-09-18,6635.799,6359.7954
397,2021-09-19,6249.1694,6085.813
398,2021-09-20,6149.584,6575.688
399,2021-09-21,6649.3184,6606.545
400,2021-09-22,6687.6206,6620.951
401,2021-09-23,6679.51,6656.3955
402,2021-09-24,6671.399,6735.366
403,2021-09-25,6616.8735,6355.463
404,2021-09-26,6240.6074,6186.116
405,2021-09-27,6173.015,6522.6646
406,2021-09-28,6650.219,6454.898
407,2021-09-29,6693.93,6529.6504
408,2021-09-30,6685.3677,6377.2363
409,2021-10-01,6680.4106,6364.8223
410,2021-10-02,6627.239,5990.2646
411,2021-10-03,6269.898,5949.3384
412,2021-10-04,6200.502,6535.559
413,2021-10-05,6675.4536,6482.915
414,2021-10-06,6728.177,6573.054
415,2021-10-07,6706.997,6612.238
416,2021-10-08,6692.5776,6713.7734
417,2021-10-09,6662.3857,6439.4873
418,2021-10-10,6269.4473,6257.1685
419,2021-10-11,6203.206,6658.779
420,2021-08-14,6417.573,6198.8223
421,2021-08-15,6091.7583,5983.757
422,2021-08-16,6036.781,6471.06
423,2021-08-17,6533.84,6417.69
424,2021-08-18,6544.655,6299.402
425,2021-08-19,6528.4316,6290.715
426,2021-08-20,6537.445,6312.497
427,2021-08-21,6485.621,6028.5933
428,2021-08-22,6135.47,5871.773
429,2021-08-23,6058.411,6335.6367
430,2021-08-24,6516.264,6306.076
431,2021-08-25,6544.655,6286.873
432,2021-08-26,6543.753,6360.3623
433,2021-08-27,6567.186,6458.062
434,2021-08-28,6511.3066,6254.0283
435,2021-08-29,6112.0356,6040.195
436,2021-08-30,6041.2876,6356.2
437,2021-08-31,6518.0654,6423.1323
438,2021-09-01,6553.666,6493.1084
439,2021-09-02,6538.3457,6298.5425
440,2021-09-03,6552.3154,6362.3506
441,2021-09-04,6522.122,6188.2095
442,2021-09-05,6171.0713,6039.7646
443,2021-09-06,6124.2036,6537.5215
444,2021-09-07,6604.142,6451.408
445,2021-09-08,6632.531,6505.1514
446,2021-09-09,6628.4746,6636.3926
447,2021-09-10,6607.7456,6510.4546
448,2021-09-11,6573.0444,6253.585
449,2021-09-12,6211.6274,6152.053
450,2021-09-13,6138.1733,6474.404
451,2021-09-14,6619.9106,6517.15
452,2021-09-15,6654.6113,6618.6665
453,2021-09-16,6623.5176,6681.2217
454,2021-09-17,6614.055,6699.5693
455,2021-09-18,6550.5117,6359.7954
456,2021-09-19,6176.4775,6085.813
457,2021-09-20,6116.9937,6575.688
458,2021-09-21,6598.2812,6606.545
459,2021-09-22,6635.6846,6620.951
460,2021-09-23,6632.98,6656.3955
461,2021-09-24,6607.744,6735.366
462,2021-09-25,6532.9375,6355.463
463,2021-09-26,6166.1123,6186.116
464,2021-09-27,6117.444,6522.6646
465,2021-09-28,6572.595,6454.898
466,2021-09-29,6613.6045,6529.6504
467,2021-09-30,6605.041,6377.2363
468,2021-10-01,6619.4614,6364.8223
469,2021-10-02,6549.1606,5990.2646
470,2021-10-03,6187.744,5949.3384
471,2021-10-04,6131.4146,6535.559
472,2021-10-05,6617.6587,6482.915
473,2021-10-06,6667.23,6573.054
474,2021-10-07,6638.3877,6612.238
475,2021-10-08,6625.319,6713.7734
476,2021-10-09,6560.428,6439.4873
477,2021-10-10,6209.3745,6257.1685
478,2021-10-11,6144.9336,6658.779
479,2021-10-12,6620.3623,6885.4077
480,2021-08-15,5968.5215,5983.757
481,2021-08-16,6203.29,6471.06
482,2021-08-17,6510.6113,6417.69
483,2021-08-18,6529.087,6299.402
484,2021-08-19,6520.5254,6290.715
485,2021-08-20,6532.2417,6312.497
486,2021-08-21,6311.438,6028.5933
487,2021-08-22,6038.3643,5871.773
488,2021-08-23,6247.0015,6335.6367
489,2021-08-24,6514.2163,6306.076
490,2021-08-25,6517.3706,6286.873
491,2021-08-26,6515.5684,6360.3623
492,2021-08-27,6501.5986,6458.062
493,2021-08-28,6305.129,6254.0283
494,2021-08-29,6060.895,6040.195
495,2021-08-30,6269.08,6356.2
496,2021-08-31,6546.661,6423.1323
497,2021-09-01,6539.0015,6493.1084
498,2021-09-02,6543.0566,6298.5425
499,2021-09-03,6535.846,6362.3506
500,2021-09-04,6370.469,6188.2095
501,2021-09-05,6129.8394,6039.7646
502,2021-09-06,6310.088,6537.5215
503,2021-09-07,6579.1064,6451.408
504,2021-09-08,6611.1006,6505.1514
505,2021-09-09,6628.2246,6636.3926
506,2021-09-10,6602.5396,6510.4546
507,2021-09-11,6418.6855,6253.585
508,2021-09-12,6179.8574,6152.053
509,2021-09-13,6320.0,6474.404
510,2021-09-14,6597.1313,6517.15
511,2021-09-15,6636.3364,6618.6665
512,2021-09-16,6621.916,6681.2217
513,2021-09-17,6602.5396,6699.5693
514,2021-09-18,6372.2715,6359.7954
515,2021-09-19,6133.444,6085.813
516,2021-09-20,6324.956,6575.688
517,2021-09-21,6575.9526,6606.545
518,2021-09-22,6597.132,6620.951
519,2021-09-23,6594.878,6656.3955
520,2021-09-24,6582.712,6735.366
521,2021-09-25,6395.253,6355.463
522,2021-09-26,6140.654,6186.116
523,2021-09-27,6321.803,6522.6646
524,2021-09-28,6598.033,6454.898
525,2021-09-29,6621.014,6529.6504
526,2021-09-30,6657.0645,6377.2363
527,2021-10-01,6630.0273,6364.8223
528,2021-10-02,6444.3706,5990.2646
529,2021-10-03,6218.611,5949.3384
530,2021-10-04,6392.0996,6535.559
531,2021-10-05,6657.065,6482.915
532,2021-10-06,6672.3857,6573.054
533,2021-10-07,6649.8545,6612.238
534,2021-10-08,6623.268,6713.7734
535,2021-10-09,6424.0938,6439.4873
536,2021-10-10,6177.6055,6257.1685
537,2021-10-11,6358.3027,6658.779
538,2021-10-12,6609.7485,6885.4077
539,2021-10-13,6647.602,6904.2583
540,2021-08-16,6061.7246,6471.06
541,2021-08-17,6487.5625,6417.69
542,2021-08-18,6512.7974,6299.402
543,2021-08-19,6524.063,6290.715
544,2021-08-20,6525.415,6312.497
545,2021-08-21,6424.475,6028.5933
546,2021-08-22,6119.4043,5871.773
547,2021-08-23,6145.5396,6335.6367
548,2021-08-24,6525.8657,6306.076
549,2021-08-25,6547.045,6286.873
550,2021-08-26,6556.959,6360.3623
551,2021-08-27,6571.378,6458.062
552,2021-08-28,6467.735,6254.0283
553,2021-08-29,6150.0464,6040.195
554,2021-08-30,6177.985,6356.2
555,2021-08-31,6547.946,6423.1323
556,2021-09-01,6568.674,6493.1084
557,2021-09-02,6569.5757,6298.5425
558,2021-09-03,6566.872,6362.3506
559,2021-09-04,6491.166,6188.2095
560,2021-09-05,6205.0215,6039.7646
561,2021-09-06,6248.281,6537.5215
562,2021-09-07,6601.5693,6451.408
563,2021-09-08,6620.494,6505.1514
564,2021-09-09,6626.8037,6636.3926
565,2021-09-10,6626.353,6510.4546
566,2021-09-11,6510.544,6253.585
567,2021-09-12,6210.43,6152.053
568,2021-09-13,6259.0967,6474.404
569,2021-09-14,6643.4775,6517.15
570,2021-09-15,6696.2,6618.6665
571,2021-09-16,6680.429,6681.2217
572,2021-09-17,6674.12,6699.5693
573,2021-09-18,6539.834,6359.7954
574,2021-09-19,6240.621,6085.813
575,2021-09-20,6261.35,6575.688
576,2021-09-21,6660.1504,6606.545
577,2021-09-22,6687.1875,6620.951
578,2021-09-23,6666.459,6656.3955
579,2021-09-24,6662.4033,6735.366
580,2021-09-25,6536.679,6355.463
581,2021-09-26,6221.696,6186.116
582,2021-09-27,6266.759,6522.6646
583,2021-09-28,6646.181,6454.898
584,2021-09-29,6676.373,6529.6504
585,2021-09-30,6662.404,6377.2363
586,2021-10-01,6625.9043,6364.8223
587,2021-10-02,6500.18,5990.2646
588,2021-10-03,6208.177,5949.3384
589,2021-10-04,6231.1587,6535.559
590,2021-10-05,6600.6675,6482.915
591,2021-10-06,6638.9707,6573.054
592,2021-10-07,6657.447,6612.238
593,2021-10-08,6607.4277,6713.7734
594,2021-10-09,6476.748,6439.4873
595,2021-10-10,6186.0967,6257.1685
596,2021-10-11,6215.3877,6658.779
597,2021-10-12,6588.0513,6885.4077
598,2021-10-13,6639.8726,6904.2583
599,2021-10-14,6627.255,6975.4473
600,2021-08-17,6554.266,6417.69
601,2021-08-18,6544.352,6299.402
602,2021-08-19,6565.5327,6290.715
603,2021-08-20,6537.5913,6312.497
604,2021-08-21,6156.2886,6028.5933
605,2021-08-22,6019.2715,5871.773
606,2021-08-23,6540.2944,6335.6367
607,2021-08-24,6557.8726,6306.076
608,2021-08-25,6545.2544,6286.873
609,2021-08-26,6550.6606,6360.3623
610,2021-08-27,6552.464,6458.062
611,2021-08-28,6144.5684,6254.0283
612,2021-08-29,6026.4814,6040.195
613,2021-08-30,6518.66,6356.2
614,2021-08-31,6554.2656,6423.1323
615,2021-09-01,6527.226,6493.1084
616,2021-09-02,6536.6895,6298.5425
617,2021-09-03,6530.377,6362.3506
618,2021-09-04,6137.8076,6188.2095
619,2021-09-05,6082.371,6039.7646
620,2021-09-06,6557.4194,6537.5215
621,2021-09-07,6587.17,6451.408
622,2021-09-08,6593.478,6505.1514
623,2021-09-09,6602.042,6636.3926
624,2021-09-10,6577.701,6510.4546
625,2021-09-11,6203.16,6253.585
626,2021-09-12,6138.71,6152.053
627,2021-09-13,6634.493,6474.404
628,2021-09-14,6661.987,6517.15
629,2021-09-15,6655.2256,6618.6665
630,2021-09-16,6648.4663,6681.2217
631,2021-09-17,6617.365,6699.5693
632,2021-09-18,6241.4717,6359.7954
633,2021-09-19,6121.585,6085.813
634,2021-09-20,6597.0845,6575.688
635,2021-09-21,6643.9595,6606.545
636,2021-09-22,6633.1406,6620.951
637,2021-09-23,6630.889,6656.3955
638,2021-09-24,6565.5337,6735.366
639,2021-09-25,6188.7393,6355.463
640,2021-09-26,6116.174,6186.116
641,2021-09-27,6596.635,6522.6646
642,2021-09-28,6653.8765,6454.898
643,2021-09-29,6654.3267,6529.6504
644,2021-09-30,6651.62,6377.2363
645,2021-10-01,6596.1846,6364.8223
646,2021-10-02,6199.556,5990.2646
647,2021-10-03,6139.1606,5949.3384
648,2021-10-04,6631.3394,6535.559
649,2021-10-05,6668.297,6482.915
650,2021-10-06,6671.9033,6573.054
651,2021-10-07,6644.4106,6612.238
652,2021-10-08,6554.7183,6713.7734
653,2021-10-09,6201.3574,6439.4873
654,2021-10-10,6147.274,6257.1685
655,2021-10-11,6604.295,6658.779
656,2021-10-12,6679.5645,6885.4077
657,2021-10-13,6653.425,6904.2583
658,2021-10-14,6645.7627,6975.4473
659,2021-10-15,6560.578,6928.0503
660,2021-08-18,6451.8813,6299.402
661,2021-08-19,6516.7886,6290.715
662,2021-08-20,6515.8843,6312.497
663,2021-08-21,6138.616,6028.5933
664,2021-08-22,5979.5063,5871.773
665,2021-08-23,6443.767,6335.6367
666,2021-08-24,6456.84,6306.076
667,2021-08-25,6458.1914,6286.873
668,2021-08-26,6490.1943,6360.3623
669,2021-08-27,6477.1226,6458.062
670,2021-08-28,6114.2783,6254.0283
671,2021-08-29,5978.6025,6040.195
672,2021-08-30,6423.483,6356.2
673,2021-08-31,6475.3184,6423.1323
674,2021-09-01,6455.487,6493.1084
675,2021-09-02,6481.6274,6298.5425
676,2021-09-03,6483.8823,6362.3506
677,2021-09-04,6135.01,6188.2095
678,2021-09-05,6028.638,6039.7646
679,2021-09-06,6454.135,6537.5215
680,2021-09-07,6516.786,6451.408
681,2021-09-08,6535.7173,6505.1514
682,2021-09-09,6542.929,6636.3926
683,2021-09-10,6530.761,6510.4546
684,2021-09-11,6198.5664,6253.585
685,2021-09-12,6104.3594,6152.053
686,2021-09-13,6522.196,6474.404
687,2021-09-14,6607.3867,6517.15
688,2021-09-15,6605.582,6618.6665
689,2021-09-16,6590.2593,6681.2217
690,2021-09-17,6578.0874,6699.5693
691,2021-09-18,6225.6113,6359.7954
692,2021-09-19,6094.446,6085.813
693,2021-09-20,6528.058,6575.688
694,2021-09-21,6609.6406,6606.545
695,2021-09-22,7438.0967,6620.951
696,2021-09-23,7451.619,6656.3955
697,2021-09-24,7418.7144,6735.366
698,2021-09-25,7076.1543,6355.463
699,2021-09-26,6970.2305,6186.116
700,2021-09-27,7416.9136,6522.6646
701,2021-09-28,7468.2983,6454.898
702,2021-09-29,7457.0293,6529.6504
703,2021-09-30,7432.6895,6377.2363
704,2021-10-01,7380.853,6364.8223
705,2021-10-02,7063.985,5990.2646
706,2021-10-03,6990.062,5949.3384
707,2021-10-04,7385.814,6535.559
708,2021-10-05,7444.408,6482.915
709,2021-10-06,7440.3525,6573.054
710,2021-10-07,7434.4937,6612.238
711,2021-10-08,7378.1514,6713.7734
712,2021-10-09,6209.833,6439.4873
713,2021-10-10,6996.3735,6257.1685
714,2021-10-11,7418.264,6658.779
715,2021-10-12,7484.5225,6885.4077
716,2021-10-13,7467.3945,6904.2583
717,2021-10-14,7482.72,6975.4473
718,2021-10-15,7431.3374,6928.0503
719,2021-10-16,7096.437,6626.86
720,2021-08-19,6388.392,6290.715
721,2021-08-20,6376.6714,6312.497
722,2021-08-21,6057.5454,6028.5933
723,2021-08-22,5932.2393,5871.773
724,2021-08-23,6388.391,6335.6367
725,2021-08-24,6434.3677,6306.076
726,2021-08-25,6437.523,6286.873
727,2021-08-26,6456.004,6360.3623
728,2021-08-27,6415.886,6458.062
729,2021-08-28,6083.687,6254.0283
730,2021-08-29,5975.5093,6040.195
731,2021-08-30,6436.62,6356.2
732,2021-08-31,6482.5957,6423.1323
733,2021-09-01,6464.5684,6493.1084
734,2021-09-02,6469.525,6298.5425
735,2021-09-03,6435.2686,6362.3506
736,2021-09-04,6125.6064,6188.2095
737,2021-09-05,6034.109,6039.7646
738,2021-09-06,6478.09,6537.5215
739,2021-09-07,6533.533,6451.408
740,2021-09-08,6527.219,6505.1514
741,2021-09-09,6518.207,6636.3926
742,2021-09-10,6473.581,6510.4546
743,2021-09-11,6153.103,6253.585
744,2021-09-12,6063.8555,6152.053
745,2021-09-13,6513.698,6474.404
746,2021-09-14,6563.7314,6517.15
747,2021-09-15,6576.351,6618.6665
748,2021-09-16,6580.408,6681.2217
749,2021-09-17,6526.7676,6699.5693
750,2021-09-18,6177.892,6359.7954
751,2021-09-19,6069.715,6085.813
752,2021-09-20,6521.811,6575.688
753,2021-09-21,6577.703,6606.545
754,2021-09-22,6563.7305,6620.951
755,2021-09-23,6550.209,6656.3955
756,2021-09-24,6503.7837,6735.366
757,2021-09-25,6149.497,6355.463
758,2021-09-26,6060.7007,6186.116
759,2021-09-27,6513.247,6522.6646
760,2021-09-28,6565.983,6454.898
761,2021-09-29,6546.1514,6529.6504
762,2021-09-30,6540.7417,6377.2363
763,2021-10-01,6480.342,6364.8223
764,2021-10-02,6145.4404,5990.2646
765,2021-10-03,6071.0674,5949.3384
766,2021-10-04,6532.629,6535.559
767,2021-10-05,6569.1406,6482.915
768,2021-10-06,6556.0664,6573.054
769,2021-10-07,6552.0107,6612.238
770,2021-10-08,6482.5967,6713.7734
771,2021-10-09,6146.3433,6439.4873
772,2021-10-10,6062.503,6257.1685
773,2021-10-11,6537.5864,6658.779
774,2021-10-12,6579.956,6885.4077
775,2021-10-13,6578.154,6904.2583
776,2021-10-14,6554.2656,6975.4473
777,2021-10-15,6497.471,6928.0503
778,2021-10-16,6149.948,6626.86
779,2021-10-17,6069.265,6271.2397
780,2021-08-20,6317.5684,6312.497
781,2021-08-21,6016.9277,6028.5933
782,2021-08-22,5905.594,5871.773
783,2021-08-23,6383.379,6335.6367
784,2021-08-24,6428.0015,6306.076
785,2021-08-25,6428.902,6286.873
786,2021-08-26,6446.931,6360.3623
787,2021-08-27,6414.929,6458.062
788,2021-08-28,6059.2954,6254.0283
789,2021-08-29,5957.4307,6040.195
790,2021-08-30,6440.1694,6356.2
791,2021-08-31,6460.904,6423.1323
792,2021-09-01,6465.4136,6493.1084
793,2021-09-02,6471.7236,6298.5425
794,2021-09-03,6457.7505,6362.3506
795,2021-09-04,6097.608,6188.2095
796,2021-09-05,6033.154,6039.7646
797,2021-09-06,6497.8643,6537.5215
798,2021-09-07,6538.4326,6451.408
799,2021-09-08,6521.304,6505.1514
800,2021-09-09,6505.08,6636.3926
801,2021-09-10,6472.175,6510.4546
802,2021-09-11,6116.5405,6253.585
803,2021-09-12,6045.324,6152.053
804,2021-09-13,6528.517,6474.404
805,2021-09-14,6570.435,6517.15
806,2021-09-15,6558.716,6618.6665
807,2021-09-16,6566.377,6681.2217
808,2021-09-17,6519.0513,6699.5693
809,2021-09-18,6160.2617,6359.7954
810,2021-09-19,6081.385,6085.813
811,2021-09-20,6547.4473,6575.688
812,2021-09-21,6582.6045,6606.545
813,2021-09-22,6586.661,6620.951
814,2021-09-23,6580.8013,6656.3955
815,2021-09-24,6499.668,6735.366
816,2021-09-25,6153.5015,6355.463
817,2021-09-26,6091.299,6186.116
818,2021-09-27,6547.898,6522.6646
819,2021-09-28,6592.9727,6454.898
820,2021-09-29,6584.8594,6529.6504
821,2021-09-30,6545.196,6377.2363
822,2021-10-01,6449.185,6364.8223
823,2021-10-02,6120.5967,5990.2646
824,2021-10-03,6080.4805,5949.3384
825,2021-10-04,6543.39,6535.559
826,2021-10-05,6551.053,6482.915
827,2021-10-06,6551.503,6573.054
828,2021-10-07,6541.1367,6612.238
829,2021-10-08,6447.3813,6713.7734
830,2021-10-09,6107.5264,6439.4873
831,2021-10-10,6071.465,6257.1685
832,2021-10-11,6524.0073,6658.779
833,2021-10-12,6547.898,6885.4077
834,2021-10-13,6546.5444,6904.2583
835,2021-10-14,6535.2764,6975.4473
836,2021-10-15,6450.088,6928.0503
837,2021-10-16,6116.9907,6626.86
838,2021-10-17,6099.412,6271.2397
839,2021-10-18,6548.7993,6581.867
840,2021-08-21,5996.0684,6028.5933
841,2021-08-22,5874.8213,5871.773
842,2021-08-23,6356.6494,6335.6367
843,2021-08-24,6394.0645,6306.076
844,2021-08-25,6400.373,6286.873
845,2021-08-26,6440.487,6360.3623
846,2021-08-27,6409.839,6458.062
847,2021-08-28,6065.93,6254.0283
848,2021-08-29,5946.035,6040.195
849,2021-08-30,6423.81,6356.2
850,2021-08-31,6473.842,6423.1323
851,2021-09-01,6462.5737,6493.1084
852,2021-09-02,6486.9126,6298.5425
853,2021-09-03,6458.966,6362.3506
854,2021-09-04,6112.8076,6188.2095
855,2021-09-05,6026.264,6039.7646
856,2021-09-06,6460.321,6537.5215
857,2021-09-07,6505.8438,6451.408
858,2021-09-08,6513.9575,6505.1514
859,2021-09-09,6518.9126,6636.3926
860,2021-09-10,6485.561,6510.4546
861,2021-09-11,6121.82,6253.585
862,2021-09-12,6032.575,6152.053
863,2021-09-13,6475.194,6474.404
864,2021-09-14,6532.885,6517.15
865,2021-09-15,6534.6904,6618.6665
866,2021-09-16,6522.52,6681.2217
867,2021-09-17,6491.87,6699.5693
868,2021-09-18,6159.232,6359.7954
869,2021-09-19,6035.7314,6085.813
870,2021-09-20,6467.982,6575.688
871,2021-09-21,6532.888,6606.545
872,2021-09-22,6535.5913,6620.951
873,2021-09-23,6538.747,6656.3955
874,2021-09-24,6474.29,6735.366
875,2021-09-25,6132.6387,6355.463
876,2021-09-26,6054.661,6186.116
877,2021-09-27,6492.7715,6522.6646
878,2021-09-28,6557.2246,6454.898
879,2021-09-29,6566.2407,6529.6504
880,2021-09-30,6554.9717,6377.2363
881,2021-10-01,6481.052,6364.8223
882,2021-10-02,6149.7656,5990.2646
883,2021-10-03,6035.28,5949.3384
884,2021-10-04,6499.983,6535.559
885,2021-10-05,6579.763,6482.915
886,2021-10-06,6586.9746,6573.054
887,2021-10-07,6575.255,6612.238
888,2021-10-08,6509.9,6713.7734
889,2021-10-09,6167.7954,6439.4873
890,2021-10-10,6054.6626,6257.1685
891,2021-10-11,6523.8726,6658.779
892,2021-10-12,6600.948,6885.4077
893,2021-10-13,6615.3706,6904.2583
894,2021-10-14,6632.0493,6975.4473
895,2021-10-15,6576.6074,6928.0503
896,2021-10-16,6224.136,6626.86
897,2021-10-17,6150.667,6271.2397
898,2021-10-18,6584.7217,6581.867
899,2021-10-19,6668.108,6684.4634
900,2021-08-22,5884.5464,5871.773
901,2021-08-23,6389.759,6335.6367
902,2021-08-24,6427.6177,6306.076
903,2021-08-25,6431.2236,6286.873
904,2021-08-26,6447.4463,6360.3623
905,2021-08-27,6406.8867,6458.062
906,2021-08-28,6050.8457,6254.0283
907,2021-08-29,5929.165,6040.195
908,2021-08-30,6413.6465,6356.2
909,2021-08-31,6460.0645,6423.1323
910,2021-09-01,6454.6567,6493.1084
911,2021-09-02,6478.995,6298.5425
912,2021-09-03,6435.728,6362.3506
913,2021-09-04,6112.14,6188.2095
914,2021-09-05,6015.244,6039.7646
915,2021-09-06,6485.305,6537.5215
916,2021-09-07,6514.1494,6451.408
917,2021-09-08,6521.8105,6505.1514
918,2021-09-09,6506.939,6636.3926
919,2021-09-10,6497.4736,6510.4546
920,2021-09-11,6161.263,6253.585
921,2021-09-12,6044.0874,6152.053
922,2021-09-13,6492.515,6474.404
923,2021-09-14,6525.866,6517.15
924,2021-09-15,6528.5713,6618.6665
925,2021-09-16,6557.413,6681.2217
926,2021-09-17,6518.6543,6699.5693
927,2021-09-18,6140.5327,6359.7954
928,2021-09-19,6027.8623,6085.813
929,2021-09-20,6477.6426,6575.688
930,2021-09-21,6533.527,6606.545
931,2021-09-22,6534.879,6620.951
932,2021-09-23,6527.668,6656.3955
933,2021-09-24,6474.037,6735.366
934,2021-09-25,6133.7725,6355.463
935,2021-09-26,6039.58,6186.116
936,2021-09-27,6493.8677,6522.6646
937,2021-09-28,6556.5127,6454.898
938,2021-09-29,6543.4434,6529.6504
939,2021-09-30,6520.909,6377.2363
940,2021-10-01,6451.953,6364.8223
941,2021-10-02,6127.011,5990.2646
942,2021-10-03,6042.2856,5949.3384
943,2021-10-04,6519.107,6535.559
944,2021-10-05,6559.6675,6482.915
945,2021-10-06,6552.4556,6573.054
946,2021-10-07,6538.4863,6612.238
947,2021-10-08,6491.612,6713.7734
948,2021-10-09,6163.9683,6439.4873
949,2021-10-10,6058.0576,6257.1685
950,2021-10-11,6513.247,6658.779
951,2021-10-12,6560.119,6885.4077
952,2021-10-13,6552.4575,6904.2583
953,2021-10-14,6541.1904,6975.4473
954,2021-10-15,6483.502,6928.0503
955,2021-10-16,6173.433,6626.86
956,2021-10-17,6094.1133,6271.2397
957,2021-10-18,6536.683,6581.867
958,2021-10-19,6572.737,6684.4634
959,2021-10-20,6573.1875,6550.5884
960,2021-08-23,6365.713,6335.6367
961,2021-08-24,6399.062,6306.076
962,2021-08-25,6394.1055,6286.873
963,2021-08-26,6397.2607,6360.3623
964,2021-08-27,6384.6426,6458.062
965,2021-08-28,6031.7715,6254.0283
966,2021-08-29,5914.5933,6040.195
967,2021-08-30,6416.6387,6356.2
968,2021-08-31,6440.075,6423.1323
969,2021-09-01,6416.638,6493.1084
970,2021-09-02,6421.5996,6298.5425
971,2021-09-03,6402.6714,6362.3506
972,2021-09-04,6096.6675,6188.2095
973,2021-09-05,6017.7964,6039.7646
974,2021-09-06,6486.0444,6537.5215
975,2021-09-07,6510.3813,6451.408
976,2021-09-08,6483.3394,6505.1514
977,2021-09-09,6482.889,6636.3926
978,2021-09-10,6450.442,6510.4546
979,2021-09-11,6112.44,6253.585
980,2021-09-12,6015.0938,6152.053
981,2021-09-13,6491.4517,6474.404
982,2021-09-14,6527.0537,6517.15
983,2021-09-15,6506.775,6618.6665
984,2021-09-16,6515.788,6681.2217
985,2021-09-17,6467.567,6699.5693
986,2021-09-18,6121.455,6359.7954
987,2021-09-19,6021.4033,6085.813
988,2021-09-20,6501.8184,6575.688
989,2021-09-21,6557.2505,6606.545
990,2021-09-22,6554.0967,6620.951
991,2021-09-23,6556.348,6656.3955
992,2021-09-24,6497.3105,6735.366
993,2021-09-25,6143.9873,6355.463
994,2021-09-26,6043.036,6186.116
995,2021-09-27,6510.83,6522.6646
996,2021-09-28,6560.405,6454.898
997,2021-09-29,6537.8706,6529.6504
998,2021-09-30,6523.449,6377.2363
999,2021-10-01,6466.215,6364.8223
1000,2021-10-02,6143.085,5990.2646
1001,2021-10-03,6047.994,5949.3384
1002,2021-10-04,6527.055,6535.559
1003,2021-10-05,6573.024,6482.915
1004,2021-10-06,6538.3213,6573.054
1005,2021-10-07,6524.3525,6612.238
1006,2021-10-08,6456.299,6713.7734
1007,2021-10-09,6138.578,6439.4873
1008,2021-10-10,6079.541,6257.1685
1009,2021-10-11,6547.7876,6658.779
1010,2021-10-12,7433.803,6885.4077
1011,2021-10-13,6571.2227,6904.2583
1012,2021-10-14,6561.306,6975.4473
1013,2021-10-15,6516.2393,6928.0503
1014,2021-10-16,6164.716,6626.86
1015,2021-10-17,6114.2417,6271.2397
1016,2021-10-18,6602.319,6581.867
1017,2021-10-19,6647.385,6684.4634
1018,2021-10-20,6651.4414,6550.5884
1019,2021-10-21,6626.2046,6475.0454
1020,2021-08-24,6419.6523,6306.076
1021,2021-08-25,6417.8506,6286.873
1022,2021-08-26,6416.948,6360.3623
1023,2021-08-27,6394.862,6458.062
1024,2021-08-28,6034.707,6254.0283
1025,2021-08-29,5895.422,6040.195
1026,2021-08-30,6392.6074,6356.2
1027,2021-08-31,6416.4976,6423.1323
1028,2021-09-01,6403.426,6493.1084
1029,2021-09-02,6431.822,6298.5425
1030,2021-09-03,6400.7207,6362.3506
1031,2021-09-04,6081.1357,6188.2095
1032,2021-09-05,5977.4604,6039.7646
1033,2021-09-06,6442.6406,6537.5215
1034,2021-09-07,6458.87,6451.408
1035,2021-09-08,6471.49,6505.1514
1036,2021-09-09,6498.084,6636.3926
1037,2021-09-10,6471.0396,6510.4546
1038,2021-09-11,6131.62,6253.585
1039,2021-09-12,6042.3706,6152.053
1040,2021-09-13,6522.424,6474.404
1041,2021-09-14,6562.9927,6517.15
1042,2021-09-15,6555.7793,6618.6665
1043,2021-09-16,6560.288,6681.2217
1044,2021-09-17,6507.551,6699.5693
1045,2021-09-18,6155.5093,6359.7954
1046,2021-09-19,6065.8086,6085.813
1047,2021-09-20,6535.045,6575.688
1048,2021-09-21,6557.584,6606.545
1049,2021-09-22,6543.611,6620.951
1050,2021-09-23,6540.906,6656.3955
1051,2021-09-24,6476.8994,6735.366
1052,2021-09-25,6157.7637,6355.463
1053,2021-09-26,6091.9526,6186.116
1054,2021-09-27,6523.7754,6522.6646
1055,2021-09-28,6572.0083,6454.898
1056,2021-09-29,6565.6973,6529.6504
1057,2021-09-30,6550.8213,6377.2363
1058,2021-10-01,6475.996,6364.8223
1059,2021-10-02,6126.21,5990.2646
1060,2021-10-03,6065.3594,5949.3384
1061,2021-10-04,6549.92,6535.559
1062,2021-10-05,6592.291,6482.915
1063,2021-10-06,6590.0376,6573.054
1064,2021-10-07,6552.623,6612.238
1065,2021-10-08,6469.6855,6713.7734
1066,2021-10-09,6147.8467,6439.4873
1067,2021-10-10,6077.078,6257.1685
1068,2021-10-11,6551.7217,6658.779
1069,2021-10-12,6586.4307,6885.4077
1070,2021-10-13,6574.261,6904.2583
1071,2021-10-14,6581.9243,6975.4473
1072,2021-10-15,6520.622,6928.0503
1073,2021-10-16,6183.458,6626.86
1074,2021-10-17,6124.8594,6271.2397
1075,2021-10-18,6624.747,6581.867
1076,2021-10-19,6661.2563,6684.4634
1077,2021-10-20,6658.1006,6550.5884
1078,2021-10-21,6659.003,6475.0454
1079,2021-10-22,6590.4873,6528.918
1080,2021-08-25,6338.105,6286.873
1081,2021-08-26,6390.3945,6360.3623
1082,2021-08-27,6384.984,6458.062
1083,2021-08-28,6051.8735,6254.0283
1084,2021-08-29,5895.9106,6040.195
1085,2021-08-30,6366.9526,6356.2
1086,2021-08-31,6384.9824,6423.1323
1087,2021-09-01,6393.5464,6493.1084
1088,2021-09-02,6410.225,6298.5425
1089,2021-09-03,6426.451,6362.3506
1090,2021-09-04,6101.4556,6188.2095
1091,2021-09-05,6003.1934,6039.7646
1092,2021-09-06,6446.737,6537.5215
1093,2021-09-07,6476.4863,6451.408
1094,2021-09-08,6453.95,6505.1514
1095,2021-09-09,6490.911,6636.3926
1096,2021-09-10,6465.669,6510.4546
1097,2021-09-11,6157.802,6253.585
1098,2021-09-12,6049.168,6152.053
1099,2021-09-13,6472.4287,6474.404
1100,2021-09-14,6526.5205,6517.15
1101,2021-09-15,6543.198,6618.6665
1102,2021-09-16,6558.076,6681.2217
1103,2021-09-17,6523.8154,6699.5693
1104,2021-09-18,6197.467,6359.7954
1105,2021-09-19,6069.004,6085.813
1106,2021-09-20,6511.6455,6575.688
1107,2021-09-21,6583.3154,6606.545
1108,2021-09-22,6566.1875,6620.951
1109,2021-09-23,6571.1445,6656.3955
1110,2021-09-24,6535.0864,6735.366
1111,2021-09-25,6189.804,6355.463
1112,2021-09-26,6050.073,6186.116
1113,2021-09-27,6504.884,6522.6646
1114,2021-09-28,6591.881,6454.898
1115,2021-09-29,6577.908,6529.6504
1116,2021-09-30,6574.7544,6377.2363
1117,2021-10-01,6506.6875,6364.8223
1118,2021-10-02,6195.665,5990.2646
1119,2021-10-03,6082.523,5949.3384
1120,2021-10-04,6506.689,6535.559
1121,2021-10-05,6587.823,6482.915
1122,2021-10-06,6603.148,6573.054
1123,2021-10-07,6582.8657,6612.238
1124,2021-10-08,6512.998,6713.7734
1125,2021-10-09,6196.116,6439.4873
1126,2021-10-10,6126.699,6257.1685
1127,2021-10-11,6540.495,6658.779
1128,2021-10-12,6600.4463,6885.4077
1129,2021-10-13,6607.658,6904.2583
1130,2021-10-14,6609.01,6975.4473
1131,2021-10-15,6543.199,6928.0503
1132,2021-10-16,6213.2427,6626.86
1133,2021-10-17,6134.8125,6271.2397
1134,2021-10-18,6571.1455,6581.867
1135,2021-10-19,6649.1274,6684.4634
1136,2021-10-20,6647.3237,6550.5884
1137,2021-10-21,6653.6343,6475.0454
1138,2021-10-22,6589.6255,6528.918
1139,2021-10-23,6247.953,6229.809
1140,2021-08-26,6319.5044,6360.3623
1141,2021-08-27,6326.265,6458.062
1142,2021-08-28,6002.175,6254.0283
1143,2021-08-29,5890.3887,6040.195
1144,2021-08-30,6360.071,6356.2
1145,2021-08-31,6375.398,6423.1323
1146,2021-09-01,6367.7314,6493.1084
1147,2021-09-02,6382.1577,6298.5425
1148,2021-09-03,6375.3936,6362.3506
1149,2021-09-04,6079.252,6188.2095
1150,2021-09-05,5984.595,6039.7646
1151,2021-09-06,6440.304,6537.5215
1152,2021-09-07,6482.674,6451.408
1153,2021-09-08,6467.8013,6505.1514
1154,2021-09-09,6471.857,6636.3926
1155,2021-09-10,6446.6133,6510.4546
1156,2021-09-11,6132.8936,6253.585
1157,2021-09-12,6037.3325,6152.053
1158,2021-09-13,6502.0557,6474.404
1159,2021-09-14,6535.411,6517.15
1160,2021-09-15,6502.958,6618.6665
1161,2021-09-16,6517.381,6681.2217
1162,2021-09-17,6489.4355,6699.5693
1163,2021-09-18,6147.767,6359.7954
1164,2021-09-19,6020.6543,6085.813
1165,2021-09-20,6497.9985,6575.688
1166,2021-09-21,7387.328,6606.545
1167,2021-09-22,6515.5786,6620.951
1168,2021-09-23,6513.775,6656.3955
1169,2021-09-24,6475.4624,6735.366
1170,2021-09-25,6146.8657,6355.463
1171,2021-09-26,6910.4336,6186.116
1172,2021-09-27,6513.775,6522.6646
1173,2021-09-28,6560.2036,6454.898
1174,2021-09-29,6561.555,6529.6504
1175,2021-09-30,6545.3286,6377.2363
1176,2021-10-01,6492.139,6364.8223
1177,2021-10-02,6140.5537,5990.2646
1178,2021-10-03,6058.9717,5949.3384
1179,2021-10-04,6522.7905,6535.559
1180,2021-10-05,7399.0454,6482.915
1181,2021-10-06,6516.0293,6573.054
1182,2021-10-07,6517.381,6612.238
1183,2021-10-08,6455.1777,6713.7734
1184,2021-10-09,6143.712,6439.4873
1185,2021-10-10,6066.631,6257.1685
1186,2021-10-11,6525.495,6658.779
1187,2021-10-12,6560.2026,6885.4077
1188,2021-10-13,6538.5664,6904.2583
1189,2021-10-14,6537.216,6975.4473
1190,2021-10-15,6491.239,6928.0503
1191,2021-10-16,6180.2207,6626.86
1192,2021-10-17,6096.3813,6271.2397
1193,2021-10-18,6560.203,6581.867
1194,2021-10-19,6601.2207,6684.4634
1195,2021-10-20,6583.6426,6550.5884
1196,2021-10-21,6596.2617,6475.0454
1197,2021-10-22,6546.6816,6528.918
1198,2021-10-23,6221.6914,6229.809
1199,2021-10-24,6177.5156,6056.3564
1200,2021-08-27,6356.7993,6458.062
1201,2021-08-28,6019.1934,6254.0283
1202,2021-08-29,5925.44,6040.195
1203,2021-08-30,6420.355,6356.2
1204,2021-08-31,6434.326,6423.1323
1205,2021-09-01,6428.4663,6493.1084
1206,2021-09-02,6454.6123,6298.5425
1207,2021-09-03,6439.735,6362.3506
1208,2021-09-04,6103.4824,6188.2095
1209,2021-09-05,6037.675,6039.7646
1210,2021-09-06,6486.6133,6537.5215
1211,2021-09-07,6516.8125,6451.408
1212,2021-09-08,6527.1826,6505.1514
1213,2021-09-09,6518.1675,6636.3926
1214,2021-09-10,6456.413,6510.4546
1215,2021-09-11,6121.9624,6253.585
1216,2021-09-12,6057.054,6152.053
1217,2021-09-13,6512.7573,6474.404
1218,2021-09-14,6536.194,6517.15
1219,2021-09-15,6523.572,6618.6665
1220,2021-09-16,6537.997,6681.2217
1221,2021-09-17,6471.288,6699.5693
1222,2021-09-18,6125.57,6359.7954
1223,2021-09-19,6078.2393,6085.813
1224,2021-09-20,6533.491,6575.688
1225,2021-09-21,6573.156,6606.545
1226,2021-09-22,6559.1846,6620.951
1227,2021-09-23,6575.4067,6656.3955
1228,2021-09-24,6466.3286,6735.366
1229,2021-09-25,6139.0913,6355.463
1230,2021-09-26,6082.2974,6186.116
1231,2021-09-27,6536.645,6522.6646
1232,2021-09-28,6579.0156,6454.898
1233,2021-09-29,6563.2393,6529.6504
1234,2021-09-30,6530.784,6377.2363
1235,2021-10-01,6452.3555,6364.8223
1236,2021-10-02,6131.8794,5990.2646
1237,2021-10-03,6092.6626,5949.3384
1238,2021-10-04,6560.9863,6535.559
1239,2021-10-05,6587.1294,6482.915
1240,2021-10-06,6569.098,6573.054
1241,2021-10-07,6545.208,6612.238
1242,2021-10-08,6456.412,6713.7734
1243,2021-10-09,6134.134,6439.4873
1244,2021-10-10,6099.426,6257.1685
1245,2021-10-11,6525.379,6658.779
1246,2021-10-12,6556.027,6885.4077
1247,2021-10-13,6542.9546,6904.2583
1248,2021-10-14,6532.1377,6975.4473
1249,2021-10-15,6442.891,6928.0503
1250,2021-10-16,6128.2725,6626.86
1251,2021-10-17,6094.4673,6271.2397
1252,2021-10-18,6538.899,6581.867
1253,2021-10-19,6580.366,6684.4634
1254,2021-10-20,6583.973,6550.5884
1255,2021-10-21,6574.5073,6475.0454
1256,2021-10-22,6502.8394,6528.918
1257,2021-10-23,6185.9683,6229.809
1258,2021-10-24,6155.768,6056.3564
1259,2021-10-25,6624.5396,6580.954
1260,2021-08-28,6066.572,6254.0283
1261,2021-08-29,5925.0386,6040.195
1262,2021-08-30,6407.786,6356.2
1263,2021-08-31,6449.7075,6423.1323
1264,2021-09-01,6426.7183,6493.1084
1265,2021-09-02,6449.2563,6298.5425
1266,2021-09-03,6436.6333,6362.3506
1267,2021-09-04,6109.3926,6188.2095
1268,2021-09-05,5984.537,6039.7646
1269,2021-09-06,6438.8887,6537.5215
1270,2021-09-07,6455.569,6451.408
1271,2021-09-08,6479.9062,6505.1514
1272,2021-09-09,6488.9204,6636.3926
1273,2021-09-10,6479.4546,6510.4546
1274,2021-09-11,6118.859,6253.585
1275,2021-09-12,6016.088,6152.053
1276,2021-09-13,6482.16,6474.404
1277,2021-09-14,6527.2344,6517.15
1278,2021-09-15,6553.3765,6618.6665
1279,2021-09-16,6573.21,6681.2217
1280,2021-09-17,6553.8276,6699.5693
1281,2021-09-18,6172.4985,6359.7954
1282,2021-09-19,6049.895,6085.813
1283,2021-09-20,6518.67,6575.688
1284,2021-09-21,6567.8027,6606.545
1285,2021-09-22,6557.884,6620.951
1286,2021-09-23,6557.8833,6656.3955
1287,2021-09-24,6515.513,6735.366
1288,2021-09-25,6169.3438,6355.463
1289,2021-09-26,6064.319,6186.116
1290,2021-09-27,6532.6426,6522.6646
1291,2021-09-28,6583.5776,6454.898
1292,2021-09-29,6564.6455,6529.6504
1293,2021-09-30,6555.1787,6377.2363
1294,2021-10-01,6506.4995,6364.8223
1295,2021-10-02,6157.6226,5990.2646
1296,2021-10-03,6089.1094,5949.3384
1297,2021-10-04,6544.813,6535.559
1298,2021-10-05,6612.8765,6482.915
1299,2021-10-06,6598.902,6573.054
1300,2021-10-07,6581.3237,6612.238
1301,2021-10-08,6524.531,6713.7734
1302,2021-10-09,6179.709,6439.4873
1303,2021-10-10,6082.348,6257.1685
1304,2021-10-11,6562.3906,6658.779
1305,2021-10-12,6609.268,6885.4077
1306,2021-10-13,6614.6777,6904.2583
1307,2021-10-14,6608.368,6975.4473
1308,2021-10-15,6527.233,6928.0503
1309,2021-10-16,6170.241,6626.86
1310,2021-10-17,6120.2114,6271.2397
1311,2021-10-18,6601.1543,6581.867
1312,2021-10-19,6654.795,6684.4634
1313,2021-10-20,6648.0337,6550.5884
1314,2021-10-21,6642.6265,6475.0454
1315,2021-10-22,6599.3545,6528.918
1316,2021-10-23,6229.7427,6229.809
1317,2021-10-24,6167.5396,6056.3564
1318,2021-10-25,6615.1294,6580.954
1319,2021-10-26,6658.404,6681.8013
1320,2021-08-29,5985.365,6040.195
1321,2021-08-30,6406.8096,6356.2
1322,2021-08-31,6457.2905,6423.1323
1323,2021-09-01,6460.446,6493.1084
1324,2021-09-02,6486.588,6298.5425
1325,2021-09-03,6478.927,6362.3506
1326,2021-09-04,6160.2524,6188.2095
1327,2021-09-05,6043.5117,6039.7646
1328,2021-09-06,6463.6,6537.5215
1329,2021-09-07,6537.971,6451.408
1330,2021-09-08,6529.8574,6505.1514
1331,2021-09-09,6523.0977,6636.3926
1332,2021-09-10,6491.997,6510.4546
1333,2021-09-11,6167.9155,6253.585
1334,2021-09-12,6080.9233,6152.053
1335,2021-09-13,6508.674,6474.404
1336,2021-09-14,6553.299,6517.15
1337,2021-09-15,6565.4683,6618.6665
1338,2021-09-16,6560.507,6681.2217
1339,2021-09-17,6534.8193,6699.5693
1340,2021-09-18,6195.409,6359.7954
1341,2021-09-19,6086.7812,6085.813
1342,2021-09-20,6501.4604,6575.688
1343,2021-09-21,6570.8765,6606.545
1344,2021-09-22,6560.058,6620.951
1345,2021-09-23,6567.7207,6656.3955
1346,2021-09-24,6522.195,6735.366
1347,2021-09-25,6174.2236,6355.463
1348,2021-09-26,6100.757,6186.116
1349,2021-09-27,6547.8887,6522.6646
1350,2021-09-28,6597.018,6454.898
1351,2021-09-29,6594.7637,6529.6504
1352,2021-09-30,6601.5254,6377.2363
1353,2021-10-01,6530.31,6364.8223
1354,2021-10-02,6178.2827,5990.2646
1355,2021-10-03,6102.558,5949.3384
1356,2021-10-04,6522.645,6535.559
1357,2021-10-05,6576.284,6482.915
1358,2021-10-06,6571.7773,6573.054
1359,2021-10-07,6574.93,6612.238
1360,2021-10-08,6532.5645,6713.7734
1361,2021-10-09,6176.029,6439.4873
1362,2021-10-10,6100.304,6257.1685
1363,2021-10-11,6559.1577,6658.779
1364,2021-10-12,6621.8076,6885.4077
1365,2021-10-13,6616.85,6904.2583
1366,2021-10-14,6606.485,6975.4473
1367,2021-10-15,6557.3555,6928.0503
1368,2021-10-16,6222.005,6626.86
1369,2021-10-17,6144.023,6271.2397
1370,2021-10-18,6572.677,6581.867
1371,2021-10-19,6647.051,6684.4634
1372,2021-10-20,6638.0356,6550.5884
1373,2021-10-21,6626.7676,6475.0454
1374,2021-10-22,6588.457,6528.918
1375,2021-10-23,6253.556,6229.809
1376,2021-10-24,6182.3374,6056.3564
1377,2021-10-25,6625.415,6580.954
1378,2021-10-26,6670.9395,6681.8013
1379,2021-10-27,6657.4175,6704.128
1380,2021-08-30,6424.889,6356.2
1381,2021-08-31,6449.23,6423.1323
1382,2021-09-01,6443.8193,6493.1084
1383,2021-09-02,6479.879,6298.5425
1384,2021-09-03,6478.978,6362.3506
1385,2021-09-04,6154.8945,6188.2095
1386,2021-09-05,6015.614,6039.7646
1387,2021-09-06,6465.456,6537.5215
1388,2021-09-07,6533.0664,6451.408
1389,2021-09-08,6534.42,6505.1514
1390,2021-09-09,6540.2793,6636.3926
1391,2021-09-10,6518.1934,6510.4546
1392,2021-09-11,6194.5586,6253.585
1393,2021-09-12,6064.745,6152.053
1394,2021-09-13,6488.4424,6474.404
1395,2021-09-14,6562.817,6517.15
1396,2021-09-15,6550.196,6618.6665
1397,2021-09-16,6576.338,6681.2217
1398,2021-09-17,6538.4756,6699.5693
1399,2021-09-18,6215.2925,6359.7954
1400,2021-09-19,6079.169,6085.813
1401,2021-09-20,6521.3467,6575.688
1402,2021-09-21,6575.8887,6606.545
1403,2021-09-22,6592.1133,6620.951
1404,2021-09-23,6581.297,6656.3955
1405,2021-09-24,6543.4346,6735.366
1406,2021-09-25,6213.4893,6355.463
1407,2021-09-26,6103.06,6186.116
1408,2021-09-27,6548.8433,6522.6646
1409,2021-09-28,6624.569,6454.898
1410,2021-09-29,6604.736,6529.6504
1411,2021-09-30,6612.399,6377.2363
1412,2021-10-01,6570.4785,6364.8223
1413,2021-10-02,6208.982,5990.2646
1414,2021-10-03,6113.8765,5949.3384
1415,2021-10-04,6539.8267,6535.559
1416,2021-10-05,6622.7637,6482.915
1417,2021-10-06,6597.072,6573.054
1418,2021-10-07,6598.8735,6612.238
1419,2021-10-08,6552.9004,6713.7734
1420,2021-10-09,6216.1943,6439.4873
1421,2021-10-10,6124.695,6257.1685
1422,2021-10-11,6553.8013,6658.779
1423,2021-10-12,6639.4414,6885.4077
1424,2021-10-13,6622.7656,6904.2583
1425,2021-10-14,6629.076,6975.4473
1426,2021-10-15,6594.8184,6928.0503
1427,2021-10-16,6268.03,6626.86
1428,2021-10-17,6178.783,6271.2397
1429,2021-10-18,6605.187,6581.867
1430,2021-10-19,6675.9526,6684.4634
1431,2021-10-20,6685.8667,6550.5884
1432,2021-10-21,6683.615,6475.0454
1433,2021-10-22,6643.4985,6528.918
1434,2021-10-23,6316.7095,6229.809
1435,2021-10-24,6247.297,6056.3564
1436,2021-10-25,6655.217,6580.954
1437,2021-10-26,6713.3643,6681.8013
1438,2021-10-27,6704.3496,6704.128
1439,2021-10-28,6688.572,6654.5933
1440,2021-08-31,6382.715,6423.1323
1441,2021-09-01,6383.167,6493.1084
1442,2021-09-02,6424.1914,6298.5425
1443,2021-09-03,6397.5923,6362.3506
1444,2021-09-04,6103.6567,6188.2095
1445,2021-09-05,5969.764,6039.7646
1446,2021-09-06,6405.2544,6537.5215
1447,2021-09-07,6425.0923,6451.408
1448,2021-09-08,6428.247,6505.1514
1449,2021-09-09,6456.65,6636.3926
1450,2021-09-10,6434.561,6510.4546
1451,2021-09-11,6109.9717,6253.585
1452,2021-09-12,6006.2812,6152.053
1453,2021-09-13,6467.4688,6474.404
1454,2021-09-14,6501.732,6517.15
1455,2021-09-15,6496.773,6618.6665
1456,2021-09-16,6502.1816,6681.2217
1457,2021-09-17,6486.405,6699.5693
1458,2021-09-18,6137.47,6359.7954
1459,2021-09-19,6024.3145,6085.813
1460,2021-09-20,6497.225,6575.688
1461,2021-09-21,6533.741,6606.545
1462,2021-09-22,6513.9043,6620.951
1463,2021-09-23,6526.9785,6656.3955
1464,2021-09-24,6497.2246,6735.366
1465,2021-09-25,6160.01,6355.463
1466,2021-09-26,6053.168,6186.116
1467,2021-09-27,6504.89,6522.6646
1468,2021-09-28,6557.1807,6454.898
1469,2021-09-29,6559.4375,6529.6504
1470,2021-09-30,6569.8086,6377.2363
1471,2021-10-01,6509.3975,6364.8223
1472,2021-10-02,6169.0264,5990.2646
1473,2021-10-03,6070.2983,5949.3384
1474,2021-10-04,6525.6235,6535.559
1475,2021-10-05,6566.6514,6482.915
1476,2021-10-06,6545.4604,6573.054
1477,2021-10-07,6523.3706,6612.238
1478,2021-10-08,6492.715,6713.7734
1479,2021-10-09,6160.913,6439.4873
1480,2021-10-10,6050.4614,6257.1685
1481,2021-10-11,6512.551,6658.779
1482,2021-10-12,6569.8057,6885.4077
1483,2021-10-13,6567.101,6904.2583
1484,2021-10-14,6562.5913,6975.4473
1485,2021-10-15,6528.7812,6928.0503
1486,2021-10-16,6195.176,6626.86
1487,2021-10-17,6105.4604,6271.2397
1488,2021-10-18,6568.453,6581.867
1489,2021-10-19,6627.962,6684.4634
1490,2021-10-20,6611.7324,6550.5884
1491,2021-10-21,6609.0283,6475.0454
1492,2021-10-22,6555.832,6528.918
1493,2021-10-23,6215.011,6229.809
1494,2021-10-24,6132.962,6056.3564
1495,2021-10-25,6594.601,6580.954
1496,2021-10-26,6651.405,6681.8013
1497,2021-10-27,6642.84,6704.128
1498,2021-10-28,6627.963,6654.5933
1499,2021-10-29,6587.839,6712.5684
1500,2021-09-01,6399.34,6493.1084
1501,2021-09-02,6415.1187,6298.5425
1502,2021-09-03,6429.096,6362.3506
1503,2021-09-04,6133.7925,6188.2095
1504,2021-09-05,5982.7593,6039.7646
1505,2021-09-06,6411.514,6537.5215
1506,2021-09-07,6458.4023,6451.408
1507,2021-09-08,6471.926,6505.1514
1508,2021-09-09,6484.552,6636.3926
1509,2021-09-10,6483.1987,6510.4546
1510,2021-09-11,6165.8027,6253.585
1511,2021-09-12,6073.8286,6152.053
1512,2021-09-13,6476.8867,6474.404
1513,2021-09-14,6506.1924,6517.15
1514,2021-09-15,6528.735,6618.6665
1515,2021-09-16,6530.9893,6681.2217
1516,2021-09-17,6512.9556,6699.5693
1517,2021-09-18,6185.189,6359.7954
1518,2021-09-19,6086.4546,6085.813
1519,2021-09-20,6473.7305,6575.688
1520,2021-09-21,6514.306,6606.545
1521,2021-09-22,6532.342,6620.951
1522,2021-09-23,6535.0464,6656.3955
1523,2021-09-24,6490.8657,6735.366
1524,2021-09-25,6188.346,6355.463
1525,2021-09-26,6101.7827,6186.116
1526,2021-09-27,6463.814,6522.6646
1527,2021-09-28,6537.301,6454.898
1528,2021-09-29,6530.989,6529.6504
1529,2021-09-30,6537.7524,6377.2363
1530,2021-10-01,6494.02,6364.8223
1531,2021-10-02,6183.8354,5990.2646
1532,2021-10-03,6089.1577,5949.3384
1533,2021-10-04,6476.4355,6535.559
1534,2021-10-05,6527.382,6482.915
1535,2021-10-06,6539.554,6573.054
1536,2021-10-07,6521.522,6612.238
1537,2021-10-08,6462.01,6713.7734
1538,2021-10-09,6167.607,6439.4873
1539,2021-10-10,6090.0605,6257.1685
1540,2021-10-11,6466.069,6658.779
1541,2021-10-12,6529.638,6885.4077
1542,2021-10-13,6525.13,6904.2583
1543,2021-10-14,6536.3994,6975.4473
1544,2021-10-15,6491.766,6928.0503
1545,2021-10-16,6185.6406,6626.86
1546,2021-10-17,6118.915,6271.2397
1547,2021-10-18,6489.963,6581.867
1548,2021-10-19,6546.7705,6684.4634
1549,2021-10-20,6559.845,6550.5884
1550,2021-10-21,6578.781,6475.0454
1551,2021-10-22,6533.244,6528.918
1552,2021-10-23,6217.6514,6229.809
1553,2021-10-24,6168.0557,6056.3564
1554,2021-10-25,6570.2124,6580.954
1555,2021-10-26,6622.5107,6681.8013
1556,2021-10-27,6624.3164,6704.128
1557,2021-10-28,6645.055,6654.5933
1558,2021-10-29,6579.2285,6712.5684
1559,2021-10-30,6267.696,6415.479
1560,2021-09-02,6474.043,6298.5425
1561,2021-09-03,6473.1406,6362.3506
1562,2021-09-04,6187.7017,6188.2095
1563,2021-09-05,6033.482,6039.7646
1564,2021-09-06,6424.8906,6537.5215
1565,2021-09-07,6481.2583,6451.408
1566,2021-09-08,6505.1587,6505.1514
1567,2021-09-09,6498.8438,6636.3926
1568,2021-09-10,6481.2593,6510.4546
1569,2021-09-11,6193.564,6253.585
1570,2021-09-12,6066.852,6152.053
1571,2021-09-13,6460.5156,6474.404
1572,2021-09-14,6534.4688,6517.15
1573,2021-09-15,6511.0215,6618.6665
1574,2021-09-16,6528.6064,6681.2217
1575,2021-09-17,6492.0806,6699.5693
1576,2021-09-18,6194.0137,6359.7954
1577,2021-09-19,6074.517,6085.813
1578,2021-09-20,6448.791,6575.688
1579,2021-09-21,6498.3945,6606.545
1580,2021-09-22,6483.966,6620.951
1581,2021-09-23,6497.042,6656.3955
1582,2021-09-24,6460.0645,6735.366
1583,2021-09-25,6170.565,6355.463
1584,2021-09-26,6065.4976,6186.116
1585,2021-09-27,6442.027,6522.6646
1586,2021-09-28,6515.5293,6454.898
1587,2021-09-29,6517.335,6529.6504
1588,2021-09-30,6517.786,6377.2363
1589,2021-10-01,6467.2793,6364.8223
1590,2021-10-02,6157.9395,5990.2646
1591,2021-10-03,6058.2837,5949.3384
1592,2021-10-04,6450.1436,6535.559
1593,2021-10-05,6512.825,6482.915
1594,2021-10-06,6505.608,6573.054
1595,2021-10-07,6511.0205,6612.238
1596,2021-10-08,6473.142,6713.7734
1597,2021-10-09,6186.8,6439.4873
1598,2021-10-10,6075.871,6257.1685
1599,2021-10-11,6470.436,6658.779
1600,2021-10-12,6566.034,6885.4077
1601,2021-10-13,6547.998,6904.2583
1602,2021-10-14,6557.467,6975.4473
1603,2021-10-15,6497.493,6928.0503
1604,2021-10-16,6219.7183,6626.86
1605,2021-10-17,6153.4316,6271.2397
1606,2021-10-18,6524.0967,6581.867
1607,2021-10-19,6605.265,6684.4634
1608,2021-10-20,6609.7744,6550.5884
1609,2021-10-21,6601.6577,6475.0454
1610,2021-10-22,6539.427,6528.918
1611,2021-10-23,6224.227,6229.809
1612,2021-10-24,6156.136,6056.3564
1613,2021-10-25,6534.018,6580.954
1614,2021-10-26,6621.5,6681.8013
1615,2021-10-27,6631.871,6704.128
1616,2021-10-28,6624.205,6654.5933
1617,2021-10-29,6574.601,6712.5684
1618,2021-10-30,6260.302,6415.479
1619,2021-10-31,6183.1904,6160.9214
1620,2021-09-03,6364.759,6362.3506
1621,2021-09-04,6139.266,6188.2095
1622,2021-09-05,5953.91,6039.7646
1623,2021-09-06,6251.5625,6537.5215
1624,2021-09-07,6424.7407,6451.408
1625,2021-09-08,6431.0557,6505.1514
1626,2021-09-09,6431.0557,6636.3926
1627,2021-09-10,6419.3296,6510.4546
1628,2021-09-11,6199.2476,6253.585
1629,2021-09-12,6040.5,6152.053
1630,2021-09-13,6316.506,6474.404
1631,2021-09-14,6504.5645,6517.15
1632,2021-09-15,6514.4883,6618.6665
1633,2021-09-16,6504.115,6681.2217
1634,2021-09-17,6499.607,6699.5693
1635,2021-09-18,6275.014,6359.7954
1636,2021-09-19,6069.365,6085.813
1637,2021-09-20,6355.74,6575.688
1638,2021-09-21,6542.9,6606.545
1639,2021-09-22,6540.1934,6620.951
1640,2021-09-23,6526.2124,6656.3955
1641,2021-09-24,6513.1357,6735.366
1642,2021-09-25,6282.2314,6355.463
1643,2021-09-26,6079.737,6186.116
1644,2021-09-27,6349.8774,6522.6646
1645,2021-09-28,6524.409,6454.898
1646,2021-09-29,6523.058,6529.6504
1647,2021-09-30,6524.4106,6377.2363
1648,2021-10-01,6484.7227,6364.8223
1649,2021-10-02,6265.5444,5990.2646
1650,2021-10-03,6090.5596,5949.3384
1651,2021-10-04,6355.2896,6535.559
1652,2021-10-05,6513.1323,6482.915
1653,2021-10-06,6529.3687,6573.054
1654,2021-10-07,6518.9976,6612.238
1655,2021-10-08,6488.3286,6713.7734
1656,2021-10-09,6258.7793,6439.4873
1657,2021-10-10,6073.4204,6257.1685
1658,2021-10-11,6343.112,6658.779
1659,2021-10-12,6508.174,6885.4077
1660,2021-10-13,6522.6055,6904.2583
1661,2021-10-14,6528.916,6975.4473
1662,2021-10-15,6508.1743,6928.0503
1663,2021-10-16,6262.838,6626.86
1664,2021-10-17,6087.8545,6271.2397
1665,2021-10-18,6351.6816,6581.867
1666,2021-10-19,6526.665,6684.4634
1667,2021-10-20,6555.074,6550.5884
1668,2021-10-21,6538.3887,6475.0454
1669,2021-10-22,6521.2524,6528.918
1670,2021-10-23,6282.6807,6229.809
1671,2021-10-24,6136.562,6056.3564
1672,2021-10-25,6412.5645,6580.954
1673,2021-10-26,6567.7036,6681.8013
1674,2021-10-27,6592.9575,6704.128
1675,2021-10-28,6593.409,6654.5933
1676,2021-10-29,6588.9004,6712.5684
1677,2021-10-30,6320.114,6415.479
1678,2021-10-31,6169.484,6160.9214
1679,2021-11-01,6448.6445,6482.731
1680,2021-09-04,6208.7188,6188.2095
1681,2021-09-05,6003.4917,6039.7646
1682,2021-09-06,6141.5127,6537.5215
1683,2021-09-07,6393.6514,6451.408
1684,2021-09-08,6410.7925,6505.1514
1685,2021-09-09,6441.4644,6636.3926
1686,2021-09-10,6435.5996,6510.4546
1687,2021-09-11,6266.455,6253.585
1688,2021-09-12,6071.6,6152.053
1689,2021-09-13,6215.034,6474.404
1690,2021-09-14,6480.2544,6517.15
1691,2021-09-15,6487.018,6618.6665
1692,2021-09-16,6488.8223,6681.2217
1693,2021-09-17,6483.412,6699.5693
1694,2021-09-18,6316.0723,6359.7954
1695,2021-09-19,6090.996,6085.813
1696,2021-09-20,6242.9995,6575.688
1697,2021-09-21,6513.63,6606.545
1698,2021-09-22,6514.5327,6620.951
1699,2021-09-23,6502.3535,6656.3955
1700,2021-09-24,6491.08,6735.366
1701,2021-09-25,6328.7,6355.463
1702,2021-09-26,6091.4487,6186.116
1703,2021-09-27,6273.2207,6522.6646
1704,2021-09-28,6533.928,6454.898
1705,2021-09-29,6548.815,6529.6504
1706,2021-09-30,6531.6733,6377.2363
1707,2021-10-01,6506.866,6364.8223
1708,2021-10-02,6351.7046,5990.2646
1709,2021-10-03,6124.373,5949.3384
1710,2021-10-04,6284.0464,6535.559
1711,2021-10-05,6546.105,6482.915
1712,2021-10-06,6550.166,6573.054
1713,2021-10-07,6527.614,6612.238
1714,2021-10-08,6496.041,6713.7734
1715,2021-10-09,6333.2104,6439.4873
1716,2021-10-10,6108.5864,6257.1685
1717,2021-10-11,6270.064,6658.779
1718,2021-10-12,6538.892,6885.4077
1719,2021-10-13,6550.167,6904.2583
1720,2021-10-14,6539.3413,6975.4473
1721,2021-10-15,6513.18,6928.0503
1722,2021-10-16,6349.449,6626.86
1723,2021-10-17,6146.9263,6271.2397
1724,2021-10-18,6318.7773,6581.867
1725,2021-10-19,6576.7783,6684.4634
1726,2021-10-20,6594.369,6550.5884
1727,2021-10-21,6556.0312,6475.0454
1728,2021-10-22,6529.4175,6528.918
1729,2021-10-23,6368.844,6229.809
1730,2021-10-24,6147.3774,6056.3564
1731,2021-10-25,6298.9307,6580.954
1732,2021-10-26,6574.0737,6681.8013
1733,2021-10-27,6596.1743,6704.128
1734,2021-10-28,6600.2344,6654.5933
1735,2021-10-29,6580.8394,6712.5684
1736,2021-10-30,6396.3574,6415.479
1737,2021-10-31,6183.4604,6160.9214
1738,2021-11-01,6330.503,6482.731
1739,2021-11-02,6610.609,6462.4326
1740,2021-09-05,5937.4443,6039.7646
1741,2021-09-06,6221.2114,6537.5215
1742,2021-09-07,6412.0444,6451.408
1743,2021-09-08,6417.908,6505.1514
1744,2021-09-09,6410.687,6636.3926
1745,2021-09-10,6417.006,6510.4546
1746,2021-09-11,6209.033,6253.585
1747,2021-09-12,6048.8765,6152.053
1748,2021-09-13,6306.0264,6474.404
1749,2021-09-14,6464.8257,6517.15
1750,2021-09-15,6456.254,6618.6665
1751,2021-09-16,6479.713,6681.2217
1752,2021-09-17,6465.728,6699.5693
1753,2021-09-18,6218.0527,6359.7954
1754,2021-09-19,6047.9746,6085.813
1755,2021-09-20,6320.911,6575.688
1756,2021-09-21,6477.0073,6606.545
1757,2021-09-22,6491.895,6620.951
1758,2021-09-23,6452.194,6656.3955
1759,2021-09-24,6424.2236,6735.366
1760,2021-09-25,6200.458,6355.463
1761,2021-09-26,6028.575,6186.116
1762,2021-09-27,6303.7695,6522.6646
1763,2021-09-28,6488.737,6454.898
1764,2021-09-29,6508.1357,6529.6504
1765,2021-09-30,6482.422,6377.2363
1766,2021-10-01,6468.8867,6364.8223
1767,2021-10-02,6250.081,5990.2646
1768,2021-10-03,6081.3574,5949.3384
1769,2021-10-04,6327.6816,6535.559
1770,2021-10-05,6504.0776,6482.915
1771,2021-10-06,6540.6177,6573.054
1772,2021-10-07,6530.6924,6612.238
1773,2021-10-08,6492.344,6713.7734
1774,2021-10-09,6269.031,6439.4873
1775,2021-10-10,6120.6094,6257.1685
1776,2021-10-11,6363.7715,6658.779
1777,2021-10-12,6534.301,6885.4077
1778,2021-10-13,6550.543,6904.2583
1779,2021-10-14,6539.715,6975.4473
1780,2021-10-15,6487.3823,6928.0503
1781,2021-10-16,6248.279,6626.86
1782,2021-10-17,6105.7207,6271.2397
1783,2021-10-18,6370.991,6581.867
1784,2021-10-19,6534.7524,6684.4634
1785,2021-10-20,6542.4214,6550.5884
1786,2021-10-21,6535.655,6475.0454
1787,2021-10-22,6493.6987,6528.918
1788,2021-10-23,6255.9487,6229.809
1789,2021-10-24,6119.253,6056.3564
1790,2021-10-25,6385.427,6580.954
1791,2021-10-26,6560.4683,6681.8013
1792,2021-10-27,6566.332,6704.128
1793,2021-10-28,6583.0244,6654.5933
1794,2021-10-29,6547.8364,6712.5684
1795,2021-10-30,6315.4985,6415.479
1796,2021-10-31,6158.9536,6160.9214
1797,2021-11-01,6452.195,6482.731
1798,2021-11-02,6610.997,6462.4326
1799,2021-11-03,6626.7876,6431.2437
1800,2021-09-06,6408.305,6537.5215
1801,2021-09-07,6478.6914,6451.408
1802,2021-09-08,6492.679,6505.1514
1803,2021-09-09,6482.302,6636.3926
1804,2021-09-10,6460.645,6510.4546
1805,2021-09-11,6180.457,6253.585
1806,2021-09-12,6060.888,6152.053
1807,2021-09-13,6482.7544,6474.404
1808,2021-09-14,6520.654,6517.15
1809,2021-09-15,6522.0073,6618.6665
1810,2021-09-16,6537.8,6681.2217
1811,2021-09-17,6524.264,6699.5693
1812,2021-09-18,6217.0,6359.7954
1813,2021-09-19,6081.1914,6085.813
1814,2021-09-20,6486.8145,6575.688
1815,2021-09-21,6533.285,6606.545
1816,2021-09-22,6550.882,6620.951
1817,2021-09-23,6555.3955,6656.3955
1818,2021-09-24,6527.8745,6735.366
1819,2021-09-25,6229.6323,6355.463
1820,2021-09-26,6110.0684,6186.116
1821,2021-09-27,6504.4106,6522.6646
1822,2021-09-28,6583.37,6454.898
1823,2021-09-29,6581.114,6529.6504
1824,2021-09-30,6559.0073,6377.2363
1825,2021-10-01,6529.6777,6364.8223
1826,2021-10-02,6234.5967,5990.2646
1827,2021-10-03,6104.2007,5949.3384
1828,2021-10-04,6520.6543,6535.559
1829,2021-10-05,6597.8066,6482.915
1830,2021-10-06,6582.9175,6573.054
1831,2021-10-07,6586.5293,6612.238
1832,2021-10-08,6552.688,6713.7734
1833,2021-10-09,6240.915,6439.4873
1834,2021-10-10,6114.578,6257.1685
1835,2021-10-11,6503.0566,6658.779
1836,2021-10-12,6584.7227,6885.4077
1837,2021-10-13,6591.9424,6904.2583
1838,2021-10-14,6600.513,6975.4473
1839,2021-10-15,6556.7495,6928.0503
1840,2021-10-16,6254.4487,6626.86
1841,2021-10-17,6156.991,6271.2397
1842,2021-10-18,6545.469,6581.867
1843,2021-10-19,6628.938,6684.4634
1844,2021-10-20,6625.7817,6550.5884
1845,2021-10-21,6625.7827,6475.0454
1846,2021-10-22,6605.027,6528.918
1847,2021-10-23,6308.1426,6229.809
1848,2021-10-24,6229.6343,6056.3564
1849,2021-10-25,6627.5864,6580.954
1850,2021-10-26,6694.8154,6681.8013
1851,2021-10-27,6676.7676,6704.128
1852,2021-10-28,6669.9995,6654.5933
1853,2021-10-29,6637.065,6712.5684
1854,2021-10-30,6323.4824,6415.479
1855,2021-10-31,6254.0005,6160.9214
1856,2021-11-01,6665.036,6482.731
1857,2021-11-02,6730.459,6462.4326
1858,2021-11-03,6737.226,6431.2437
1859,2021-11-04,6718.728,6063.2866
1860,2021-09-07,6529.0312,6451.408
1861,2021-09-08,6510.975,6505.1514
1862,2021-09-09,6505.111,6636.3926
1863,2021-09-10,6488.41,6510.4546
1864,2021-09-11,6190.5293,6253.585
1865,2021-09-12,6092.1387,6152.053
1866,2021-09-13,6508.268,6474.404
1867,2021-09-14,6529.48,6517.15
1868,2021-09-15,6527.223,6618.6665
1869,2021-09-16,6530.8364,6681.2217
1870,2021-09-17,6544.828,6699.5693
1871,2021-09-18,6221.6704,6359.7954
1872,2021-09-19,6092.138,6085.813
1873,2021-09-20,6496.985,6575.688
1874,2021-09-21,6547.535,6606.545
1875,2021-09-22,6543.475,6620.951
1876,2021-09-23,6545.7285,6656.3955
1877,2021-09-24,6523.6143,6735.366
1878,2021-09-25,6217.611,6355.463
1879,2021-09-26,6096.6494,6186.116
1880,2021-09-27,6495.1807,6522.6646
1881,2021-09-28,6557.013,6454.898
1882,2021-09-29,6543.924,6529.6504
1883,2021-09-30,6529.03,6377.2363
1884,2021-10-01,6497.436,6364.8223
1885,2021-10-02,6194.139,5990.2646
1886,2021-10-03,6110.1914,5949.3384
1887,2021-10-04,6529.935,6535.559
1888,2021-10-05,6567.8467,6482.915
1889,2021-10-06,6547.535,6573.054
1890,2021-10-07,6517.2954,6612.238
1891,2021-10-08,6501.047,6713.7734
1892,2021-10-09,6228.439,6439.4873
1893,2021-10-10,6111.9976,6257.1685
1894,2021-10-11,6507.3667,6658.779
1895,2021-10-12,6554.306,6885.4077
1896,2021-10-13,6562.88,6904.2583
1897,2021-10-14,6547.084,6975.4473
1898,2021-10-15,6526.3223,6928.0503
1899,2021-10-16,6232.0513,6626.86
1900,2021-10-17,6157.1294,6271.2397
1901,2021-10-18,6524.9673,6581.867
1902,2021-10-19,6594.025,6684.4634
1903,2021-10-20,6594.4736,6550.5884
1904,2021-10-21,6595.8276,6475.0454
1905,2021-10-22,6568.7476,6528.918
1906,2021-10-23,6290.725,6229.809
1907,2021-10-24,6229.793,6056.3564
1908,2021-10-25,6580.4824,6580.954
1909,2021-10-26,6688.8037,6681.8013
1910,2021-10-27,6696.9277,6704.128
1911,2021-10-28,6657.661,6654.5933
1912,2021-10-29,6622.9087,6712.5684
1913,2021-10-30,6303.3623,6415.479
1914,2021-10-31,6247.3975,6160.9214
1915,2021-11-01,6612.978,6482.731
1916,2021-11-02,6696.476,6462.4326
1917,2021-11-03,6683.837,6431.2437
1918,2021-11-04,6686.9976,6063.2866
1919,2021-11-05,6655.857,6435.461
1920,2021-09-08,6439.819,6505.1514
1921,2021-09-09,6467.3555,6636.3926
1922,2021-09-10,6459.23,6510.4546
1923,2021-09-11,6159.494,6253.585
1924,2021-09-12,6049.8027,6152.053
1925,2021-09-13,6522.877,6474.404
1926,2021-09-14,6545.449,6517.15
1927,2021-09-15,6525.1357,6618.6665
1928,2021-09-16,6539.5796,6681.2217
1929,2021-09-17,6541.384,6699.5693
1930,2021-09-18,6201.9277,6359.7954
1931,2021-09-19,6078.6934,6085.813
1932,2021-09-20,6546.802,6575.688
1933,2021-09-21,6583.3667,6606.545
1934,2021-09-22,6549.058,6620.951
1935,2021-09-23,6558.089,6656.3955
1936,2021-09-24,6526.4893,6735.366
1937,2021-09-25,6181.614,6355.463
1938,2021-09-26,6058.831,6186.116
1939,2021-09-27,6502.1123,6522.6646
1940,2021-09-28,6550.864,6454.898
1941,2021-09-29,6530.102,6529.6504
1942,2021-09-30,6495.7954,6377.2363
1943,2021-10-01,6433.9507,6364.8223
1944,2021-10-02,6158.1387,5990.2646
1945,2021-10-03,6080.0483,5949.3384
1946,2021-10-04,6488.5723,6535.559
1947,2021-10-05,6538.6787,6482.915
1948,2021-10-06,6533.7114,6573.054
1949,2021-10-07,6532.3574,6612.238
1950,2021-10-08,6475.9316,6713.7734
1951,2021-10-09,6168.523,6439.4873
1952,2021-10-10,6089.527,6257.1685
1953,2021-10-11,6494.4414,6658.779
1954,2021-10-12,6544.547,6885.4077
1955,2021-10-13,6538.226,6904.2583
1956,2021-10-14,6521.0737,6975.4473
1957,2021-10-15,6491.7305,6928.0503
1958,2021-10-16,6192.4487,6626.86
1959,2021-10-17,6097.6504,6271.2397
1960,2021-10-18,6518.3643,6581.867
1961,2021-10-19,6588.331,6684.4634
1962,2021-10-20,6588.334,6550.5884
1963,2021-10-21,6568.0195,6475.0454
1964,2021-10-22,6526.0405,6528.918
1965,2021-10-23,6232.622,6229.809
1966,2021-10-24,6152.723,6056.3564
1967,2021-10-25,6550.8657,6580.954
1968,2021-10-26,6597.814,6681.8013
1969,2021-10-27,6586.076,6704.128
1970,2021-10-28,6577.049,6654.5933
1971,2021-10-29,6554.9287,6712.5684
1972,2021-10-30,6237.589,6415.479
1973,2021-10-31,6140.0845,6160.9214
1974,2021-11-01,6577.0454,6482.731
1975,2021-11-02,6628.5093,6462.4326
1976,2021-11-03,6636.635,6431.2437
1977,2021-11-04,6614.064,6063.2866
1978,2021-11-05,6560.797,6435.461
1979,2021-11-06,6240.297,6202.514
1980,2021-09-09,6467.2,6636.3926
1981,2021-09-10,6444.622,6510.4546
1982,2021-09-11,6139.8623,6253.585
1983,2021-09-12,6049.5654,6152.053
1984,2021-09-13,6487.515,6474.404
1985,2021-09-14,6492.031,6517.15
1986,2021-09-15,6510.54,6618.6665
1987,2021-09-16,6513.7026,6681.2217
1988,2021-09-17,6496.5454,6699.5693
1989,2021-09-18,6192.688,6359.7954
1990,2021-09-19,6076.2026,6085.813
1991,2021-09-20,6511.4424,6575.688
1992,2021-09-21,6539.8887,6606.545
1993,2021-09-22,6538.986,6620.951
1994,2021-09-23,6517.764,6656.3955
1995,2021-09-24,6492.4795,6735.366
1996,2021-09-25,6168.76,6355.463
1997,2021-09-26,6085.234,6186.116
1998,2021-09-27,6515.509,6522.6646
1999,2021-09-28,6556.5938,6454.898
2000,2021-09-29,6540.339,6529.6504
2001,2021-09-30,6550.2715,6377.2363
2002,2021-10-01,6507.3813,6364.8223
2003,2021-10-02,6170.115,5990.2646
2004,2021-10-03,6112.774,5949.3384
2005,2021-10-04,6525.4414,6535.559
2006,2021-10-05,6575.555,6482.915
2007,2021-10-06,6557.4956,6573.054
2008,2021-10-07,6530.859,6612.238
2009,2021-10-08,6482.9976,6713.7734
2010,2021-10-09,6164.2437,6439.4873
2011,2021-10-10,6104.196,6257.1685
2012,2021-10-11,6509.187,6658.779
2013,2021-10-12,6547.563,6885.4077
2014,2021-10-13,6538.082,6904.2583
2015,2021-10-14,6541.694,6975.4473
2016,2021-10-15,6520.0205,6928.0503
2017,2021-10-16,6190.8843,6626.86
2018,2021-10-17,6145.2827,6271.2397
2019,2021-10-18,6579.17,6581.867
2020,2021-10-19,6603.0986,6684.4634
2021,2021-10-20,6599.0327,6550.5884
2022,2021-10-21,6598.582,6475.0454
2023,2021-10-22,6539.4355,6528.918
2024,2021-10-23,6239.194,6229.809
2025,2021-10-24,6188.628,6056.3564
2026,2021-10-25,6595.8735,6580.954
2027,2021-10-26,6639.2173,6681.8013
2028,2021-10-27,6657.2773,6704.128
2029,2021-10-28,6648.2476,6654.5933
2030,2021-10-29,6583.2324,6712.5684
2031,2021-10-30,6273.507,6415.479
2032,2021-10-31,6223.39,6160.9214
2033,2021-11-01,6636.0557,6482.731
2034,2021-11-02,6683.013,6462.4326
2035,2021-11-03,6669.919,6431.2437
2036,2021-11-04,6659.084,6063.2866
2037,2021-11-05,6595.4214,6435.461
2038,2021-11-06,6271.2505,6202.514
2039,2021-11-07,6231.0654,6066.5063
2040,2021-09-10,6524.542,6510.4546
2041,2021-09-11,6175.916,6253.585
2042,2021-09-12,6128.0483,6152.053
2043,2021-09-13,6562.9277,6474.404
2044,2021-09-14,6565.636,6517.15
2045,2021-09-15,6573.313,6618.6665
2046,2021-09-16,6575.5723,6681.2217
2047,2021-09-17,6529.509,6699.5693
2048,2021-09-18,6189.464,6359.7954
2049,2021-09-19,6119.017,6085.813
2050,2021-09-20,6538.9937,6575.688
2051,2021-09-21,6540.3477,6606.545
2052,2021-09-22,6546.22,6620.951
2053,2021-09-23,6544.864,6656.3955
2054,2021-09-24,6482.0923,6735.366
2055,2021-09-25,6143.4004,6355.463
2056,2021-09-26,6091.469,6186.116
2057,2021-09-27,6498.3506,6522.6646
2058,2021-09-28,6518.6724,6454.898
2059,2021-09-29,6520.0264,6529.6504
2060,2021-09-30,6504.6724,6377.2363
2061,2021-10-01,6438.7393,6364.8223
2062,2021-10-02,6141.5957,5990.2646
2063,2021-10-03,6105.92,5949.3384
2064,2021-10-04,6490.6724,6535.559
2065,2021-10-05,6520.929,6482.915
2066,2021-10-06,6523.639,6573.054
2067,2021-10-07,6504.221,6612.238
2068,2021-10-08,6445.5156,6713.7734
2069,2021-10-09,6147.918,6439.4873
2070,2021-10-10,6129.857,6257.1685
2071,2021-10-11,6494.2856,6658.779
2072,2021-10-12,6519.122,6885.4077
2073,2021-10-13,6522.285,6904.2583
2074,2021-10-14,6538.5405,6975.4473
2075,2021-10-15,6488.416,6928.0503
2076,2021-10-16,6222.4307,6626.86
2077,2021-10-17,6182.237,6271.2397
2078,2021-10-18,6531.3154,6581.867
2079,2021-10-19,6570.152,6684.4634
2080,2021-10-20,6572.8633,6550.5884
2081,2021-10-21,6553.4434,6475.0454
2082,2021-10-22,6492.478,6528.918
2083,2021-10-23,6244.1074,6229.809
2084,2021-10-24,6213.8496,6056.3564
2085,2021-10-25,6585.053,6580.954
2086,2021-10-26,6622.084,6681.8013
2087,2021-10-27,6625.6987,6704.128
2088,2021-10-28,6618.471,6654.5933
2089,2021-10-29,6544.411,6712.5684
2090,2021-10-30,6262.621,6415.479
2091,2021-10-31,6262.619,6160.9214
2092,2021-11-01,6629.3096,6482.731
2093,2021-11-02,6644.2104,6462.4326
2094,2021-11-03,6662.7275,6431.2437
2095,2021-11-04,6649.1787,6063.2866
2096,2021-11-05,6578.732,6435.461
2097,2021-11-06,6289.7163,6202.514
2098,2021-11-07,6279.3306,6066.5063
2099,2021-11-08,6645.1157,6505.1714
2100,2021-09-11,6124.084,6253.585
2101,2021-09-12,6047.7515,6152.053
2102,2021-09-13,6531.9336,6474.404
2103,2021-09-14,6563.55,6517.15
2104,2021-09-15,6554.5186,6618.6665
2105,2021-09-16,6554.518,6681.2217
2106,2021-09-17,6539.6133,6699.5693
2107,2021-09-18,6177.3823,6359.7954
2108,2021-09-19,6066.2715,6085.813
2109,2021-09-20,6528.774,6575.688
2110,2021-09-21,6560.389,6606.545
2111,2021-09-22,6549.55,6620.951
2112,2021-09-23,6543.226,6656.3955
2113,2021-09-24,6517.935,6735.366
2114,2021-09-25,6156.1533,6355.463
2115,2021-09-26,6054.076,6186.116
2116,2021-09-27,6536.9023,6522.6646
2117,2021-09-28,6567.6143,6454.898
2118,2021-09-29,6556.7754,6529.6504
2119,2021-09-30,6532.388,6377.2363
2120,2021-10-01,6493.5425,6364.8223
2121,2021-10-02,6149.379,5990.2646
2122,2021-10-03,6056.786,5949.3384
2123,2021-10-04,6500.768,6535.559
2124,2021-10-05,6523.8057,6482.915
2125,2021-10-06,6513.417,6573.054
2126,2021-10-07,6492.187,6612.238
2127,2021-10-08,6470.0586,6713.7734
2128,2021-10-09,6150.2817,6439.4873
2129,2021-10-10,6086.1436,6257.1685
2130,2021-10-11,6516.576,6658.779
2131,2021-10-12,6551.8066,6885.4077
2132,2021-10-13,6541.4194,6904.2583
2133,2021-10-14,6534.6465,6975.4473
2134,2021-10-15,6516.578,6928.0503
2135,2021-10-16,6187.3154,6626.86
2136,2021-10-17,6098.337,6271.2397
2137,2021-10-18,6551.355,6581.867
2138,2021-10-19,6592.005,6684.4634
2139,2021-10-20,6599.233,6550.5884
2140,2021-10-21,6591.5557,6475.0454
2141,2021-10-22,6554.9688,6528.918
2142,2021-10-23,6242.418,6229.809
2143,2021-10-24,6161.5737,6056.3564
2144,2021-10-25,6610.073,6580.954
2145,2021-10-26,6652.0776,6681.8013
2146,2021-10-27,6641.688,6704.128
2147,2021-10-28,6634.01,6654.5933
2148,2021-10-29,6595.166,6712.5684
2149,2021-10-30,6275.3906,6415.479
2150,2021-10-31,6200.8667,6160.9214
2151,2021-11-01,6634.913,6482.731
2152,2021-11-02,6676.0156,6462.4326
2153,2021-11-03,6671.0483,6431.2437
2154,2021-11-04,6685.0483,6063.2866
2155,2021-11-05,6647.56,6435.461
2156,2021-11-06,6295.7163,6202.514
2157,2021-11-07,6210.3525,6066.5063
2158,2021-11-08,6662.465,6505.1714
2159,2021-11-09,6695.437,6540.7446
2160,2021-09-12,6074.4937,6152.053
2161,2021-09-13,6527.095,6474.404
2162,2021-09-14,6534.775,6517.15
2163,2021-09-15,6546.5205,6618.6665
2164,2021-09-16,6545.6133,6681.2217
2165,2021-09-17,6510.384,6699.5693
2166,2021-09-18,6186.5127,6359.7954
2167,2021-09-19,6057.3286,6085.813
2168,2021-09-20,6537.937,6575.688
2169,2021-09-21,6556.0063,6606.545
2170,2021-09-22,6536.1313,6620.951
2171,2021-09-23,6541.0986,6656.3955
2172,2021-09-24,6506.7686,6735.366
2173,2021-09-25,6198.26,6355.463
2174,2021-09-26,6078.5566,6186.116
2175,2021-09-27,6525.7417,6522.6646
2176,2021-09-28,6563.2324,6454.898
2177,2021-09-29,6548.328,6529.6504
2178,2021-09-30,6530.2583,6377.2363
2179,2021-10-01,6483.735,6364.8223
2180,2021-10-02,6169.3477,5990.2646
2181,2021-10-03,6092.5586,5949.3384
2182,2021-10-04,6516.255,6535.559
2183,2021-10-05,6553.746,6482.915
2184,2021-10-06,6533.871,6573.054
2185,2021-10-07,6524.8374,6612.238
2186,2021-10-08,6474.2485,6713.7734
2187,2021-10-09,6149.475,6439.4873
2188,2021-10-10,6077.6543,6257.1685
2189,2021-10-11,6498.1895,6658.779
2190,2021-10-12,6526.645,6885.4077
2191,2021-10-13,6531.162,6904.2583
2192,2021-10-14,6553.295,6975.4473
2193,2021-10-15,6501.3486,6928.0503
2194,2021-10-16,6194.643,6626.86
2195,2021-10-17,6143.6025,6271.2397
2196,2021-10-18,6557.813,6581.867
2197,2021-10-19,6600.273,6684.4634
2198,2021-10-20,6600.2715,6550.5884
2199,2021-10-21,6564.1367,6475.0454
2200,2021-10-22,7370.8755,6528.918
2201,2021-10-23,7076.8184,6229.809
2202,2021-10-24,7035.716,6056.3564
2203,2021-10-25,7444.9556,6580.954
2204,2021-10-26,6617.8887,6681.8013
2205,2021-10-27,6622.858,6704.128
2206,2021-10-28,6610.661,6654.5933
2207,2021-10-29,6570.911,6712.5684
2208,2021-10-30,6263.3013,6415.479
2209,2021-10-31,6238.458,6160.9214
2210,2021-11-01,6626.4707,6482.731
2211,2021-11-02,6655.8306,6462.4326
2212,2021-11-03,6657.638,6431.2437
2213,2021-11-04,6648.152,6063.2866
2214,2021-11-05,6574.525,6435.461
2215,2021-11-06,6271.8843,6202.514
2216,2021-11-07,6237.5557,6066.5063
2217,2021-11-08,6654.0244,6505.1714
2218,2021-11-09,6675.7056,6540.7446
2219,2021-11-10,6661.7046,6417.857
2220,2021-09-13,6560.064,6474.404
2221,2021-09-14,6557.8057,6517.15
2222,2021-09-15,6553.2876,6618.6665
2223,2021-09-16,6558.259,6681.2217
2224,2021-09-17,6537.477,6699.5693
2225,2021-09-18,6198.6523,6359.7954
2226,2021-09-19,6092.037,6085.813
2227,2021-09-20,6542.447,6575.688
2228,2021-09-21,6557.806,6606.545
2229,2021-09-22,6546.965,6620.951
2230,2021-09-23,6568.6494,6656.3955
2231,2021-09-24,6520.76,6735.366
2232,2021-09-25,6188.716,6355.463
2233,2021-09-26,6084.3564,6186.116
2234,2021-09-27,6538.379,6522.6646
2235,2021-09-28,6576.78,6454.898
2236,2021-09-29,6565.937,6529.6504
2237,2021-09-30,6547.8667,6377.2363
2238,2021-10-01,6513.08,6364.8223
2239,2021-10-02,6200.0093,5990.2646
2240,2021-10-03,6115.5283,5949.3384
2241,2021-10-04,6543.7993,6535.559
2242,2021-10-05,6570.908,6482.915
2243,2021-10-06,6569.1006,6573.054
2244,2021-10-07,6560.063,6612.238
2245,2021-10-08,6522.569,6713.7734
2246,2021-10-09,6223.953,6439.4873
2247,2021-10-10,6139.4727,6257.1685
2248,2021-10-11,6560.0645,6658.779
2249,2021-10-12,6578.587,6885.4077
2250,2021-10-13,6579.49,6904.2583
2251,2021-10-14,6566.8413,6975.4473
2252,2021-10-15,6528.893,6928.0503
2253,2021-10-16,6231.632,6626.86
2254,2021-10-17,6157.542,6271.2397
2255,2021-10-18,6578.1343,6581.867
2256,2021-10-19,6627.8276,6684.4634
2257,2021-10-20,6628.2793,6550.5884
2258,2021-10-21,6605.694,6475.0454
2259,2021-10-22,6576.7793,6528.918
2260,2021-10-23,6274.549,6229.809
2261,2021-10-24,6228.922,6056.3564
2262,2021-10-25,6617.439,6580.954
2263,2021-10-26,6677.9756,6681.8013
2264,2021-10-27,6682.4927,6704.128
2265,2021-10-28,6673.4575,6654.5933
2266,2021-10-29,6626.926,6712.5684
2267,2021-10-30,6318.37,6415.479
2268,2021-10-31,6238.8594,6160.9214
2269,2021-11-01,6617.4395,6482.731
2270,2021-11-02,6667.585,6462.4326
2271,2021-11-03,6672.103,6431.2437
2272,2021-11-04,6672.553,6063.2866
2273,2021-11-05,6602.0806,6435.461
2274,2021-11-06,6290.8125,6202.514
2275,2021-11-07,6248.7993,6066.5063
2276,2021-11-08,6633.2515,6505.1714
2277,2021-11-09,6687.463,6540.7446
2278,2021-11-10,6680.2314,6417.857
2279,2021-11-11,6660.357,6485.3022
2280,2021-09-14,6500.823,6517.15
2281,2021-09-15,6513.0225,6618.6665
2282,2021-09-16,6515.7344,6681.2217
2283,2021-09-17,6463.3164,6699.5693
2284,2021-09-18,6156.487,6359.7954
2285,2021-09-19,6052.5527,6085.813
2286,2021-09-20,6485.91,6575.688
2287,2021-09-21,6500.37,6606.545
2288,2021-09-22,6489.977,6620.951
2289,2021-09-23,6494.495,6656.3955
2290,2021-09-24,6457.8926,6735.366
2291,2021-09-25,6148.804,6355.463
2292,2021-09-26,6047.581,6186.116
2293,2021-09-27,6480.939,6522.6646
2294,2021-09-28,6501.274,6454.898
2295,2021-09-29,6486.362,6529.6504
2296,2021-09-30,6445.6934,6377.2363
2297,2021-10-01,6426.261,6364.8223
2298,2021-10-02,6138.411,5990.2646
2299,2021-10-03,6060.6855,5949.3384
2300,2021-10-04,6461.056,6535.559
2301,2021-10-05,6488.1694,6482.915
2302,2021-10-06,6482.295,6573.054
2303,2021-10-07,6477.777,6612.238
2304,2021-10-08,6444.3364,6713.7734
2305,2021-10-09,6127.1123,6439.4873
2306,2021-10-10,6048.4844,6257.1685
2307,2021-10-11,6461.96,6658.779
2308,2021-10-12,6483.65,6885.4077
2309,2021-10-13,6480.0356,6904.2583
2310,2021-10-14,6497.66,6975.4473
2311,2021-10-15,6448.8555,6928.0503
2312,2021-10-16,6147.8994,6626.86
2313,2021-10-17,6065.205,6271.2397
2314,2021-10-18,6496.7563,6581.867
2315,2021-10-19,6541.042,6684.4634
2316,2021-10-20,6519.351,6550.5884
2317,2021-10-21,6513.4756,6475.0454
2318,2021-10-22,6468.2886,6528.918
2319,2021-10-23,6193.993,6229.809
2320,2021-10-24,6137.5063,6056.3564
2321,2021-10-25,6571.768,6580.954
2322,2021-10-26,6611.9883,6681.8013
2323,2021-10-27,6612.8906,6704.128
2324,2021-10-28,6613.7974,6654.5933
2325,2021-10-29,6548.7236,6712.5684
2326,2021-10-30,6240.5356,6415.479
2327,2021-10-31,6176.3677,6160.9214
2328,2021-11-01,6582.1626,6482.731
2329,2021-11-02,6617.4106,6462.4326
2330,2021-11-03,6609.277,6431.2437
2331,2021-11-04,6587.135,6063.2866
2332,2021-11-05,6527.0337,6435.461
2333,2021-11-06,6208.9043,6202.514
2334,2021-11-07,6163.2637,6066.5063
2335,2021-11-08,6577.6436,6505.1714
2336,2021-11-09,6621.476,6540.7446
2337,2021-11-10,6609.2764,6417.857
2338,2021-11-11,6589.845,6485.3022
2339,2021-11-12,6535.619,6537.6636
2340,2021-09-15,6540.1323,6618.6665
2341,2021-09-16,6529.284,6681.2217
2342,2021-09-17,6510.757,6699.5693
2343,2021-09-18,6193.94,6359.7954
2344,2021-09-19,6089.087,6085.813
2345,2021-09-20,6516.177,6575.688
2346,2021-09-21,6548.267,6606.545
2347,2021-09-22,6543.747,6620.951
2348,2021-09-23,6540.131,6656.3955
2349,2021-09-24,6509.398,6735.366
2350,2021-09-25,6191.228,6355.463
2351,2021-09-26,6080.5015,6186.116
2352,2021-09-27,6507.138,6522.6646
2353,2021-09-28,6555.4956,6454.898
2354,2021-09-29,6537.871,6529.6504
2355,2021-09-30,6526.1187,6377.2363
2356,2021-10-01,6467.819,6364.8223
2357,2021-10-02,6151.0044,5990.2646
2358,2021-10-03,6062.8745,5949.3384
2359,2021-10-04,6489.5127,6535.559
2360,2021-10-05,6531.5425,6482.915
2361,2021-10-06,6522.5024,6573.054
2362,2021-10-07,6511.205,6612.238
2363,2021-10-08,6480.9243,6713.7734
2364,2021-10-09,6172.245,6439.4873
2365,2021-10-10,6084.5674,6257.1685
2366,2021-10-11,6494.484,6658.779
2367,2021-10-12,6561.824,6885.4077
2368,2021-10-13,6556.399,6904.2583
2369,2021-10-14,6570.8623,6975.4473
2370,2021-10-15,6529.284,6928.0503
2371,2021-10-16,6226.9326,6626.86
2372,2021-10-17,6150.0986,6271.2397
2373,2021-10-18,6549.621,6581.867
2374,2021-10-19,6599.7876,6684.4634
2375,2021-10-20,6609.2783,6550.5884
2376,2021-10-21,6614.2495,6475.0454
2377,2021-10-22,6569.9595,6528.918
2378,2021-10-23,6257.212,6229.809
2379,2021-10-24,6192.582,6056.3564
2380,2021-10-25,6576.7373,6580.954
2381,2021-10-26,6643.6265,6681.8013
2382,2021-10-27,6633.233,6704.128
2383,2021-10-28,6630.5195,6654.5933
2384,2021-10-29,6598.4307,6712.5684
2385,2021-10-30,6265.348,6415.479
2386,2021-10-31,6207.9487,6160.9214
2387,2021-11-01,6607.0176,6482.731
2388,2021-11-02,6667.5776,6462.4326
2389,2021-11-03,6668.0312,6431.2437
2390,2021-11-04,6661.2515,6063.2866
2391,2021-11-05,6629.1636,6435.461
2392,2021-11-06,6296.5317,6202.514
2393,2021-11-07,6228.7407,6066.5063
2394,2021-11-08,6626.0015,6505.1714
2395,2021-11-09,6667.5786,6540.7446
2396,2021-11-10,6663.964,6417.857
2397,2021-11-11,6647.694,6485.3022
2398,2021-11-12,6597.5283,6537.6636
2399,2021-11-13,6301.953,6180.2104
2400,2021-09-16,6607.7407,6681.2217
2401,2021-09-17,6576.0986,6699.5693
2402,2021-09-18,6237.9785,6359.7954
2403,2021-09-19,6098.301,6085.813
2404,2021-09-20,6534.9624,6575.688
2405,2021-09-21,6578.8096,6606.545
2406,2021-09-22,6572.9326,6620.951
2407,2021-09-23,6558.016,6656.3955
2408,2021-09-24,6533.1543,6735.366
2409,2021-09-25,6201.3643,6355.463
2410,2021-09-26,6102.37,6186.116
2411,2021-09-27,6504.6763,6522.6646
2412,2021-09-28,6569.317,6454.898
2413,2021-09-29,6553.044,6529.6504
2414,2021-09-30,6545.811,6377.2363
2415,2021-10-01,6499.7046,6364.8223
2416,2021-10-02,6199.556,5990.2646
2417,2021-10-03,6099.2056,5949.3384
2418,2021-10-04,6485.24,6535.559
2419,2021-10-05,6567.5083,6482.915
2420,2021-10-06,6567.0576,6573.054
2421,2021-10-07,6544.004,6612.238
2422,2021-10-08,6504.6763,6713.7734
2423,2021-10-09,6197.7485,6439.4873
2424,2021-10-10,6110.0557,6257.1685
2425,2021-10-11,6492.0195,6658.779
2426,2021-10-12,6576.0967,6885.4077
2427,2021-10-13,6549.4263,6904.2583
2428,2021-10-14,6551.2344,6975.4473
2429,2021-10-15,6530.442,6928.0503
2430,2021-10-16,6251.993,6626.86
2431,2021-10-17,6163.846,6271.2397
2432,2021-10-18,6538.5786,6581.867
2433,2021-10-19,6615.875,6684.4634
2434,2021-10-20,6628.9844,6550.5884
2435,2021-10-21,6616.3267,6475.0454
2436,2021-10-22,6562.537,6528.918
2437,2021-10-23,6286.799,6229.809
2438,2021-10-24,6194.5845,6056.3564
2439,2021-10-25,6574.2886,6580.954
2440,2021-10-26,6640.286,6681.8013
2441,2021-10-27,6653.8457,6704.128
2442,2021-10-28,6670.1187,6654.5933
2443,2021-10-29,6617.2314,6712.5684
2444,2021-10-30,6326.5767,6415.479
2445,2021-10-31,6261.9355,6160.9214
2446,2021-11-01,6617.683,6482.731
2447,2021-11-02,6678.7075,6462.4326
2448,2021-11-03,6680.063,6431.2437
2449,2021-11-04,6664.6924,6063.2866
2450,2021-11-05,6606.835,6435.461
2451,2021-11-06,6308.948,6202.514
2452,2021-11-07,6233.459,6066.5063
2453,2021-11-08,6591.466,6505.1714
2454,2021-11-09,6659.27,6540.7446
2455,2021-11-10,6663.79,6417.857
2456,2021-11-11,6641.1895,6485.3022
2457,2021-11-12,6588.753,6537.6636
2458,2021-11-13,6319.7954,6180.2104
2459,2021-11-14,6238.884,6101.277
2460,2021-09-17,6645.2324,6699.5693
2461,2021-09-18,6286.2495,6359.7954
2462,2021-09-19,6151.9683,6085.813
2463,2021-09-20,6588.265,6575.688
2464,2021-09-21,6628.503,6606.545
2465,2021-09-22,6629.408,6620.951
2466,2021-09-23,6615.844,6656.3955
2467,2021-09-24,6590.075,6735.366
2468,2021-09-25,6256.86,6355.463
2469,2021-09-26,6149.257,6186.116
2470,2021-09-27,6568.8237,6522.6646
2471,2021-09-28,6610.87,6454.898
2472,2021-09-29,6603.6357,6529.6504
2473,2021-09-30,6596.404,6377.2363
2474,2021-10-01,6561.5894,6364.8223
2475,2021-10-02,6249.175,5990.2646
2476,2021-10-03,6141.5693,5949.3384
2477,2021-10-04,6520.8994,6535.559
2478,2021-10-05,6582.8374,6482.915
2479,2021-10-06,6568.3706,6573.054
2480,2021-10-07,6556.163,6612.238
2481,2021-10-08,6539.8877,6713.7734
2482,2021-10-09,6257.764,6439.4873
2483,2021-10-10,6162.3687,6257.1685
2484,2021-10-11,6506.8833,6658.779
2485,2021-10-12,6593.237,6885.4077
2486,2021-10-13,6586.455,6904.2583
2487,2021-10-14,6591.881,6975.4473
2488,2021-10-15,6560.6855,6928.0503
2489,2021-10-16,6264.5454,6626.86
2490,2021-10-17,6197.6343,6271.2397
2491,2021-10-18,6552.998,6581.867
2492,2021-10-19,6649.75,6684.4634
2493,2021-10-20,6659.246,6550.5884
2494,2021-10-21,6633.9277,6475.0454
2495,2021-10-22,6581.9336,6528.918
2496,2021-10-23,6297.5527,6229.809
2497,2021-10-24,6225.214,6056.3564
2498,2021-10-25,6587.812,6580.954
2499,2021-10-26,6651.56,6681.8013
2500,2021-10-27,6676.427,6704.128
2501,2021-10-28,6666.4795,6654.5933
2502,2021-10-29,6614.487,6712.5684
2503,2021-10-30,6331.4604,6415.479
2504,2021-10-31,6262.288,6160.9214
2505,2021-11-01,6633.9277,6482.731
2506,2021-11-02,6690.4424,6462.4326
2507,2021-11-03,6686.825,6431.2437
2508,2021-11-04,6683.209,6063.2866
2509,2021-11-05,6630.763,6435.461
2510,2021-11-06,6308.4023,6202.514
2511,2021-11-07,6235.159,6066.5063
2512,2021-11-08,6604.0913,6505.1714
2513,2021-11-09,6674.6177,6540.7446
2514,2021-11-10,6679.139,6417.857
2515,2021-11-11,6692.2515,6485.3022
2516,2021-11-12,6630.7637,6537.6636
2517,2021-11-13,6342.311,6180.2104
2518,2021-11-14,6264.0967,6101.277
2519,2021-11-15,6599.567,6600.199
2520,2021-09-18,6297.648,6359.7954
2521,2021-09-19,6125.802,6085.813
2522,2021-09-20,6558.1255,6575.688
2523,2021-09-21,6586.6177,6606.545
2524,2021-09-22,6576.666,6620.951
2525,2021-09-23,6584.3555,6656.3955
2526,2021-09-24,6559.9355,6735.366
2527,2021-09-25,6238.8574,6355.463
2528,2021-09-26,6099.1206,6186.116
2529,2021-09-27,6517.877,6522.6646
2530,2021-09-28,6575.76,6454.898
2531,2021-09-29,6568.0757,6529.6504
2532,2021-09-30,6551.341,6377.2363
2533,2021-10-01,6485.317,6364.8223
2534,2021-10-02,6172.833,5990.2646
2535,2021-10-03,6092.79,5949.3384
2536,2021-10-04,6495.266,6535.559
2537,2021-10-05,6544.1055,6482.915
2538,2021-10-06,6545.01,6573.054
2539,2021-10-07,6533.255,6612.238
2540,2021-10-08,6479.895,6713.7734
2541,2021-10-09,6186.4,6439.4873
2542,2021-10-10,6095.955,6257.1685
2543,2021-10-11,6474.0137,6658.779
2544,2021-10-12,6538.228,6885.4077
2545,2021-10-13,6553.1504,6904.2583
2546,2021-10-14,6551.3438,6975.4473
2547,2021-10-15,6518.332,6928.0503
2548,2021-10-16,6223.03,6626.86
2549,2021-10-17,6153.84,6271.2397
2550,2021-10-18,6541.3945,6581.867
2551,2021-10-19,6620.0825,6684.4634
2552,2021-10-20,6623.247,6550.5884
2553,2021-10-21,6615.56,6475.0454
2554,2021-10-22,6588.8794,6528.918
2555,2021-10-23,6290.411,6229.809
2556,2021-10-24,6185.949,6056.3564
2557,2021-10-25,6573.9546,6580.954
2558,2021-10-26,6622.795,6681.8013
2559,2021-10-27,6635.4556,6704.128
2560,2021-10-28,6627.317,6654.5933
2561,2021-10-29,6578.024,6712.5684
2562,2021-10-30,6285.8887,6415.479
2563,2021-10-31,6217.152,6160.9214
2564,2021-11-01,6605.158,6482.731
2565,2021-11-02,6672.0854,6462.4326
2566,2021-11-03,6676.609,6431.2437
2567,2021-11-04,6673.8965,6063.2866
2568,2021-11-05,6614.2017,6435.461
2569,2021-11-06,6302.6206,6202.514
2570,2021-11-07,6231.1694,6066.5063
2571,2021-11-08,6611.4893,6505.1714
2572,2021-11-09,6680.227,6540.7446
2573,2021-11-10,6682.037,6417.857
2574,2021-11-11,6657.1646,6485.3022
2575,2021-11-12,6603.801,6537.6636
2576,2021-11-13,6305.3325,6180.2104
2577,2021-11-14,6230.266,6101.277
2578,2021-11-15,6599.2783,6600.199
2579,2021-11-16,6659.8735,6658.95
2580,2021-09-19,6110.596,6085.813
2581,2021-09-20,6590.4873,6575.688
2582,2021-09-21,6626.219,6606.545
2583,2021-09-22,6590.4844,6620.951
2584,2021-09-23,6609.935,6656.3955
2585,2021-09-24,6581.893,6735.366
2586,2021-09-25,6259.4033,6355.463
2587,2021-09-26,6144.063,6186.116
2588,2021-09-27,6607.219,6522.6646
2589,2021-09-28,6658.331,6454.898
2590,2021-09-29,6642.9526,6529.6504
2591,2021-09-30,6637.978,6377.2363
2592,2021-10-01,6587.7725,6364.8223
2593,2021-10-02,6259.4014,5990.2646
2594,2021-10-03,6177.084,5949.3384
2595,2021-10-04,6578.726,6535.559
2596,2021-10-05,6608.1265,6482.915
2597,2021-10-06,6581.892,6573.054
2598,2021-10-07,6582.797,6612.238
2599,2021-10-08,6541.1855,6713.7734
2600,2021-10-09,6248.094,6439.4873
2601,2021-10-10,6160.3496,6257.1685
2602,2021-10-11,6557.4663,6658.779
2603,2021-10-12,6620.337,6885.4077
2604,2021-10-13,6615.364,6904.2583
2605,2021-10-14,6649.2856,6975.4473
2606,2021-10-15,6617.172,6928.0503
2607,2021-10-16,6318.2,6626.86
2608,2021-10-17,6220.957,6271.2397
2609,2021-10-18,6612.1973,6581.867
2610,2021-10-19,6655.165,6684.4634
2611,2021-10-20,6661.9487,6550.5884
2612,2021-10-21,6651.547,6475.0454
2613,2021-10-22,6636.6206,6528.918
2614,2021-10-23,6325.4395,6229.809
2615,2021-10-24,6257.141,6056.3564
2616,2021-10-25,6659.687,6580.954
2617,2021-10-26,6714.868,6681.8013
2618,2021-10-27,6718.0337,6704.128
2619,2021-10-28,6707.179,6654.5933
2620,2021-10-29,6690.4443,6712.5684
2621,2021-10-30,6354.384,6415.479
2622,2021-10-31,6301.467,6160.9214
2623,2021-11-01,6649.286,6482.731
2624,2021-11-02,6704.017,6462.4326
2625,2021-11-03,6722.5586,6431.2437
2626,2021-11-04,6720.2964,6063.2866
2627,2021-11-05,6678.232,6435.461
2628,2021-11-06,6375.1934,6202.514
2629,2021-11-07,6292.8726,6066.5063
2630,2021-11-08,6666.0205,6505.1714
2631,2021-11-09,6739.293,6540.7446
2632,2021-11-10,6715.322,6417.857
2633,2021-11-11,6727.985,6485.3022
2634,2021-11-12,6648.834,6537.6636
2635,2021-11-13,6326.342,6180.2104
2636,2021-11-14,6276.136,6101.277
2637,2021-11-15,6637.9785,6600.199
2638,2021-11-16,6706.7275,6658.95
2639,2021-11-17,6704.0137,6725.549
2640,2021-09-20,6508.917,6575.688
2641,2021-09-21,6561.3945,6606.545
2642,2021-09-22,6568.1807,6620.951
2643,2021-09-23,6570.442,6656.3955
2644,2021-09-24,6576.3213,6735.366
2645,2021-09-25,6228.892,6355.463
2646,2021-09-26,6085.936,6186.116
2647,2021-09-27,6511.6323,6522.6646
2648,2021-09-28,6584.9175,6454.898
2649,2021-09-29,6590.346,6529.6504
2650,2021-09-30,6587.6323,6377.2363
2651,2021-10-01,6540.5845,6364.8223
2652,2021-10-02,6246.5337,5990.2646
2653,2021-10-03,6131.174,5949.3384
2654,2021-10-04,6521.5825,6535.559
2655,2021-10-05,6570.4434,6482.915
2656,2021-10-06,6564.561,6573.054
2657,2021-10-07,6559.132,6612.238
2658,2021-10-08,6557.7744,6713.7734
2659,2021-10-09,6263.2715,6439.4873
2660,2021-10-10,6119.864,6257.1685
2661,2021-10-11,6511.18,6658.779
2662,2021-10-12,6570.4395,6885.4077
2663,2021-10-13,6576.322,6904.2583
2664,2021-10-14,6579.942,6975.4473
2665,2021-10-15,6596.2275,6928.0503
2666,2021-10-16,6305.793,6626.86
2667,2021-10-17,6189.985,6271.2397
2668,2021-10-18,6560.038,6581.867
2669,2021-10-19,6641.9175,6684.4634
2670,2021-10-20,6630.608,6550.5884
2671,2021-10-21,6642.8237,6475.0454
2672,2021-10-22,6624.73,6528.918
2673,2021-10-23,6338.3677,6229.809
2674,2021-10-24,6251.962,6056.3564
2675,2021-10-25,6643.2744,6580.954
2676,2021-10-26,6691.2285,6681.8013
2677,2021-10-27,6712.49,6704.128
2678,2021-10-28,6721.5376,6654.5933
2679,2021-10-29,6689.872,6712.5684
2680,2021-10-30,6360.989,6415.479
2681,2021-10-31,6269.1514,6160.9214
2682,2021-11-01,6662.2744,6482.731
2683,2021-11-02,6717.013,6462.4326
2684,2021-11-03,6719.728,6431.2437
2685,2021-11-04,6722.4443,6063.2866
2686,2021-11-05,6693.49,6435.461
2687,2021-11-06,6381.7944,6202.514
2688,2021-11-07,6287.701,6066.5063
2689,2021-11-08,6670.419,6505.1714
2690,2021-11-09,6719.7295,6540.7446
2691,2021-11-10,6716.109,6417.857
2692,2021-11-11,6705.703,6485.3022
2693,2021-11-12,6644.18,6537.6636
2694,2021-11-13,6346.0576,6180.2104
2695,2021-11-14,6268.7,6101.277
2696,2021-11-15,6666.3467,6600.199
2697,2021-11-16,6732.3945,6658.95
2698,2021-11-17,6728.323,6725.549
2699,2021-11-18,6703.8955,6604.0933
2700,2021-09-21,6581.5874,6606.545
2701,2021-09-22,6555.79,6620.951
2702,2021-09-23,6582.491,6656.3955
2703,2021-09-24,6567.1045,6735.366
2704,2021-09-25,6273.395,6355.463
2705,2021-09-26,6090.558,6186.116
2706,2021-09-27,6531.3506,6522.6646
2707,2021-09-28,6581.1333,6454.898
2708,2021-09-29,6579.775,6529.6504
2709,2021-09-30,6547.6445,6377.2363
2710,2021-10-01,6515.06,6364.8223
2711,2021-10-02,6224.5176,5990.2646
2712,2021-10-03,6093.2744,5949.3384
2713,2021-10-04,6505.5557,6535.559
2714,2021-10-05,6537.2363,6482.915
2715,2021-10-06,6528.185,6573.054
2716,2021-10-07,6524.112,6612.238
2717,2021-10-08,6490.1704,6713.7734
2718,2021-10-09,6213.656,6439.4873
2719,2021-10-10,6082.8657,6257.1685
2720,2021-10-11,6450.344,6658.779
2721,2021-10-12,6496.505,6885.4077
2722,2021-10-13,6493.788,6904.2583
2723,2021-10-14,6520.4907,6975.4473
2724,2021-10-15,6491.982,6928.0503
2725,2021-10-16,6221.35,6626.86
2726,2021-10-17,6115.4517,6271.2397
2727,2021-10-18,6476.141,6581.867
2728,2021-10-19,6546.74,6684.4634
2729,2021-10-20,6555.3394,6550.5884
2730,2021-10-21,6558.9595,6475.0454
2731,2021-10-22,6533.6157,6528.918
2732,2021-10-23,6274.299,6229.809
2733,2021-10-24,6164.3257,6056.3564
2734,2021-10-25,6552.1704,6580.954
2735,2021-10-26,6628.6523,6681.8013
2736,2021-10-27,6654.449,6704.128
2737,2021-10-28,6662.1426,6654.5933
2738,2021-10-29,6619.6025,6712.5684
2739,2021-10-30,6325.889,6415.479
2740,2021-10-31,6253.0283,6160.9214
2741,2021-11-01,6620.9604,6482.731
2742,2021-11-02,6667.575,6462.4326
2743,2021-11-03,6660.334,6431.2437
2744,2021-11-04,6682.9614,6063.2866
2745,2021-11-05,6649.924,6435.461
2746,2021-11-06,6349.4243,6202.514
2747,2021-11-07,6242.618,6066.5063
2748,2021-11-08,6621.413,6505.1714
2749,2021-11-09,6700.1562,6540.7446
2750,2021-11-10,6703.326,6417.857
2751,2021-11-11,6682.9595,6485.3022
2752,2021-11-12,6641.7783,6537.6636
2753,2021-11-13,6332.678,6180.2104
2754,2021-11-14,6253.9346,6101.277
2755,2021-11-15,6663.047,6600.199
2756,2021-11-16,6735.91,6658.95
2757,2021-11-17,6708.3027,6725.549
2758,2021-11-18,6693.82,6604.0933
2759,2021-11-19,6656.2593,6621.789
2760,2021-09-22,6587.6265,6620.951
2761,2021-09-23,6571.7817,6656.3955
2762,2021-09-24,6550.5063,6735.366
2763,2021-09-25,6224.5674,6355.463
2764,2021-09-26,6062.5024,6186.116
2765,2021-09-27,6486.6763,6522.6646
2766,2021-09-28,6553.675,6454.898
2767,2021-09-29,6547.338,6529.6504
2768,2021-09-30,6541.9043,6377.2363
2769,2021-10-01,6522.44,6364.8223
2770,2021-10-02,6204.6475,5990.2646
2771,2021-10-03,6076.084,5949.3384
2772,2021-10-04,6489.393,6535.559
2773,2021-10-05,6531.494,6482.915
2774,2021-10-06,6519.2715,6573.054
2775,2021-10-07,6518.365,6612.238
2776,2021-10-08,6492.11,6713.7734
2777,2021-10-09,6204.196,6439.4873
2778,2021-10-10,6105.055,6257.1685
2779,2021-10-11,6469.9263,6658.779
2780,2021-10-12,6511.5757,6885.4077
2781,2021-10-13,6523.346,6904.2583
2782,2021-10-14,6523.3457,6975.4473
2783,2021-10-15,6474.9087,6928.0503
2784,2021-10-16,6193.785,6626.86
2785,2021-10-17,6116.8257,6271.2397
2786,2021-10-18,6460.8726,6581.867
2787,2021-10-19,6528.3257,6684.4634
2788,2021-10-20,6542.359,6550.5884
2789,2021-10-21,6544.6206,6475.0454
2790,2021-10-22,6524.703,6528.918
2791,2021-10-23,6246.297,6229.809
2792,2021-10-24,6170.2456,6056.3564
2793,2021-10-25,6543.264,6580.954
2794,2021-10-26,6621.5786,6681.8013
2795,2021-10-27,6612.525,6704.128
2796,2021-10-28,6618.8623,6654.5933
2797,2021-10-29,6579.027,6712.5684
2798,2021-10-30,6287.491,6415.479
2799,2021-10-31,6190.1626,6160.9214
2800,2021-11-01,6571.783,6482.731
2801,2021-11-02,6644.216,6462.4326
2802,2021-11-03,6655.985,6431.2437
2803,2021-11-04,6654.174,6063.2866
2804,2021-11-05,6606.643,6435.461
2805,2021-11-06,6321.8955,6202.514
2806,2021-11-07,6201.0254,6066.5063
2807,2021-11-08,6585.8164,6505.1714
2808,2021-11-09,6655.531,6540.7446
2809,2021-11-10,6657.795,6417.857
2810,2021-11-11,6653.2705,6485.3022
2811,2021-11-12,6602.1143,6537.6636
2812,2021-11-13,6287.493,6180.2104
2813,2021-11-14,6210.08,6101.277
2814,2021-11-15,6591.2485,6600.199
2815,2021-11-16,6657.342,6658.95
2816,2021-11-17,6646.4795,6725.549
2817,2021-11-18,6649.196,6604.0933
2818,2021-11-19,6612.527,6621.789
2819,2021-11-20,6316.916,6226.407
2820,2021-09-23,6622.065,6656.3955
2821,2021-09-24,6613.462,6735.366
2822,2021-09-25,6310.0713,6355.463
2823,2021-09-26,6118.529,6186.116
2824,2021-09-27,6521.0854,6522.6646
2825,2021-09-28,6600.3296,6454.898
2826,2021-09-29,6592.632,6529.6504
2827,2021-09-30,6585.841,6377.2363
2828,2021-10-01,6564.105,6364.8223
2829,2021-10-02,6248.9424,5990.2646
2830,2021-10-03,6110.379,5949.3384
2831,2021-10-04,6477.6167,6535.559
2832,2021-10-05,6545.0854,6482.915
2833,2021-10-06,6556.8594,6573.054
2834,2021-10-07,6552.333,6612.238
2835,2021-10-08,6515.199,6713.7734
2836,2021-10-09,6247.5845,6439.4873
2837,2021-10-10,6108.567,6257.1685
2838,2021-10-11,6475.804,6658.779
2839,2021-10-12,6559.125,6885.4077
2840,2021-10-13,6555.049,6904.2583
2841,2021-10-14,6550.0674,6975.4473
2842,2021-10-15,6521.087,6928.0503
2843,2021-10-16,6240.338,6626.86
2844,2021-10-17,6110.831,6271.2397
2845,2021-10-18,6473.541,6581.867
2846,2021-10-19,6536.9346,6684.4634
2847,2021-10-20,6526.5195,6550.5884
2848,2021-10-21,6526.0684,6475.0454
2849,2021-10-22,6521.9937,6528.918
2850,2021-10-23,6236.7144,6229.809
2851,2021-10-24,6124.4155,6056.3564
2852,2021-10-25,6509.7686,6580.954
2853,2021-10-26,6608.483,6681.8013
2854,2021-10-27,6614.821,6704.128
2855,2021-10-28,6632.03,6654.5933
2856,2021-10-29,6591.7275,6712.5684
2857,2021-10-30,6316.412,6415.479
2858,2021-10-31,6186.904,6160.9214
2859,2021-11-01,6553.236,6482.731
2860,2021-11-02,6627.9526,6462.4326
2861,2021-11-03,6630.217,6431.2437
2862,2021-11-04,6639.273,6063.2866
2863,2021-11-05,6602.595,6435.461
2864,2021-11-06,6323.6562,6202.514
2865,2021-11-07,6192.793,6066.5063
2866,2021-11-08,6548.2563,6505.1714
2867,2021-11-09,6629.312,6540.7446
2868,2021-11-10,6630.6704,6417.857
2869,2021-11-11,6624.3306,6485.3022
2870,2021-11-12,6584.935,6537.6636
2871,2021-11-13,6286.9775,6180.2104
2872,2021-11-14,6154.3027,6101.277
2873,2021-11-15,6534.672,6600.199
2874,2021-11-16,6634.745,6658.95
2875,2021-11-17,6645.1626,6725.549
2876,2021-11-18,6632.482,6604.0933
2877,2021-11-19,6580.861,6621.789
2878,2021-11-20,6281.545,6226.407
2879,2021-11-21,6169.6973,6122.0024
2880,2021-09-24,6612.083,6735.366
2881,2021-09-25,6269.2036,6355.463
2882,2021-09-26,6077.6094,6186.116
2883,2021-09-27,6505.187,6522.6646
2884,2021-09-28,6569.959,6454.898
2885,2021-09-29,6568.6,6529.6504
2886,2021-09-30,6559.087,6377.2363
2887,2021-10-01,6513.3394,6364.8223
2888,2021-10-02,6234.781,5990.2646
2889,2021-10-03,6065.833,5949.3384
2890,2021-10-04,6485.712,6535.559
2891,2021-10-05,6559.5425,6482.915
2892,2021-10-06,6548.2163,6573.054
2893,2021-10-07,6526.4756,6612.238
2894,2021-10-08,6487.976,6713.7734
2895,2021-10-09,6177.2563,6439.4873
2896,2021-10-10,6069.4556,6257.1685
2897,2021-10-11,6465.3286,6658.779
2898,2021-10-12,6539.6123,6885.4077
2899,2021-10-13,6524.2114,6904.2583
2900,2021-10-14,6526.478,6975.4473
2901,2021-10-15,6506.0923,6928.0503
2902,2021-10-16,6224.814,6626.86
2903,2021-10-17,6117.014,6271.2397
2904,2021-10-18,6506.095,6581.867
2905,2021-10-19,6571.77,6684.4634
2906,2021-10-20,6578.565,6550.5884
2907,2021-10-21,6574.4883,6475.0454
2908,2021-10-22,6531.005,6528.918
2909,2021-10-23,6252.9,6229.809
2910,2021-10-24,6148.268,6056.3564
2911,2021-10-25,6511.0767,6580.954
2912,2021-10-26,6597.588,6681.8013
2913,2021-10-27,6623.4062,6704.128
2914,2021-10-28,6608.9106,6654.5933
2915,2021-10-29,6559.9937,6712.5684
2916,2021-10-30,6270.5605,6415.479
2917,2021-10-31,6191.297,6160.9214
2918,2021-11-01,6578.5664,6482.731
2919,2021-11-02,6643.338,6462.4326
2920,2021-11-03,6647.866,6431.2437
2921,2021-11-04,6666.8887,6063.2866
2922,2021-11-05,6627.4824,6435.461
2923,2021-11-06,6315.4033,6202.514
2924,2021-11-07,6213.4917,6066.5063
2925,2021-11-08,6569.0537,6505.1714
2926,2021-11-09,6649.225,6540.7446
2927,2021-11-10,6655.565,6417.857
2928,2021-11-11,6640.165,6485.3022
2929,2021-11-12,6589.888,6537.6636
2930,2021-11-13,6297.2856,6180.2104
2931,2021-11-14,6204.8857,6101.277
2932,2021-11-15,6576.3,6600.199
2933,2021-11-16,6664.17,6658.95
2934,2021-11-17,6662.8125,6725.549
2935,2021-11-18,6643.7886,6604.0933
2936,2021-11-19,6564.5225,6621.789
2937,2021-11-20,6300.005,6226.407
2938,2021-11-21,6243.3857,6122.0024
2939,2021-11-22,6586.264,6590.2397
2940,2021-09-25,6370.7593,6355.463
2941,2021-09-26,6110.2363,6186.116
2942,2021-09-27,6436.0024,6522.6646
2943,2021-09-28,6599.5645,6454.898
2944,2021-09-29,6597.299,6529.6504
2945,2021-09-30,6585.5186,6377.2363
2946,2021-10-01,6564.679,6364.8223
2947,2021-10-02,6314.5767,5990.2646
2948,2021-10-03,6131.5327,5949.3384
2949,2021-10-04,6421.9575,6535.559
2950,2021-10-05,6582.801,6482.915
2951,2021-10-06,6573.285,6573.054
2952,2021-10-07,6576.006,6612.238
2953,2021-10-08,6560.147,6713.7734
2954,2021-10-09,6310.953,6439.4873
2955,2021-10-10,6122.017,6257.1685
2956,2021-10-11,6437.364,6658.779
2957,2021-10-12,6580.9873,6885.4077
2958,2021-10-13,6580.0825,6904.2583
2959,2021-10-14,6584.614,6975.4473
2960,2021-10-15,6589.596,6928.0503
2961,2021-10-16,6362.1514,6626.86
2962,2021-10-17,6162.7954,6271.2397
2963,2021-10-18,6460.4673,6581.867
2964,2021-10-19,6615.8745,6684.4634
2965,2021-10-20,6614.9673,6550.5884
2966,2021-10-21,6613.6113,6475.0454
2967,2021-10-22,6585.52,6528.918
2968,2021-10-23,6316.388,6229.809
2969,2021-10-24,6176.838,6056.3564
2970,2021-10-25,6487.199,6580.954
2971,2021-10-26,6635.8105,6681.8013
2972,2021-10-27,6665.2607,6704.128
2973,2021-10-28,6668.885,6654.5933
2974,2021-10-29,6636.2627,6712.5684
2975,2021-10-30,6379.8213,6415.479
2976,2021-10-31,6217.163,6160.9214
2977,2021-11-01,6522.0874,6482.731
2978,2021-11-02,6650.3105,6462.4326
2979,2021-11-03,6662.9956,6431.2437
2980,2021-11-04,6657.5586,6063.2866
2981,2021-11-05,6627.201,6435.461
2982,2021-11-06,6379.8184,6202.514
2983,2021-11-07,6234.8345,6066.5063
2984,2021-11-08,6526.618,6505.1714
2985,2021-11-09,6660.73,6540.7446
2986,2021-11-10,6670.2437,6417.857
2987,2021-11-11,6682.477,6485.3022
2988,2021-11-12,6658.918,6537.6636
2989,2021-11-13,6411.989,6180.2104
2990,2021-11-14,6246.163,6101.277
2991,2021-11-15,6529.3374,6600.199
2992,2021-11-16,6672.5107,6658.95
2993,2021-11-17,6681.5713,6725.549
2994,2021-11-18,6661.183,6604.0933
2995,2021-11-19,6616.3286,6621.789
2996,2021-11-20,6373.4756,6226.407
2997,2021-11-21,6240.2715,6122.0024
2998,2021-11-22,6549.7236,6590.2397
2999,2021-11-23,6684.2886,6618.4697
3000,2021-09-26,6058.6235,6186.116
3001,2021-09-27,6522.72,6522.6646
3002,2021-09-28,6587.0767,6454.898
3003,2021-09-29,6579.8257,6529.6504
3004,2021-09-30,6587.53,6377.2363
3005,2021-10-01,6551.272,6364.8223
3006,2021-10-02,6230.848,5990.2646
3007,2021-10-03,6082.6445,5949.3384
3008,2021-10-04,6510.482,6535.559
3009,2021-10-05,6568.948,6482.915
3010,2021-10-06,6563.9644,6573.054
3011,2021-10-07,6546.743,6612.238
3012,2021-10-08,6529.0654,6713.7734
3013,2021-10-09,6212.7188,6439.4873
3014,2021-10-10,6064.9688,6257.1685
3015,2021-10-11,6480.5713,6658.779
3016,2021-10-12,6549.913,6885.4077
3017,2021-10-13,6544.0215,6904.2583
3018,2021-10-14,6549.006,6975.4473
3019,2021-10-15,6525.893,6928.0503
3020,2021-10-16,6258.947,6626.86
3021,2021-10-17,6110.2896,6271.2397
3022,2021-10-18,6497.341,6581.867
3023,2021-10-19,6568.0425,6684.4634
3024,2021-10-20,6582.5444,6550.5884
3025,2021-10-21,6582.9976,6475.0454
3026,2021-10-22,6549.9106,6528.918
3027,2021-10-23,6286.1406,6229.809
3028,2021-10-24,6168.756,6056.3564
3029,2021-10-25,6537.223,6580.954
3030,2021-10-26,6608.831,6681.8013
3031,2021-10-27,6616.085,6704.128
3032,2021-10-28,6610.6445,6654.5933
3033,2021-10-29,6582.998,6712.5684
3034,2021-10-30,6297.017,6415.479
3035,2021-10-31,6196.857,6160.9214
3036,2021-11-01,6563.5073,6482.731
3037,2021-11-02,6646.904,6462.4326
3038,2021-11-03,6670.469,6431.2437
3039,2021-11-04,6650.0723,6063.2866
3040,2021-11-05,6604.753,6435.461
3041,2021-11-06,6314.694,6202.514
3042,2021-11-07,6190.965,6066.5063
3043,2021-11-08,6567.135,6505.1714
3044,2021-11-09,6654.6074,6540.7446
3045,2021-11-10,6665.9375,6417.857
3046,2021-11-11,6649.17,6485.3022
3047,2021-11-12,6592.0625,6537.6636
3048,2021-11-13,6299.7373,6180.2104
3049,2021-11-14,6198.67,6101.277
3050,2021-11-15,6587.0786,6600.199
3051,2021-11-16,6688.5996,6658.95
3052,2021-11-17,6688.5957,6725.549
3053,2021-11-18,6660.4985,6604.0933
3054,2021-11-19,6590.703,6621.789
3055,2021-11-20,6294.2974,6226.407
3056,2021-11-21,6191.4175,6122.0024
3057,2021-11-22,6575.7456,6590.2397
3058,2021-11-23,6655.9673,6618.4697
3059,2021-11-24,6658.6875,6477.9897
3060,2021-09-27,6559.0986,6522.6646
3061,2021-09-28,6603.524,6454.898
3062,2021-09-29,6598.537,6529.6504
3063,2021-09-30,6600.3477,6377.2363
3064,2021-10-01,6579.497,6364.8223
3065,2021-10-02,6261.2676,5990.2646
3066,2021-10-03,6117.5645,5949.3384
3067,2021-10-04,6553.6587,6535.559
3068,2021-10-05,6603.069,6482.915
3069,2021-10-06,6598.9893,6573.054
3070,2021-10-07,6578.1377,6612.238
3071,2021-10-08,6550.483,6713.7734
3072,2021-10-09,6254.466,6439.4873
3073,2021-10-10,6149.2954,6257.1685
3074,2021-10-11,6549.5776,6658.779
3075,2021-10-12,6582.6694,6885.4077
3076,2021-10-13,6594.457,6904.2583
3077,2021-10-14,6597.631,6975.4473
3078,2021-10-15,6565.4443,6928.0503
3079,2021-10-16,6272.598,6626.86
3080,2021-10-17,6160.629,6271.2397
3081,2021-10-18,6542.777,6581.867
3082,2021-10-19,6589.925,6684.4634
3083,2021-10-20,6592.6436,6550.5884
3084,2021-10-21,6608.509,6475.0454
3085,2021-10-22,6577.2295,6528.918
3086,2021-10-23,6278.4917,6229.809
3087,2021-10-24,6188.2837,6056.3564
3088,2021-10-25,6592.6426,6580.954
3089,2021-10-26,6638.881,6681.8013
3090,2021-10-27,6642.507,6704.128
3091,2021-10-28,6641.149,6654.5933
3092,2021-10-29,6609.87,6712.5684
3093,2021-10-30,6320.1987,6415.479
3094,2021-10-31,6220.467,6160.9214
3095,2021-11-01,6608.9614,6482.731
3096,2021-11-02,6668.346,6462.4326
3097,2021-11-03,6690.5605,6431.2437
3098,2021-11-04,6702.801,6063.2866
3099,2021-11-05,6657.4683,6435.461
3100,2021-11-06,6345.1294,6202.514
3101,2021-11-07,6258.5483,6066.5063
3102,2021-11-08,6654.295,6505.1714
3103,2021-11-09,6714.134,6540.7446
3104,2021-11-10,6713.226,6417.857
3105,2021-11-11,6705.5215,6485.3022
3106,2021-11-12,6669.254,6537.6636
3107,2021-11-13,6334.252,6180.2104
3108,2021-11-14,6248.12,6101.277
3109,2021-11-15,6646.135,6600.199
3110,2021-11-16,6680.587,6658.95
3111,2021-11-17,6679.2275,6725.549
3112,2021-11-18,6682.4014,6604.0933
3113,2021-11-19,6627.0957,6621.789
3114,2021-11-20,6312.4917,6226.407
3115,2021-11-21,6235.427,6122.0024
3116,2021-11-22,6616.215,6590.2397
3117,2021-11-23,6656.1074,6618.4697
3118,2021-11-24,6666.081,6477.9897
3119,2021-11-25,6651.574,6530.0786
3120,2021-09-28,6577.319,6454.898
3121,2021-09-29,6580.946,6529.6504
3122,2021-09-30,6560.089,6377.2363
3123,2021-10-01,6553.2837,6364.8223
3124,2021-10-02,6239.4736,5990.2646
3125,2021-10-03,6093.9043,5949.3384
3126,2021-10-04,6536.96,6535.559
3127,2021-10-05,6555.552,6482.915
3128,2021-10-06,6553.7373,6573.054
3129,2021-10-07,6538.317,6612.238
3130,2021-10-08,6501.135,6713.7734
3131,2021-10-09,6185.511,6439.4873
3132,2021-10-10,6090.277,6257.1685
3133,2021-10-11,6545.122,6658.779
3134,2021-10-12,6546.027,6885.4077
3135,2021-10-13,6521.0864,6904.2583
3136,2021-10-14,6520.18,6975.4473
3137,2021-10-15,6488.436,6928.0503
3138,2021-10-16,6193.2173,6626.86
3139,2021-10-17,6097.0806,6271.2397
3140,2021-10-18,6509.297,6581.867
3141,2021-10-19,6528.797,6684.4634
3142,2021-10-20,6518.8193,6550.5884
3143,2021-10-21,6512.016,6475.0454
3144,2021-10-22,6472.564,6528.918
3145,2021-10-23,6194.128,6229.809
3146,2021-10-24,6132.4517,6056.3564
3147,2021-10-25,6545.576,6580.954
3148,2021-10-26,6577.7725,6681.8013
3149,2021-10-27,6580.493,6704.128
3150,2021-10-28,6584.5737,6654.5933
3151,2021-10-29,6535.598,6712.5684
3152,2021-10-30,6248.996,6415.479
3153,2021-10-31,6193.6724,6160.9214
3154,2021-11-01,6575.5044,6482.731
3155,2021-11-02,6611.7856,6462.4326
3156,2021-11-03,6623.1206,6431.2437
3157,2021-11-04,6620.4014,6063.2866
3158,2021-11-05,6573.6904,6435.461
3159,2021-11-06,6271.217,6202.514
3160,2021-11-07,6198.207,6066.5063
3161,2021-11-08,6588.2017,6505.1714
3162,2021-11-09,6624.4805,6540.7446
3163,2021-11-10,6631.283,6417.857
3164,2021-11-11,6624.9346,6485.3022
3165,2021-11-12,6558.7256,6537.6636
3166,2021-11-13,6280.7407,6180.2104
3167,2021-11-14,6218.612,6101.277
3168,2021-11-15,6609.0625,6600.199
3169,2021-11-16,6650.7827,6658.95
3170,2021-11-17,6630.831,6725.549
3171,2021-11-18,6626.7495,6604.0933
3172,2021-11-19,6578.2246,6621.789
3173,2021-11-20,6240.835,6226.407
3174,2021-11-21,6198.661,6122.0024
3175,2021-11-22,6591.8296,6590.2397
3176,2021-11-23,6620.851,6618.4697
3177,2021-11-24,6597.725,6477.9897
3178,2021-11-25,6595.913,6530.0786
3179,2021-11-26,6526.9814,6612.006
3180,2021-09-29,6476.2485,6529.6504
3181,2021-09-30,6491.67,6377.2363
3182,2021-10-01,6480.331,6364.8223
3183,2021-10-02,6154.2036,5990.2646
3184,2021-10-03,6035.3677,5949.3384
3185,2021-10-04,6501.647,6535.559
3186,2021-10-05,6515.257,6482.915
3187,2021-10-06,6500.286,6573.054
3188,2021-10-07,6519.7925,6612.238
3189,2021-10-08,6473.9795,6713.7734
3190,2021-10-09,6165.092,6439.4873
3191,2021-10-10,6057.138,6257.1685
3192,2021-10-11,6499.3794,6658.779
3193,2021-10-12,6504.37,6885.4077
3194,2021-10-13,6499.381,6904.2583
3195,2021-10-14,6509.361,6975.4473
3196,2021-10-15,6480.3306,6928.0503
3197,2021-10-16,6191.85,6626.86
3198,2021-10-17,6059.4067,6271.2397
3199,2021-10-18,6496.66,6581.867
3200,2021-10-19,6532.4917,6684.4634
3201,2021-10-20,6534.3057,6550.5884
3202,2021-10-21,6522.9673,6475.0454
3203,2021-10-22,6484.8677,6528.918
3204,2021-10-23,6180.058,6229.809
3205,2021-10-24,6091.611,6056.3564
3206,2021-10-25,6527.0513,6580.954
3207,2021-10-26,6578.303,6681.8013
3208,2021-10-27,6568.325,6704.128
3209,2021-10-28,6571.4995,6654.5933
3210,2021-10-29,6527.049,6712.5684
3211,2021-10-30,6206.82,6415.479
3212,2021-10-31,6114.29,6160.9214
3213,2021-11-01,6553.3564,6482.731
3214,2021-11-02,6583.747,6462.4326
3215,2021-11-03,6595.5405,6431.2437
3216,2021-11-04,6596.9014,6063.2866
3217,2021-11-05,6556.5312,6435.461
3218,2021-11-06,6237.6636,6202.514
3219,2021-11-07,6157.3794,6066.5063
3220,2021-11-08,6559.709,6505.1714
3221,2021-11-09,6596.9023,6540.7446
3222,2021-11-10,6590.0977,6417.857
3223,2021-11-11,6612.777,6485.3022
3224,2021-11-12,6562.8833,6537.6636
3225,2021-11-13,6234.033,6180.2104
3226,2021-11-14,6148.3086,6101.277
3227,2021-11-15,6576.037,6600.199
3228,2021-11-16,6614.139,6658.95
3229,2021-11-17,6616.4043,6725.549
3230,2021-11-18,6605.9727,6604.0933
3231,2021-11-19,6544.284,6621.789
3232,2021-11-20,6234.037,6226.407
3233,2021-11-21,6152.845,6122.0024
3234,2021-11-22,6597.3535,6590.2397
3235,2021-11-23,6635.9077,6618.4697
3236,2021-11-24,6633.1875,6477.9897
3237,2021-11-25,6599.167,6530.0786
3238,2021-11-26,6543.3774,6612.006
3239,2021-11-27,6214.5327,6319.2026
3240,2021-09-30,6563.52,6377.2363
3241,2021-10-01,6538.5654,6364.8223
3242,2021-10-02,6215.9937,5990.2646
3243,2021-10-03,6073.5327,5949.3384
3244,2021-10-04,6513.6113,6535.559
3245,2021-10-05,6519.509,6482.915
3246,2021-10-06,6499.0933,6573.054
3247,2021-10-07,6494.555,6612.238
3248,2021-10-08,6479.584,6713.7734
3249,2021-10-09,6188.3174,6439.4873
3250,2021-10-10,6072.1714,6257.1685
3251,2021-10-11,6501.36,6658.779
3252,2021-10-12,6535.3887,6885.4077
3253,2021-10-13,6524.0454,6904.2583
3254,2021-10-14,6524.955,6975.4473
3255,2021-10-15,6509.982,6928.0503
3256,2021-10-16,6229.6025,6626.86
3257,2021-10-17,6119.3555,6271.2397
3258,2021-10-18,6523.592,6581.867
3259,2021-10-19,6558.5254,6684.4634
3260,2021-10-20,6558.9805,6550.5884
3261,2021-10-21,6540.3794,6475.0454
3262,2021-10-22,6524.9546,6528.918
3263,2021-10-23,6239.1294,6229.809
3264,2021-10-24,6142.041,6056.3564
3265,2021-10-25,6551.72,6580.954
3266,2021-10-26,6592.553,6681.8013
3267,2021-10-27,6590.2837,6704.128
3268,2021-10-28,6600.267,6654.5933
3269,2021-10-29,6573.498,6712.5684
3270,2021-10-30,6264.5356,6415.479
3271,2021-10-31,6185.1406,6160.9214
3272,2021-11-01,6583.933,6482.731
3273,2021-11-02,6610.7007,6462.4326
3274,2021-11-03,6622.498,6431.2437
3275,2021-11-04,6625.6733,6063.2866
3276,2021-11-05,6602.989,6435.461
3277,2021-11-06,6304.4614,6202.514
3278,2021-11-07,6201.928,6066.5063
3279,2021-11-08,6597.09,6505.1714
3280,2021-11-09,6629.3027,6540.7446
3281,2021-11-10,6633.3857,6417.857
3282,2021-11-11,6632.931,6485.3022
3283,2021-11-12,6592.5537,6537.6636
3284,2021-11-13,6312.175,6180.2104
3285,2021-11-14,6243.212,6101.277
3286,2021-11-15,6617.0527,6600.199
3287,2021-11-16,6642.0063,6658.95
3288,2021-11-17,6632.4775,6725.549
3289,2021-11-18,6609.342,6604.0933
3290,2021-11-19,6561.2495,6621.789
3291,2021-11-20,6256.823,6226.407
3292,2021-11-21,6174.2515,6122.0024
3293,2021-11-22,6586.656,6590.2397
3294,2021-11-23,6625.6733,6618.4697
3295,2021-11-24,6611.156,6477.9897
3296,2021-11-25,6602.535,6530.0786
3297,2021-11-26,6563.0625,6612.006
3298,2021-11-27,6262.2695,6319.2026
3299,2021-11-28,6201.02,6150.5464
3300,2021-10-01,6366.8066,6364.8223
3301,2021-10-02,6135.835,5990.2646
3302,2021-10-03,5976.563,5949.3384
3303,2021-10-04,6371.7974,6535.559
3304,2021-10-05,6441.677,6482.915
3305,2021-10-06,6445.7617,6573.054
3306,2021-10-07,6449.8457,6612.238
3307,2021-10-08,6395.846,6713.7734
3308,2021-10-09,6141.735,6439.4873
3309,2021-10-10,6003.3354,6257.1685
3310,2021-10-11,6384.5024,6658.779
3311,2021-10-12,6464.8193,6885.4077
3312,2021-10-13,6458.0137,6904.2583
3313,2021-10-14,6454.384,6975.4473
3314,2021-10-15,6413.543,6928.0503
3315,2021-10-16,6129.9355,6626.86
3316,2021-10-17,6031.924,6271.2397
3317,2021-10-18,6413.545,6581.867
3318,2021-10-19,6480.247,6684.4634
3319,2021-10-20,6477.0713,6550.5884
3320,2021-10-21,6475.7104,6475.0454
3321,2021-10-22,6461.6426,6528.918
3322,2021-10-23,6181.6655,6229.809
3323,2021-10-24,6098.6265,6056.3564
3324,2021-10-25,6478.886,6580.954
3325,2021-10-26,6526.5317,6681.8013
3326,2021-10-27,6546.044,6704.128
3327,2021-10-28,6549.674,6654.5933
3328,2021-10-29,6517.91,6712.5684
3329,2021-10-30,6242.0176,6415.479
3330,2021-10-31,6155.3477,6160.9214
3331,2021-11-01,6530.162,6482.731
3332,2021-11-02,6595.051,6462.4326
3333,2021-11-03,6625.4526,6431.2437
3334,2021-11-04,6620.915,6063.2866
3335,2021-11-05,6560.564,6435.461
3336,2021-11-06,6285.5796,6202.514
3337,2021-11-07,6165.784,6066.5063
3338,2021-11-08,6536.061,6505.1714
3339,2021-11-09,6609.1167,6540.7446
3340,2021-11-10,6615.9233,6417.857
3341,2021-11-11,6592.328,6485.3022
3342,2021-11-12,6526.5317,6537.6636
3343,2021-11-13,6237.933,6180.2104
3344,2021-11-14,6142.189,6101.277
3345,2021-11-15,6521.5405,6600.199
3346,2021-11-16,6584.16,6658.95
3347,2021-11-17,6577.808,6725.549
3348,2021-11-18,6552.3965,6604.0933
3349,2021-11-19,6498.3975,6621.789
3350,2021-11-20,6219.7837,6226.407
3351,2021-11-21,6138.105,6122.0024
3352,2021-11-22,6494.7676,6590.2397
3353,2021-11-23,6567.3706,6618.4697
3354,2021-11-24,6558.2944,6477.9897
3355,2021-11-25,6543.32,6530.0786
3356,2021-11-26,6468.902,6612.006
3357,2021-11-27,6210.708,6319.2026
3358,2021-11-28,6137.6504,6150.5464
3359,2021-11-29,6508.381,6719.57
3360,2021-10-02,6108.1465,5990.2646
3361,2021-10-03,6007.3887,5949.3384
3362,2021-10-04,6410.8745,6535.559
3363,2021-10-05,6439.4683,6482.915
3364,2021-10-06,6433.1143,6573.054
3365,2021-10-07,6423.5825,6612.238
3366,2021-10-08,6389.9976,6713.7734
3367,2021-10-09,6101.794,6439.4873
3368,2021-10-10,6015.105,6257.1685
3369,2021-10-11,6420.8623,6658.779
3370,2021-10-12,6448.5464,6885.4077
3371,2021-10-13,6458.985,6904.2583
3372,2021-10-14,6458.531,6975.4473
3373,2021-10-15,6414.507,6928.0503
3374,2021-10-16,6159.8877,6626.86
3375,2021-10-17,6070.93,6271.2397
3376,2021-10-18,6455.8086,6581.867
3377,2021-10-19,6492.1177,6684.4634
3378,2021-10-20,6474.4175,6550.5884
3379,2021-10-21,6468.063,6475.0454
3380,2021-10-22,6447.1836,6528.918
3381,2021-10-23,6161.7036,6229.809
3382,2021-10-24,6103.608,6056.3564
3383,2021-10-25,6477.5957,6580.954
3384,2021-10-26,6532.0576,6681.8013
3385,2021-10-27,6536.595,6704.128
3386,2021-10-28,6513.902,6654.5933
3387,2021-10-29,6481.6787,6712.5684
3388,2021-10-30,6227.0596,6415.479
3389,2021-10-31,6141.28,6160.9214
3390,2021-11-01,6508.912,6482.731
3391,2021-11-02,6580.168,6462.4326
3392,2021-11-03,6586.069,6431.2437
3393,2021-11-04,6569.2754,6063.2866
3394,2021-11-05,6542.9507,6435.461
3395,2021-11-06,6254.2925,6202.514
3396,2021-11-07,6175.3184,6066.5063
3397,2021-11-08,6540.2295,6505.1714
3398,2021-11-09,6595.1465,6540.7446
3399,2021-11-10,6589.245,6417.857
3400,2021-11-11,6579.714,6485.3022
3401,2021-11-12,6540.227,6537.6636
3402,2021-11-13,6247.9375,6180.2104
3403,2021-11-14,6166.2417,6101.277
3404,2021-11-15,6525.7017,6600.199
3405,2021-11-16,6587.4307,6658.95
3406,2021-11-17,6568.366,6725.549
3407,2021-11-18,6548.853,6604.0933
3408,2021-11-19,6496.203,6621.789
3409,2021-11-20,6196.6514,6226.407
3410,2021-11-21,6144.0024,6122.0024
3411,2021-11-22,6522.0723,6590.2397
3412,2021-11-23,6542.043,6618.4697
3413,2021-11-24,6514.3574,6477.9897
3414,2021-11-25,6511.634,6530.0786
3415,2021-11-26,6464.4316,6612.006
3416,2021-11-27,6188.482,6319.2026
3417,2021-11-28,6123.5776,6150.5464
3418,2021-11-29,6498.4727,6719.57
3419,2021-11-30,6555.206,6828.828
3420,2021-10-03,5929.918,5949.3384
3421,2021-10-04,6410.5723,6535.559
3422,2021-10-05,6411.9355,6482.915
3423,2021-10-06,6408.304,6573.054
3424,2021-10-07,6394.234,6612.238
3425,2021-10-08,6356.1094,6713.7734
3426,2021-10-09,6056.0957,6439.4873
3427,2021-10-10,5961.6875,6257.1685
3428,2021-10-11,6427.368,6658.779
3429,2021-10-12,6430.9976,6885.4077
3430,2021-10-13,6436.9,6904.2583
3431,2021-10-14,6426.913,6975.4473
3432,2021-10-15,6411.4824,6928.0503
3433,2021-10-16,6116.9146,6626.86
3434,2021-10-17,6035.6704,6271.2397
3435,2021-10-18,6477.7495,6581.867
3436,2021-10-19,6479.563,6684.4634
3437,2021-10-20,6469.578,6550.5884
3438,2021-10-21,6458.2314,6475.0454
3439,2021-10-22,6445.069,6528.918
3440,2021-10-23,6160.487,6229.809
3441,2021-10-24,6088.32,6056.3564
3442,2021-10-25,6501.3486,6580.954
3443,2021-10-26,6518.1436,6681.8013
3444,2021-10-27,6534.029,6704.128
3445,2021-10-28,6520.413,6654.5933
3446,2021-10-29,6474.1167,6712.5684
3447,2021-10-30,6177.281,6415.479
3448,2021-10-31,6111.4688,6160.9214
3449,2021-11-01,6542.1987,6482.731
3450,2021-11-02,6566.7095,6462.4326
3451,2021-11-03,6576.6943,6431.2437
3452,2021-11-04,6591.219,6063.2866
3453,2021-11-05,6560.3535,6435.461
3454,2021-11-06,6240.369,6202.514
3455,2021-11-07,6167.2944,6066.5063
3456,2021-11-08,6573.0645,6505.1714
3457,2021-11-09,6599.8433,6540.7446
3458,2021-11-10,6597.573,6417.857
3459,2021-11-11,6599.39,6485.3022
3460,2021-11-12,6540.384,6537.6636
3461,2021-11-13,6221.3066,6180.2104
3462,2021-11-14,6135.072,6101.277
3463,2021-11-15,6573.971,6600.199
3464,2021-11-16,6598.9326,6658.95
3465,2021-11-17,6575.332,6725.549
3466,2021-11-18,6556.2705,6604.0933
3467,2021-11-19,6499.534,6621.789
3468,2021-11-20,6180.0024,6226.407
3469,2021-11-21,6114.192,6122.0024
3470,2021-11-22,6534.0283,6590.2397
3471,2021-11-23,6555.362,6618.4697
3472,2021-11-24,6535.844,6477.9897
3473,2021-11-25,6501.35,6530.0786
3474,2021-11-26,6453.692,6612.006
3475,2021-11-27,6155.494,6319.2026
3476,2021-11-28,6079.243,6150.5464
3477,2021-11-29,6529.9443,6719.57
3478,2021-11-30,6559.447,6828.828
3479,2021-12-01,6537.207,6916.207
3480,2021-10-04,6378.588,6535.559
3481,2021-10-05,6396.291,6482.915
3482,2021-10-06,6390.3877,6573.054
3483,2021-10-07,6385.8486,6612.238
3484,2021-10-08,6315.95,6713.7734
3485,2021-10-09,6048.1523,6439.4873
3486,2021-10-10,5962.3667,6257.1685
3487,2021-10-11,6369.5107,6658.779
3488,2021-10-12,6401.2817,6885.4077
3489,2021-10-13,6407.1836,6904.2583
3490,2021-10-14,6399.014,6975.4473
3491,2021-10-15,6367.2417,6928.0503
3492,2021-10-16,6105.797,6626.86
3493,2021-10-17,6014.1094,6271.2397
3494,2021-10-18,6406.274,6581.867
3495,2021-10-19,6427.154,6684.4634
3496,2021-10-20,6454.388,6550.5884
3497,2021-10-21,6445.7637,6475.0454
3498,2021-10-22,6423.5244,6528.918
3499,2021-10-23,6174.79,6229.809
3500,2021-10-24,6084.464,6056.3564
3501,2021-10-25,6491.6094,6580.954
3502,2021-10-26,6527.013,6681.8013
3503,2021-10-27,6534.274,6704.128
3504,2021-10-28,6533.366,6654.5933
3505,2021-10-29,6467.5513,6712.5684
3506,2021-10-30,6185.6826,6415.479
3507,2021-10-31,6141.655,6160.9214
3508,2021-11-01,6531.0977,6482.731
3509,2021-11-02,6566.5005,6462.4326
3510,2021-11-03,6568.772,6431.2437
3511,2021-11-04,6566.5024,6063.2866
3512,2021-11-05,6516.572,6435.461
3513,2021-11-06,6214.732,6202.514
3514,2021-11-07,6153.4575,6066.5063
3515,2021-11-08,6573.31,6505.1714
3516,2021-11-09,6614.6133,6540.7446
3517,2021-11-10,6607.806,6417.857
3518,2021-11-11,6584.2017,6485.3022
3519,2021-11-12,6525.65,6537.6636
3520,2021-11-13,6233.7974,6180.2104
3521,2021-11-14,6183.8677,6101.277
3522,2021-11-15,6558.3306,6600.199
3523,2021-11-16,6585.564,6658.95
3524,2021-11-17,6571.0396,6725.549
3525,2021-11-18,6551.524,6604.0933
3526,2021-11-19,6488.4316,6621.789
3527,2021-11-20,6193.8545,6226.407
3528,2021-11-21,6130.761,6122.0024
3529,2021-11-22,6533.8213,6590.2397
3530,2021-11-23,6561.963,6618.4697
3531,2021-11-24,6555.6064,6477.9897
3532,2021-11-25,6546.984,6530.0786
3533,2021-11-26,6472.5444,6612.006
3534,2021-11-27,6181.598,6319.2026
3535,2021-11-28,6138.931,6150.5464
3536,2021-11-29,6524.2896,6719.57
3537,2021-11-30,6575.1265,6828.828
3538,2021-12-01,6557.4233,6916.207
3539,2021-12-02,6542.8994,6703.6147
3540,2021-10-05,6478.72,6482.915
3541,2021-10-06,6440.129,6573.054
3542,2021-10-07,6421.9688,6612.238
3543,2021-10-08,6367.0327,6713.7734
3544,2021-10-09,6072.8364,6439.4873
3545,2021-10-10,5962.0566,6257.1685
3546,2021-10-11,6415.1577,6658.779
3547,2021-10-12,6418.791,6885.4077
3548,2021-10-13,6407.4395,6904.2583
3549,2021-10-14,6417.428,6975.4473
3550,2021-10-15,6392.005,6928.0503
3551,2021-10-16,6093.265,6626.86
3552,2021-10-17,6030.1587,6271.2397
3553,2021-10-18,6456.4746,6581.867
3554,2021-10-19,6473.272,6684.4634
3555,2021-10-20,6462.3774,6550.5884
3556,2021-10-21,6448.3013,6475.0454
3557,2021-10-22,6419.2456,6528.918
3558,2021-10-23,6165.9062,6229.809
3559,2021-10-24,6117.328,6056.3564
3560,2021-10-25,6510.955,6580.954
3561,2021-10-26,6521.398,6681.8013
3562,2021-10-27,6532.295,6704.128
3563,2021-10-28,6517.31,6654.5933
3564,2021-10-29,6462.3755,6712.5684
3565,2021-10-30,6179.527,6415.479
3566,2021-10-31,6177.259,6160.9214
3567,2021-11-01,6547.7295,6482.731
3568,2021-11-02,6567.252,6462.4326
3569,2021-11-03,6584.505,6431.2437
3570,2021-11-04,6575.8774,6063.2866
3571,2021-11-05,6516.8564,6435.461
3572,2021-11-06,6223.5674,6202.514
3573,2021-11-07,6210.4,6066.5063
3574,2021-11-08,6590.86,6505.1714
3575,2021-11-09,6622.189,6540.7446
3576,2021-11-10,6622.1875,6417.857
3577,2021-11-11,6623.095,6485.3022
3578,2021-11-12,6553.177,6537.6636
3579,2021-11-13,6251.261,6180.2104
3580,2021-11-14,6208.5854,6101.277
3581,2021-11-15,6598.5767,6600.199
3582,2021-11-16,6635.3525,6658.95
3583,2021-11-17,6614.9224,6725.549
3584,2021-11-18,6597.2173,6604.0933
3585,2021-11-19,6523.216,6621.789
3586,2021-11-20,6218.118,6226.407
3587,2021-11-21,6199.505,6122.0024
3588,2021-11-22,6607.205,6590.2397
3589,2021-11-23,6619.4624,6618.4697
3590,2021-11-24,6609.931,6477.9897
3591,2021-11-25,6573.1543,6530.0786
3592,2021-11-26,6475.997,6612.006
3593,2021-11-27,6184.9756,6319.2026
3594,2021-11-28,6173.6255,6150.5464
3595,2021-11-29,6574.062,6719.57
3596,2021-11-30,6585.412,6828.828
3597,2021-12-01,6593.13,6916.207
3598,2021-12-02,6577.241,6703.6147
3599,2021-12-03,6500.0576,6558.849
3600,2021-10-06,6461.053,6573.054
3601,2021-10-07,6442.8906,6612.238
3602,2021-10-08,6414.286,6713.7734
3603,2021-10-09,6103.697,6439.4873
3604,2021-10-10,6015.607,6257.1685
3605,2021-10-11,6440.169,6658.779
3606,2021-10-12,6443.801,6885.4077
3607,2021-10-13,6448.34,6904.2583
3608,2021-10-14,6446.9805,6975.4473
3609,2021-10-15,6434.72,6928.0503
3610,2021-10-16,6146.381,6626.86
3611,2021-10-17,6052.8413,6271.2397
3612,2021-10-18,6495.565,6581.867
3613,2021-10-19,6500.1074,6684.4634
3614,2021-10-20,6474.677,6550.5884
3615,2021-10-21,6463.781,6475.0454
3616,2021-10-22,6456.06,6528.918
3617,2021-10-23,6172.717,6229.809
3618,2021-10-24,6093.254,6056.3564
3619,2021-10-25,6517.8164,6580.954
3620,2021-10-26,6529.1675,6681.8013
3621,2021-10-27,6526.4424,6704.128
3622,2021-10-28,6539.1562,6654.5933
3623,2021-10-29,6523.264,6712.5684
3624,2021-10-30,6211.766,6415.479
3625,2021-10-31,6144.1123,6160.9214
3626,2021-11-01,6546.8755,6482.731
3627,2021-11-02,6575.029,6462.4326
3628,2021-11-03,6569.1265,6431.2437
3629,2021-11-04,6571.851,6063.2866
3630,2021-11-05,6540.9746,6435.461
3631,2021-11-06,6250.364,6202.514
3632,2021-11-07,6184.07,6066.5063
3633,2021-11-08,6606.36,6505.1714
3634,2021-11-09,6614.534,6540.7446
3635,2021-11-10,6625.4307,6417.857
3636,2021-11-11,6614.9893,6485.3022
3637,2021-11-12,6559.1357,6537.6636
3638,2021-11-13,6264.442,6180.2104
3639,2021-11-14,6211.3125,6101.277
3640,2021-11-15,6603.636,6600.199
3641,2021-11-16,6625.4316,6658.95
3642,2021-11-17,6600.912,6725.549
3643,2021-11-18,6560.4985,6604.0933
3644,2021-11-19,6507.37,6621.789
3645,2021-11-20,6219.487,6226.407
3646,2021-11-21,6167.7227,6122.0024
3647,2021-11-22,6551.8687,6590.2397
3648,2021-11-23,6570.489,6618.4697
3649,2021-11-24,6546.8755,6477.9897
3650,2021-11-25,6513.2744,6530.0786
3651,2021-11-26,6492.841,6612.006
3652,2021-11-27,6224.935,6319.2026
3653,2021-11-28,6150.4673,6150.5464
3654,2021-11-29,6547.3296,6719.57
3655,2021-11-30,6582.292,6828.828
3656,2021-12-01,6585.018,6916.207
3657,2021-12-02,6566.8545,6703.6147
3658,2021-12-03,6525.08,6558.849
3659,2021-12-04,6252.6367,6265.8486
3660,2021-10-07,6534.64,6612.238
3661,2021-10-08,6479.69,6713.7734
3662,2021-10-09,6157.2505,6439.4873
3663,2021-10-10,6045.0757,6257.1685
3664,2021-10-11,6494.6763,6658.779
3665,2021-10-12,6496.9473,6885.4077
3666,2021-10-13,6501.9424,6904.2583
3667,2021-10-14,6495.13,6975.4473
3668,2021-10-15,6459.256,6928.0503
3669,2021-10-16,6142.7173,6626.86
3670,2021-10-17,6052.3438,6271.2397
3671,2021-10-18,6515.5674,6581.867
3672,2021-10-19,6516.4746,6684.4634
3673,2021-10-20,6526.466,6550.5884
3674,2021-10-21,6516.475,6475.0454
3675,2021-10-22,6515.114,6528.918
3676,2021-10-23,6208.1133,6229.809
3677,2021-10-24,6123.1904,6056.3564
3678,2021-10-25,6542.3623,6580.954
3679,2021-10-26,6556.4395,6681.8013
3680,2021-10-27,6571.8813,6704.128
3681,2021-10-28,6572.333,6654.5933
3682,2021-10-29,6553.2617,6712.5684
3683,2021-10-30,6246.261,6415.479
3684,2021-10-31,6177.2324,6160.9214
3685,2021-11-01,6585.504,6482.731
3686,2021-11-02,6621.3813,6462.4326
3687,2021-11-03,6640.0015,6431.2437
3688,2021-11-04,6649.083,6063.2866
3689,2021-11-05,6600.946,6435.461
3690,2021-11-06,6277.143,6202.514
3691,2021-11-07,6209.4756,6066.5063
3692,2021-11-08,6635.006,6505.1714
3693,2021-11-09,6680.8735,6540.7446
3694,2021-11-10,6671.3364,6417.857
3695,2021-11-11,6670.4287,6485.3022
3696,2021-11-12,6621.382,6537.6636
3697,2021-11-13,6275.326,6180.2104
3698,2021-11-14,6193.581,6101.277
3699,2021-11-15,6625.4673,6600.199
3700,2021-11-16,6640.0015,6658.95
3701,2021-11-17,6640.908,6725.549
3702,2021-11-18,6619.565,6604.0933
3703,2021-11-19,6560.98,6621.789
3704,2021-11-20,6244.4443,6226.407
3705,2021-11-21,6170.42,6122.0024
3706,2021-11-22,6620.9287,6590.2397
3707,2021-11-23,6629.102,6618.4697
3708,2021-11-24,6642.726,6477.9897
3709,2021-11-25,6639.545,6530.0786
3710,2021-11-26,6570.5176,6612.006
3711,2021-11-27,6262.609,6319.2026
3712,2021-11-28,6231.2744,6150.5464
3713,2021-11-29,6649.5386,6719.57
3714,2021-11-30,6679.056,6828.828
3715,2021-12-01,6674.064,6916.207
3716,2021-12-02,6682.69,6703.6147
3717,2021-12-03,6614.115,6558.849
3718,2021-12-04,6271.694,6265.8486
3719,2021-12-05,6225.369,6114.6274
3720,2021-10-08,6508.845,6713.7734
3721,2021-10-09,6168.6167,6439.4873
3722,2021-10-10,6078.678,6257.1685
3723,2021-10-11,6546.0938,6658.779
3724,2021-10-12,6532.014,6885.4077
3725,2021-10-13,6532.9214,6904.2583
3726,2021-10-14,6531.5586,6975.4473
3727,2021-10-15,6487.0425,6928.0503
3728,2021-10-16,6176.793,6626.86
3729,2021-10-17,6098.21,6271.2397
3730,2021-10-18,6537.01,6581.867
3731,2021-10-19,6552.908,6684.4634
3732,2021-10-20,6571.076,6550.5884
3733,2021-10-21,6556.087,6475.0454
3734,2021-10-22,6511.116,6528.918
3735,2021-10-23,6191.3306,6229.809
3736,2021-10-24,6128.6436,6056.3564
3737,2021-10-25,6555.6343,6580.954
3738,2021-10-26,6550.6377,6681.8013
3739,2021-10-27,6565.175,6704.128
3740,2021-10-28,6583.7983,6654.5933
3741,2021-10-29,6520.6577,6712.5684
3742,2021-10-30,6231.304,6415.479
3743,2021-10-31,6193.1475,6160.9214
3744,2021-11-01,6613.3213,6482.731
3745,2021-11-02,6630.5854,6462.4326
3746,2021-11-03,6650.116,6431.2437
3747,2021-11-04,6641.9395,6063.2866
3748,2021-11-05,6593.792,6435.461
3749,2021-11-06,6265.372,6202.514
3750,2021-11-07,6214.0425,6066.5063
3751,2021-11-08,6641.942,6505.1714
3752,2021-11-09,6662.379,6540.7446
3753,2021-11-10,6679.641,6417.857
3754,2021-11-11,6674.192,6485.3022
3755,2021-11-12,6604.6914,6537.6636
3756,2021-11-13,6280.8164,6180.2104
3757,2021-11-14,6232.667,6101.277
3758,2021-11-15,6639.669,6600.199
3759,2021-11-16,6667.83,6658.95
3760,2021-11-17,6651.933,6725.549
3761,2021-11-18,6618.3184,6604.0933
3762,2021-11-19,6549.274,6621.789
3763,2021-11-20,6239.4795,6226.407
3764,2021-11-21,6234.0293,6122.0024
3765,2021-11-22,6619.228,6590.2397
3766,2021-11-23,6666.9243,6618.4697
3767,2021-11-24,6640.1226,6477.9897
3768,2021-11-25,6626.4956,6530.0786
3769,2021-11-26,6550.183,6612.006
3770,2021-11-27,6253.561,6319.2026
3771,2021-11-28,6219.4937,6150.5464
3772,2021-11-29,6611.5063,6719.57
3773,2021-11-30,6641.4873,6828.828
3774,2021-12-01,6634.672,6916.207
3775,2021-12-02,6636.489,6703.6147
3776,2021-12-03,6570.6235,6558.849
3777,2021-12-04,6287.175,6265.8486
3778,2021-12-05,6246.293,6114.6274
3779,2021-12-06,6656.928,6531.9136
3780,2021-10-09,6322.2983,6439.4873
3781,2021-10-10,6164.6387,6257.1685
3782,2021-10-11,6588.5454,6658.779
3783,2021-10-12,6607.174,6885.4077
3784,2021-10-13,6591.7256,6904.2583
3785,2021-10-14,6576.279,6975.4473
3786,2021-10-15,6556.2886,6928.0503
3787,2021-10-16,6236.881,6626.86
3788,2021-10-17,6101.482,6271.2397
3789,2021-10-18,6543.5674,6581.867
3790,2021-10-19,6569.9204,6684.4634
3791,2021-10-20,6594.4526,6550.5884
3792,2021-10-21,6589.0015,6475.0454
3793,2021-10-22,6579.912,6528.918
3794,2021-10-23,6246.8765,6229.809
3795,2021-10-24,6148.28,6056.3564
3796,2021-10-25,6585.365,6580.954
3797,2021-10-26,6627.1655,6681.8013
3798,2021-10-27,6637.1606,6704.128
3799,2021-10-28,6629.435,6654.5933
3800,2021-10-29,6608.081,6712.5684
3801,2021-10-30,6298.217,6415.479
3802,2021-10-31,6210.5273,6160.9214
3803,2021-11-01,6610.808,6482.731
3804,2021-11-02,6639.8867,6462.4326
3805,2021-11-03,6670.3286,6431.2437
3806,2021-11-04,6678.506,6063.2866
3807,2021-11-05,6644.885,6435.461
3808,2021-11-06,6320.9336,6202.514
3809,2021-11-07,6248.6934,6066.5063
3810,2021-11-08,6614.444,6505.1714
3811,2021-11-09,6661.6943,6540.7446
3812,2021-11-10,6662.6035,6417.857
3813,2021-11-11,6651.7,6485.3022
3814,2021-11-12,6603.538,6537.6636
3815,2021-11-13,6305.031,6180.2104
3816,2021-11-14,6225.5215,6101.277
3817,2021-11-15,6604.4487,6600.199
3818,2021-11-16,6635.7983,6658.95
3819,2021-11-17,6650.791,6725.549
3820,2021-11-18,6633.5273,6604.0933
3821,2021-11-19,6595.8154,6621.789
3822,2021-11-20,6289.1294,6226.407
3823,2021-11-21,6228.247,6122.0024
3824,2021-11-22,6635.799,6590.2397
3825,2021-11-23,6669.4214,6618.4697
3826,2021-11-24,6668.9663,6477.9897
3827,2021-11-25,6653.064,6530.0786
3828,2021-11-26,6604.9023,6612.006
3829,2021-11-27,6296.398,6319.2026
3830,2021-11-28,6230.064,6150.5464
3831,2021-11-29,6610.8096,6719.57
3832,2021-11-30,6646.25,6828.828
3833,2021-12-01,6642.6157,6916.207
3834,2021-12-02,6622.1704,6703.6147
3835,2021-12-03,6591.2744,6558.849
3836,2021-12-04,6291.4,6265.8486
3837,2021-12-05,6243.2393,6114.6274
3838,2021-12-06,6631.7114,6531.9136
3839,2021-12-07,6667.6045,6636.739
3840,2021-10-10,6148.554,6257.1685
3841,2021-10-11,6595.688,6658.779
3842,2021-10-12,6593.416,6885.4077
3843,2021-10-13,6576.6035,6904.2583
3844,2021-10-14,6580.239,6975.4473
3845,2021-10-15,6573.875,6928.0503
3846,2021-10-16,6261.7007,6626.86
3847,2021-10-17,6141.283,6271.2397
3848,2021-10-18,6598.8667,6581.867
3849,2021-10-19,6621.588,6684.4634
3850,2021-10-20,6627.495,6550.5884
3851,2021-10-21,6638.4004,6475.0454
3852,2021-10-22,6625.223,6528.918
3853,2021-10-23,6325.3184,6229.809
3854,2021-10-24,6208.534,6056.3564
3855,2021-10-25,6658.848,6580.954
3856,2021-10-26,6664.756,6681.8013
3857,2021-10-27,6672.9355,6704.128
3858,2021-10-28,6649.3066,6654.5933
3859,2021-10-29,6633.8574,6712.5684
3860,2021-10-30,6320.774,6415.479
3861,2021-10-31,6222.621,6160.9214
3862,2021-11-01,6663.3936,6482.731
3863,2021-11-02,6687.478,6462.4326
3864,2021-11-03,6705.199,6431.2437
3865,2021-11-04,6709.7427,6063.2866
3866,2021-11-05,6672.027,6435.461
3867,2021-11-06,6344.402,6202.514
3868,2021-11-07,6265.3364,6066.5063
3869,2021-11-08,6698.8374,6505.1714
3870,2021-11-09,6717.0137,6540.7446
3871,2021-11-10,6708.379,6417.857
3872,2021-11-11,6702.4727,6485.3022
3873,2021-11-12,6651.1245,6537.6636
3874,2021-11-13,6319.864,6180.2104
3875,2021-11-14,6224.44,6101.277
3876,2021-11-15,6664.756,6600.199
3877,2021-11-16,6688.3857,6658.95
3878,2021-11-17,6698.3823,6725.549
3879,2021-11-18,6670.6626,6604.0933
3880,2021-11-19,6641.127,6621.789
3881,2021-11-20,6298.9604,6226.407
3882,2021-11-21,6217.6226,6122.0024
3883,2021-11-22,6658.3965,6590.2397
3884,2021-11-23,6685.2056,6618.4697
3885,2021-11-24,6694.294,6477.9897
3886,2021-11-25,6676.5723,6530.0786
3887,2021-11-26,6631.5854,6612.006
3888,2021-11-27,6310.319,6319.2026
3889,2021-11-28,6239.8867,6150.5464
3890,2021-11-29,6672.4824,6719.57
3891,2021-11-30,6714.741,6828.828
3892,2021-12-01,6714.7407,6916.207
3893,2021-12-02,6681.571,6703.6147
3894,2021-12-03,6641.1265,6558.849
3895,2021-12-04,6354.398,6265.8486
3896,2021-12-05,6287.6006,6114.6274
3897,2021-12-06,6687.9316,6531.9136
3898,2021-12-07,6729.284,6636.739
3899,2021-12-08,6732.466,6668.687
3900,2021-10-11,6561.4756,6658.779
3901,2021-10-12,6567.3833,6885.4077
3902,2021-10-13,6552.386,6904.2583
3903,2021-10-14,6565.565,6975.4473
3904,2021-10-15,6566.4717,6928.0503
3905,2021-10-16,6264.712,6626.86
3906,2021-10-17,6146.5527,6271.2397
3907,2021-10-18,6524.2075,6581.867
3908,2021-10-19,6571.0186,6684.4634
3909,2021-10-20,6584.1963,6550.5884
3910,2021-10-21,6567.8354,6475.0454
3911,2021-10-22,6560.11,6528.918
3912,2021-10-23,6315.1562,6229.809
3913,2021-10-24,6204.725,6056.3564
3914,2021-10-25,6558.7476,6580.954
3915,2021-10-26,6620.554,6681.8013
3916,2021-10-27,6622.826,6704.128
3917,2021-10-28,6612.8296,6654.5933
3918,2021-10-29,6599.194,6712.5684
3919,2021-10-30,6338.3364,6415.479
3920,2021-10-31,6239.717,6160.9214
3921,2021-11-01,6567.3813,6482.731
3922,2021-11-02,6648.2744,6462.4326
3923,2021-11-03,6671.9067,6431.2437
3924,2021-11-04,6680.089,6063.2866
3925,2021-11-05,6665.091,6435.461
3926,2021-11-06,6377.416,6202.514
3927,2021-11-07,6251.5337,6066.5063
3928,2021-11-08,6609.6455,6505.1714
3929,2021-11-09,6681.4526,6540.7446
3930,2021-11-10,6690.5386,6417.857
3931,2021-11-11,6688.7217,6485.3022
3932,2021-11-12,6658.2725,6537.6636
3933,2021-11-13,6395.5977,6180.2104
3934,2021-11-14,6251.0786,6101.277
3935,2021-11-15,6602.3735,6600.199
3936,2021-11-16,6699.631,6658.95
3937,2021-11-17,6700.993,6725.549
3938,2021-11-18,6672.8154,6604.0933
3939,2021-11-19,6630.0957,6621.789
3940,2021-11-20,6354.696,6226.407
3941,2021-11-21,6252.4414,6122.0024
3942,2021-11-22,6585.105,6590.2397
3943,2021-11-23,6673.7236,6618.4697
3944,2021-11-24,6684.632,6477.9897
3945,2021-11-25,6672.8145,6530.0786
3946,2021-11-26,6609.1924,6612.006
3947,2021-11-27,6339.2427,6319.2026
3948,2021-11-28,6235.1714,6150.5464
3949,2021-11-29,6606.013,6719.57
3950,2021-11-30,6685.0854,6828.828
3951,2021-12-01,6686.9033,6916.207
3952,2021-12-02,6684.634,6703.6147
3953,2021-12-03,6633.2793,6558.849
3954,2021-12-04,6352.878,6265.8486
3955,2021-12-05,6266.5293,6114.6274
3956,2021-12-06,6612.828,6531.9136
3957,2021-12-07,6690.5405,6636.739
3958,2021-12-08,6691.9043,6668.687
3959,2021-12-09,6680.998,6680.9844
3960,2021-10-12,6590.3438,6885.4077
3961,2021-10-13,6565.339,6904.2583
3962,2021-10-14,6549.882,6975.4473
3963,2021-10-15,6523.515,6928.0503
3964,2021-10-16,6243.024,6626.86
3965,2021-10-17,6140.286,6271.2397
3966,2021-10-18,6555.791,6581.867
3967,2021-10-19,6576.7026,6684.4634
3968,2021-10-20,6583.067,6550.5884
3969,2021-10-21,6578.977,6475.0454
3970,2021-10-22,6557.612,6528.918
3971,2021-10-23,6280.3027,6229.809
3972,2021-10-24,6209.84,6056.3564
3973,2021-10-25,6601.7046,6580.954
3974,2021-10-26,6652.622,6681.8013
3975,2021-10-27,6658.076,6704.128
3976,2021-10-28,6645.346,6654.5933
3977,2021-10-29,6603.98,6712.5684
3978,2021-10-30,6310.7627,6415.479
3979,2021-10-31,6238.023,6160.9214
3980,2021-11-01,6624.8906,6482.731
3981,2021-11-02,6666.26,6462.4326
3982,2021-11-03,6681.261,6431.2437
3983,2021-11-04,6678.536,6063.2866
3984,2021-11-05,6625.801,6435.461
3985,2021-11-06,6343.947,6202.514
3986,2021-11-07,6280.7573,6066.5063
3987,2021-11-08,6654.439,6505.1714
3988,2021-11-09,6692.1714,6540.7446
3989,2021-11-10,6697.625,6417.857
3990,2021-11-11,6697.6274,6485.3022
3991,2021-11-12,6653.984,6537.6636
3992,2021-11-13,6351.675,6180.2104
3993,2021-11-14,6305.76,6101.277
3994,2021-11-15,6674.4414,6600.199
3995,2021-11-16,6722.6274,6658.95
3996,2021-11-17,6715.81,6725.549
3997,2021-11-18,6717.629,6604.0933
3998,2021-11-19,6644.438,6621.789
3999,2021-11-20,6338.037,6226.407
4000,2021-11-21,6286.668,6122.0024
4001,2021-11-22,6668.987,6590.2397
4002,2021-11-23,6686.2607,6618.4697
4003,2021-11-24,6705.8096,6477.9897
4004,2021-11-25,6702.1704,6530.0786
4005,2021-11-26,6627.6177,6612.006
4006,2021-11-27,6338.036,6319.2026
4007,2021-11-28,6307.58,6150.5464
4008,2021-11-29,6680.352,6719.57
4009,2021-11-30,6730.8125,6828.828
4010,2021-12-01,6720.3564,6916.207
4011,2021-12-02,6717.628,6703.6147
4012,2021-12-03,6651.257,6558.849
4013,2021-12-04,6389.862,6265.8486
4014,2021-12-05,6382.1333,6114.6274
4015,2021-12-06,6731.2656,6531.9136
4016,2021-12-07,6773.0894,6636.739
4017,2021-12-08,6763.9976,6668.687
4018,2021-12-09,6742.6323,6680.9844
4019,2021-12-10,6672.623,6599.399
4020,2021-10-13,6778.18,6904.2583
4021,2021-10-14,6736.8,6975.4473
4022,2021-10-15,6715.427,6928.0503
4023,2021-10-16,6391.2075,6626.86
4024,2021-10-17,6256.152,6271.2397
4025,2021-10-18,6669.9556,6581.867
4026,2021-10-19,6712.244,6684.4634
4027,2021-10-20,6706.788,6550.5884
4028,2021-10-21,6708.1504,6475.0454
4029,2021-10-22,6727.25,6528.918
4030,2021-10-23,6363.0127,6229.809
4031,2021-10-24,6263.427,6056.3564
4032,2021-10-25,6675.8687,6580.954
4033,2021-10-26,6726.797,6681.8013
4034,2021-10-27,6724.977,6704.128
4035,2021-10-28,6732.7075,6654.5933
4036,2021-10-29,6738.163,6712.5684
4037,2021-10-30,6403.4824,6415.479
4038,2021-10-31,6293.895,6160.9214
4039,2021-11-01,6711.7905,6482.731
4040,2021-11-02,6759.0806,6462.4326
4041,2021-11-03,6766.812,6431.2437
4042,2021-11-04,6769.994,6063.2866
4043,2021-11-05,6747.7104,6435.461
4044,2021-11-06,6415.3076,6202.514
4045,2021-11-07,6331.1826,6066.5063
4046,2021-11-08,6736.346,6505.1714
4047,2021-11-09,6780.4536,6540.7446
4048,2021-11-10,6778.18,6417.857
4049,2021-11-11,6783.6357,6485.3022
4050,2021-11-12,6756.8086,6537.6636
4051,2021-11-13,6418.4893,6180.2104
4052,2021-11-14,6326.636,6101.277
4053,2021-11-15,6744.53,6600.199
4054,2021-11-16,6779.0913,6658.95
4055,2021-11-17,6799.0986,6725.549
4056,2021-11-18,6777.723,6604.0933
4057,2021-11-19,6738.161,6621.789
4058,2021-11-20,6413.489,6226.407
4059,2021-11-21,6343.005,6122.0024
4060,2021-11-22,6755.445,6590.2397
4061,2021-11-23,6819.56,6618.4697
4062,2021-11-24,6823.6533,6477.9897
4063,2021-11-25,6805.0083,6530.0786
4064,2021-11-26,6783.6377,6612.006
4065,2021-11-27,6426.2207,6319.2026
4066,2021-11-28,6352.555,6150.5464
4067,2021-11-29,6790.0044,6719.57
4068,2021-11-30,6839.5713,6828.828
4069,2021-12-01,6828.656,6916.207
4070,2021-12-02,6845.0244,6703.6147
4071,2021-12-03,6799.0986,6558.849
4072,2021-12-04,6464.873,6265.8486
4073,2021-12-05,6395.7524,6114.6274
4074,2021-12-06,6794.0957,6531.9136
4075,2021-12-07,6844.1143,6636.739
4076,2021-12-08,6856.8477,6668.687
4077,2021-12-09,6848.208,6680.9844
4078,2021-12-10,6816.377,6599.399
4079,2021-12-11,6484.8813,6268.572
4080,2021-10-14,6835.709,6975.4473
4081,2021-10-15,6805.233,6928.0503
4082,2021-10-16,6445.9155,6626.86
4083,2021-10-17,6253.5186,6271.2397
4084,2021-10-18,6703.352,6581.867
4085,2021-10-19,6757.933,6684.4634
4086,2021-10-20,6762.027,6550.5884
4087,2021-10-21,6755.2036,6475.0454
4088,2021-10-22,6762.0264,6528.918
4089,2021-10-23,6439.5454,6229.809
4090,2021-10-24,6293.09,6056.3564
4091,2021-10-25,6711.538,6580.954
4092,2021-10-26,6786.5874,6681.8013
4093,2021-10-27,6775.2163,6704.128
4094,2021-10-28,6762.0264,6654.5933
4095,2021-10-29,6737.919,6712.5684
4096,2021-10-30,6433.6333,6415.479
4097,2021-10-31,6313.1045,6160.9214
4098,2021-11-01,6693.3467,6482.731
4099,2021-11-02,6746.5625,6462.4326
4100,2021-11-03,6772.487,6431.2437
4101,2021-11-04,6787.4976,6063.2866
4102,2021-11-05,6758.8423,6435.461
4103,2021-11-06,6459.5596,6202.514
4104,2021-11-07,6340.848,6066.5063
4105,2021-11-08,6717.9062,6505.1714
4106,2021-11-09,6803.87,6540.7446
4107,2021-11-10,6799.3237,6417.857
4108,2021-11-11,6793.411,6485.3022
4109,2021-11-12,6763.3926,6537.6636
4110,2021-11-13,6475.936,6180.2104
4111,2021-11-14,6388.6064,6101.277
4112,2021-11-15,6749.745,6600.199
4113,2021-11-16,6821.1543,6658.95
4114,2021-11-17,6814.3296,6725.549
4115,2021-11-18,6824.7925,6604.0933
4116,2021-11-19,6772.0312,6621.789
4117,2021-11-20,6481.392,6226.407
4118,2021-11-21,6407.7095,6122.0024
4119,2021-11-22,6772.9414,6590.2397
4120,2021-11-23,6837.0737,6618.4697
4121,2021-11-24,6847.08,6477.9897
4122,2021-11-25,6802.506,6530.0786
4123,2021-11-26,6774.7627,6612.006
4124,2021-11-27,6471.8394,6319.2026
4125,2021-11-28,6420.9014,6150.5464
4126,2021-11-29,6773.8525,6719.57
4127,2021-11-30,6848.4443,6828.828
4128,2021-12-01,6861.634,6916.207
4129,2021-12-02,6848.898,6703.6147
4130,2021-12-03,6800.2314,6558.849
4131,2021-12-04,6510.956,6265.8486
4132,2021-12-05,6462.288,6114.6274
4133,2021-12-06,6822.9717,6531.9136
4134,2021-12-07,6881.6475,6636.739
4135,2021-12-08,6911.2124,6668.687
4136,2021-12-09,6885.285,6680.9844
4137,2021-12-10,6833.435,6599.399
4138,2021-12-11,6558.26,6268.572
4139,2021-12-12,6515.506,6030.913
4140,2021-10-15,6906.064,6928.0503
4141,2021-10-16,6534.3438,6626.86
4142,2021-10-17,6356.9033,6271.2397
4143,2021-10-18,6753.189,6581.867
4144,2021-10-19,6813.2456,6684.4634
4145,2021-10-20,6806.8745,6550.5884
4146,2021-10-21,6802.3257,6475.0454
4147,2021-10-22,6805.965,6528.918
4148,2021-10-23,6481.112,6229.809
4149,2021-10-24,6340.0713,6056.3564
4150,2021-10-25,6703.594,6580.954
4151,2021-10-26,6769.567,6681.8013
4152,2021-10-27,6800.05,6704.128
4153,2021-10-28,6807.328,6654.5933
4154,2021-10-29,6786.857,6712.5684
4155,2021-10-30,6482.9316,6415.479
4156,2021-10-31,6355.084,6160.9214
4157,2021-11-01,6736.3525,6482.731
4158,2021-11-02,6821.888,6462.4326
4159,2021-11-03,6842.3613,6431.2437
4160,2021-11-04,6843.727,6063.2866
4161,2021-11-05,6802.781,6435.461
4162,2021-11-06,6507.0454,6202.514
4163,2021-11-07,6394.213,6066.5063
4164,2021-11-08,6748.638,6505.1714
4165,2021-11-09,6837.813,6540.7446
4166,2021-11-10,6856.4673,6417.857
4167,2021-11-11,6845.0933,6485.3022
4168,2021-11-12,6801.871,6537.6636
4169,2021-11-13,6476.1055,6180.2104
4170,2021-11-14,6366.4595,6101.277
4171,2021-11-15,6720.884,6600.199
4172,2021-11-16,6827.805,6658.95
4173,2021-11-17,6842.3643,6725.549
4174,2021-11-18,6821.89,6604.0933
4175,2021-11-19,6777.756,6621.789
4176,2021-11-20,6482.4775,6226.407
4177,2021-11-21,6361.456,6122.0024
4178,2021-11-22,6714.06,6590.2397
4179,2021-11-23,6806.8745,6618.4697
4180,2021-11-24,6818.2485,6477.9897
4181,2021-11-25,6805.054,6530.0786
4182,2021-11-26,6777.757,6612.006
4183,2021-11-27,6507.047,6319.2026
4184,2021-11-28,6416.962,6150.5464
4185,2021-11-29,6735.897,6719.57
4186,2021-11-30,6804.5996,6828.828
4187,2021-12-01,6818.703,6916.207
4188,2021-12-02,6807.783,6703.6147
4189,2021-12-03,6779.119,6558.849
4190,2021-12-04,6523.425,6265.8486
4191,2021-12-05,6436.9814,6114.6274
4192,2021-12-06,6779.12,6531.9136
4193,2021-12-07,6844.181,6636.739
4194,2021-12-08,6851.916,6668.687
4195,2021-12-09,6844.181,6680.9844
4196,2021-12-10,6791.8594,6599.399
4197,2021-12-11,6506.1357,6268.572
4198,2021-12-12,6417.418,6030.913
4199,2021-12-13,6766.835,6482.4165
4200,2021-10-16,6558.5044,6626.86
4201,2021-10-17,6347.334,6271.2397
4202,2021-10-18,6699.131,6581.867
4203,2021-10-19,6806.991,6684.4634
4204,2021-10-20,6807.9004,6550.5884
4205,2021-10-21,6825.6504,6475.0454
4206,2021-10-22,6825.65,6528.918
4207,2021-10-23,6526.647,6229.809
4208,2021-10-24,6370.092,6056.3564
4209,2021-10-25,6702.7695,6580.954
4210,2021-10-26,6800.6177,6681.8013
4211,2021-10-27,6829.2905,6704.128
4212,2021-10-28,6823.375,6654.5933
4213,2021-10-29,6803.8057,6712.5684
4214,2021-10-30,6539.3877,6415.479
4215,2021-10-31,6407.8657,6160.9214
4216,2021-11-01,6735.995,6482.731
4217,2021-11-02,6829.746,6462.4326
4218,2021-11-03,6845.674,6431.2437
4219,2021-11-04,6857.507,6063.2866
4220,2021-11-05,6844.7637,6435.461
4221,2021-11-06,6569.425,6202.514
4222,2021-11-07,6441.087,6066.5063
4223,2021-11-08,6746.918,6505.1714
4224,2021-11-09,6877.0757,6540.7446
4225,2021-11-10,6883.902,6417.857
4226,2021-11-11,6907.5684,6485.3022
4227,2021-11-12,6872.9795,6537.6636
4228,2021-11-13,6553.496,6180.2104
4229,2021-11-14,6399.6733,6101.277
4230,2021-11-15,6730.5337,6600.199
4231,2021-11-16,6827.4717,6658.95
4232,2021-11-17,6843.3994,6725.549
4233,2021-11-18,6848.86,6604.0933
4234,2021-11-19,6811.5425,6621.789
4235,2021-11-20,6551.2217,6226.407
4236,2021-11-21,6412.4146,6122.0024
4237,2021-11-22,6731.899,6590.2397
4238,2021-11-23,6857.5063,6618.4697
4239,2021-11-24,6854.7764,6477.9897
4240,2021-11-25,6849.7715,6530.0786
4241,2021-11-26,6827.927,6612.006
4242,2021-11-27,6568.5156,6319.2026
4243,2021-11-28,6443.3643,6150.5464
4244,2021-11-29,6752.3765,6719.57
4245,2021-11-30,6856.1406,6828.828
4246,2021-12-01,6886.6333,6916.207
4247,2021-12-02,6882.9917,6703.6147
4248,2021-12-03,6844.7637,6558.849
4249,2021-12-04,6584.9,6265.8486
4250,2021-12-05,6467.4844,6114.6274
4251,2021-12-06,6772.4023,6531.9136
4252,2021-12-07,6893.4595,6636.739
4253,2021-12-08,6903.4717,6668.687
4254,2021-12-09,6908.933,6680.9844
4255,2021-12-10,6871.6157,6599.399
4256,2021-12-11,6611.7505,6268.572
4257,2021-12-12,6506.621,6030.913
4258,2021-12-13,6816.5483,6482.4165
4259,2021-12-14,6929.8687,6583.9097
4260,2021-10-17,6375.062,6271.2397
4261,2021-10-18,6721.925,6581.867
4262,2021-10-19,6774.7256,6684.4634
4263,2021-10-20,6811.598,6550.5884
4264,2021-10-21,6805.678,6475.0454
4265,2021-10-22,6799.761,6528.918
4266,2021-10-23,6474.7485,6229.809
4267,2021-10-24,6359.5854,6056.3564
4268,2021-10-25,6790.6587,6580.954
4269,2021-10-26,6847.5576,6681.8013
4270,2021-10-27,6863.034,6704.128
4271,2021-10-28,6835.723,6654.5933
4272,2021-10-29,6831.1704,6712.5684
4273,2021-10-30,6528.464,6415.479
4274,2021-10-31,6436.513,6160.9214
4275,2021-11-01,6832.9917,6482.731
4276,2021-11-02,6888.98,6462.4326
4277,2021-11-03,6906.28,6431.2437
4278,2021-11-04,6921.7544,6063.2866
4279,2021-11-05,6913.107,6435.461
4280,2021-11-06,6596.2876,6202.514
4281,2021-11-07,6486.13,6066.5063
4282,2021-11-08,6876.233,6505.1714
4283,2021-11-09,6938.142,6540.7446
4284,2021-11-10,6944.5156,6417.857
4285,2021-11-11,6951.797,6485.3022
4286,2021-11-12,6946.335,6537.6636
4287,2021-11-13,6604.937,6180.2104
4288,2021-11-14,6518.449,6101.277
4289,2021-11-15,6887.162,6600.199
4290,2021-11-16,6959.082,6658.95
4291,2021-11-17,6954.986,6725.549
4292,2021-11-18,6951.345,6604.0933
4293,2021-11-19,6927.675,6621.789
4294,2021-11-20,6625.8765,6226.407
4295,2021-11-21,6551.6807,6122.0024
4296,2021-11-22,6915.384,6590.2397
4297,2021-11-23,6990.491,6618.4697
4298,2021-11-24,7016.437,6477.9897
4299,2021-11-25,7005.9663,6530.0786
4300,2021-11-26,6965.4546,6612.006
4301,2021-11-27,6653.6426,6319.2026
4302,2021-11-28,6563.058,6150.5464
4303,2021-11-29,6933.591,6719.57
4304,2021-11-30,7006.877,6828.828
4305,2021-12-01,7031.4575,6916.207
4306,2021-12-02,7013.7056,6703.6147
4307,2021-12-03,6981.388,6558.849
4308,2021-12-04,6677.7686,6265.8486
4309,2021-12-05,6576.7144,6114.6274
4310,2021-12-06,6976.835,6531.9136
4311,2021-12-07,7047.846,6636.739
4312,2021-12-08,7065.5986,6668.687
4313,2021-12-09,7055.584,6680.9844
4314,2021-12-10,7002.7812,6599.399
4315,2021-12-11,6701.438,6268.572
4316,2021-12-12,6625.4233,6030.913
4317,2021-12-13,7015.525,6482.4165
4318,2021-12-14,7074.248,6583.9097
4319,2021-12-15,7095.186,6599.98
4320,2021-10-18,6523.0273,6581.867
4321,2021-10-19,6708.787,6684.4634
4322,2021-10-20,6734.7373,6550.5884
4323,2021-10-21,6757.9595,6475.0454
4324,2021-10-22,6751.131,6528.918
4325,2021-10-23,6537.5977,6229.809
4326,2021-10-24,6315.866,6056.3564
4327,2021-10-25,6560.361,6580.954
4328,2021-10-26,6757.047,6681.8013
4329,2021-10-27,6766.154,6704.128
4330,2021-10-28,6769.7964,6654.5933
4331,2021-10-29,6762.055,6712.5684
4332,2021-10-30,6545.793,6415.479
4333,2021-10-31,6355.478,6160.9214
4334,2021-11-01,6595.8735,6482.731
4335,2021-11-02,6798.48,6462.4326
4336,2021-11-03,6814.415,6431.2437
4337,2021-11-04,6804.399,6063.2866
4338,2021-11-05,6808.042,6435.461
4339,2021-11-06,6605.89,6202.514
4340,2021-11-07,6407.384,6066.5063
4341,2021-11-08,6636.8525,6505.1714
4342,2021-11-09,6838.09,6540.7446
4343,2021-11-10,6854.482,6417.857
4344,2021-11-11,6845.377,6485.3022
4345,2021-11-12,6842.1875,6537.6636
4346,2021-11-13,6611.355,6180.2104
4347,2021-11-14,6405.562,6101.277
4348,2021-11-15,6646.868,6600.199
4349,2021-11-16,6832.627,6658.95
4350,2021-11-17,6859.0337,6725.549
4351,2021-11-18,6847.6514,6604.0933
4352,2021-11-19,6831.2627,6621.789
4353,2021-11-20,6617.274,6226.407
4354,2021-11-21,6424.683,6122.0024
4355,2021-11-22,6636.851,6590.2397
4356,2021-11-23,6854.939,6618.4697
4357,2021-11-24,6859.49,6477.9897
4358,2021-11-25,6852.66,6530.0786
4359,2021-11-26,6838.547,6612.006
4360,2021-11-27,6659.16,6319.2026
4361,2021-11-28,6451.5464,6150.5464
4362,2021-11-29,6678.7383,6719.57
4363,2021-11-30,6902.2876,6828.828
4364,2021-12-01,6912.759,6916.207
4365,2021-12-02,6908.6626,6703.6147
4366,2021-12-03,6902.7427,6558.849
4367,2021-12-04,6693.3076,6265.8486
4368,2021-12-05,6518.0195,6114.6274
4369,2021-12-06,6724.721,6531.9136
4370,2021-12-07,6909.5713,6636.739
4371,2021-12-08,6935.9805,6668.687
4372,2021-12-09,6927.7856,6680.9844
4373,2021-12-10,6897.7344,6599.399
4374,2021-12-11,6696.494,6268.572
4375,2021-12-12,6509.8237,6030.913
4376,2021-12-13,6727.4526,6482.4165
4377,2021-12-14,6926.418,6583.9097
4378,2021-12-15,6935.069,6599.98
4379,2021-12-16,6934.1567,6661.4575
4380,2021-10-19,6739.649,6684.4634
4381,2021-10-20,6754.678,6550.5884
4382,2021-10-21,6742.3813,6475.0454
4383,2021-10-22,6740.103,6528.918
4384,2021-10-23,6448.1636,6229.809
4385,2021-10-24,6290.1265,6056.3564
4386,2021-10-25,6696.382,6580.954
4387,2021-10-26,6758.323,6681.8013
4388,2021-10-27,6786.1035,6704.128
4389,2021-10-28,6789.2896,6654.5933
4390,2021-10-29,6784.2812,6712.5684
4391,2021-10-30,6464.1045,6415.479
4392,2021-10-31,6354.3438,6160.9214
4393,2021-11-01,6717.3306,6482.731
4394,2021-11-02,6780.64,6462.4326
4395,2021-11-03,6809.786,6431.2437
4396,2021-11-04,6831.1914,6063.2866
4397,2021-11-05,6823.9062,6435.461
4398,2021-11-06,6523.312,6202.514
4399,2021-11-07,6411.73,6066.5063
4400,2021-11-08,6750.5776,6505.1714
4401,2021-11-09,6833.015,6540.7446
4402,2021-11-10,6852.598,6417.857
4403,2021-11-11,6847.1323,6485.3022
4404,2021-11-12,6804.7764,6537.6636
4405,2021-11-13,6541.5312,6180.2104
4406,2021-11-14,6448.166,6101.277
4407,2021-11-15,6795.6675,6600.199
4408,2021-11-16,6863.0723,6658.95
4409,2021-11-17,6891.31,6725.549
4410,2021-11-18,6891.31,6604.0933
4411,2021-11-19,6844.8564,6621.789
4412,2021-11-20,6545.1743,6226.407
4413,2021-11-21,6470.0254,6122.0024
4414,2021-11-22,6801.132,6590.2397
4415,2021-11-23,6876.7373,6618.4697
4416,2021-11-24,6884.0225,6477.9897
4417,2021-11-25,6899.9624,6530.0786
4418,2021-11-26,6854.8765,6612.006
4419,2021-11-27,6560.2036,6319.2026
4420,2021-11-28,6470.937,6150.5464
4421,2021-11-29,6797.034,6719.57
4422,2021-11-30,6870.815,6828.828
4423,2021-12-01,6894.4985,6916.207
4424,2021-12-02,6914.994,6703.6147
4425,2021-12-03,6878.102,6558.849
4426,2021-12-04,6591.174,6265.8486
4427,2021-12-05,6505.095,6114.6274
4428,2021-12-06,6833.013,6531.9136
4429,2021-12-07,6915.449,6636.739
4430,2021-12-08,6924.558,6668.687
4431,2021-12-09,6920.458,6680.9844
4432,2021-12-10,6925.015,6599.399
4433,2021-12-11,6617.5894,6268.572
4434,2021-12-12,6549.727,6030.913
4435,2021-12-13,6868.9937,6482.4165
4436,2021-12-14,6939.587,6583.9097
4437,2021-12-15,6943.23,6599.98
4438,2021-12-16,6959.17,6661.4575
4439,2021-12-17,6920.915,6637.34
4440,2021-10-20,6727.5596,6550.5884
4441,2021-10-21,6723.4575,6475.0454
4442,2021-10-22,6728.926,6528.918
4443,2021-10-23,6430.5195,6229.809
4444,2021-10-24,6293.3906,6056.3564
4445,2021-10-25,6649.1963,6580.954
4446,2021-10-26,6709.3345,6681.8013
4447,2021-10-27,6712.524,6704.128
4448,2021-10-28,6721.178,6654.5933
4449,2021-10-29,6735.7563,6712.5684
4450,2021-10-30,6450.565,6415.479
4451,2021-10-31,6333.0264,6160.9214
4452,2021-11-01,6659.675,6482.731
4453,2021-11-02,6749.8813,6462.4326
4454,2021-11-03,6747.603,6431.2437
4455,2021-11-04,6764.0044,6063.2866
4456,2021-11-05,6763.549,6435.461
4457,2021-11-06,6488.3774,6202.514
4458,2021-11-07,6365.372,6066.5063
4459,2021-11-08,6682.457,6505.1714
4460,2021-11-09,6773.1167,6540.7446
4461,2021-11-10,6799.5405,6417.857
4462,2021-11-11,6790.8833,6485.3022
4463,2021-11-12,6764.0044,6537.6636
4464,2021-11-13,6492.477,6180.2104
4465,2021-11-14,6363.549,6101.277
4466,2021-11-15,6669.699,6600.199
4467,2021-11-16,6767.194,6658.95
4468,2021-11-17,6764.9146,6725.549
4469,2021-11-18,6759.448,6604.0933
4470,2021-11-19,6720.268,6621.789
4471,2021-11-20,6462.4087,6226.407
4472,2021-11-21,6343.957,6122.0024
4473,2021-11-22,6631.8867,6590.2397
4474,2021-11-23,6734.8477,6618.4697
4475,2021-11-24,6775.8496,6477.9897
4476,2021-11-25,6765.3706,6530.0786
4477,2021-11-26,6738.945,6612.006
4478,2021-11-27,6473.3433,6319.2026
4479,2021-11-28,6349.425,6150.5464
4480,2021-11-29,6648.287,6719.57
4481,2021-11-30,6740.314,6828.828
4482,2021-12-01,6805.006,6916.207
4483,2021-12-02,6821.4087,6703.6147
4484,2021-12-03,6791.794,6558.849
4485,2021-12-04,6513.892,6265.8486
4486,2021-12-05,6408.65,6114.6274
4487,2021-12-06,6713.89,6531.9136
4488,2021-12-07,6810.0176,6636.739
4489,2021-12-08,6828.697,6668.687
4490,2021-12-09,6832.3433,6680.9844
4491,2021-12-10,6801.817,6599.399
4492,2021-12-11,6536.669,6268.572
4493,2021-12-12,6423.23,6030.913
4494,2021-12-13,6709.791,6482.4165
4495,2021-12-14,6828.241,6583.9097
4496,2021-12-15,6858.7656,6599.98
4497,2021-12-16,6851.4756,6661.4575
4498,2021-12-17,6814.5737,6637.34
4499,2021-12-18,6561.726,6287.321
4500,2021-10-21,6570.862,6475.0454
4501,2021-10-22,6584.0757,6528.918
4502,2021-10-23,6286.9917,6229.809
4503,2021-10-24,6164.4233,6056.3564
4504,2021-10-25,6533.043,6580.954
4505,2021-10-26,6609.5923,6681.8013
4506,2021-10-27,6628.275,6704.128
4507,2021-10-28,6633.2876,6654.5933
4508,2021-10-29,6620.9863,6712.5684
4509,2021-10-30,6337.57,6415.479
4510,2021-10-31,6230.0356,6160.9214
4511,2021-11-01,6566.759,6482.731
4512,2021-11-02,6654.7017,6462.4326
4513,2021-11-03,6659.714,6431.2437
4514,2021-11-04,6685.6855,6063.2866
4515,2021-11-05,6654.7,6435.461
4516,2021-11-06,6401.8154,6202.514
4517,2021-11-07,6279.2456,6066.5063
4518,2021-11-08,6591.822,6505.1714
4519,2021-11-09,6676.116,6540.7446
4520,2021-11-10,6685.23,6417.857
4521,2021-11-11,6677.483,6485.3022
4522,2021-11-12,6640.576,6537.6636
4523,2021-11-13,6364.909,6180.2104
4524,2021-11-14,6257.3745,6101.277
4525,2021-11-15,6577.696,6600.199
4526,2021-11-16,6659.256,6658.95
4527,2021-11-17,6671.1025,6725.549
4528,2021-11-18,6654.243,6604.0933
4529,2021-11-19,6618.7046,6621.789
4530,2021-11-20,6335.747,6226.407
4531,2021-11-21,6249.6274,6122.0024
4532,2021-11-22,6585.898,6590.2397
4533,2021-11-23,6680.6733,6618.4697
4534,2021-11-24,6687.051,6477.9897
4535,2021-11-25,6698.897,6530.0786
4536,2021-11-26,6669.7373,6612.006
4537,2021-11-27,6390.881,6319.2026
4538,2021-11-28,6316.154,6150.5464
4539,2021-11-29,6634.652,6719.57
4540,2021-11-30,6717.1235,6828.828
4541,2021-12-01,6730.3374,6916.207
4542,2021-12-02,6730.792,6703.6147
4543,2021-12-03,6697.9863,6558.849
4544,2021-12-04,6420.498,6265.8486
4545,2021-12-05,6322.9883,6114.6274
4546,2021-12-06,6636.4736,6531.9136
4547,2021-12-07,6705.2754,6636.739
4548,2021-12-08,6718.035,6668.687
4549,2021-12-09,6716.666,6680.9844
4550,2021-12-10,6679.759,6599.399
4551,2021-12-11,6405.9146,6268.572
4552,2021-12-12,6311.1406,6030.913
4553,2021-12-13,6622.803,6482.4165
4554,2021-12-14,6702.542,6583.9097
4555,2021-12-15,6733.0713,6599.98
4556,2021-12-16,6750.841,6661.4575
4557,2021-12-17,6709.8325,6637.34
4558,2021-12-18,6418.2173,6287.321
4559,2021-12-19,6361.7183,6057.9443
4560,2021-10-22,6492.62,6528.918
4561,2021-10-23,6239.695,6229.809
4562,2021-10-24,6116.195,6056.3564
4563,2021-10-25,6455.252,6580.954
4564,2021-10-26,6526.3433,6681.8013
4565,2021-10-27,6549.1274,6704.128
4566,2021-10-28,6560.5205,6654.5933
4567,2021-10-29,6543.658,6712.5684
4568,2021-10-30,6303.497,6415.479
4569,2021-10-31,6199.1357,6160.9214
4570,2021-11-01,6502.6455,6482.731
4571,2021-11-02,6614.2964,6462.4326
4572,2021-11-03,6631.614,6431.2437
4573,2021-11-04,6634.805,6063.2866
4574,2021-11-05,6617.4873,6435.461
4575,2021-11-06,6374.5874,6202.514
4576,2021-11-07,6251.544,6066.5063
4577,2021-11-08,6529.0776,6505.1714
4578,2021-11-09,6648.0215,6540.7446
4579,2021-11-10,6645.7417,6417.857
4580,2021-11-11,6666.2485,6485.3022
4581,2021-11-12,6634.805,6537.6636
4582,2021-11-13,6366.842,6180.2104
4583,2021-11-14,6260.201,6101.277
4584,2021-11-15,6548.2188,6600.199
4585,2021-11-16,6638.904,6658.95
4586,2021-11-17,6637.5376,6725.549
4587,2021-11-18,6632.9805,6604.0933
4588,2021-11-19,6607.004,6621.789
4589,2021-11-20,6363.6504,6226.407
4590,2021-11-21,6257.0137,6122.0024
4591,2021-11-22,6556.8765,6590.2397
4592,2021-11-23,6664.4243,6618.4697
4593,2021-11-24,6670.8057,6477.9897
4594,2021-11-25,6662.602,6530.0786
4595,2021-11-26,6636.172,6612.006
4596,2021-11-27,6390.083,6319.2026
4597,2021-11-28,6286.6343,6150.5464
4598,2021-11-29,6579.662,6719.57
4599,2021-11-30,6683.5654,6828.828
4600,2021-12-01,6696.7827,6916.207
4601,2021-12-02,6700.884,6703.6147
4602,2021-12-03,6665.335,6558.849
4603,2021-12-04,6406.4873,6265.8486
4604,2021-12-05,6313.5225,6114.6274
4605,2021-12-06,6599.2583,6531.9136
4606,2021-12-07,6680.8306,6636.739
4607,2021-12-08,6675.8184,6668.687
4608,2021-12-09,6679.9194,6680.9844
4609,2021-12-10,6647.109,6599.399
4610,2021-12-11,6394.6436,6268.572
4611,2021-12-12,6300.304,6030.913
4612,2021-12-13,6608.826,6482.4165
4613,2021-12-14,6718.655,6583.9097
4614,2021-12-15,6709.087,6599.98
4615,2021-12-16,6707.72,6661.4575
4616,2021-12-17,6673.541,6637.34
4617,2021-12-18,6433.831,6287.321
4618,2021-12-19,6336.7627,6057.9443
4619,2021-12-20,6608.371,6524.5938
4620,2021-10-23,6284.821,6229.809
4621,2021-10-24,6144.4404,6056.3564
4622,2021-10-25,6483.996,6580.954
4623,2021-10-26,6600.676,6681.8013
4624,2021-10-27,6611.1606,6704.128
4625,2021-10-28,6611.6157,6654.5933
4626,2021-10-29,6597.03,6712.5684
4627,2021-10-30,6332.2207,6415.479
4628,2021-10-31,6205.058,6160.9214
4629,2021-11-01,6500.8613,6482.731
4630,2021-11-02,6603.4126,6462.4326
4631,2021-11-03,6618.4546,6431.2437
4632,2021-11-04,6628.936,6063.2866
4633,2021-11-05,6618.9087,6435.461
4634,2021-11-06,6366.4043,6202.514
4635,2021-11-07,6243.797,6066.5063
4636,2021-11-08,6511.344,6505.1714
4637,2021-11-09,6635.774,6540.7446
4638,2021-11-10,6635.7725,6417.857
4639,2021-11-11,6646.7124,6485.3022
4640,2021-11-12,6633.493,6537.6636
4641,2021-11-13,6395.574,6180.2104
4642,2021-11-14,6269.7783,6101.277
4643,2021-11-15,6539.6006,6600.199
4644,2021-11-16,6653.549,6658.95
4645,2021-11-17,6661.2944,6725.549
4646,2021-11-18,6663.574,6604.0933
4647,2021-11-19,6633.0376,6621.789
4648,2021-11-20,6366.4023,6226.407
4649,2021-11-21,6286.642,6122.0024
4650,2021-11-22,6555.0986,6590.2397
4651,2021-11-23,6674.97,6618.4697
4652,2021-11-24,6695.935,6477.9897
4653,2021-11-25,6690.466,6530.0786
4654,2021-11-26,6647.623,6612.006
4655,2021-11-27,6402.8667,6319.2026
4656,2021-11-28,6306.6943,6150.5464
4657,2021-11-29,6573.7856,6719.57
4658,2021-11-30,6682.2627,6828.828
4659,2021-12-01,6694.1123,6916.207
4660,2021-12-02,6711.431,6703.6147
4661,2021-12-03,6671.78,6558.849
4662,2021-12-04,6432.9487,6265.8486
4663,2021-12-05,6332.221,6114.6274
4664,2021-12-06,6589.739,6531.9136
4665,2021-12-07,6700.949,6636.739
4666,2021-12-08,6709.609,6668.687
4667,2021-12-09,6723.7393,6680.9844
4668,2021-12-10,6660.8394,6599.399
4669,2021-12-11,6441.609,6268.572
4670,2021-12-12,6357.2856,6030.913
4671,2021-12-13,6635.315,6482.4165
4672,2021-12-14,6745.16,6583.9097
4673,2021-12-15,6747.8955,6599.98
4674,2021-12-16,6745.16,6661.4575
4675,2021-12-17,6706.419,6637.34
4676,2021-12-18,6468.4985,6287.321
4677,2021-12-19,6388.2827,6057.9443
4678,2021-12-20,6646.255,6524.5938
4679,2021-12-21,6779.8013,6667.921
4680,2021-10-24,6086.475,6056.3564
4681,2021-10-25,6525.877,6580.954
4682,2021-10-26,6571.4614,6681.8013
4683,2021-10-27,6596.985,6704.128
4684,2021-10-28,6607.013,6654.5933
4685,2021-10-29,6581.0312,6712.5684
4686,2021-10-30,6281.564,6415.479
4687,2021-10-31,6215.926,6160.9214
4688,2021-11-01,6623.8774,6482.731
4689,2021-11-02,6649.8574,6462.4326
4690,2021-11-03,6650.7715,6431.2437
4691,2021-11-04,6691.339,6063.2866
4692,2021-11-05,6669.46,6435.461
4693,2021-11-06,6385.9424,6202.514
4694,2021-11-07,6267.8857,6066.5063
4695,2021-11-08,6644.3906,6505.1714
4696,2021-11-09,6689.061,6540.7446
4697,2021-11-10,6704.1006,6417.857
4698,2021-11-11,6674.4717,6485.3022
4699,2021-11-12,6665.355,6537.6636
4700,2021-11-13,6373.18,6180.2104
4701,2021-11-14,6259.683,6101.277
4702,2021-11-15,6633.9062,6600.199
4703,2021-11-16,6671.2827,6658.95
4704,2021-11-17,6657.152,6725.549
4705,2021-11-18,6647.5786,6604.0933
4706,2021-11-19,6609.291,6621.789
4707,2021-11-20,6311.1904,6226.407
4708,2021-11-21,6243.73,6122.0024
4709,2021-11-22,6621.598,6590.2397
4710,2021-11-23,6654.8726,6618.4697
4711,2021-11-24,6655.3286,6477.9897
4712,2021-11-25,6657.1514,6530.0786
4713,2021-11-26,6632.994,6612.006
4714,2021-11-27,6347.199,6319.2026
4715,2021-11-28,6267.8867,6150.5464
4716,2021-11-29,6640.7427,6719.57
4717,2021-11-30,6690.8833,6828.828
4718,2021-12-01,6692.706,6916.207
4719,2021-12-02,6670.3726,6703.6147
4720,2021-12-03,6631.625,6558.849
4721,2021-12-04,6325.321,6265.8486
4722,2021-12-05,6245.5527,6114.6274
4723,2021-12-06,6613.3945,6531.9136
4724,2021-12-07,6662.166,6636.739
4725,2021-12-08,6675.384,6668.687
4726,2021-12-09,6661.2544,6680.9844
4727,2021-12-10,6624.788,6599.399
4728,2021-12-11,6326.2314,6268.572
4729,2021-12-12,6250.11,6030.913
4730,2021-12-13,6627.9795,6482.4165
4731,2021-12-14,6683.134,6583.9097
4732,2021-12-15,6691.337,6599.98
4733,2021-12-16,6690.8833,6661.4575
4734,2021-12-17,6656.697,6637.34
4735,2021-12-18,6365.888,6287.321
4736,2021-12-19,6289.767,6057.9443
4737,2021-12-20,6661.7104,6524.5938
4738,2021-12-21,6722.335,6667.921
4739,2021-12-22,6730.9927,6679.466
4740,2021-10-25,6490.058,6580.954
4741,2021-10-26,6518.775,6681.8013
4742,2021-10-27,6540.199,6704.128
4743,2021-10-28,6562.995,6654.5933
4744,2021-10-29,6531.9956,6712.5684
4745,2021-10-30,6231.5864,6415.479
4746,2021-10-31,6150.4424,6160.9214
4747,2021-11-01,6565.2725,6482.731
4748,2021-11-02,6614.962,6462.4326
4749,2021-11-03,6630.4614,6431.2437
4750,2021-11-04,6636.8457,6063.2866
4751,2021-11-05,6626.814,6435.461
4752,2021-11-06,6350.1094,6202.514
4753,2021-11-07,6231.13,6066.5063
4754,2021-11-08,6609.9487,6505.1714
4755,2021-11-09,6639.1226,6540.7446
4756,2021-11-10,6641.8574,6417.857
4757,2021-11-11,6647.328,6485.3022
4758,2021-11-12,6646.417,6537.6636
4759,2021-11-13,6339.623,6180.2104
4760,2021-11-14,6229.306,6101.277
4761,2021-11-15,6591.2583,6600.199
4762,2021-11-16,6622.2573,6658.95
4763,2021-11-17,6610.404,6725.549
4764,2021-11-18,6599.463,6604.0933
4765,2021-11-19,6571.199,6621.789
4766,2021-11-20,6282.185,6226.407
4767,2021-11-21,6225.6587,6122.0024
4768,2021-11-22,6618.152,6590.2397
4769,2021-11-23,6661.9146,6618.4697
4770,2021-11-24,6655.9907,6477.9897
4771,2021-11-25,6639.578,6530.0786
4772,2021-11-26,6594.9043,6612.006
4773,2021-11-27,6316.831,6319.2026
4774,2021-11-28,6232.4976,6150.5464
4775,2021-11-29,6612.2275,6719.57
4776,2021-11-30,6675.135,6828.828
4777,2021-12-01,6686.989,6916.207
4778,2021-12-02,6680.6074,6703.6147
4779,2021-12-03,6639.5796,6558.849
4780,2021-12-04,6353.756,6265.8486
4781,2021-12-05,6271.701,6114.6274
4782,2021-12-06,7523.489,6531.9136
4783,2021-12-07,7590.4995,6636.739
4784,2021-12-08,7562.2344,6668.687
4785,2021-12-09,7555.398,6680.9844
4786,2021-12-10,6650.518,6599.399
4787,2021-12-11,6345.095,6268.572
4788,2021-12-12,6263.0386,6030.913
4789,2021-12-13,6639.5796,6482.4165
4790,2021-12-14,6700.208,6583.9097
4791,2021-12-15,6704.766,6599.98
4792,2021-12-16,6692.457,6661.4575
4793,2021-12-17,6647.3286,6637.34
4794,2021-12-18,6350.5654,6287.321
4795,2021-12-19,6294.0376,6057.9443
4796,2021-12-20,6657.357,6524.5938
4797,2021-12-21,6721.179,6667.921
4798,2021-12-22,6729.3833,6679.466
4799,2021-12-23,6717.074,6570.552
4800,2021-10-26,6603.803,6681.8013
4801,2021-10-27,6591.0356,6704.128
4802,2021-10-28,6589.2104,6654.5933
4803,2021-10-29,6591.49,6712.5684
4804,2021-10-30,6286.4263,6415.479
4805,2021-10-31,6180.177,6160.9214
4806,2021-11-01,6615.2026,6482.731
4807,2021-11-02,6651.6816,6462.4326
4808,2021-11-03,6662.628,6431.2437
4809,2021-11-04,6664.4526,6063.2866
4810,2021-11-05,6650.77,6435.461
4811,2021-11-06,6351.6333,6202.514
4812,2021-11-07,6244.931,6066.5063
4813,2021-11-08,6618.3955,6505.1714
4814,2021-11-09,6675.3955,6540.7446
4815,2021-11-10,6689.531,6417.857
4816,2021-11-11,6681.323,6485.3022
4817,2021-11-12,6663.538,6537.6636
4818,2021-11-13,6342.056,6180.2104
4819,2021-11-14,6252.225,6101.277
4820,2021-11-15,6595.594,6600.199
4821,2021-11-16,6641.652,6658.95
4822,2021-11-17,6637.5474,6725.549
4823,2021-11-18,6632.9883,6604.0933
4824,2021-11-19,6587.842,6621.789
4825,2021-11-20,6285.056,6226.407
4826,2021-11-21,6208.449,6122.0024
4827,2021-11-22,6619.3076,6590.2397
4828,2021-11-23,6667.1855,6618.4697
4829,2021-11-24,6656.243,6477.9897
4830,2021-11-25,6637.545,6530.0786
4831,2021-11-26,6601.0684,6612.006
4832,2021-11-27,6314.2417,6319.2026
4833,2021-11-28,6240.369,6150.5464
4834,2021-11-29,6619.7607,6719.57
4835,2021-11-30,6664.908,6828.828
4836,2021-12-01,6686.3374,6916.207
4837,2021-12-02,6695.458,6703.6147
4838,2021-12-03,6628.4263,6558.849
4839,2021-12-04,6336.129,6265.8486
4840,2021-12-05,6255.8726,6114.6274
4841,2021-12-06,6613.3794,6531.9136
4842,2021-12-07,6657.611,6636.739
4843,2021-12-08,6670.38,6668.687
4844,2021-12-09,6649.86,6680.9844
4845,2021-12-10,6627.9707,6599.399
4846,2021-12-11,6349.81,6268.572
4847,2021-12-12,6273.6577,6030.913
4848,2021-12-13,6642.1074,6482.4165
4849,2021-12-14,6694.547,6583.9097
4850,2021-12-15,6710.052,6599.98
4851,2021-12-16,6710.9624,6661.4575
4852,2021-12-17,6646.667,6637.34
4853,2021-12-18,6361.209,6287.321
4854,2021-12-19,6298.7373,6057.9443
4855,2021-12-20,6669.924,6524.5938
4856,2021-12-21,6727.3794,6667.921
4857,2021-12-22,6734.2207,6679.466
4858,2021-12-23,6740.147,6570.552
4859,2021-12-24,6690.8994,6497.8086
4860,2021-10-27,6651.995,6704.128
4861,2021-10-28,6636.4883,6654.5933
4862,2021-10-29,6616.4175,6712.5684
4863,2021-10-30,6341.379,6415.479
4864,2021-10-31,6232.825,6160.9214
4865,2021-11-01,6654.7314,6482.731
4866,2021-11-02,6699.43,6462.4326
4867,2021-11-03,6726.339,6431.2437
4868,2021-11-04,6740.4814,6063.2866
4869,2021-11-05,6733.6377,6435.461
4870,2021-11-06,6426.6733,6202.514
4871,2021-11-07,6315.381,6066.5063
4872,2021-11-08,6692.131,6505.1714
4873,2021-11-09,6754.1646,6540.7446
4874,2021-11-10,6751.882,6417.857
4875,2021-11-11,6742.761,6485.3022
4876,2021-11-12,6722.235,6537.6636
4877,2021-11-13,6390.6406,6180.2104
4878,2021-11-14,6298.504,6101.277
4879,2021-11-15,6695.7812,6600.199
4880,2021-11-16,6729.9883,6658.95
4881,2021-11-17,6722.2363,6725.549
4882,2021-11-18,6716.7637,6604.0933
4883,2021-11-19,6670.6943,6621.789
4884,2021-11-20,6332.7124,6226.407
4885,2021-11-21,6299.415,6122.0024
4886,2021-11-22,6691.675,6590.2397
4887,2021-11-23,6745.9536,6618.4697
4888,2021-11-24,6748.235,6477.9897
4889,2021-11-25,6766.023,6530.0786
4890,2021-11-26,6714.9395,6612.006
4891,2021-11-27,6410.253,6319.2026
4892,2021-11-28,6351.87,6150.5464
4893,2021-11-29,6760.549,6719.57
4894,2021-11-30,6818.476,6828.828
4895,2021-12-01,6816.196,6916.207
4896,2021-12-02,6809.808,6703.6147
4897,2021-12-03,6776.058,6558.849
4898,2021-12-04,6462.705,6265.8486
4899,2021-12-05,6385.167,6114.6274
4900,2021-12-06,6763.2856,6531.9136
4901,2021-12-07,6805.2495,6636.739
4902,2021-12-08,6823.9487,6668.687
4903,2021-12-09,6817.1064,6680.9844
4904,2021-12-10,6758.267,6599.399
4905,2021-12-11,6430.7764,6268.572
4906,2021-12-12,6372.3945,6030.913
4907,2021-12-13,6773.777,6482.4165
4908,2021-12-14,6814.3706,6583.9097
4909,2021-12-15,6823.0376,6599.98
4910,2021-12-16,6815.2817,6661.4575
4911,2021-12-17,6771.497,6637.34
4912,2021-12-18,6452.6704,6287.321
4913,2021-12-19,6416.1816,6057.9443
4914,2021-12-20,6805.2495,6524.5938
4915,2021-12-21,6873.21,6667.921
4916,2021-12-22,6902.859,6679.466
4917,2021-12-23,6903.7686,6570.552
4918,2021-12-24,6844.93,6497.8086
4919,2021-12-25,6514.703,6085.1455
4920,2021-10-28,6718.1543,6654.5933
4921,2021-10-29,6693.975,6712.5684
4922,2021-10-30,6380.0996,6415.479
4923,2021-10-31,6257.8354,6160.9214
4924,2021-11-01,6677.095,6482.731
4925,2021-11-02,6715.871,6462.4326
4926,2021-11-03,6767.425,6431.2437
4927,2021-11-04,6777.006,6063.2866
4928,2021-11-05,6771.53,6435.461
4929,2021-11-06,6456.2876,6202.514
4930,2021-11-07,6291.1377,6066.5063
4931,2021-11-08,6672.076,6505.1714
4932,2021-11-09,6748.72,6540.7446
4933,2021-11-10,6762.406,6417.857
4934,2021-11-11,6753.2812,6485.3022
4935,2021-11-12,6753.281,6537.6636
4936,2021-11-13,6403.3667,6180.2104
4937,2021-11-14,6271.064,6101.277
4938,2021-11-15,6669.7954,6600.199
4939,2021-11-16,6724.085,6658.95
4940,2021-11-17,6724.541,6725.549
4941,2021-11-18,6716.786,6604.0933
4942,2021-11-19,6656.5645,6621.789
4943,2021-11-20,6356.378,6226.407
4944,2021-11-21,6274.2573,6122.0024
4945,2021-11-22,6703.553,6590.2397
4946,2021-11-23,6729.1035,6618.4697
4947,2021-11-24,6740.0513,6477.9897
4948,2021-11-25,6735.4883,6530.0786
4949,2021-11-26,6683.936,6612.006
4950,2021-11-27,6383.295,6319.2026
4951,2021-11-28,6301.175,6150.5464
4952,2021-11-29,6722.716,6719.57
4953,2021-11-30,6769.246,6828.828
4954,2021-12-01,6790.69,6916.207
4955,2021-12-02,6790.2324,6703.6147
4956,2021-12-03,6756.017,6558.849
4957,2021-12-04,6438.9517,6265.8486
4958,2021-12-05,6340.4087,6114.6274
4959,2021-12-06,6729.102,6531.9136
4960,2021-12-07,6785.6724,6636.739
4961,2021-12-08,6788.41,6668.687
4962,2021-12-09,6788.866,6680.9844
4963,2021-12-10,6746.437,6599.399
4964,2021-12-11,6442.6006,6268.572
4965,2021-12-12,6370.062,6030.913
4966,2021-12-13,6752.368,6482.4165
4967,2021-12-14,6809.395,6583.9097
4968,2021-12-15,6800.27,6599.98
4969,2021-12-16,6803.0083,6661.4575
4970,2021-12-17,6774.267,6637.34
4971,2021-12-18,6464.041,6287.321
4972,2021-12-19,6405.6465,6057.9443
4973,2021-12-20,6776.549,6524.5938
4974,2021-12-21,6817.6064,6667.921
4975,2021-12-22,6819.43,6679.466
4976,2021-12-23,6820.801,6570.552
4977,2021-12-24,6775.179,6497.8086
4978,2021-12-25,6455.3735,6085.1455
4979,2021-12-26,6390.136,6043.734
4980,2021-10-29,6606.623,6712.5684
4981,2021-10-30,6310.953,6415.479
4982,2021-10-31,6192.775,6160.9214
4983,2021-11-01,6594.76,6482.731
4984,2021-11-02,6646.3237,6462.4326
4985,2021-11-03,6666.858,6431.2437
4986,2021-11-04,6662.75,6063.2866
4987,2021-11-05,6642.6724,6435.461
4988,2021-11-06,6362.9683,6202.514
4989,2021-11-07,6225.6265,6066.5063
4990,2021-11-08,6622.5967,6505.1714
4991,2021-11-09,6670.963,6540.7446
4992,2021-11-10,6660.4683,6417.857
4993,2021-11-11,6672.333,6485.3022
4994,2021-11-12,6648.1504,6537.6636
4995,2021-11-13,6330.57,6180.2104
4996,2021-11-14,6200.5293,6101.277
4997,2021-11-15,6598.8677,6600.199
4998,2021-11-16,6652.256,6658.95
4999,2021-11-17,6661.8374,6725.549
5000,2021-11-18,6649.062,6604.0933
5001,2021-11-19,6623.967,6621.789
5002,2021-11-20,6342.4346,6226.407
5003,2021-11-21,6242.509,6122.0024
5004,2021-11-22,6637.6543,6590.2397
5005,2021-11-23,6695.6035,6618.4697
5006,2021-11-24,6692.8657,6477.9897
5007,2021-11-25,6687.39,6530.0786
5008,2021-11-26,6656.819,6612.006
5009,2021-11-27,6350.6494,6319.2026
5010,2021-11-28,6249.8076,6150.5464
5011,2021-11-29,6619.4023,6719.57
5012,2021-11-30,6695.1465,6828.828
5013,2021-12-01,6695.605,6916.207
5014,2021-12-02,6720.699,6703.6147
5015,2021-12-03,6674.6157,6558.849
5016,2021-12-04,6378.483,6265.8486
5017,2021-12-05,6273.991,6114.6274
5018,2021-12-06,6648.6055,6531.9136
5019,2021-12-07,6710.2046,6636.739
5020,2021-12-08,6732.107,6668.687
5021,2021-12-09,6739.4077,6680.9844
5022,2021-12-10,6712.487,6599.399
5023,2021-12-11,6400.3833,6268.572
5024,2021-12-12,6280.8354,6030.913
5025,2021-12-13,6677.8066,6482.4165
5026,2021-12-14,6740.775,6583.9097
5027,2021-12-15,6745.7964,6599.98
5028,2021-12-16,6733.476,6661.4575
5029,2021-12-17,6696.0596,6637.34
5030,2021-12-18,6398.102,6287.321
5031,2021-12-19,6306.8457,6057.9443
5032,2021-12-20,6676.895,6524.5938
5033,2021-12-21,6733.9316,6667.921
5034,2021-12-22,6754.0107,6679.466
5035,2021-12-23,6744.428,6570.552
5036,2021-12-24,6727.0874,6497.8086
5037,2021-12-25,6412.7046,6085.1455
5038,2021-12-26,6319.622,6043.734
5039,2021-12-27,6693.777,6466.6216
5040,2021-10-30,6390.214,6415.479
5041,2021-10-31,6236.87,6160.9214
5042,2021-11-01,6640.763,6482.731
5043,2021-11-02,6696.4414,6462.4326
5044,2021-11-03,6713.783,6431.2437
5045,2021-11-04,6733.8643,6063.2866
5046,2021-11-05,6735.6904,6435.461
5047,2021-11-06,7285.6265,6202.514
5048,2021-11-07,7139.1294,6066.5063
5049,2021-11-08,7494.6494,6505.1714
5050,2021-11-09,6707.8506,6540.7446
5051,2021-11-10,6719.2617,6417.857
5052,2021-11-11,6734.32,6485.3022
5053,2021-11-12,6724.739,6537.6636
5054,2021-11-13,6395.69,6180.2104
5055,2021-11-14,6263.797,6101.277
5056,2021-11-15,6619.313,6600.199
5057,2021-11-16,6665.866,6658.95
5058,2021-11-17,6674.535,6725.549
5059,2021-11-18,6668.147,6604.0933
5060,2021-11-19,6648.9795,6621.789
5061,2021-11-20,6355.9824,6226.407
5062,2021-11-21,6238.694,6122.0024
5063,2021-11-22,6612.011,6590.2397
5064,2021-11-23,6697.3525,6618.4697
5065,2021-11-24,6735.2344,6477.9897
5066,2021-11-25,6727.476,6530.0786
5067,2021-11-26,6712.87,6612.006
5068,2021-11-27,6417.5957,6319.2026
5069,2021-11-28,6296.656,6150.5464
5070,2021-11-29,6650.804,6719.57
5071,2021-11-30,6723.3677,6828.828
5072,2021-12-01,6732.496,6916.207
5073,2021-12-02,6730.668,6703.6147
5074,2021-12-03,6701.006,6558.849
5075,2021-12-04,6406.187,6265.8486
5076,2021-12-05,6276.5737,6114.6274
5077,2021-12-06,6606.0786,6531.9136
5078,2021-12-07,6684.12,6636.739
5079,2021-12-08,6696.4424,6668.687
5080,2021-12-09,6680.927,6680.9844
5081,2021-12-10,6677.7305,6599.399
5082,2021-12-11,6397.97,6268.572
5083,2021-12-12,6266.0776,6030.913
5084,2021-12-13,6629.3545,6482.4165
5085,2021-12-14,6712.416,6583.9097
5086,2021-12-15,6736.147,6599.98
5087,2021-12-16,6731.1255,6661.4575
5088,2021-12-17,6717.4346,6637.34
5089,2021-12-18,6410.7495,6287.321
5090,2021-12-19,6291.179,6057.9443
5091,2021-12-20,6659.9307,6524.5938
5092,2021-12-21,6758.9663,6667.921
5093,2021-12-22,6790.4556,6679.466
5094,2021-12-23,6801.8643,6570.552
5095,2021-12-24,6760.333,6497.8086
5096,2021-12-25,6452.7344,6085.1455
5097,2021-12-26,6332.2505,6043.734
5098,2021-12-27,6679.098,6466.6216
5099,2021-12-28,6766.268,6550.1025
5100,2021-10-31,6212.565,6160.9214
5101,2021-11-01,6641.6157,6482.731
5102,2021-11-02,6682.2383,6462.4326
5103,2021-11-03,6695.93,6431.2437
5104,2021-11-04,6713.733,6063.2866
5105,2021-11-05,6707.8013,6435.461
5106,2021-11-06,6383.7275,6202.514
5107,2021-11-07,6278.747,6066.5063
5108,2021-11-08,6708.7124,6505.1714
5109,2021-11-09,6740.6636,6540.7446
5110,2021-11-10,6755.7246,6417.857
5111,2021-11-11,6750.7036,6485.3022
5112,2021-11-12,6750.2476,6537.6636
5113,2021-11-13,6388.75,6180.2104
5114,2021-11-14,6244.973,6101.277
5115,2021-11-15,6667.176,6600.199
5116,2021-11-16,6693.1934,6658.95
5117,2021-11-17,6720.1226,6725.549
5118,2021-11-18,6708.2563,6604.0933
5119,2021-11-19,6680.87,6621.789
5120,2021-11-20,6359.084,6226.407
5121,2021-11-21,6240.864,6122.0024
5122,2021-11-22,6666.721,6590.2397
5123,2021-11-23,6708.255,6618.4697
5124,2021-11-24,6714.19,6477.9897
5125,2021-11-25,6708.712,6530.0786
5126,2021-11-26,6656.2217,6612.006
5127,2021-11-27,6322.11,6319.2026
5128,2021-11-28,6244.0566,6150.5464
5129,2021-11-29,6671.7417,6719.57
5130,2021-11-30,6734.2725,6828.828
5131,2021-12-01,6758.9204,6916.207
5132,2021-12-02,6766.681,6703.6147
5133,2021-12-03,6721.035,6558.849
5134,2021-12-04,6408.378,6265.8486
5135,2021-12-05,6318.002,6114.6274
5136,2021-12-06,6700.9517,6531.9136
5137,2021-12-07,6757.551,6636.739
5138,2021-12-08,6784.4805,6668.687
5139,2021-12-09,6776.264,6680.9844
5140,2021-12-10,6772.1562,6599.399
5141,2021-12-11,6437.1323,6268.572
5142,2021-12-12,6322.11,6030.913
5143,2021-12-13,6728.7944,6482.4165
5144,2021-12-14,6768.507,6583.9097
5145,2021-12-15,6775.3506,6599.98
5146,2021-12-16,6781.286,6661.4575
5147,2021-12-17,6747.9663,6637.34
5148,2021-12-18,6428.004,6287.321
5149,2021-12-19,6349.9526,6057.9443
5150,2021-12-20,6746.14,6524.5938
5151,2021-12-21,6810.4976,6667.921
5152,2021-12-22,6839.254,6679.466
5153,2021-12-23,6833.32,6570.552
5154,2021-12-24,6795.4346,6497.8086
5155,2021-12-25,6464.976,6085.1455
5156,2021-12-26,6388.7505,6043.734
5157,2021-12-27,6779.916,6466.6216
5158,2021-12-28,6836.516,6550.1025
5159,2021-12-29,6831.037,6549.389
5160,2021-11-01,6575.2324,6482.731
5161,2021-11-02,6638.2314,6462.4326
5162,2021-11-03,6665.1675,6431.2437
5163,2021-11-04,6651.928,6063.2866
5164,2021-11-05,6635.038,6435.461
5165,2021-11-06,6343.3223,6202.514
5166,2021-11-07,6222.345,6066.5063
5167,2021-11-08,6619.9727,6505.1714
5168,2021-11-09,6677.95,6540.7446
5169,2021-11-10,6685.71,6417.857
5170,2021-11-11,6683.8833,6485.3022
5171,2021-11-12,6697.122,6537.6636
5172,2021-11-13,6376.1904,6180.2104
5173,2021-11-14,6213.67,6101.277
5174,2021-11-15,6604.451,6600.199
5175,2021-11-16,6665.168,6658.95
5176,2021-11-17,6661.9727,6725.549
5177,2021-11-18,6633.2114,6604.0933
5178,2021-11-19,6590.7544,6621.789
5179,2021-11-20,6303.149,6226.407
5180,2021-11-21,6186.2783,6122.0024
5181,2021-11-22,6613.1245,6590.2397
5182,2021-11-23,6661.0596,6618.4697
5183,2021-11-24,6665.1675,6477.9897
5184,2021-11-25,6662.4277,6530.0786
5185,2021-11-26,6631.841,6612.006
5186,2021-11-27,6332.3643,6319.2026
5187,2021-11-28,6245.168,6150.5464
5188,2021-11-29,6648.274,6719.57
5189,2021-11-30,6694.3833,6828.828
5190,2021-12-01,6699.405,6916.207
5191,2021-12-02,6697.5796,6703.6147
5192,2021-12-03,6667.45,6558.849
5193,2021-12-04,6389.429,6265.8486
5194,2021-12-05,6265.713,6114.6274
5195,2021-12-06,6639.145,6531.9136
5196,2021-12-07,6693.014,6636.739
5197,2021-12-08,6704.8843,6668.687
5198,2021-12-09,6714.4707,6680.9844
5199,2021-12-10,6682.513,6599.399
5200,2021-12-11,6389.8867,6268.572
5201,2021-12-12,6299.04,6030.913
5202,2021-12-13,6683.882,6482.4165
5203,2021-12-14,6724.5156,6583.9097
5204,2021-12-15,6740.0356,6599.98
5205,2021-12-16,6737.2974,6661.4575
5206,2021-12-17,6699.8633,6637.34
5207,2021-12-18,6389.886,6287.321
5208,2021-12-19,6316.388,6057.9443
5209,2021-12-20,6712.6455,6524.5938
5210,2021-12-21,6756.4707,6667.921
5211,2021-12-22,6775.6455,6679.466
5212,2021-12-23,6777.47,6570.552
5213,2021-12-24,6753.274,6497.8086
5214,2021-12-25,6446.0386,6085.1455
5215,2021-12-26,6366.6035,6043.734
5216,2021-12-27,6729.536,6466.6216
5217,2021-12-28,6769.708,6550.1025
5218,2021-12-29,6792.9917,6549.389
5219,2021-12-30,6790.7114,6524.4844
5220,2021-11-02,6606.3564,6462.4326
5221,2021-11-03,6617.7715,6431.2437
5222,2021-11-04,6616.859,6063.2866
5223,2021-11-05,6612.2905,6435.461
5224,2021-11-06,6309.0776,6202.514
5225,2021-11-07,6168.8857,6066.5063
5226,2021-11-08,6572.1055,6505.1714
5227,2021-11-09,6636.4976,6540.7446
5228,2021-11-10,6658.869,6417.857
5229,2021-11-11,6665.2637,6485.3022
5230,2021-11-12,6645.627,6537.6636
5231,2021-11-13,6351.5454,6180.2104
5232,2021-11-14,6200.3945,6101.277
5233,2021-11-15,6584.8936,6600.199
5234,2021-11-16,6631.014,6658.95
5235,2021-11-17,6636.948,6725.549
5236,2021-11-18,6626.449,6604.0933
5237,2021-11-19,6583.5244,6621.789
5238,2021-11-20,6273.003,6226.407
5239,2021-11-21,6154.273,6122.0024
5240,2021-11-22,6548.8174,6590.2397
5241,2021-11-23,6604.5293,6618.4697
5242,2021-11-24,6613.2046,6477.9897
5243,2021-11-25,6618.2275,6530.0786
5244,2021-11-26,6587.6343,6612.006
5245,2021-11-27,6300.8594,6319.2026
5246,2021-11-28,6200.3936,6150.5464
5247,2021-11-29,6592.656,6719.57
5248,2021-11-30,6666.632,6828.828
5249,2021-12-01,6677.135,6916.207
5250,2021-12-02,6682.6177,6703.6147
5251,2021-12-03,6640.6055,6558.849
5252,2021-12-04,6357.483,6265.8486
5253,2021-12-05,6251.0806,6114.6274
5254,2021-12-06,6650.6514,6531.9136
5255,2021-12-07,6711.3843,6636.739
5256,2021-12-08,6704.5337,6668.687
5257,2021-12-09,6705.906,6680.9844
5258,2021-12-10,6668.4604,6599.399
5259,2021-12-11,6378.489,6268.572
5260,2021-12-12,6275.284,6030.913
5261,2021-12-13,6649.736,6482.4165
5262,2021-12-14,6720.975,6583.9097
5263,2021-12-15,6739.6987,6599.98
5264,2021-12-16,6735.588,6661.4575
5265,2021-12-17,6690.378,6637.34
5266,2021-12-18,6383.0557,6287.321
5267,2021-12-19,6305.88,6057.9443
5268,2021-12-20,6692.207,6524.5938
5269,2021-12-21,6741.524,6667.921
5270,2021-12-22,6762.0723,6679.466
5271,2021-12-23,6773.033,6570.552
5272,2021-12-24,6727.368,6497.8086
5273,2021-12-25,6428.2627,6085.1455
5274,2021-12-26,6358.3965,6043.734
5275,2021-12-27,6715.4956,6466.6216
5276,2021-12-28,6776.686,6550.1025
5277,2021-12-29,6789.473,6549.389
5278,2021-12-30,6776.6895,6524.4844
5279,2021-12-31,6713.669,6268.829
5280,2021-11-03,6552.2686,6431.2437
5281,2021-11-04,6563.686,6063.2866
5282,2021-11-05,6555.9214,6435.461
5283,2021-11-06,6245.366,6202.514
5284,2021-11-07,6148.5444,6066.5063
5285,2021-11-08,6544.0483,6505.1714
5286,2021-11-09,6580.583,6540.7446
5287,2021-11-10,6591.5425,6417.857
5288,2021-11-11,6611.639,6485.3022
5289,2021-11-12,6604.3306,6537.6636
5290,2021-11-13,6275.051,6180.2104
5291,2021-11-14,6191.931,6101.277
5292,2021-11-15,6598.848,6600.199
5293,2021-11-16,6628.08,6658.95
5294,2021-11-17,6628.5356,6725.549
5295,2021-11-18,6612.0938,6604.0933
5296,2021-11-19,6552.264,6621.789
5297,2021-11-20,6240.341,6226.407
5298,2021-11-21,6174.1187,6122.0024
5299,2021-11-22,6574.1895,6590.2397
5300,2021-11-23,6598.851,6618.4697
5301,2021-11-24,6609.811,6477.9897
5302,2021-11-25,6605.244,6530.0786
5303,2021-11-26,6539.0225,6612.006
5304,2021-11-27,6220.703,6319.2026
5305,2021-11-28,6148.0874,6150.5464
5306,2021-11-29,6556.8345,6719.57
5307,2021-11-30,6605.2437,6828.828
5308,2021-12-01,6599.3057,6916.207
5309,2021-12-02,6619.4014,6703.6147
5310,2021-12-03,6594.284,6558.849
5311,2021-12-04,6281.9,6265.8486
5312,2021-12-05,6221.615,6114.6274
5313,2021-12-06,6616.6626,6531.9136
5314,2021-12-07,6667.3555,6636.739
5315,2021-12-08,6675.5737,6668.687
5316,2021-12-09,6672.3794,6680.9844
5317,2021-12-10,6606.1562,6599.399
5318,2021-12-11,6301.082,6268.572
5319,2021-12-12,6243.9956,6030.913
5320,2021-12-13,6644.518,6482.4165
5321,2021-12-14,6692.931,6583.9097
5322,2021-12-15,6697.953,6599.98
5323,2021-12-16,6682.4263,6661.4575
5324,2021-12-17,6641.78,6637.34
5325,2021-12-18,6307.0215,6287.321
5326,2021-12-19,6263.176,6057.9443
5327,2021-12-20,6654.5664,6524.5938
5328,2021-12-21,6694.302,6667.921
5329,2021-12-22,6716.679,6679.466
5330,2021-12-23,6712.111,6570.552
5331,2021-12-24,6654.569,6497.8086
5332,2021-12-25,6331.681,6085.1455
5333,2021-12-26,6280.073,6043.734
5334,2021-12-27,6682.425,6466.6216
5335,2021-12-28,6735.859,6550.1025
5336,2021-12-29,6741.797,6549.389
5337,2021-12-30,6759.1494,6524.4844
5338,2021-12-31,6692.0156,6268.829
5339,2022-01-01,6349.949,5824.3525
5340,2021-11-04,6479.125,6063.2866
5341,2021-11-05,6479.581,6435.461
5342,2021-11-06,6203.2593,6202.514
5343,2021-11-07,6088.1646,6066.5063
5344,2021-11-08,6507.4414,6505.1714
5345,2021-11-09,6560.8774,6540.7446
5346,2021-11-10,6577.777,6417.857
5347,2021-11-11,6595.1323,6485.3022
5348,2021-11-12,6566.815,6537.6636
5349,2021-11-13,6263.5483,6180.2104
5350,2021-11-14,6129.727,6101.277
5351,2021-11-15,6513.377,6600.199
5352,2021-11-16,6559.965,6658.95
5353,2021-11-17,6554.027,6725.549
5354,2021-11-18,6547.634,6604.0933
5355,2021-11-19,6513.8354,6621.789
5356,2021-11-20,6211.0244,6226.407
5357,2021-11-21,6131.554,6122.0024
5358,2021-11-22,6529.3657,6590.2397
5359,2021-11-23,6570.9263,6618.4697
5360,2021-11-24,6590.109,6477.9897
5361,2021-11-25,6597.415,6530.0786
5362,2021-11-26,6559.052,6612.006
5363,2021-11-27,6249.8486,6319.2026
5364,2021-11-28,6165.3525,6150.5464
5365,2021-11-29,6553.5713,6719.57
5366,2021-11-30,6607.007,6828.828
5367,2021-12-01,6606.0933,6916.207
5368,2021-12-02,6631.2144,6703.6147
5369,2021-12-03,6613.4014,6558.849
5370,2021-12-04,6304.6523,6265.8486
5371,2021-12-05,6202.804,6114.6274
5372,2021-12-06,6607.4644,6531.9136
5373,2021-12-07,6662.272,6636.739
5374,2021-12-08,6657.703,6668.687
5375,2021-12-09,6648.115,6680.9844
5376,2021-12-10,6622.0796,6599.399
5377,2021-12-11,6295.976,6268.572
5378,2021-12-12,6206.0,6030.913
5379,2021-12-13,6585.0845,6482.4165
5380,2021-12-14,6638.0654,6583.9097
5381,2021-12-15,6619.3374,6599.98
5382,2021-12-16,6599.698,6661.4575
5383,2021-12-17,6578.2363,6637.34
5384,2021-12-18,6269.0283,6287.321
5385,2021-12-19,6173.5723,6057.9443
5386,2021-12-20,6564.531,6524.5938
5387,2021-12-21,6605.1807,6667.921
5388,2021-12-22,6612.945,6679.466
5389,2021-12-23,6621.6226,6570.552
5390,2021-12-24,6605.6377,6497.8086
5391,2021-12-25,6313.7886,6085.1455
5392,2021-12-26,6230.665,6043.734
5393,2021-12-27,6629.8423,6466.6216
5394,2021-12-28,6681.4536,6550.1025
5395,2021-12-29,6695.6123,6549.389
5396,2021-12-30,6689.675,6524.4844
5397,2021-12-31,6665.9243,6268.829
5398,2022-01-01,6342.561,5824.3525
5399,2022-01-02,6234.7744,5773.3154
5400,2021-11-05,6106.51,6435.461
5401,2021-11-06,6046.6826,6202.514
5402,2021-11-07,6041.2036,6066.5063
5403,2021-11-08,6321.616,6505.1714
5404,2021-11-09,6374.5938,6540.7446
5405,2021-11-10,6401.5376,6417.857
5406,2021-11-11,6376.4194,6485.3022
5407,2021-11-12,6311.1094,6537.6636
5408,2021-11-13,6165.4243,6180.2104
5409,2021-11-14,6161.7705,6101.277
5410,2021-11-15,6419.8037,6600.199
5411,2021-11-16,6472.3276,6658.95
5412,2021-11-17,6465.477,6725.549
5413,2021-11-18,6461.821,6604.0933
5414,2021-11-19,6386.9224,6621.789
5415,2021-11-20,6213.8345,6226.407
5416,2021-11-21,6229.3633,6122.0024
5417,2021-11-22,6470.043,6590.2397
5418,2021-11-23,6505.665,6618.4697
5419,2021-11-24,6499.27,6477.9897
5420,2021-11-25,6507.0337,6530.0786
5421,2021-11-26,6435.3325,6612.006
5422,2021-11-27,6258.1343,6319.2026
5423,2021-11-28,6245.348,6150.5464
5424,2021-11-29,6493.79,6719.57
5425,2021-11-30,6563.6636,6828.828
5426,2021-12-01,6593.806,6916.207
5427,2021-12-02,6591.067,6703.6147
5428,2021-12-03,6522.1055,6558.849
5429,2021-12-04,6349.015,6265.8486
5430,2021-12-05,6313.3936,6114.6274
5431,2021-12-06,6520.7344,6531.9136
5432,2021-12-07,6608.42,6636.739
5433,2021-12-08,6616.6426,6668.687
5434,2021-12-09,6591.9795,6680.9844
5435,2021-12-10,6520.2783,6599.399
5436,2021-12-11,6367.7417,6268.572
5437,2021-12-12,6354.498,6030.913
5438,2021-12-13,6577.3657,6482.4165
5439,2021-12-14,6663.6816,6583.9097
5440,2021-12-15,6666.881,6599.98
5441,2021-12-16,6651.351,6661.4575
5442,2021-12-17,6559.554,6637.34
5443,2021-12-18,6372.308,6287.321
5444,2021-12-19,6339.4263,6057.9443
5445,2021-12-20,6556.813,6524.5938
5446,2021-12-21,6645.415,6667.921
5447,2021-12-22,6667.3345,6679.466
5448,2021-12-23,6643.13,6570.552
5449,2021-12-24,6561.837,6497.8086
5450,2021-12-25,6383.726,6085.1455
5451,2021-12-26,6350.845,6043.734
5452,2021-12-27,6594.7217,6466.6216
5453,2021-12-28,6670.5327,6550.1025
5454,2021-12-29,6699.761,6549.389
5455,2021-12-30,6665.5083,6524.4844
5456,2021-12-31,6590.6094,6268.829
5457,2022-01-01,6389.206,5824.3525
5458,2022-01-02,6356.78,5773.3154
5459,2022-01-03,6575.9956,6162.769
5460,2021-11-06,6304.3994,6202.514
5461,2021-11-07,6107.0864,6066.5063
5462,2021-11-08,6343.2236,6505.1714
5463,2021-11-09,6519.983,6540.7446
5464,2021-11-10,6544.6455,6417.857
5465,2021-11-11,6540.537,6485.3022
5466,2021-11-12,6517.6973,6537.6636
5467,2021-11-13,6319.9287,6180.2104
5468,2021-11-14,6133.5786,6101.277
5469,2021-11-15,6361.494,6600.199
5470,2021-11-16,6512.674,6658.95
5471,2021-11-17,6515.869,6725.549
5472,2021-11-18,6507.649,6604.0933
5473,2021-11-19,6482.0713,6621.789
5474,2021-11-20,6290.24,6226.407
5475,2021-11-21,6166.92,6122.0024
5476,2021-11-22,6376.1064,6590.2397
5477,2021-11-23,6550.1255,6618.4697
5478,2021-11-24,6582.098,6477.9897
5479,2021-11-25,6585.753,6530.0786
5480,2021-11-26,6562.459,6612.006
5481,2021-11-27,6368.3433,6319.2026
5482,2021-11-28,6240.0,6150.5464
5483,2021-11-29,6440.9663,6719.57
5484,2021-11-30,6604.935,6828.828
5485,2021-12-01,6629.5986,6916.207
5486,2021-12-02,6631.4243,6703.6147
5487,2021-12-03,6614.527,6558.849
5488,2021-12-04,6409.906,6265.8486
5489,2021-12-05,6257.8125,6114.6274
5490,2021-12-06,6472.4805,6531.9136
5491,2021-12-07,6631.8843,6636.739
5492,2021-12-08,6674.8164,6668.687
5493,2021-12-09,6670.25,6680.9844
5494,2021-12-10,6646.9556,6599.399
5495,2021-12-11,6442.3354,6268.572
5496,2021-12-12,6291.611,6030.913
5497,2021-12-13,7375.915,6482.4165
5498,2021-12-14,7514.7656,6583.9097
5499,2021-12-15,7536.23,6599.98
5500,2021-12-16,7529.381,6661.4575
5501,2021-12-17,7495.581,6637.34
5502,2021-12-18,7307.8613,6287.321
5503,2021-12-19,6309.8794,6057.9443
5504,2021-12-20,6497.601,6524.5938
5505,2021-12-21,6681.2104,6667.921
5506,2021-12-22,6722.773,6679.466
5507,2021-12-23,6725.5137,6570.552
5508,2021-12-24,6708.6167,6497.8086
5509,2021-12-25,6521.8076,6085.1455
5510,2021-12-26,6353.728,6043.734
5511,2021-12-27,6548.756,6466.6216
5512,2021-12-28,6732.368,6550.1025
5513,2021-12-29,6764.795,6549.389
5514,2021-12-30,6766.1655,6524.4844
5515,2021-12-31,6735.564,6268.829
5516,2022-01-01,6548.7563,5824.3525
5517,2022-01-02,6396.2036,5773.3154
5518,2022-01-03,6563.83,6162.769
5519,2022-01-04,6747.439,6336.896
5520,2021-11-07,6030.0327,6066.5063
5521,2021-11-08,6466.2314,6505.1714
5522,2021-11-09,6520.1265,6540.7446
5523,2021-11-10,6515.56,6417.857
5524,2021-11-11,6517.386,6485.3022
5525,2021-11-12,6517.8423,6537.6636
5526,2021-11-13,6233.746,6180.2104
5527,2021-11-14,6086.213,6101.277
5528,2021-11-15,6506.4233,6600.199
5529,2021-11-16,6541.594,6658.95
5530,2021-11-17,6547.5317,6725.549
5531,2021-11-18,6542.5093,6604.0933
5532,2021-11-19,6521.9546,6621.789
5533,2021-11-20,6245.1626,6226.407
5534,2021-11-21,6123.666,6122.0024
5535,2021-11-22,6516.018,6590.2397
5536,2021-11-23,6557.125,6618.4697
5537,2021-11-24,6547.0757,6477.9897
5538,2021-11-25,6537.484,6530.0786
5539,2021-11-26,6522.868,6612.006
5540,2021-11-27,6236.0293,6319.2026
5541,2021-11-28,6145.134,6150.5464
5542,2021-11-29,6521.498,6719.57
5543,2021-11-30,6553.47,6828.828
5544,2021-12-01,6592.2944,6916.207
5545,2021-12-02,6590.9243,6703.6147
5546,2021-12-03,6583.161,6558.849
5547,2021-12-04,6290.382,6265.8486
5548,2021-12-05,6179.85,6114.6274
5549,2021-12-06,6587.7285,6531.9136
5550,2021-12-07,6616.96,6636.739
5551,2021-12-08,6653.9575,6668.687
5552,2021-12-09,6641.6235,6680.9844
5553,2021-12-10,6628.835,6599.399
5554,2021-12-11,6330.1187,6268.572
5555,2021-12-12,6236.4844,6030.913
5556,2021-12-13,6604.6274,6482.4165
5557,2021-12-14,6629.748,6583.9097
5558,2021-12-15,6641.6235,6599.98
5559,2021-12-16,6617.4155,6661.4575
5560,2021-12-17,6568.0874,6637.34
5561,2021-12-18,6273.025,6287.321
5562,2021-12-19,6176.194,6057.9443
5563,2021-12-20,6548.448,6524.5938
5564,2021-12-21,6602.802,6667.921
5565,2021-12-22,6619.243,6679.466
5566,2021-12-23,6595.035,6570.552
5567,2021-12-24,6563.978,6497.8086
5568,2021-12-25,6296.3213,6085.1455
5569,2021-12-26,6220.9556,6043.734
5570,2021-12-27,6603.713,6466.6216
5571,2021-12-28,6652.587,6550.1025
5572,2021-12-29,6667.6587,6549.389
5573,2021-12-30,6674.966,6524.4844
5574,2021-12-31,6635.689,6268.829
5575,2022-01-01,6332.4023,5824.3525
5576,2022-01-02,6257.0376,5773.3154
5577,2022-01-03,6621.071,6162.769
5578,2022-01-04,6640.2544,6336.896
5579,2022-01-05,6658.9814,6497.7144
5580,2021-11-08,6431.118,6505.1714
5581,2021-11-09,6496.4434,6540.7446
5582,2021-11-10,6488.2207,6417.857
5583,2021-11-11,6479.084,6485.3022
5584,2021-11-12,6485.936,6537.6636
5585,2021-11-13,6215.957,6180.2104
5586,2021-11-14,6106.774,6101.277
5587,2021-11-15,6489.1343,6600.199
5588,2021-11-16,6545.7793,6658.95
5589,2021-11-17,6554.003,6725.549
5590,2021-11-18,6554.916,6604.0933
5591,2021-11-19,6520.6577,6621.789
5592,2021-11-20,6259.8105,6226.407
5593,2021-11-21,6166.163,6122.0024
5594,2021-11-22,6517.913,6590.2397
5595,2021-11-23,6573.6475,6618.4697
5596,2021-11-24,6585.067,6477.9897
5597,2021-11-25,6605.1655,6530.0786
5598,2021-11-26,6575.4736,6612.006
5599,2021-11-27,6305.4937,6319.2026
5600,2021-11-28,6193.115,6150.5464
5601,2021-11-29,6551.2627,6719.57
5602,2021-11-30,6614.305,6828.828
5603,2021-12-01,6621.1562,6916.207
5604,2021-12-02,6612.935,6703.6147
5605,2021-12-03,6591.007,6558.849
5606,2021-12-04,6330.618,6265.8486
5607,2021-12-05,6231.0293,6114.6274
5608,2021-12-06,6588.2637,6531.9136
5609,2021-12-07,6662.27,6636.739
5610,2021-12-08,6661.355,6668.687
5611,2021-12-09,6668.6655,6680.9844
5612,2021-12-10,6623.439,6599.399
5613,2021-12-11,6349.803,6268.572
5614,2021-12-12,6237.4277,6030.913
5615,2021-12-13,6591.007,6482.4165
5616,2021-12-14,6665.924,6583.9097
5617,2021-12-15,6681.4556,6599.98
5618,2021-12-16,6681.9136,6661.4575
5619,2021-12-17,6647.652,6637.34
5620,2021-12-18,6380.868,6287.321
5621,2021-12-19,6288.134,6057.9443
5622,2021-12-20,6646.281,6524.5938
5623,2021-12-21,6705.6675,6667.921
5624,2021-12-22,6721.2,6679.466
5625,2021-12-23,6722.1123,6570.552
5626,2021-12-24,6702.927,6497.8086
5627,2021-12-25,6421.524,6085.1455
5628,2021-12-26,6343.409,6043.734
5629,2021-12-27,6673.69,6466.6216
5630,2021-12-28,6733.076,6550.1025
5631,2021-12-29,6733.5317,6549.389
5632,2021-12-30,6747.6963,6524.4844
5633,2021-12-31,6722.57,6268.829
5634,2022-01-01,6427.92,5824.3525
5635,2022-01-02,6340.2104,5773.3154
5636,2022-01-03,6675.975,6162.769
5637,2022-01-04,6732.621,6336.896
5638,2022-01-05,6757.744,6497.7144
5639,2022-01-06,6745.411,6556.6016
5640,2021-11-09,6570.244,6540.7446
5641,2021-11-10,6594.465,6417.857
5642,2021-11-11,6568.416,6485.3022
5643,2021-11-12,6578.013,6537.6636
5644,2021-11-13,6282.3574,6180.2104
5645,2021-11-14,6160.3457,6101.277
5646,2021-11-15,6554.2505,6600.199
5647,2021-11-16,6608.6294,6658.95
5648,2021-11-17,6618.6836,6725.549
5649,2021-11-18,6618.6846,6604.0933
5650,2021-11-19,6601.3174,6621.789
5651,2021-11-20,6316.6294,6226.407
5652,2021-11-21,6220.21,6122.0024
5653,2021-11-22,6605.8887,6590.2397
5654,2021-11-23,6663.0093,6618.4697
5655,2021-11-24,6675.3477,6477.9897
5656,2021-11-25,6677.1763,6530.0786
5657,2021-11-26,6651.129,6612.006
5658,2021-11-27,6349.9883,6319.2026
5659,2021-11-28,6256.765,6150.5464
5660,2021-11-29,6632.85,6719.57
5661,2021-11-30,6689.97,6828.828
5662,2021-12-01,6694.5405,6916.207
5663,2021-12-02,6707.3364,6703.6147
5664,2021-12-03,6648.386,6558.849
5665,2021-12-04,6361.411,6265.8486
5666,2021-12-05,6283.2705,6114.6274
5667,2021-12-06,6691.7983,6531.9136
5668,2021-12-07,6742.52,6636.739
5669,2021-12-08,6757.145,6668.687
5670,2021-12-09,6767.1973,6680.9844
5671,2021-12-10,6716.9307,6599.399
5672,2021-12-11,6411.2217,6268.572
5673,2021-12-12,6331.709,6030.913
5674,2021-12-13,6737.0376,6482.4165
5675,2021-12-14,6790.045,6583.9097
5676,2021-12-15,6796.442,6599.98
5677,2021-12-16,6777.708,6661.4575
5678,2021-12-17,6752.116,6637.34
5679,2021-12-18,6457.8306,6287.321
5680,2021-12-19,6384.715,6057.9443
5681,2021-12-20,6786.3887,6524.5938
5682,2021-12-21,6829.8027,6667.921
5683,2021-12-22,6842.14,6679.466
5684,2021-12-23,6847.165,6570.552
5685,2021-12-24,6792.3306,6497.8086
5686,2021-12-25,6496.216,6085.1455
5687,2021-12-26,6426.301,6043.734
5688,2021-12-27,6805.1255,6466.6216
5689,2021-12-28,6832.5425,6550.1025
5690,2021-12-29,6839.8545,6549.389
5691,2021-12-30,6840.7686,6524.4844
5692,2021-12-31,6794.1567,6268.829
5693,2022-01-01,6503.5264,5824.3525
5694,2022-01-02,6437.2676,5773.3154
5695,2022-01-03,6820.6606,6162.769
5696,2022-01-04,6875.04,6336.896
5697,2022-01-05,6886.466,6497.7144
5698,2022-01-06,6892.8623,6556.6016
5699,2022-01-07,6844.425,6576.179
5700,2021-11-10,6546.858,6417.857
5701,2021-11-11,6549.1436,6485.3022
5702,2021-11-12,6561.027,6537.6636
5703,2021-11-13,6284.986,6180.2104
5704,2021-11-14,6131.884,6101.277
5705,2021-11-15,6507.0996,6600.199
5706,2021-11-16,6550.9717,6658.95
5707,2021-11-17,6568.795,6725.549
5708,2021-11-18,6550.0576,6604.0933
5709,2021-11-19,6499.328,6621.789
5710,2021-11-20,6239.74,6226.407
5711,2021-11-21,6126.399,6122.0024
5712,2021-11-22,6516.2383,6590.2397
5713,2021-11-23,6566.055,6618.4697
5714,2021-11-24,6567.882,6477.9897
5715,2021-11-25,6537.7183,6530.0786
5716,2021-11-26,6499.7876,6612.006
5717,2021-11-27,6238.37,6319.2026
5718,2021-11-28,6145.135,6150.5464
5719,2021-11-29,6518.524,6719.57
5720,2021-11-30,6554.631,6828.828
5721,2021-12-01,6564.227,6916.207
5722,2021-12-02,6564.226,6703.6147
5723,2021-12-03,6538.176,6558.849
5724,2021-12-04,6274.9307,6265.8486
5725,2021-12-05,6176.6704,6114.6274
5726,2021-12-06,6553.7124,6531.9136
5727,2021-12-07,6610.8423,6636.739
5728,2021-12-08,6603.9863,6668.687
5729,2021-12-09,6614.498,6680.9844
5730,2021-12-10,6577.024,6599.399
5731,2021-12-11,6312.4062,6268.572
5732,2021-12-12,6199.522,6030.913
5733,2021-12-13,6549.1455,6482.4165
5734,2021-12-14,6613.5864,6583.9097
5735,2021-12-15,6620.442,6599.98
5736,2021-12-16,6620.4414,6661.4575
5737,2021-12-17,6585.2524,6637.34
5738,2021-12-18,6327.4883,6287.321
5739,2021-12-19,6209.5757,6057.9443
5740,2021-12-20,6553.257,6524.5938
5741,2021-12-21,6625.01,6667.921
5742,2021-12-22,6646.95,6679.466
5743,2021-12-23,6629.5806,6570.552
5744,2021-12-24,6595.761,6497.8086
5745,2021-12-25,6322.916,6085.1455
5746,2021-12-26,6231.9707,6043.734
5747,2021-12-27,6575.6504,6466.6216
5748,2021-12-28,6660.6577,6550.1025
5749,2021-12-29,6659.286,6549.389
5750,2021-12-30,6661.114,6524.4844
5751,2021-12-31,6627.295,6268.829
5752,2022-01-01,6367.2495,5824.3525
5753,2022-01-02,6271.7314,5773.3154
5754,2022-01-03,6600.331,6162.769
5755,2022-01-04,6688.536,6336.896
5756,2022-01-05,6693.1064,6497.7144
5757,2022-01-06,6684.4224,6556.6016
5758,2022-01-07,6657.915,6576.179
5759,2022-01-08,6406.5527,6262.3086
5760,2021-11-11,6431.8574,6485.3022
5761,2021-11-12,6457.4536,6537.6636
5762,2021-11-13,6212.466,6180.2104
5763,2021-11-14,6091.8,6101.277
5764,2021-11-15,6494.4775,6600.199
5765,2021-11-16,6538.353,6658.95
5766,2021-11-17,6531.041,6725.549
5767,2021-11-18,6500.875,6604.0933
5768,2021-11-19,6460.1963,6621.789
5769,2021-11-20,6200.5825,6226.407
5770,2021-11-21,6115.567,6122.0024
5771,2021-11-22,6480.766,6590.2397
5772,2021-11-23,6525.558,6618.4697
5773,2021-11-24,6529.6704,6477.9897
5774,2021-11-25,6530.1274,6530.0786
5775,2021-11-26,6509.101,6612.006
5776,2021-11-27,6250.859,6319.2026
5777,2021-11-28,6203.3237,6150.5464
5778,2021-11-29,6555.267,6719.57
5779,2021-11-30,6601.8877,6828.828
5780,2021-12-01,6607.831,6916.207
5781,2021-12-02,6591.8325,6703.6147
5782,2021-12-03,6555.7246,6558.849
5783,2021-12-04,6286.053,6265.8486
5784,2021-12-05,6218.8657,6114.6274
5785,2021-12-06,6591.375,6531.9136
5786,2021-12-07,6642.567,6636.739
5787,2021-12-08,6632.967,6668.687
5788,2021-12-09,6639.3677,6680.9844
5789,2021-12-10,6615.6,6599.399
5790,2021-12-11,6337.703,6268.572
5791,2021-12-12,6265.486,6030.913
5792,2021-12-13,6649.4243,6482.4165
5793,2021-12-14,6696.5005,6583.9097
5794,2021-12-15,6705.1875,6599.98
5795,2021-12-16,6683.246,6661.4575
5796,2021-12-17,6648.9644,6637.34
5797,2021-12-18,6380.666,6287.321
5798,2021-12-19,6318.503,6057.9443
5799,2021-12-20,6695.5864,6524.5938
5800,2021-12-21,6732.1514,6667.921
5801,2021-12-22,6724.3813,6679.466
5802,2021-12-23,6703.3555,6570.552
5803,2021-12-24,6664.962,6497.8086
5804,2021-12-25,6391.18,6085.1455
5805,2021-12-26,6341.8154,6043.734
5806,2021-12-27,6697.8745,6466.6216
5807,2021-12-28,6727.5796,6550.1025
5808,2021-12-29,6709.3,6549.389
5809,2021-12-30,6703.357,6524.4844
5810,2021-12-31,6692.388,6268.829
5811,2022-01-01,6433.23,5824.3525
5812,2022-01-02,6370.154,5773.3154
5813,2022-01-03,6716.6133,6162.769
5814,2022-01-04,6749.9785,6336.896
5815,2022-01-05,6712.041,6497.7144
5816,2022-01-06,6693.7573,6556.6016
5817,2022-01-07,6654.4507,6576.179
5818,2022-01-08,6393.922,6262.3086
5819,2022-01-09,6344.5586,6114.0522
5820,2021-11-12,6498.7075,6537.6636
5821,2021-11-13,6223.5073,6180.2104
5822,2021-11-14,6090.4814,6101.277
5823,2021-11-15,6511.5063,6600.199
5824,2021-11-16,6540.764,6658.95
5825,2021-11-17,6536.6514,6725.549
5826,2021-11-18,6518.822,6604.0933
5827,2021-11-19,6477.225,6621.789
5828,2021-11-20,6207.511,6226.407
5829,2021-11-21,6108.308,6122.0024
5830,2021-11-22,6499.1636,6590.2397
5831,2021-11-23,6518.823,6618.4697
5832,2021-11-24,6514.2495,6477.9897
5833,2021-11-25,6497.337,6530.0786
5834,2021-11-26,6453.45,6612.006
5835,2021-11-27,6163.622,6319.2026
5836,2021-11-28,6081.3394,6150.5464
5837,2021-11-29,6490.4785,6719.57
5838,2021-11-30,6517.9067,6828.828
5839,2021-12-01,6513.3354,6916.207
5840,2021-12-02,6525.2227,6703.6147
5841,2021-12-03,6488.6504,6558.849
5842,2021-12-04,6198.8237,6265.8486
5843,2021-12-05,6113.3374,6114.6274
5844,2021-12-06,6504.1904,6531.9136
5845,2021-12-07,6547.1646,6636.739
5846,2021-12-08,6548.9917,6668.687
5847,2021-12-09,6538.4775,6680.9844
5848,2021-12-10,6496.878,6599.399
5849,2021-12-11,6201.5664,6268.572
5850,2021-12-12,6116.5376,6030.913
5851,2021-12-13,6528.4224,6482.4165
5852,2021-12-14,6578.2495,6583.9097
5853,2021-12-15,6580.9937,6599.98
5854,2021-12-16,6578.708,6661.4575
5855,2021-12-17,6532.9917,6637.34
5856,2021-12-18,6211.165,6287.321
5857,2021-12-19,6114.2524,6057.9443
5858,2021-12-20,6528.878,6524.5938
5859,2021-12-21,6574.1343,6667.921
5860,2021-12-22,6575.051,6679.466
5861,2021-12-23,6585.1055,6570.552
5862,2021-12-24,6538.4785,6497.8086
5863,2021-12-25,6229.908,6085.1455
5864,2021-12-26,6131.1675,6043.734
5865,2021-12-27,6556.765,6466.6216
5866,2021-12-28,6586.4785,6550.1025
5867,2021-12-29,6592.877,6549.389
5868,2021-12-30,6588.763,6524.4844
5869,2021-12-31,6530.2495,6268.829
5870,2022-01-01,6239.5073,5824.3525
5871,2022-01-02,6153.111,5773.3154
5872,2022-01-03,6557.679,6162.769
5873,2022-01-04,6599.734,6336.896
5874,2022-01-05,6596.534,6497.7144
5875,2022-01-06,6602.9346,6556.6016
5876,2022-01-07,6552.1924,6576.179
5877,2022-01-08,6245.9087,6262.3086
5878,2022-01-09,6185.567,6114.0522
5879,2022-01-10,6581.9062,6585.077
5880,2021-11-13,6233.663,6180.2104
5881,2021-11-14,6080.951,6101.277
5882,2021-11-15,6499.7583,6600.199
5883,2021-11-16,6529.02,6658.95
5884,2021-11-17,6540.909,6725.549
5885,2021-11-18,6534.5073,6604.0933
5886,2021-11-19,6492.902,6621.789
5887,2021-11-20,6206.228,6226.407
5888,2021-11-21,6087.8096,6122.0024
5889,2021-11-22,6499.76,6590.2397
5890,2021-11-23,6538.166,6618.4697
5891,2021-11-24,6525.3633,6477.9897
5892,2021-11-25,6495.643,6530.0786
5893,2021-11-26,6446.2656,6612.006
5894,2021-11-27,6161.8794,6319.2026
5895,2021-11-28,6091.0107,6150.5464
5896,2021-11-29,6496.1006,6719.57
5897,2021-11-30,6535.422,6828.828
5898,2021-12-01,6524.4507,6916.207
5899,2021-12-02,6536.3374,6703.6147
5900,2021-12-03,6507.0776,6558.849
5901,2021-12-04,6202.5713,6265.8486
5902,2021-12-05,6116.6143,6114.6274
5903,2021-12-06,6501.132,6531.9136
5904,2021-12-07,6545.4814,6636.739
5905,2021-12-08,6530.8486,6668.687
5906,2021-12-09,6529.02,6680.9844
5907,2021-12-10,6507.534,6599.399
5908,2021-12-11,6213.5425,6268.572
5909,2021-12-12,6151.821,6030.913
5910,2021-12-13,6530.393,6482.4165
5911,2021-12-14,6577.03,6583.9097
5912,2021-12-15,6587.545,6599.98
5913,2021-12-16,6575.6587,6661.4575
5914,2021-12-17,6520.792,6637.34
5915,2021-12-18,6247.8354,6287.321
5916,2021-12-19,6186.5674,6057.9443
5917,2021-12-20,6559.198,6524.5938
5918,2021-12-21,6620.465,6667.921
5919,2021-12-22,6622.7505,6679.466
5920,2021-12-23,6594.4033,6570.552
5921,2021-12-24,6547.3105,6497.8086
5922,2021-12-25,6264.752,6085.1455
5923,2021-12-26,6189.7695,6043.734
5924,2021-12-27,6550.0527,6466.6216
5925,2021-12-28,6601.7188,6550.1025
5926,2021-12-29,6601.261,6549.389
5927,2021-12-30,6587.5454,6524.4844
5928,2021-12-31,6535.424,6268.829
5929,2022-01-01,6249.665,5824.3525
5930,2022-01-02,6179.2524,5773.3154
5931,2022-01-03,6545.4795,6162.769
5932,2022-01-04,6616.3506,6336.896
5933,2022-01-05,6628.6943,6497.7144
5934,2022-01-06,6630.5244,6556.6016
5935,2022-01-07,6568.3433,6576.179
5936,2022-01-08,6264.295,6262.3086
5937,2022-01-09,6205.772,6114.0522
5938,2022-01-10,6569.256,6585.077
5939,2022-01-11,6603.0894,6584.598
5940,2021-11-14,6052.772,6101.277
5941,2021-11-15,6485.766,6600.199
5942,2021-11-16,6515.487,6658.95
5943,2021-11-17,6525.543,6725.549
5944,2021-11-18,6530.573,6604.0933
5945,2021-11-19,6521.4287,6621.789
5946,2021-11-20,6216.915,6226.407
5947,2021-11-21,6103.523,6122.0024
5948,2021-11-22,6540.6323,6590.2397
5949,2021-11-23,6569.8955,6618.4697
5950,2021-11-24,6576.754,6477.9897
5951,2021-11-25,6571.723,6530.0786
5952,2021-11-26,6504.5117,6612.006
5953,2021-11-27,6209.1445,6319.2026
5954,2021-11-28,6151.5312,6150.5464
5955,2021-11-29,6545.2056,6719.57
5956,2021-11-30,6571.267,6828.828
5957,2021-12-01,6574.0117,6916.207
5958,2021-12-02,6602.3574,6703.6147
5959,2021-12-03,6568.0664,6558.849
5960,2021-12-04,6284.583,6265.8486
5961,2021-12-05,6179.422,6114.6274
5962,2021-12-06,6588.1836,6531.9136
5963,2021-12-07,6622.0195,6636.739
5964,2021-12-08,6616.989,6668.687
5965,2021-12-09,6606.4736,6680.9844
5966,2021-12-10,6568.9814,6599.399
5967,2021-12-11,6268.1255,6268.572
5968,2021-12-12,6183.537,6030.913
5969,2021-12-13,6568.0645,6482.4165
5970,2021-12-14,6617.9023,6583.9097
5971,2021-12-15,6620.645,6599.98
5972,2021-12-16,6607.844,6661.4575
5973,2021-12-17,6558.0063,6637.34
5974,2021-12-18,6274.982,6287.321
5975,2021-12-19,6198.6245,6057.9443
5976,2021-12-20,6578.1245,6524.5938
5977,2021-12-21,6654.939,6667.921
5978,2021-12-22,6651.28,6679.466
5979,2021-12-23,6635.277,6570.552
5980,2021-12-24,6600.985,6497.8086
5981,2021-12-25,6303.33,6085.1455
5982,2021-12-26,6207.312,6043.734
5983,2021-12-27,6608.3027,6466.6216
5984,2021-12-28,6645.792,6550.1025
5985,2021-12-29,6657.225,6549.389
5986,2021-12-30,6628.877,6524.4844
5987,2021-12-31,6592.755,6268.829
5988,2022-01-01,6306.99,5824.3525
5989,2022-01-02,6228.3467,5773.3154
5990,2022-01-03,6609.217,6162.769
5991,2022-01-04,6679.172,6336.896
5992,2022-01-05,6676.4263,6497.7144
5993,2022-01-06,6678.7144,6556.6016
5994,2022-01-07,6631.1636,6576.179
5995,2022-01-08,6338.537,6262.3086
5996,2022-01-09,6259.4414,6114.0522
5997,2022-01-10,6609.672,6585.077
5998,2022-01-11,6659.967,6584.598
5999,2022-01-12,6660.8833,6577.644
6000,2021-11-15,6499.3945,6600.199
6001,2021-11-16,6502.5957,6658.95
6002,2021-11-17,6479.2754,6725.549
6003,2021-11-18,6443.6064,6604.0933
6004,2021-11-19,6416.17,6621.789
6005,2021-11-20,6119.848,6226.407
6006,2021-11-21,6041.1963,6122.0024
6007,2021-11-22,6459.6113,6590.2397
6008,2021-11-23,6486.1333,6618.4697
6009,2021-11-24,6494.3643,6477.9897
6010,2021-11-25,6490.7046,6530.0786
6011,2021-11-26,6472.415,6612.006
6012,2021-11-27,6191.1836,6319.2026
6013,2021-11-28,6102.4717,6150.5464
6014,2021-11-29,6481.1025,6719.57
6015,2021-11-30,6516.7725,6828.828
6016,2021-12-01,6532.3193,6916.207
6017,2021-12-02,6546.9526,6703.6147
6018,2021-12-03,6512.199,6558.849
6019,2021-12-04,6235.5405,6265.8486
6020,2021-12-05,6123.966,6114.6274
6021,2021-12-06,6495.736,6531.9136
6022,2021-12-07,6536.892,6636.739
6023,2021-12-08,6542.8364,6668.687
6024,2021-12-09,6529.118,6680.9844
6025,2021-12-10,6496.6504,6599.399
6026,2021-12-11,6205.8174,6268.572
6027,2021-12-12,6112.0723,6030.913
6028,2021-12-13,6502.5938,6482.4165
6029,2021-12-14,6549.239,6583.9097
6030,2021-12-15,6551.067,6599.98
6031,2021-12-16,6551.5244,6661.4575
6032,2021-12-17,6508.0825,6637.34
6033,2021-12-18,6239.199,6287.321
6034,2021-12-19,6135.8525,6057.9443
6035,2021-12-20,6498.023,6524.5938
6036,2021-12-21,6557.011,6667.921
6037,2021-12-22,6552.4395,6679.466
6038,2021-12-23,6541.0073,6570.552
6039,2021-12-24,6507.168,6497.8086
6040,2021-12-25,6266.18,6085.1455
6041,2021-12-26,6163.7476,6043.734
6042,2021-12-27,6535.976,6466.6216
6043,2021-12-28,6592.68,6550.1025
6044,2021-12-29,6608.687,6549.389
6045,2021-12-30,6605.9434,6524.4844
6046,2021-12-31,6585.82,6268.829
6047,2022-01-01,6301.3906,5824.3525
6048,2022-01-02,6214.964,5773.3154
6049,2022-01-03,6574.3887,6162.769
6050,2022-01-04,6613.715,6336.896
6051,2022-01-05,6602.2812,6497.7144
6052,2022-01-06,6619.2017,6556.6016
6053,2022-01-07,6575.7627,6576.179
6054,2022-01-08,6300.0176,6262.3086
6055,2022-01-09,6246.5156,6114.0522
6056,2022-01-10,6582.1626,6585.077
6057,2022-01-11,6621.489,6584.598
6058,2022-01-12,6624.6895,6577.644
6059,2022-01-13,6640.2383,6565.6304
6060,2021-11-16,6591.8433,6658.95
6061,2021-11-17,6582.24,6725.549
6062,2021-11-18,6574.464,6604.0933
6063,2021-11-19,6531.0063,6621.789
6064,2021-11-20,6213.0767,6226.407
6065,2021-11-21,6149.948,6122.0024
6066,2021-11-22,6584.07,6590.2397
6067,2021-11-23,6594.5894,6618.4697
6068,2021-11-24,6594.59,6477.9897
6069,2021-11-25,6594.5913,6530.0786
6070,2021-11-26,6563.9434,6612.006
6071,2021-11-27,6260.196,6319.2026
6072,2021-11-28,6221.7686,6150.5464
6073,2021-11-29,6638.9644,6719.57
6074,2021-11-30,6657.7207,6828.828
6075,2021-12-01,6656.8057,6916.207
6076,2021-12-02,6648.5713,6703.6147
6077,2021-12-03,6616.5483,6558.849
6078,2021-12-04,6326.983,6265.8486
6079,2021-12-05,6258.823,6114.6274
6080,2021-12-06,6642.166,6531.9136
6081,2021-12-07,6668.24,6636.739
6082,2021-12-08,6659.0913,6668.687
6083,2021-12-09,6646.2837,6680.9844
6084,2021-12-10,6594.1343,6599.399
6085,2021-12-11,6296.3345,6268.572
6086,2021-12-12,6257.9067,6030.913
6087,2021-12-13,6670.071,6482.4165
6088,2021-12-14,6724.05,6583.9097
6089,2021-12-15,6724.963,6599.98
6090,2021-12-16,6715.813,6661.4575
6091,2021-12-17,6669.154,6637.34
6092,2021-12-18,6367.695,6287.321
6093,2021-12-19,7194.7637,6057.9443
6094,2021-12-20,7564.84,6524.5938
6095,2021-12-21,6735.944,6667.921
6096,2021-12-22,6732.7407,6679.466
6097,2021-12-23,6713.525,6570.552
6098,2021-12-24,6690.1963,6497.8086
6099,2021-12-25,6390.569,6085.1455
6100,2021-12-26,6338.875,6043.734
6101,2021-12-27,6698.889,6466.6216
6102,2021-12-28,6745.092,6550.1025
6103,2021-12-29,6728.6226,6549.389
6104,2021-12-30,6733.656,6524.4844
6105,2021-12-31,6683.7944,6268.829
6106,2022-01-01,6397.888,5824.3525
6107,2022-01-02,6361.291,5773.3154
6108,2022-01-03,6724.0474,6162.769
6109,2022-01-04,6774.369,6336.896
6110,2022-01-05,6775.7407,6497.7144
6111,2022-01-06,6749.2095,6556.6016
6112,2022-01-07,6695.689,6576.179
6113,2022-01-08,6422.1333,6262.3086
6114,2022-01-09,6396.516,6114.0522
6115,2022-01-10,6725.4204,6585.077
6116,2022-01-11,6763.3887,6584.598
6117,2022-01-12,6761.561,6577.644
6118,2022-01-13,6747.8374,6565.6304
6119,2022-01-14,6715.815,6523.569
6120,2021-11-17,6652.412,6725.549
6121,2021-11-18,6619.0127,6604.0933
6122,2021-11-19,6595.677,6621.789
6123,2021-11-20,6274.471,6226.407
6124,2021-11-21,6177.47,6122.0024
6125,2021-11-22,6600.7114,6590.2397
6126,2021-11-23,6631.8237,6618.4697
6127,2021-11-24,6623.13,6477.9897
6128,2021-11-25,6599.3354,6530.0786
6129,2021-11-26,6566.852,6612.006
6130,2021-11-27,6290.9424,6319.2026
6131,2021-11-28,6204.466,6150.5464
6132,2021-11-29,6621.7573,6719.57
6133,2021-11-30,6657.902,6828.828
6134,2021-12-01,6657.9023,6916.207
6135,2021-12-02,6667.971,6703.6147
6136,2021-12-03,6658.3623,6558.849
6137,2021-12-04,6336.243,6265.8486
6138,2021-12-05,6241.5264,6114.6274
6139,2021-12-06,6651.9556,6531.9136
6140,2021-12-07,6674.373,6636.739
6141,2021-12-08,6668.885,6668.687
6142,2021-12-09,6654.2427,6680.9844
6143,2021-12-10,6617.18,6599.399
6144,2021-12-11,6315.1943,6268.572
6145,2021-12-12,6244.274,6030.913
6146,2021-12-13,6648.2944,6482.4165
6147,2021-12-14,6691.7617,6583.9097
6148,2021-12-15,6701.83,6599.98
6149,2021-12-16,6682.612,6661.4575
6150,2021-12-17,6640.9746,6637.34
6151,2021-12-18,6328.464,6287.321
6152,2021-12-19,6271.7275,6057.9443
6153,2021-12-20,6687.1875,6524.5938
6154,2021-12-21,6739.3506,6667.921
6155,2021-12-22,6736.147,6679.466
6156,2021-12-23,6710.065,6570.552
6157,2021-12-24,6666.5977,6497.8086
6158,2021-12-25,6368.2705,6085.1455
6159,2021-12-26,6298.265,6043.734
6160,2021-12-27,6690.848,6466.6216
6161,2021-12-28,6736.6035,6550.1025
6162,2021-12-29,6747.584,6549.389
6163,2021-12-30,6718.301,6524.4844
6164,2021-12-31,6671.172,6268.829
6165,2022-01-01,6381.9995,5824.3525
6166,2022-01-02,6295.976,5773.3154
6167,2022-01-03,6662.9346,6162.769
6168,2022-01-04,6761.3105,6336.896
6169,2022-01-05,6768.174,6497.7144
6170,2022-01-06,6760.8555,6556.6016
6171,2022-01-07,6683.9844,6576.179
6172,2022-01-08,6389.7754,6262.3086
6173,2022-01-09,6341.733,6114.0522
6174,2022-01-10,6713.2705,6585.077
6175,2022-01-11,6786.9355,6584.598
6176,2022-01-12,6793.7993,6577.644
6177,2022-01-13,6779.616,6565.6304
6178,2022-01-14,6705.9473,6523.569
6179,2022-01-15,6387.03,6218.0947
6180,2021-11-18,6677.115,6604.0933
6181,2021-11-19,6620.3623,6621.789
6182,2021-11-20,6314.1704,6226.407
6183,2021-11-21,6215.7705,6122.0024
6184,2021-11-22,6645.5337,6590.2397
6185,2021-11-23,6664.2993,6618.4697
6186,2021-11-24,6670.2515,6477.9897
6187,2021-11-25,6664.759,6530.0786
6188,2021-11-26,6646.4507,6612.006
6189,2021-11-27,6317.8345,6319.2026
6190,2021-11-28,6232.247,6150.5464
6191,2021-11-29,6647.366,6719.57
6192,2021-11-30,6697.7114,6828.828
6193,2021-12-01,6670.707,6916.207
6194,2021-12-02,6659.2656,6703.6147
6195,2021-12-03,6635.0083,6558.849
6196,2021-12-04,6316.0044,6265.8486
6197,2021-12-05,6237.7407,6114.6274
6198,2021-12-06,6643.2456,6531.9136
6199,2021-12-07,6686.7256,6636.739
6200,2021-12-08,6699.082,6668.687
6201,2021-12-09,6695.422,6680.9844
6202,2021-12-10,6657.437,6599.399
6203,2021-12-11,6342.09,6268.572
6204,2021-12-12,6282.5933,6030.913
6205,2021-12-13,6719.2217,6482.4165
6206,2021-12-14,6765.905,6583.9097
6207,2021-12-15,6743.022,6599.98
6208,2021-12-16,6713.7285,6661.4575
6209,2021-12-17,6653.315,6637.34
6210,2021-12-18,6323.326,6287.321
6211,2021-12-19,6269.7773,6057.9443
6212,2021-12-20,6669.7925,6524.5938
6213,2021-12-21,6721.511,6667.921
6214,2021-12-22,6744.8506,6679.466
6215,2021-12-23,6718.306,6570.552
6216,2021-12-24,6690.3887,6497.8086
6217,2021-12-25,6397.015,6085.1455
6218,2021-12-26,6346.2095,6043.734
6219,2021-12-27,6703.661,6466.6216
6220,2021-12-28,6741.647,6550.1025
6221,2021-12-29,6772.3125,6549.389
6222,2021-12-30,6781.926,6524.4844
6223,2021-12-31,6730.2056,6268.829
6224,2022-01-01,6407.998,5824.3525
6225,2022-01-02,6359.484,5773.3154
6226,2022-01-03,6735.24,6162.769
6227,2022-01-04,6774.143,6336.896
6228,2022-01-05,6780.551,6497.7144
6229,2022-01-06,6785.1274,6556.6016
6230,2022-01-07,6709.1543,6576.179
6231,2022-01-08,6423.558,6262.3086
6232,2022-01-09,6379.163,6114.0522
6233,2022-01-10,6746.6826,6585.077
6234,2022-01-11,6783.754,6584.598
6235,2022-01-12,6781.4663,6577.644
6236,2022-01-13,6780.0938,6565.6304
6237,2022-01-14,6713.7295,6523.569
6238,2022-01-15,6402.047,6218.0947
6239,2022-01-16,6380.993,6101.2817
6240,2021-11-19,6530.411,6621.789
6241,2021-11-20,6199.425,6226.407
6242,2021-11-21,6106.9517,6122.0024
6243,2021-11-22,6537.7344,6590.2397
6244,2021-11-23,6580.3096,6618.4697
6245,2021-11-24,6592.213,6477.9897
6246,2021-11-25,6588.092,6530.0786
6247,2021-11-26,6584.429,6612.006
6248,2021-11-27,6256.1904,6319.2026
6249,2021-11-28,6168.7515,6150.5464
6250,2021-11-29,6584.8877,6719.57
6251,2021-11-30,6624.717,6828.828
6252,2021-12-01,6621.511,6916.207
6253,2021-12-02,6605.03,6703.6147
6254,2021-12-03,6579.395,6558.849
6255,2021-12-04,6274.045,6265.8486
6256,2021-12-05,6193.016,6114.6274
6257,2021-12-06,6609.1523,6531.9136
6258,2021-12-07,6635.703,6636.739
6259,2021-12-08,6640.28,6668.687
6260,2021-12-09,6610.9824,6680.9844
6261,2021-12-10,6575.274,6599.399
6262,2021-12-11,6266.263,6268.572
6263,2021-12-12,6189.812,6030.913
6264,2021-12-13,6610.982,6482.4165
6265,2021-12-14,6656.3027,6583.9097
6266,2021-12-15,6641.197,6599.98
6267,2021-12-16,6632.0405,6661.4575
6268,2021-12-17,6603.6567,6637.34
6269,2021-12-18,6304.716,6287.321
6270,2021-12-19,6231.011,6057.9443
6271,2021-12-20,6639.823,6524.5938
6272,2021-12-21,6683.312,6667.921
6273,2021-12-22,6680.109,6679.466
6274,2021-12-23,6662.254,6570.552
6275,2021-12-24,6635.703,6497.8086
6276,2021-12-25,6331.7285,6085.1455
6277,2021-12-26,6260.311,6043.734
6278,2021-12-27,6671.868,6466.6216
6279,2021-12-28,6717.647,6550.1025
6280,2021-12-29,6733.2124,6549.389
6281,2021-12-30,6741.4507,6524.4844
6282,2021-12-31,6700.2524,6268.829
6283,2022-01-01,6362.3994,5824.3525
6284,2022-01-02,6297.392,5773.3154
6285,2022-01-03,6714.4424,6162.769
6286,2022-01-04,6758.39,6336.896
6287,2022-01-05,6744.6587,6497.7144
6288,2022-01-06,6710.3223,6556.6016
6289,2022-01-07,6666.3745,6576.179
6290,2022-01-08,6346.834,6262.3086
6291,2022-01-09,6285.4907,6114.0522
6292,2022-01-10,6686.061,6585.077
6293,2022-01-11,6743.7407,6584.598
6294,2022-01-12,6741.453,6577.644
6295,2022-01-13,6712.6123,6565.6304
6296,2022-01-14,6669.1206,6523.569
6297,2022-01-15,6365.6045,6218.0947
6298,2022-01-16,6292.815,6101.2817
6299,2022-01-17,6699.3345,6562.487
6300,2021-11-20,6329.016,6226.407
6301,2021-11-21,6176.996,6122.0024
6302,2021-11-22,6543.77,6590.2397
6303,2021-11-23,6619.78,6618.4697
6304,2021-11-24,6604.6714,6477.9897
6305,2021-11-25,6586.8105,6530.0786
6306,2021-11-26,6576.739,6612.006
6307,2021-11-27,6329.9326,6319.2026
6308,2021-11-28,6198.0586,6150.5464
6309,2021-11-29,6538.2754,6719.57
6310,2021-11-30,6647.712,6828.828
6311,2021-12-01,6626.1895,6916.207
6312,2021-12-02,6628.4795,6703.6147
6313,2021-12-03,6590.476,6558.849
6314,2021-12-04,6332.2227,6265.8486
6315,2021-12-05,6226.449,6114.6274
6316,2021-12-06,6549.2637,6531.9136
6317,2021-12-07,6649.544,6636.739
6318,2021-12-08,6645.8813,6668.687
6319,2021-12-09,6628.94,6680.9844
6320,2021-12-10,6637.1816,6599.399
6321,2021-12-11,6387.629,6268.572
6322,2021-12-12,6267.2,6030.913
6323,2021-12-13,6565.7485,6482.4165
6324,2021-12-14,6662.8223,6583.9097
6325,2021-12-15,6654.58,6599.98
6326,2021-12-16,6641.7583,6661.4575
6327,2021-12-17,6635.35,6637.34
6328,2021-12-18,6401.8223,6287.321
6329,2021-12-19,6274.071,6057.9443
6330,2021-12-20,6592.767,6524.5938
6331,2021-12-21,6696.2476,6667.921
6332,2021-12-22,6681.139,6679.466
6333,2021-12-23,6674.7285,6570.552
6334,2021-12-24,6665.5693,6497.8086
6335,2021-12-25,6404.57,6085.1455
6336,2021-12-26,6302.458,6043.734
6337,2021-12-27,6617.4917,6466.6216
6338,2021-12-28,6717.3125,6550.1025
6339,2021-12-29,6701.7437,6549.389
6340,2021-12-30,6683.4287,6524.4844
6341,2021-12-31,6674.73,6268.829
6342,2022-01-01,6425.632,5824.3525
6343,2022-01-02,6305.2075,5773.3154
6344,2022-01-03,6629.3965,6162.769
6345,2022-01-04,6738.8354,6336.896
6346,2022-01-05,6731.051,6497.7144
6347,2022-01-06,6712.2754,6556.6016
6348,2022-01-07,6698.994,6576.179
6349,2022-01-08,6417.389,6262.3086
6350,2022-01-09,6316.6543,6114.0522
6351,2022-01-10,6632.1445,6585.077
6352,2022-01-11,6720.517,6584.598
6353,2022-01-12,6731.0493,6577.644
6354,2022-01-13,6715.022,6565.6304
6355,2022-01-14,6705.8623,6523.569
6356,2022-01-15,6452.648,6218.0947
6357,2022-01-16,6364.7314,6101.2817
6358,2022-01-17,6669.233,6562.487
6359,2022-01-18,6764.4736,6537.7173
6360,2021-11-21,6102.725,6122.0024
6361,2021-11-22,6567.9736,6590.2397
6362,2021-11-23,6596.3643,6618.4697
6363,2021-11-24,6604.149,6477.9897
6364,2021-11-25,6578.5063,6530.0786
6365,2021-11-26,6578.047,6612.006
6366,2021-11-27,6227.7373,6319.2026
6367,2021-11-28,6135.696,6150.5464
6368,2021-11-29,6590.411,6719.57
6369,2021-11-30,6611.935,6828.828
6370,2021-12-01,6622.4663,6916.207
6371,2021-12-02,6599.112,6703.6147
6372,2021-12-03,6587.663,6558.849
6373,2021-12-04,6267.5767,6265.8486
6374,2021-12-05,6171.4106,6114.6274
6375,2021-12-06,6592.7007,6531.9136
6376,2021-12-07,6612.392,6636.739
6377,2021-12-08,6611.9326,6668.687
6378,2021-12-09,6602.317,6680.9844
6379,2021-12-10,6583.542,6599.399
6380,2021-12-11,6256.128,6268.572
6381,2021-12-12,6203.465,6030.913
6382,2021-12-13,6609.1855,6482.4165
6383,2021-12-14,6661.8477,6583.9097
6384,2021-12-15,6664.1377,6599.98
6385,2021-12-16,6654.062,6661.4575
6386,2021-12-17,6622.0083,6637.34
6387,2021-12-18,6309.2437,6287.321
6388,2021-12-19,6238.2686,6057.9443
6389,2021-12-20,6633.4556,6524.5938
6390,2021-12-21,6665.0537,6667.921
6391,2021-12-22,6676.5005,6679.466
6392,2021-12-23,6651.315,6570.552
6393,2021-12-24,6601.86,6497.8086
6394,2021-12-25,6295.967,6085.1455
6395,2021-12-26,6254.2944,6043.734
6396,2021-12-27,6632.542,6466.6216
6397,2021-12-28,6687.49,6550.1025
6398,2021-12-29,6675.1255,6549.389
6399,2021-12-30,6649.4824,6524.4844
6400,2021-12-31,6599.571,6268.829
6401,2022-01-01,6283.6045,5824.3525
6402,2022-01-02,6211.708,5773.3154
6403,2022-01-03,6633.4556,6162.769
6404,2022-01-04,6675.5854,6336.896
6405,2022-01-05,6681.536,6497.7144
6406,2022-01-06,6653.145,6556.6016
6407,2022-01-07,6598.6543,6576.179
6408,2022-01-08,6290.013,6262.3086
6409,2022-01-09,6255.6694,6114.0522
6410,2022-01-10,6632.5405,6585.077
6411,2022-01-11,6688.4067,6584.598
6412,2022-01-12,6693.9023,6577.644
6413,2022-01-13,6666.886,6565.6304
6414,2022-01-14,6613.7656,6523.569
6415,2022-01-15,6337.638,6218.0947
6416,2022-01-16,6284.976,6101.2817
6417,2022-01-17,6652.6914,6562.487
6418,2022-01-18,6721.8325,6537.7173
6419,2022-01-19,6717.254,6488.8696
6420,2021-11-22,6541.6157,6590.2397
6421,2021-11-23,6566.3438,6618.4697
6422,2021-11-24,6554.437,6477.9897
6423,2021-11-25,6570.467,6530.0786
6424,2021-11-26,6535.6606,6612.006
6425,2021-11-27,6218.2905,6319.2026
6426,2021-11-28,6129.4434,6150.5464
6427,2021-11-29,6561.766,6719.57
6428,2021-11-30,6603.9,6828.828
6429,2021-12-01,6608.9375,6916.207
6430,2021-12-02,6627.712,6703.6147
6431,2021-12-03,6593.3657,6558.849
6432,2021-12-04,6289.733,6265.8486
6433,2021-12-05,6194.933,6114.6274
6434,2021-12-06,6590.159,6531.9136
6435,2021-12-07,6627.256,6636.739
6436,2021-12-08,6620.3887,6668.687
6437,2021-12-09,6603.4404,6680.9844
6438,2021-12-10,6582.832,6599.399
6439,2021-12-11,6273.705,6268.572
6440,2021-12-12,6191.2686,6030.913
6441,2021-12-13,6589.244,6482.4165
6442,2021-12-14,6643.2827,6583.9097
6443,2021-12-15,6647.8657,6599.98
6444,2021-12-16,6645.116,6661.4575
6445,2021-12-17,6614.4316,6637.34
6446,2021-12-18,6316.7524,6287.321
6447,2021-12-19,6248.0576,6057.9443
6448,2021-12-20,6637.3306,6524.5938
6449,2021-12-21,6676.26,6667.921
6450,2021-12-22,6671.678,6679.466
6451,2021-12-23,6673.5093,6570.552
6452,2021-12-24,6655.649,6497.8086
6453,2021-12-25,6335.071,6085.1455
6454,2021-12-26,6255.8433,6043.734
6455,2021-12-27,6652.902,6466.6216
6456,2021-12-28,6700.0723,6550.1025
6457,2021-12-29,6709.69,6549.389
6458,2021-12-30,6701.9014,6524.4844
6459,2021-12-31,6679.922,6268.829
6460,2022-01-01,6362.0913,5824.3525
6461,2022-01-02,6274.162,5773.3154
6462,2022-01-03,6678.5474,6162.769
6463,2022-01-04,6742.2036,6336.896
6464,2022-01-05,6730.299,6497.7144
6465,2022-01-06,6717.9316,6556.6016
6466,2022-01-07,6698.6973,6576.179
6467,2022-01-08,6384.533,6262.3086
6468,2022-01-09,6319.0425,6114.0522
6469,2022-01-10,6709.234,6585.077
6470,2022-01-11,6752.7383,6584.598
6471,2022-01-12,6741.2905,6577.644
6472,2022-01-13,6739.915,6565.6304
6473,2022-01-14,6704.195,6523.569
6474,2022-01-15,6411.0957,6218.0947
6475,2022-01-16,6332.3237,6101.2817
6476,2022-01-17,6717.018,6562.487
6477,2022-01-18,6779.76,6537.7173
6478,2022-01-19,6769.2256,6488.8696
6479,2022-01-20,6767.8525,6536.92
6480,2021-11-23,6590.795,6618.4697
6481,2021-11-24,6581.1743,6477.9897
6482,2021-11-25,6547.732,6530.0786
6483,2021-11-26,6528.9487,6612.006
6484,2021-11-27,6220.6426,6319.2026
6485,2021-11-28,6134.5195,6150.5464
6486,2021-11-29,6561.017,6719.57
6487,2021-11-30,6588.503,6828.828
6488,2021-12-01,6588.0454,6916.207
6489,2021-12-02,6577.0513,6703.6147
6490,2021-12-03,6559.643,6558.849
6491,2021-12-04,6257.29,6265.8486
6492,2021-12-05,6174.373,6114.6274
6493,2021-12-06,6583.464,6531.9136
6494,2021-12-07,6622.4033,6636.739
6495,2021-12-08,6615.073,6668.687
6496,2021-12-09,6592.6265,6680.9844
6497,2021-12-10,6574.7593,6599.399
6498,2021-12-11,6253.6245,6268.572
6499,2021-12-12,6175.7485,6030.913
6500,2021-12-13,6561.9326,6482.4165
6501,2021-12-14,6605.453,6583.9097
6502,2021-12-15,6609.5767,6599.98
6503,2021-12-16,6580.2583,6661.4575
6504,2021-12-17,6549.563,6637.34
6505,2021-12-18,6244.006,6287.321
6506,2021-12-19,6170.709,6057.9443
6507,2021-12-20,6586.213,6524.5938
6508,2021-12-21,6625.6094,6667.921
6509,2021-12-22,6627.9004,6679.466
6510,2021-12-23,6611.8667,6570.552
6511,2021-12-24,6581.1724,6497.8086
6512,2021-12-25,6292.565,6085.1455
6513,2021-12-26,6229.8066,6043.734
6514,2021-12-27,6596.291,6466.6216
6515,2021-12-28,6646.6836,6550.1025
6516,2021-12-29,6654.4717,6549.389
6517,2021-12-30,6681.5005,6524.4844
6518,2021-12-31,6628.358,6268.829
6519,2022-01-01,6309.973,5824.3525
6520,2022-01-02,6234.3857,5773.3154
6521,2022-01-03,6622.8623,6162.769
6522,2022-01-04,6668.6743,6336.896
6523,2022-01-05,6674.629,6497.7144
6524,2022-01-06,6633.399,6556.6016
6525,2022-01-07,6600.4136,6576.179
6526,2022-01-08,6288.9004,6262.3086
6527,2022-01-09,6238.5093,6114.0522
6528,2022-01-10,6613.6987,6585.077
6529,2022-01-11,6678.294,6584.598
6530,2022-01-12,6679.668,6577.644
6531,2022-01-13,6670.506,6565.6304
6532,2022-01-14,6610.035,6523.569
6533,2022-01-15,6309.0586,6218.0947
6534,2022-01-16,6257.292,6101.2817
6535,2022-01-17,6636.6055,6562.487
6536,2022-01-18,6674.17,6537.7173
6537,2022-01-19,6666.3833,6488.8696
6538,2022-01-20,6655.3867,6536.92
6539,2022-01-21,6606.828,6563.8765
6540,2021-11-24,6574.3555,6477.9897
6541,2021-11-25,6550.989,6530.0786
6542,2021-11-26,6525.33,6612.006
6543,2021-11-27,6190.4077,6319.2026
6544,2021-11-28,6096.937,6150.5464
6545,2021-11-29,6529.4536,6719.57
6546,2021-11-30,6559.6943,6828.828
6547,2021-12-01,6558.3184,6916.207
6548,2021-12-02,6550.9883,6703.6147
6549,2021-12-03,6532.201,6558.849
6550,2021-12-04,6209.1895,6265.8486
6551,2021-12-05,6118.014,6114.6274
6552,2021-12-06,6545.949,6531.9136
6553,2021-12-07,6586.7256,6636.739
6554,2021-12-08,6579.8525,6668.687
6555,2021-12-09,6579.3965,6680.9844
6556,2021-12-10,6559.233,6599.399
6557,2021-12-11,6246.3027,6268.572
6558,2021-12-12,6177.116,6030.913
6559,2021-12-13,6589.4746,6482.4165
6560,2021-12-14,6635.7515,6583.9097
6561,2021-12-15,6642.167,6599.98
6562,2021-12-16,6608.719,6661.4575
6563,2021-12-17,6578.936,6637.34
6564,2021-12-18,6256.382,6287.321
6565,2021-12-19,6190.8657,6057.9443
6566,2021-12-20,6594.056,6524.5938
6567,2021-12-21,6640.332,6667.921
6568,2021-12-22,6626.587,6679.466
6569,2021-12-23,6602.3057,6570.552
6570,2021-12-24,6585.35,6497.8086
6571,2021-12-25,6263.7124,6085.1455
6572,2021-12-26,6176.659,6043.734
6573,2021-12-27,6578.02,6466.6216
6574,2021-12-28,6648.578,6550.1025
6575,2021-12-29,6653.62,6549.389
6576,2021-12-30,6652.7017,6524.4844
6577,2021-12-31,6631.6255,6268.829
6578,2022-01-01,6319.612,5824.3525
6579,2022-01-02,6221.1035,5773.3154
6580,2022-01-03,7509.9487,6162.769
6581,2022-01-04,7558.976,6336.896
6582,2022-01-05,6688.442,6497.7144
6583,2022-01-06,6691.649,6556.6016
6584,2022-01-07,6659.5757,6576.179
6585,2022-01-08,6333.3545,6262.3086
6586,2022-01-09,6253.6323,6114.0522
6587,2022-01-10,6641.707,6585.077
6588,2022-01-11,6690.734,6584.598
6589,2022-01-12,6699.8965,6577.644
6590,2022-01-13,6704.9355,6565.6304
6591,2022-01-14,6655.911,6523.569
6592,2022-01-15,6351.6807,6218.0947
6593,2022-01-16,6267.379,6101.2817
6594,2022-01-17,6665.9893,6562.487
6595,2022-01-18,6730.134,6537.7173
6596,2022-01-19,6709.9746,6488.8696
6597,2022-01-20,7569.511,6536.92
6598,2022-01-21,6654.536,6563.8765
6599,2022-01-22,6316.4023,6280.66
6600,2021-11-25,6453.041,6530.0786
6601,2021-11-26,6447.082,6612.006
6602,2021-11-27,6156.1177,6319.2026
6603,2021-11-28,6075.471,6150.5464
6604,2021-11-29,6494.2793,6719.57
6605,2021-11-30,6523.6074,6828.828
6606,2021-12-01,6529.5645,6916.207
6607,2021-12-02,6529.563,6703.6147
6608,2021-12-03,6505.2783,6558.849
6609,2021-12-04,6225.7656,6265.8486
6610,2021-12-05,6133.6655,6114.6274
6611,2021-12-06,6541.4775,6531.9136
6612,2021-12-07,6573.094,6636.739
6613,2021-12-08,6573.0923,6668.687
6614,2021-12-09,6572.635,6680.9844
6615,2021-12-10,6542.8525,6599.399
6616,2021-12-11,6246.8457,6268.572
6617,2021-12-12,6167.574,6030.913
6618,2021-12-13,6549.7236,6482.4165
6619,2021-12-14,6591.8823,6583.9097
6620,2021-12-15,6586.8413,6599.98
6621,2021-12-16,6562.555,6661.4575
6622,2021-12-17,6541.4775,6637.34
6623,2021-12-18,6234.014,6287.321
6624,2021-12-19,6167.573,6057.9443
6625,2021-12-20,6557.056,6524.5938
6626,2021-12-21,6603.337,6667.921
6627,2021-12-22,6607.0005,6679.466
6628,2021-12-23,6587.757,6570.552
6629,2021-12-24,6555.2246,6497.8086
6630,2021-12-25,6252.802,6085.1455
6631,2021-12-26,6187.277,6043.734
6632,2021-12-27,6593.713,6466.6216
6633,2021-12-28,6643.659,6550.1025
6634,2021-12-29,6631.286,6549.389
6635,2021-12-30,6647.7817,6524.4844
6636,2021-12-31,6619.3735,6268.829
6637,2022-01-01,6312.8296,5824.3525
6638,2022-01-02,6234.931,5773.3154
6639,2022-01-03,6622.582,6162.769
6640,2022-01-04,6668.861,6336.896
6641,2022-01-05,6665.6533,6497.7144
6642,2022-01-06,6642.284,6556.6016
6643,2022-01-07,6601.5024,6576.179
6644,2022-01-08,6316.493,6262.3086
6645,2022-01-09,6246.386,6114.0522
6646,2022-01-10,6634.036,6585.077
6647,2022-01-11,6681.233,6584.598
6648,2022-01-12,6659.24,6577.644
6649,2022-01-13,6670.236,6565.6304
6650,2022-01-14,6623.497,6523.569
6651,2022-01-15,6344.445,6218.0947
6652,2022-01-16,6264.2563,6101.2817
6653,2022-01-17,6676.194,6562.487
6654,2022-01-18,6724.761,6537.7173
6655,2022-01-19,6711.4736,6488.8696
6656,2022-01-20,6711.017,6536.92
6657,2022-01-21,6670.6924,6563.8765
6658,2022-01-22,6376.978,6280.66
6659,2022-01-23,6302.288,6133.292
6660,2021-11-26,6492.2754,6612.006
6661,2021-11-27,6150.4077,6319.2026
6662,2021-11-28,6074.794,6150.5464
6663,2021-11-29,6522.061,6719.57
6664,2021-11-30,6534.8945,6828.828
6665,2021-12-01,6522.9775,6916.207
6666,2021-12-02,6526.645,6703.6147
6667,2021-12-03,6526.645,6558.849
6668,2021-12-04,6219.147,6265.8486
6669,2021-12-05,6131.1606,6114.6274
6670,2021-12-06,6555.0566,6531.9136
6671,2021-12-07,6579.3467,6636.739
6672,2021-12-08,6591.72,6668.687
6673,2021-12-09,6578.8877,6680.9844
6674,2021-12-10,6551.391,6599.399
6675,2021-12-11,6259.933,6268.572
6676,2021-12-12,6168.7393,6030.913
6677,2021-12-13,6566.0576,6482.4165
6678,2021-12-14,6608.217,6583.9097
6679,2021-12-15,6585.7617,6599.98
6680,2021-12-16,6593.552,6661.4575
6681,2021-12-17,6553.2236,6637.34
6682,2021-12-18,6262.6836,6287.321
6683,2021-12-19,6209.0654,6057.9443
6684,2021-12-20,6601.3423,6524.5938
6685,2021-12-21,6633.879,6667.921
6686,2021-12-22,6619.2163,6679.466
6687,2021-12-23,6628.38,6570.552
6688,2021-12-24,6579.804,6497.8086
6689,2021-12-25,6276.4307,6085.1455
6690,2021-12-26,6222.3555,6043.734
6691,2021-12-27,6625.172,6466.6216
6692,2021-12-28,6680.6235,6550.1025
6693,2021-12-29,6675.1235,6549.389
6694,2021-12-30,6665.957,6524.4844
6695,2021-12-31,6628.381,6268.829
6696,2022-01-01,6330.0493,5824.3525
6697,2022-01-02,6262.2256,5773.3154
6698,2022-01-03,6667.791,6162.769
6699,2022-01-04,6708.12,6336.896
6700,2022-01-05,6710.869,6497.7144
6701,2022-01-06,6717.7427,6556.6016
6702,2022-01-07,6677.8745,6576.179
6703,2022-01-08,6348.378,6262.3086
6704,2022-01-09,6276.889,6114.0522
6705,2022-01-10,6663.208,6585.077
6706,2022-01-11,6689.3286,6584.598
6707,2022-01-12,6691.622,6577.644
6708,2022-01-13,6684.29,6565.6304
6709,2022-01-14,6626.5474,6523.569
6710,2022-01-15,6338.7544,6218.0947
6711,2022-01-16,6289.264,6101.2817
6712,2022-01-17,6667.7925,6562.487
6713,2022-01-18,6717.284,6537.7173
6714,2022-01-19,6718.6587,6488.8696
6715,2022-01-20,6728.2827,6536.92
6716,2022-01-21,6676.4985,6563.8765
6717,2022-01-22,6379.541,6280.66
6718,2022-01-23,6337.8374,6133.292
6719,2022-01-24,6736.0723,6626.406
6720,2021-11-27,6217.674,6319.2026
6721,2021-11-28,6136.552,6150.5464
6722,2021-11-29,6600.8345,6719.57
6723,2021-11-30,6635.6675,6828.828
6724,2021-12-01,6638.8765,6916.207
6725,2021-12-02,6640.71,6703.6147
6726,2021-12-03,6637.959,6558.849
6727,2021-12-04,6300.631,6265.8486
6728,2021-12-05,6213.5493,6114.6274
6729,2021-12-06,6627.8774,6531.9136
6730,2021-12-07,6659.0425,6636.739
6731,2021-12-08,6653.5444,6668.687
6732,2021-12-09,6630.168,6680.9844
6733,2021-12-10,6621.9175,6599.399
6734,2021-12-11,6289.6294,6268.572
6735,2021-12-12,6185.132,6030.913
6736,2021-12-13,6604.9614,6482.4165
6737,2021-12-14,6660.4194,6583.9097
6738,2021-12-15,6624.669,6599.98
6739,2021-12-16,6616.418,6661.4575
6740,2021-12-17,6602.209,6637.34
6741,2021-12-18,6290.088,6287.321
6742,2021-12-19,6211.257,6057.9443
6743,2021-12-20,6615.502,6524.5938
6744,2021-12-21,6648.5015,6667.921
6745,2021-12-22,6663.168,6679.466
6746,2021-12-23,6650.794,6570.552
6747,2021-12-24,6626.0425,6497.8086
6748,2021-12-25,6324.005,6085.1455
6749,2021-12-26,6247.0063,6043.734
6750,2021-12-27,6630.627,6466.6216
6751,2021-12-28,6687.002,6550.1025
6752,2021-12-29,6655.8345,6549.389
6753,2021-12-30,6652.167,6524.4844
6754,2021-12-31,6611.8354,6268.829
6755,2022-01-01,6316.672,5824.3525
6756,2022-01-02,6247.466,5773.3154
6757,2022-01-03,6637.5015,6162.769
6758,2022-01-04,6686.085,6336.896
6759,2022-01-05,6704.417,6497.7144
6760,2022-01-06,6671.875,6556.6016
6761,2022-01-07,6640.2515,6576.179
6762,2022-01-08,6346.007,6262.3086
6763,2022-01-09,6261.215,6114.0522
6764,2022-01-10,6644.835,6585.077
6765,2022-01-11,6695.2485,6584.598
6766,2022-01-12,6705.793,6577.644
6767,2022-01-13,6699.3755,6565.6304
6768,2022-01-14,6655.377,6523.569
6769,2022-01-15,6343.714,6218.0947
6770,2022-01-16,6290.0894,6101.2817
6771,2022-01-17,6669.584,6562.487
6772,2022-01-18,6734.6675,6537.7173
6773,2022-01-19,6714.5,6488.8696
6774,2022-01-20,6710.8345,6536.92
6775,2022-01-21,6681.5005,6563.8765
6776,2022-01-22,6423.0044,6280.66
6777,2022-01-23,6351.0474,6133.292
6778,2022-01-24,6694.7925,6626.406
6779,2022-01-25,6757.584,6630.1963
6780,2021-11-28,6121.13,6150.5464
6781,2021-11-29,6563.433,6719.57
6782,2021-11-30,6601.016,6828.828
6783,2021-12-01,6584.0566,6916.207
6784,2021-12-02,6577.6406,6703.6147
6785,2021-12-03,6573.9746,6558.849
6786,2021-12-04,6267.8013,6265.8486
6787,2021-12-05,6173.382,6114.6274
6788,2021-12-06,6580.391,6531.9136
6789,2021-12-07,6618.892,6636.739
6790,2021-12-08,6634.933,6668.687
6791,2021-12-09,6616.142,6680.9844
6792,2021-12-10,6610.1826,6599.399
6793,2021-12-11,6319.595,6268.572
6794,2021-12-12,6212.341,6030.913
6795,2021-12-13,6617.516,6482.4165
6796,2021-12-14,6655.1025,6583.9097
6797,2021-12-15,6647.3105,6599.98
6798,2021-12-16,6629.4336,6661.4575
6799,2021-12-17,6631.266,6637.34
6800,2021-12-18,6326.01,6287.321
6801,2021-12-19,6234.3423,6057.9443
6802,2021-12-20,6645.9336,6524.5938
6803,2021-12-21,6679.8506,6667.921
6804,2021-12-22,6674.35,6679.466
6805,2021-12-23,6664.7246,6570.552
6806,2021-12-24,6633.5576,6497.8086
6807,2021-12-25,6300.344,6085.1455
6808,2021-12-26,6189.8823,6043.734
6809,2021-12-27,6586.348,6466.6216
6810,2021-12-28,6638.142,6550.1025
6811,2021-12-29,6634.933,6549.389
6812,2021-12-30,6606.9756,6524.4844
6813,2021-12-31,6566.1816,6268.829
6814,2022-01-01,6277.426,5824.3525
6815,2022-01-02,6210.5093,5773.3154
6816,2022-01-03,6599.1816,6162.769
6817,2022-01-04,6652.8066,6336.896
6818,2022-01-05,6648.6826,6497.7144
6819,2022-01-06,6643.1826,6556.6016
6820,2022-01-07,6609.725,6576.179
6821,2022-01-08,6326.469,6262.3086
6822,2022-01-09,6238.927,6114.0522
6823,2022-01-10,6621.1816,6585.077
6824,2022-01-11,6667.016,6584.598
6825,2022-01-12,6656.4736,6577.644
6826,2022-01-13,6660.141,6565.6304
6827,2022-01-14,6632.1836,6523.569
6828,2022-01-15,6311.8027,6218.0947
6829,2022-01-16,6240.3,6101.2817
6830,2022-01-17,6629.8906,6562.487
6831,2022-01-18,6674.808,6537.7173
6832,2022-01-19,6693.1426,6488.8696
6833,2022-01-20,6704.602,6536.92
6834,2022-01-21,6659.683,6563.8765
6835,2022-01-22,6359.47,6280.66
6836,2022-01-23,6315.4688,6133.292
6837,2022-01-24,6666.558,6626.406
6838,2022-01-25,6716.0596,6630.1963
6839,2022-01-26,6728.4346,6677.717
6840,2021-11-29,6518.1587,6719.57
6841,2021-11-30,6544.747,6828.828
6842,2021-12-01,6547.955,6916.207
6843,2021-12-02,6529.618,6703.6147
6844,2021-12-03,6524.1187,6558.849
6845,2021-12-04,6222.505,6265.8486
6846,2021-12-05,6131.7456,6114.6274
6847,2021-12-06,6554.369,6531.9136
6848,2021-12-07,6574.0786,6636.739
6849,2021-12-08,6587.3745,6668.687
6850,2021-12-09,6569.04,6680.9844
6851,2021-12-10,6531.91,6599.399
6852,2021-12-11,6232.5894,6268.572
6853,2021-12-12,6152.8296,6030.913
6854,2021-12-13,6547.036,6482.4165
6855,2021-12-14,6582.334,6583.9097
6856,2021-12-15,6571.332,6599.98
6857,2021-12-16,6559.413,6661.4575
6858,2021-12-17,6533.743,6637.34
6859,2021-12-18,6252.299,6287.321
6860,2021-12-19,6174.373,6057.9443
6861,2021-12-20,6569.955,6524.5938
6862,2021-12-21,6612.587,6667.921
6863,2021-12-22,6606.6255,6679.466
6864,2021-12-23,6580.9575,6570.552
6865,2021-12-24,6553.912,6497.8086
6866,2021-12-25,6281.179,6085.1455
6867,2021-12-26,6220.2114,6043.734
6868,2021-12-27,6605.7095,6466.6216
6869,2021-12-28,6636.882,6550.1025
6870,2021-12-29,6639.1714,6549.389
6871,2021-12-30,6605.2524,6524.4844
6872,2021-12-31,6579.581,6268.829
6873,2022-01-01,6305.4707,5824.3525
6874,2022-01-02,6222.9604,5773.3154
6875,2022-01-03,6601.583,6162.769
6876,2022-01-04,6656.132,6336.896
6877,2022-01-05,6657.0483,6497.7144
6878,2022-01-06,6645.589,6556.6016
6879,2022-01-07,6617.6274,6576.179
6880,2022-01-08,6327.0137,6262.3086
6881,2022-01-09,6252.757,6114.0522
6882,2022-01-10,6630.004,6585.077
6883,2022-01-11,6680.8843,6584.598
6884,2022-01-12,6662.547,6577.644
6885,2022-01-13,6641.9233,6565.6304
6886,2022-01-14,6609.379,6523.569
6887,2022-01-15,6311.8877,6218.0947
6888,2022-01-16,6236.2524,6101.2817
6889,2022-01-17,6610.7515,6562.487
6890,2022-01-18,6668.965,6537.7173
6891,2022-01-19,6657.5063,6488.8696
6892,2022-01-20,6642.38,6536.92
6893,2022-01-21,6606.6265,6563.8765
6894,2022-01-22,6322.889,6280.66
6895,2022-01-23,6250.0073,6133.292
6896,2022-01-24,6645.1313,6626.406
6897,2022-01-25,6699.6777,6630.1963
6898,2022-01-26,6690.9707,6677.717
6899,2022-01-27,6677.217,6652.3604
6900,2021-11-30,6690.982,6828.828
6901,2021-12-01,6684.1045,6916.207
6902,2021-12-02,6666.2207,6703.6147
6903,2021-12-03,6665.3037,6558.849
6904,2021-12-04,6340.659,6265.8486
6905,2021-12-05,6226.9414,6114.6274
6906,2021-12-06,6688.6904,6531.9136
6907,2021-12-07,6719.412,6636.739
6908,2021-12-08,6718.4976,6668.687
6909,2021-12-09,6702.9023,6680.9844
6910,2021-12-10,6696.944,6599.399
6911,2021-12-11,6370.007,6268.572
6912,2021-12-12,6264.5425,6030.913
6913,2021-12-13,6696.027,6482.4165
6914,2021-12-14,6713.9106,6583.9097
6915,2021-12-15,6692.357,6599.98
6916,2021-12-16,6707.0312,6661.4575
6917,2021-12-17,6699.236,6637.34
6918,2021-12-18,6375.051,6287.321
6919,2021-12-19,6277.381,6057.9443
6920,2021-12-20,6681.812,6524.5938
6921,2021-12-21,6721.246,6667.921
6922,2021-12-22,6723.538,6679.466
6923,2021-12-23,6728.5845,6570.552
6924,2021-12-24,6721.7036,6497.8086
6925,2021-12-25,6424.572,6085.1455
6926,2021-12-26,6341.576,6043.734
6927,2021-12-27,6760.6787,6466.6216
6928,2021-12-28,6820.29,6550.1025
6929,2021-12-29,6823.5005,6549.389
6930,2021-12-30,6815.703,6524.4844
6931,2021-12-31,6802.8643,6268.829
6932,2022-01-01,6488.765,5824.3525
6933,2022-01-02,6397.5186,5773.3154
6934,2022-01-03,6774.436,6162.769
6935,2022-01-04,6834.506,6336.896
6936,2022-01-05,6819.3726,6497.7144
6937,2022-01-06,6811.5767,6556.6016
6938,2022-01-07,6773.518,6576.179
6939,2022-01-08,6465.3833,6262.3086
6940,2022-01-09,6394.764,6114.0522
6941,2022-01-10,6780.3975,6585.077
6942,2022-01-11,6845.052,6584.598
6943,2022-01-12,6864.31,6577.644
6944,2022-01-13,6866.602,6565.6304
6945,2022-01-14,6833.589,6523.569
6946,2022-01-15,6536.913,6218.0947
6947,2022-01-16,6436.4927,6101.2817
6948,2022-01-17,6847.3433,6562.487
6949,2022-01-18,6906.494,6537.7173
6950,2022-01-19,6903.7417,6488.8696
6951,2022-01-20,6883.108,6536.92
6952,2022-01-21,6846.4263,6563.8765
6953,2022-01-22,6525.908,6280.66
6954,2022-01-23,6449.333,6133.292
6955,2022-01-24,6847.3438,6626.406
6956,2022-01-25,6894.574,6630.1963
6957,2022-01-26,6884.9424,6677.717
6958,2022-01-27,6875.7725,6652.3604
6959,2022-01-28,6847.803,6644.965
6960,2021-12-01,6767.122,6916.207
6961,2021-12-02,6733.181,6703.6147
6962,2021-12-03,6732.7236,6558.849
6963,2021-12-04,6391.4995,6265.8486
6964,2021-12-05,6236.9424,6114.6274
6965,2021-12-06,6701.0796,6531.9136
6966,2021-12-07,6744.19,6636.739
6967,2021-12-08,6725.386,6668.687
6968,2021-12-09,6717.59,6680.9844
6969,2021-12-10,6708.8765,6599.399
6970,2021-12-11,6384.163,6268.572
6971,2021-12-12,6263.084,6030.913
6972,2021-12-13,6691.9067,6482.4165
6973,2021-12-14,6732.265,6583.9097
6974,2021-12-15,6735.9336,6599.98
6975,2021-12-16,6723.5513,6661.4575
6976,2021-12-17,6700.619,6637.34
6977,2021-12-18,6419.0186,6287.321
6978,2021-12-19,6295.188,6057.9443
6979,2021-12-20,6697.8677,6524.5938
6980,2021-12-21,6757.0317,6667.921
6981,2021-12-22,6757.489,6679.466
6982,2021-12-23,6750.61,6570.552
6983,2021-12-24,6724.4683,6497.8086
6984,2021-12-25,6438.7407,6085.1455
6985,2021-12-26,6356.1855,6043.734
6986,2021-12-27,6724.467,6466.6216
6987,2021-12-28,6797.39,6550.1025
6988,2021-12-29,6776.753,6549.389
6989,2021-12-30,6765.7456,6524.4844
6990,2021-12-31,6736.392,6268.829
6991,2022-01-01,6414.8926,5824.3525
6992,2022-01-02,6322.706,5773.3154
6993,2022-01-03,6735.0176,6162.769
6994,2022-01-04,6808.857,6336.896
6995,2022-01-05,6818.489,6497.7144
6996,2022-01-06,6807.4814,6556.6016
6997,2022-01-07,6779.504,6576.179
6998,2022-01-08,6470.845,6262.3086
6999,2022-01-09,6351.143,6114.0522
7000,2022-01-10,6762.535,6585.077
7001,2022-01-11,6843.713,6584.598
7002,2022-01-12,6850.5923,6577.644
7003,2022-01-13,6823.991,6565.6304
7004,2022-01-14,6801.5195,6523.569
7005,2022-01-15,6504.784,6218.0947
7006,2022-01-16,6424.982,6101.2817
7007,2022-01-17,6810.233,6562.487
7008,2022-01-18,6879.9463,6537.7173
7009,2022-01-19,6880.4033,6488.8696
7010,2022-01-20,6868.4805,6536.92
7011,2022-01-21,6841.4214,6563.8765
7012,2022-01-22,6492.858,6280.66
7013,2022-01-23,6423.147,6133.292
7014,2022-01-24,6842.3374,6626.406
7015,2022-01-25,6885.9043,6630.1963
7016,2022-01-26,6898.288,6677.717
7017,2022-01-27,6882.237,6652.3604
7018,2022-01-28,6835.916,6644.965
7019,2022-01-29,6530.9243,6309.009
7020,2021-12-02,6855.038,6703.6147
7021,2021-12-03,6837.147,6558.849
7022,2021-12-04,6474.735,6265.8486
7023,2021-12-05,6304.5396,6114.6274
7024,2021-12-06,6714.2017,6531.9136
7025,2021-12-07,6767.417,6636.739
7026,2021-12-08,6780.7207,6668.687
7027,2021-12-09,6775.6743,6680.9844
7028,2021-12-10,6778.427,6599.399
7029,2021-12-11,6438.9526,6268.572
7030,2021-12-12,6305.457,6030.913
7031,2021-12-13,6727.047,6482.4165
7032,2021-12-14,6801.3643,6583.9097
7033,2021-12-15,6792.189,6599.98
7034,2021-12-16,6770.628,6661.4575
7035,2021-12-17,6755.031,6637.34
7036,2021-12-18,6424.7314,6287.321
7037,2021-12-19,6304.998,6057.9443
7038,2021-12-20,6714.2017,6524.5938
7039,2021-12-21,6790.3535,6667.921
7040,2021-12-22,6807.786,6679.466
7041,2021-12-23,6794.9414,6570.552
7042,2021-12-24,6783.014,6497.8086
7043,2021-12-25,6475.194,6085.1455
7044,2021-12-26,6341.6973,6043.734
7045,2021-12-27,6729.341,6466.6216
7046,2021-12-28,6822.925,6550.1025
7047,2021-12-29,6811.915,6549.389
7048,2021-12-30,6794.4824,6524.4844
7049,2021-12-31,6773.839,6268.829
7050,2022-01-01,6472.4404,5824.3525
7051,2022-01-02,6373.351,5773.3154
7052,2022-01-03,6749.0664,6162.769
7053,2022-01-04,6852.7437,6336.896
7054,2022-01-05,6850.45,6497.7144
7055,2022-01-06,6847.239,6556.6016
7056,2022-01-07,6817.879,6576.179
7057,2022-01-08,6522.4443,6262.3086
7058,2022-01-09,6420.1436,6114.0522
7059,2022-01-10,6822.0083,6585.077
7060,2022-01-11,6905.959,6584.598
7061,2022-01-12,6893.1143,6577.644
7062,2022-01-13,6899.536,6565.6304
7063,2022-01-14,6873.846,6523.569
7064,2022-01-15,6560.9795,6218.0947
7065,2022-01-16,6468.3125,6101.2817
7066,2022-01-17,6862.3774,6562.487
7067,2022-01-18,6943.1167,6537.7173
7068,2022-01-19,6931.649,6488.8696
7069,2022-01-20,6936.2363,6536.92
7070,2022-01-21,6897.7007,6563.8765
7071,2022-01-22,6594.0093,6280.66
7072,2022-01-23,6509.1406,6133.292
7073,2022-01-24,6902.288,6626.406
7074,2022-01-25,6973.853,6630.1963
7075,2022-01-26,6991.286,6677.717
7076,2022-01-27,6971.56,6652.3604
7077,2022-01-28,6926.6025,6644.965
7078,2022-01-29,6608.6895,6309.009
7079,2022-01-30,6544.006,6131.7935
7080,2021-12-03,6628.442,6558.849
7081,2021-12-04,6309.545,6265.8486
7082,2021-12-05,6181.071,6114.6274
7083,2021-12-06,6619.7246,6531.9136
7084,2021-12-07,6656.8926,6636.739
7085,2021-12-08,6652.302,6668.687
7086,2021-12-09,6643.1265,6680.9844
7087,2021-12-10,6615.595,6599.399
7088,2021-12-11,6305.418,6268.572
7089,2021-12-12,6187.035,6030.913
7090,2021-12-13,6618.3477,6482.4165
7091,2021-12-14,6672.4893,6583.9097
7092,2021-12-15,6671.5723,6599.98
7093,2021-12-16,6655.055,6661.4575
7094,2021-12-17,6616.971,6637.34
7095,2021-12-18,6308.1694,6287.321
7096,2021-12-19,6209.06,6057.9443
7097,2021-12-20,6626.1475,6524.5938
7098,2021-12-21,6674.786,6667.921
7099,2021-12-22,6679.833,6679.466
7100,2021-12-23,6674.7856,6570.552
7101,2021-12-24,6643.1245,6497.8086
7102,2021-12-25,6343.04,6085.1455
7103,2021-12-26,6242.0957,6043.734
7104,2021-12-27,6667.9033,6466.6216
7105,2021-12-28,6714.706,6550.1025
7106,2021-12-29,6710.116,6549.389
7107,2021-12-30,6689.9277,6524.4844
7108,2021-12-31,6656.891,6268.829
7109,2022-01-01,6348.09,5824.3525
7110,2022-01-02,6276.5093,5773.3154
7111,2022-01-03,6666.5254,6162.769
7112,2022-01-04,6731.223,6336.896
7113,2022-01-05,6714.705,6497.7144
7114,2022-01-06,6701.399,6556.6016
7115,2022-01-07,6645.42,6576.179
7116,2022-01-08,6354.0537,6262.3086
7117,2022-01-09,6298.5356,6114.0522
7118,2022-01-10,6659.6436,6585.077
7119,2022-01-11,6722.045,6584.598
7120,2022-01-12,6746.365,6577.644
7121,2022-01-13,6747.2817,6565.6304
7122,2022-01-14,6690.3833,6523.569
7123,2022-01-15,6397.1846,6218.0947
7124,2022-01-16,6331.1113,6101.2817
7125,2022-01-17,6687.6343,6562.487
7126,2022-01-18,6772.062,6537.7173
7127,2022-01-19,6777.5664,6488.8696
7128,2022-01-20,6780.779,6536.92
7129,2022-01-21,6728.93,6563.8765
7130,2022-01-22,6430.2207,6280.66
7131,2022-01-23,6353.5957,6133.292
7132,2022-01-24,6714.246,6626.406
7133,2022-01-25,6788.5786,6630.1963
7134,2022-01-26,6813.355,6677.717
7135,2022-01-27,6808.3096,6652.3604
7136,2022-01-28,6752.7886,6644.965
7137,2022-01-29,6461.425,6309.009
7138,2022-01-30,6394.8926,6131.7935
7139,2022-01-31,6739.4824,6265.909
7140,2021-12-04,6270.022,6265.8486
7141,2021-12-05,6164.924,6114.6274
7142,2021-12-06,6610.0933,6531.9136
7143,2021-12-07,6665.627,6636.739
7144,2021-12-08,6661.955,6668.687
7145,2021-12-09,6659.659,6680.9844
7146,2021-12-10,6607.3413,6599.399
7147,2021-12-11,6279.6587,6268.572
7148,2021-12-12,6175.0215,6030.913
7149,2021-12-13,6611.013,6482.4165
7150,2021-12-14,6666.5425,6583.9097
7151,2021-12-15,6683.064,6599.98
7152,2021-12-16,6658.2827,6661.4575
7153,2021-12-17,6615.142,6637.34
7154,2021-12-18,6311.785,6287.321
7155,2021-12-19,6227.34,6057.9443
7156,2021-12-20,6632.582,6524.5938
7157,2021-12-21,6687.6533,6667.921
7158,2021-12-22,6688.572,6679.466
7159,2021-12-23,6697.292,6570.552
7160,2021-12-24,6667.4624,6497.8086
7161,2021-12-25,6348.0396,6085.1455
7162,2021-12-26,6259.924,6043.734
7163,2021-12-27,6683.064,6466.6216
7164,2021-12-28,6727.5825,6550.1025
7165,2021-12-29,6716.108,6549.389
7166,2021-12-30,6722.534,6524.4844
7167,2021-12-31,6693.6206,6268.829
7168,2022-01-01,6371.9067,5824.3525
7169,2022-01-02,6271.8555,5773.3154
7170,2022-01-03,6657.825,6162.769
7171,2022-01-04,6755.118,6336.896
7172,2022-01-05,6755.119,6497.7144
7173,2022-01-06,6740.4316,6556.6016
7174,2022-01-07,6704.636,6576.179
7175,2022-01-08,6401.2773,6262.3086
7176,2022-01-09,6310.4062,6114.0522
7177,2022-01-10,6698.668,6585.077
7178,2022-01-11,6765.2144,6584.598
7179,2022-01-12,6765.2163,6577.644
7180,2022-01-13,6756.496,6565.6304
7181,2022-01-14,6704.635,6523.569
7182,2022-01-15,6403.115,6218.0947
7183,2022-01-16,6313.16,6101.2817
7184,2022-01-17,6705.5537,6562.487
7185,2022-01-18,6756.955,6537.7173
7186,2022-01-19,6750.071,6488.8696
7187,2022-01-20,6751.9077,6536.92
7188,2022-01-21,6700.503,6563.8765
7189,2022-01-22,6375.12,6280.66
7190,2022-01-23,6301.23,6133.292
7191,2022-01-24,6704.635,6626.406
7192,2022-01-25,6775.772,6630.1963
7193,2022-01-26,6784.95,6677.717
7194,2022-01-27,6783.5723,6652.3604
7195,2022-01-28,6755.119,6644.965
7196,2022-01-29,6439.369,6309.009
7197,2022-01-30,6356.76,6131.7935
7198,2022-01-31,6744.5625,6265.909
7199,2022-02-01,6801.9316,5908.9185
7200,2021-12-05,6152.6455,6114.6274
7201,2021-12-06,6621.335,6531.9136
7202,2021-12-07,6666.3213,6636.739
7203,2021-12-08,6653.0073,6668.687
7204,2021-12-09,6658.0576,6680.9844
7205,2021-12-10,6646.583,6599.399
7206,2021-12-11,6301.8325,6268.572
7207,2021-12-12,6211.4004,6030.913
7208,2021-12-13,6632.8105,6482.4165
7209,2021-12-14,6681.4707,6583.9097
7210,2021-12-15,6692.0283,6599.98
7211,2021-12-16,6669.9937,6661.4575
7212,2021-12-17,6651.1724,6637.34
7213,2021-12-18,6311.0156,6287.321
7214,2021-12-19,6227.9277,6057.9443
7215,2021-12-20,6660.813,6524.5938
7216,2021-12-21,6699.833,6667.921
7217,2021-12-22,6708.0938,6679.466
7218,2021-12-23,6704.882,6570.552
7219,2021-12-24,6699.832,6497.8086
7220,2021-12-25,6372.987,6085.1455
7221,2021-12-26,6295.4087,6043.734
7222,2021-12-27,6708.0923,6466.6216
7223,2021-12-28,6757.2124,6550.1025
7224,2021-12-29,6755.3774,6549.389
7225,2021-12-30,6749.8677,6524.4844
7226,2021-12-31,6708.095,6268.829
7227,2022-01-01,6376.201,5824.3525
7228,2022-01-02,6302.7524,5773.3154
7229,2022-01-03,6718.6533,6162.769
7230,2022-01-04,6770.525,6336.896
7231,2022-01-05,6759.5093,6497.7144
7232,2022-01-06,6743.44,6556.6016
7233,2022-01-07,6714.5205,6576.179
7234,2022-01-08,6389.5127,6262.3086
7235,2022-01-09,6318.82,6114.0522
7236,2022-01-10,6741.145,6585.077
7237,2022-01-11,6798.987,6584.598
7238,2022-01-12,6810.463,6577.644
7239,2022-01-13,6811.8394,6565.6304
7240,2022-01-14,6755.3765,6523.569
7241,2022-01-15,6435.418,6218.0947
7242,2022-01-16,6355.544,6101.2817
7243,2022-01-17,6757.214,6562.487
7244,2022-01-18,6829.741,6537.7173
7245,2022-01-19,6821.0215,6488.8696
7246,2022-01-20,6797.15,6536.92
7247,2022-01-21,6761.344,6563.8765
7248,2022-01-22,6455.6157,6280.66
7249,2022-01-23,6382.169,6133.292
7250,2022-01-24,6775.574,6626.406
7251,2022-01-25,6837.5464,6630.1963
7252,2022-01-26,6842.5967,6677.717
7253,2022-01-27,6811.381,6652.3604
7254,2022-01-28,6774.656,6644.965
7255,2022-01-29,6461.5825,6309.009
7256,2022-01-30,6382.167,6131.7935
7257,2022-01-31,6759.5093,6265.909
7258,2022-02-01,6827.906,5908.9185
7259,2022-02-02,6819.6465,5949.6616
7260,2021-12-06,6565.8164,6531.9136
7261,2021-12-07,6604.3813,6636.739
7262,2021-12-08,6599.79,6668.687
7263,2021-12-09,6589.2305,6680.9844
7264,2021-12-10,6552.0405,6599.399
7265,2021-12-11,6219.6426,6268.572
7266,2021-12-12,6116.3394,6030.913
7267,2021-12-13,6573.6206,6482.4165
7268,2021-12-14,6607.5957,6583.9097
7269,2021-12-15,6616.777,6599.98
7270,2021-12-16,6590.1494,6661.4575
7271,2021-12-17,6556.1733,6637.34
7272,2021-12-18,6253.155,6287.321
7273,2021-12-19,6150.775,6057.9443
7274,2021-12-20,6591.0645,6524.5938
7275,2021-12-21,6633.7656,6667.921
7276,2021-12-22,6630.0923,6679.466
7277,2021-12-23,6618.614,6570.552
7278,2021-12-24,6595.6562,6497.8086
7279,2021-12-25,6300.906,6085.1455
7280,2021-12-26,6213.6733,6043.734
7281,2021-12-27,6655.8013,6466.6216
7282,2021-12-28,6695.285,6550.1025
7283,2021-12-29,6710.4355,6549.389
7284,2021-12-30,6698.04,6524.4844
7285,2021-12-31,6664.9844,6268.829
7286,2022-01-01,6370.69,5824.3525
7287,2022-01-02,6274.735,5773.3154
7288,2022-01-03,6711.8154,6162.769
7289,2022-01-04,6757.725,6336.896
7290,2022-01-05,6751.299,6497.7144
7291,2022-01-06,6737.982,6556.6016
7292,2022-01-07,6695.743,6576.179
7293,2022-01-08,6377.5757,6262.3086
7294,2022-01-09,6312.8423,6114.0522
7295,2022-01-10,6719.6187,6585.077
7296,2022-01-11,6763.235,6584.598
7297,2022-01-12,6758.1846,6577.644
7298,2022-01-13,6736.1465,6565.6304
7299,2022-01-14,6706.3027,6523.569
7300,2022-01-15,6388.138,6218.0947
7301,2022-01-16,6316.056,6101.2817
7302,2022-01-17,6774.253,6562.487
7303,2022-01-18,6822.4614,6537.7173
7304,2022-01-19,6834.857,6488.8696
7305,2022-01-20,6810.0664,6536.92
7306,2022-01-21,6762.777,6563.8765
7307,2022-01-22,6436.804,6280.66
7308,2022-01-23,6350.0293,6133.292
7309,2022-01-24,6790.783,6626.406
7310,2022-01-25,6831.183,6630.1963
7311,2022-01-26,6833.4785,6677.717
7312,2022-01-27,6808.689,6652.3604
7313,2022-01-28,6766.448,6644.965
7314,2022-01-29,6432.67,6309.009
7315,2022-01-30,6336.715,6131.7935
7316,2022-01-31,6782.0576,6265.909
7317,2022-02-01,6840.3677,5908.9185
7318,2022-02-02,6836.694,5949.6616
7319,2022-02-03,6838.0713,6456.346
7320,2021-12-07,6628.8765,6636.739
7321,2021-12-08,6653.2173,6668.687
7322,2021-12-09,6637.601,6680.9844
7323,2021-12-10,6603.618,6599.399
7324,2021-12-11,6264.689,6268.572
7325,2021-12-12,6169.622,6030.913
7326,2021-12-13,6590.299,6482.4165
7327,2021-12-14,6655.9707,6583.9097
7328,2021-12-15,6649.085,6599.98
7329,2021-12-16,6638.9785,6661.4575
7330,2021-12-17,6599.486,6637.34
7331,2021-12-18,6327.6055,6287.321
7332,2021-12-19,6248.155,6057.9443
7333,2021-12-20,6628.417,6524.5938
7334,2021-12-21,6689.956,6667.921
7335,2021-12-22,6694.549,6679.466
7336,2021-12-23,6694.5493,6570.552
7337,2021-12-24,6677.556,6497.8086
7338,2021-12-25,6378.1245,6085.1455
7339,2021-12-26,6311.5312,6043.734
7340,2021-12-27,6684.4443,6466.6216
7341,2021-12-28,6747.3643,6550.1025
7342,2021-12-29,6750.58,6549.389
7343,2021-12-30,6734.047,6524.4844
7344,2021-12-31,6679.855,6268.829
7345,2022-01-01,6372.6113,5824.3525
7346,2022-01-02,6306.4805,5773.3154
7347,2022-01-03,6713.839,6162.769
7348,2022-01-04,6778.595,6336.896
7349,2022-01-05,6778.1357,6497.7144
7350,2022-01-06,6758.846,6556.6016
7351,2022-01-07,6723.4824,6576.179
7352,2022-01-08,6408.895,6262.3086
7353,2022-01-09,6349.19,6114.0522
7354,2022-01-10,6737.7188,6585.077
7355,2022-01-11,6807.0654,6584.598
7356,2022-01-12,6816.71,6577.644
7357,2022-01-13,6797.424,6565.6304
7358,2022-01-14,6728.076,6523.569
7359,2022-01-15,6430.9375,6218.0947
7360,2022-01-16,6356.08,6101.2817
7361,2022-01-17,6744.6064,6562.487
7362,2022-01-18,6829.112,6537.7173
7363,2022-01-19,6809.364,6488.8696
7364,2022-01-20,6804.31,6536.92
7365,2022-01-21,6747.8223,6563.8765
7366,2022-01-22,6424.969,6280.66
7367,2022-01-23,6384.5537,6133.292
7368,2022-01-24,6770.786,6626.406
7369,2022-01-25,6836.917,6630.1963
7370,2022-01-26,6819.926,6677.717
7371,2022-01-27,6807.5264,6652.3604
7372,2022-01-28,6734.0454,6644.965
7373,2022-01-29,6428.642,6309.009
7374,2022-01-30,6361.5894,6131.7935
7375,2022-01-31,6737.261,6265.909
7376,2022-02-01,6794.667,5908.9185
7377,2022-02-02,6797.885,5949.6616
7378,2022-02-03,6787.781,6456.346
7379,2022-02-04,6719.35,6584.6704
7380,2021-12-08,6655.946,6668.687
7381,2021-12-09,6640.323,6680.9844
7382,2021-12-10,6614.602,6599.399
7383,2021-12-11,6277.8994,6268.572
7384,2021-12-12,6168.1133,6030.913
7385,2021-12-13,6577.3965,6482.4165
7386,2021-12-14,6620.5737,6583.9097
7387,2021-12-15,6628.3823,6599.98
7388,2021-12-16,6610.0083,6661.4575
7389,2021-12-17,6593.4736,6637.34
7390,2021-12-18,6258.607,6287.321
7391,2021-12-19,6185.57,6057.9443
7392,2021-12-20,6594.85,6524.5938
7393,2021-12-21,6644.919,6667.921
7394,2021-12-22,6654.5664,6679.466
7395,2021-12-23,6640.785,6570.552
7396,2021-12-24,6618.2764,6497.8086
7397,2021-12-25,6311.8926,6085.1455
7398,2021-12-26,6203.024,6043.734
7399,2021-12-27,6605.8745,6466.6216
7400,2021-12-28,6651.3506,6550.1025
7401,2021-12-29,6675.2363,6549.389
7402,2021-12-30,6688.556,6524.4844
7403,2021-12-31,6647.675,6268.829
7404,2022-01-01,6325.672,5824.3525
7405,2022-01-02,6251.257,5773.3154
7406,2022-01-03,6617.357,6162.769
7407,2022-01-04,6677.9917,6336.896
7408,2022-01-05,6669.7227,6497.7144
7409,2022-01-06,6663.291,6556.6016
7410,2022-01-07,6610.4683,6576.179
7411,2022-01-08,6287.0854,6262.3086
7412,2022-01-09,6211.2925,6114.0522
7413,2022-01-10,6621.4907,6585.077
7414,2022-01-11,6674.7754,6584.598
7415,2022-01-12,6688.0967,6577.644
7416,2022-01-13,6682.5845,6565.6304
7417,2022-01-14,6635.7324,6523.569
7418,2022-01-15,6334.857,6218.0947
7419,2022-01-16,6253.552,6101.2817
7420,2022-01-17,6668.3423,6562.487
7421,2022-01-18,6721.6274,6537.7173
7422,2022-01-19,6722.088,6488.8696
7423,2022-01-20,6713.3613,6536.92
7424,2022-01-21,6679.3677,6563.8765
7425,2022-01-22,6362.4194,6280.66
7426,2022-01-23,6278.3574,6133.292
7427,2022-01-24,6698.661,6626.406
7428,2022-01-25,6759.294,6630.1963
7429,2022-01-26,6762.052,6677.717
7430,2022-01-27,6749.189,6652.3604
7431,2022-01-28,7583.365,6644.965
7432,2022-01-29,6379.8745,6309.009
7433,2022-01-30,6298.11,6131.7935
7434,2022-01-31,6685.8,6265.909
7435,2022-02-01,6767.105,5908.9185
7436,2022-02-02,6778.589,5949.6616
7437,2022-02-03,6763.43,6456.346
7438,2022-02-04,6717.4956,6584.6704
7439,2022-02-05,6383.5483,6286.3784
7440,2021-12-09,6629.406,6680.9844
7441,2021-12-10,6599.0806,6599.399
7442,2021-12-11,6257.714,6268.572
7443,2021-12-12,6131.365,6030.913
7444,2021-12-13,6584.8394,6482.4165
7445,2021-12-14,6644.109,6583.9097
7446,2021-12-15,6643.189,6599.98
7447,2021-12-16,6639.0537,6661.4575
7448,2021-12-17,6617.002,6637.34
7449,2021-12-18,6279.3086,6287.321
7450,2021-12-19,6162.6074,6057.9443
7451,2021-12-20,6594.489,6524.5938
7452,2021-12-21,6664.785,6667.921
7453,2021-12-22,6670.2983,6679.466
7454,2021-12-23,6635.841,6570.552
7455,2021-12-24,6610.11,6497.8086
7456,2021-12-25,6294.0107,6085.1455
7457,2021-12-26,6192.0127,6043.734
7458,2021-12-27,6607.8125,6466.6216
7459,2021-12-28,6673.5156,6550.1025
7460,2021-12-29,6681.325,6549.389
7461,2021-12-30,6674.433,6524.4844
7462,2021-12-31,6669.8394,6268.829
7463,2022-01-01,6355.5767,5824.3525
7464,2022-01-02,6240.254,5773.3154
7465,2022-01-03,6637.2173,6162.769
7466,2022-01-04,6709.351,6336.896
7467,2022-01-05,6721.7573,6497.7144
7468,2022-01-06,6708.8906,6556.6016
7469,2022-01-07,6664.3267,6576.179
7470,2022-01-08,6337.1987,6262.3086
7471,2022-01-09,6229.2275,6114.0522
7472,2022-01-10,6641.3545,6585.077
7473,2022-01-11,6717.6226,6584.598
7474,2022-01-12,6716.7046,6577.644
7475,2022-01-13,6710.7285,6565.6304
7476,2022-01-14,6687.2983,6523.569
7477,2022-01-15,6351.4404,6218.0947
7478,2022-01-16,6255.415,6101.2817
7479,2022-01-17,6667.9995,6562.487
7480,2022-01-18,6760.3486,6537.7173
7481,2022-01-19,6769.5386,6488.8696
7482,2022-01-20,6755.7544,6536.92
7483,2022-01-21,6713.027,6563.8765
7484,2022-01-22,6386.82,6280.66
7485,2022-01-23,6284.3613,6133.292
7486,2022-01-24,6710.27,6626.406
7487,2022-01-25,6760.8105,6630.1963
7488,2022-01-26,6786.08,6677.717
7489,2022-01-27,6788.375,6652.3604
7490,2022-01-28,6745.188,6644.965
7491,2022-01-29,6431.384,6309.009
7492,2022-01-30,6326.629,6131.7935
7493,2022-01-31,6719.458,6265.909
7494,2022-02-01,6814.5664,5908.9185
7495,2022-02-02,6817.7837,5949.6616
7496,2022-02-03,6814.5674,6456.346
7497,2022-02-04,6777.81,6584.6704
7498,2022-02-05,6447.925,6286.3784
7499,2022-02-06,6350.063,6029.987
7500,2021-12-10,6608.223,6599.399
7501,2021-12-11,6264.025,6268.572
7502,2021-12-12,6142.707,6030.913
7503,2021-12-13,6589.8423,6482.4165
7504,2021-12-14,6641.3105,6583.9097
7505,2021-12-15,6643.1504,6599.98
7506,2021-12-16,6648.663,6661.4575
7507,2021-12-17,6609.1426,6637.34
7508,2021-12-18,6266.7827,6287.321
7509,2021-12-19,6171.198,6057.9443
7510,2021-12-20,6591.2207,6524.5938
7511,2021-12-21,6649.584,6667.921
7512,2021-12-22,6675.7754,6679.466
7513,2021-12-23,6671.64,6570.552
7514,2021-12-24,6647.744,6497.8086
7515,2021-12-25,6300.331,6085.1455
7516,2021-12-26,6213.0156,6043.734
7517,2021-12-27,6627.9844,6466.6216
7518,2021-12-28,6689.5625,6550.1025
7519,2021-12-29,6706.1074,6549.389
7520,2021-12-30,6710.701,6524.4844
7521,2021-12-31,6702.889,6268.829
7522,2022-01-01,6344.447,5824.3525
7523,2022-01-02,6252.537,5773.3154
7524,2022-01-03,6679.4546,6162.769
7525,2022-01-04,6730.0024,6336.896
7526,2022-01-05,6722.6475,6497.7144
7527,2022-01-06,6717.134,6556.6016
7528,2022-01-07,6669.8027,6576.179
7529,2022-01-08,6332.0376,6262.3086
7530,2022-01-09,6251.6177,6114.0522
7531,2022-01-10,6682.6694,6585.077
7532,2022-01-11,6736.8955,6584.598
7533,2022-01-12,6753.9,6577.644
7534,2022-01-13,6758.955,6565.6304
7535,2022-01-14,6719.8926,6523.569
7536,2022-01-15,6406.4824,6218.0947
7537,2022-01-16,6308.6035,6101.2817
7538,2022-01-17,6715.7563,6562.487
7539,2022-01-18,6775.4976,6537.7173
7540,2022-01-19,6766.765,6488.8696
7541,2022-01-20,6754.3574,6536.92
7542,2022-01-21,6726.325,6563.8765
7543,2022-01-22,6406.486,6280.66
7544,2022-01-23,6295.275,6133.292
7545,2022-01-24,6712.08,6626.406
7546,2022-01-25,6785.148,6630.1963
7547,2022-01-26,6792.9604,6677.717
7548,2022-01-27,6793.879,6652.3604
7549,2022-01-28,6752.9795,6644.965
7550,2022-01-29,6413.838,6309.009
7551,2022-01-30,6326.5244,6131.7935
7552,2022-01-31,6758.9517,6265.909
7553,2022-02-01,6822.371,5908.9185
7554,2022-02-02,6819.1543,5949.6616
7555,2022-02-03,6809.042,6456.346
7556,2022-02-04,6770.9023,6584.6704
7557,2022-02-05,6450.139,6286.3784
7558,2022-02-06,6380.2896,6029.987
7559,2022-02-07,6786.5264,6448.8633
7560,2021-12-11,6231.9336,6268.572
7561,2021-12-12,6148.744,6030.913
7562,2021-12-13,6590.436,6482.4165
7563,2021-12-14,6635.938,6583.9097
7564,2021-12-15,6642.3726,6599.98
7565,2021-12-16,6629.504,6661.4575
7566,2021-12-17,6600.088,6637.34
7567,2021-12-18,6254.4546,6287.321
7568,2021-12-19,6179.5386,6057.9443
7569,2021-12-20,6609.7393,6524.5938
7570,2021-12-21,6640.994,6667.921
7571,2021-12-22,6643.752,6679.466
7572,2021-12-23,6623.987,6570.552
7573,2021-12-24,6617.5537,6497.8086
7574,2021-12-25,6277.8965,6085.1455
7575,2021-12-26,6197.465,6043.734
7576,2021-12-27,6632.2617,6466.6216
7577,2021-12-28,6679.141,6550.1025
7578,2021-12-29,6693.8506,6549.389
7579,2021-12-30,6686.9546,6524.4844
7580,2021-12-31,6670.869,6268.829
7581,2022-01-01,6318.342,5824.3525
7582,2022-01-02,6231.475,5773.3154
7583,2022-01-03,6692.4717,6162.769
7584,2022-01-04,6737.511,6336.896
7585,2022-01-05,6728.3213,6497.7144
7586,2022-01-06,6722.8037,6556.6016
7587,2022-01-07,6674.5444,6576.179
7588,2022-01-08,6346.839,6262.3086
7589,2022-01-09,6283.87,6114.0522
7590,2022-01-10,6735.674,6585.077
7591,2022-01-11,6758.195,6584.598
7592,2022-01-12,6751.3013,6577.644
7593,2022-01-13,6738.4326,6565.6304
7594,2022-01-14,6712.694,6523.569
7595,2022-01-15,6360.1675,6218.0947
7596,2022-01-16,6290.766,6101.2817
7597,2022-01-17,6742.1094,6562.487
7598,2022-01-18,6794.5044,6537.7173
7599,2022-01-19,6797.7227,6488.8696
7600,2022-01-20,6793.1255,6536.92
7601,2022-01-21,6770.1475,6563.8765
7602,2022-01-22,6436.464,6280.66
7603,2022-01-23,6358.7896,6133.292
7604,2022-01-24,6797.7227,6626.406
7605,2022-01-25,6848.7407,6630.1963
7606,2022-01-26,6857.4736,6677.717
7607,2022-01-27,6850.578,6652.3604
7608,2022-01-28,6808.752,6644.965
7609,2022-01-29,6489.78,6309.009
7610,2022-01-30,6413.9434,6131.7935
7611,2022-01-31,6816.1074,6265.909
7612,2022-02-01,6875.398,5908.9185
7613,2022-02-02,6891.0264,5949.6616
7614,2022-02-03,6875.8555,6456.346
7615,2022-02-04,6812.89,6584.6704
7616,2022-02-05,6485.1836,6286.3784
7617,2022-02-06,6433.706,6029.987
7618,2022-02-07,6844.143,6448.8633
7619,2022-02-08,6900.677,6450.566
7620,2021-12-12,6152.1562,6030.913
7621,2021-12-13,6637.0654,6482.4165
7622,2021-12-14,6687.6265,6583.9097
7623,2021-12-15,6706.0117,6599.98
7624,2021-12-16,6698.6587,6661.4575
7625,2021-12-17,6653.6123,6637.34
7626,2021-12-18,6316.7026,6287.321
7627,2021-12-19,6250.976,6057.9443
7628,2021-12-20,6689.4624,6524.5938
7629,2021-12-21,6728.9937,6667.921
7630,2021-12-22,6717.042,6679.466
7631,2021-12-23,6715.203,6570.552
7632,2021-12-24,6674.7544,6497.8086
7633,2021-12-25,6330.033,6085.1455
7634,2021-12-26,6269.822,6043.734
7635,2021-12-27,6702.793,6466.6216
7636,2021-12-28,6741.862,6550.1025
7637,2021-12-29,6746.9175,6549.389
7638,2021-12-30,6735.8877,6524.4844
7639,2021-12-31,6682.571,6268.829
7640,2022-01-01,6353.4736,5824.3525
7641,2022-01-02,6259.7095,5773.3154
7642,2022-01-03,6684.868,6162.769
7643,2022-01-04,6746.459,6336.896
7644,2022-01-05,6740.0244,6497.7144
7645,2022-01-06,6734.5083,6556.6016
7646,2022-01-07,6684.4087,6576.179
7647,2022-01-08,6335.5493,6262.3086
7648,2022-01-09,6277.6357,6114.0522
7649,2022-01-10,6663.726,6585.077
7650,2022-01-11,6707.8486,6584.598
7651,2022-01-12,6712.9062,6577.644
7652,2022-01-13,6713.824,6565.6304
7653,2022-01-14,6689.466,6523.569
7654,2022-01-15,6344.2817,6218.0947
7655,2022-01-16,6255.1113,6101.2817
7656,2022-01-17,6684.868,6562.487
7657,2022-01-18,6737.726,6537.7173
7658,2022-01-19,6754.2705,6488.8696
7659,2022-01-20,6742.781,6536.92
7660,2022-01-21,6699.575,6563.8765
7661,2022-01-22,6360.3687,6280.66
7662,2022-01-23,6304.754,6133.292
7663,2022-01-24,6717.042,6626.406
7664,2022-01-25,6762.0854,6630.1963
7665,2022-01-26,6778.6333,6677.717
7666,2022-01-27,6764.8413,6652.3604
7667,2022-01-28,6711.0684,6644.965
7668,2022-01-29,6352.555,6309.009
7669,2022-01-30,6285.45,6131.7935
7670,2022-01-31,6699.5767,6265.909
7671,2022-02-01,6758.8667,5908.9185
7672,2022-02-02,6758.8677,5949.6616
7673,2022-02-03,6764.3843,6456.346
7674,2022-02-04,6723.9346,6584.6704
7675,2022-02-05,6372.319,6286.3784
7676,2022-02-06,6317.6235,6029.987
7677,2022-02-07,6734.9688,6448.8633
7678,2022-02-08,6784.608,6450.566
7679,2022-02-09,6794.719,6440.9097
7680,2021-12-13,6483.0557,6482.4165
7681,2021-12-14,6531.7793,6583.9097
7682,2021-12-15,6521.2075,6599.98
7683,2021-12-16,6512.0137,6661.4575
7684,2021-12-17,6495.005,6637.34
7685,2021-12-18,6180.5957,6287.321
7686,2021-12-19,6099.236,6057.9443
7687,2021-12-20,6518.446,6524.5938
7688,2021-12-21,6577.744,6667.921
7689,2021-12-22,6603.4844,6679.466
7690,2021-12-23,6593.373,6570.552
7691,2021-12-24,6569.9287,6497.8086
7692,2021-12-25,6270.69,6085.1455
7693,2021-12-26,6191.6265,6043.734
7694,2021-12-27,6590.6143,6466.6216
7695,2021-12-28,6628.306,6550.1025
7696,2021-12-29,6624.628,6549.389
7697,2021-12-30,6627.846,6524.4844
7698,2021-12-31,6614.0557,6268.829
7699,2022-01-01,6290.9136,5824.3525
7700,2022-01-02,6196.686,5773.3154
7701,2022-01-03,6607.619,6162.769
7702,2022-01-04,6669.676,6336.896
7703,2022-01-05,6681.1655,6497.7144
7704,2022-01-06,6688.5215,6556.6016
7705,2022-01-07,6644.395,6576.179
7706,2022-01-08,6300.5674,6262.3086
7707,2022-01-09,6213.2324,6114.0522
7708,2022-01-10,6627.8457,6585.077
7709,2022-01-11,6694.9575,6584.598
7710,2022-01-12,6702.7725,6577.644
7711,2022-01-13,6684.8457,6565.6304
7712,2022-01-14,6642.096,6523.569
7713,2022-01-15,6341.018,6218.0947
7714,2022-01-16,6272.069,6101.2817
7715,2022-01-17,6667.377,6562.487
7716,2022-01-18,6722.536,6537.7173
7717,2022-01-19,6737.244,6488.8696
7718,2022-01-20,6749.197,6536.92
7719,2022-01-21,6708.7485,6563.8765
7720,2022-01-22,6374.1143,6280.66
7721,2022-01-23,6276.6646,6133.292
7722,2022-01-24,6696.3364,6626.406
7723,2022-01-25,6747.8184,6630.1963
7724,2022-01-26,6745.9785,6677.717
7725,2022-01-27,6743.221,6652.3604
7726,2022-01-28,6697.257,6644.965
7727,2022-01-29,6373.194,6309.009
7728,2022-01-30,6315.2764,6131.7935
7729,2022-01-31,6712.425,6265.909
7730,2022-02-01,6794.705,5908.9185
7731,2022-02-02,6799.76,5949.6616
7732,2022-02-03,6787.8086,6456.346
7733,2022-02-04,6741.8423,6584.6704
7734,2022-02-05,6397.0977,6286.3784
7735,2022-02-06,6326.31,6029.987
7736,2022-02-07,6742.7627,6448.8633
7737,2022-02-08,6777.696,6450.566
7738,2022-02-09,6787.3496,6440.9097
7739,2022-02-10,6785.05,6285.4385
7740,2021-12-14,6588.65,6583.9097
7741,2021-12-15,6594.6255,6599.98
7742,2021-12-16,6575.7754,6661.4575
7743,2021-12-17,6527.498,6637.34
7744,2021-12-18,6191.4,6287.321
7745,2021-12-19,6101.7427,6057.9443
7746,2021-12-20,6546.3486,6524.5938
7747,2021-12-21,6600.6025,6667.921
7748,2021-12-22,6622.672,6679.466
7749,2021-12-23,6619.9155,6570.552
7750,2021-12-24,6596.006,6497.8086
7751,2021-12-25,6258.987,6085.1455
7752,2021-12-26,6167.9507,6043.734
7753,2021-12-27,6601.063,6466.6216
7754,2021-12-28,6637.3857,6550.1025
7755,2021-12-29,6638.764,6549.389
7756,2021-12-30,6623.5933,6524.4844
7757,2021-12-31,6602.4443,6268.829
7758,2022-01-01,6259.908,5824.3525
7759,2022-01-02,6176.2275,5773.3154
7760,2022-01-03,6608.42,6162.769
7761,2022-01-04,6666.352,6336.896
7762,2022-01-05,6666.3506,6497.7144
7763,2022-01-06,6662.6763,6556.6016
7764,2022-01-07,6613.9375,6576.179
7765,2022-01-08,6275.5396,6262.3086
7766,2022-01-09,6192.3193,6114.0522
7767,2022-01-10,6619.9136,6585.077
7768,2022-01-11,6648.881,6584.598
7769,2022-01-12,6648.4194,6577.644
7770,2022-01-13,6629.569,6565.6304
7771,2022-01-14,6586.81,6523.569
7772,2022-01-15,6268.183,6218.0947
7773,2022-01-16,6186.8013,6101.2817
7774,2022-01-17,6606.1206,6562.487
7775,2022-01-18,6664.9717,6537.7173
7776,2022-01-19,6678.306,6488.8696
7777,2022-01-20,6674.1694,6536.92
7778,2022-01-21,6641.984,6563.8765
7779,2022-01-22,6320.598,6280.66
7780,2022-01-23,6236.919,6133.292
7781,2022-01-24,6636.0073,6626.406
7782,2022-01-25,6695.319,6630.1963
7783,2022-01-26,6700.3755,6677.717
7784,2022-01-27,6710.0327,6652.3604
7785,2022-01-28,6646.5825,6644.965
7786,2022-01-29,6319.2173,6309.009
7787,2022-01-30,6238.2974,6131.7935
7788,2022-01-31,6660.3735,6265.909
7789,2022-02-01,6710.491,5908.9185
7790,2022-02-02,6707.274,5949.6616
7791,2022-02-03,6700.8354,6456.346
7792,2022-02-04,6657.6157,6584.6704
7793,2022-02-05,6354.162,6286.3784
7794,2022-02-06,6270.9424,6029.987
7795,2022-02-07,6661.753,6448.8633
7796,2022-02-08,6722.4463,6450.566
7797,2022-02-09,6737.159,6440.9097
7798,2022-02-10,6719.227,6285.4385
7799,2022-02-11,6649.8,6267.331
7800,2021-12-15,6590.166,6599.98
7801,2021-12-16,6574.5312,6661.4575
7802,2021-12-17,6540.9644,6637.34
7803,2021-12-18,6237.483,6287.321
7804,2021-12-19,6138.6187,6057.9443
7805,2021-12-20,6580.5093,6524.5938
7806,2021-12-21,6615.9155,6667.921
7807,2021-12-22,6624.654,6679.466
7808,2021-12-23,6630.63,6570.552
7809,2021-12-24,6612.2373,6497.8086
7810,2021-12-25,6302.775,6085.1455
7811,2021-12-26,6178.167,6043.734
7812,2021-12-27,6583.7295,6466.6216
7813,2021-12-28,6638.9087,6550.1025
7814,2021-12-29,6636.6074,6549.389
7815,2021-12-30,6648.105,6524.4844
7816,2021-12-31,6613.1577,6268.829
7817,2022-01-01,6305.534,5824.3525
7818,2022-01-02,6187.362,5773.3154
7819,2022-01-03,6611.3154,6162.769
7820,2022-01-04,6657.299,6336.896
7821,2022-01-05,6647.1836,6497.7144
7822,2022-01-06,6660.058,6556.6016
7823,2022-01-07,6636.6074,6576.179
7824,2022-01-08,6323.0093,6262.3086
7825,2022-01-09,6218.628,6114.0522
7826,2022-01-10,6640.7456,6585.077
7827,2022-01-11,6697.7656,6584.598
7828,2022-01-12,6715.698,6577.644
7829,2022-01-13,6686.2676,6565.6304
7830,2022-01-14,6642.125,6523.569
7831,2022-01-15,6323.9287,6218.0947
7832,2022-01-16,6244.841,6101.2817
7833,2022-01-17,6644.424,6562.487
7834,2022-01-18,6706.4995,6537.7173
7835,2022-01-19,6713.3965,6488.8696
7836,2022-01-20,6705.1206,6536.92
7837,2022-01-21,6659.1377,6563.8765
7838,2022-01-22,6355.195,6280.66
7839,2022-01-23,6269.67,6133.292
7840,2022-01-24,6694.087,6626.406
7841,2022-01-25,6743.286,6630.1963
7842,2022-01-26,6740.989,6677.717
7843,2022-01-27,6728.5713,6652.3604
7844,2022-01-28,6662.3564,6644.965
7845,2022-01-29,6335.4233,6309.009
7846,2022-01-30,6264.152,6131.7935
7847,2022-01-31,6654.0825,6265.909
7848,2022-02-01,6712.939,5908.9185
7849,2022-02-02,6703.741,5949.6616
7850,2022-02-03,6704.661,6456.346
7851,2022-02-04,6646.723,6584.6704
7852,2022-02-05,6340.4824,6286.3784
7853,2022-02-06,6300.477,6029.987
7854,2022-02-07,6693.6274,6448.8633
7855,2022-02-08,6764.44,6450.566
7856,2022-02-09,6772.716,6440.9097
7857,2022-02-10,6758.9214,6285.4385
7858,2022-02-11,6697.305,6267.331
7859,2022-02-12,6395.661,6054.2056
7860,2021-12-16,6615.1743,6661.4575
7861,2021-12-17,6577.465,6637.34
7862,2021-12-18,6258.7773,6287.321
7863,2021-12-19,6144.272,6057.9443
7864,2021-12-20,6605.9756,6524.5938
7865,2021-12-21,6650.1235,6667.921
7866,2021-12-22,6648.285,6679.466
7867,2021-12-23,6642.3066,6570.552
7868,2021-12-24,6616.554,6497.8086
7869,2021-12-25,6273.034,6085.1455
7870,2021-12-26,6166.345,6043.734
7871,2021-12-27,6593.561,6466.6216
7872,2021-12-28,6631.2686,6550.1025
7873,2021-12-29,6663.0,6549.389
7874,2021-12-30,6663.9214,6524.4844
7875,2021-12-31,6614.715,6268.829
7876,2022-01-01,6270.734,5824.3525
7877,2022-01-02,6176.0015,5773.3154
7878,2022-01-03,6595.4,6162.769
7879,2022-01-04,6634.4893,6336.896
7880,2022-01-05,6622.5337,6497.7144
7881,2022-01-06,6605.517,6556.6016
7882,2022-01-07,6586.6626,6576.179
7883,2022-01-08,6267.054,6262.3086
7884,2022-01-09,6204.055,6114.0522
7885,2022-01-10,6598.6206,6585.077
7886,2022-01-11,6640.0083,6584.598
7887,2022-01-12,6633.5684,6577.644
7888,2022-01-13,6644.6045,6565.6304
7889,2022-01-14,6617.4736,6523.569
7890,2022-01-15,6276.7124,6218.0947
7891,2022-01-16,6219.232,6101.2817
7892,2022-01-17,6620.232,6562.487
7893,2022-01-18,6661.162,6537.7173
7894,2022-01-19,6671.7373,6488.8696
7895,2022-01-20,6652.8823,6536.92
7896,2022-01-21,6593.1025,6563.8765
7897,2022-01-22,6263.8354,6280.66
7898,2022-01-23,6214.172,6133.292
7899,2022-01-24,6613.795,6626.406
7900,2022-01-25,6652.8833,6630.1963
7901,2022-01-26,6654.264,6677.717
7902,2022-01-27,6657.4795,6652.3604
7903,2022-01-28,6601.38,6644.965
7904,2022-01-29,6282.69,6309.009
7905,2022-01-30,6231.1855,6131.7935
7906,2022-01-31,6614.2544,6265.909
7907,2022-02-01,6658.402,5908.9185
7908,2022-02-02,6657.483,5949.6616
7909,2022-02-03,6647.825,6456.346
7910,2022-02-04,6601.8354,6584.6704
7911,2022-02-05,6301.5454,6286.3784
7912,2022-02-06,6257.398,6029.987
7913,2022-02-07,6651.0464,6448.8633
7914,2022-02-08,6691.9717,6450.566
7915,2022-02-09,6693.81,6440.9097
7916,2022-02-10,6685.5337,6285.4385
7917,2022-02-11,6623.912,6267.331
7918,2022-02-12,6297.8657,6054.2056
7919,2022-02-13,6234.8643,5970.6265
7920,2021-12-17,6602.7876,6637.34
7921,2021-12-18,6263.3574,6287.321
7922,2021-12-19,6143.7744,6057.9443
7923,2021-12-20,6590.371,6524.5938
7924,2021-12-21,6633.1436,6667.921
7925,2021-12-22,6657.9824,6679.466
7926,2021-12-23,6662.5796,6570.552
7927,2021-12-24,6610.609,6497.8086
7928,2021-12-25,6286.8154,6085.1455
7929,2021-12-26,6182.41,6043.734
7930,2021-12-27,6607.388,6466.6216
7931,2021-12-28,6652.9214,6550.1025
7932,2021-12-29,6661.658,6549.389
7933,2021-12-30,6672.6987,6524.4844
7934,2021-12-31,6644.643,6268.829
7935,2022-01-01,6305.213,5824.3525
7936,2022-01-02,6192.989,5773.3154
7937,2022-01-03,6611.5283,6162.769
7938,2022-01-04,6680.9775,6336.896
7939,2022-01-05,6687.8755,6497.7144
7940,2022-01-06,6678.216,6556.6016
7941,2022-01-07,6652.9204,6576.179
7942,2022-01-08,6326.3687,6262.3086
7943,2022-01-09,6213.685,6114.0522
7944,2022-01-10,6633.605,6585.077
7945,2022-01-11,6674.9995,6584.598
7946,2022-01-12,6689.7163,6577.644
7947,2022-01-13,6674.5386,6565.6304
7948,2022-01-14,6622.1045,6523.569
7949,2022-01-15,6304.7515,6218.0947
7950,2022-01-16,6212.765,6101.2817
7951,2022-01-17,6622.1064,6562.487
7952,2022-01-18,6682.358,6537.7173
7953,2022-01-19,6682.8174,6488.8696
7954,2022-01-20,6674.9985,6536.92
7955,2022-01-21,6630.3857,6563.8765
7956,2022-01-22,6313.491,6280.66
7957,2022-01-23,6230.2437,6133.292
7958,2022-01-24,6645.102,6626.406
7959,2022-01-25,6723.7524,6630.1963
7960,2022-01-26,6730.1914,6677.717
7961,2022-01-27,6715.4717,6652.3604
7962,2022-01-28,6654.759,6644.965
7963,2022-01-29,6323.148,6309.009
7964,2022-01-30,6236.6816,6131.7935
7965,2022-01-31,6652.922,6265.909
7966,2022-02-01,6720.072,5908.9185
7967,2022-02-02,6743.0674,5949.6616
7968,2022-02-03,6735.248,6456.346
7969,2022-02-04,6676.8374,6584.6704
7970,2022-02-05,6357.1836,6286.3784
7971,2022-02-06,6259.679,6029.987
7972,2022-02-07,6678.6777,6448.8633
7973,2022-02-08,6739.848,6450.566
7974,2022-02-09,6746.7456,6440.9097
7975,2022-02-10,6746.286,6285.4385
7976,2022-02-11,6683.2754,6267.331
7977,2022-02-12,6353.504,6054.2056
7978,2022-02-13,6302.911,5970.6265
7979,2022-02-14,6695.695,6525.6577
7980,2021-12-18,6214.655,6287.321
7981,2021-12-19,6117.1323,6057.9443
7982,2021-12-20,6557.817,6524.5938
7983,2021-12-21,6608.417,6667.921
7984,2021-12-22,6608.417,6679.466
7985,2021-12-23,6610.717,6570.552
7986,2021-12-24,6583.1167,6497.8086
7987,2021-12-25,6239.034,6085.1455
7988,2021-12-26,6130.473,6043.734
7989,2021-12-27,6567.017,6466.6216
7990,2021-12-28,6610.717,6550.1025
7991,2021-12-29,6630.4976,6549.389
7992,2021-12-30,6621.7573,6524.4844
7993,2021-12-31,6579.897,6268.829
7994,2022-01-01,6234.4336,5824.3525
7995,2022-01-02,6141.5137,5773.3154
7996,2022-01-03,6583.5767,6162.769
7997,2022-01-04,6618.5376,6336.896
7998,2022-01-05,6636.9375,6497.7144
7999,2022-01-06,6640.1577,6556.6016
8000,2022-01-07,6595.537,6576.179
8001,2022-01-08,6258.8145,6262.3086
8002,2022-01-09,6166.353,6114.0522
8003,2022-01-10,6582.197,6585.077
8004,2022-01-11,6633.7173,6584.598
8005,2022-01-12,6638.7773,6577.644
8006,2022-01-13,6640.6177,6565.6304
8007,2022-01-14,6594.1577,6523.569
8008,2022-01-15,6260.6543,6218.0947
8009,2022-01-16,6175.5527,6101.2817
8010,2022-01-17,6606.1167,6562.487
8011,2022-01-18,6659.0176,6537.7173
8012,2022-01-19,6663.6177,6488.8696
8013,2022-01-20,6652.5767,6536.92
8014,2022-01-21,6599.677,6563.8765
8015,2022-01-22,6272.6143,6280.66
8016,2022-01-23,6181.533,6133.292
8017,2022-01-24,6604.7373,6626.406
8018,2022-01-25,6670.058,6630.1963
8019,2022-01-26,6658.0977,6677.717
8020,2022-01-27,6638.3174,6652.3604
8021,2022-01-28,6581.7373,6644.965
8022,2022-01-29,6249.614,6309.009
8023,2022-01-30,6171.412,6131.7935
8024,2022-01-31,6608.8774,6265.909
8025,2022-02-01,6665.4575,5908.9185
8026,2022-02-02,6670.9775,5949.6616
8027,2022-02-03,6643.837,6456.346
8028,2022-02-04,6598.757,6584.6704
8029,2022-02-05,6279.514,6286.3784
8030,2022-02-06,6200.3936,6029.987
8031,2022-02-07,6595.997,6448.8633
8032,2022-02-08,6647.9775,6450.566
8033,2022-02-09,6656.717,6440.9097
8034,2022-02-10,6650.737,6285.4385
8035,2022-02-11,6589.5576,6267.331
8036,2022-02-12,6277.6743,6054.2056
8037,2022-02-13,6204.533,5970.6265
8038,2022-02-14,6606.5776,6525.6577
8039,2022-02-15,6677.8774,6634.7534
8040,2021-12-19,6114.167,6057.9443
8041,2021-12-20,6575.1035,6524.5938
8042,2021-12-21,6640.888,6667.921
8043,2021-12-22,6634.4463,6679.466
8044,2021-12-23,6641.346,6570.552
8045,2021-12-24,6618.3457,6497.8086
8046,2021-12-25,6284.8325,6085.1455
8047,2021-12-26,6167.5283,6043.734
8048,2021-12-27,6618.345,6466.6216
8049,2021-12-28,6668.487,6550.1025
8050,2021-12-29,6660.2075,6549.389
8051,2021-12-30,6682.2886,6524.4844
8052,2021-12-31,6642.267,6268.829
8053,2022-01-01,6313.814,5824.3525
8054,2022-01-02,6185.469,5773.3154
8055,2022-01-03,6604.545,6162.769
8056,2022-01-04,6651.93,6336.896
8057,2022-01-05,6662.05,6497.7144
8058,2022-01-06,6662.05,6556.6016
8059,2022-01-07,6590.2856,6576.179
8060,2022-01-08,6275.632,6262.3086
8061,2022-01-09,6189.1494,6114.0522
8062,2022-01-10,6593.0464,6585.077
8063,2022-01-11,6645.4873,6584.598
8064,2022-01-12,6641.8076,6577.644
8065,2022-01-13,6645.0273,6565.6304
8066,2022-01-14,6580.1646,6523.569
8067,2022-01-15,6277.4727,6218.0947
8068,2022-01-16,6189.61,6101.2817
8069,2022-01-17,6593.506,6562.487
8070,2022-01-18,6669.4087,6537.7173
8071,2022-01-19,6672.1675,6488.8696
8072,2022-01-20,6680.449,6536.92
8073,2022-01-21,6626.6274,6563.8765
8074,2022-01-22,6299.553,6280.66
8075,2022-01-23,6232.851,6133.292
8076,2022-01-24,6622.0273,6626.406
8077,2022-01-25,6689.65,6630.1963
8078,2022-01-26,6695.1714,6677.717
8079,2022-01-27,6679.071,6652.3604
8080,2022-01-28,6623.8667,6644.965
8081,2022-01-29,6324.855,6309.009
8082,2022-01-30,6252.1724,6131.7935
8083,2022-01-31,6621.567,6265.909
8084,2022-02-01,6677.2285,5908.9185
8085,2022-02-02,6679.989,5949.6616
8086,2022-02-03,6674.4683,6456.346
8087,2022-02-04,6633.5273,6584.6704
8088,2022-02-05,6330.834,6286.3784
8089,2022-02-06,6270.5737,6029.987
8090,2022-02-07,6645.0283,6448.8633
8091,2022-02-08,6716.7925,6450.566
8092,2022-02-09,6734.274,6440.9097
8093,2022-02-10,6728.752,6285.4385
8094,2022-02-11,6664.812,6267.331
8095,2022-02-12,6352.916,6054.2056
8096,2022-02-13,6286.214,5970.6265
8097,2022-02-14,6674.0107,6525.6577
8098,2022-02-15,6751.754,6634.7534
8099,2022-02-16,6754.9746,6452.063
8100,2021-12-20,6503.892,6524.5938
8101,2021-12-21,6546.216,6667.921
8102,2021-12-22,6577.04,6679.466
8103,2021-12-23,6582.561,6570.552
8104,2021-12-24,6548.9775,6497.8086
8105,2021-12-25,6236.5938,6085.1455
8106,2021-12-26,6136.301,6043.734
8107,2021-12-27,6587.163,6466.6216
8108,2021-12-28,6639.149,6550.1025
8109,2021-12-29,6633.629,6549.389
8110,2021-12-30,6625.808,6524.4844
8111,2021-12-31,6615.685,6268.829
8112,2022-01-01,6289.042,5824.3525
8113,2022-01-02,6181.848,5773.3154
8114,2022-01-03,6565.9995,6162.769
8115,2022-01-04,6597.743,6336.896
8116,2022-01-05,6610.6245,6497.7144
8117,2022-01-06,6606.945,6556.6016
8118,2022-01-07,6564.159,6576.179
8119,2022-01-08,6246.257,6262.3086
8120,2022-01-09,6177.246,6114.0522
8121,2022-01-10,6590.842,6585.077
8122,2022-01-11,6646.9688,6584.598
8123,2022-01-12,6637.7695,6577.644
8124,2022-01-13,6642.83,6565.6304
8125,2022-01-14,6583.022,6523.569
8126,2022-01-15,6284.9,6218.0947
8127,2022-01-16,6215.893,6101.2817
8128,2022-01-17,6619.825,6562.487
8129,2022-01-18,6675.0317,6537.7173
8130,2022-01-19,6674.573,6488.8696
8131,2022-01-20,6683.7754,6536.92
8132,2022-01-21,6645.5894,6563.8765
8133,2022-01-22,6322.166,6280.66
8134,2022-01-23,6227.8535,6133.292
8135,2022-01-24,6636.8467,6626.406
8136,2022-01-25,6699.416,6630.1963
8137,2022-01-26,6712.299,6677.717
8138,2022-01-27,6709.0776,6652.3604
8139,2022-01-28,6646.969,6644.965
8140,2022-01-29,6339.6494,6309.009
8141,2022-01-30,6252.2363,6131.7935
8142,2022-01-31,6648.3496,6265.909
8143,2022-02-01,6712.299,5908.9185
8144,2022-02-02,6734.3813,5949.6616
8145,2022-02-03,6711.3794,6456.346
8146,2022-02-04,6646.0483,6584.6704
8147,2022-02-05,6342.868,6286.3784
8148,2022-02-06,6277.08,6029.987
8149,2022-02-07,6672.7344,6448.8633
8150,2022-02-08,6743.122,6450.566
8151,2022-02-09,6744.9644,6440.9097
8152,2022-02-10,6738.982,6285.4385
8153,2022-02-11,6682.3955,6267.331
8154,2022-02-12,6374.6133,6054.2056
8155,2022-02-13,6308.823,5970.6265
8156,2022-02-14,6695.2754,6525.6577
8157,2022-02-15,6759.2236,6634.7534
8158,2022-02-16,6757.3843,6452.063
8159,2022-02-17,6756.9243,6492.4053
8160,2021-12-21,6618.014,6667.921
8161,2021-12-22,6631.3623,6679.466
8162,2021-12-23,6615.714,6570.552
8163,2021-12-24,6567.3945,6497.8086
8164,2021-12-25,6228.6943,6085.1455
8165,2021-12-26,6121.4683,6043.734
8166,2021-12-27,6588.103,6466.6216
8167,2021-12-28,6622.616,6550.1025
8168,2021-12-29,6636.424,6549.389
8169,2021-12-30,6641.946,6524.4844
8170,2021-12-31,6593.6245,6268.829
8171,2022-01-01,6267.3486,5824.3525
8172,2022-01-02,6159.663,5773.3154
8173,2022-01-03,6583.04,6162.769
8174,2022-01-04,6606.971,6336.896
8175,2022-01-05,6613.8735,6497.7144
8176,2022-01-06,6623.0767,6556.6016
8177,2022-01-07,6588.103,6576.179
8178,2022-01-08,6268.7285,6262.3086
8179,2022-01-09,6174.3906,6114.0522
8180,2022-01-10,6598.688,6585.077
8181,2022-01-11,6641.9463,6584.598
8182,2022-01-12,6653.4526,6577.644
8183,2022-01-13,6646.0864,6565.6304
8184,2022-01-14,6600.0674,6523.569
8185,2022-01-15,6282.0737,6218.0947
8186,2022-01-16,6201.082,6101.2817
8187,2022-01-17,6623.537,6562.487
8188,2022-01-18,6680.141,6537.7173
8189,2022-01-19,6688.884,6488.8696
8190,2022-01-20,6676.457,6536.92
8191,2022-01-21,6622.1567,6563.8765
8192,2022-01-22,6310.608,6280.66
8193,2022-01-23,6228.2324,6133.292
8194,2022-01-24,6647.0073,6626.406
8195,2022-01-25,6692.107,6630.1963
8196,2022-01-26,6687.0444,6677.717
8197,2022-01-27,6693.0264,6652.3604
8198,2022-01-28,6635.0425,6644.965
8199,2022-01-29,6328.095,6309.009
8200,2022-01-30,6252.622,6131.7935
8201,2022-01-31,6659.891,6265.909
8202,2022-02-01,6703.6113,5908.9185
8203,2022-02-02,6721.5596,5949.6616
8204,2022-02-03,6694.4062,6456.346
8205,2022-02-04,6646.549,6584.6704
8206,2022-02-05,6311.069,6286.3784
8207,2022-02-06,6243.42,6029.987
8208,2022-02-07,6668.1763,6448.8633
8209,2022-02-08,6718.797,6450.566
8210,2022-02-09,6733.523,6440.9097
8211,2022-02-10,6750.0894,6285.4385
8212,2022-02-11,6670.0156,6267.331
8213,2022-02-12,6358.007,6054.2056
8214,2022-02-13,6292.1987,5970.6265
8215,2022-02-14,6704.0713,6525.6577
8216,2022-02-15,6755.152,6634.7534
8217,2022-02-16,6776.32,6452.063
8218,2022-02-17,6764.355,6492.4053
8219,2022-02-18,6704.5317,6645.8525
8220,2021-12-22,6673.5874,6679.466
8221,2021-12-23,6647.352,6570.552
8222,2021-12-24,6611.9087,6497.8086
8223,2021-12-25,6289.2524,6085.1455
8224,2021-12-26,6158.995,6043.734
8225,2021-12-27,6575.087,6466.6216
8226,2021-12-28,6634.4644,6550.1025
8227,2021-12-29,6645.509,6549.389
8228,2021-12-30,6646.8906,6524.4844
8229,2021-12-31,6615.592,6268.829
8230,2022-01-01,6272.2227,5824.3525
8231,2022-01-02,6151.1733,5773.3154
8232,2022-01-03,6580.152,6162.769
8233,2022-01-04,6628.9404,6336.896
8234,2022-01-05,6627.1006,6497.7144
8235,2022-01-06,6639.9863,6556.6016
8236,2022-01-07,6581.9927,6576.179
8237,2022-01-08,6247.369,6262.3086
8238,2022-01-09,6138.2837,6114.0522
8239,2022-01-10,6569.102,6585.077
8240,2022-01-11,6620.655,6584.598
8241,2022-01-12,6619.734,6577.644
8242,2022-01-13,6614.21,6565.6304
8243,2022-01-14,6565.882,6523.569
8244,2022-01-15,6245.5283,6218.0947
8245,2022-01-16,6148.869,6101.2817
8246,2022-01-17,6567.2627,6562.487
8247,2022-01-18,6623.4175,6537.7173
8248,2022-01-19,6644.5874,6488.8696
8249,2022-01-20,6632.622,6536.92
8250,2022-01-21,6584.293,6563.8765
8251,2022-01-22,6266.7007,6280.66
8252,2022-01-23,6176.9443,6133.292
8253,2022-01-24,6613.75,6626.406
8254,2022-01-25,6665.763,6630.1963
8255,2022-01-26,6680.9517,6677.717
8256,2022-01-27,6679.109,6652.3604
8257,2022-01-28,6623.878,6644.965
8258,2022-01-29,6303.063,6309.009
8259,2022-01-30,6206.8643,6131.7935
8260,2022-01-31,6621.5757,6265.909
8261,2022-02-01,6691.5386,5908.9185
8262,2022-02-02,6689.235,5949.6616
8263,2022-02-03,6695.679,6456.346
8264,2022-02-04,6645.5107,6584.6704
8265,2022-02-05,6299.3794,6286.3784
8266,2022-02-06,6212.848,6029.987
8267,2022-02-07,6644.128,6448.8633
8268,2022-02-08,6705.344,6450.566
8269,2022-02-09,6697.5215,6440.9097
8270,2022-02-10,6695.6787,6285.4385
8271,2022-02-11,6627.5576,6267.331
8272,2022-02-12,6299.38,6054.2056
8273,2022-02-13,6212.386,5970.6265
8274,2022-02-14,6620.656,6525.6577
8275,2022-02-15,6708.5693,6634.7534
8276,2022-02-16,6723.7583,6452.063
8277,2022-02-17,6719.155,6492.4053
8278,2022-02-18,6657.016,6645.8525
8279,2022-02-19,6339.884,6300.391
8280,2021-12-23,6649.939,6570.552
8281,2021-12-24,6636.5845,6497.8086
8282,2021-12-25,6304.2046,6085.1455
8283,2021-12-26,6151.365,6043.734
8284,2021-12-27,6599.2983,6466.6216
8285,2021-12-28,6672.496,6550.1025
8286,2021-12-29,6659.6055,6549.389
8287,2021-12-30,6665.5874,6524.4844
8288,2021-12-31,6627.839,6268.829
8289,2022-01-01,6283.489,5824.3525
8290,2022-01-02,6152.284,5773.3154
8291,2022-01-03,6576.2783,6162.769
8292,2022-01-04,6640.2705,6336.896
8293,2022-01-05,6647.635,6497.7144
8294,2022-01-06,6643.953,6556.6016
8295,2022-01-07,6594.6934,6576.179
8296,2022-01-08,6262.7725,6262.3086
8297,2022-01-09,6166.554,6114.0522
8298,2022-01-10,6587.3306,6585.077
8299,2022-01-11,6642.5723,6584.598
8300,2022-01-12,6637.967,6577.644
8301,2022-01-13,6631.523,6565.6304
8302,2022-01-14,6588.248,6523.569
8303,2022-01-15,6278.8823,6218.0947
8304,2022-01-16,6189.5737,6101.2817
8305,2022-01-17,6619.553,6562.487
8306,2022-01-18,6693.212,6537.7173
8307,2022-01-19,6700.5767,6488.8696
8308,2022-01-20,6713.4673,6536.92
8309,2022-01-21,6669.7324,6563.8765
8310,2022-01-22,6329.5254,6280.66
8311,2022-01-23,6224.561,6133.292
8312,2022-01-24,6645.331,6626.406
8313,2022-01-25,6685.3843,6630.1963
8314,2022-01-26,6695.5127,6677.717
8315,2022-01-27,6693.212,6652.3604
8316,2022-01-28,6658.2236,6644.965
8317,2022-01-29,6318.014,6309.009
8318,2022-01-30,6225.0205,6131.7935
8319,2022-01-31,6649.475,6265.909
8320,2022-02-01,6697.3545,5908.9185
8321,2022-02-02,6705.181,5949.6616
8322,2022-02-03,6686.766,6456.346
8323,2022-02-04,6631.062,6584.6704
8324,2022-02-05,6294.5376,6286.3784
8325,2022-02-06,6207.9883,6029.987
8326,2022-02-07,6643.4917,6448.8633
8327,2022-02-08,6700.576,6450.566
8328,2022-02-09,6717.149,6440.9097
8329,2022-02-10,6715.3076,6285.4385
8330,2022-02-11,6647.6357,6267.331
8331,2022-02-12,6321.2363,6054.2056
8332,2022-02-13,6226.404,5970.6265
8333,2022-02-14,6669.732,6525.6577
8334,2022-02-15,6738.3276,6634.7534
8335,2022-02-16,6756.279,6452.063
8336,2022-02-17,6739.2495,6492.4053
8337,2022-02-18,6694.1313,6645.8525
8338,2022-02-19,6358.9873,6300.391
8339,2022-02-20,6248.5015,6125.728
8340,2021-12-24,6586.187,6497.8086
8341,2021-12-25,6261.1123,6085.1455
8342,2021-12-26,6106.4033,6043.734
8343,2021-12-27,6549.351,6466.6216
8344,2021-12-28,6617.0356,6550.1025
8345,2021-12-29,6631.7695,6549.389
8346,2021-12-30,6640.978,6524.4844
8347,2021-12-31,6605.5244,6268.829
8348,2022-01-01,6288.7393,5824.3525
8349,2022-01-02,6165.3394,5773.3154
8350,2022-01-03,6583.425,6162.769
8351,2022-01-04,6651.1074,6336.896
8352,2022-01-05,6648.8057,6497.7144
8353,2022-01-06,6645.5825,6556.6016
8354,2022-01-07,6620.7188,6576.179
8355,2022-01-08,6290.58,6262.3086
8356,2022-01-09,6173.167,6114.0522
8357,2022-01-10,6596.7754,6585.077
8358,2022-01-11,6643.2793,6584.598
8359,2022-01-12,6639.5967,6577.644
8360,2022-01-13,6622.1006,6565.6304
8361,2022-01-14,6594.0117,6523.569
8362,2022-01-15,6297.948,6218.0947
8363,2022-01-16,6180.073,6101.2817
8364,2022-01-17,6595.8574,6562.487
8365,2022-01-18,6670.9077,6537.7173
8366,2022-01-19,6658.9355,6488.8696
8367,2022-01-20,6660.317,6536.92
8368,2022-01-21,6624.402,6563.8765
8369,2022-01-22,6297.0283,6280.66
8370,2022-01-23,6200.3345,6133.292
8371,2022-01-24,6614.274,6626.406
8372,2022-01-25,6687.024,6630.1963
8373,2022-01-26,6702.2173,6677.717
8374,2022-01-27,6675.0527,6652.3604
8375,2022-01-28,6626.706,6644.965
8376,2022-01-29,6327.8774,6309.009
8377,2022-01-30,6224.2754,6131.7935
8378,2022-01-31,6628.0874,6265.909
8379,2022-02-01,6715.5693,5908.9185
8380,2022-02-02,6712.346,5949.6616
8381,2022-02-03,6693.0073,6456.346
8382,2022-02-04,6662.62,6584.6704
8383,2022-02-05,6351.358,6286.3784
8384,2022-02-06,6245.4575,6029.987
8385,2022-02-07,6637.294,6448.8633
8386,2022-02-08,6707.2812,6450.566
8387,2022-02-09,6700.377,6440.9097
8388,2022-02-10,6694.3906,6285.4385
8389,2022-02-11,6648.8057,6267.331
8390,2022-02-12,6349.9775,6054.2056
8391,2022-02-13,6256.049,5970.6265
8392,2022-02-14,6659.397,6525.6577
8393,2022-02-15,6738.131,6634.7534
8394,2022-02-16,6735.8276,6452.063
8395,2022-02-17,6733.5254,6492.4053
8396,2022-02-18,6691.167,6645.8525
8397,2022-02-19,6357.346,6300.391
8398,2022-02-20,6271.703,6125.728
8399,2022-02-21,6660.7783,6587.924
8400,2021-12-25,6177.6514,6085.1455
8401,2021-12-26,6078.185,6043.734
8402,2021-12-27,6529.014,6466.6216
8403,2021-12-28,6577.8276,6550.1025
8404,2021-12-29,6590.263,6549.389
8405,2021-12-30,6576.449,6524.4844
8406,2021-12-31,6548.8164,6268.829
8407,2022-01-01,6214.9507,5824.3525
8408,2022-01-02,6105.8145,5773.3154
8409,2022-01-03,6544.214,6162.769
8410,2022-01-04,6601.314,6336.896
8411,2022-01-05,6616.9736,6497.7144
8412,2022-01-06,6602.2373,6556.6016
8413,2022-01-07,6545.1343,6576.179
8414,2022-01-08,6242.584,6262.3086
8415,2022-01-09,6129.301,6114.0522
8416,2022-01-10,6561.2515,6585.077
8417,2022-01-11,6607.764,6584.598
8418,2022-01-12,6617.892,6577.644
8419,2022-01-13,6600.855,6565.6304
8420,2022-01-14,6564.473,6523.569
8421,2022-01-15,6241.201,6218.0947
8422,2022-01-16,6156.009,6101.2817
8423,2022-01-17,6580.1313,6562.487
8424,2022-01-18,6641.839,6537.7173
8425,2022-01-19,6651.0513,6488.8696
8426,2022-01-20,6652.4326,6536.92
8427,2022-01-21,6594.87,6563.8765
8428,2022-01-22,6271.594,6280.66
8429,2022-01-23,6175.3486,6133.292
8430,2022-01-24,6598.092,6626.406
8431,2022-01-25,6650.59,6630.1963
8432,2022-01-26,6661.643,6677.717
8433,2022-01-27,6658.4194,6652.3604
8434,2022-01-28,6585.1987,6644.965
8435,2022-01-29,6268.834,6309.009
8436,2022-01-30,6185.9414,6131.7935
8437,2022-01-31,6619.2754,6265.909
8438,2022-02-01,6671.312,5908.9185
8439,2022-02-02,6677.7593,5949.6616
8440,2022-02-03,6650.5894,6456.346
8441,2022-02-04,6594.4087,6584.6704
8442,2022-02-05,6267.451,6286.3784
8443,2022-02-06,6201.5986,6029.987
8444,2022-02-07,6614.67,6448.8633
8445,2022-02-08,6662.561,6450.566
8446,2022-02-09,6657.959,6440.9097
8447,2022-02-10,6644.6035,6285.4385
8448,2022-02-11,6610.523,6267.331
8449,2022-02-12,6285.87,6054.2056
8450,2022-02-13,6215.413,5970.6265
8451,2022-02-14,6666.245,6525.6577
8452,2022-02-15,6712.2964,6634.7534
8453,2022-02-16,6720.585,6452.063
8454,2022-02-17,6680.9824,6492.4053
8455,2022-02-18,6645.9824,6645.8525
8456,2022-02-19,6310.2783,6300.391
8457,2022-02-20,6216.795,6125.728
8458,2022-02-21,6645.524,6587.924
8459,2022-02-22,6704.467,6617.263
8460,2021-12-26,5997.911,6043.734
8461,2021-12-27,6486.109,6466.6216
8462,2021-12-28,6541.377,6550.1025
8463,2021-12-29,6552.8926,6549.389
8464,2021-12-30,6543.679,6524.4844
8465,2021-12-31,6519.7314,6268.829
8466,2022-01-01,6190.888,5824.3525
8467,2022-01-02,6084.038,5773.3154
8468,2022-01-03,6540.916,6162.769
8469,2022-01-04,6592.4995,6336.896
8470,2022-01-05,6608.159,6497.7144
8471,2022-01-06,6574.9995,6556.6016
8472,2022-01-07,6531.7056,6576.179
8473,2022-01-08,6200.1,6262.3086
8474,2022-01-09,6102.92,6114.0522
8475,2022-01-10,6550.127,6585.077
8476,2022-01-11,6595.2637,6584.598
8477,2022-01-12,6592.5005,6577.644
8478,2022-01-13,6589.736,6565.6304
8479,2022-01-14,6555.655,6523.569
8480,2022-01-15,6173.3877,6218.0947
8481,2022-01-16,6076.6694,6101.2817
8482,2022-01-17,6504.072,6562.487
8483,2022-01-18,6560.7227,6537.7173
8484,2022-01-19,6562.1035,6488.8696
8485,2022-01-20,6541.377,6536.92
8486,2022-01-21,6493.9395,6563.8765
8487,2022-01-22,6181.215,6280.66
8488,2022-01-23,6085.8794,6133.292
8489,2022-01-24,6510.0586,6626.406
8490,2022-01-25,6550.1255,6630.1963
8491,2022-01-26,6555.6533,6677.717
8492,2022-01-27,6553.35,6652.3604
8493,2022-01-28,6512.362,6644.965
8494,2022-01-29,6177.0713,6309.009
8495,2022-01-30,6087.721,6131.7935
8496,2022-01-31,6510.0576,6265.909
8497,2022-02-01,6558.878,5908.9185
8498,2022-02-02,6578.2207,5949.6616
8499,2022-02-03,6583.288,6456.346
8500,2022-02-04,6528.0205,6584.6704
8501,2022-02-05,6207.929,6286.3784
8502,2022-02-06,6093.709,6029.987
8503,2022-02-07,6539.9956,6448.8633
8504,2022-02-08,6586.0527,6450.566
8505,2022-02-09,6600.33,6440.9097
8506,2022-02-10,6583.287,6285.4385
8507,2022-02-11,6516.0454,6267.331
8508,2022-02-12,6202.864,6054.2056
8509,2022-02-13,6105.6846,5970.6265
8510,2022-02-14,6552.8906,6525.6577
8511,2022-02-15,6601.248,6634.7534
8512,2022-02-16,6602.6323,6452.063
8513,2022-02-17,6598.9473,6492.4053
8514,2022-02-18,6553.811,6645.8525
8515,2022-02-19,6243.392,6300.391
8516,2022-02-20,6133.319,6125.728
8517,2022-02-21,6569.4717,6587.924
8518,2022-02-22,6624.739,6617.263
8519,2022-02-23,6612.303,6638.067
8520,2021-12-27,6496.365,6466.6216
8521,2021-12-28,6550.7163,6550.1025
8522,2021-12-29,6547.0327,6549.389
8523,2021-12-30,6523.542,6524.4844
8524,2021-12-31,6477.9434,6268.829
8525,2022-01-01,6155.98,5824.3525
8526,2022-01-02,6073.071,5773.3154
8527,2022-01-03,6522.1587,6162.769
8528,2022-01-04,6588.9463,6336.896
8529,2022-01-05,6588.0244,6497.7144
8530,2022-01-06,6588.0254,6556.6016
8531,2022-01-07,6534.596,6576.179
8532,2022-01-08,6218.1606,6262.3086
8533,2022-01-09,6142.161,6114.0522
8534,2022-01-10,6567.2983,6585.077
8535,2022-01-11,6606.4487,6584.598
8536,2022-01-12,7503.7056,6577.644
8537,2022-01-13,7483.4395,6565.6304
8538,2022-01-14,6549.797,6523.569
8539,2022-01-15,6239.348,6218.0947
8540,2022-01-16,6142.6226,6101.2817
8541,2022-01-17,6573.2876,6562.487
8542,2022-01-18,6640.995,6537.7173
8543,2022-01-19,6653.891,6488.8696
8544,2022-01-20,6623.031,6536.92
8545,2022-01-21,6553.9414,6563.8765
8546,2022-01-22,6243.495,6280.66
8547,2022-01-23,6181.314,6133.292
8548,2022-01-24,6587.105,6626.406
8549,2022-01-25,6658.959,6630.1963
8550,2022-01-26,6645.14,6677.717
8551,2022-01-27,6625.7954,6652.3604
8552,2022-01-28,6551.639,6644.965
8553,2022-01-29,6221.3843,6309.009
8554,2022-01-30,6152.7583,6131.7935
8555,2022-01-31,6582.4985,6265.909
8556,2022-02-01,6618.886,5908.9185
8557,2022-02-02,6603.687,5949.6616
8558,2022-02-03,6587.1045,6456.346
8559,2022-02-04,6534.5957,6584.6704
8560,2022-02-05,6216.32,6286.3784
8561,2022-02-06,6164.2715,6029.987
8562,2022-02-07,6608.754,6448.8633
8563,2022-02-08,6670.935,6450.566
8564,2022-02-09,6665.408,6440.9097
8565,2022-02-10,6635.009,6285.4385
8566,2022-02-11,6569.143,6267.331
8567,2022-02-12,6278.5005,6054.2056
8568,2022-02-13,6229.2173,5970.6265
8569,2022-02-14,6651.589,6525.6577
8570,2022-02-15,6676.462,6634.7534
8571,2022-02-16,6680.1475,6452.063
8572,2022-02-17,6664.4863,6492.4053
8573,2022-02-18,6588.9473,6645.8525
8574,2022-02-19,6276.198,6300.391
8575,2022-02-20,6253.629,6125.728
8576,2022-02-21,6665.868,6587.924
8577,2022-02-22,6703.638,6617.263
8578,2022-02-23,6683.832,6638.067
8579,2022-02-24,6653.893,6415.2485
8580,2021-12-28,6573.466,6550.1025
8581,2021-12-29,6576.692,6549.389
8582,2021-12-30,6551.814,6524.4844
8583,2021-12-31,6532.003,6268.829
8584,2022-01-01,6166.655,5824.3525
8585,2022-01-02,6085.5723,5773.3154
8586,2022-01-03,6535.688,6162.769
8587,2022-01-04,6596.9644,6336.896
8588,2022-01-05,6600.649,6497.7144
8589,2022-01-06,6585.9087,6556.6016
8590,2022-01-07,6531.084,6576.179
8591,2022-01-08,6198.9067,6262.3086
8592,2022-01-09,6119.2036,6114.0522
8593,2022-01-10,6552.275,6585.077
8594,2022-01-11,6607.5625,6584.598
8595,2022-01-12,6595.5825,6577.644
8596,2022-01-13,6578.994,6565.6304
8597,2022-01-14,6523.71,6523.569
8598,2022-01-15,6183.7026,6218.0947
8599,2022-01-16,6114.1357,6101.2817
8600,2022-01-17,6551.3525,6562.487
8601,2022-01-18,6618.6187,6537.7173
8602,2022-01-19,6626.912,6488.8696
8603,2022-01-20,6608.944,6536.92
8604,2022-01-21,6562.4106,6563.8765
8605,2022-01-22,6217.7964,6280.66
8606,2022-01-23,6149.61,6133.292
8607,2022-01-24,6587.288,6626.406
8608,2022-01-25,6649.485,6630.1963
8609,2022-01-26,6641.654,6677.717
8610,2022-01-27,6635.2036,6652.3604
8611,2022-01-28,6563.3306,6644.965
8612,2022-01-29,6224.7075,6309.009
8613,2022-01-30,6155.139,6131.7935
8614,2022-01-31,6597.4233,6265.909
8615,2022-02-01,6650.8677,5908.9185
8616,2022-02-02,6667.4546,5949.6616
8617,2022-02-03,6638.889,6456.346
8618,2022-02-04,6569.321,6584.6704
8619,2022-02-05,6222.4014,6286.3784
8620,2022-02-06,6160.669,6029.987
8621,2022-02-07,6575.3086,6448.8633
8622,2022-02-08,6625.5293,6450.566
8623,2022-02-09,6641.6533,6440.9097
8624,2022-02-10,6636.585,6285.4385
8625,2022-02-11,6567.015,6267.331
8626,2022-02-12,6255.1133,6054.2056
8627,2022-02-13,6182.322,5970.6265
8628,2022-02-14,6614.9307,6525.6577
8629,2022-02-15,6662.386,6634.7534
8630,2022-02-16,6666.0713,6452.063
8631,2022-02-17,6658.7,6492.4053
8632,2022-02-18,6585.905,6645.8525
8633,2022-02-19,6282.2954,6300.391
8634,2022-02-20,6221.4824,6125.728
8635,2022-02-21,6635.662,6587.924
8636,2022-02-22,6707.996,6617.263
8637,2022-02-23,6723.6606,6638.067
8638,2022-02-24,6706.154,6415.2485
8639,2022-02-25,6645.8013,6455.2783
8640,2021-12-29,6571.1826,6549.389
8641,2021-12-30,6575.7896,6524.4844
8642,2021-12-31,6529.7144,6268.829
8643,2022-01-01,6192.9077,5824.3525
8644,2022-01-02,6094.7686,5773.3154
8645,2022-01-03,6545.84,6162.769
8646,2022-01-04,6584.082,6336.896
8647,2022-01-05,6584.543,6497.7144
8648,2022-01-06,6577.1704,6556.6016
8649,2022-01-07,6520.0386,6576.179
8650,2022-01-08,6197.0537,6262.3086
8651,2022-01-09,6101.6787,6114.0522
8652,2022-01-10,6532.94,6585.077
8653,2022-01-11,6576.2495,6584.598
8654,2022-01-12,6586.846,6577.644
8655,2022-01-13,6601.132,6565.6304
8656,2022-01-14,6538.93,6523.569
8657,2022-01-15,6197.056,6218.0947
8658,2022-01-16,6113.66,6101.2817
8659,2022-01-17,6551.8306,6562.487
8660,2022-01-18,6582.7,6537.7173
8661,2022-01-19,6590.0713,6488.8696
8662,2022-01-20,6578.553,6536.92
8663,2022-01-21,6535.703,6563.8765
8664,2022-01-22,6219.631,6280.66
8665,2022-01-23,6114.58,6133.292
8666,2022-01-24,6556.898,6626.406
8667,2022-01-25,6605.277,6630.1963
8668,2022-01-26,6609.422,6677.717
8669,2022-01-27,6595.6,6652.3604
8670,2022-01-28,6538.006,6644.965
8671,2022-01-29,6218.7114,6309.009
8672,2022-01-30,6136.2344,6131.7935
8673,2022-01-31,6583.161,6265.909
8674,2022-02-01,6635.6855,5908.9185
8675,2022-02-02,6644.8994,5949.6616
8676,2022-02-03,6648.5854,6456.346
8677,2022-02-04,6599.7476,6584.6704
8678,2022-02-05,6278.608,6286.3784
8679,2022-02-06,6171.252,6029.987
8680,2022-02-07,6607.582,6448.8633
8681,2022-02-08,6655.496,6450.566
8682,2022-02-09,6648.127,6440.9097
8683,2022-02-10,6618.638,6285.4385
8684,2022-02-11,6576.71,6267.331
8685,2022-02-12,6265.708,6054.2056
8686,2022-02-13,6193.83,5970.6265
8687,2022-02-14,6626.9316,6525.6577
8688,2022-02-15,6672.085,6634.7534
8689,2022-02-16,6665.175,6452.063
8690,2022-02-17,6655.9575,6492.4053
8691,2022-02-18,6596.5205,6645.8525
8692,2022-02-19,6280.9126,6300.391
8693,2022-02-20,6218.7104,6125.728
8694,2022-02-21,6619.098,6587.924
8695,2022-02-22,6679.916,6617.263
8696,2022-02-23,6684.064,6638.067
8697,2022-02-24,6678.5356,6415.2485
8698,2022-02-25,6603.8926,6455.2783
8699,2022-02-26,6277.226,6133.1367
8700,2021-12-30,6570.881,6524.4844
8701,2021-12-31,6535.861,6268.829
8702,2022-01-01,6210.081,5824.3525
8703,2022-01-02,6085.208,5773.3154
8704,2022-01-03,6528.947,6162.769
8705,2022-01-04,6598.99,6336.896
8706,2022-01-05,6620.1855,6497.7144
8707,2022-01-06,6592.536,6556.6016
8708,2022-01-07,6571.8013,6576.179
8709,2022-01-08,6245.562,6262.3086
8710,2022-01-09,6145.1094,6114.0522
8711,2022-01-10,6557.9805,6585.077
8712,2022-01-11,6622.9517,6584.598
8713,2022-01-12,6615.5776,6577.644
8714,2022-01-13,6608.2056,6565.6304
8715,2022-01-14,6572.2627,6523.569
8716,2022-01-15,6258.4644,6218.0947
8717,2022-01-16,6152.4844,6101.2817
8718,2022-01-17,6572.2637,6562.487
8719,2022-01-18,6615.5776,6537.7173
8720,2022-01-19,6604.98,6488.8696
8721,2022-01-20,6608.203,6536.92
8722,2022-01-21,6538.165,6563.8765
8723,2022-01-22,6234.963,6280.66
8724,2022-01-23,6148.7944,6133.292
8725,2022-01-24,6554.7524,6626.406
8726,2022-01-25,6615.578,6630.1963
8727,2022-01-26,6622.031,6677.717
8728,2022-01-27,6620.185,6652.3604
8729,2022-01-28,6581.48,6644.965
8730,2022-01-29,6255.701,6309.009
8731,2022-01-30,6162.6206,6131.7935
8732,2022-01-31,6576.4106,6265.909
8733,2022-02-01,6643.2246,5908.9185
8734,2022-02-02,6616.038,5949.6616
8735,2022-02-03,6601.294,6456.346
8736,2022-02-04,6543.6934,6584.6704
8737,2022-02-05,6232.6577,6286.3784
8738,2022-02-06,6158.011,6029.987
8739,2022-02-07,6578.7144,6448.8633
8740,2022-02-08,6640.4595,6450.566
8741,2022-02-09,6633.55,6440.9097
8742,2022-02-10,6611.8906,6285.4385
8743,2022-02-11,6528.4873,6267.331
8744,2022-02-12,6231.2773,6054.2056
8745,2022-02-13,6166.764,5970.6265
8746,2022-02-14,6571.802,6525.6577
8747,2022-02-15,6614.194,6634.7534
8748,2022-02-16,6625.253,6452.063
8749,2022-02-17,6621.105,6492.4053
8750,2022-02-18,6549.683,6645.8525
8751,2022-02-19,6228.9746,6300.391
8752,2022-02-20,6177.3633,6125.728
8753,2022-02-21,6587.0073,6587.924
8754,2022-02-22,6643.6846,6617.263
8755,2022-02-23,6663.5005,6638.067
8756,2022-02-24,6644.145,6415.2485
8757,2022-02-25,6569.498,6455.2783
8758,2022-02-26,6263.9937,6133.1367
8759,2022-02-27,6206.395,5984.863
8760,2021-12-31,6511.83,6268.829
8761,2022-01-01,6181.422,5824.3525
8762,2022-01-02,6062.9927,5773.3154
8763,2022-01-03,6512.75,6162.769
8764,2022-01-04,6562.518,6336.896
8765,2022-01-05,6569.8926,6497.7144
8766,2022-01-06,6568.5093,6556.6016
8767,2022-01-07,6545.0073,6576.179
8768,2022-01-08,6233.495,6262.3086
8769,2022-01-09,6120.594,6114.0522
8770,2022-01-10,6557.448,6585.077
8771,2022-01-11,6614.5913,6584.598
8772,2022-01-12,6623.8086,6577.644
8773,2022-01-13,6601.228,6565.6304
8774,2022-01-14,6552.381,6523.569
8775,2022-01-15,6248.241,6218.0947
8776,2022-01-16,6156.538,6101.2817
8777,2022-01-17,6570.3525,6562.487
8778,2022-01-18,6624.73,6537.7173
8779,2022-01-19,6627.034,6488.8696
8780,2022-01-20,6636.25,6536.92
8781,2022-01-21,6581.415,6563.8765
8782,2022-01-22,6266.6743,6280.66
8783,2022-01-23,6168.518,6133.292
8784,2022-01-24,6572.1973,6626.406
8785,2022-01-25,6646.848,6630.1963
8786,2022-01-26,6668.0464,6677.717
8787,2022-01-27,6650.996,6652.3604
8788,2022-01-28,6606.757,6644.965
8789,2022-01-29,6292.0176,6309.009
8790,2022-01-30,6192.4814,6131.7935
8791,2022-01-31,6616.8955,6265.909
8792,2022-02-01,6675.88,5908.9185
8793,2022-02-02,6687.861,5949.6616
8794,2022-02-03,6666.6626,6456.346
8795,2022-02-04,6606.7583,6584.6704
8796,2022-02-05,6268.0566,6286.3784
8797,2022-02-06,6191.561,6029.987
8798,2022-02-07,6631.1807,6448.8633
8799,2022-02-08,6704.451,6450.566
8800,2022-02-09,6698.922,6440.9097
8801,2022-02-10,6692.009,6285.4385
8802,2022-02-11,6634.8677,6267.331
8803,2022-02-12,6290.634,6054.2056
8804,2022-02-13,6220.591,5970.6265
8805,2022-02-14,6633.944,6525.6577
8806,2022-02-15,6709.0586,6634.7534
8807,2022-02-16,6707.2163,6452.063
8808,2022-02-17,6692.47,6492.4053
8809,2022-02-18,6634.8657,6645.8525
8810,2022-02-19,6298.0093,6300.391
8811,2022-02-20,6222.4355,6125.728
8812,2022-02-21,6640.397,6587.924
8813,2022-02-22,6711.3623,6617.263
8814,2022-02-23,6714.588,6638.067
8815,2022-02-24,6702.1465,6415.2485
8816,2022-02-25,6648.6934,6455.2783
8817,2022-02-26,6313.677,6133.1367
8818,2022-02-27,6268.5176,5984.863
8819,2022-02-28,6668.047,6511.946
8820,2022-01-01,6035.12,5824.3525
8821,2022-01-02,6002.4043,5773.3154
8822,2022-01-03,6456.752,6162.769
8823,2022-01-04,6490.3906,6336.896
8824,2022-01-05,6492.697,6497.7144
8825,2022-01-06,6491.7754,6556.6016
8826,2022-01-07,6425.878,6576.179
8827,2022-01-08,6097.788,6262.3086
8828,2022-01-09,6031.4346,6114.0522
8829,2022-01-10,6485.3237,6585.077
8830,2022-01-11,6538.7754,6584.598
8831,2022-01-12,6543.8433,6577.644
8832,2022-01-13,6531.405,6565.6304
8833,2022-01-14,6485.324,6523.569
8834,2022-01-15,6161.84,6218.0947
8835,2022-01-16,6077.975,6101.2817
8836,2022-01-17,6515.2744,6562.487
8837,2022-01-18,6567.8066,6537.7173
8838,2022-01-19,6559.0513,6488.8696
8839,2022-01-20,6538.774,6536.92
8840,2022-01-21,6490.392,6563.8765
8841,2022-01-22,6168.7505,6280.66
8842,2022-01-23,6075.6704,6133.292
8843,2022-01-24,6513.893,6626.406
8844,2022-01-25,6568.7275,6630.1963
8845,2022-01-26,6560.4355,6677.717
8846,2022-01-27,6568.2686,6652.3604
8847,2022-01-28,6517.5796,6644.965
8848,2022-01-29,6183.038,6309.009
8849,2022-01-30,6092.2607,6131.7935
8850,2022-01-31,6525.412,6265.909
8851,2022-02-01,6583.9336,5908.9185
8852,2022-02-02,6576.1025,5949.6616
8853,2022-02-03,6556.7456,6456.346
8854,2022-02-04,6525.8735,6584.6704
8855,2022-02-05,6210.223,6286.3784
8856,2022-02-06,6125.898,6029.987
8857,2022-02-07,6562.7373,6448.8633
8858,2022-02-08,6616.652,6450.566
8859,2022-02-09,6626.326,6440.9097
8860,2022-02-10,6620.337,6285.4385
8861,2022-02-11,6547.993,6267.331
8862,2022-02-12,6225.8926,6054.2056
8863,2022-02-13,6145.2524,5970.6265
8864,2022-02-14,6571.0327,6525.6577
8865,2022-02-15,6633.701,6634.7534
8866,2022-02-16,6630.4756,6452.063
8867,2022-02-17,6608.358,6492.4053
8868,2022-02-18,6542.0015,6645.8525
8869,2022-02-19,6209.7637,6300.391
8870,2022-02-20,6127.281,6125.728
8871,2022-02-21,6547.9927,6587.924
8872,2022-02-22,6615.73,6617.263
8873,2022-02-23,6626.328,6638.067
8874,2022-02-24,6594.072,6415.2485
8875,2022-02-25,6524.0312,6455.2783
8876,2022-02-26,6224.511,6133.1367
8877,2022-02-27,6142.489,5984.863
8878,2022-02-28,6563.198,6511.946
8879,2022-03-01,6624.025,6552.6157
8880,2022-01-02,5933.551,5773.3154
8881,2022-01-03,6403.938,6162.769
8882,2022-01-04,6462.912,6336.896
8883,2022-01-05,6490.095,6497.7144
8884,2022-01-06,6467.0596,6556.6016
8885,2022-01-07,6395.649,6576.179
8886,2022-01-08,6069.0005,6262.3086
8887,2022-01-09,6032.6045,6114.0522
8888,2022-01-10,6457.384,6585.077
8889,2022-01-11,6508.062,6584.598
8890,2022-01-12,6511.748,6577.644
8891,2022-01-13,6515.4336,6565.6304
8892,2022-01-14,6456.462,6523.569
8893,2022-01-15,6136.265,6218.0947
8894,2022-01-16,6074.5293,6101.2817
8895,2022-01-17,6500.2305,6562.487
8896,2022-01-18,6532.4805,6537.7173
8897,2022-01-19,6543.996,6488.8696
8898,2022-01-20,6524.188,6536.92
8899,2022-01-21,6457.8433,6563.8765
8900,2022-01-22,6130.275,6280.66
8901,2022-01-23,6074.989,6133.292
8902,2022-01-24,6517.7373,6626.406
8903,2022-01-25,6554.1333,6630.1963
8904,2022-01-26,6555.9756,6677.717
8905,2022-01-27,6536.6274,6652.3604
8906,2022-01-28,6464.755,6644.965
8907,2022-01-29,6148.2427,6309.009
8908,2022-01-30,6099.4087,6131.7935
8909,2022-01-31,6526.0317,6265.909
8910,2022-02-01,6579.4727,5908.9185
8911,2022-02-02,6567.4956,5949.6616
8912,2022-02-03,6520.0396,6456.346
8913,2022-02-04,6436.6533,6584.6704
8914,2022-02-05,6138.569,6286.3784
8915,2022-02-06,6094.34,6029.987
8916,2022-02-07,6501.1504,6448.8633
8917,2022-02-08,6564.7295,6450.566
8918,2022-02-09,6553.2124,6440.9097
8919,2022-02-10,6547.2217,6285.4385
8920,2022-02-11,6460.608,6267.331
8921,2022-02-12,6155.1533,6054.2056
8922,2022-02-13,6116.4546,5970.6265
8923,2022-02-14,6552.291,6525.6577
8924,2022-02-15,6605.7324,6634.7534
8925,2022-02-16,6588.686,6452.063
8926,2022-02-17,6573.483,6492.4053
8927,2022-02-18,6477.195,6645.8525
8928,2022-02-19,6157.92,6300.391
8929,2022-02-20,6140.4126,6125.728
8930,2022-02-21,6531.558,6587.924
8931,2022-02-22,6585.9233,6617.263
8932,2022-02-23,6597.44,6638.067
8933,2022-02-24,6558.7407,6415.2485
8934,2022-02-25,6487.3276,6455.2783
8935,2022-02-26,6176.8086,6133.1367
8936,2022-02-27,6153.773,5984.863
8937,2022-02-28,6566.1133,6511.946
8938,2022-03-01,6614.0264,6552.6157
8939,2022-03-02,6627.85,6556.565
8940,2022-01-03,6357.6636,6162.769
8941,2022-01-04,6429.5273,6336.896
8942,2022-01-05,6427.225,6497.7144
8943,2022-01-06,6418.9326,6556.6016
8944,2022-01-07,6392.216,6576.179
8945,2022-01-08,6031.053,6262.3086
8946,2022-01-09,5972.087,6114.0522
8947,2022-01-10,6429.989,6585.077
8948,2022-01-11,6484.8096,6584.598
8949,2022-01-12,6490.339,6577.644
8950,2022-01-13,7370.2124,6565.6304
8951,2022-01-14,6452.102,6523.569
8952,2022-01-15,6097.8496,6218.0947
8953,2022-01-16,6021.8423,6101.2817
8954,2022-01-17,6472.832,6562.487
8955,2022-01-18,6533.179,6537.7173
8956,2022-01-19,6519.36,6488.8696
8957,2022-01-20,6521.203,6536.92
8958,2022-01-21,6473.753,6563.8765
8959,2022-01-22,6116.2783,6280.66
8960,2022-01-23,6055.4688,6133.292
8961,2022-01-24,6470.5283,6626.406
8962,2022-01-25,6543.313,6630.1963
8963,2022-01-26,6548.3813,6677.717
8964,2022-01-27,6548.8433,6652.3604
8965,2022-01-28,6473.2925,6644.965
8966,2022-01-29,6128.256,6309.009
8967,2022-01-30,6083.11,6131.7935
8968,2022-01-31,6524.8857,6265.909
8969,2022-02-01,6580.1675,5908.9185
8970,2022-02-02,6596.7505,5949.6616
8971,2022-02-03,6587.5376,6456.346
8972,2022-02-04,6507.3823,6584.6704
8973,2022-02-05,6170.174,6286.3784
8974,2022-02-06,6114.895,6029.987
8975,2022-02-07,6563.585,6448.8633
8976,2022-02-08,6602.741,6450.566
8977,2022-02-09,6605.504,6440.9097
8978,2022-02-10,6605.504,6285.4385
8979,2022-02-11,6533.1807,6267.331
8980,2022-02-12,6186.299,6054.2056
8981,2022-02-13,6113.053,5970.6265
8982,2022-02-14,6566.3486,6525.6577
8983,2022-02-15,6615.1787,6634.7534
8984,2022-02-16,6615.6406,6452.063
8985,2022-02-17,6599.517,6492.4053
8986,2022-02-18,6524.889,6645.8525
8987,2022-02-19,6177.5464,6300.391
8988,2022-02-20,6126.8706,6125.728
8989,2022-02-21,6576.4824,6587.924
8990,2022-02-22,6618.4033,6617.263
8991,2022-02-23,6631.302,6638.067
8992,2022-02-24,6604.583,6415.2485
8993,2022-02-25,6542.3936,6455.2783
8994,2022-02-26,6220.3867,6133.1367
8995,2022-02-27,6136.547,5984.863
8996,2022-02-28,6582.0083,6511.946
8997,2022-03-01,6634.065,6552.6157
8998,2022-03-02,6628.5386,6556.565
8999,2022-03-03,6619.787,6520.5806
9000,2022-01-04,6401.412,6336.896
9001,2022-01-05,6428.1333,6497.7144
9002,2022-01-06,6412.931,6556.6016
9003,2022-01-07,6379.759,6576.179
9004,2022-01-08,6052.2036,6262.3086
9005,2022-01-09,5968.355,6114.0522
9006,2022-01-10,6417.076,6585.077
9007,2022-01-11,6477.4277,6584.598
9008,2022-01-12,6480.6533,6577.644
9009,2022-01-13,6471.439,6565.6304
9010,2022-01-14,6442.415,6523.569
9011,2022-01-15,6126.3735,6218.0947
9012,2022-01-16,6036.54,6101.2817
9013,2022-01-17,6494.013,6562.487
9014,2022-01-18,6541.004,6537.7173
9015,2022-01-19,6531.3296,6488.8696
9016,2022-01-20,6515.2056,6536.92
9017,2022-01-21,6474.2026,6563.8765
9018,2022-01-22,6167.838,6280.66
9019,2022-01-23,6055.889,6133.292
9020,2022-01-24,6494.013,6626.406
9021,2022-01-25,6547.4546,6630.1963
9022,2022-01-26,6552.5225,6677.717
9023,2022-01-27,6525.801,6652.3604
9024,2022-01-28,6484.799,6644.965
9025,2022-01-29,6173.365,6309.009
9026,2022-01-30,6083.991,6131.7935
9027,2022-01-31,6537.78,6265.909
9028,2022-02-01,6608.268,5908.9185
9029,2022-02-02,6604.12,5949.6616
9030,2022-02-03,6567.7246,6456.346
9031,2022-02-04,6525.3394,6584.6704
9032,2022-02-05,6179.815,6286.3784
9033,2022-02-06,6118.083,6029.987
9034,2022-02-07,6550.2183,6448.8633
9035,2022-02-08,6589.8374,6450.566
9036,2022-02-09,6593.9844,6440.9097
9037,2022-02-10,6570.029,6285.4385
9038,2022-02-11,6511.98,6267.331
9039,2022-02-12,6158.6226,6054.2056
9040,2022-02-13,6102.4194,5970.6265
9041,2022-02-14,6532.252,6525.6577
9042,2022-02-15,6587.9976,6634.7534
9043,2022-02-16,6598.131,6452.063
9044,2022-02-17,6582.0073,6492.4053
9045,2022-02-18,6517.0483,6645.8525
9046,2022-02-19,6177.9727,6300.391
9047,2022-02-20,6102.4194,6125.728
9048,2022-02-21,6553.9043,6587.924
9049,2022-02-22,6594.9077,6617.263
9050,2022-02-23,6590.2993,6638.067
9051,2022-02-24,6567.2656,6415.2485
9052,2022-02-25,6508.293,6455.2783
9053,2022-02-26,6185.3467,6133.1367
9054,2022-02-27,6136.511,5984.863
9055,2022-02-28,6567.7246,6511.946
9056,2022-03-01,6615.1763,6552.6157
9057,2022-03-02,6641.8945,6556.565
9058,2022-03-03,6610.109,6520.5806
9059,2022-03-04,6528.5664,6591.069
9060,2022-01-05,6445.3174,6497.7144
9061,2022-01-06,6452.6895,6556.6016
9062,2022-01-07,6397.8594,6576.179
9063,2022-01-08,6089.6235,6262.3086
9064,2022-01-09,6001.6206,6114.0522
9065,2022-01-10,6432.4175,6585.077
9066,2022-01-11,6499.6846,6584.598
9067,2022-01-12,6499.683,6577.644
9068,2022-01-13,6505.6724,6565.6304
9069,2022-01-14,6468.355,6523.569
9070,2022-01-15,6143.0684,6218.0947
9071,2022-01-16,6050.922,6101.2817
9072,2022-01-17,6467.891,6562.487
9073,2022-01-18,6527.33,6537.7173
9074,2022-01-19,6539.7676,6488.8696
9075,2022-01-20,6531.4746,6536.92
9076,2022-01-21,6478.4893,6563.8765
9077,2022-01-22,6145.3726,6280.66
9078,2022-01-23,6059.2144,6133.292
9079,2022-01-24,6491.3887,6626.406
9080,2022-01-25,6556.8164,6630.1963
9081,2022-01-26,6550.8257,6677.717
9082,2022-01-27,6544.839,6652.3604
9083,2022-01-28,6480.795,6644.965
9084,2022-01-29,6153.207,6309.009
9085,2022-01-30,6079.487,6131.7935
9086,2022-01-31,6522.26,6265.909
9087,2022-02-01,6593.675,5908.9185
9088,2022-02-02,6601.049,5949.6616
9089,2022-02-03,6574.325,6456.346
9090,2022-02-04,6505.6724,6584.6704
9091,2022-02-05,6177.163,6286.3784
9092,2022-02-06,6097.917,6029.987
9093,2022-02-07,6515.8096,6448.8633
9094,2022-02-08,6588.608,6450.566
9095,2022-02-09,6590.449,6440.9097
9096,2022-02-10,6578.9307,6285.4385
9097,2022-02-11,6503.3667,6267.331
9098,2022-02-12,6175.783,6054.2056
9099,2022-02-13,6094.692,5970.6265
9100,2022-02-14,6525.4844,6525.6577
9101,2022-02-15,6597.8223,6634.7534
9102,2022-02-16,6597.824,6452.063
9103,2022-02-17,6566.4937,6492.4053
9104,2022-02-18,6499.6836,6645.8525
9105,2022-02-19,6179.007,6300.391
9106,2022-02-20,6131.092,6125.728
9107,2022-02-21,6549.9062,6587.924
9108,2022-02-22,6624.543,6617.263
9109,2022-02-23,6609.341,6638.067
9110,2022-02-24,6583.5386,6415.2485
9111,2022-02-25,6512.1226,6455.2783
9112,2022-02-26,6190.064,6133.1367
9113,2022-02-27,6143.9937,5984.863
9114,2022-02-28,6556.3545,6511.946
9115,2022-03-01,6620.859,6552.6157
9116,2022-03-02,6630.0737,6556.565
9117,2022-03-03,6595.056,6520.5806
9118,2022-03-04,6529.6313,6591.069
9119,2022-03-05,6219.553,6267.2925
9120,2022-01-06,6511.888,6556.6016
9121,2022-01-07,6500.828,6576.179
9122,2022-01-08,6178.7812,6262.3086
9123,2022-01-09,6075.1206,6114.0522
9124,2022-01-10,6491.6143,6585.077
9125,2022-01-11,6557.038,6584.598
9126,2022-01-12,6539.9907,6577.644
9127,2022-01-13,6542.294,6565.6304
9128,2022-01-14,6524.7856,6523.569
9129,2022-01-15,6217.4824,6218.0947
9130,2022-01-16,6097.233,6101.2817
9131,2022-01-17,6522.4814,6562.487
9132,2022-01-18,6576.8467,6537.7173
9133,2022-01-19,6580.072,6488.8696
9134,2022-01-20,6563.948,6536.92
9135,2022-01-21,6525.247,6563.8765
9136,2022-01-22,6188.458,6280.66
9137,2022-01-23,6087.0986,6133.292
9138,2022-01-24,6537.6875,6626.406
9139,2022-01-25,6578.69,6630.1963
9140,2022-01-26,6578.2285,6677.717
9141,2022-01-27,6567.6343,6652.3604
9142,2022-01-28,6512.3467,6644.965
9143,2022-01-29,6200.8936,6309.009
9144,2022-01-30,6114.7417,6131.7935
9145,2022-01-31,6562.1045,6265.909
9146,2022-02-01,6628.4487,5908.9185
9147,2022-02-02,6619.2344,5949.6616
9148,2022-02-03,6576.8477,6456.346
9149,2022-02-04,6514.65,6584.6704
9150,2022-02-05,6166.3433,6286.3784
9151,2022-02-06,6098.6157,6029.987
9152,2022-02-07,6545.9795,6448.8633
9153,2022-02-08,6613.2456,6450.566
9154,2022-02-09,6613.246,6440.9097
9155,2022-02-10,6608.177,6285.4385
9156,2022-02-11,6545.0596,6267.331
9157,2022-02-12,6205.9644,6054.2056
9158,2022-02-13,6125.799,5970.6265
9159,2022-02-14,6558.879,6525.6577
9160,2022-02-15,6605.412,6634.7534
9161,2022-02-16,6594.3555,6452.063
9162,2022-02-17,6584.22,6492.4053
9163,2022-02-18,6534.924,6645.8525
9164,2022-02-19,6210.111,6300.391
9165,2022-02-20,6135.933,6125.728
9166,2022-02-21,6554.733,6587.924
9167,2022-02-22,6624.302,6617.263
9168,2022-02-23,6620.6157,6638.067
9169,2022-02-24,6607.254,6415.2485
9170,2022-02-25,6546.4375,6455.2783
9171,2022-02-26,6226.235,6133.1367
9172,2022-02-27,6154.8257,5984.863
9173,2022-02-28,6568.555,6511.946
9174,2022-03-01,6635.821,6552.6157
9175,2022-03-02,6642.73,6556.565
9176,2022-03-03,6621.538,6520.5806
9177,2022-03-04,6553.351,6591.069
9178,2022-03-05,6240.52,6267.2925
9179,2022-03-06,6185.694,6072.3906
9180,2022-01-07,6522.8276,6576.179
9181,2022-01-08,6220.116,6262.3086
9182,2022-01-09,6057.4717,6114.0522
9183,2022-01-10,6445.8833,6585.077
9184,2022-01-11,6544.9443,6584.598
9185,2022-01-12,6542.641,6577.644
9186,2022-01-13,6525.5923,6565.6304
9187,2022-01-14,6483.2046,6523.569
9188,2022-01-15,6183.256,6218.0947
9189,2022-01-16,6070.833,6101.2817
9190,2022-01-17,6455.0996,6562.487
9191,2022-01-18,6556.002,6537.7173
9192,2022-01-19,6556.924,6488.8696
9193,2022-01-20,6529.74,6536.92
9194,2022-01-21,6491.4976,6563.8765
9195,2022-01-22,6169.4346,6280.66
9196,2022-01-23,6045.0327,6133.292
9197,2022-01-24,6454.176,6626.406
9198,2022-01-25,6538.9536,6630.1963
9199,2022-01-26,6564.2954,6677.717
9200,2022-01-27,6554.159,6652.3604
9201,2022-01-28,6495.6445,6644.965
9202,2022-01-29,6173.122,6309.009
9203,2022-01-30,6070.8325,6131.7935
9204,2022-01-31,6480.439,6265.909
9205,2022-02-01,6582.726,5908.9185
9206,2022-02-02,6592.8613,5949.6616
9207,2022-02-03,6558.767,6456.346
9208,2022-02-04,6486.889,6584.6704
9209,2022-02-05,6180.0327,6286.3784
9210,2022-02-06,6076.823,6029.987
9211,2022-02-07,6468.9214,6448.8633
9212,2022-02-08,6546.787,6450.566
9213,2022-02-09,6563.835,6440.9097
9214,2022-02-10,6555.5405,6285.4385
9215,2022-02-11,6504.3975,6267.331
9216,2022-02-12,6193.3926,6054.2056
9217,2022-02-13,6102.163,5970.6265
9218,2022-02-14,6509.927,6525.6577
9219,2022-02-15,6597.469,6634.7534
9220,2022-02-16,6610.3687,6452.063
9221,2022-02-17,6592.402,6492.4053
9222,2022-02-18,6543.1,6645.8525
9223,2022-02-19,6227.4893,6300.391
9224,2022-02-20,6145.4756,6125.728
9225,2022-02-21,6541.7188,6587.924
9226,2022-02-22,6646.7705,6617.263
9227,2022-02-23,6639.3975,6638.067
9228,2022-02-24,6626.035,6415.2485
9229,2022-02-25,6574.8926,6455.2783
9230,2022-02-26,6271.7217,6133.1367
9231,2022-02-27,6181.8735,5984.863
9232,2022-02-28,6544.483,6511.946
9233,2022-03-01,6625.1143,6552.6157
9234,2022-03-02,6641.7007,6556.565
9235,2022-03-03,6611.29,6520.5806
9236,2022-03-04,6548.6294,6591.069
9237,2022-03-05,6237.6245,6267.2925
9238,2022-03-06,6161.142,6072.3906
9239,2022-03-07,6562.4517,6556.843
9240,2022-01-08,6232.703,6262.3086
9241,2022-01-09,6070.5015,6114.0522
9242,2022-01-10,6459.4136,6585.077
9243,2022-01-11,6558.484,6584.598
9244,2022-01-12,6570.464,6577.644
9245,2022-01-13,6571.8457,6565.6304
9246,2022-01-14,6528.0713,6523.569
9247,2022-01-15,6219.8,6218.0947
9248,2022-01-16,6090.7773,6101.2817
9249,2022-01-17,6492.5894,6562.487
9250,2022-01-18,6570.004,6537.7173
9251,2022-01-19,6585.6704,6488.8696
9252,2022-01-20,6580.6025,6536.92
9253,2022-01-21,6552.9556,6563.8765
9254,2022-01-22,6229.476,6280.66
9255,2022-01-23,6072.806,6133.292
9256,2022-01-24,6500.4243,6626.406
9257,2022-01-25,6593.044,6630.1963
9258,2022-01-26,6611.9355,6677.717
9259,2022-01-27,6599.0337,6652.3604
9260,2022-01-28,6548.3457,6644.965
9261,2022-01-29,6235.467,6309.009
9262,2022-01-30,6111.0537,6131.7935
9263,2022-01-31,6524.384,6265.909
9264,2022-02-01,6621.6123,5908.9185
9265,2022-02-02,6622.5337,5949.6616
9266,2022-02-03,6594.426,6456.346
9267,2022-02-04,6534.984,6584.6704
9268,2022-02-05,6242.8394,6286.3784
9269,2022-02-06,6143.7686,6029.987
9270,2022-02-07,6523.0024,6448.8633
9271,2022-02-08,6612.8594,6450.566
9272,2022-02-09,6620.23,6440.9097
9273,2022-02-10,6616.0854,6285.4385
9274,2022-02-11,6567.2383,6267.331
9275,2022-02-12,6262.1924,6054.2056
9276,2022-02-13,6154.8267,5970.6265
9277,2022-02-14,6546.964,6525.6577
9278,2022-02-15,6614.7007,6634.7534
9279,2022-02-16,6628.5254,6452.063
9280,2022-02-17,6634.5137,6492.4053
9281,2022-02-18,6564.473,6645.8525
9282,2022-02-19,6240.0757,6300.391
9283,2022-02-20,6168.192,6125.728
9284,2022-02-21,6561.2485,6587.924
9285,2022-02-22,6628.9883,6617.263
9286,2022-02-23,6626.2227,6638.067
9287,2022-02-24,6633.134,6415.2485
9288,2022-02-25,6578.3,6455.2783
9289,2022-02-26,6264.957,6133.1367
9290,2022-02-27,6187.545,5984.863
9291,2022-02-28,6583.826,6511.946
9292,2022-03-01,6666.7695,6552.6157
9293,2022-03-02,6687.9688,6556.565
9294,2022-03-03,6699.0264,6520.5806
9295,2022-03-04,6628.9863,6591.069
9296,2022-03-05,6313.8013,6267.2925
9297,2022-03-06,6235.4663,6072.3906
9298,2022-03-07,6617.925,6556.843
9299,2022-03-08,6692.114,6563.279
9300,2022-01-09,6071.6895,6114.0522
9301,2022-01-10,6507.6206,6585.077
9302,2022-01-11,6566.605,6584.598
9303,2022-01-12,6573.058,6577.644
9304,2022-01-13,6567.5273,6565.6304
9305,2022-01-14,6534.8086,6523.569
9306,2022-01-15,6197.4937,6218.0947
9307,2022-01-16,6083.2095,6101.2817
9308,2022-01-17,6526.975,6562.487
9309,2022-01-18,6601.6274,6537.7173
9310,2022-01-19,6608.541,6488.8696
9311,2022-01-20,6604.391,6536.92
9312,2022-01-21,6560.1543,6563.8765
9313,2022-01-22,6211.7773,6280.66
9314,2022-01-23,6122.842,6133.292
9315,2022-01-24,6554.1636,6626.406
9316,2022-01-25,6605.775,6630.1963
9317,2022-01-26,6605.315,6677.717
9318,2022-01-27,6601.6294,6652.3604
9319,2022-01-28,6547.252,6644.965
9320,2022-01-29,6219.152,6309.009
9321,2022-01-30,6116.851,6131.7935
9322,2022-01-31,6559.6934,6265.909
9323,2022-02-01,6624.668,5908.9185
9324,2022-02-02,6622.825,5949.6616
9325,2022-02-03,6594.257,6456.346
9326,2022-02-04,6524.672,6584.6704
9327,2022-02-05,6213.623,6286.3784
9328,2022-02-06,6132.5195,6029.987
9329,2022-02-07,6552.7812,6448.8633
9330,2022-02-08,6632.9644,6450.566
9331,2022-02-09,6637.571,6440.9097
9332,2022-02-10,6628.3555,6285.4385
9333,2022-02-11,6570.756,6267.331
9334,2022-02-12,6234.36,6054.2056
9335,2022-02-13,6151.411,5970.6265
9336,2022-02-14,6573.9785,6525.6577
9337,2022-02-15,6642.1787,6634.7534
9338,2022-02-16,6633.4233,6452.063
9339,2022-02-17,6640.337,6492.4053
9340,2022-02-18,6594.2544,6645.8525
9341,2022-02-19,6255.5557,6300.391
9342,2022-02-20,6187.8154,6125.728
9343,2022-02-21,6633.425,6587.924
9344,2022-02-22,6684.114,6617.263
9345,2022-02-23,6683.1914,6638.067
9346,2022-02-24,6656.0044,6415.2485
9347,2022-02-25,6592.4106,6455.2783
9348,2022-02-26,6276.7544,6133.1367
9349,2022-02-27,6220.073,5984.863
9350,2022-02-28,6633.885,6511.946
9351,2022-03-01,6691.027,6552.6157
9352,2022-03-02,6685.035,6556.565
9353,2022-03-03,6667.0664,6520.5806
9354,2022-03-04,6614.9907,6591.069
9355,2022-03-05,6304.4023,6267.2925
9356,2022-03-06,6249.5654,6072.3906
9357,2022-03-07,6678.5845,6556.843
9358,2022-03-08,6726.969,6563.279
9359,2022-03-09,6717.293,6613.21
9360,2022-01-10,6477.3706,6585.077
9361,2022-01-11,6559.405,6584.598
9362,2022-01-12,6561.709,6577.644
9363,2022-01-13,6545.5796,6565.6304
9364,2022-01-14,6495.8066,6523.569
9365,2022-01-15,6194.4062,6218.0947
9366,2022-01-16,6097.6265,6101.2817
9367,2022-01-17,6525.3013,6562.487
9368,2022-01-18,6583.8296,6537.7173
9369,2022-01-19,6596.7344,6488.8696
9370,2022-01-20,6591.6646,6536.92
9371,2022-01-21,6551.11,6563.8765
9372,2022-01-22,6217.911,6280.66
9373,2022-01-23,6117.904,6133.292
9374,2022-01-24,6529.9087,6626.406
9375,2022-01-25,6584.7515,6630.1963
9376,2022-01-26,6594.891,6677.717
9377,2022-01-27,6583.3687,6652.3604
9378,2022-01-28,6541.8926,6644.965
9379,2022-01-29,6222.5176,6309.009
9380,2022-01-30,6106.38,6131.7935
9381,2022-01-31,6542.353,6265.909
9382,2022-02-01,6605.4893,5908.9185
9383,2022-02-02,6612.405,5949.6616
9384,2022-02-03,6601.8037,6456.346
9385,2022-02-04,6535.9023,6584.6704
9386,2022-02-05,6213.3027,6286.3784
9387,2022-02-06,6153.388,6029.987
9388,2022-02-07,6582.4473,6448.8633
9389,2022-02-08,6622.5425,6450.566
9390,2022-02-09,6628.993,6440.9097
9391,2022-02-10,6612.404,6285.4385
9392,2022-02-11,6559.4062,6267.331
9393,2022-02-12,6247.4023,6054.2056
9394,2022-02-13,6149.703,5970.6265
9395,2022-02-14,6582.909,6525.6577
9396,2022-02-15,6642.36,6634.7534
9397,2022-02-16,6649.2715,6452.063
9398,2022-02-17,6613.785,6492.4053
9399,2022-02-18,6583.832,6645.8525
9400,2022-02-19,6254.7793,6300.391
9401,2022-02-20,6176.431,6125.728
9402,2022-02-21,6594.8906,6587.924
9403,2022-02-22,6661.715,6617.263
9404,2022-02-23,6672.3154,6638.067
9405,2022-02-24,6646.9688,6415.2485
9406,2022-02-25,6595.814,6455.2783
9407,2022-02-26,6270.9077,6133.1367
9408,2022-02-27,6194.4062,5984.863
9409,2022-02-28,6630.8374,6511.946
9410,2022-03-01,6677.386,6552.6157
9411,2022-03-02,6687.523,6556.565
9412,2022-03-03,6656.1875,6520.5806
9413,2022-03-04,6603.1875,6591.069
9414,2022-03-05,6268.603,6267.2925
9415,2022-03-06,6210.075,6072.3906
9416,2022-03-07,6629.456,6556.843
9417,2022-03-08,6681.07,6563.279
9418,2022-03-09,6697.201,6613.21
9419,2022-03-10,6682.9146,6538.1963
9420,2022-01-11,6630.415,6584.598
9421,2022-01-12,6614.281,6577.644
9422,2022-01-13,6582.933,6565.6304
9423,2022-01-14,6555.737,6523.569
9424,2022-01-15,6218.7515,6218.0947
9425,2022-01-16,6127.938,6101.2817
9426,2022-01-17,6545.1323,6562.487
9427,2022-01-18,6597.685,6537.7173
9428,2022-01-19,6621.6543,6488.8696
9429,2022-01-20,6620.734,6536.92
9430,2022-01-21,6580.628,6563.8765
9431,2022-01-22,6242.2627,6280.66
9432,2022-01-23,6158.3613,6133.292
9433,2022-01-24,6576.9404,6626.406
9434,2022-01-25,6618.891,6630.1963
9435,2022-01-26,6617.5093,6677.717
9436,2022-01-27,6609.6724,6652.3604
9437,2022-01-28,6547.899,6644.965
9438,2022-01-29,6224.743,6309.009
9439,2022-01-30,6130.2427,6131.7935
9440,2022-01-31,6562.652,6265.909
9441,2022-02-01,6618.428,5908.9185
9442,2022-02-02,6621.6567,5949.6616
9443,2022-02-03,6623.5015,6456.346
9444,2022-02-04,6553.429,6584.6704
9445,2022-02-05,6218.293,6286.3784
9446,2022-02-06,6157.9014,6029.987
9447,2022-02-07,6589.8486,6448.8633
9448,2022-02-08,6627.6475,6450.566
9449,2022-02-09,6635.947,6440.9097
9450,2022-02-10,6622.581,6285.4385
9451,2022-02-11,6570.948,6267.331
9452,2022-02-12,6227.9717,6054.2056
9453,2022-02-13,6160.207,5970.6265
9454,2022-02-14,6585.699,6525.6577
9455,2022-02-15,6641.4805,6634.7534
9456,2022-02-16,6646.5513,6452.063
9457,2022-02-17,6639.1743,6492.4053
9458,2022-02-18,6576.017,6645.8525
9459,2022-02-19,6245.0283,6300.391
9460,2022-02-20,6173.574,6125.728
9461,2022-02-21,6608.748,6587.924
9462,2022-02-22,6672.8276,6617.263
9463,2022-02-23,6698.643,6638.067
9464,2022-02-24,6670.0605,6415.2485
9465,2022-02-25,6589.388,6455.2783
9466,2022-02-26,6286.978,6133.1367
9467,2022-02-27,6223.36,5984.863
9468,2022-02-28,6631.337,6511.946
9469,2022-03-01,6692.6494,6552.6157
9470,2022-03-02,6702.3296,6556.565
9471,2022-03-03,6686.197,6520.5806
9472,2022-03-04,6611.515,6591.069
9473,2022-03-05,6291.589,6267.2925
9474,2022-03-06,6239.497,6072.3906
9475,2022-03-07,6641.018,6556.843
9476,2022-03-08,6693.571,6563.279
9477,2022-03-09,6700.487,6613.21
9478,2022-03-10,6688.9595,6538.1963
9479,2022-03-11,6609.21,6596.886
9480,2022-01-12,6593.0195,6577.644
9481,2022-01-13,6581.0337,6565.6304
9482,2022-01-14,6560.747,6523.569
9483,2022-01-15,6214.5015,6218.0947
9484,2022-01-16,6096.9336,6101.2817
9485,2022-01-17,6512.799,6562.487
9486,2022-01-18,6572.2754,6537.7173
9487,2022-01-19,6602.705,6488.8696
9488,2022-01-20,6586.1074,6536.92
9489,2022-01-21,6561.6694,6563.8765
9490,2022-01-22,6219.5713,6280.66
9491,2022-01-23,6108.459,6133.292
9492,2022-01-24,6532.6226,6626.406
9493,2022-01-25,6611.9243,6630.1963
9494,2022-01-26,6624.8354,6677.717
9495,2022-01-27,6594.405,6652.3604
9496,2022-01-28,6560.287,6644.965
9497,2022-01-29,6219.5737,6309.009
9498,2022-01-30,6112.147,6131.7935
9499,2022-01-31,6533.087,6265.909
9500,2022-02-01,6591.18,5908.9185
9501,2022-02-02,6604.0854,5949.6616
9502,2022-02-03,6588.4106,6456.346
9503,2022-02-04,6556.139,6584.6704
9504,2022-02-05,6244.007,6286.3784
9505,2022-02-06,6166.551,6029.987
9506,2022-02-07,6569.0474,6448.8633
9507,2022-02-08,6616.995,6450.566
9508,2022-02-09,6620.685,6440.9097
9509,2022-02-10,6617.918,6285.4385
9510,2022-02-11,6563.5137,6267.331
9511,2022-02-12,6222.339,6054.2056
9512,2022-02-13,6142.576,5970.6265
9513,2022-02-14,6563.514,6525.6577
9514,2022-02-15,6631.2886,6634.7534
9515,2022-02-16,6623.912,6452.063
9516,2022-02-17,6612.3867,6492.4053
9517,2022-02-18,6549.2236,6645.8525
9518,2022-02-19,6235.7104,6300.391
9519,2022-02-20,6163.3237,6125.728
9520,2022-02-21,6587.949,6587.924
9521,2022-02-22,6665.4087,6617.263
9522,2022-02-23,6682.4663,6638.067
9523,2022-02-24,6660.7974,6415.2485
9524,2022-02-25,6590.716,6455.2783
9525,2022-02-26,6275.8193,6133.1367
9526,2022-02-27,6218.1895,5984.863
9527,2022-02-28,6637.284,6511.946
9528,2022-03-01,6700.9067,6552.6157
9529,2022-03-02,6717.5044,6556.565
9530,2022-03-03,6701.8296,6520.5806
9531,2022-03-04,6628.986,6591.069
9532,2022-03-05,6303.484,6267.2925
9533,2022-03-06,6260.607,6072.3906
9534,2022-03-07,6683.848,6556.843
9535,2022-03-08,6750.2393,6563.279
9536,2022-03-09,6748.3965,6613.21
9537,2022-03-10,6716.122,6538.1963
9538,2022-03-11,6648.8096,6596.886
9539,2022-03-12,6332.0684,6260.308
9540,2022-01-13,6582.906,6565.6304
9541,2022-01-14,6549.707,6523.569
9542,2022-01-15,6237.0674,6218.0947
9543,2022-01-16,6112.5674,6101.2817
9544,2022-01-17,6532.185,6562.487
9545,2022-01-18,6614.2637,6537.7173
9546,2022-01-19,6615.647,6488.8696
9547,2022-01-20,6595.819,6536.92
9548,2022-01-21,6563.5386,6563.8765
9549,2022-01-22,6220.4673,6280.66
9550,2022-01-23,6098.272,6133.292
9551,2022-01-24,6523.4233,6626.406
9552,2022-01-25,6573.6826,6630.1963
9553,2022-01-26,6579.217,6677.717
9554,2022-01-27,6553.8555,6652.3604
9555,2022-01-28,6502.2095,6644.965
9556,2022-01-29,6195.1064,6309.009
9557,2022-01-30,6091.3564,6131.7935
9558,2022-01-31,6504.514,6265.909
9559,2022-02-01,6557.5444,5908.9185
9560,2022-02-02,6551.55,5949.6616
9561,2022-02-03,6534.9517,6456.346
9562,2022-02-04,6477.311,6584.6704
9563,2022-02-05,6177.584,6286.3784
9564,2022-02-06,6080.288,6029.987
9565,2022-02-07,6486.994,6448.8633
9566,2022-02-08,6565.845,6450.566
9567,2022-02-09,6555.2383,6440.9097
9568,2022-02-10,6526.65,6285.4385
9569,2022-02-11,6464.399,6267.331
9570,2022-02-12,6159.14,6054.2056
9571,2022-02-13,6072.4487,5970.6265
9572,2022-02-14,6508.2056,6525.6577
9573,2022-02-15,6553.395,6634.7534
9574,2022-02-16,6556.6245,6452.063
9575,2022-02-17,6538.64,6492.4053
9576,2022-02-18,6501.75,6645.8525
9577,2022-02-19,6175.7373,6300.391
9578,2022-02-20,6095.044,6125.728
9579,2022-02-21,6511.8936,6587.924
9580,2022-02-22,6583.3667,6617.263
9581,2022-02-23,6595.355,6638.067
9582,2022-02-24,6586.596,6415.2485
9583,2022-02-25,6540.945,6455.2783
9584,2022-02-26,6232.457,6133.1367
9585,2022-02-27,6141.1567,5984.863
9586,2022-02-28,6555.7,6511.946
9587,2022-03-01,6626.714,6552.6157
9588,2022-03-02,6626.25,6556.565
9589,2022-03-03,6615.645,6520.5806
9590,2022-03-04,6573.6826,6591.069
9591,2022-03-05,6273.958,6267.2925
9592,2022-03-06,6193.261,6072.3906
9593,2022-03-07,6586.5938,6556.843
9594,2022-03-08,6655.7617,6563.279
9595,2022-03-09,6651.6133,6613.21
9596,2022-03-10,6633.627,6538.1963
9597,2022-03-11,6577.8345,6596.886
9598,2022-03-12,6267.04,6260.308
9599,2022-03-13,6177.1226,6143.8823
9600,2022-01-14,6496.5737,6523.569
9601,2022-01-15,6153.4604,6218.0947
9602,2022-01-16,6066.759,6101.2817
9603,2022-01-17,6485.507,6562.487
9604,2022-01-18,6549.6113,6537.7173
9605,2022-01-19,6539.928,6488.8696
9606,2022-01-20,6532.547,6536.92
9607,2022-01-21,6513.6387,6563.8765
9608,2022-01-22,6203.267,6280.66
9609,2022-01-23,6096.273,6133.292
9610,2022-01-24,6519.6343,6626.406
9611,2022-01-25,6572.2075,6630.1963
9612,2022-01-26,6585.1206,6677.717
9613,2022-01-27,6557.4507,6652.3604
9614,2022-01-28,6500.727,6644.965
9615,2022-01-29,6187.5854,6309.009
9616,2022-01-30,6080.594,6131.7935
9617,2022-01-31,6506.2583,6265.909
9618,2022-02-01,6564.8296,5908.9185
9619,2022-02-02,6553.7617,5949.6616
9620,2022-02-03,6549.609,6456.346
9621,2022-02-04,6504.8774,6584.6704
9622,2022-02-05,7061.976,6286.3784
9623,2022-02-06,6101.346,6029.987
9624,2022-02-07,6534.391,6448.8633
9625,2022-02-08,6606.795,6450.566
9626,2022-02-09,6623.3994,6440.9097
9627,2022-02-10,6591.5776,6285.4385
9628,2022-02-11,6539.9263,6267.331
9629,2022-02-12,6230.014,6054.2056
9630,2022-02-13,6158.0723,5970.6265
9631,2022-02-14,6571.2856,6525.6577
9632,2022-02-15,6620.6313,6634.7534
9633,2022-02-16,6627.0894,6452.063
9634,2022-02-17,6614.1763,6492.4053
9635,2022-02-18,6565.288,6645.8525
9636,2022-02-19,6234.1655,6300.391
9637,2022-02-20,6150.232,6125.728
9638,2022-02-21,6596.1904,6587.924
9639,2022-02-22,6646.459,6617.263
9640,2022-02-23,6670.9004,6638.067
9641,2022-02-24,6653.8354,6415.2485
9642,2022-02-25,6578.6636,6455.2783
9643,2022-02-26,6251.2285,6133.1367
9644,2022-02-27,6186.6636,5984.863
9645,2022-02-28,6610.947,6511.946
9646,2022-03-01,6672.285,6552.6157
9647,2022-03-02,6666.2876,6556.565
9648,2022-03-03,6631.239,6520.5806
9649,2022-03-04,6559.7573,6591.069
9650,2022-03-05,6240.161,6267.2925
9651,2022-03-06,6182.9756,6072.3906
9652,2022-03-07,6592.5,6556.843
9653,2022-03-08,6659.3706,6563.279
9654,2022-03-09,6681.5073,6613.21
9655,2022-03-10,6650.148,6538.1963
9656,2022-03-11,6586.965,6596.886
9657,2022-03-12,6260.453,6260.308
9658,2022-03-13,6214.799,6143.8823
9659,2022-03-14,6619.7095,6690.907
9660,2022-01-15,6144.8354,6218.0947
9661,2022-01-16,6062.2817,6101.2817
9662,2022-01-17,6502.279,6562.487
9663,2022-01-18,6553.0127,6537.7173
9664,2022-01-19,6565.9277,6488.8696
9665,2022-01-20,6560.8545,6536.92
9666,2022-01-21,6520.2686,6563.8765
9667,2022-01-22,6176.663,6280.66
9668,2022-01-23,6076.578,6133.292
9669,2022-01-24,6513.35,6626.406
9670,2022-01-25,6579.305,6630.1963
9671,2022-01-26,6591.7573,6677.717
9672,2022-01-27,6589.451,6652.3604
9673,2022-01-28,6538.256,6644.965
9674,2022-01-29,6185.4243,6309.009
9675,2022-01-30,6092.7207,6131.7935
9676,2022-01-31,6537.795,6265.909
9677,2022-02-01,6598.6743,5908.9185
9678,2022-02-02,6607.8994,5949.6616
9679,2022-02-03,6589.912,6456.346
9680,2022-02-04,6538.7163,6584.6704
9681,2022-02-05,6207.564,6286.3784
9682,2022-02-06,6131.463,6029.987
9683,2022-02-07,6578.381,6448.8633
9684,2022-02-08,6612.05,6450.566
9685,2022-02-09,6607.899,6440.9097
9686,2022-02-10,6587.608,6285.4385
9687,2022-02-11,6540.563,6267.331
9688,2022-02-12,6214.9424,6054.2056
9689,2022-02-13,6161.904,5970.6265
9690,2022-02-14,6593.601,6525.6577
9691,2022-02-15,6636.496,6634.7534
9692,2022-02-16,6645.7207,6452.063
9693,2022-02-17,6636.0356,6492.4053
9694,2022-02-18,6575.155,6645.8525
9695,2022-02-19,6260.1426,6300.391
9696,2022-02-20,6170.206,6125.728
9697,2022-02-21,6587.1465,6587.924
9698,2022-02-22,6653.1,6617.263
9699,2022-02-23,6662.7856,6638.067
9700,2022-02-24,6649.872,6415.2485
9701,2022-02-25,6601.4424,6455.2783
9702,2022-02-26,6274.442,6133.1367
9703,2022-02-27,6223.7075,5984.863
9704,2022-02-28,6631.884,6511.946
9705,2022-03-01,6689.537,6552.6157
9706,2022-03-02,6686.7686,6556.565
9707,2022-03-03,6676.6226,6520.5806
9708,2022-03-04,6628.1943,6591.069
9709,2022-03-05,6323.3306,6267.2925
9710,2022-03-06,6267.0625,6072.3906
9711,2022-03-07,6678.929,6556.843
9712,2022-03-08,6741.1924,6563.279
9713,2022-03-09,6738.8887,6613.21
9714,2022-03-10,6715.826,6538.1963
9715,2022-03-11,6649.409,6596.886
9716,2022-03-12,6341.3174,6260.308
9717,2022-03-13,6315.027,6143.8823
9718,2022-03-14,6717.6714,6690.907
9719,2022-03-15,6786.3926,6565.485
9720,2022-01-16,6062.545,6101.2817
9721,2022-01-17,6497.4644,6562.487
9722,2022-01-18,6560.1904,6537.7173
9723,2022-01-19,6570.7974,6488.8696
9724,2022-01-20,6551.888,6536.92
9725,2022-01-21,6508.0723,6563.8765
9726,2022-01-22,6170.006,6280.66
9727,2022-01-23,6081.9175,6133.292
9728,2022-01-24,6525.5986,6626.406
9729,2022-01-25,6583.71,6630.1963
9730,2022-01-26,6593.8574,6677.717
9731,2022-01-27,6582.326,6652.3604
9732,2022-01-28,6532.516,6644.965
9733,2022-01-29,6198.1377,6309.009
9734,2022-01-30,6113.7407,6131.7935
9735,2022-01-31,6538.052,6265.909
9736,2022-02-01,6587.8633,5908.9185
9737,2022-02-02,6607.233,5949.6616
9738,2022-02-03,6584.6343,6456.346
9739,2022-02-04,6545.8906,6584.6704
9740,2022-02-05,6218.4316,6286.3784
9741,2022-02-06,6114.201,6029.987
9742,2022-02-07,6544.969,6448.8633
9743,2022-02-08,6603.543,6450.566
9744,2022-02-09,6611.3823,6440.9097
9745,2022-02-10,6587.862,6285.4385
9746,2022-02-11,6530.21,6267.331
9747,2022-02-12,6215.6655,6054.2056
9748,2022-02-13,6125.7314,5970.6265
9749,2022-02-14,6537.5894,6525.6577
9750,2022-02-15,6606.31,6634.7534
9751,2022-02-16,6627.063,6452.063
9752,2022-02-17,6618.7607,6492.4053
9753,2022-02-18,6574.024,6645.8525
9754,2022-02-19,6237.3433,6300.391
9755,2022-02-20,6143.719,6125.728
9756,2022-02-21,6590.629,6587.924
9757,2022-02-22,6642.7456,6617.263
9758,2022-02-23,6656.5806,6638.067
9759,2022-02-24,6633.9814,6415.2485
9760,2022-02-25,6574.948,6455.2783
9761,2022-02-26,6232.2686,6133.1367
9762,2022-02-27,6147.408,5984.863
9763,2022-02-28,6600.7764,6511.946
9764,2022-03-01,6645.9736,6552.6157
9765,2022-03-02,6654.273,6556.565
9766,2022-03-03,6633.52,6520.5806
9767,2022-03-04,6569.8735,6591.069
9768,2022-03-05,6253.947,6267.2925
9769,2022-03-06,6182.4595,6072.3906
9770,2022-03-07,6628.908,6556.843
9771,2022-03-08,6675.49,6563.279
9772,2022-03-09,6668.11,6613.21
9773,2022-03-10,6651.044,6538.1963
9774,2022-03-11,6583.248,6596.886
9775,2022-03-12,6235.498,6260.308
9776,2022-03-13,6171.8545,6143.8823
9777,2022-03-14,6637.2104,6690.907
9778,2022-03-15,6680.1025,6565.485
9779,2022-03-16,6689.7876,6543.825
9780,2022-01-17,6494.5854,6562.487
9781,2022-01-18,6542.091,6537.7173
9782,2022-01-19,6534.7114,6488.8696
9783,2022-01-20,6514.879,6536.92
9784,2022-01-21,6462.299,6563.8765
9785,2022-01-22,6155.121,6280.66
9786,2022-01-23,6086.3994,6133.292
9787,2022-01-24,6512.572,6626.406
9788,2022-01-25,6556.852,6630.1963
9789,2022-01-26,6580.3726,6677.717
9790,2022-01-27,6563.306,6652.3604
9791,2022-01-28,6503.3467,6644.965
9792,2022-01-29,6175.8774,6309.009
9793,2022-01-30,6094.2393,6131.7935
9794,2022-01-31,6514.4175,6265.909
9795,2022-02-01,6568.3794,5908.9185
9796,2022-02-02,6566.996,5949.6616
9797,2022-02-03,6555.9263,6456.346
9798,2022-02-04,6495.5073,6584.6704
9799,2022-02-05,6174.9546,6286.3784
9800,2022-02-06,6117.302,6029.987
9801,2022-02-07,6538.4014,6448.8633
9802,2022-02-08,6578.5283,6450.566
9803,2022-02-09,6578.9883,6440.9097
9804,2022-02-10,6565.6133,6285.4385
9805,2022-02-11,6503.8086,6267.331
9806,2022-02-12,6183.257,6054.2056
9807,2022-02-13,6115.9175,5970.6265
9808,2022-02-14,6549.4707,6525.6577
9809,2022-02-15,6616.8105,6634.7534
9810,2022-02-16,6625.1123,6452.063
9811,2022-02-17,6597.438,6492.4053
9812,2022-02-18,6535.635,6645.8525
9813,2022-02-19,6231.6846,6300.391
9814,2022-02-20,6167.575,6125.728
9815,2022-02-21,6576.6826,6587.924
9816,2022-02-22,6636.181,6617.263
9817,2022-02-23,6657.398,6638.067
9818,2022-02-24,6647.2505,6415.2485
9819,2022-02-25,6571.149,6455.2783
9820,2022-02-26,6253.3623,6133.1367
9821,2022-02-27,6191.5576,5984.863
9822,2022-02-28,6606.6626,6511.946
9823,2022-03-01,6663.3936,6552.6157
9824,2022-03-02,6680.9204,6556.565
9825,2022-03-03,6666.161,6520.5806
9826,2022-03-04,6611.2744,6591.069
9827,2022-03-05,6293.4907,6267.2925
9828,2022-03-06,6238.143,6072.3906
9829,2022-03-07,6659.2437,6556.843
9830,2022-03-08,6722.4326,6563.279
9831,2022-03-09,6710.4395,6613.21
9832,2022-03-10,6700.294,6538.1963
9833,2022-03-11,6633.8755,6596.886
9834,2022-03-12,6291.645,6260.308
9835,2022-03-13,6230.3013,6143.8823
9836,2022-03-14,6659.2437,6690.907
9837,2022-03-15,6719.2026,6565.485
9838,2022-03-16,6727.5044,6543.825
9839,2022-03-17,6703.0596,6593.7437
9840,2022-01-18,6614.7246,6537.7173
9841,2022-01-19,6626.719,6488.8696
9842,2022-01-20,6619.801,6536.92
9843,2022-01-21,6587.042,6563.8765
9844,2022-01-22,6234.0913,6280.66
9845,2022-01-23,6138.125,6133.292
9846,2022-01-24,6557.514,6626.406
9847,2022-01-25,6608.7275,6630.1963
9848,2022-01-26,6616.1074,6677.717
9849,2022-01-27,6578.2764,6652.3604
9850,2022-01-28,6546.4404,6644.965
9851,2022-01-29,6235.473,6309.009
9852,2022-01-30,6146.429,6131.7935
9853,2022-01-31,6569.9707,6265.909
9854,2022-02-01,6616.1074,5908.9185
9855,2022-02-02,6618.4146,5949.6616
9856,2022-02-03,6595.8096,6456.346
9857,2022-02-04,6532.139,6584.6704
9858,2022-02-05,6227.6313,6286.3784
9859,2022-02-06,6161.655,6029.987
9860,2022-02-07,6567.203,6448.8633
9861,2022-02-08,6602.7275,6450.566
9862,2022-02-09,6609.6494,6440.9097
9863,2022-02-10,6581.045,6285.4385
9864,2022-02-11,6531.6777,6267.331
9865,2022-02-12,6226.247,6054.2056
9866,2022-02-13,6175.498,5970.6265
9867,2022-02-14,6566.7427,6525.6577
9868,2022-02-15,6636.87,6634.7534
9869,2022-02-16,6636.41,6452.063
9870,2022-02-17,6622.108,6492.4053
9871,2022-02-18,6541.83,6645.8525
9872,2022-02-19,6241.4736,6300.391
9873,2022-02-20,6188.4155,6125.728
9874,2022-02-21,6597.194,6587.924
9875,2022-02-22,6658.0933,6617.263
9876,2022-02-23,6659.0156,6638.067
9877,2022-02-24,6648.4033,6415.2485
9878,2022-02-25,6605.4995,6455.2783
9879,2022-02-26,6285.764,6133.1367
9880,2022-02-27,6229.9375,5984.863
9881,2022-02-28,6632.717,6511.946
9882,2022-03-01,6677.9316,6552.6157
9883,2022-03-02,6693.6206,6556.565
9884,2022-03-03,6666.86,6520.5806
9885,2022-03-04,6606.4204,6591.069
9886,2022-03-05,6310.2173,6267.2925
9887,2022-03-06,6272.3857,6072.3906
9888,2022-03-07,6661.783,6556.843
9889,2022-03-08,6731.915,6563.279
9890,2022-03-09,6732.8354,6613.21
9891,2022-03-10,6701.003,6538.1963
9892,2022-03-11,6634.1025,6596.886
9893,2022-03-12,6340.669,6260.308
9894,2022-03-13,6307.4507,6143.8823
9895,2022-03-14,6706.998,6690.907
9896,2022-03-15,6761.4414,6565.485
9897,2022-03-16,6770.6704,6543.825
9898,2022-03-17,6748.986,6593.7437
9899,2022-03-18,6669.1675,6617.016
9900,2022-01-19,6567.9907,6488.8696
9901,2022-01-20,6560.607,6536.92
9902,2022-01-21,6500.159,6563.8765
9903,2022-01-22,6179.464,6280.66
9904,2022-01-23,6101.0215,6133.292
9905,2022-01-24,6524.6143,6626.406
9906,2022-01-25,6564.297,6630.1963
9907,2022-01-26,6573.989,6677.717
9908,2022-01-27,6533.8433,6652.3604
9909,2022-01-28,6486.315,6644.965
9910,2022-01-29,6160.0845,6309.009
9911,2022-01-30,6083.486,6131.7935
9912,2022-01-31,6494.1606,6265.909
9913,2022-02-01,6551.3774,5908.9185
9914,2022-02-02,6559.6816,5949.6616
9915,2022-02-03,6519.5396,6456.346
9916,2022-02-04,6482.6235,6584.6704
9917,2022-02-05,6171.159,6286.3784
9918,2022-02-06,6084.873,6029.987
9919,2022-02-07,6494.6206,6448.8633
9920,2022-02-08,6561.9927,6450.566
9921,2022-02-09,6553.683,6440.9097
9922,2022-02-10,6555.5317,6285.4385
9923,2022-02-11,6507.081,6267.331
9924,2022-02-12,6212.689,6054.2056
9925,2022-02-13,6140.243,5970.6265
9926,2022-02-14,6550.916,6525.6577
9927,2022-02-15,6584.139,6634.7534
9928,2022-02-16,6591.982,6452.063
9929,2022-02-17,6589.216,6492.4053
9930,2022-02-18,6534.305,6645.8525
9931,2022-02-19,6239.4507,6300.391
9932,2022-02-20,6164.698,6125.728
9933,2022-02-21,6590.136,6587.924
9934,2022-02-22,6643.2036,6617.263
9935,2022-02-23,6644.5854,6638.067
9936,2022-02-24,6625.668,6415.2485
9937,2022-02-25,6561.0674,6455.2783
9938,2022-02-26,6237.1445,6133.1367
9939,2022-02-27,6186.3843,5984.863
9940,2022-02-28,6597.5195,6511.946
9941,2022-03-01,6649.662,6552.6157
9942,2022-03-02,6675.5,6556.565
9943,2022-03-03,6665.814,6520.5806
9944,2022-03-04,6590.138,6591.069
9945,2022-03-05,6286.9775,6267.2925
9946,2022-03-06,6228.377,6072.3906
9947,2022-03-07,6624.2817,6556.843
9948,2022-03-08,6693.957,6563.279
9949,2022-03-09,6709.186,6613.21
9950,2022-03-10,6691.19,6538.1963
9951,2022-03-11,6625.666,6596.886
9952,2022-03-12,6304.9736,6260.308
9953,2022-03-13,6250.0625,6143.8823
9954,2022-03-14,6657.5063,6690.907
9955,2022-03-15,6729.9507,6565.485
9956,2022-03-16,6737.795,6543.825
9957,2022-03-17,6726.7217,6593.7437
9958,2022-03-18,6662.5806,6617.016
9959,2022-03-19,6354.808,6395.61
9960,2022-01-20,6529.834,6536.92
9961,2022-01-21,6476.303,6563.8765
9962,2022-01-22,6154.656,6280.66
9963,2022-01-23,6060.517,6133.292
9964,2022-01-24,6493.838,6626.406
9965,2022-01-25,6548.292,6630.1963
9966,2022-01-26,6549.2144,6677.717
9967,2022-01-27,6527.5254,6652.3604
9968,2022-01-28,6473.9956,6644.965
9969,2022-01-29,6162.964,6309.009
9970,2022-01-30,6079.8975,6131.7935
9971,2022-01-31,6479.533,6265.909
9972,2022-02-01,6546.9087,5908.9185
9973,2022-02-02,6536.7563,5949.6616
9974,2022-02-03,6512.76,6456.346
9975,2022-02-04,6453.228,6584.6704
9976,2022-02-05,6160.656,6286.3784
9977,2022-02-06,6069.2837,6029.987
9978,2022-02-07,6483.6875,6448.8633
9979,2022-02-08,6544.1387,6450.566
9980,2022-02-09,6554.7544,6440.9097
9981,2022-02-10,6544.6,6285.4385
9982,2022-02-11,6487.378,6267.331
9983,2022-02-12,6192.0337,6054.2056
9984,2022-02-13,6116.355,5970.6265
9985,2022-02-14,6537.677,6525.6577
9986,2022-02-15,6558.9067,6634.7534
9987,2022-02-16,6584.7485,6452.063
9988,2022-02-17,6572.7495,6492.4053
9989,2022-02-18,6507.221,6645.8525
9990,2022-02-19,6192.498,6300.391
9991,2022-02-20,6118.201,6125.728
9992,2022-02-21,6526.143,6587.924
9993,2022-02-22,6593.9775,6617.263
9994,2022-02-23,6585.21,6638.067
9995,2022-02-24,6585.6733,6415.2485
9996,2022-02-25,6533.5264,6455.2783
9997,2022-02-26,6212.801,6133.1367
9998,2022-02-27,6127.43,5984.863
9999,2022-02-28,6536.756,6511.946
10000,2022-03-01,6604.1313,6552.6157
10001,2022-03-02,6582.4424,6556.565
10002,2022-03-03,6564.906,6520.5806
10003,2022-03-04,6523.8345,6591.069
10004,2022-03-05,6215.1113,6267.2925
10005,2022-03-06,6137.582,6072.3906
10006,2022-03-07,6558.4443,6556.843
10007,2022-03-08,6613.3594,6563.279
10008,2022-03-09,6616.1294,6613.21
10009,2022-03-10,6610.591,6538.1963
10010,2022-03-11,6544.6,6596.886
10011,2022-03-12,6244.1807,6260.308
10012,2022-03-13,6163.425,6143.8823
10013,2022-03-14,6576.904,6690.907
10014,2022-03-15,6634.129,6565.485
10015,2022-03-16,6634.127,6543.825
10016,2022-03-17,6619.3594,6593.7437
10017,2022-03-18,6563.0586,6617.016
10018,2022-03-19,6244.1826,6395.61
10019,2022-03-20,6170.8096,6241.7964
10020,2022-01-21,6505.328,6563.8765
10021,2022-01-22,6170.256,6280.66
10022,2022-01-23,6064.562,6133.292
10023,2022-01-24,6510.405,6626.406
10024,2022-01-25,6546.406,6630.1963
10025,2022-01-26,6552.4043,6677.717
10026,2022-01-27,6530.712,6652.3604
10027,2022-01-28,6462.4062,6644.965
10028,2022-01-29,6152.7163,6309.009
10029,2022-01-30,6047.947,6131.7935
10030,2022-01-31,6490.558,6265.909
10031,2022-02-01,6531.6343,5908.9185
10032,2022-02-02,6532.0977,5949.6616
10033,2022-02-03,6518.2515,6456.346
10034,2022-02-04,6449.4844,6584.6704
10035,2022-02-05,6130.102,6286.3784
10036,2022-02-06,6049.7944,6029.987
10037,2022-02-07,6487.3286,6448.8633
10038,2022-02-08,6544.56,6450.566
10039,2022-02-09,6542.7124,6440.9097
10040,2022-02-10,6523.7886,6285.4385
10041,2022-02-11,6465.176,6267.331
10042,2022-02-12,6139.794,6054.2056
10043,2022-02-13,6091.3325,5970.6265
10044,2022-02-14,6538.096,6525.6577
10045,2022-02-15,6570.8667,6634.7534
10046,2022-02-16,6583.3267,6452.063
10047,2022-02-17,6572.252,6492.4053
10048,2022-02-18,6512.2515,6645.8525
10049,2022-02-19,6178.5625,6300.391
10050,2022-02-20,6117.178,6125.728
10051,2022-02-21,6558.4067,6587.924
10052,2022-02-22,6613.3276,6617.263
10053,2022-02-23,6616.5566,6638.067
10054,2022-02-24,6593.482,6415.2485
10055,2022-02-25,6532.56,6455.2783
10056,2022-02-26,6220.562,6133.1367
10057,2022-02-27,6144.87,5984.863
10058,2022-02-28,6577.788,6511.946
10059,2022-03-01,6623.4805,6552.6157
10060,2022-03-02,6633.172,6556.565
10061,2022-03-03,6612.8643,6520.5806
10062,2022-03-04,6547.79,6591.069
10063,2022-03-05,6229.331,6267.2925
10064,2022-03-06,6167.946,6072.3906
10065,2022-03-07,6605.9434,6556.843
10066,2022-03-08,6642.4014,6563.279
10067,2022-03-09,6647.48,6613.21
10068,2022-03-10,6636.4043,6538.1963
10069,2022-03-11,6569.944,6596.886
10070,2022-03-12,6237.1777,6260.308
10071,2022-03-13,6170.715,6143.8823
10072,2022-03-14,6605.0215,6690.907
10073,2022-03-15,6667.787,6565.485
10074,2022-03-16,6654.404,6543.825
10075,2022-03-17,6632.712,6593.7437
10076,2022-03-18,6565.788,6617.016
10077,2022-03-19,6244.564,6395.61
10078,2022-03-20,6192.4087,6241.7964
10079,2022-03-21,6633.6343,6668.931
10080,2022-01-22,6182.2275,6280.66
10081,2022-01-23,6091.291,6133.292
10082,2022-01-24,6526.5845,6626.406
10083,2022-01-25,6558.4336,6630.1963
10084,2022-01-26,6564.4346,6677.717
10085,2022-01-27,6549.661,6652.3604
10086,2022-01-28,6497.04,6644.965
10087,2022-01-29,6174.842,6309.009
10088,2022-01-30,6073.2905,6131.7935
10089,2022-01-31,6503.9644,6265.909
10090,2022-02-01,6569.051,5908.9185
10091,2022-02-02,6573.2046,5949.6616
10092,2022-02-03,6563.5107,6456.346
10093,2022-02-04,6502.12,6584.6704
10094,2022-02-05,6174.841,6286.3784
10095,2022-02-06,6088.061,6029.987
10096,2022-02-07,6542.739,6448.8633
10097,2022-02-08,6586.1294,6450.566
10098,2022-02-09,6569.05,6440.9097
10099,2022-02-10,6557.973,6285.4385
10100,2022-02-11,6507.195,6267.331
10101,2022-02-12,6201.154,6054.2056
10102,2022-02-13,6118.5273,5970.6265
10103,2022-02-14,6522.4277,6525.6577
10104,2022-02-15,6581.9736,6634.7534
10105,2022-02-16,6582.436,6452.063
10106,2022-02-17,6558.8936,6492.4053
10107,2022-02-18,6513.6567,6645.8525
10108,2022-02-19,6200.6924,6300.391
10109,2022-02-20,6129.1436,6125.728
10110,2022-02-21,6545.969,6587.924
10111,2022-02-22,6600.438,6617.263
10112,2022-02-23,6604.5933,6638.067
10113,2022-02-24,6573.6655,6415.2485
10114,2022-02-25,6497.963,6455.2783
10115,2022-02-26,6196.538,6133.1367
10116,2022-02-27,6139.301,5984.863
10117,2022-02-28,6550.587,6511.946
10118,2022-03-01,6604.132,6552.6157
10119,2022-03-02,6618.9033,6556.565
10120,2022-03-03,6591.209,6520.5806
10121,2022-03-04,6533.507,6591.069
10122,2022-03-05,6224.2344,6267.2925
10123,2022-03-06,6164.227,6072.3906
10124,2022-03-07,6565.3574,6556.843
10125,2022-03-08,6623.9785,6563.279
10126,2022-03-09,6641.982,6613.21
10127,2022-03-10,6638.29,6538.1963
10128,2022-03-11,6560.741,6596.886
10129,2022-03-12,6255.622,6260.308
10130,2022-03-13,6172.536,6143.8823
10131,2022-03-14,6590.747,6690.907
10132,2022-03-15,6663.678,6565.485
10133,2022-03-16,6661.3706,6543.825
10134,2022-03-17,6648.445,6593.7437
10135,2022-03-18,6581.053,6617.016
10136,2022-03-19,6257.9307,6395.61
10137,2022-03-20,6187.767,6241.7964
10138,2022-03-21,6601.3613,6668.931
10139,2022-03-22,6658.6035,6790.505
10140,2022-01-23,6084.154,6133.292
10141,2022-01-24,6506.0776,6626.406
10142,2022-01-25,6564.7,6630.1963
10143,2022-01-26,6569.3184,6677.717
10144,2022-01-27,6570.241,6652.3604
10145,2022-01-28,6538.8506,6644.965
10146,2022-01-29,6223.564,6309.009
10147,2022-01-30,6082.7695,6131.7935
10148,2022-01-31,6518.078,6265.909
10149,2022-02-01,6569.78,5908.9185
10150,2022-02-02,6560.5464,5949.6616
10151,2022-02-03,6557.3154,6456.346
10152,2022-02-04,6518.54,6584.6704
10153,2022-02-05,6215.256,6286.3784
10154,2022-02-06,6108.158,6029.987
10155,2022-02-07,6519.9263,6448.8633
10156,2022-02-08,6580.397,6450.566
10157,2022-02-09,6575.781,6440.9097
10158,2022-02-10,6570.7026,6285.4385
10159,2022-02-11,6534.6973,6267.331
10160,2022-02-12,6232.335,6054.2056
10161,2022-02-13,6121.5464,5970.6265
10162,2022-02-14,6532.85,6525.6577
10163,2022-02-15,6595.169,6634.7534
10164,2022-02-16,6592.4,6452.063
10165,2022-02-17,6589.1675,6492.4053
10166,2022-02-18,6561.9326,6645.8525
10167,2022-02-19,6278.037,6300.391
10168,2022-02-20,6154.7827,6125.728
10169,2022-02-21,6594.246,6587.924
10170,2022-02-22,6652.409,6617.263
10171,2022-02-23,6662.5664,6638.067
10172,2022-02-24,6663.0264,6415.2485
10173,2022-02-25,6620.096,6455.2783
10174,2022-02-26,6318.1963,6133.1367
10175,2022-02-27,6195.406,5984.863
10176,2022-02-28,6603.938,6511.946
10177,2022-03-01,6689.3394,6552.6157
10178,2022-03-02,6669.4907,6556.565
10179,2022-03-03,6645.0254,6520.5806
10180,2022-03-04,6618.248,6591.069
10181,2022-03-05,6326.0444,6267.2925
10182,2022-03-06,6219.871,6072.3906
10183,2022-03-07,6620.558,6556.843
10184,2022-03-08,6680.569,6563.279
10185,2022-03-09,6667.1826,6613.21
10186,2022-03-10,6660.7183,6538.1963
10187,2022-03-11,6615.94,6596.886
10188,2022-03-12,6316.8125,6260.308
10189,2022-03-13,6236.0273,6143.8823
10190,2022-03-14,6633.9434,6690.907
10191,2022-03-15,6696.263,6565.485
10192,2022-03-16,6691.6465,6543.825
10193,2022-03-17,6686.109,6593.7437
10194,2022-03-18,6639.945,6617.016
10195,2022-03-19,6332.5044,6395.61
10196,2022-03-20,6252.1836,6241.7964
10197,2022-03-21,6640.869,6668.931
10198,2022-03-22,6697.187,6790.505
10199,2022-03-23,6692.57,6730.525
10200,2022-01-24,6507.226,6626.406
10201,2022-01-25,6546.4673,6630.1963
10202,2022-01-26,6550.1606,6677.717
10203,2022-01-27,6533.541,6652.3604
10204,2022-01-28,6500.3,6644.965
10205,2022-01-29,6201.136,6309.009
10206,2022-01-30,6094.9536,6131.7935
10207,2022-01-31,6495.6836,6265.909
10208,2022-02-01,6546.4663,5908.9185
10209,2022-02-02,6549.2363,5949.6616
10210,2022-02-03,6526.615,6456.346
10211,2022-02-04,6489.2183,6584.6704
10212,2022-02-05,6184.5156,6286.3784
10213,2022-02-06,6104.187,6029.987
10214,2022-02-07,6510.918,6448.8633
10215,2022-02-08,6556.625,6450.566
10216,2022-02-09,6563.087,6440.9097
10217,2022-02-10,6560.7793,6285.4385
10218,2022-02-11,6511.8423,6267.331
10219,2022-02-12,6223.7593,6054.2056
10220,2022-02-13,6130.962,5970.6265
10221,2022-02-14,6520.1523,6525.6577
10222,2022-02-15,6582.937,6634.7534
10223,2022-02-16,6588.94,6452.063
10224,2022-02-17,6587.0957,6492.4053
10225,2022-02-18,6540.464,6645.8525
10226,2022-02-19,6241.7637,6300.391
10227,2022-02-20,6173.897,6125.728
10228,2022-02-21,6576.013,6587.924
10229,2022-02-22,6634.647,6617.263
10230,2022-02-23,6630.0293,6638.067
10231,2022-02-24,6625.8745,6415.2485
10232,2022-02-25,6579.246,6455.2783
10233,2022-02-26,6275.003,6133.1367
10234,2022-02-27,6195.135,5984.863
10235,2022-02-28,6588.9414,6511.946
10236,2022-03-01,6657.73,6552.6157
10237,2022-03-02,6644.8027,6556.565
10238,2022-03-03,6620.7944,6520.5806
10239,2022-03-04,6563.5474,6591.069
10240,2022-03-05,6284.6987,6267.2925
10241,2022-03-06,6215.909,6072.3906
10242,2022-03-07,6612.9473,6556.843
10243,2022-03-08,6681.736,6563.279
10244,2022-03-09,6677.1177,6613.21
10245,2022-03-10,6665.5776,6538.1963
10246,2022-03-11,6589.864,6596.886
10247,2022-03-12,6281.928,6260.308
10248,2022-03-13,6234.8394,6143.8823
10249,2022-03-14,6624.0254,6690.907
10250,2022-03-15,6684.9673,6565.485
10251,2022-03-16,6680.3506,6543.825
10252,2022-03-17,6668.3477,6593.7437
10253,2022-03-18,6592.634,6617.016
10254,2022-03-19,6309.167,6395.61
10255,2022-03-20,6271.312,6241.7964
10256,2022-03-21,6660.5005,6668.931
10257,2022-03-22,6717.745,6790.505
10258,2022-03-23,6722.364,6730.525
10259,2022-03-24,6699.7417,6760.0454
10260,2022-01-25,6617.6577,6630.1963
10261,2022-01-26,6601.03,6677.717
10262,2022-01-27,6580.7114,6652.3604
10263,2022-01-28,6525.7544,6644.965
10264,2022-01-29,6196.4883,6309.009
10265,2022-01-30,6086.1167,6131.7935
10266,2022-01-31,6513.2876,6265.909
10267,2022-02-01,6577.94,5908.9185
10268,2022-02-02,6574.2456,5949.6616
10269,2022-02-03,6539.611,6456.346
10270,2022-02-04,6488.348,6584.6704
10271,2022-02-05,6190.947,6286.3784
10272,2022-02-06,6105.513,6029.987
10273,2022-02-07,6533.143,6448.8633
10274,2022-02-08,6571.936,6450.566
10275,2022-02-09,6577.016,6440.9097
10276,2022-02-10,6554.386,6285.4385
10277,2022-02-11,6487.426,6267.331
10278,2022-02-12,6197.8735,6054.2056
10279,2022-02-13,6126.295,5970.6265
10280,2022-02-14,6543.765,6525.6577
10281,2022-02-15,6585.3306,6634.7534
10282,2022-02-16,6594.567,6452.063
10283,2022-02-17,6583.483,6492.4053
10284,2022-02-18,6519.291,6645.8525
10285,2022-02-19,6230.199,6300.391
10286,2022-02-20,6173.86,6125.728
10287,2022-02-21,6596.4136,6587.924
10288,2022-02-22,6643.055,6617.263
10289,2022-02-23,6659.217,6638.067
10290,2022-02-24,6651.8276,6415.2485
10291,2022-02-25,6568.703,6455.2783
10292,2022-02-26,6264.3726,6133.1367
10293,2022-02-27,6208.956,5984.863
10294,2022-02-28,6620.886,6511.946
10295,2022-03-01,6675.8423,6552.6157
10296,2022-03-02,6668.9155,6556.565
10297,2022-03-03,6656.908,6520.5806
10298,2022-03-04,6601.9526,6591.069
10299,2022-03-05,6295.777,6267.2925
10300,2022-03-06,6244.0557,6072.3906
10301,2022-03-07,6648.5957,6556.843
10302,2022-03-08,6682.7676,6563.279
10303,2022-03-09,6690.618,6613.21
10304,2022-03-10,6692.4663,6538.1963
10305,2022-03-11,6627.814,6596.886
10306,2022-03-12,6327.179,6260.308
10307,2022-03-13,6288.8496,6143.8823
10308,2022-03-14,6673.993,6690.907
10309,2022-03-15,6722.9443,6565.485
10310,2022-03-16,6715.556,6543.825
10311,2022-03-17,6690.1577,6593.7437
10312,2022-03-18,6613.4976,6617.016
10313,2022-03-19,6293.9287,6395.61
10314,2022-03-20,6278.2275,6241.7964
10315,2022-03-21,6694.7744,6668.931
10316,2022-03-22,6721.5596,6790.505
10317,2022-03-23,6706.319,6730.525
10318,2022-03-24,6687.848,6760.0454
10319,2022-03-25,6598.2583,6742.806
10320,2022-01-26,6635.8525,6677.717
10321,2022-01-27,6600.752,6652.3604
10322,2022-01-28,6553.183,6644.965
10323,2022-01-29,6245.1313,6309.009
10324,2022-01-30,6130.592,6131.7935
10325,2022-01-31,6516.234,6265.909
10326,2022-02-01,6590.129,5908.9185
10327,2022-02-02,6586.435,5949.6616
10328,2022-02-03,6586.4355,6456.346
10329,2022-02-04,6540.2515,6584.6704
10330,2022-02-05,6241.436,6286.3784
10331,2022-02-06,6126.8975,6029.987
10332,2022-02-07,6537.017,6448.8633
10333,2022-02-08,6591.515,6450.566
10334,2022-02-09,6600.753,6440.9097
10335,2022-02-10,6590.1313,6285.4385
10336,2022-02-11,6545.791,6267.331
10337,2022-02-12,6242.358,6054.2056
10338,2022-02-13,6155.9956,5970.6265
10339,2022-02-14,6537.4785,6525.6577
10340,2022-02-15,6597.5195,6634.7534
10341,2022-02-16,6619.688,6452.063
10342,2022-02-17,6602.1377,6492.4053
10343,2022-02-18,6537.482,6645.8525
10344,2022-02-19,6241.898,6300.391
10345,2022-02-20,6156.4575,6125.728
10346,2022-02-21,6544.4062,6587.924
10347,2022-02-22,6614.609,6617.263
10348,2022-02-23,6608.143,6638.067
10349,2022-02-24,6580.8936,6415.2485
10350,2022-02-25,6564.267,6455.2783
10351,2022-02-26,6264.531,6133.1367
10352,2022-02-27,6175.393,5984.863
10353,2022-02-28,6585.5117,6511.946
10354,2022-03-01,6658.485,6552.6157
10355,2022-03-02,6661.7188,6556.565
10356,2022-03-03,6654.7905,6520.5806
10357,2022-03-04,6604.45,6591.069
10358,2022-03-05,6304.2476,6267.2925
10359,2022-03-06,6216.9595,6072.3906
10360,2022-03-07,6624.3076,6556.843
10361,2022-03-08,6706.9785,6563.279
10362,2022-03-09,6706.056,6613.21
10363,2022-03-10,6688.9673,6538.1963
10364,2022-03-11,6628.464,6596.886
10365,2022-03-12,6300.0933,6260.308
10366,2022-03-13,6216.4976,6143.8823
10367,2022-03-14,6633.544,6690.907
10368,2022-03-15,6691.7393,6565.485
10369,2022-03-16,6690.352,6543.825
10370,2022-03-17,6674.6494,6593.7437
10371,2022-03-18,6622.462,6617.016
10372,2022-03-19,6298.706,6395.61
10373,2022-03-20,6240.976,6241.7964
10374,2022-03-21,6674.649,6668.931
10375,2022-03-22,6718.064,6790.505
10376,2022-03-23,6721.2954,6730.525
10377,2022-03-24,6687.583,6760.0454
10378,2022-03-25,6653.8667,6742.806
10379,2022-03-26,6357.36,6400.602
10380,2022-01-27,6653.127,6652.3604
10381,2022-01-28,6619.408,6644.965
10382,2022-01-29,6322.869,6309.009
10383,2022-01-30,6159.8213,6131.7935
10384,2022-01-31,6585.6895,6265.909
10385,2022-02-01,6626.7983,5908.9185
10386,2022-02-02,6632.803,5949.6616
10387,2022-02-03,6627.723,6456.346
10388,2022-02-04,6592.158,6584.6704
10389,2022-02-05,6261.899,6286.3784
10390,2022-02-06,6139.96,6029.987
10391,2022-02-07,6564.4434,6448.8633
10392,2022-02-08,6601.3955,6450.566
10393,2022-02-09,6633.2676,6440.9097
10394,2022-02-10,6620.3345,6285.4385
10395,2022-02-11,6565.368,6267.331
10396,2022-02-12,6257.743,6054.2056
10397,2022-02-13,6156.125,5970.6265
10398,2022-02-14,6569.987,6525.6577
10399,2022-02-15,6629.111,6634.7534
10400,2022-02-16,6625.877,6452.063
10401,2022-02-17,6653.591,6492.4053
10402,2022-02-18,6592.158,6645.8525
10403,2022-02-19,6291.4614,6300.391
10404,2022-02-20,6204.1646,6125.728
10405,2022-02-21,6616.177,6587.924
10406,2022-02-22,6683.1523,6617.263
10407,2022-02-23,6674.3755,6638.067
10408,2022-02-24,6666.986,6415.2485
10409,2022-02-25,6609.2485,6455.2783
10410,2022-02-26,6301.161,6133.1367
10411,2022-02-27,6230.9536,5984.863
10412,2022-02-28,6620.334,6511.946
10413,2022-03-01,6701.1655,6552.6157
10414,2022-03-02,6696.5454,6556.565
10415,2022-03-03,6712.2515,6520.5806
10416,2022-03-04,6648.971,6591.069
10417,2022-03-05,6331.6465,6267.2925
10418,2022-03-06,6246.197,6072.3906
10419,2022-03-07,6648.0483,6556.843
10420,2022-03-08,6735.344,6563.279
10421,2022-03-09,6757.0537,6613.21
10422,2022-03-10,6744.5845,6538.1963
10423,2022-03-11,6676.2236,6596.886
10424,2022-03-12,6369.986,6260.308
10425,2022-03-13,6313.172,6143.8823
10426,2022-03-14,6703.475,6690.907
10427,2022-03-15,6780.612,6565.485
10428,2022-03-16,6774.607,6543.825
10429,2022-03-17,6770.9106,6593.7437
10430,2022-03-18,6701.627,6617.016
10431,2022-03-19,6381.5317,6395.61
10432,2022-03-20,6330.7236,6241.7964
10433,2022-03-21,6723.335,6668.931
10434,2022-03-22,6807.4004,6790.505
10435,2022-03-23,6811.5566,6730.525
10436,2022-03-24,6817.561,6760.0454
10437,2022-03-25,6721.487,6742.806
10438,2022-03-26,6413.865,6400.602
10439,2022-03-27,6349.662,6227.0767
10440,2022-01-28,6582.6255,6644.965
10441,2022-01-29,6258.345,6309.009
10442,2022-01-30,6107.7544,6131.7935
10443,2022-01-31,6524.4194,6265.909
10444,2022-02-01,6591.864,5908.9185
10445,2022-02-02,6611.266,5949.6616
10446,2022-02-03,6590.0186,6456.346
10447,2022-02-04,6542.899,6584.6704
10448,2022-02-05,6225.0854,6286.3784
10449,2022-02-06,6104.5176,6029.987
10450,2022-02-07,6527.1914,6448.8633
10451,2022-02-08,6585.397,6450.566
10452,2022-02-09,6588.63,6440.9097
10453,2022-02-10,6601.567,6285.4385
10454,2022-02-11,6534.121,6267.331
10455,2022-02-12,6222.311,6054.2056
10456,2022-02-13,6120.225,5970.6265
10457,2022-02-14,6541.5137,6525.6577
10458,2022-02-15,6596.945,6634.7534
10459,2022-02-16,6614.4995,6452.063
10460,2022-02-17,6602.4883,6492.4053
10461,2022-02-18,6553.985,6645.8525
10462,2022-02-19,6252.8013,6300.391
10463,2022-02-20,6155.3325,6125.728
10464,2022-02-21,6567.8413,6587.924
10465,2022-02-22,6641.291,6617.263
10466,2022-02-23,6647.297,6638.067
10467,2022-02-24,6628.817,6415.2485
10468,2022-02-25,6568.3066,6455.2783
10469,2022-02-26,6270.355,6133.1367
10470,2022-02-27,6158.5664,5984.863
10471,2022-02-28,6582.6255,6511.946
10472,2022-03-01,6654.227,6552.6157
10473,2022-03-02,6650.5312,6556.565
10474,2022-03-03,6648.2207,6520.5806
10475,2022-03-04,6605.723,6591.069
10476,2022-03-05,6299.457,6267.2925
10477,2022-03-06,6192.2876,6072.3906
10478,2022-03-07,6604.799,6556.843
10479,2022-03-08,6678.2485,6563.279
10480,2022-03-09,6683.7905,6613.21
10481,2022-03-10,6698.571,6538.1963
10482,2022-03-11,6650.067,6596.886
10483,2022-03-12,6341.031,6260.308
10484,2022-03-13,6250.03,6143.8823
10485,2022-03-14,6671.7812,6690.907
10486,2022-03-15,6741.0693,6565.485
10487,2022-03-16,6736.9126,6543.825
10488,2022-03-17,6718.8975,6593.7437
10489,2022-03-18,6663.0024,6617.016
10490,2022-03-19,6343.8027,6395.61
10491,2022-03-20,6272.2017,6241.7964
10492,2022-03-21,6672.703,6668.931
10493,2022-03-22,6739.685,6790.505
10494,2022-03-23,6748.9243,6730.525
10495,2022-03-24,6740.6094,6760.0454
10496,2022-03-25,6673.165,6742.806
10497,2022-03-26,6332.7163,6400.602
10498,2022-03-27,6267.121,6227.0767
10499,2022-03-28,6677.7856,6706.202
10500,2022-01-29,6306.7236,6309.009
10501,2022-01-30,6144.102,6131.7935
10502,2022-01-31,6515.5493,6265.909
10503,2022-02-01,6596.3975,5908.9185
10504,2022-02-02,6606.101,5949.6616
10505,2022-02-03,6608.871,6456.346
10506,2022-02-04,6564.9824,6584.6704
10507,2022-02-05,6270.226,6286.3784
10508,2022-02-06,6132.5513,6029.987
10509,2022-02-07,6513.7,6448.8633
10510,2022-02-08,6610.7217,6450.566
10511,2022-02-09,6613.0317,6440.9097
10512,2022-02-10,6612.1055,6285.4385
10513,2022-02-11,6586.2344,6267.331
10514,2022-02-12,6308.111,6054.2056
10515,2022-02-13,6224.9526,5970.6265
10516,2022-02-14,6585.3105,6525.6577
10517,2022-02-15,6681.869,6634.7534
10518,2022-02-16,6680.944,6452.063
10519,2022-02-17,6673.5527,6492.4053
10520,2022-02-18,6623.6567,6645.8525
10521,2022-02-19,6354.772,6300.391
10522,2022-02-20,6262.375,6125.728
10523,2022-02-21,6650.4517,6587.924
10524,2022-02-22,6745.6235,6617.263
10525,2022-02-23,6759.9463,6638.067
10526,2022-02-24,6753.9404,6415.2485
10527,2022-02-25,6716.516,6455.2783
10528,2022-02-26,6455.4863,6133.1367
10529,2022-02-27,6377.411,5984.863
10530,2022-02-28,6711.437,6511.946
10531,2022-03-01,6801.5254,6552.6157
10532,2022-03-02,6811.2285,6556.565
10533,2022-03-03,6814.4624,6520.5806
10534,2022-03-04,6775.6543,6591.069
10535,2022-03-05,6494.2964,6267.2925
10536,2022-03-06,6406.9785,6072.3906
10537,2022-03-07,6733.6133,6556.843
10538,2022-03-08,6836.6367,6563.279
10539,2022-03-09,6837.0996,6613.21
10540,2022-03-10,6820.4673,6538.1963
10541,2022-03-11,6774.267,6596.886
10542,2022-03-12,6480.4355,6260.308
10543,2022-03-13,6400.9736,6143.8823
10544,2022-03-14,6736.845,6690.907
10545,2022-03-15,6836.636,6565.485
10546,2022-03-16,6826.473,6543.825
10547,2022-03-17,6803.8354,6593.7437
10548,2022-03-18,6747.9336,6617.016
10549,2022-03-19,6465.1924,6395.61
10550,2022-03-20,6387.1123,6241.7964
10551,2022-03-21,6716.9795,6668.931
10552,2022-03-22,6798.7544,6790.505
10553,2022-03-23,6810.764,6730.525
10554,2022-03-24,6785.8174,6760.0454
10555,2022-03-25,6697.1123,6742.806
10556,2022-03-26,6426.384,6400.602
10557,2022-03-27,6338.6035,6227.0767
10558,2022-03-28,6674.9375,6706.202
10559,2022-03-29,6747.0063,6677.18
10560,2022-01-30,6127.283,6131.7935
10561,2022-01-31,6550.491,6265.909
10562,2022-02-01,6619.794,5908.9185
10563,2022-02-02,6613.7886,5949.6616
10564,2022-02-03,6594.846,6456.346
10565,2022-02-04,6570.36,6584.6704
10566,2022-02-05,6258.0356,6286.3784
10567,2022-02-06,6163.3213,6029.987
10568,2022-02-07,6552.342,6448.8633
10569,2022-02-08,6624.4146,6450.566
10570,2022-02-09,6634.116,6440.9097
10571,2022-02-10,6615.6377,6285.4385
10572,2022-02-11,6580.985,6267.331
10573,2022-02-12,6258.96,6054.2056
10574,2022-02-13,6144.839,5970.6265
10575,2022-02-14,6550.953,6525.6577
10576,2022-02-15,6601.313,6634.7534
10577,2022-02-16,6616.0996,6452.063
10578,2022-02-17,6608.2437,6492.4053
10579,2022-02-18,6566.2,6645.8525
10580,2022-02-19,6256.6494,6300.391
10581,2022-02-20,6155.003,6125.728
10582,2022-02-21,6593.459,6587.924
10583,2022-02-22,6642.4346,6617.263
10584,2022-02-23,6655.832,6638.067
10585,2022-02-24,6615.1733,6415.2485
10586,2022-02-25,6568.5107,6455.2783
10587,2022-02-26,6274.2036,6133.1367
10588,2022-02-27,6178.105,5984.863
10589,2022-02-28,6604.0854,6511.946
10590,2022-03-01,6678.931,6552.6157
10591,2022-03-02,6670.6177,6556.565
10592,2022-03-03,6658.6035,6520.5806
10593,2022-03-04,6622.5684,6591.069
10594,2022-03-05,6331.96,6267.2925
10595,2022-03-06,6226.6177,6072.3906
10596,2022-03-07,6652.5967,6556.843
10597,2022-03-08,6719.592,6563.279
10598,2022-03-09,6715.8965,6613.21
10599,2022-03-10,6700.647,6538.1963
10600,2022-03-11,6665.0713,6596.886
10601,2022-03-12,6352.7495,6260.308
10602,2022-03-13,6259.42,6143.8823
10603,2022-03-14,6684.015,6690.907
10604,2022-03-15,6731.142,6565.485
10605,2022-03-16,6741.306,6543.825
10606,2022-03-17,6733.45,6593.7437
10607,2022-03-18,6688.634,6617.016
10608,2022-03-19,6367.9956,6395.61
10609,2022-03-20,6268.199,6241.7964
10610,2022-03-21,6675.234,6668.931
10611,2022-03-22,6733.45,6790.505
10612,2022-03-23,6715.8936,6730.525
10613,2022-03-24,6713.122,6760.0454
10614,2022-03-25,6662.3,6742.806
10615,2022-03-26,6346.2817,6400.602
10616,2022-03-27,6256.648,6227.0767
10617,2022-03-28,6672.463,6706.202
10618,2022-03-29,6736.6855,6677.18
10619,2022-03-30,6719.5913,6715.227
10620,2022-01-31,6514.87,6265.909
10621,2022-02-01,6576.792,5908.9185
10622,2022-02-02,6579.563,5949.6616
10623,2022-02-03,6564.3154,6456.346
10624,2022-02-04,6515.334,6584.6704
10625,2022-02-05,6218.6787,6286.3784
10626,2022-02-06,6121.1787,6029.987
10627,2022-02-07,6531.969,6448.8633
10628,2022-02-08,6586.0327,6450.566
10629,2022-02-09,6591.1157,6440.9097
10630,2022-02-10,6582.7983,6285.4385
10631,2022-02-11,6509.325,6267.331
10632,2022-02-12,6234.8506,6054.2056
10633,2022-02-13,6151.2144,5970.6265
10634,2022-02-14,6557.845,6525.6577
10635,2022-02-15,6619.7637,6634.7534
10636,2022-02-16,6613.295,6452.063
10637,2022-02-17,6590.654,6492.4053
10638,2022-02-18,6530.1206,6645.8525
10639,2022-02-19,6248.713,6300.391
10640,2022-02-20,6190.491,6125.728
10641,2022-02-21,6561.0796,6587.924
10642,2022-02-22,6609.5996,6617.263
10643,2022-02-23,6631.7783,6638.067
10644,2022-02-24,6620.69,6415.2485
10645,2022-02-25,6568.9346,6455.2783
10646,2022-02-26,6292.6094,6133.1367
10647,2022-02-27,6231.6157,5984.863
10648,2022-02-28,6605.4404,6511.946
10649,2022-03-01,6666.4346,6552.6157
10650,2022-03-02,6674.291,6556.565
10651,2022-03-03,6671.055,6520.5806
10652,2022-03-04,6636.4004,6591.069
10653,2022-03-05,6366.0825,6267.2925
10654,2022-03-06,6309.709,6072.3906
10655,2022-03-07,6672.444,6556.843
10656,2022-03-08,6729.2783,6563.279
10657,2022-03-09,6740.8306,6613.21
10658,2022-03-10,6722.3457,6538.1963
10659,2022-03-11,6676.1377,6596.886
10660,2022-03-12,6378.5576,6260.308
10661,2022-03-13,6306.4746,6143.8823
10662,2022-03-14,6678.91,6690.907
10663,2022-03-15,6737.596,6565.485
10664,2022-03-16,6763.4727,6543.825
10665,2022-03-17,6737.134,6593.7437
10666,2022-03-18,6678.4507,6617.016
10667,2022-03-19,6392.4194,6395.61
10668,2022-03-20,6336.0483,6241.7964
10669,2022-03-21,6699.2437,6668.931
10670,2022-03-22,6762.5464,6790.505
10671,2022-03-23,6776.4106,6730.525
10672,2022-03-24,6752.844,6760.0454
10673,2022-03-25,6685.8423,6742.806
10674,2022-03-26,6384.567,6400.602
10675,2022-03-27,6322.6475,6227.0767
10676,2022-03-28,6702.017,6706.202
10677,2022-03-29,6766.7056,6677.18
10678,2022-03-30,6800.4375,6715.227
10679,2022-03-31,6763.01,6702.1265
10680,2022-02-01,6525.6943,5908.9185
10681,2022-02-02,6543.2593,5949.6616
10682,2022-02-03,6552.9644,6456.346
10683,2022-02-04,6522.4614,6584.6704
10684,2022-02-05,6240.5225,6286.3784
10685,2022-02-06,6108.337,6029.987
10686,2022-02-07,6489.6445,6448.8633
10687,2022-02-08,6554.814,6450.566
10688,2022-02-09,6548.805,6440.9097
10689,2022-02-10,6533.0913,6285.4385
10690,2022-02-11,6496.576,6267.331
10691,2022-02-12,6227.581,6054.2056
10692,2022-02-13,6120.815,5970.6265
10693,2022-02-14,6504.436,6525.6577
10694,2022-02-15,6539.56,6634.7534
10695,2022-02-16,6563.595,6452.063
10696,2022-02-17,6554.8145,6492.4053
10697,2022-02-18,6490.1064,6645.8525
10698,2022-02-19,6218.3374,6300.391
10699,2022-02-20,6124.9756,6125.728
10700,2022-02-21,6528.9307,6587.924
10701,2022-02-22,6586.7056,6617.263
10702,2022-02-23,6593.174,6638.067
10703,2022-02-24,6581.1587,6415.2485
10704,2022-02-25,6515.527,6455.2783
10705,2022-02-26,6240.523,6133.1367
10706,2022-02-27,6155.9414,5984.863
10707,2022-02-28,6551.1157,6511.946
10708,2022-03-01,6625.0664,6552.6157
10709,2022-03-02,6614.8975,6556.565
10710,2022-03-03,6608.426,6520.5806
10711,2022-03-04,6569.1406,6591.069
10712,2022-03-05,6276.111,6267.2925
10713,2022-03-06,6183.2104,6072.3906
10714,2022-03-07,6582.5444,6556.843
10715,2022-03-08,6640.781,6563.279
10716,2022-03-09,6643.554,6613.21
10717,2022-03-10,6634.3096,6538.1963
10718,2022-03-11,6598.2583,6596.886
10719,2022-03-12,6328.8027,6260.308
10720,2022-03-13,6234.052,6143.8823
10721,2022-03-14,6595.948,6690.907
10722,2022-03-15,6661.5786,6565.485
10723,2022-03-16,6670.3623,6543.825
10724,2022-03-17,6667.5874,6593.7437
10725,2022-03-18,6614.8975,6617.016
10726,2022-03-19,6329.2637,6395.61
10727,2022-03-20,6232.6655,6241.7964
10728,2022-03-21,6603.805,6668.931
10729,2022-03-22,6665.7393,6790.505
10730,2022-03-23,6664.8154,6730.525
10731,2022-03-24,6640.3174,6760.0454
10732,2022-03-25,6579.772,6742.806
10733,2022-03-26,6304.7686,6400.602
10734,2022-03-27,6225.732,6227.0767
10735,2022-03-28,6585.319,6706.202
10736,2022-03-29,6638.9326,6677.18
10737,2022-03-30,6631.998,6715.227
10738,2022-03-31,6609.813,6702.1265
10739,2022-04-01,6546.956,6694.431
10740,2022-02-02,6048.4307,5949.6616
10741,2022-02-03,6269.811,6456.346
10742,2022-02-04,6316.953,6584.6704
10743,2022-02-05,6254.098,6286.3784
10744,2022-02-06,6184.7705,6029.987
10745,2022-02-07,6195.865,6448.8633
10746,2022-02-08,6259.6436,6450.566
10747,2022-02-09,6297.08,6440.9097
10748,2022-02-10,6343.7573,6285.4385
10749,2022-02-11,6354.85,6267.331
10750,2022-02-12,6265.1904,6054.2056
10751,2022-02-13,6194.015,5970.6265
10752,2022-02-14,6242.0786,6525.6577
10753,2022-02-15,6294.7676,6634.7534
10754,2022-02-16,6370.5654,6452.063
10755,2022-02-17,6404.7656,6492.4053
10756,2022-02-18,6408.4624,6645.8525
10757,2022-02-19,6329.4316,6300.391
10758,2022-02-20,6249.014,6125.728
10759,2022-02-21,6279.9775,6587.924
10760,2022-02-22,6334.9775,6617.263
10761,2022-02-23,6406.1523,6638.067
10762,2022-02-24,6441.2764,6415.2485
10763,2022-02-25,6445.898,6455.2783
10764,2022-02-26,6350.692,6133.1367
10765,2022-02-27,6291.9956,5984.863
10766,2022-02-28,6335.9033,6511.946
10767,2022-03-01,6389.053,6552.6157
10768,2022-03-02,6479.6357,6556.565
10769,2022-03-03,6510.601,6520.5806
10770,2022-03-04,6485.645,6591.069
10771,2022-03-05,6410.7744,6267.2925
10772,2022-03-06,6332.666,6072.3906
10773,2022-03-07,6375.186,6556.843
10774,2022-03-08,6418.6294,6563.279
10775,2022-03-09,6492.115,6613.21
10776,2022-03-10,6533.248,6538.1963
10777,2022-03-11,6526.7754,6596.886
10778,2022-03-12,6426.0244,6260.308
10779,2022-03-13,6378.885,6143.8823
10780,2022-03-14,6400.143,6690.907
10781,2022-03-15,6427.873,6565.485
10782,2022-03-16,6510.139,6543.825
10783,2022-03-17,6532.323,6593.7437
10784,2022-03-18,6521.694,6617.016
10785,2022-03-19,6427.413,6395.61
10786,2022-03-20,6369.1787,6241.7964
10787,2022-03-21,6398.295,6668.931
10788,2022-03-22,6448.2104,6790.505
10789,2022-03-23,6503.209,6730.525
10790,2022-03-24,6542.955,6760.0454
10791,2022-03-25,6525.8525,6742.806
10792,2022-03-26,6427.8735,6400.602
10793,2022-03-27,6379.346,6227.0767
10794,2022-03-28,6390.437,6706.202
10795,2022-03-29,6434.345,6677.18
10796,2022-03-30,6507.8276,6715.227
10797,2022-03-31,6558.6675,6702.1265
10798,2022-04-01,6520.77,6694.431
10799,2022-04-02,6425.5625,6366.138
10800,2022-02-03,6220.9087,6456.346
10801,2022-02-04,6287.92,6584.6704
10802,2022-02-05,6257.4204,6286.3784
10803,2022-02-06,6294.853,6029.987
10804,2022-02-07,6281.45,6448.8633
10805,2022-02-08,6162.2207,6450.566
10806,2022-02-09,6227.8433,6440.9097
10807,2022-02-10,6360.4795,6285.4385
10808,2022-02-11,6343.3774,6267.331
10809,2022-02-12,6291.158,6054.2056
10810,2022-02-13,6317.9604,5970.6265
10811,2022-02-14,6311.03,6525.6577
10812,2022-02-15,6251.412,6634.7534
10813,2022-02-16,6297.163,6452.063
10814,2022-02-17,6391.4395,6492.4053
10815,2022-02-18,6363.7124,6645.8525
10816,2022-02-19,6337.8345,6300.391
10817,2022-02-20,6367.4087,6125.728
10818,2022-02-21,6311.951,6587.924
10819,2022-02-22,6260.655,6617.263
10820,2022-02-23,6329.978,6638.067
10821,2022-02-24,6457.9893,6415.2485
10822,2022-02-25,6429.7993,6455.2783
10823,2022-02-26,6379.4263,6133.1367
10824,2022-02-27,6416.3975,5984.863
10825,2022-02-28,6386.8193,6511.946
10826,2022-03-01,6315.65,6552.6157
10827,2022-03-02,6363.2495,6556.565
10828,2022-03-03,6487.565,6520.5806
10829,2022-03-04,6450.5933,6591.069
10830,2022-03-05,6408.078,6267.2925
10831,2022-03-06,6452.445,6072.3906
10832,2022-03-07,6409.9277,6556.843
10833,2022-03-08,6345.227,6563.279
10834,2022-03-09,6387.743,6613.21
10835,2022-03-10,6496.8105,6538.1963
10836,2022-03-11,6465.8457,6596.886
10837,2022-03-12,6434.8813,6260.308
10838,2022-03-13,6457.9893,6143.8823
10839,2022-03-14,6432.1094,6690.907
10840,2022-03-15,6350.3096,6565.485
10841,2022-03-16,6406.6895,6543.825
10842,2022-03-17,6523.614,6593.7437
10843,2022-03-18,6496.3467,6617.016
10844,2022-03-19,6456.6045,6395.61
10845,2022-03-20,6472.7783,6241.7964
10846,2022-03-21,6443.6626,6668.931
10847,2022-03-22,6362.326,6790.505
10848,2022-03-23,6409.9263,6730.525
10849,2022-03-24,6527.312,6760.0454
10850,2022-03-25,6481.5586,6742.806
10851,2022-03-26,6445.051,6400.602
10852,2022-03-27,6463.074,6227.0767
10853,2022-03-28,6409.928,6706.202
10854,2022-03-29,6354.9316,6677.18
10855,2022-03-30,6425.177,6715.227
10856,2022-03-31,6546.2593,6702.1265
10857,2022-04-01,6518.531,6694.431
10858,2022-04-02,6483.87,6366.138
10859,2022-04-03,6512.986,6104.8145
10860,2022-02-04,6512.6606,6584.6704
10861,2022-02-05,6474.7617,6286.3784
10862,2022-02-06,6454.888,6029.987
10863,2022-02-07,6265.852,6448.8633
10864,2022-02-08,6116.1045,6450.566
10865,2022-02-09,6339.341,6440.9097
10866,2022-02-10,6463.207,6285.4385
10867,2022-02-11,6459.5107,6267.331
10868,2022-02-12,6453.0396,6054.2056
10869,2022-02-13,6415.601,5970.6265
10870,2022-02-14,6239.0474,6525.6577
10871,2022-02-15,6118.415,6634.7534
10872,2022-02-16,6338.879,6452.063
10873,2022-02-17,6491.8623,6492.4053
10874,2022-02-18,6511.273,6645.8525
10875,2022-02-19,6487.703,6300.391
10876,2022-02-20,6444.2573,6125.728
10877,2022-02-21,6263.542,6587.924
10878,2022-02-22,6142.449,6617.263
10879,2022-02-23,6389.2563,6638.067
10880,2022-02-24,6531.149,6415.2485
10881,2022-02-25,6536.233,6455.2783
10882,2022-02-26,6515.897,6133.1367
10883,2022-02-27,6461.82,5984.863
10884,2022-02-28,6283.879,6511.946
10885,2022-03-01,6170.1807,6552.6157
10886,2022-03-02,6423.9214,6556.565
10887,2022-03-03,6567.663,6520.5806
10888,2022-03-04,6575.0557,6591.069
10889,2022-03-05,6552.871,6267.2925
10890,2022-03-06,6507.1143,6072.3906
10891,2022-03-07,6314.382,6556.843
10892,2022-03-08,6191.9033,6563.279
10893,2022-03-09,6416.0625,6613.21
10894,2022-03-10,6573.6694,6538.1963
10895,2022-03-11,6588.4614,6596.886
10896,2022-03-12,6580.603,6260.308
10897,2022-03-13,6536.2324,6143.8823
10898,2022-03-14,6356.4424,6690.907
10899,2022-03-15,6248.7524,6565.485
10900,2022-03-16,6459.9727,6543.825
10901,2022-03-17,6619.4277,6593.7437
10902,2022-03-18,6622.662,6617.016
10903,2022-03-19,6580.1406,6395.61
10904,2022-03-20,6526.065,6241.7964
10905,2022-03-21,6335.6436,6668.931
10906,2022-03-22,6251.5264,6790.505
10907,2022-03-23,6453.5024,6730.525
10908,2022-03-24,6602.3267,6760.0454
10909,2022-03-25,6594.4673,6742.806
10910,2022-03-26,6570.8965,6400.602
10911,2022-03-27,6533.459,6227.0767
10912,2022-03-28,6365.223,6706.202
10913,2022-03-29,6272.323,6677.18
10914,2022-03-30,6482.1562,6715.227
10915,2022-03-31,6624.5107,6702.1265
10916,2022-04-01,6629.594,6694.431
10917,2022-04-02,6615.7295,6366.138
10918,2022-04-03,6562.578,6104.8145
10919,2022-04-04,6386.483,6593.1597
10920,2022-02-05,6530.744,6286.3784
10921,2022-02-06,6486.832,6029.987
10922,2022-02-07,6340.2983,6448.8633
10923,2022-02-08,6165.562,6450.566
10924,2022-02-09,6369.4155,6440.9097
10925,2022-02-10,6519.6494,6285.4385
10926,2022-02-11,6515.0283,6267.331
10927,2022-02-12,6502.5464,6054.2056
10928,2022-02-13,6463.256,5970.6265
10929,2022-02-14,6308.4,6525.6577
10930,2022-02-15,6181.7417,6634.7534
10931,2022-02-16,6381.436,6452.063
10932,2022-02-17,6529.359,6492.4053
10933,2022-02-18,6526.121,6645.8525
10934,2022-02-19,6499.7744,6300.391
10935,2022-02-20,6453.547,6125.728
10936,2022-02-21,6309.7876,6587.924
10937,2022-02-22,6199.7695,6617.263
10938,2022-02-23,6423.963,6638.067
10939,2022-02-24,6551.547,6415.2485
10940,2022-02-25,6573.735,6455.2783
10941,2022-02-26,6538.603,6133.1367
10942,2022-02-27,6496.5396,5984.863
10943,2022-02-28,6353.2383,6511.946
10944,2022-03-01,6251.544,6552.6157
10945,2022-03-02,6477.1235,6556.565
10946,2022-03-03,6589.449,6520.5806
10947,2022-03-04,6608.866,6591.069
10948,2022-03-05,6582.516,6267.2925
10949,2022-03-06,6546.46,6072.3906
10950,2022-03-07,6380.5117,6556.843
10951,2022-03-08,6295.455,6563.279
10952,2022-03-09,6496.537,6613.21
10953,2022-03-10,6620.8833,6538.1963
10954,2022-03-11,6639.837,6596.886
10955,2022-03-12,6637.987,6260.308
10956,2022-03-13,6581.5923,6143.8823
10957,2022-03-14,6426.2744,6690.907
10958,2022-03-15,7222.279,6565.485
10959,2022-03-16,6536.292,6543.825
10960,2022-03-17,6667.1113,6593.7437
10961,2022-03-18,6658.7886,6617.016
10962,2022-03-19,6623.197,6395.61
10963,2022-03-20,6556.63,6241.7964
10964,2022-03-21,6390.68,6668.931
10965,2022-03-22,6329.201,6790.505
10966,2022-03-23,6537.216,6730.525
10967,2022-03-24,7511.188,6760.0454
10968,2022-03-25,7504.253,6742.806
10969,2022-03-26,7462.65,6400.602
10970,2022-03-27,6546.4614,6227.0767
10971,2022-03-28,6380.9727,6706.202
10972,2022-03-29,6304.7017,6677.18
10973,2022-03-30,6524.272,6715.227
10974,2022-03-31,6657.864,6702.1265
10975,2022-04-01,6664.3364,6694.431
10976,2022-04-02,6635.6763,6366.138
10977,2022-04-03,6580.669,6104.8145
10978,2022-04-04,6408.2476,6593.1597
10979,2022-04-05,6343.9927,6695.3447
10980,2022-02-06,6215.3643,6029.987
10981,2022-02-07,6322.1543,6448.8633
10982,2022-02-08,6181.6187,6450.566
10983,2022-02-09,6148.335,6440.9097
10984,2022-02-10,6397.0405,6285.4385
10985,2022-02-11,6420.6177,6267.331
10986,2022-02-12,6371.6157,6054.2056
10987,2022-02-13,6332.323,5970.6265
10988,2022-02-14,6369.305,6525.6577
10989,2022-02-15,6230.158,6634.7534
10990,2022-02-16,6222.2983,6452.063
10991,2022-02-17,6453.9033,6492.4053
10992,2022-02-18,6496.8945,6645.8525
10993,2022-02-19,6440.035,6300.391
10994,2022-02-20,6420.6167,6125.728
10995,2022-02-21,6446.507,6587.924
10996,2022-02-22,6314.7544,6617.263
10997,2022-02-23,6306.4346,6638.067
10998,2022-02-24,6553.293,6415.2485
10999,2022-02-25,6569.471,6455.2783
11000,2022-02-26,6520.0073,6133.1367
11001,2022-02-27,6471.4683,5984.863
11002,2022-02-28,6501.0557,6511.946
11003,2022-03-01,6365.1445,6552.6157
11004,2022-03-02,6350.8125,6556.565
11005,2022-03-03,6582.4146,6520.5806
11006,2022-03-04,6600.9067,6591.069
11007,2022-03-05,6519.083,6267.2925
11008,2022-03-06,6481.638,6072.3906
11009,2022-03-07,6519.545,6556.843
11010,2022-03-08,6366.069,6563.279
11011,2022-03-09,6367.456,6613.21
11012,2022-03-10,6611.5386,6538.1963
11013,2022-03-11,6599.983,6596.886
11014,2022-03-12,6557.4536,6260.308
11015,2022-03-13,6526.9434,6143.8823
11016,2022-03-14,6540.812,6690.907
11017,2022-03-15,6407.676,6565.485
11018,2022-03-16,6415.9956,6543.825
11019,2022-03-17,6638.8164,6593.7437
11020,2022-03-18,6634.6533,6617.016
11021,2022-03-19,6564.388,6395.61
11022,2022-03-20,6514.924,6241.7964
11023,2022-03-21,6542.198,6668.931
11024,2022-03-22,6405.3623,6790.505
11025,2022-03-23,6411.8345,6730.525
11026,2022-03-24,6620.3237,6760.0454
11027,2022-03-25,6616.1626,6742.806
11028,2022-03-26,6550.5195,6400.602
11029,2022-03-27,6519.084,6227.0767
11030,2022-03-28,6516.7715,6706.202
11031,2022-03-29,6357.2837,6677.18
11032,2022-03-30,6373.927,6715.227
11033,2022-03-31,6614.7754,6702.1265
11034,2022-04-01,6621.7104,6694.431
11035,2022-04-02,6562.0767,6366.138
11036,2022-04-03,6529.7163,6104.8145
11037,2022-04-04,6524.168,6593.1597
11038,2022-04-05,6391.956,6695.3447
11039,2022-04-06,6429.399,6688.9204
11040,2022-02-07,6213.221,6448.8633
11041,2022-02-08,6351.9214,6450.566
11042,2022-02-09,6342.209,6440.9097
11043,2022-02-10,6352.3823,6285.4385
11044,2022-02-11,6364.865,6267.331
11045,2022-02-12,6208.5977,6054.2056
11046,2022-02-13,6096.253,5970.6265
11047,2022-02-14,6253.445,6525.6577
11048,2022-02-15,6412.948,6634.7534
11049,2022-02-16,6438.373,6452.063
11050,2022-02-17,6438.8354,6492.4053
11051,2022-02-18,6443.9224,6645.8525
11052,2022-02-19,6292.7393,6300.391
11053,2022-02-20,6165.1387,6125.728
11054,2022-02-21,6338.9727,6587.924
11055,2022-02-22,6464.264,6617.263
11056,2022-02-23,6495.7036,6638.067
11057,2022-02-24,6485.5312,6415.2485
11058,2022-02-25,6477.6733,6455.2783
11059,2022-02-26,6326.953,6133.1367
11060,2022-02-27,6195.6533,5984.863
11061,2022-02-28,6342.6733,6511.946
11062,2022-03-01,6498.939,6552.6157
11063,2022-03-02,6522.5195,6556.565
11064,2022-03-03,6529.4507,6520.5806
11065,2022-03-04,6501.713,6591.069
11066,2022-03-05,6372.7236,6267.2925
11067,2022-03-06,6268.701,6072.3906
11068,2022-03-07,6396.7656,6556.843
11069,2022-03-08,6530.838,6563.279
11070,2022-03-09,6569.2124,6613.21
11071,2022-03-10,6581.234,6538.1963
11072,2022-03-11,6566.4395,6596.886
11073,2022-03-12,6426.3564,6260.308
11074,2022-03-13,6325.5664,6143.8823
11075,2022-03-14,6458.7163,6690.907
11076,2022-03-15,6589.5557,6565.485
11077,2022-03-16,6616.834,6543.825
11078,2022-03-17,6612.21,6593.7437
11079,2022-03-18,6593.256,6617.016
11080,2022-03-19,6451.783,6395.61
11081,2022-03-20,6349.145,6241.7964
11082,2022-03-21,6473.5127,6668.931
11083,2022-03-22,6593.2563,6790.505
11084,2022-03-23,6633.015,6730.525
11085,2022-03-24,6627.0044,6760.0454
11086,2022-03-25,6588.17,6742.806
11087,2022-03-26,6433.2876,6400.602
11088,2022-03-27,6327.878,6227.0767
11089,2022-03-28,6454.556,6706.202
11090,2022-03-29,6572.913,6677.18
11091,2022-03-30,6616.369,6715.227
11092,2022-03-31,6631.166,6702.1265
11093,2022-04-01,6618.2207,6694.431
11094,2022-04-02,6449.4717,6366.138
11095,2022-04-03,6342.6743,6104.8145
11096,2022-04-04,6489.6934,6593.1597
11097,2022-04-05,6626.08,6695.3447
11098,2022-04-06,6660.291,6688.9204
11099,2022-04-07,6681.0967,6532.8022
11100,2022-02-08,6491.338,6450.566
11101,2022-02-09,6468.215,6440.9097
11102,2022-02-10,6465.4395,6285.4385
11103,2022-02-11,6445.553,6267.331
11104,2022-02-12,6165.754,6054.2056
11105,2022-02-13,6057.997,5970.6265
11106,2022-02-14,6452.0273,6525.6577
11107,2022-02-15,6511.689,6634.7534
11108,2022-02-16,6538.051,6452.063
11109,2022-02-17,6548.225,6492.4053
11110,2022-02-18,6514.4644,6645.8525
11111,2022-02-19,6217.551,6300.391
11112,2022-02-20,6127.831,6125.728
11113,2022-02-21,6495.502,6587.924
11114,2022-02-22,6544.9873,6617.263
11115,2022-02-23,6557.9375,6638.067
11116,2022-02-24,6528.3374,6415.2485
11117,2022-02-25,6464.054,6455.2783
11118,2022-02-26,6200.9014,6133.1367
11119,2022-02-27,6113.0312,5984.863
11120,2022-02-28,6456.654,6511.946
11121,2022-03-01,6505.677,6552.6157
11122,2022-03-02,6531.576,6556.565
11123,2022-03-03,6526.951,6520.5806
11124,2022-03-04,6480.241,6591.069
11125,2022-03-05,6250.388,6267.2925
11126,2022-03-06,6179.1655,6072.3906
11127,2022-03-07,6502.4404,6556.843
11128,2022-03-08,6585.2246,6563.279
11129,2022-03-09,6594.4746,6613.21
11130,2022-03-10,6577.825,6538.1963
11131,2022-03-11,6532.0386,6596.886
11132,2022-03-12,6297.5586,6260.308
11133,2022-03-13,6218.014,6143.8823
11134,2022-03-14,6531.5757,6690.907
11135,2022-03-15,6595.398,6565.485
11136,2022-03-16,6598.636,6543.825
11137,2022-03-17,6584.3,6593.7437
11138,2022-03-18,6526.4893,6617.016
11139,2022-03-19,6292.4727,6395.61
11140,2022-03-20,6298.486,6241.7964
11141,2022-03-21,6548.6875,6668.931
11142,2022-03-22,6620.373,6790.505
11143,2022-03-23,6616.21,6730.525
11144,2022-03-24,6573.1973,6760.0454
11145,2022-03-25,6531.1133,6742.806
11146,2022-03-26,6319.76,6400.602
11147,2022-03-27,6264.7246,6227.0767
11148,2022-03-28,6564.412,6706.202
11149,2022-03-29,6626.384,6677.18
11150,2022-03-30,6638.872,6715.227
11151,2022-03-31,6604.185,6702.1265
11152,2022-04-01,6554.699,6694.431
11153,2022-04-02,6327.159,6366.138
11154,2022-04-03,6293.398,6104.8145
11155,2022-04-04,6595.86,6593.1597
11156,2022-04-05,6644.42,6695.3447
11157,2022-04-06,6644.8823,6688.9204
11158,2022-04-07,6619.4463,6532.8022
11159,2022-04-08,6578.286,6607.057
11160,2022-02-09,6413.893,6440.9097
11161,2022-02-10,6381.5117,6285.4385
11162,2022-02-11,6382.902,6267.331
11163,2022-02-12,6161.7954,6054.2056
11164,2022-02-13,6045.2295,5970.6265
11165,2022-02-14,6413.893,6525.6577
11166,2022-02-15,6497.6157,6634.7534
11167,2022-02-16,6487.439,6452.063
11168,2022-02-17,6480.0396,6492.4053
11169,2022-02-18,6465.698,6645.8525
11170,2022-02-19,6219.1533,6300.391
11171,2022-02-20,6127.103,6125.728
11172,2022-02-21,6481.888,6587.924
11173,2022-02-22,6543.8726,6617.263
11174,2022-02-23,6532.7715,6638.067
11175,2022-02-24,6526.297,6415.2485
11176,2022-02-25,6513.3423,6455.2783
11177,2022-02-26,6256.159,6133.1367
11178,2022-02-27,6173.36,5984.863
11179,2022-02-28,6513.3433,6511.946
11180,2022-03-01,6559.6,6552.6157
11181,2022-03-02,6573.0156,6556.565
11182,2022-03-03,6565.6143,6520.5806
11183,2022-03-04,6510.105,6591.069
11184,2022-03-05,6264.9487,6267.2925
11185,2022-03-06,6220.5405,6072.3906
11186,2022-03-07,6523.983,6556.843
11187,2022-03-08,6597.5312,6563.279
11188,2022-03-09,6604.4683,6613.21
11189,2022-03-10,6585.9663,6538.1963
11190,2022-03-11,6538.322,6596.886
11191,2022-03-12,6269.11,6260.308
11192,2022-03-13,6224.7046,6143.8823
11193,2022-03-14,6544.797,6690.907
11194,2022-03-15,6602.6177,6565.485
11195,2022-03-16,6581.804,6543.825
11196,2022-03-17,6590.1294,6593.7437
11197,2022-03-18,6542.4844,6617.016
11198,2022-03-19,6291.7773,6395.61
11199,2022-03-20,6227.4795,6241.7964
11200,2022-03-21,6570.2383,6668.931
11201,2022-03-22,6626.208,6790.505
11202,2022-03-23,6607.2437,6730.525
11203,2022-03-24,6582.7295,6760.0454
11204,2022-03-25,6539.7104,6742.806
11205,2022-03-26,6276.0483,6400.602
11206,2022-03-27,6214.0654,6227.0767
11207,2022-03-28,6544.7964,6706.202
11208,2022-03-29,6618.346,6677.18
11209,2022-03-30,6612.7944,6715.227
11210,2022-03-31,6600.7686,6702.1265
11211,2022-04-01,6548.037,6694.431
11212,2022-04-02,6291.7764,6366.138
11213,2022-04-03,6267.2607,6104.8145
11214,2022-04-04,6579.029,6593.1597
11215,2022-04-05,6643.323,6695.3447
11216,2022-04-06,6624.358,6688.9204
11217,2022-04-07,6603.08,6532.8022
11218,2022-04-08,6545.2607,6607.057
11219,2022-04-09,6313.0537,6185.182
11220,2022-02-10,6440.1807,6285.4385
11221,2022-02-11,6445.734,6267.331
11222,2022-02-12,6199.6167,6054.2056
11223,2022-02-13,6042.324,5970.6265
11224,2022-02-14,6394.844,6525.6577
11225,2022-02-15,6494.77,6634.7534
11226,2022-02-16,6499.8574,6452.063
11227,2022-02-17,6493.8438,6492.4053
11228,2022-02-18,6478.1133,6645.8525
11229,2022-02-19,6216.272,6300.391
11230,2022-02-20,6100.6157,6125.728
11231,2022-02-21,6444.806,6587.924
11232,2022-02-22,6537.793,6617.263
11233,2022-02-23,6553.061,6638.067
11234,2022-02-24,6544.2695,6415.2485
11235,2022-02-25,6519.2876,6455.2783
11236,2022-02-26,6260.6826,6133.1367
11237,2022-02-27,6146.8774,5984.863
11238,2022-02-28,6462.8477,6511.946
11239,2022-03-01,6537.7905,6552.6157
11240,2022-03-02,6563.2383,6556.565
11241,2022-03-03,6572.9517,6520.5806
11242,2022-03-04,6526.69,6591.069
11243,2022-03-05,6291.2163,6267.2925
11244,2022-03-06,6175.0957,6072.3906
11245,2022-03-07,6482.74,6556.843
11246,2022-03-08,6576.654,6563.279
11247,2022-03-09,6582.2036,6613.21
11248,2022-03-10,6567.8633,6538.1963
11249,2022-03-11,6520.212,6596.886
11250,2022-03-12,6296.767,6260.308
11251,2022-03-13,6204.7046,6143.8823
11252,2022-03-14,6516.5107,6690.907
11253,2022-03-15,6617.828,6565.485
11254,2022-03-16,6630.3174,6543.825
11255,2022-03-17,6644.66,6593.7437
11256,2022-03-18,6582.6675,6617.016
11257,2022-03-19,6333.315,6395.61
11258,2022-03-20,6251.8936,6241.7964
11259,2022-03-21,6571.5654,6668.931
11260,2022-03-22,6661.314,6790.505
11261,2022-03-23,6665.4775,6730.525
11262,2022-03-24,6633.0923,6760.0454
11263,2022-03-25,6543.344,6742.806
11264,2022-03-26,6316.197,6400.602
11265,2022-03-27,6259.294,6227.0767
11266,2022-03-28,6569.2505,6706.202
11267,2022-03-29,6646.5093,6677.18
11268,2022-03-30,6645.5845,6715.227
11269,2022-03-31,6605.801,6702.1265
11270,2022-04-01,6554.449,6694.431
11271,2022-04-02,6352.2817,6366.138
11272,2022-04-03,6256.9824,6104.8145
11273,2022-04-04,6555.3726,6593.1597
11274,2022-04-05,6625.6914,6695.3447
11275,2022-04-06,6640.497,6688.9204
11276,2022-04-07,6617.3633,6532.8022
11277,2022-04-08,6568.3276,6607.057
11278,2022-04-09,6346.73,6185.182
11279,2022-04-10,6282.426,6071.3223
11280,2022-02-11,6288.663,6267.331
11281,2022-02-12,6113.772,6054.2056
11282,2022-02-13,5971.2695,5970.6265
11283,2022-02-14,6235.456,6525.6577
11284,2022-02-15,6408.033,6634.7534
11285,2022-02-16,6416.3623,6452.063
11286,2022-02-17,6405.2583,6492.4053
11287,2022-02-18,6372.4067,6645.8525
11288,2022-02-19,6186.875,6300.391
11289,2022-02-20,6078.147,6125.728
11290,2022-02-21,6326.14,6587.924
11291,2022-02-22,6488.538,6617.263
11292,2022-02-23,6513.9883,6638.067
11293,2022-02-24,6512.598,6415.2485
11294,2022-02-25,6472.8086,6455.2783
11295,2022-02-26,6259.9756,6133.1367
11296,2022-02-27,6148.0107,5984.863
11297,2022-02-28,6379.8105,6511.946
11298,2022-03-01,6532.0293,6552.6157
11299,2022-03-02,6545.449,6556.565
11300,2022-03-03,6547.301,6520.5806
11301,2022-03-04,6515.3755,6591.069
11302,2022-03-05,6294.2173,6267.2925
11303,2022-03-06,6166.5186,6072.3906
11304,2022-03-07,6399.707,6556.843
11305,2022-03-08,6549.6133,6563.279
11306,2022-03-09,6569.0454,6613.21
11307,2022-03-10,6560.716,6538.1963
11308,2022-03-11,6498.7173,6596.886
11309,2022-03-12,6291.902,6260.308
11310,2022-03-13,6202.6055,6143.8823
11311,2022-03-14,6418.675,6690.907
11312,2022-03-15,6537.1206,6565.485
11313,2022-03-16,6553.3154,6543.825
11314,2022-03-17,6556.09,6593.7437
11315,2022-03-18,6521.85,6617.016
11316,2022-03-19,6325.2144,6395.61
11317,2022-03-20,6220.187,6241.7964
11318,2022-03-21,6420.527,6668.931
11319,2022-03-22,6566.7305,6790.505
11320,2022-03-23,6582.0005,6730.525
11321,2022-03-24,6569.045,6760.0454
11322,2022-03-25,6533.882,6742.806
11323,2022-03-26,6335.8555,6400.602
11324,2022-03-27,6252.112,6227.0767
11325,2022-03-28,6441.3423,6706.202
11326,2022-03-29,6574.5957,6677.18
11327,2022-03-30,6595.88,6715.227
11328,2022-03-31,6596.8057,6702.1265
11329,2022-04-01,6531.5684,6694.431
11330,2022-04-02,6334.931,6366.138
11331,2022-04-03,6255.3506,6104.8145
11332,2022-04-04,6477.897,6593.1597
11333,2022-04-05,6590.3286,6695.3447
11334,2022-04-06,6609.297,6688.9204
11335,2022-04-07,6598.6567,6532.8022
11336,2022-04-08,6535.7314,6607.057
11337,2022-04-09,6327.9907,6185.182
11338,2022-04-10,6256.7393,6071.3223
11339,2022-04-11,6481.136,6548.464
11340,2022-02-12,6033.128,6054.2056
11341,2022-02-13,5924.3945,5970.6265
11342,2022-02-14,6330.1816,6525.6577
11343,2022-02-15,6407.451,6634.7534
11344,2022-02-16,6428.275,6452.063
11345,2022-02-17,6439.378,6492.4053
11346,2022-02-18,6400.5127,6645.8525
11347,2022-02-19,6138.6245,6300.391
11348,2022-02-20,6045.158,6125.728
11349,2022-02-21,6395.422,6587.924
11350,2022-02-22,6474.5444,6617.263
11351,2022-02-23,6485.1875,6638.067
11352,2022-02-24,6474.0806,6415.2485
11353,2022-02-25,6456.9624,6455.2783
11354,2022-02-26,6208.49,6133.1367
11355,2022-02-27,6114.1006,5984.863
11356,2022-02-28,6464.8267,6511.946
11357,2022-03-01,6552.7393,6552.6157
11358,2022-03-02,6555.976,6556.565
11359,2022-03-03,6548.5737,6520.5806
11360,2022-03-04,6521.2764,6591.069
11361,2022-03-05,6277.895,6267.2925
11362,2022-03-06,6174.252,6072.3906
11363,2022-03-07,6492.1255,6556.843
11364,2022-03-08,6580.965,6563.279
11365,2022-03-09,6598.084,6613.21
11366,2022-03-10,6576.801,6538.1963
11367,2022-03-11,6528.68,6596.886
11368,2022-03-12,6270.493,6260.308
11369,2022-03-13,6155.281,6143.8823
11370,2022-03-14,6492.127,6690.907
11371,2022-03-15,6600.397,6565.485
11372,2022-03-16,6594.846,6543.825
11373,2022-03-17,6579.576,6593.7437
11374,2022-03-18,6533.7686,6617.016
11375,2022-03-19,6263.553,6395.61
11376,2022-03-20,6188.5967,6241.7964
11377,2022-03-21,6524.053,6668.931
11378,2022-03-22,6602.2476,6790.505
11379,2022-03-23,6597.159,6730.525
11380,2022-03-24,6594.3833,6760.0454
11381,2022-03-25,6545.3364,6742.806
11382,2022-03-26,6275.5825,6400.602
11383,2022-03-27,6181.6562,6227.0767
11384,2022-03-28,6526.364,6706.202
11385,2022-03-29,6627.697,6677.18
11386,2022-03-30,6623.9956,6715.227
11387,2022-03-31,6594.8438,6702.1265
11388,2022-04-01,6549.962,6694.431
11389,2022-04-02,6298.256,6366.138
11390,2022-04-03,6227.924,6104.8145
11391,2022-04-04,6553.665,6593.1597
11392,2022-04-05,6658.698,6695.3447
11393,2022-04-06,6655.4575,6688.9204
11394,2022-04-07,6637.413,6532.8022
11395,2022-04-08,6576.7993,6607.057
11396,2022-04-09,6325.092,6185.182
11397,2022-04-10,6262.1626,6071.3223
11398,2022-04-11,6584.667,6548.464
11399,2022-04-12,6679.518,6651.454
11400,2022-02-13,5920.8525,5970.6265
11401,2022-02-14,6326.154,6525.6577
11402,2022-02-15,6389.5386,6634.7534
11403,2022-02-16,6383.987,6452.063
11404,2022-02-17,6382.5996,6492.4053
11405,2022-02-18,6379.3613,6645.8525
11406,2022-02-19,6110.083,6300.391
11407,2022-02-20,5999.0425,6125.728
11408,2022-02-21,6392.3154,6587.924
11409,2022-02-22,6448.2983,6617.263
11410,2022-02-23,6461.253,6638.067
11411,2022-02-24,7338.024,6415.2485
11412,2022-02-25,6416.3755,6455.2783
11413,2022-02-26,6144.7876,6133.1367
11414,2022-02-27,6047.6226,5984.863
11415,2022-02-28,6444.1343,6511.946
11416,2022-03-01,6484.3887,6552.6157
11417,2022-03-02,6499.6577,6556.565
11418,2022-03-03,6501.507,6520.5806
11419,2022-03-04,6475.1377,6591.069
11420,2022-03-05,6186.4263,6267.2925
11421,2022-03-06,6092.503,6072.3906
11422,2022-03-07,6463.5674,6556.843
11423,2022-03-08,6525.1025,6563.279
11424,2022-03-09,6548.7007,6613.21
11425,2022-03-10,6536.207,6538.1963
11426,2022-03-11,6496.879,6596.886
11427,2022-03-12,6193.8286,6260.308
11428,2022-03-13,6100.369,6143.8823
11429,2022-03-14,6493.6406,6690.907
11430,2022-03-15,6536.6694,6565.485
11431,2022-03-16,6549.162,6543.825
11432,2022-03-17,6538.0586,6593.7437
11433,2022-03-18,6501.5063,6617.016
11434,2022-03-19,6203.5454,6395.61
11435,2022-03-20,6094.353,6241.7964
11436,2022-03-21,6483.9243,6668.931
11437,2022-03-22,6549.625,6790.505
11438,2022-03-23,6549.1626,6730.525
11439,2022-03-24,6524.179,6760.0454
11440,2022-03-25,6477.449,6742.806
11441,2022-03-26,6179.4863,6400.602
11442,2022-03-27,6094.3525,6227.0767
11443,2022-03-28,6472.36,6706.202
11444,2022-03-29,6548.237,6677.18
11445,2022-03-30,6544.072,6715.227
11446,2022-03-31,6553.3276,6702.1265
11447,2022-04-01,6505.208,6694.431
11448,2022-04-02,6228.9927,6366.138
11449,2022-04-03,6136.919,6104.8145
11450,2022-04-04,6518.6255,6593.1597
11451,2022-04-05,6591.7285,6695.3447
11452,2022-04-06,6605.145,6688.9204
11453,2022-04-07,6580.162,6532.8022
11454,2022-04-08,6527.881,6607.057
11455,2022-04-09,6249.813,6185.182
11456,2022-04-10,6181.7993,6071.3223
11457,2022-04-11,6553.7876,6548.464
11458,2022-04-12,6625.5044,6651.454
11459,2022-04-13,6632.4443,6708.0503
11460,2022-02-14,6353.741,6525.6577
11461,2022-02-15,6411.578,6634.7534
11462,2022-02-16,6412.5024,6452.063
11463,2022-02-17,6394.457,6492.4053
11464,2022-02-18,6365.308,6645.8525
11465,2022-02-19,6097.404,6300.391
11466,2022-02-20,6018.2837,6125.728
11467,2022-02-21,6439.339,6587.924
11468,2022-02-22,6483.293,6617.263
11469,2022-02-23,6490.699,6638.067
11470,2022-02-24,6493.0117,6415.2485
11471,2022-02-25,6459.698,6455.2783
11472,2022-02-26,6183.005,6133.1367
11473,2022-02-27,6091.853,5984.863
11474,2022-02-28,6462.011,6511.946
11475,2022-03-01,6503.6533,6552.6157
11476,2022-03-02,6513.3706,6556.565
11477,2022-03-03,6507.355,6520.5806
11478,2022-03-04,6474.0396,6591.069
11479,2022-03-05,6219.5586,6267.2925
11480,2022-03-06,6114.5254,6072.3906
11481,2022-03-07,6481.9067,6556.843
11482,2022-03-08,6568.429,6563.279
11483,2022-03-09,6582.7744,6613.21
11484,2022-03-10,6569.357,6538.1963
11485,2022-03-11,6522.162,6596.886
11486,2022-03-12,6240.379,6260.308
11487,2022-03-13,6165.4204,6143.8823
11488,2022-03-14,6546.6836,6690.907
11489,2022-03-15,6607.2974,6565.485
11490,2022-03-16,6633.2095,6543.825
11491,2022-03-17,6606.373,6593.7437
11492,2022-03-18,6548.535,6617.016
11493,2022-03-19,6286.1846,6395.61
11494,2022-03-20,6228.81,6241.7964
11495,2022-03-21,6604.058,6668.931
11496,2022-03-22,6646.6265,6790.505
11497,2022-03-23,6651.717,6730.525
11498,2022-03-24,6641.998,6760.0454
11499,2022-03-25,6573.52,6742.806
11500,2022-03-26,6291.277,6400.602
11501,2022-03-27,6261.198,6227.0767
11502,2022-03-28,6629.9707,6706.202
11503,2022-03-29,6673.9263,6677.18
11504,2022-03-30,6667.911,6715.227
11505,2022-03-31,6656.3423,6702.1265
11506,2022-04-01,6599.895,6694.431
11507,2022-04-02,6324.5913,6366.138
11508,2022-04-03,6297.2896,6104.8145
11509,2022-04-04,6657.7305,6593.1597
11510,2022-04-05,6705.852,6695.3447
11511,2022-04-06,6703.074,6688.9204
11512,2022-04-07,6678.554,6532.8022
11513,2022-04-08,6602.6694,6607.057
11514,2022-04-09,6352.35,6185.182
11515,2022-04-10,6327.8286,6071.3223
11516,2022-04-11,6683.642,6548.464
11517,2022-04-12,6741.4795,6651.454
11518,2022-04-13,6739.167,6708.0503
11519,2022-04-14,6714.6426,6742.73
11520,2022-02-15,6551.989,6634.7534
11521,2022-02-16,6544.5864,6452.063
11522,2022-02-17,6520.0596,6492.4053
11523,2022-02-18,6467.76,6645.8525
11524,2022-02-19,6187.2993,6300.391
11525,2022-02-20,6103.9937,6125.728
11526,2022-02-21,6497.8433,6587.924
11527,2022-02-22,6534.4033,6617.263
11528,2022-02-23,6537.181,6638.067
11529,2022-02-24,6539.496,6415.2485
11530,2022-02-25,6495.5293,6455.2783
11531,2022-02-26,6218.7715,6133.1367
11532,2022-02-27,6130.838,5984.863
11533,2022-02-28,6502.0093,6511.946
11534,2022-03-01,6526.0737,6552.6157
11535,2022-03-02,6539.9595,6556.565
11536,2022-03-03,6554.766,6520.5806
11537,2022-03-04,6513.5786,6591.069
11538,2022-03-05,6240.062,6267.2925
11539,2022-03-06,6170.639,6072.3906
11540,2022-03-07,6539.96,6556.843
11541,2022-03-08,6572.3545,6563.279
11542,2022-03-09,6587.625,6613.21
11543,2022-03-10,6590.866,6538.1963
11544,2022-03-11,6564.027,6596.886
11545,2022-03-12,6274.3086,6260.308
11546,2022-03-13,6194.24,6143.8823
11547,2022-03-14,6580.2227,6690.907
11548,2022-03-15,6610.303,6565.485
11549,2022-03-16,6624.6494,6543.825
11550,2022-03-17,6616.319,6593.7437
11551,2022-03-18,6558.47,6617.016
11552,2022-03-19,6259.4976,6395.61
11553,2022-03-20,6201.6465,6241.7964
11554,2022-03-21,6585.31,6668.931
11555,2022-03-22,6638.536,6790.505
11556,2022-03-23,6645.9414,6730.525
11557,2022-03-24,6631.1294,6760.0454
11558,2022-03-25,6576.52,6742.806
11559,2022-03-26,6282.638,6400.602
11560,2022-03-27,6228.0254,6227.0767
11561,2022-03-28,6592.256,6706.202
11562,2022-03-29,6625.5757,6677.18
11563,2022-03-30,6629.2793,6715.227
11564,2022-03-31,6607.0664,6702.1265
11565,2022-04-01,6551.53,6694.431
11566,2022-04-02,6276.623,6366.138
11567,2022-04-03,6229.4155,6104.8145
11568,2022-04-04,6598.7344,6593.1597
11569,2022-04-05,6644.09,6695.3447
11570,2022-04-06,6638.9956,6688.9204
11571,2022-04-07,6618.172,6532.8022
11572,2022-04-08,6550.6025,6607.057
11573,2022-04-09,6287.7305,6185.182
11574,2022-04-10,6259.4976,6071.3223
11575,2022-04-11,6627.8926,6548.464
11576,2022-04-12,6663.064,6651.454
11577,2022-04-13,6699.1626,6708.0503
11578,2022-04-14,6684.3535,6742.73
11579,2022-04-15,6592.257,6299.3975
11580,2022-02-16,6585.071,6452.063
11581,2022-02-17,6571.1826,6492.4053
11582,2022-02-18,6505.4536,6645.8525
11583,2022-02-19,6208.74,6300.391
11584,2022-02-20,6157.3594,6125.728
11585,2022-02-21,6543.873,6587.924
11586,2022-02-22,6585.071,6617.263
11587,2022-02-23,6580.442,6638.067
11588,2022-02-24,6562.389,6415.2485
11589,2022-02-25,6498.5083,6455.2783
11590,2022-02-26,6225.8667,6133.1367
11591,2022-02-27,6172.635,5984.863
11592,2022-02-28,6549.4277,6511.946
11593,2022-03-01,6574.8857,6552.6157
11594,2022-03-02,6573.0337,6556.565
11595,2022-03-03,6560.538,6520.5806
11596,2022-03-04,6497.585,6591.069
11597,2022-03-05,6245.3086,6267.2925
11598,2022-03-06,6200.4077,6072.3906
11599,2022-03-07,6555.9077,6556.843
11600,2022-03-08,6608.6777,6563.279
11601,2022-03-09,6610.991,6613.21
11602,2022-03-10,6602.197,6538.1963
11603,2022-03-11,6511.9326,6596.886
11604,2022-03-12,6253.178,6260.308
11605,2022-03-13,6244.3823,6143.8823
11606,2022-03-14,6587.382,6690.907
11607,2022-03-15,6635.524,6565.485
11608,2022-03-16,6643.3945,6543.825
11609,2022-03-17,6635.987,6593.7437
11610,2022-03-18,6562.388,6617.016
11611,2022-03-19,6292.985,6395.61
11612,2022-03-20,6278.174,6241.7964
11613,2022-03-21,6633.6733,6668.931
11614,2022-03-22,6679.0376,6790.505
11615,2022-03-23,6686.4434,6730.525
11616,2022-03-24,6673.483,6760.0454
11617,2022-03-25,6587.3857,6742.806
11618,2022-03-26,6316.594,6400.602
11619,2022-03-27,6280.023,6227.0767
11620,2022-03-28,6639.689,6706.202
11621,2022-03-29,6681.812,6677.18
11622,2022-03-30,6663.761,6715.227
11623,2022-03-31,6648.4863,6702.1265
11624,2022-04-01,6582.2925,6694.431
11625,2022-04-02,6327.241,6366.138
11626,2022-04-03,6322.148,6104.8145
11627,2022-04-04,6651.263,6593.1597
11628,2022-04-05,6709.122,6695.3447
11629,2022-04-06,6738.7485,6688.9204
11630,2022-04-07,6725.7876,6532.8022
11631,2022-04-08,6631.822,6607.057
11632,2022-04-09,6348.533,6185.182
11633,2022-04-10,6337.8867,6071.3223
11634,2022-04-11,6671.1675,6548.464
11635,2022-04-12,6736.433,6651.454
11636,2022-04-13,6762.819,6708.0503
11637,2022-04-14,6755.4126,6742.73
11638,2022-04-15,6645.708,6299.3975
11639,2022-04-16,6387.4175,6364.963
11640,2022-02-17,6401.976,6492.4053
11641,2022-02-18,6393.6445,6645.8525
11642,2022-02-19,6140.881,6300.391
11643,2022-02-20,6052.922,6125.728
11644,2022-02-21,6464.9375,6587.924
11645,2022-02-22,6505.6743,6617.263
11646,2022-02-23,6521.8794,6638.067
11647,2022-02-24,6493.1763,6415.2485
11648,2022-02-25,6461.2324,6455.2783
11649,2022-02-26,6210.7837,6133.1367
11650,2022-02-27,6134.3994,5984.863
11651,2022-02-28,6497.3433,6511.946
11652,2022-03-01,6552.8955,6552.6157
11653,2022-03-02,6561.227,6556.565
11654,2022-03-03,6518.638,6520.5806
11655,2022-03-04,6465.398,6591.069
11656,2022-03-05,6238.095,6267.2925
11657,2022-03-06,6177.9155,6072.3906
11658,2022-03-07,6505.213,6556.843
11659,2022-03-08,6563.5444,6563.279
11660,2022-03-09,6587.152,6613.21
11661,2022-03-10,6567.2476,6538.1963
11662,2022-03-11,6506.6025,6596.886
11663,2022-03-12,6253.839,6260.308
11664,2022-03-13,6181.6187,6143.8823
11665,2022-03-14,6523.7295,6690.907
11666,2022-03-15,6585.301,6565.485
11667,2022-03-16,6576.5063,6543.825
11668,2022-03-17,6552.895,6593.7437
11669,2022-03-18,6483.918,6617.016
11670,2022-03-19,6227.912,6395.61
11671,2022-03-20,6187.638,6241.7964
11672,2022-03-21,6548.266,6668.931
11673,2022-03-22,6600.5786,6790.505
11674,2022-03-23,6589.4673,6730.525
11675,2022-03-24,6564.006,6760.0454
11676,2022-03-25,6491.325,6742.806
11677,2022-03-26,6240.4106,6400.602
11678,2022-03-27,6218.192,6227.0767
11679,2022-03-28,6544.563,6706.202
11680,2022-03-29,6611.226,6677.18
11681,2022-03-30,6582.524,6715.227
11682,2022-03-31,6547.802,6702.1265
11683,2022-04-01,6478.8257,6694.431
11684,2022-04-02,6258.0024,6366.138
11685,2022-04-03,6237.1704,6104.8145
11686,2022-04-04,6571.875,6593.1597
11687,2022-04-05,6620.4844,6695.3447
11688,2022-04-06,6618.17,6688.9204
11689,2022-04-07,6593.1714,6532.8022
11690,2022-04-08,6498.2705,6607.057
11691,2022-04-09,6259.8555,6185.182
11692,2022-04-10,6236.708,6071.3223
11693,2022-04-11,6589.47,6548.464
11694,2022-04-12,6668.1675,6651.454
11695,2022-04-13,6651.9663,6708.0503
11696,2022-04-14,6609.8374,6742.73
11697,2022-04-15,6542.7114,6299.3975
11698,2022-04-16,6322.8154,6364.963
11699,2022-04-17,6307.075,6295.551
11700,2022-02-18,6429.455,6645.8525
11701,2022-02-19,6125.7373,6300.391
11702,2022-02-20,6047.957,6125.728
11703,2022-02-21,6466.03,6587.924
11704,2022-02-22,6511.866,6617.263
11705,2022-02-23,6526.681,6638.067
11706,2022-02-24,6516.494,6415.2485
11707,2022-02-25,6474.826,6455.2783
11708,2022-02-26,6190.554,6133.1367
11709,2022-02-27,6095.643,5984.863
11710,2022-02-28,6514.6445,6511.946
11711,2022-03-01,6563.7188,6552.6157
11712,2022-03-02,6553.533,6556.565
11713,2022-03-03,6536.402,6520.5806
11714,2022-03-04,6492.42,6591.069
11715,2022-03-05,6203.055,6267.2925
11716,2022-03-06,6123.4214,6072.3906
11717,2022-03-07,6522.514,6556.843
11718,2022-03-08,6586.871,6563.279
11719,2022-03-09,6586.405,6613.21
11720,2022-03-10,6575.756,6538.1963
11721,2022-03-11,6526.219,6596.886
11722,2022-03-12,6237.3154,6260.308
11723,2022-03-13,6178.517,6143.8823
11724,2022-03-14,6547.055,6690.907
11725,2022-03-15,6602.612,6565.485
11726,2022-03-16,6599.832,6543.825
11727,2022-03-17,6601.2217,6593.7437
11728,2022-03-18,6539.6465,6617.016
11729,2022-03-19,6260.0024,6395.61
11730,2022-03-20,6182.6855,6241.7964
11731,2022-03-21,6557.7007,6668.931
11732,2022-03-22,6607.7036,6790.505
11733,2022-03-23,6613.7217,6730.525
11734,2022-03-24,6588.721,6760.0454
11735,2022-03-25,6523.9033,6742.806
11736,2022-03-26,6230.372,6400.602
11737,2022-03-27,6174.35,6227.0767
11738,2022-03-28,6561.868,6706.202
11739,2022-03-29,6618.8154,6677.18
11740,2022-03-30,6624.8345,6715.227
11741,2022-03-31,6606.777,6702.1265
11742,2022-04-01,6535.0137,6694.431
11743,2022-04-02,6251.2046,6366.138
11744,2022-04-03,6202.5923,6104.8145
11745,2022-04-04,6594.7407,6593.1597
11746,2022-04-05,6646.5933,6695.3447
11747,2022-04-06,6636.4077,6688.9204
11748,2022-04-07,6616.5,6532.8022
11749,2022-04-08,6540.108,6607.057
11750,2022-04-09,6260.9263,6185.182
11751,2022-04-10,6222.0376,6071.3223
11752,2022-04-11,6572.517,6548.464
11753,2022-04-12,6622.982,6651.454
11754,2022-04-13,6616.0386,6708.0503
11755,2022-04-14,6603.536,6742.73
11756,2022-04-15,6518.8105,6299.3975
11757,2022-04-16,6258.6123,6364.963
11758,2022-04-17,6230.835,6295.551
11759,2022-04-18,6556.312,6658.3315
11760,2022-02-19,6347.505,6300.391
11761,2022-02-20,6175.7144,6125.728
11762,2022-02-21,6504.9404,6587.924
11763,2022-02-22,6620.2393,6617.263
11764,2022-02-23,6637.3726,6638.067
11765,2022-02-24,6620.7036,6415.2485
11766,2022-02-25,6608.201,6455.2783
11767,2022-02-26,6323.889,6133.1367
11768,2022-02-27,6186.3633,5984.863
11769,2022-02-28,6532.7236,6511.946
11770,2022-03-01,6621.63,6552.6157
11771,2022-03-02,6605.4243,6556.565
11772,2022-03-03,6600.332,6520.5806
11773,2022-03-04,6568.38,6591.069
11774,2022-03-05,6300.275,6267.2925
11775,2022-03-06,6222.018,6072.3906
11776,2022-03-07,6548.006,6556.843
11777,2022-03-08,6634.1323,6563.279
11778,2022-03-09,6643.8564,6613.21
11779,2022-03-10,6638.3,6538.1963
11780,2022-03-11,6591.5317,6596.886
11781,2022-03-12,6317.869,6260.308
11782,2022-03-13,6239.614,6143.8823
11783,2022-03-14,6571.1562,6690.907
11784,2022-03-15,6642.0044,6565.485
11785,2022-03-16,6653.5806,6543.825
11786,2022-03-17,6653.119,6593.7437
11787,2022-03-18,6612.372,6617.016
11788,2022-03-19,6316.48,6395.61
11789,2022-03-20,6247.9473,6241.7964
11790,2022-03-21,6593.3823,6668.931
11791,2022-03-22,6664.694,6790.505
11792,2022-03-23,6673.029,6730.525
11793,2022-03-24,6681.825,6760.0454
11794,2022-03-25,6636.448,6742.806
11795,2022-03-26,6358.6167,6400.602
11796,2022-03-27,6284.53,6227.0767
11797,2022-03-28,6585.511,6706.202
11798,2022-03-29,6676.268,6677.18
11799,2022-03-30,6705.4424,6715.227
11800,2022-03-31,6704.5156,6702.1265
11801,2022-04-01,6657.285,6694.431
11802,2022-04-02,6398.9033,6366.138
11803,2022-04-03,6323.425,6104.8145
11804,2022-04-04,6623.0195,6593.1597
11805,2022-04-05,6715.167,6695.3447
11806,2022-04-06,6746.6543,6688.9204
11807,2022-04-07,6717.4814,6532.8022
11808,2022-04-08,6665.1577,6607.057
11809,2022-04-09,6423.909,6185.182
11810,2022-04-10,6322.4995,6071.3223
11811,2022-04-11,6642.9326,6548.464
11812,2022-04-12,6725.8174,6651.454
11813,2022-04-13,6743.413,6708.0503
11814,2022-04-14,6742.489,6742.73
11815,2022-04-15,6681.3643,6299.3975
11816,2022-04-16,6429.9277,6364.963
11817,2022-04-17,6355.841,6295.551
11818,2022-04-18,6665.6206,6658.3315
11819,2022-04-19,6747.1187,6654.384
11820,2022-02-20,6093.486,6125.728
11821,2022-02-21,6524.6006,6587.924
11822,2022-02-22,6577.3887,6617.263
11823,2022-02-23,6557.9395,6638.067
11824,2022-02-24,6546.362,6415.2485
11825,2022-02-25,6526.449,6455.2783
11826,2022-02-26,6239.3496,6133.1367
11827,2022-02-27,6121.732,5984.863
11828,2022-02-28,6542.1973,6511.946
11829,2022-03-01,6591.281,6552.6157
11830,2022-03-02,6583.871,6556.565
11831,2022-03-03,6560.7163,6520.5806
11832,2022-03-04,6533.398,6591.069
11833,2022-03-05,6224.9937,6267.2925
11834,2022-03-06,6148.588,6072.3906
11835,2022-03-07,6521.82,6556.843
11836,2022-03-08,6576.927,6563.279
11837,2022-03-09,6583.409,6613.21
11838,2022-03-10,6567.661,6538.1963
11839,2022-03-11,6533.861,6596.886
11840,2022-03-12,6242.5913,6260.308
11841,2022-03-13,6153.2207,6143.8823
11842,2022-03-14,6561.643,6690.907
11843,2022-03-15,6614.4346,6565.485
11844,2022-03-16,6614.4326,6543.825
11845,2022-03-17,6615.3594,6593.7437
11846,2022-03-18,6574.608,6617.016
11847,2022-03-19,6281.025,6395.61
11848,2022-03-20,6193.044,6241.7964
11849,2022-03-21,6570.4424,6668.931
11850,2022-03-22,6605.6367,6790.505
11851,2022-03-23,6605.172,6730.525
11852,2022-03-24,6576.46,6760.0454
11853,2022-03-25,6523.2104,6742.806
11854,2022-03-26,6234.256,6400.602
11855,2022-03-27,6175.4463,6227.0767
11856,2022-03-28,6560.716,6706.202
11857,2022-03-29,6613.044,6677.18
11858,2022-03-30,6613.9688,6715.227
11859,2022-03-31,6604.244,6702.1265
11860,2022-04-01,6560.717,6694.431
11861,2022-04-02,6256.0186,6366.138
11862,2022-04-03,6183.319,6104.8145
11863,2022-04-04,6573.2207,6593.1597
11864,2022-04-05,6622.308,6695.3447
11865,2022-04-06,6639.4395,6688.9204
11866,2022-04-07,6630.177,6532.8022
11867,2022-04-08,6589.4277,6607.057
11868,2022-04-09,6308.8105,6185.182
11869,2022-04-10,6245.3706,6071.3223
11870,2022-04-11,6620.4546,6548.464
11871,2022-04-12,6672.777,6651.454
11872,2022-04-13,6672.78,6708.0503
11873,2022-04-14,6675.5576,6742.73
11874,2022-04-15,6632.4927,6299.3975
11875,2022-04-16,6338.445,6364.963
11876,2022-04-17,6294.916,6295.551
11877,2022-04-18,6677.41,6658.3315
11878,2022-04-19,6731.59,6654.384
11879,2022-04-20,6738.0723,6655.99
11880,2022-02-21,6482.015,6587.924
11881,2022-02-22,6535.739,6617.263
11882,2022-02-23,6534.3486,6638.067
11883,2022-02-24,6542.6855,6415.2485
11884,2022-02-25,6493.131,6455.2783
11885,2022-02-26,6204.5923,6133.1367
11886,2022-02-27,6103.629,5984.863
11887,2022-02-28,6533.886,6511.946
11888,2022-03-01,6587.6094,6552.6157
11889,2022-03-02,6595.0195,6556.565
11890,2022-03-03,6580.1987,6520.5806
11891,2022-03-04,6548.2427,6591.069
11892,2022-03-05,6273.6,6267.2925
11893,2022-03-06,6178.1943,6072.3906
11894,2022-03-07,6576.494,6556.843
11895,2022-03-08,6619.102,6563.279
11896,2022-03-09,6614.9336,6613.21
11897,2022-03-10,6610.302,6538.1963
11898,2022-03-11,6570.936,6596.886
11899,2022-03-12,6283.7905,6260.308
11900,2022-03-13,6176.804,6143.8823
11901,2022-03-14,6557.0425,6690.907
11902,2022-03-15,6605.208,6565.485
11903,2022-03-16,6604.744,6543.825
11904,2022-03-17,6584.3667,6593.7437
11905,2022-03-18,6519.527,6617.016
11906,2022-03-19,6245.3506,6395.61
11907,2022-03-20,6162.448,6241.7964
11908,2022-03-21,6560.2837,6668.931
11909,2022-03-22,6613.545,6790.505
11910,2022-03-23,6607.524,6730.525
11911,2022-03-24,6600.1133,6760.0454
11912,2022-03-25,6547.779,6742.806
11913,2022-03-26,7157.7236,6400.602
11914,2022-03-27,7078.0645,6227.0767
11915,2022-03-28,6566.304,6706.202
11916,2022-03-29,6626.049,6677.18
11917,2022-03-30,6619.1006,6715.227
11918,2022-03-31,6613.0806,6702.1265
11919,2022-04-01,6577.42,6694.431
11920,2022-04-02,6279.1587,6366.138
11921,2022-04-03,6202.7407,6104.8145
11922,2022-04-04,6600.114,6593.1597
11923,2022-04-05,6655.2256,6695.3447
11924,2022-04-06,6632.5317,6688.9204
11925,2022-04-07,6636.7,6532.8022
11926,2022-04-08,6595.9443,6607.057
11927,2022-04-09,6303.7046,6185.182
11928,2022-04-10,6240.256,6071.3223
11929,2022-04-11,6627.4375,6548.464
11930,2022-04-12,6660.32,6651.454
11931,2022-04-13,6662.1724,6708.0503
11932,2022-04-14,6674.6777,6742.73
11933,2022-04-15,6619.102,6299.3975
11934,2022-04-16,6332.884,6364.963
11935,2022-04-17,6269.4336,6295.551
11936,2022-04-18,6631.142,6658.3315
11937,2022-04-19,6698.297,6654.384
11938,2022-04-20,6704.3174,6655.99
11939,2022-04-21,6693.665,6500.921
11940,2022-02-22,6608.585,6617.263
11941,2022-02-23,6588.199,6638.067
11942,2022-02-24,6575.688,6415.2485
11943,2022-02-25,6527.9688,6455.2783
11944,2022-02-26,6238.868,6133.1367
11945,2022-02-27,6151.767,5984.863
11946,2022-02-28,6543.259,6511.946
11947,2022-03-01,6608.585,6552.6157
11948,2022-03-02,6605.342,6556.565
11949,2022-03-03,6593.2954,6520.5806
11950,2022-03-04,6552.524,6591.069
11951,2022-03-05,6257.3975,6267.2925
11952,2022-03-06,6180.027,6072.3906
11953,2022-03-07,6555.304,6556.843
11954,2022-03-08,6596.075,6563.279
11955,2022-03-09,6597.9277,6613.21
11956,2022-03-10,6581.2495,6538.1963
11957,2022-03-11,6535.844,6596.886
11958,2022-03-12,6247.2056,6260.308
11959,2022-03-13,6173.078,6143.8823
11960,2022-03-14,6553.9146,6690.907
11961,2022-03-15,6597.466,6565.485
11962,2022-03-16,6609.511,6543.825
11963,2022-03-17,6598.3906,6593.7437
11964,2022-03-18,6552.524,6617.016
11965,2022-03-19,6273.615,6395.61
11966,2022-03-20,6221.2607,6241.7964
11967,2022-03-21,6596.074,6668.931
11968,2022-03-22,6640.0894,6790.505
11969,2022-03-23,6636.8477,6730.525
11970,2022-03-24,6625.728,6760.0454
11971,2022-03-25,6562.721,6742.806
11972,2022-03-26,6275.0044,6400.602
11973,2022-03-27,6221.2607,6227.0767
11974,2022-03-28,6589.1265,6706.202
11975,2022-03-29,6618.3145,6677.18
11976,2022-03-30,6627.5806,6715.227
11977,2022-03-31,6613.6816,6702.1265
11978,2022-04-01,6536.772,6694.431
11979,2022-04-02,6248.132,6366.138
11980,2022-04-03,6210.142,6104.8145
11981,2022-04-04,6579.86,6593.1597
11982,2022-04-05,6634.53,6695.3447
11983,2022-04-06,6623.875,6688.9204
11984,2022-04-07,6608.5845,6532.8022
11985,2022-04-08,6535.8477,6607.057
11986,2022-04-09,6255.5454,6185.182
11987,2022-04-10,6234.233,6071.3223
11988,2022-04-11,6582.177,6548.464
11989,2022-04-12,6619.7046,6651.454
11990,2022-04-13,6630.8223,6708.0503
11991,2022-04-14,6598.392,6742.73
11992,2022-04-15,6527.9707,6299.3975
11993,2022-04-16,6255.5454,6364.963
11994,2022-04-17,6262.0317,6295.551
11995,2022-04-18,6599.3193,6658.3315
11996,2022-04-19,6648.429,6654.384
11997,2022-04-20,6653.0625,6655.99
11998,2022-04-21,6635.456,6500.921
11999,2022-04-22,6557.156,6644.343
12000,2022-02-23,6596.3354,6638.067
12001,2022-02-24,6564.8237,6415.2485
12002,2022-02-25,6542.582,6455.2783
12003,2022-02-26,6242.7686,6133.1367
12004,2022-02-27,6146.846,5984.863
12005,2022-02-28,6542.5825,6511.946
12006,2022-03-01,6584.7505,6552.6157
12007,2022-03-02,6585.214,6556.565
12008,2022-03-03,6568.994,6520.5806
12009,2022-03-04,6540.7275,6591.069
12010,2022-03-05,6257.5957,6267.2925
12011,2022-03-06,6145.456,6072.3906
12012,2022-03-07,6533.3125,6556.843
12013,2022-03-08,6575.018,6563.279
12014,2022-03-09,6582.4316,6613.21
12015,2022-03-10,6587.5293,6538.1963
12016,2022-03-11,6537.4824,6596.886
12017,2022-03-12,6275.2056,6260.308
12018,2022-03-13,6179.7495,6143.8823
12019,2022-03-14,6545.826,6690.907
12020,2022-03-15,6614.4077,6565.485
12021,2022-03-16,6606.9927,6543.825
12022,2022-03-17,6592.6255,6593.7437
12023,2022-03-18,6524.5073,6617.016
12024,2022-03-19,6228.8667,6395.61
12025,2022-03-20,6158.8955,6241.7964
12026,2022-03-21,6529.607,6668.931
12027,2022-03-22,6595.8706,6790.505
12028,2022-03-23,6613.9414,6730.525
12029,2022-03-24,6599.1157,6760.0454
12030,2022-03-25,6520.3394,6742.806
12031,2022-03-26,6253.4243,6400.602
12032,2022-03-27,6189.4795,6227.0767
12033,2022-03-28,6543.044,6706.202
12034,2022-03-29,6619.9673,6677.18
12035,2022-03-30,6623.6743,6715.227
12036,2022-03-31,6630.6235,6702.1265
12037,2022-04-01,6565.7495,6694.431
12038,2022-04-02,6274.7427,6366.138
12039,2022-04-03,6225.159,6104.8145
12040,2022-04-04,6586.1387,6593.1597
12041,2022-04-05,6659.355,6695.3447
12042,2022-04-06,6657.0386,6688.9204
12043,2022-04-07,6642.2104,6532.8022
12044,2022-04-08,6564.36,6607.057
12045,2022-04-09,6286.791,6185.182
12046,2022-04-10,6247.4014,6071.3223
12047,2022-04-11,6620.4316,6548.464
12048,2022-04-12,6701.9907,6651.454
12049,2022-04-13,6678.8184,6708.0503
12050,2022-04-14,6656.112,6742.73
12051,2022-04-15,6577.333,6299.3975
12052,2022-04-16,6296.5205,6364.963
12053,2022-04-17,6255.2783,6295.551
12054,2022-04-18,6606.065,6658.3315
12055,2022-04-19,6676.5,6654.384
12056,2022-04-20,6681.1357,6655.99
12057,2022-04-21,6653.793,6500.921
12058,2022-04-22,6576.872,6644.343
12059,2022-04-23,6309.0327,6375.6694
12060,2022-02-24,6595.239,6415.2485
12061,2022-02-25,6563.719,6455.2783
12062,2022-02-26,6278.685,6133.1367
12063,2022-02-27,6146.1343,5984.863
12064,2022-02-28,6553.061,6511.946
12065,2022-03-01,6626.2896,6552.6157
12066,2022-03-02,6627.2183,6556.565
12067,2022-03-03,6599.4087,6520.5806
12068,2022-03-04,6558.6226,6591.069
12069,2022-03-05,6286.5625,6267.2925
12070,2022-03-06,6166.99,6072.3906
12071,2022-03-07,6527.109,6556.843
12072,2022-03-08,6581.7974,6563.279
12073,2022-03-09,6598.945,6613.21
12074,2022-03-10,6573.917,6538.1963
12075,2022-03-11,6531.2783,6596.886
12076,2022-03-12,6265.7075,6260.308
12077,2022-03-13,6166.525,6143.8823
12078,2022-03-14,6534.0605,6690.907
12079,2022-03-15,6598.0186,6565.485
12080,2022-03-16,6607.2876,6543.825
12081,2022-03-17,6605.4336,6593.7437
12082,2022-03-18,6552.5986,6617.016
12083,2022-03-19,6298.6143,6395.61
12084,2022-03-20,6255.976,6241.7964
12085,2022-03-21,6594.312,6668.931
12086,2022-03-22,6682.373,6790.505
12087,2022-03-23,6697.2026,6730.525
12088,2022-03-24,6699.522,6760.0454
12089,2022-03-25,6634.1704,6742.806
12090,2022-03-26,6389.456,6400.602
12091,2022-03-27,6321.3257,6227.0767
12092,2022-03-28,6662.906,6706.202
12093,2022-03-29,6741.232,6677.18
12094,2022-03-30,6747.2573,6715.227
12095,2022-03-31,6743.085,6702.1265
12096,2022-04-01,6651.7827,6694.431
12097,2022-04-02,6405.2124,6366.138
12098,2022-04-03,6361.183,6104.8145
12099,2022-04-04,6709.716,6593.1597
12100,2022-04-05,6769.041,6695.3447
12101,2022-04-06,6790.825,6688.9204
12102,2022-04-07,6763.014,6532.8022
12103,2022-04-08,6664.2954,6607.057
12104,2022-04-09,6411.703,6185.182
12105,2022-04-10,6370.4526,6071.3223
12106,2022-04-11,6726.4014,6548.464
12107,2022-04-12,6793.1426,6651.454
12108,2022-04-13,6797.775,6708.0503
12109,2022-04-14,6793.605,6742.73
12110,2022-04-15,6709.2524,6299.3975
12111,2022-04-16,6470.101,6364.963
12112,2022-04-17,6398.263,6295.551
12113,2022-04-18,6730.108,6658.3315
12114,2022-04-19,6785.7275,6654.384
12115,2022-04-20,6784.799,6655.99
12116,2022-04-21,6782.0186,6500.921
12117,2022-04-22,6702.7627,6644.343
12118,2022-04-23,6460.8296,6375.6694
12119,2022-04-24,6405.677,6222.334
12120,2022-02-25,6355.3325,6455.2783
12121,2022-02-26,6094.37,6133.1367
12122,2022-02-27,6014.183,5984.863
12123,2022-02-28,6450.3574,6511.946
12124,2022-03-01,6499.9556,6552.6157
12125,2022-03-02,6500.417,6556.565
12126,2022-03-03,6460.091,6520.5806
12127,2022-03-04,6398.904,6591.069
12128,2022-03-05,6124.962,6267.2925
12129,2022-03-06,6051.728,6072.3906
12130,2022-03-07,6468.8975,6556.843
12131,2022-03-08,6518.0293,6563.279
12132,2022-03-09,6518.4937,6613.21
12133,2022-03-10,6506.442,6538.1963
12134,2022-03-11,6481.8735,6596.886
12135,2022-03-12,6190.321,6260.308
12136,2022-03-13,6107.813,6143.8823
12137,2022-03-14,6544.9136,6690.907
12138,2022-03-15,6584.314,6565.485
12139,2022-03-16,6575.043,6543.825
12140,2022-03-17,6559.7476,6593.7437
12141,2022-03-18,6527.7637,6617.016
12142,2022-03-19,6225.0825,6395.61
12143,2022-03-20,6142.576,6241.7964
12144,2022-03-21,6570.4087,6668.931
12145,2022-03-22,6604.7095,6790.505
12146,2022-03-23,6609.3423,6730.525
12147,2022-03-24,6592.6577,6760.0454
12148,2022-03-25,6530.0796,6742.806
12149,2022-03-26,6228.3296,6400.602
12150,2022-03-27,6164.3633,6227.0767
12151,2022-03-28,6576.4336,6706.202
12152,2022-03-29,6621.8594,6677.18
12153,2022-03-30,6618.615,6715.227
12154,2022-03-31,6602.392,6702.1265
12155,2022-04-01,6535.1816,6694.431
12156,2022-04-02,6219.0605,6366.138
12157,2022-04-03,6179.6606,6104.8145
12158,2022-04-04,6563.455,6593.1597
12159,2022-04-05,6605.174,6695.3447
12160,2022-04-06,6599.1455,6688.9204
12161,2022-04-07,6595.9023,6532.8022
12162,2022-04-08,6523.1274,6607.057
12163,2022-04-09,6247.7954,6185.182
12164,2022-04-10,6205.6167,6071.3223
12165,2022-04-11,6610.7344,6548.464
12166,2022-04-12,6645.034,6651.454
12167,2022-04-13,6626.4937,6708.0503
12168,2022-04-14,6594.5107,6742.73
12169,2022-04-15,6525.4463,6299.3975
12170,2022-04-16,6230.645,6364.963
12171,2022-04-17,6200.9795,6295.551
12172,2022-04-18,6601.9277,6658.3315
12173,2022-04-19,6661.719,6654.384
12174,2022-04-20,6671.4556,6655.99
12175,2022-04-21,6634.3735,6500.921
12176,2022-04-22,6562.5283,6644.343
12177,2022-04-23,6278.3887,6375.6694
12178,2022-04-24,6256.603,6222.334
12179,2022-04-25,6643.181,6761.1636
12180,2022-02-26,6171.257,6133.1367
12181,2022-02-27,6075.2954,5984.863
12182,2022-02-28,6478.6167,6511.946
12183,2022-03-01,6543.5176,6552.6157
12184,2022-03-02,6537.0273,6556.565
12185,2022-03-03,6538.882,6520.5806
12186,2022-03-04,6504.578,6591.069
12187,2022-03-05,6209.272,6267.2925
12188,2022-03-06,6129.073,6072.3906
12189,2022-03-07,6519.411,6556.843
12190,2022-03-08,6568.554,6563.279
12191,2022-03-09,6565.7695,6613.21
12192,2022-03-10,6564.8423,6538.1963
12193,2022-03-11,6522.655,6596.886
12194,2022-03-12,6228.741,6260.308
12195,2022-03-13,6144.8345,6143.8823
12196,2022-03-14,6524.5127,6690.907
12197,2022-03-15,6584.779,6565.485
12198,2022-03-16,6590.339,6543.825
12199,2022-03-17,6583.85,6593.7437
12200,2022-03-18,6539.346,6617.016
12201,2022-03-19,6257.4844,6395.61
12202,2022-03-20,6187.9473,6241.7964
12203,2022-03-21,6551.862,6668.931
12204,2022-03-22,6594.9746,6790.505
12205,2022-03-23,6590.3374,6730.525
12206,2022-03-24,6578.75,6760.0454
12207,2022-03-25,6539.3457,6742.806
12208,2022-03-26,6279.274,6400.602
12209,2022-03-27,6196.756,6227.0767
12210,2022-03-28,6568.088,6706.202
12211,2022-03-29,6614.448,6677.18
12212,2022-03-30,6614.446,6715.227
12213,2022-03-31,6594.049,6702.1265
12214,2022-04-01,6554.1787,6694.431
12215,2022-04-02,6277.8833,6366.138
12216,2022-04-03,6223.181,6104.8145
12217,2022-04-04,6605.638,6593.1597
12218,2022-04-05,6657.096,6695.3447
12219,2022-04-06,6641.3345,6688.9204
12220,2022-04-07,6629.2812,6532.8022
12221,2022-04-08,6564.379,6607.057
12222,2022-04-09,6291.3276,6185.182
12223,2022-04-10,6235.234,6071.3223
12224,2022-04-11,6596.3667,6548.464
12225,2022-04-12,6660.34,6651.454
12226,2022-04-13,6644.116,6708.0503
12227,2022-04-14,6633.453,6742.73
12228,2022-04-15,6593.585,6299.3975
12229,2022-04-16,6338.15,6364.963
12230,2022-04-17,6306.1626,6295.551
12231,2022-04-18,6654.7773,6658.3315
12232,2022-04-19,6711.7993,6654.384
12233,2022-04-20,6710.8726,6655.99
12234,2022-04-21,6679.348,6500.921
12235,2022-04-22,6608.42,6644.343
12236,2022-04-23,6352.5215,6375.6694
12237,2022-04-24,6328.4136,6222.334
12238,2022-04-25,6662.6606,6761.1636
12239,2022-04-26,6704.3823,6758.191
12240,2022-02-27,6011.933,5984.863
12241,2022-02-28,6457.9136,6511.946
12242,2022-03-01,6525.135,6552.6157
12243,2022-03-02,6506.1274,6556.565
12244,2022-03-03,6494.075,6520.5806
12245,2022-03-04,6455.13,6591.069
12246,2022-03-05,6179.7573,6267.2925
12247,2022-03-06,6104.1904,6072.3906
12248,2022-03-07,6519.57,6556.843
12249,2022-03-08,6577.5205,6563.279
12250,2022-03-09,6572.4224,6613.21
12251,2022-03-10,6560.833,6538.1963
12252,2022-03-11,6492.219,6596.886
12253,2022-03-12,6198.765,6260.308
12254,2022-03-13,6147.767,6143.8823
12255,2022-03-14,6554.342,6690.907
12256,2022-03-15,6587.72,6565.485
12257,2022-03-16,6597.457,6543.825
12258,2022-03-17,6584.0107,6593.7437
12259,2022-03-18,6527.4536,6617.016
12260,2022-03-19,6226.116,6395.61
12261,2022-03-20,6153.795,6241.7964
12262,2022-03-21,6552.0225,6668.931
12263,2022-03-22,6590.966,6790.505
12264,2022-03-23,6586.794,6730.525
12265,2022-03-24,6563.15,6760.0454
12266,2022-03-25,6509.3726,6742.806
12267,2022-03-26,6242.3413,6400.602
12268,2022-03-27,6164.9214,6227.0767
12269,2022-03-28,6552.9507,6706.202
12270,2022-03-29,6594.2095,6677.18
12271,2022-03-30,6596.5273,6715.227
12272,2022-03-31,6600.2363,6702.1265
12273,2022-04-01,6552.95,6694.431
12274,2022-04-02,6251.6133,6366.138
12275,2022-04-03,6187.6367,6104.8145
12276,2022-04-04,6586.7944,6593.1597
12277,2022-04-05,6628.98,6695.3447
12278,2022-04-06,6623.8794,6688.9204
12279,2022-04-07,6624.8096,6532.8022
12280,2022-04-08,6560.832,6607.057
12281,2022-04-09,6269.2314,6185.182
12282,2022-04-10,6221.016,6071.3223
12283,2022-04-11,6607.1924,6548.464
12284,2022-04-12,6659.115,6651.454
12285,2022-04-13,6655.4062,6708.0503
12286,2022-04-14,6626.198,6742.73
12287,2022-04-15,6575.665,6299.3975
12288,2022-04-16,6284.065,6364.963
12289,2022-04-17,6219.162,6295.551
12290,2022-04-18,6596.5293,6658.3315
12291,2022-04-19,6639.642,6654.384
12292,2022-04-20,6640.107,6655.99
12293,2022-04-21,6622.9536,6500.921
12294,2022-04-22,6569.639,6644.343
12295,2022-04-23,6283.139,6375.6694
12296,2022-04-24,6211.744,6222.334
12297,2022-04-25,6578.912,6761.1636
12298,2022-04-26,6628.9795,6758.191
12299,2022-04-27,6638.716,6753.6226
12300,2022-02-28,6423.7427,6511.946
12301,2022-03-01,6496.07,6552.6157
12302,2022-03-02,6471.9604,6556.565
12303,2022-03-03,6448.7812,6520.5806
12304,2022-03-04,6445.535,6591.069
12305,2022-03-05,6176.163,6267.2925
12306,2022-03-06,6091.777,6072.3906
12307,2022-03-07,6496.071,6556.843
12308,2022-03-08,6555.418,6563.279
12309,2022-03-09,6551.246,6613.21
12310,2022-03-10,6518.792,6538.1963
12311,2022-03-11,6496.072,6596.886
12312,2022-03-12,6210.933,6260.308
12313,2022-03-13,6136.2896,6143.8823
12314,2022-03-14,6536.409,6690.907
12315,2022-03-15,6569.7896,6565.485
12316,2022-03-16,6558.2007,6543.825
12317,2022-03-17,6558.201,6593.7437
12318,2022-03-18,6504.8813,6617.016
12319,2022-03-19,6207.689,6395.61
12320,2022-03-20,6139.5317,6241.7964
12321,2022-03-21,6547.072,6668.931
12322,2022-03-22,6602.7104,6790.505
12323,2022-03-23,6580.918,6730.525
12324,2022-03-24,6562.373,6760.0454
12325,2022-03-25,6507.6636,6742.806
12326,2022-03-26,6213.7144,6400.602
12327,2022-03-27,6145.095,6227.0767
12328,2022-03-28,6557.274,6706.202
12329,2022-03-29,6604.1006,6677.18
12330,2022-03-30,6599.463,6715.227
12331,2022-03-31,6581.382,6702.1265
12332,2022-04-01,6506.2725,6694.431
12333,2022-04-02,6229.9443,6366.138
12334,2022-04-03,6162.716,6104.8145
12335,2022-04-04,6567.473,6593.1597
12336,2022-04-05,6599.464,6695.3447
12337,2022-04-06,6599.928,6688.9204
12338,2022-04-07,6586.4805,6532.8022
12339,2022-04-08,6525.2812,6607.057
12340,2022-04-09,6239.679,6185.182
12341,2022-04-10,6202.1245,6071.3223
12342,2022-04-11,6567.473,6548.464
12343,2022-04-12,6630.991,6651.454
12344,2022-04-13,6626.8184,6708.0503
12345,2022-04-14,6616.1543,6742.73
12346,2022-04-15,6564.6904,6299.3975
12347,2022-04-16,6268.888,6364.963
12348,2022-04-17,6228.088,6295.551
12349,2022-04-18,6621.72,6658.3315
12350,2022-04-19,6667.6177,6654.384
12351,2022-04-20,6669.939,6655.99
12352,2022-04-21,6626.357,6500.921
12353,2022-04-22,6583.6973,6644.343
12354,2022-04-23,6319.4243,6375.6694
12355,2022-04-24,6268.4277,6222.334
12356,2022-04-25,6635.628,6761.1636
12357,2022-04-26,6698.2207,6758.191
12358,2022-04-27,6666.2285,6753.6226
12359,2022-04-28,6648.1465,6734.1855
12360,2022-03-01,6592.5264,6552.6157
12361,2022-03-02,6584.643,6556.565
12362,2022-03-03,6553.107,6520.5806
12363,2022-03-04,6515.542,6591.069
12364,2022-03-05,6208.064,6267.2925
12365,2022-03-06,6108.815,6072.3906
12366,2022-03-07,6534.5557,6556.843
12367,2022-03-08,6589.7456,6563.279
12368,2022-03-09,6601.803,6613.21
12369,2022-03-10,6598.5576,6538.1963
12370,2022-03-11,6560.5293,6596.886
12371,2022-03-12,6260.47,6260.308
12372,2022-03-13,6151.485,6143.8823
12373,2022-03-14,6538.7305,6690.907
12374,2022-03-15,6574.4404,6565.485
12375,2022-03-16,6569.8037,6543.825
12376,2022-03-17,6539.196,6593.7437
12377,2022-03-18,6504.8765,6617.016
12378,2022-03-19,6228.935,6395.61
12379,2022-03-20,6144.0664,6241.7964
12380,2022-03-21,6553.108,6668.931
12381,2022-03-22,6602.267,6790.505
12382,2022-03-23,6590.2095,6730.525
12383,2022-03-24,6571.659,6760.0454
12384,2022-03-25,6533.63,6742.806
12385,2022-03-26,6247.949,6400.602
12386,2022-03-27,6191.833,6227.0767
12387,2022-03-28,6570.2676,6706.202
12388,2022-03-29,6605.5156,6677.18
12389,2022-03-30,6589.747,6715.227
12390,2022-03-31,6579.5444,6702.1265
12391,2022-04-01,6523.89,6694.431
12392,2022-04-02,6260.4707,6366.138
12393,2022-04-03,6187.6587,6104.8145
12394,2022-04-04,6596.701,6593.1597
12395,2022-04-05,6637.05,6695.3447
12396,2022-04-06,6640.2983,6688.9204
12397,2022-04-07,6631.022,6532.8022
12398,2022-04-08,6599.485,6607.057
12399,2022-04-09,6303.602,6185.182
12400,2022-04-10,6246.096,6071.3223
12401,2022-04-11,6625.456,6548.464
12402,2022-04-12,6681.573,6651.454
12403,2022-04-13,6663.9507,6708.0503
12404,2022-04-14,6656.529,6742.73
12405,2022-04-15,6609.225,6299.3975
12406,2022-04-16,6301.747,6364.963
12407,2022-04-17,6250.2686,6295.551
12408,2022-04-18,6656.994,6658.3315
12409,2022-04-19,6729.3423,6654.384
12410,2022-04-20,6710.328,6655.99
12411,2022-04-21,6694.096,6500.921
12412,2022-04-22,6629.167,6644.343
12413,2022-04-23,6351.369,6375.6694
12414,2022-04-24,6294.3276,6222.334
12415,2022-04-25,6663.0225,6761.1636
12416,2022-04-26,6685.2837,6758.191
12417,2022-04-27,6700.1245,6753.6226
12418,2022-04-28,6682.037,6734.1855
12419,2022-04-29,6631.0225,6743.184
12420,2022-03-02,6532.041,6556.565
12421,2022-03-03,6505.1387,6520.5806
12422,2022-03-04,6471.7427,6591.069
12423,2022-03-05,6181.8506,6267.2925
12424,2022-03-06,6116.4526,6072.3906
12425,2022-03-07,6521.373,6556.843
12426,2022-03-08,6554.767,6563.279
12427,2022-03-09,6545.0254,6613.21
12428,2022-03-10,6524.154,6538.1963
12429,2022-03-11,6485.194,6596.886
12430,2022-03-12,6193.447,6260.308
12431,2022-03-13,6107.6367,6143.8823
12432,2022-03-14,6527.4004,6690.907
12433,2022-03-15,6565.4336,6565.485
12434,2022-03-16,6579.3486,6543.825
12435,2022-03-17,6545.489,6593.7437
12436,2022-03-18,6508.385,6617.016
12437,2022-03-19,6225.4507,6395.61
12438,2022-03-20,6164.2256,6241.7964
12439,2022-03-21,6561.26,6668.931
12440,2022-03-22,6618.3096,6790.505
12441,2022-03-23,6634.08,6730.525
12442,2022-03-24,6621.556,6760.0454
12443,2022-03-25,6568.217,6742.806
12444,2022-03-26,6288.067,6400.602
12445,2022-03-27,6225.45,6227.0767
12446,2022-03-28,6620.63,6706.202
12447,2022-03-29,6664.226,6677.18
12448,2022-03-30,6654.4883,6715.227
12449,2022-03-31,6622.948,6702.1265
12450,2022-04-01,6582.5957,6694.431
12451,2022-04-02,6301.0527,6366.138
12452,2022-04-03,6263.0195,6104.8145
12453,2022-04-04,6634.081,6593.1597
12454,2022-04-05,6687.42,6695.3447
12455,2022-04-06,6666.5474,6688.9204
12456,2022-04-07,6666.0825,6532.8022
12457,2022-04-08,6623.4106,6607.057
12458,2022-04-09,6348.361,6185.182
12459,2022-04-10,6302.446,6071.3223
12460,2022-04-11,6685.5625,6548.464
12461,2022-04-12,6726.8423,6651.454
12462,2022-04-13,6721.7417,6708.0503
12463,2022-04-14,6718.958,6742.73
12464,2022-04-15,6668.4023,6299.3975
12465,2022-04-16,6397.5293,6364.963
12466,2022-04-17,6346.5073,6295.551
12467,2022-04-18,6726.8433,6658.3315
12468,2022-04-19,6761.6274,6654.384
12469,2022-04-20,6781.11,6655.99
12470,2022-04-21,6762.558,6500.921
12471,2022-04-22,6706.4375,6644.343
12472,2022-04-23,6442.5186,6375.6694
12473,2022-04-24,6398.4575,6222.334
12474,2022-04-25,6758.385,6761.1636
12475,2022-04-26,6794.0986,6758.191
12476,2022-04-27,6785.285,6753.6226
12477,2022-04-28,6782.966,6734.1855
12478,2022-04-29,6721.2783,6743.184
12479,2022-04-30,6423.0386,6314.255
12480,2022-03-03,6512.1646,6520.5806
12481,2022-03-04,6496.857,6591.069
12482,2022-03-05,6212.9746,6267.2925
12483,2022-03-06,6105.3594,6072.3906
12484,2022-03-07,6510.31,6556.843
12485,2022-03-08,6547.4194,6563.279
12486,2022-03-09,6531.1836,6613.21
12487,2022-03-10,6520.517,6538.1963
12488,2022-03-11,6496.858,6596.886
12489,2022-03-12,6219.469,6260.308
12490,2022-03-13,6129.0176,6143.8823
12491,2022-03-14,6521.908,6690.907
12492,2022-03-15,6570.6123,6565.485
12493,2022-03-16,6556.233,6543.825
12494,2022-03-17,6516.803,6593.7437
12495,2022-03-18,6456.038,6617.016
12496,2022-03-19,6182.8237,6395.61
12497,2022-03-20,6106.288,6241.7964
12498,2022-03-21,6515.877,6668.931
12499,2022-03-22,6560.8706,6790.505
12500,2022-03-23,6553.913,6730.525
12501,2022-03-24,6503.819,6760.0454
12502,2022-03-25,6462.0693,6742.806
12503,2022-03-26,6193.9556,6400.602
12504,2022-03-27,6136.439,6227.0767
12505,2022-03-28,6551.5938,6706.202
12506,2022-03-29,6584.064,6677.18
12507,2022-03-30,6566.438,6715.227
12508,2022-03-31,6546.4907,6702.1265
12509,2022-04-01,6487.1167,6694.431
12510,2022-04-02,6217.15,6366.138
12511,2022-04-03,6152.6743,6104.8145
12512,2022-04-04,6553.45,6593.1597
12513,2022-04-05,6604.4736,6695.3447
12514,2022-04-06,6586.8496,6688.9204
12515,2022-04-07,6560.408,6532.8022
12516,2022-04-08,6509.3857,6607.057
12517,2022-04-09,6244.983,6185.182
12518,2022-04-10,6183.2876,6071.3223
12519,2022-04-11,6587.7744,6548.464
12520,2022-04-12,6625.811,6651.454
12521,2022-04-13,6608.649,6708.0503
12522,2022-04-14,6594.2686,6742.73
12523,2022-04-15,6533.967,6299.3975
12524,2022-04-16,6275.596,6364.963
12525,2022-04-17,6214.3677,6295.551
12526,2022-04-18,6570.6143,6658.3315
12527,2022-04-19,6634.627,6654.384
12528,2022-04-20,6619.3193,6655.99
12529,2022-04-21,6586.3867,6500.921
12530,2022-04-22,6534.8965,6644.343
12531,2022-04-23,6264.928,6375.6694
12532,2022-04-24,6208.337,6222.334
12533,2022-04-25,6565.0474,6761.1636
12534,2022-04-26,6619.783,6758.191
12535,2022-04-27,6613.29,6753.6226
12536,2022-04-28,6593.8076,6734.1855
12537,2022-04-29,6545.563,6743.184
12538,2022-04-30,6270.958,6314.255
12539,2022-05-01,6222.2515,6138.287
12540,2022-03-04,6488.5986,6591.069
12541,2022-03-05,6192.628,6267.2925
12542,2022-03-06,6097.0664,6072.3906
12543,2022-03-07,6505.7637,6556.843
12544,2022-03-08,6541.949,6563.279
12545,2022-03-09,6539.165,6613.21
12546,2022-03-10,6513.187,6538.1963
12547,2022-03-11,6484.888,6596.886
12548,2022-03-12,6217.6787,6260.308
12549,2022-03-13,6120.26,6143.8823
12550,2022-03-14,6513.187,6690.907
12551,2022-03-15,6535.4526,6565.485
12552,2022-03-16,6546.5854,6543.825
12553,2022-03-17,6525.712,6593.7437
12554,2022-03-18,6477.9307,6617.016
12555,2022-03-19,6184.2773,6395.61
12556,2022-03-20,6111.91,6241.7964
12557,2022-03-21,6494.166,6668.931
12558,2022-03-22,6543.804,6790.505
12559,2022-03-23,6547.516,6730.525
12560,2022-03-24,6511.7954,6760.0454
12561,2022-03-25,6471.436,6742.806
12562,2022-03-26,6198.6577,6400.602
12563,2022-03-27,6128.1455,6227.0767
12564,2022-03-28,6534.9893,6706.202
12565,2022-03-29,6568.8555,6677.18
12566,2022-03-30,6570.71,6715.227
12567,2022-03-31,6544.27,6702.1265
12568,2022-04-01,6512.7236,6694.431
12569,2022-04-02,6230.667,6366.138
12570,2022-04-03,6147.1646,6104.8145
12571,2022-04-04,6543.341,6593.1597
12572,2022-04-05,6611.5356,6695.3447
12573,2022-04-06,6603.6494,6688.9204
12574,2022-04-07,6568.8555,6532.8022
12575,2022-04-08,6528.958,6607.057
12576,2022-04-09,6274.2764,6185.182
12577,2022-04-10,6187.5254,6071.3223
12578,2022-04-11,6562.361,6548.464
12579,2022-04-12,6634.7314,6651.454
12580,2022-04-13,6637.5117,6708.0503
12581,2022-04-14,6623.1313,6742.73
12582,2022-04-15,6568.3906,6299.3975
12583,2022-04-16,6292.831,6364.963
12584,2022-04-17,6209.328,6295.551
12585,2022-04-18,6595.7593,6658.3315
12586,2022-04-19,6652.3574,6654.384
12587,2022-04-20,6632.4067,6655.99
12588,2022-04-21,6631.4824,6500.921
12589,2022-04-22,6569.319,6644.343
12590,2022-04-23,6279.378,6375.6694
12591,2022-04-24,6201.442,6222.334
12592,2022-04-25,6603.647,6761.1636
12593,2022-04-26,6658.388,6758.191
12594,2022-04-27,6656.9956,6753.6226
12595,2022-04-28,6634.265,6734.1855
12596,2022-04-29,6564.215,6743.184
12597,2022-04-30,6298.8623,6314.255
12598,2022-05-01,6242.267,6138.287
12599,2022-05-02,6600.8623,6171.72
12600,2022-03-05,6229.1587,6267.2925
12601,2022-03-06,6124.3037,6072.3906
12602,2022-03-07,6538.1577,6556.843
12603,2022-03-08,6571.098,6563.279
12604,2022-03-09,6561.3555,6613.21
12605,2022-03-10,6552.5396,6538.1963
12606,2022-03-11,6534.908,6596.886
12607,2022-03-12,6227.3027,6260.308
12608,2022-03-13,6118.2725,6143.8823
12609,2022-03-14,6543.2573,6690.907
12610,2022-03-15,6584.089,6565.485
12611,2022-03-16,6573.417,6543.825
12612,2022-03-17,6537.23,6593.7437
12613,2022-03-18,6502.431,6617.016
12614,2022-03-19,6198.538,6395.61
12615,2022-03-20,6109.919,6241.7964
12616,2022-03-21,6511.247,6668.931
12617,2022-03-22,6573.419,6790.505
12618,2022-03-23,6579.45,6730.525
12619,2022-03-24,6537.6943,6760.0454
12620,2022-03-25,6490.8325,6742.806
12621,2022-03-26,6204.5693,6400.602
12622,2022-03-27,6116.8774,6227.0767
12623,2022-03-28,6525.166,6706.202
12624,2022-03-29,6586.41,6677.18
12625,2022-03-30,6570.6333,6715.227
12626,2022-03-31,6546.51,6702.1265
12627,2022-04-01,6510.3213,6694.431
12628,2022-04-02,6222.6636,6366.138
12629,2022-04-03,6155.3887,6104.8145
12630,2022-04-04,6529.8057,6593.1597
12631,2022-04-05,6593.3687,6695.3447
12632,2022-04-06,6591.5137,6688.9204
12633,2022-04-07,6572.9556,6532.8022
12634,2022-04-08,6530.735,6607.057
12635,2022-04-09,6239.831,6185.182
12636,2022-04-10,6172.091,6071.3223
12637,2022-04-11,6546.045,6548.464
12638,2022-04-12,6596.1523,6651.454
12639,2022-04-13,6598.4727,6708.0503
12640,2022-04-14,6575.275,6742.73
12641,2022-04-15,6542.333,6299.3975
12642,2022-04-16,6245.3994,6364.963
12643,2022-04-17,6166.9883,6295.551
12644,2022-04-18,6568.7783,6658.3315
12645,2022-04-19,6609.6064,6654.384
12646,2022-04-20,6637.9106,6655.99
12647,2022-04-21,6614.2476,6500.921
12648,2022-04-22,6549.757,6644.343
12649,2022-04-23,6276.9473,6375.6694
12650,2022-04-24,6208.7437,6222.334
12651,2022-04-25,6582.6973,6761.1636
12652,2022-04-26,6627.239,6758.191
12653,2022-04-27,6627.703,6753.6226
12654,2022-04-28,6595.225,6734.1855
12655,2022-04-29,6554.3975,6743.184
12656,2022-04-30,6253.285,6314.255
12657,2022-05-01,6199.93,6138.287
12658,2022-05-02,6587.3394,6171.72
12659,2022-05-03,6616.5674,6223.852
12660,2022-03-06,6090.688,6072.3906
12661,2022-03-07,6529.15,6556.843
12662,2022-03-08,6571.372,6563.279
12663,2022-03-09,6571.837,6613.21
12664,2022-03-10,6554.205,6538.1963
12665,2022-03-11,6523.1167,6596.886
12666,2022-03-12,6232.666,6260.308
12667,2022-03-13,6110.6387,6143.8823
12668,2022-03-14,6517.087,6690.907
12669,2022-03-15,6566.732,6565.485
12670,2022-03-16,6552.8125,6543.825
12671,2022-03-17,6545.8525,6593.7437
12672,2022-03-18,6517.0864,6617.016
12673,2022-03-19,6228.4917,6395.61
12674,2022-03-20,6110.174,6241.7964
12675,2022-03-21,6521.2607,6668.931
12676,2022-03-22,6566.732,6790.505
12677,2022-03-23,6556.0596,6730.525
12678,2022-03-24,6540.285,6760.0454
12679,2022-03-25,6514.302,6742.806
12680,2022-03-26,6226.6343,6400.602
12681,2022-03-27,6127.8066,6227.0767
12682,2022-03-28,6540.2856,6706.202
12683,2022-03-29,6589.467,6677.18
12684,2022-03-30,6581.116,6715.227
12685,2022-03-31,6554.6694,6702.1265
12686,2022-04-01,6518.48,6694.431
12687,2022-04-02,6254.473,6366.138
12688,2022-04-03,6162.1406,6104.8145
12689,2022-04-04,6565.8057,6593.1597
12690,2022-04-05,6613.5938,6695.3447
12691,2022-04-06,6600.138,6688.9204
12692,2022-04-07,6582.9717,6532.8022
12693,2022-04-08,6535.1816,6607.057
12694,2022-04-09,6259.576,6185.182
12695,2022-04-10,6184.411,6071.3223
12696,2022-04-11,6561.6294,6548.464
12697,2022-04-12,6633.08,6651.454
12698,2022-04-13,6607.0986,6708.0503
12699,2022-04-14,6604.7793,6742.73
12700,2022-04-15,6576.94,6299.3975
12701,2022-04-16,6311.5425,6364.963
12702,2022-04-17,6214.5713,6295.551
12703,2022-04-18,6606.6333,6658.3315
12704,2022-04-19,6653.4956,6654.384
12705,2022-04-20,6651.1777,6655.99
12706,2022-04-21,6628.9077,6500.921
12707,2022-04-22,6588.5396,6644.343
12708,2022-04-23,6289.2725,6375.6694
12709,2022-04-24,6213.6426,6222.334
12710,2022-04-25,6597.8213,6761.1636
12711,2022-04-26,6650.248,6758.191
12712,2022-04-27,6659.529,6753.6226
12713,2022-04-28,6644.2183,6734.1855
12714,2022-04-29,6595.963,6743.184
12715,2022-04-30,6317.5767,6314.255
12716,2022-05-01,6246.5854,6138.287
12717,2022-05-02,6616.3774,6171.72
12718,2022-05-03,6667.881,6223.852
12719,2022-05-04,6654.889,6764.3076
12720,2022-03-07,6498.647,6556.843
12721,2022-03-08,6551.5454,6563.279
12722,2022-03-09,6554.3296,6613.21
12723,2022-03-10,6511.174,6538.1963
12724,2022-03-11,6484.2627,6596.886
12725,2022-03-12,6193.3174,6260.308
12726,2022-03-13,6090.306,6143.8823
12727,2022-03-14,6520.4546,6690.907
12728,2022-03-15,6559.898,6565.485
12729,2022-03-16,6562.6826,6543.825
12730,2022-03-17,6565.4673,6593.7437
12731,2022-03-18,6532.054,6617.016
12732,2022-03-19,6225.3354,6395.61
12733,2022-03-20,6113.0405,6241.7964
12734,2022-03-21,6519.064,6668.931
12735,2022-03-22,6552.4736,6790.505
12736,2022-03-23,6552.01,6730.525
12737,2022-03-24,6532.5205,6760.0454
12738,2022-03-25,6508.855,6742.806
12739,2022-03-26,6220.6963,6400.602
12740,2022-03-27,6128.821,6227.0767
12741,2022-03-28,6539.944,6706.202
12742,2022-03-29,6594.235,6677.18
12743,2022-03-30,6580.315,6715.227
12744,2022-03-31,6536.232,6702.1265
12745,2022-04-01,6500.0386,6694.431
12746,2022-04-02,6214.199,6366.138
12747,2022-04-03,6132.996,6104.8145
12748,2022-04-04,6536.6973,6593.1597
12749,2022-04-05,6574.2837,6695.3447
12750,2022-04-06,6585.8843,6688.9204
12751,2022-04-07,6561.7544,6532.8022
12752,2022-04-08,6511.1733,6607.057
12753,2022-04-09,6205.3843,6185.182
12754,2022-04-10,6145.0596,6071.3223
12755,2022-04-11,6527.8823,6548.464
12756,2022-04-12,6577.5312,6651.454
12757,2022-04-13,6580.3145,6708.0503
12758,2022-04-14,6538.553,6742.73
12759,2022-04-15,6483.7983,6299.3975
12760,2022-04-16,6210.025,6364.963
12761,2022-04-17,6141.3486,6295.551
12762,2022-04-18,6532.0557,6658.3315
12763,2022-04-19,6595.1626,6654.384
12764,2022-04-20,6594.235,6655.99
12765,2022-04-21,6575.6724,6500.921
12766,2022-04-22,6520.9204,6644.343
12767,2022-04-23,6242.505,6375.6694
12768,2022-04-24,6177.543,6222.334
12769,2022-04-25,6534.377,6761.1636
12770,2022-04-26,6588.203,6758.191
12771,2022-04-27,6604.9077,6753.6226
12772,2022-04-28,6571.498,6734.1855
12773,2022-04-29,6532.0566,6743.184
12774,2022-04-30,6267.096,6314.255
12775,2022-05-01,6196.5684,6138.287
12776,2022-05-02,6582.1704,6171.72
12777,2022-05-03,6629.037,6223.852
12778,2022-05-04,6634.6055,6764.3076
12779,2022-05-05,6609.5474,6869.4707
12780,2022-03-08,6592.4775,6563.279
12781,2022-03-09,6586.4443,6613.21
12782,2022-03-10,6539.098,6538.1963
12783,2022-03-11,6511.25,6596.886
12784,2022-03-12,6204.438,6260.308
12785,2022-03-13,6096.7563,6143.8823
12786,2022-03-14,6531.208,6690.907
12787,2022-03-15,6567.4106,6565.485
12788,2022-03-16,6559.986,6543.825
12789,2022-03-17,6548.8438,6593.7437
12790,2022-03-18,6516.8193,6617.016
12791,2022-03-19,6215.5786,6395.61
12792,2022-03-20,6116.2505,6241.7964
12793,2022-03-21,6545.1333,6668.931
12794,2022-03-22,6577.6245,6790.505
12795,2022-03-23,6605.4727,6730.525
12796,2022-03-24,6575.303,6760.0454
12797,2022-03-25,6495.9307,6742.806
12798,2022-03-26,6216.0425,6400.602
12799,2022-03-27,6140.386,6227.0767
12800,2022-03-28,6556.7363,6706.202
12801,2022-03-29,6592.013,6677.18
12802,2022-03-30,6585.5117,6715.227
12803,2022-03-31,6561.8413,6702.1265
12804,2022-04-01,6506.6055,6694.431
12805,2022-04-02,6207.688,6366.138
12806,2022-04-03,6153.382,6104.8145
12807,2022-04-04,6569.2686,6593.1597
12808,2022-04-05,6606.402,6695.3447
12809,2022-04-06,6586.4414,6688.9204
12810,2022-04-07,6567.8765,6532.8022
12811,2022-04-08,6530.281,6607.057
12812,2022-04-09,6246.214,6185.182
12813,2022-04-10,6171.9463,6071.3223
12814,2022-04-11,6581.8013,6548.464
12815,2022-04-12,6635.643,6651.454
12816,2022-04-13,6610.578,6708.0503
12817,2022-04-14,6599.9033,6742.73
12818,2022-04-15,6553.4863,6299.3975
12819,2022-04-16,6259.2095,6364.963
12820,2022-04-17,6213.259,6295.551
12821,2022-04-18,6587.8354,6658.3315
12822,2022-04-19,6639.359,6654.384
12823,2022-04-20,6635.1787,6655.99
12824,2022-04-21,6630.0723,6500.921
12825,2022-04-22,6592.942,6644.343
12826,2022-04-23,6306.554,6375.6694
12827,2022-04-24,6258.746,6222.334
12828,2022-04-25,6617.542,6761.1636
12829,2022-04-26,6652.8184,6758.191
12830,2022-04-27,6646.7837,6753.6226
12831,2022-04-28,6636.109,6734.1855
12832,2022-04-29,6592.478,6743.184
12833,2022-04-30,6286.594,6314.255
12834,2022-05-01,6239.2515,6138.287
12835,2022-05-02,6616.6143,6171.72
12836,2022-05-03,6660.243,6223.852
12837,2022-05-04,6658.3887,6764.3076
12838,2022-05-05,6650.496,6869.4707
12839,2022-05-06,6569.732,6928.258
12840,2022-03-09,6569.9727,6613.21
12841,2022-03-10,6549.55,6538.1963
12842,2022-03-11,6532.8374,6596.886
12843,2022-03-12,6219.5005,6260.308
12844,2022-03-13,6118.301,6143.8823
12845,2022-03-14,6522.625,6690.907
12846,2022-03-15,6548.6226,6565.485
12847,2022-03-16,6542.588,6543.825
12848,2022-03-17,6541.6587,6593.7437
12849,2022-03-18,6530.515,6617.016
12850,2022-03-19,6222.285,6395.61
12851,2022-03-20,6143.8306,6241.7964
12852,2022-03-21,6562.547,6668.931
12853,2022-03-22,6591.794,6790.505
12854,2022-03-23,6579.259,6730.525
12855,2022-03-24,6544.4424,6760.0454
12856,2022-03-25,6539.8,6742.806
12857,2022-03-26,6244.1025,6400.602
12858,2022-03-27,6156.366,6227.0767
12859,2022-03-28,6536.553,6706.202
12860,2022-03-29,6583.438,6677.18
12861,2022-03-30,6582.0464,6715.227
12862,2022-03-31,6563.939,6702.1265
12863,2022-04-01,6522.1606,6694.431
12864,2022-04-02,6219.033,6366.138
12865,2022-04-03,6167.041,6104.8145
12866,2022-04-04,6550.944,6593.1597
12867,2022-04-05,6589.9355,6695.3447
12868,2022-04-06,6579.2607,6688.9204
12869,2022-04-07,6574.155,6532.8022
12870,2022-04-08,6545.838,6607.057
12871,2022-04-09,6251.531,6185.182
12872,2022-04-10,6206.036,6071.3223
12873,2022-04-11,6584.3667,6548.464
12874,2022-04-12,6641.464,6651.454
12875,2022-04-13,6633.573,6708.0503
12876,2022-04-14,6617.7905,6742.73
12877,2022-04-15,6567.192,6299.3975
12878,2022-04-16,6274.2754,6364.963
12879,2022-04-17,6221.3545,6295.551
12880,2022-04-18,6609.899,6658.3315
12881,2022-04-19,6667.9243,6654.384
12882,2022-04-20,6672.5664,6655.99
12883,2022-04-21,6641.4644,6500.921
12884,2022-04-22,6570.9062,6644.343
12885,2022-04-23,6273.81,6375.6694
12886,2022-04-24,6235.2812,6222.334
12887,2022-04-25,6606.6475,6761.1636
12888,2022-04-26,6641.0005,6758.191
12889,2022-04-27,6637.286,6753.6226
12890,2022-04-28,6602.9355,6734.1855
12891,2022-04-29,6574.1543,6743.184
12892,2022-04-30,6283.0967,6314.255
12893,2022-05-01,6221.819,6138.287
12894,2022-05-02,6595.9727,6171.72
12895,2022-05-03,6629.859,6223.852
12896,2022-05-04,6628.467,6764.3076
12897,2022-05-05,6614.5405,6869.4707
12898,2022-05-06,6577.4023,6928.258
12899,2022-05-07,6309.09,6462.505
12900,2022-03-10,6560.511,6538.1963
12901,2022-03-11,6547.0474,6596.886
12902,2022-03-12,6262.92,6260.308
12903,2022-03-13,6107.392,6143.8823
12904,2022-03-14,6534.9775,6690.907
12905,2022-03-15,6579.5474,6565.485
12906,2022-03-16,6571.6562,6543.825
12907,2022-03-17,6536.371,6593.7437
12908,2022-03-18,6527.085,6617.016
12909,2022-03-19,6216.0273,6395.61
12910,2022-03-20,6097.6436,6241.7964
12911,2022-03-21,6516.871,6668.931
12912,2022-03-22,6574.4404,6790.505
12913,2022-03-23,6579.5454,6730.525
12914,2022-03-24,6535.9062,6760.0454
12915,2022-03-25,6502.4795,6742.806
12916,2022-03-26,6195.1367,6400.602
12917,2022-03-27,6091.143,6227.0767
12918,2022-03-28,6513.623,6706.202
12919,2022-03-29,6562.834,6677.18
12920,2022-03-30,6543.335,6715.227
12921,2022-03-31,6516.871,6702.1265
12922,2022-04-01,6485.7637,6694.431
12923,2022-04-02,6211.852,6366.138
12924,2022-04-03,6149.1724,6104.8145
12925,2022-04-04,6534.514,6593.1597
12926,2022-04-05,6573.9775,6695.3447
12927,2022-04-06,6561.4395,6688.9204
12928,2022-04-07,6553.549,6532.8022
12929,2022-04-08,6522.9062,6607.057
12930,2022-04-09,6224.8496,6185.182
12931,2022-04-10,6153.3525,6071.3223
12932,2022-04-11,6548.442,6548.464
12933,2022-04-12,6603.69,6651.454
12934,2022-04-13,6587.905,6708.0503
12935,2022-04-14,6560.049,6742.73
12936,2022-04-15,6514.5513,6299.3975
12937,2022-04-16,6238.7773,6364.963
12938,2022-04-17,6159.851,6295.551
12939,2022-04-18,6561.4414,6658.3315
12940,2022-04-19,6612.976,6654.384
12941,2022-04-20,6611.1177,6655.99
12942,2022-04-21,6586.0454,6500.921
12943,2022-04-22,6539.6226,6644.343
12944,2022-04-23,6244.8125,6375.6694
12945,2022-04-24,6188.6367,6222.334
12946,2022-04-25,6574.9043,6761.1636
12947,2022-04-26,6628.2944,6758.191
12948,2022-04-27,6612.975,6753.6226
12949,2022-04-28,6587.904,6734.1855
12950,2022-04-29,6542.87,6743.184
12951,2022-04-30,6257.3486,6314.255
12952,2022-05-01,6203.0293,6138.287
12953,2022-05-02,6591.1543,6171.72
12954,2022-05-03,6645.0073,6223.852
12955,2022-05-04,6639.9004,6764.3076
12956,2022-05-05,6592.0825,6869.4707
12957,2022-05-06,6529.8706,6928.258
12958,2022-05-07,6274.0625,6462.505
12959,2022-05-08,6205.8164,6204.3804
12960,2022-03-11,6524.2954,6596.886
12961,2022-03-12,6215.074,6260.308
12962,2022-03-13,6076.716,6143.8823
12963,2022-03-14,6502.473,6690.907
12964,2022-03-15,6552.6167,6565.485
12965,2022-03-16,6564.689,6543.825
12966,2022-03-17,6526.1533,6593.7437
12967,2022-03-18,6498.295,6617.016
12968,2022-03-19,6201.6094,6395.61
12969,2022-03-20,6088.3223,6241.7964
12970,2022-03-21,6525.2246,6668.931
12971,2022-03-22,6568.4033,6790.505
12972,2022-03-23,6566.082,6730.525
12973,2022-03-24,6517.7964,6760.0454
12974,2022-03-25,6476.9375,6742.806
12975,2022-03-26,6197.4326,6400.602
12976,2022-03-27,6112.466,6227.0767
12977,2022-03-28,6520.581,6706.202
12978,2022-03-29,6560.976,6677.18
12979,2022-03-30,6568.4062,6715.227
12980,2022-03-31,6547.047,6702.1265
12981,2022-04-01,6497.831,6694.431
12982,2022-04-02,6211.3594,6366.138
12983,2022-04-03,6155.6455,6104.8145
12984,2022-04-04,6568.868,6593.1597
12985,2022-04-05,6618.5493,6695.3447
12986,2022-04-06,6614.369,6688.9204
12987,2022-04-07,6600.4404,6532.8022
12988,2022-04-08,6529.406,6607.057
12989,2022-04-09,6245.7183,6185.182
12990,2022-04-10,6164.929,6071.3223
12991,2022-04-11,6557.261,6548.464
12992,2022-04-12,6605.082,6651.454
12993,2022-04-13,6609.2627,6708.0503
12994,2022-04-14,6606.4756,6742.73
12995,2022-04-15,6549.834,6299.3975
12996,2022-04-16,6245.7163,6364.963
12997,2022-04-17,6200.68,6295.551
12998,2022-04-18,6597.6543,6658.3315
12999,2022-04-19,6615.7617,6654.384
13000,2022-04-20,6635.2627,6655.99
13001,2022-04-21,6610.1914,6500.921
13002,2022-04-22,6553.547,6644.343
13003,2022-04-23,6261.9683,6375.6694
13004,2022-04-24,6192.7896,6222.334
13005,2022-04-25,6583.726,6761.1636
13006,2022-04-26,6634.7954,6758.191
13007,2022-04-27,6652.4414,6753.6226
13008,2022-04-28,6623.19,6734.1855
13009,2022-04-29,6547.9756,6743.184
13010,2022-04-30,6229.0024,6314.255
13011,2022-05-01,6197.4316,6138.287
13012,2022-05-02,6570.725,6171.72
13013,2022-05-03,6616.228,6223.852
13014,2022-05-04,6623.1895,6764.3076
13015,2022-05-05,6611.583,6869.4707
13016,2022-05-06,6550.761,6928.258
13017,2022-05-07,6257.788,6462.505
13018,2022-05-08,6204.86,6204.3804
13019,2022-05-09,6593.011,6883.0767
13020,2022-03-12,6266.808,6260.308
13021,2022-03-13,6109.8613,6143.8823
13022,2022-03-14,6524.053,6690.907
13023,2022-03-15,6604.3843,6565.485
13024,2022-03-16,6614.135,6543.825
13025,2022-03-17,6614.135,6593.7437
13026,2022-03-18,6587.2036,6617.016
13027,2022-03-19,6263.094,6395.61
13028,2022-03-20,6143.293,6241.7964
13029,2022-03-21,6555.1646,6668.931
13030,2022-03-22,6620.172,6790.505
13031,2022-03-23,6628.9927,6730.525
13032,2022-03-24,6593.705,6760.0454
13033,2022-03-25,6563.058,6742.806
13034,2022-03-26,6253.3423,6400.602
13035,2022-03-27,6127.9707,6227.0767
13036,2022-03-28,6532.8774,6706.202
13037,2022-03-29,6589.9893,6677.18
13038,2022-03-30,6559.3438,6715.227
13039,2022-03-31,6537.055,6702.1265
13040,2022-04-01,6509.659,6694.431
13041,2022-04-02,6231.053,6366.138
13042,2022-04-03,6154.437,6104.8145
13043,2022-04-04,6563.524,6593.1597
13044,2022-04-05,6640.14,6695.3447
13045,2022-04-06,6618.3154,6688.9204
13046,2022-04-07,6602.0605,6532.8022
13047,2022-04-08,6588.1323,6607.057
13048,2022-04-09,6300.24,6185.182
13049,2022-04-10,6205.9795,6071.3223
13050,2022-04-11,6601.135,6548.464
13051,2022-04-12,6668.465,6651.454
13052,2022-04-13,6648.962,6708.0503
13053,2022-04-14,6635.9604,6742.73
13054,2022-04-15,6597.884,6299.3975
13055,2022-04-16,6310.922,6364.963
13056,2022-04-17,6212.48,6295.551
13057,2022-04-18,6607.635,6658.3315
13058,2022-04-19,6668.4644,6654.384
13059,2022-04-20,6671.2505,6655.99
13060,2022-04-21,6641.997,6500.921
13061,2022-04-22,6586.2754,6644.343
13062,2022-04-23,6290.49,6375.6694
13063,2022-04-24,6202.7275,6222.334
13064,2022-04-25,6586.277,6761.1636
13065,2022-04-26,6673.107,6758.191
13066,2022-04-27,6656.8564,6753.6226
13067,2022-04-28,6647.1045,6734.1855
13068,2022-04-29,6594.169,6743.184
13069,2022-04-30,6321.135,6314.255
13070,2022-05-01,6247.772,6138.287
13071,2022-05-02,6626.21,6171.72
13072,2022-05-03,6706.54,6223.852
13073,2022-05-04,6694.004,6764.3076
13074,2022-05-05,6691.6826,6869.4707
13075,2022-05-06,6646.64,6928.258
13076,2022-05-07,6356.89,6462.505
13077,2022-05-08,6278.88,6204.3804
13078,2022-05-09,6645.7114,6883.0767
13079,2022-05-10,6726.973,6997.5327
13080,2022-03-13,6073.5693,6143.8823
13081,2022-03-14,6528.618,6690.907
13082,2022-03-15,6570.409,6565.485
13083,2022-03-16,6591.77,6543.825
13084,2022-03-17,6553.694,6593.7437
13085,2022-03-18,6534.192,6617.016
13086,2022-03-19,6237.4795,6395.61
13087,2022-03-20,6111.645,6241.7964
13088,2022-03-21,6546.728,6668.931
13089,2022-03-22,6598.2695,6790.505
13090,2022-03-23,6582.0176,6730.525
13091,2022-03-24,6544.8706,6760.0454
13092,2022-03-25,6514.688,6742.806
13093,2022-03-26,6204.9775,6400.602
13094,2022-03-27,6115.36,6227.0767
13095,2022-03-28,6530.476,6706.202
13096,2022-03-29,6582.483,6677.18
13097,2022-03-30,6580.161,6715.227
13098,2022-03-31,6548.5874,6702.1265
13099,2022-04-01,6532.799,6694.431
13100,2022-04-02,6244.447,6366.138
13101,2022-04-03,6141.825,6104.8145
13102,2022-04-04,6556.48,6593.1597
13103,2022-04-05,6634.9536,6695.3447
13104,2022-04-06,6642.3833,6688.9204
13105,2022-04-07,6619.6313,6532.8022
13106,2022-04-08,6576.4473,6607.057
13107,2022-04-09,6267.663,6185.182
13108,2022-04-10,6156.2227,6071.3223
13109,2022-04-11,6558.8013,6548.464
13110,2022-04-12,6639.1343,6651.454
13111,2022-04-13,6629.3823,6708.0503
13112,2022-04-14,6598.272,6742.73
13113,2022-04-15,6572.7324,6299.3975
13114,2022-04-16,6269.983,6364.963
13115,2022-04-17,6189.189,6295.551
13116,2022-04-18,6588.9844,6658.3315
13117,2022-04-19,6647.4927,6654.384
13118,2022-04-20,6640.5264,6655.99
13119,2022-04-21,6616.8438,6500.921
13120,2022-04-22,6584.3423,6644.343
13121,2022-04-23,6288.558,6375.6694
13122,2022-04-24,6192.439,6222.334
13123,2022-04-25,6590.8423,6761.1636
13124,2022-04-26,6658.1724,6758.191
13125,2022-04-27,6660.9575,6753.6226
13126,2022-04-28,6640.0625,6734.1855
13127,2022-04-29,6589.448,6743.184
13128,2022-04-30,6304.808,6314.255
13129,2022-05-01,6219.369,6138.287
13130,2022-05-02,6595.022,6171.72
13131,2022-05-03,6658.1714,6223.852
13132,2022-05-04,6666.0664,6764.3076
13133,2022-05-05,6651.6724,6869.4707
13134,2022-05-06,6601.523,6928.258
13135,2022-05-07,6309.451,6462.505
13136,2022-05-08,6207.297,6204.3804
13137,2022-05-09,6602.4517,6883.0767
13138,2022-05-10,6681.3887,6997.5327
13139,2022-05-11,6672.567,6763.599
13140,2022-03-14,6522.257,6690.907
13141,2022-03-15,6550.5796,6565.485
13142,2022-03-16,6560.3325,6543.825
13143,2022-03-17,6516.2188,6593.7437
13144,2022-03-18,6498.1094,6617.016
13145,2022-03-19,6195.3574,6395.61
13146,2022-03-20,6109.9155,6241.7964
13147,2022-03-21,6524.576,6668.931
13148,2022-03-22,6558.939,6790.505
13149,2022-03-23,6573.335,6730.525
13150,2022-03-24,6552.9023,6760.0454
13151,2022-03-25,6511.575,6742.806
13152,2022-03-26,6216.7173,6400.602
13153,2022-03-27,6133.135,6227.0767
13154,2022-03-28,6541.294,6706.202
13155,2022-03-29,6567.297,6677.18
13156,2022-03-30,6568.6904,6715.227
13157,2022-03-31,6539.9004,6702.1265
13158,2022-04-01,6504.6123,6694.431
13159,2022-04-02,6230.1816,6366.138
13160,2022-04-03,6131.741,6104.8145
13161,2022-04-04,6524.1133,6593.1597
13162,2022-04-05,6584.015,6695.3447
13163,2022-04-06,6575.1914,6688.9204
13164,2022-04-07,6544.08,6532.8022
13165,2022-04-08,6492.0737,6607.057
13166,2022-04-09,6220.8955,6185.182
13167,2022-04-10,6167.9604,6071.3223
13168,2022-04-11,6568.69,6548.464
13169,2022-04-12,6622.555,6651.454
13170,2022-04-13,6625.342,6708.0503
13171,2022-04-14,6622.555,6742.73
13172,2022-04-15,6587.264,6299.3975
13173,2022-04-16,6297.5117,6364.963
13174,2022-04-17,6235.2905,6295.551
13175,2022-04-18,6621.6274,6658.3315
13176,2022-04-19,6645.7725,6654.384
13177,2022-04-20,6662.4907,6655.99
13178,2022-04-21,6661.5605,6500.921
13179,2022-04-22,6612.34,6644.343
13180,2022-04-23,6310.5137,6375.6694
13181,2022-04-24,6266.4014,6222.334
13182,2022-04-25,6634.165,6761.1636
13183,2022-04-26,6688.493,6758.191
13184,2022-04-27,6696.3867,6753.6226
13185,2022-04-28,6648.095,6734.1855
13186,2022-04-29,6597.017,6743.184
13187,2022-04-30,6319.8013,6314.255
13188,2022-05-01,6262.687,6138.287
13189,2022-05-02,6637.878,6171.72
13190,2022-05-03,6686.1714,6223.852
13191,2022-05-04,6701.0317,6764.3076
13192,2022-05-05,6675.0283,6869.4707
13193,2022-05-06,6615.589,6928.258
13194,2022-05-07,6339.768,6462.505
13195,2022-05-08,6297.514,6204.3804
13196,2022-05-09,6656.9175,6883.0767
13197,2022-05-10,6694.5317,6997.5327
13198,2022-05-11,6694.531,6763.599
13199,2022-05-12,6665.7407,6886.712
13200,2022-03-15,6657.324,6565.485
13201,2022-03-16,6641.5317,6543.825
13202,2022-03-17,6616.4536,6593.7437
13203,2022-03-18,6585.7954,6617.016
13204,2022-03-19,6269.0225,6395.61
13205,2022-03-20,6144.0796,6241.7964
13206,2022-03-21,6570.4673,6668.931
13207,2022-03-22,6607.1626,6790.505
13208,2022-03-23,6599.2656,6730.525
13209,2022-03-24,6596.9434,6760.0454
13210,2022-03-25,6568.145,6742.806
13211,2022-03-26,6242.5474,6400.602
13212,2022-03-27,6137.1113,6227.0767
13213,2022-03-28,6562.573,6706.202
13214,2022-03-29,6603.909,6677.18
13215,2022-03-30,6601.588,6715.227
13216,2022-03-31,6568.61,6702.1265
13217,2022-04-01,6523.554,6694.431
13218,2022-04-02,6229.0776,6366.138
13219,2022-04-03,6161.7295,6104.8145
13220,2022-04-04,6573.7188,6593.1597
13221,2022-04-05,6620.6333,6695.3447
13222,2022-04-06,6611.342,6688.9204
13223,2022-04-07,6590.4404,6532.8022
13224,2022-04-08,6560.7144,6607.057
13225,2022-04-09,6268.5586,6185.182
13226,2022-04-10,6193.313,6071.3223
13227,2022-04-11,6602.517,6548.464
13228,2022-04-12,6661.506,6651.454
13229,2022-04-13,6668.0063,6708.0503
13230,2022-04-14,6632.243,6742.73
13231,2022-04-15,6629.457,6299.3975
13232,2022-04-16,6330.799,6364.963
13233,2022-04-17,6231.865,6295.551
13234,2022-04-18,6644.783,6658.3315
13235,2022-04-19,6698.2,6654.384
13236,2022-04-20,6694.946,6655.99
13237,2022-04-21,6659.6455,6500.921
13238,2022-04-22,6612.2725,6644.343
13239,2022-04-23,6325.69,6375.6694
13240,2022-04-24,6260.662,6222.334
13241,2022-04-25,6645.7124,6761.1636
13242,2022-04-26,6715.384,6758.191
13243,2022-04-27,6704.701,6753.6226
13244,2022-04-28,6664.757,6734.1855
13245,2022-04-29,6628.063,6743.184
13246,2022-04-30,6360.989,6314.255
13247,2022-05-01,6291.783,6138.287
13248,2022-05-02,6671.2593,6171.72
13249,2022-05-03,6699.592,6223.852
13250,2022-05-04,6694.9473,6764.3076
13251,2022-05-05,6666.1514,6869.4707
13252,2022-05-06,6632.7095,6928.258
13253,2022-05-07,6357.274,6462.505
13254,2022-05-08,6270.88,6204.3804
13255,2022-05-09,6667.543,6883.0767
13256,2022-05-10,6712.1323,6997.5327
13257,2022-05-11,6695.412,6763.599
13258,2022-05-12,6671.7227,6886.712
13259,2022-05-13,6634.1006,6894.8184
13260,2022-03-16,6564.0005,6543.825
13261,2022-03-17,6552.3867,6593.7437
13262,2022-03-18,6519.408,6617.016
13263,2022-03-19,6210.045,6395.61
13264,2022-03-20,6104.1323,6241.7964
13265,2022-03-21,6544.9536,6668.931
13266,2022-03-22,6561.6777,6790.505
13267,2022-03-23,6562.605,6730.525
13268,2022-03-24,6537.0586,6760.0454
13269,2022-03-25,6496.183,6742.806
13270,2022-03-26,6177.9917,6400.602
13271,2022-03-27,6099.953,6227.0767
13272,2022-03-28,6526.375,6706.202
13273,2022-03-29,6557.033,6677.18
13274,2022-03-30,6548.206,6715.227
13275,2022-03-31,6530.09,6702.1265
13276,2022-04-01,6512.4395,6694.431
13277,2022-04-02,6230.4814,6366.138
13278,2022-04-03,6153.8354,6104.8145
13279,2022-04-04,6552.388,6593.1597
13280,2022-04-05,6610.917,6695.3447
13281,2022-04-06,6594.194,6688.9204
13282,2022-04-07,6570.967,6532.8022
13283,2022-04-08,6522.6606,6607.057
13284,2022-04-09,6249.063,6185.182
13285,2022-04-10,6161.736,6071.3223
13286,2022-04-11,6572.8267,6548.464
13287,2022-04-12,6638.788,6651.454
13288,2022-04-13,6622.0625,6708.0503
13289,2022-04-14,6609.5225,6742.73
13290,2022-04-15,6551.4575,6299.3975
13291,2022-04-16,6273.681,6364.963
13292,2022-04-17,6195.643,6295.551
13293,2022-04-18,6613.7036,6658.3315
13294,2022-04-19,6659.2236,6654.384
13295,2022-04-20,6632.283,6655.99
13296,2022-04-21,6605.808,6500.921
13297,2022-04-22,6564.931,6644.343
13298,2022-04-23,6276.004,6375.6694
13299,2022-04-24,6223.0474,6222.334
13300,2022-04-25,6596.5176,6761.1636
13301,2022-04-26,6649.4707,6758.191
13302,2022-04-27,6642.0396,6753.6226
13303,2022-04-28,6630.4243,6734.1855
13304,2022-04-29,6596.05,6743.184
13305,2022-04-30,6315.953,6314.255
13306,2022-05-01,6245.81,6138.287
13307,2022-05-02,6597.4463,6171.72
13308,2022-05-03,6661.084,6223.852
13309,2022-05-04,6659.227,6764.3076
13310,2022-05-05,6644.8267,6869.4707
13311,2022-05-06,6609.9873,6928.258
13312,2022-05-07,6326.17,6462.505
13313,2022-05-08,6273.6807,6204.3804
13314,2022-05-09,6634.142,6883.0767
13315,2022-05-10,6694.063,6997.5327
13316,2022-05-11,6688.0244,6763.599
13317,2022-05-12,6661.547,6886.712
13318,2022-05-13,6608.5938,6894.8184
13319,2022-05-14,6304.338,6648.1865
13320,2022-03-17,6540.267,6593.7437
13321,2022-03-18,6541.6587,6617.016
13322,2022-03-19,6226.698,6395.61
13323,2022-03-20,6106.848,6241.7964
13324,2022-03-21,6533.2964,6668.931
13325,2022-03-22,6554.667,6790.505
13326,2022-03-23,6543.9814,6730.525
13327,2022-03-24,6526.3306,6760.0454
13328,2022-03-25,6510.9985,6742.806
13329,2022-03-26,6236.919,6400.602
13330,2022-03-27,6112.4214,6227.0767
13331,2022-03-28,6538.872,6706.202
13332,2022-03-29,6584.395,6677.18
13333,2022-03-30,6587.6504,6715.227
13334,2022-03-31,6583.9307,6702.1265
13335,2022-04-01,6547.2324,6694.431
13336,2022-04-02,6258.752,6366.138
13337,2022-04-03,6168.631,6104.8145
13338,2022-04-04,6546.303,6593.1597
13339,2022-04-05,6602.0493,6695.3447
13340,2022-04-06,6610.8745,6688.9204
13341,2022-04-07,6590.4336,6532.8022
13342,2022-04-08,6568.6,6607.057
13343,2022-04-09,6281.05,6185.182
13344,2022-04-10,6184.891,6071.3223
13345,2022-04-11,6575.105,6548.464
13346,2022-04-12,6635.493,6651.454
13347,2022-04-13,6641.071,6708.0503
13348,2022-04-14,6625.2764,6742.73
13349,2022-04-15,6576.0337,6299.3975
13350,2022-04-16,6306.6006,6364.963
13351,2022-04-17,6212.7637,6295.551
13352,2022-04-18,6576.498,6658.3315
13353,2022-04-19,6649.8965,6654.384
13354,2022-04-20,6662.904,6655.99
13355,2022-04-21,6640.6045,6500.921
13356,2022-04-22,6619.237,6644.343
13357,2022-04-23,6348.875,6375.6694
13358,2022-04-24,6239.707,6222.334
13359,2022-04-25,6585.7905,6761.1636
13360,2022-04-26,6652.2188,6758.191
13361,2022-04-27,6662.9033,6753.6226
13362,2022-04-28,6643.8574,6734.1855
13363,2022-04-29,6615.5205,6743.184
13364,2022-04-30,6348.8735,6314.255
13365,2022-05-01,6262.931,6138.287
13366,2022-05-02,6629.9204,6171.72
13367,2022-05-03,6689.3823,6223.852
13368,2022-05-04,6691.2407,6764.3076
13369,2022-05-05,6661.9746,6869.4707
13370,2022-05-06,6615.52,6928.258
13371,2022-05-07,6352.1245,6462.505
13372,2022-05-08,6249.925,6204.3804
13373,2022-05-09,6600.6543,6883.0767
13374,2022-05-10,6668.9424,6997.5327
13375,2022-05-11,6679.1636,6763.599
13376,2022-05-12,6660.1167,6886.712
13377,2022-05-13,6623.8823,6894.8184
13378,2022-05-14,6358.1636,6648.1865
13379,2022-05-15,6282.908,6364.372
13380,2022-03-18,6552.3667,6617.016
13381,2022-03-19,6226.235,6395.61
13382,2022-03-20,6110.558,6241.7964
13383,2022-03-21,6530.529,6668.931
13384,2022-03-22,6549.5786,6790.505
13385,2022-03-23,6537.5015,6730.525
13386,2022-03-24,6530.067,6760.0454
13387,2022-03-25,6511.0195,6742.806
13388,2022-03-26,6213.2275,6400.602
13389,2022-03-27,6125.889,6227.0767
13390,2022-03-28,6550.0425,6706.202
13391,2022-03-29,6580.2407,6677.18
13392,2022-03-30,6556.5464,6715.227
13393,2022-03-31,6516.5923,6702.1265
13394,2022-04-01,6484.074,6694.431
13395,2022-04-02,6203.937,6366.138
13396,2022-04-03,6132.8555,6104.8145
13397,2022-04-04,6544.004,6593.1597
13398,2022-04-05,6594.1777,6695.3447
13399,2022-04-06,6573.272,6688.9204
13400,2022-04-07,6566.767,6532.8022
13401,2022-04-08,6533.7837,6607.057
13402,2022-04-09,6242.497,6185.182
13403,2022-04-10,6167.2363,6071.3223
13404,2022-04-11,6575.595,6548.464
13405,2022-04-12,6627.6274,6651.454
13406,2022-04-13,6626.234,6708.0503
13407,2022-04-14,6609.9736,6742.73
13408,2022-04-15,6577.4546,6299.3975
13409,2022-04-16,6275.017,6364.963
13410,2022-04-17,6191.3926,6295.551
13411,2022-04-18,6605.328,6658.3315
13412,2022-04-19,6634.1313,6654.384
13413,2022-04-20,6641.565,6655.99
13414,2022-04-21,6635.0605,6500.921
13415,2022-04-22,6584.8867,6644.343
13416,2022-04-23,6284.3096,6375.6694
13417,2022-04-24,6194.645,6222.334
13418,2022-04-25,6588.138,6761.1636
13419,2022-04-26,6646.2095,6758.191
13420,2022-04-27,6653.6426,6753.6226
13421,2022-04-28,6644.35,6734.1855
13422,2022-04-29,6608.115,6743.184
13423,2022-04-30,6327.9785,6314.255
13424,2022-05-01,6246.2124,6138.287
13425,2022-05-02,6630.878,6171.72
13426,2022-05-03,6687.556,6223.852
13427,2022-05-04,6685.2344,6764.3076
13428,2022-05-05,6647.1406,6869.4707
13429,2022-05-06,6603.0063,6928.258
13430,2022-05-07,6330.7637,6462.505
13431,2022-05-08,6255.04,6204.3804
13432,2022-05-09,6624.8394,6883.0767
13433,2022-05-10,6679.658,6997.5327
13434,2022-05-11,6680.123,6763.599
13435,2022-05-12,6649.925,6886.712
13436,2022-05-13,6586.2793,6894.8184
13437,2022-05-14,6322.866,6648.1865
13438,2022-05-15,6242.962,6364.372
13439,2022-05-16,6629.018,6268.8813
13440,2022-03-19,6236.246,6395.61
13441,2022-03-20,6111.2607,6241.7964
13442,2022-03-21,6558.697,6668.931
13443,2022-03-22,6574.4927,6790.505
13444,2022-03-23,6568.4556,6730.525
13445,2022-03-24,6533.1426,6760.0454
13446,2022-03-25,6508.5176,6742.806
13447,2022-03-26,6188.8535,6400.602
13448,2022-03-27,6094.533,6227.0767
13449,2022-03-28,6526.636,6706.202
13450,2022-03-29,6576.352,6677.18
13451,2022-03-30,6574.494,6715.227
13452,2022-03-31,6533.61,6702.1265
13453,2022-04-01,6509.912,6694.431
13454,2022-04-02,6191.6406,6366.138
13455,2022-04-03,6108.9375,6104.8145
13456,2022-04-04,6554.9795,6593.1597
13457,2022-04-05,6601.442,6695.3447
13458,2022-04-06,6575.4243,6688.9204
13459,2022-04-07,6544.2925,6532.8022
13460,2022-04-08,6524.779,6607.057
13461,2022-04-09,6230.6714,6185.182
13462,2022-04-10,6140.5312,6071.3223
13463,2022-04-11,6586.5737,6548.464
13464,2022-04-12,6642.3286,6651.454
13465,2022-04-13,6633.5005,6708.0503
13466,2022-04-14,6612.5933,6742.73
13467,2022-04-15,6600.513,6299.3975
13468,2022-04-16,6276.6694,6364.963
13469,2022-04-17,6186.996,6295.551
13470,2022-04-18,6630.713,6658.3315
13471,2022-04-19,6681.8223,6654.384
13472,2022-04-20,6678.105,6655.99
13473,2022-04-21,6645.582,6500.921
13474,2022-04-22,6612.595,6644.343
13475,2022-04-23,6310.587,6375.6694
13476,2022-04-24,6232.9937,6222.334
13477,2022-04-25,6652.552,6761.1636
13478,2022-04-26,6698.0854,6758.191
13479,2022-04-27,6699.4805,6753.6226
13480,2022-04-28,6676.248,6734.1855
13481,2022-04-29,6647.906,6743.184
13482,2022-04-30,6363.091,6314.255
13483,2022-05-01,6274.8086,6138.287
13484,2022-05-02,6689.2563,6171.72
13485,2022-05-03,6726.892,6223.852
13486,2022-05-04,6739.9014,6764.3076
13487,2022-05-05,6719.922,6869.4707
13488,2022-05-06,6666.9546,6928.258
13489,2022-05-07,6366.3413,6462.505
13490,2022-05-08,6268.77,6204.3804
13491,2022-05-09,6680.893,6883.0767
13492,2022-05-10,6723.641,6997.5327
13493,2022-05-11,6713.419,6763.599
13494,2022-05-12,6692.51,6886.712
13495,2022-05-13,6661.38,6894.8184
13496,2022-05-14,6375.6357,6648.1865
13497,2022-05-15,6294.324,6364.372
13498,2022-05-16,6690.6504,6268.8813
13499,2022-05-17,6728.75,6822.7114
13500,2022-03-20,6153.681,6241.7964
13501,2022-03-21,6556.056,6668.931
13502,2022-03-22,6601.5933,6790.505
13503,2022-03-23,6589.0464,6730.525
13504,2022-03-24,6565.3496,6760.0454
13505,2022-03-25,6541.6533,6742.806
13506,2022-03-26,6246.6064,6400.602
13507,2022-03-27,6140.205,6227.0767
13508,2022-03-28,6554.663,6706.202
13509,2022-03-29,6596.015,6677.18
13510,2022-03-30,6571.853,6715.227
13511,2022-03-31,6546.763,6702.1265
13512,2022-04-01,6519.3496,6694.431
13513,2022-04-02,6225.233,6366.138
13514,2022-04-03,6154.608,6104.8145
13515,2022-04-04,6555.5933,6593.1597
13516,2022-04-05,6596.016,6695.3447
13517,2022-04-06,6612.7427,6688.9204
13518,2022-04-07,6604.381,6532.8022
13519,2022-04-08,6558.8457,6607.057
13520,2022-04-09,6285.6377,6185.182
13521,2022-04-10,6217.3354,6071.3223
13522,2022-04-11,6598.804,6548.464
13523,2022-04-12,6648.5205,6651.454
13524,2022-04-13,6646.198,6708.0503
13525,2022-04-14,6622.035,6742.73
13526,2022-04-15,6590.4404,6299.3975
13527,2022-04-16,6333.029,6364.963
13528,2022-04-17,6248.465,6295.551
13529,2022-04-18,6611.814,6658.3315
13530,2022-04-19,6660.1377,6654.384
13531,2022-04-20,6683.3677,6655.99
13532,2022-04-21,6658.2754,6500.921
13533,2022-04-22,6614.6006,6644.343
13534,2022-04-23,6350.687,6375.6694
13535,2022-04-24,6272.6265,6222.334
13536,2022-04-25,6630.3994,6761.1636
13537,2022-04-26,6682.439,6758.191
13538,2022-04-27,6689.875,6753.6226
13539,2022-04-28,6674.541,6734.1855
13540,2022-04-29,6614.1377,6743.184
13541,2022-04-30,6341.3945,6314.255
13542,2022-05-01,6278.2036,6138.287
13543,2022-05-02,6661.994,6171.72
13544,2022-05-03,6694.9844,6223.852
13545,2022-05-04,6684.2974,6764.3076
13546,2022-05-05,6649.9136,6869.4707
13547,2022-05-06,6599.2686,6928.258
13548,2022-05-07,6326.9883,6462.505
13549,2022-05-08,6259.6177,6204.3804
13550,2022-05-09,6640.6206,6883.0767
13551,2022-05-10,6675.466,6997.5327
13552,2022-05-11,6686.1562,6763.599
13553,2022-05-12,6661.067,6886.712
13554,2022-05-13,6586.2593,6894.8184
13555,2022-05-14,6315.373,6648.1865
13556,2022-05-15,6282.384,6364.372
13557,2022-05-16,6629.005,6268.8813
13558,2022-05-17,6695.912,6822.7114
13559,2022-05-18,6703.346,6987.74
13560,2022-03-21,6570.1807,6668.931
13561,2022-03-22,6570.1816,6790.505
13562,2022-03-23,6560.888,6730.525
13563,2022-03-24,6526.037,6760.0454
13564,2022-03-25,6510.2363,6742.806
13565,2022-03-26,6204.9404,6400.602
13566,2022-03-27,6106.4277,6227.0767
13567,2022-03-28,6550.666,6706.202
13568,2022-03-29,6574.3643,6677.18
13569,2022-03-30,6569.7173,6715.227
13570,2022-03-31,6576.687,6702.1265
13571,2022-04-01,6530.6846,6694.431
13572,2022-04-02,6239.791,6366.138
13573,2022-04-03,6153.3623,6104.8145
13574,2022-04-04,6573.4346,6593.1597
13575,2022-04-05,6617.1143,6695.3447
13576,2022-04-06,6611.538,6688.9204
13577,2022-04-07,6592.4863,6532.8022
13578,2022-04-08,6571.112,6607.057
13579,2022-04-09,6270.926,6185.182
13580,2022-04-10,6175.201,6071.3223
13581,2022-04-11,6608.752,6548.464
13582,2022-04-12,6643.6025,6651.454
13583,2022-04-13,6654.755,6708.0503
13584,2022-04-14,6627.34,6742.73
13585,2022-04-15,6589.235,6299.3975
13586,2022-04-16,6296.484,6364.963
13587,2022-04-17,6222.6006,6295.551
13588,2022-04-18,6631.5195,6658.3315
13589,2022-04-19,6673.8066,6654.384
13590,2022-04-20,6658.0093,6655.99
13591,2022-04-21,6623.1562,6500.921
13592,2022-04-22,6589.2344,6644.343
13593,2022-04-23,6292.766,6375.6694
13594,2022-04-24,6198.437,6222.334
13595,2022-04-25,6615.256,6761.1636
13596,2022-04-26,6658.936,6758.191
13597,2022-04-27,6651.0386,6753.6226
13598,2022-04-28,6625.945,6734.1855
13599,2022-04-29,6594.348,6743.184
13600,2022-04-30,6311.819,6314.255
13601,2022-05-01,6217.953,6138.287
13602,2022-05-02,6623.622,6171.72
13603,2022-05-03,6663.118,6223.852
13604,2022-05-04,6655.22,6764.3076
13605,2022-05-05,6644.995,6869.4707
13606,2022-05-06,6613.8633,6928.258
13607,2022-05-07,6335.516,6462.505
13608,2022-05-08,6250.018,6204.3804
13609,2022-05-09,6645.4604,6883.0767
13610,2022-05-10,6697.9707,6997.5327
13611,2022-05-11,6676.5957,6763.599
13612,2022-05-12,6652.431,6886.712
13613,2022-05-13,6624.087,6894.8184
13614,2022-05-14,6332.264,6648.1865
13615,2022-05-15,6249.5527,6364.372
13616,2022-05-16,6636.1675,6268.8813
13617,2022-05-17,6691.465,6822.7114
13618,2022-05-18,6687.7476,6987.74
13619,2022-05-19,6637.561,6847.247
13620,2022-03-22,6606.9805,6790.505
13621,2022-03-23,6593.9663,6730.525
13622,2022-03-24,6561.892,6760.0454
13623,2022-03-25,6543.7656,6742.806
13624,2022-03-26,6239.774,6400.602
13625,2022-03-27,6094.2827,6227.0767
13626,2022-03-28,6522.3857,6706.202
13627,2022-03-29,6553.5273,6677.18
13628,2022-03-30,6574.9077,6715.227
13629,2022-03-31,6542.37,6702.1265
13630,2022-04-01,6522.848,6694.431
13631,2022-04-02,6228.6167,6366.138
13632,2022-04-03,6134.723,6104.8145
13633,2022-04-04,6550.74,6593.1597
13634,2022-04-05,6593.5015,6695.3447
13635,2022-04-06,6589.7837,6688.9204
13636,2022-04-07,6552.1323,6532.8022
13637,2022-04-08,6514.4824,6607.057
13638,2022-04-09,6246.2812,6185.182
13639,2022-04-10,6165.4,6071.3223
13640,2022-04-11,6555.85,6548.464
13641,2022-04-12,6591.1777,6651.454
13642,2022-04-13,6586.063,6708.0503
13643,2022-04-14,6575.8374,6742.73
13644,2022-04-15,6534.9336,6299.3975
13645,2022-04-16,6233.264,6364.963
13646,2022-04-17,6169.583,6295.551
13647,2022-04-18,6556.7817,6658.3315
13648,2022-04-19,6619.0664,6654.384
13649,2022-04-20,6606.9824,6655.99
13650,2022-04-21,6588.389,6500.921
13651,2022-04-22,6558.641,6644.343
13652,2022-04-23,6270.915,6375.6694
13653,2022-04-24,6199.7964,6222.334
13654,2022-04-25,6587.457,6761.1636
13655,2022-04-26,6643.7017,6758.191
13656,2022-04-27,6647.886,6753.6226
13657,2022-04-28,6615.348,6734.1855
13658,2022-04-29,6567.9346,6743.184
13659,2022-04-30,6284.858,6314.255
13660,2022-05-01,6223.503,6138.287
13661,2022-05-02,6591.6406,6171.72
13662,2022-05-03,6640.45,6223.852
13663,2022-05-04,6651.1387,6764.3076
13664,2022-05-05,6633.476,6869.4707
13665,2022-05-06,6576.303,6928.258
13666,2022-05-07,6298.34,6462.505
13667,2022-05-08,6231.8706,6204.3804
13668,2022-05-09,6601.4033,6883.0767
13669,2022-05-10,6639.9844,6997.5327
13670,2022-05-11,6647.8843,6763.599
13671,2022-05-12,6603.7275,6886.712
13672,2022-05-13,6560.034,6894.8184
13673,2022-05-14,6288.115,6648.1865
13674,2022-05-15,6218.853,6364.372
13675,2022-05-16,6577.233,6268.8813
13676,2022-05-17,6638.588,6822.7114
13677,2022-05-18,6641.378,6987.74
13678,2022-05-19,6630.221,6847.247
13679,2022-05-20,6585.6,6763.4644
13680,2022-03-23,6730.4595,6730.525
13681,2022-03-24,6683.0386,6760.0454
13682,2022-03-25,6643.987,6742.806
13683,2022-03-26,6343.6577,6400.602
13684,2022-03-27,6196.7476,6227.0767
13685,2022-03-28,6593.7754,6706.202
13686,2022-03-29,6628.178,6677.18
13687,2022-03-30,6632.8276,6715.227
13688,2022-03-31,6594.705,6702.1265
13689,2022-04-01,6545.4263,6694.431
13690,2022-04-02,6229.2905,6366.138
13691,2022-04-03,6154.44,6104.8145
13692,2022-04-04,6590.0566,6593.1597
13693,2022-04-05,6652.8193,6695.3447
13694,2022-04-06,6632.365,6688.9204
13695,2022-04-07,6632.365,6532.8022
13696,2022-04-08,6603.54,6607.057
13697,2022-04-09,6282.288,6185.182
13698,2022-04-10,6231.614,6071.3223
13699,2022-04-11,6632.3643,6548.464
13700,2022-04-12,6664.9067,6651.454
13701,2022-04-13,6647.2427,6708.0503
13702,2022-04-14,6617.4883,6742.73
13703,2022-04-15,6578.435,6299.3975
13704,2022-04-16,6272.061,6364.963
13705,2022-04-17,6205.114,6295.551
13706,2022-04-18,6630.0376,6658.3315
13707,2022-04-19,6672.345,6654.384
13708,2022-04-20,6643.5205,6655.99
13709,2022-04-21,6622.136,6500.921
13710,2022-04-22,6582.154,6644.343
13711,2022-04-23,6285.08,6375.6694
13712,2022-04-24,6247.886,6222.334
13713,2022-04-25,6618.416,6761.1636
13714,2022-04-26,6680.7163,6758.191
13715,2022-04-27,6695.1274,6753.6226
13716,2022-04-28,6663.976,6734.1855
13717,2022-04-29,6599.355,6743.184
13718,2022-04-30,6314.37,6314.255
13719,2022-05-01,6245.0967,6138.287
13720,2022-05-02,6640.268,6171.72
13721,2022-05-03,6699.3086,6223.852
13722,2022-05-04,6697.9136,6764.3076
13723,2022-05-05,6663.5117,6869.4707
13724,2022-05-06,6592.3833,6928.258
13725,2022-05-07,6325.5264,6462.505
13726,2022-05-08,6289.2617,6204.3804
13727,2022-05-09,6642.125,6883.0767
13728,2022-05-10,6690.477,6997.5327
13729,2022-05-11,6686.293,6763.599
13730,2022-05-12,6667.228,6886.712
13731,2022-05-13,6579.364,6894.8184
13732,2022-05-14,6285.545,6648.1865
13733,2022-05-15,6235.3345,6364.372
13734,2022-05-16,6595.636,6268.8813
13735,2022-05-17,6638.4087,6822.7114
13736,2022-05-18,6641.197,6987.74
13737,2022-05-19,6630.04,6847.247
13738,2022-05-20,6570.065,6763.4644
13739,2022-05-21,6302.745,6449.54
13740,2022-03-24,6689.9155,6760.0454
13741,2022-03-25,6654.1113,6742.806
13742,2022-03-26,6348.6245,6400.602
13743,2022-03-27,6191.4673,6227.0767
13744,2022-03-28,6609.0083,6706.202
13745,2022-03-29,6660.619,6677.18
13746,2022-03-30,6662.944,6715.227
13747,2022-03-31,6656.9,6702.1265
13748,2022-04-01,6630.397,6694.431
13749,2022-04-02,6316.5425,6366.138
13750,2022-04-03,6201.697,6104.8145
13751,2022-04-04,6633.187,6593.1597
13752,2022-04-05,6678.2886,6695.3447
13753,2022-04-06,6665.734,6688.9204
13754,2022-04-07,6654.575,6532.8022
13755,2022-04-08,6619.7017,6607.057
13756,2022-04-09,6314.2183,6185.182
13757,2022-04-10,6196.1167,6071.3223
13758,2022-04-11,6621.561,6548.464
13759,2022-04-12,6673.6387,6651.454
13760,2022-04-13,6686.1934,6708.0503
13761,2022-04-14,6669.455,6742.73
13762,2022-04-15,6627.1426,6299.3975
13763,2022-04-16,6321.1934,6364.963
13764,2022-04-17,6233.3154,6295.551
13765,2022-04-18,6654.576,6658.3315
13766,2022-04-19,6710.8354,6654.384
13767,2022-04-20,6723.3887,6655.99
13768,2022-04-21,6708.0444,6500.921
13769,2022-04-22,6662.0137,6644.343
13770,2022-04-23,6347.694,6375.6694
13771,2022-04-24,6278.417,6222.334
13772,2022-04-25,6675.4976,6761.1636
13773,2022-04-26,6737.3374,6758.191
13774,2022-04-27,6748.4976,6753.6226
13775,2022-04-28,6720.5986,6734.1855
13776,2022-04-29,6686.1914,6743.184
13777,2022-04-30,6361.18,6314.255
13778,2022-05-01,6262.6074,6138.287
13779,2022-05-02,6684.7974,6171.72
13780,2022-05-03,6757.797,6223.852
13781,2022-05-04,6720.6006,6764.3076
13782,2022-05-05,6720.1343,6869.4707
13783,2022-05-06,6694.5625,6928.258
13784,2022-05-07,6380.244,6462.505
13785,2022-05-08,6280.741,6204.3804
13786,2022-05-09,6693.63,6883.0767
13787,2022-05-10,6774.5337,6997.5327
13788,2022-05-11,6765.699,6763.599
13789,2022-05-12,6767.56,6886.712
13790,2022-05-13,6721.993,6894.8184
13791,2022-05-14,6409.9995,6648.1865
13792,2022-05-15,6302.595,6364.372
13793,2022-05-16,6685.727,6268.8813
13794,2022-05-17,6744.7764,6822.7114
13795,2022-05-18,6744.311,6987.74
13796,2022-05-19,6733.1523,6847.247
13797,2022-05-20,6695.9546,6763.4644
13798,2022-05-21,6400.699,6449.54
13799,2022-05-22,6303.5244,6342.958
13800,2022-03-25,6669.4614,6742.806
13801,2022-03-26,6363.933,6400.602
13802,2022-03-27,6193.267,6227.0767
13803,2022-03-28,6592.2637,6706.202
13804,2022-03-29,6648.9985,6677.18
13805,2022-03-30,6662.4844,6715.227
13806,2022-03-31,6635.511,6702.1265
13807,2022-04-01,6618.7705,6694.431
13808,2022-04-02,6318.3594,6366.138
13809,2022-04-03,6174.663,6104.8145
13810,2022-04-04,6606.6816,6593.1597
13811,2022-04-05,6675.0386,6695.3447
13812,2022-04-06,6653.1826,6688.9204
13813,2022-04-07,6646.208,6532.8022
13814,2022-04-08,6614.5854,6607.057
13815,2022-04-09,6323.4736,6185.182
13816,2022-04-10,6192.7993,6071.3223
13817,2022-04-11,6615.9805,6548.464
13818,2022-04-12,6677.3657,6651.454
13819,2022-04-13,6649.463,6708.0503
13820,2022-04-14,6659.6934,6742.73
13821,2022-04-15,6634.1157,6299.3975
13822,2022-04-16,6340.2144,6364.963
13823,2022-04-17,6217.912,6295.551
13824,2022-04-18,6615.051,6658.3315
13825,2022-04-19,6696.8965,6654.384
13826,2022-04-20,6708.9863,6655.99
13827,2022-04-21,6670.853,6500.921
13828,2022-04-22,6657.3677,6644.343
13829,2022-04-23,6370.9062,6375.6694
13830,2022-04-24,6277.436,6222.334
13831,2022-04-25,6648.5312,6761.1636
13832,2022-04-26,6718.7505,6758.191
13833,2022-04-27,6728.516,6753.6226
13834,2022-04-28,6717.357,6734.1855
13835,2022-04-29,6682.4795,6743.184
13836,2022-04-30,6368.118,6314.255
13837,2022-05-01,6262.552,6138.287
13838,2022-05-02,6638.766,6171.72
13839,2022-05-03,6728.053,6223.852
13840,2022-05-04,6741.072,6764.3076
13841,2022-05-05,6741.073,6869.4707
13842,2022-05-06,6681.549,6928.258
13843,2022-05-07,6374.6274,6462.505
13844,2022-05-08,6289.0605,6204.3804
13845,2022-05-09,6681.549,6883.0767
13846,2022-05-10,6748.978,6997.5327
13847,2022-05-11,6734.0967,6763.599
13848,2022-05-12,6729.447,6886.712
13849,2022-05-13,6678.294,6894.8184
13850,2022-05-14,6389.9717,6648.1865
13851,2022-05-15,6283.015,6364.372
13852,2022-05-16,6668.5273,6268.8813
13853,2022-05-17,6734.562,6822.7114
13854,2022-05-18,6723.4014,6987.74
13855,2022-05-19,6696.8945,6847.247
13856,2022-05-20,6646.6714,6763.4644
13857,2022-05-21,6374.627,6449.54
13858,2022-05-22,6267.67,6342.958
13859,2022-05-23,6649.9263,6885.347
13860,2022-03-26,6421.5327,6400.602
13861,2022-03-27,6219.2173,6227.0767
13862,2022-03-28,6554.549,6706.202
13863,2022-03-29,6654.5425,6677.18
13864,2022-03-30,6651.2886,6715.227
13865,2022-03-31,6637.801,6702.1265
13866,2022-04-01,6611.2905,6694.431
13867,2022-04-02,6317.8184,6366.138
13868,2022-04-03,6173.174,6104.8145
13869,2022-04-04,6535.48,6593.1597
13870,2022-04-05,6654.5444,6695.3447
13871,2022-04-06,6665.705,6688.9204
13872,2022-04-07,6639.659,6532.8022
13873,2022-04-08,6603.8477,6607.057
13874,2022-04-09,6336.885,6185.182
13875,2022-04-10,6225.7275,6071.3223
13876,2022-04-11,6564.315,6548.464
13877,2022-04-12,6688.0317,6651.454
13878,2022-04-13,6677.7993,6708.0503
13879,2022-04-14,6675.4717,6742.73
13880,2022-04-15,6647.5674,6299.3975
13881,2022-04-16,6394.5566,6364.963
13882,2022-04-17,6266.192,6295.551
13883,2022-04-18,6609.428,6658.3315
13884,2022-04-19,6720.5854,6654.384
13885,2022-04-20,6719.656,6655.99
13886,2022-04-21,6695.9355,6500.921
13887,2022-04-22,6662.451,6644.343
13888,2022-04-23,6412.2295,6375.6694
13889,2022-04-24,6277.819,6222.334
13890,2022-04-25,6605.709,6761.1636
13891,2022-04-26,6705.2393,6758.191
13892,2022-04-27,6712.6787,6753.6226
13893,2022-04-28,6710.8174,6734.1855
13894,2022-04-29,6674.5405,6743.184
13895,2022-04-30,6411.765,6314.255
13896,2022-05-01,6302.47,6138.287
13897,2022-05-02,6623.8477,6171.72
13898,2022-05-03,6736.399,6223.852
13899,2022-05-04,6737.33,6764.3076
13900,2022-05-05,6725.2363,6869.4707
13901,2022-05-06,6679.6587,6928.258
13902,2022-05-07,6401.0654,6462.505
13903,2022-05-08,6291.7715,6204.3804
13904,2022-05-09,6622.916,6883.0767
13905,2022-05-10,6727.5625,6997.5327
13906,2022-05-11,6741.0527,6763.599
13907,2022-05-12,6723.377,6886.712
13908,2022-05-13,6679.659,6894.8184
13909,2022-05-14,6414.555,6648.1865
13910,2022-05-15,6302.469,6364.372
13911,2022-05-16,6617.801,6268.8813
13912,2022-05-17,6733.61,6822.7114
13913,2022-05-18,6740.12,6987.74
13914,2022-05-19,6718.26,6847.247
13915,2022-05-20,6668.4956,6763.4644
13916,2022-05-21,6399.6733,6449.54
13917,2022-05-22,6274.0986,6342.958
13918,2022-05-23,7485.1963,6885.347
13919,2022-05-24,7589.846,6958.534
13920,2022-03-27,6193.372,6227.0767
13921,2022-03-28,6618.946,6706.202
13922,2022-03-29,6664.0605,6677.18
13923,2022-03-30,6653.364,6715.227
13924,2022-03-31,6625.92,6702.1265
13925,2022-04-01,6604.061,6694.431
13926,2022-04-02,6301.2744,6366.138
13927,2022-04-03,6187.323,6104.8145
13928,2022-04-04,6635.2227,6593.1597
13929,2022-04-05,6675.2227,6695.3447
13930,2022-04-06,6661.27,6688.9204
13931,2022-04-07,6649.175,6532.8022
13932,2022-04-08,6598.48,6607.057
13933,2022-04-09,6282.6704,6185.182
13934,2022-04-10,6187.3257,6071.3223
13935,2022-04-11,6643.5957,6548.464
13936,2022-04-12,6681.2695,6651.454
13937,2022-04-13,6684.993,6708.0503
13938,2022-04-14,6678.0156,6742.73
13939,2022-04-15,6637.084,6299.3975
13940,2022-04-16,6313.37,6364.963
13941,2022-04-17,6219.4146,6295.551
13942,2022-04-18,6661.736,6658.3315
13943,2022-04-19,6709.6406,6654.384
13944,2022-04-20,6693.8286,6655.99
13945,2022-04-21,6668.2456,6500.921
13946,2022-04-22,6631.967,6644.343
13947,2022-04-23,6318.4824,6375.6694
13948,2022-04-24,6234.3,6222.334
13949,2022-04-25,6682.6636,6761.1636
13950,2022-04-26,6714.757,6758.191
13951,2022-04-27,6716.1504,6753.6226
13952,2022-04-28,6706.8496,6734.1855
13953,2022-04-29,6671.5024,6743.184
13954,2022-04-30,6356.6226,6314.255
13955,2022-05-01,6244.067,6138.287
13956,2022-05-02,6664.0576,6171.72
13957,2022-05-03,6735.221,6223.852
13958,2022-05-04,6728.244,6764.3076
13959,2022-05-05,6705.9204,6869.4707
13960,2022-05-06,6671.037,6928.258
13961,2022-05-07,6360.344,6462.505
13962,2022-05-08,6247.3223,6204.3804
13963,2022-05-09,6685.4556,6883.0767
13964,2022-05-10,6753.8257,6997.5327
13965,2022-05-11,6738.4756,6763.599
13966,2022-05-12,6715.2207,6886.712
13967,2022-05-13,6675.686,6894.8184
13968,2022-05-14,6355.692,6648.1865
13969,2022-05-15,6246.859,6364.372
13970,2022-05-16,6671.037,6268.8813
13971,2022-05-17,6743.5938,6822.7114
13972,2022-05-18,6736.1504,6987.74
13973,2022-05-19,6717.5454,6847.247
13974,2022-05-20,6673.8267,6763.4644
13975,2022-05-21,6362.203,6449.54
13976,2022-05-22,6279.415,6342.958
13977,2022-05-23,6675.6855,6885.347
13978,2022-05-24,6725.92,6958.534
13979,2022-05-25,6741.268,6836.7407
13980,2022-03-28,6599.0566,6706.202
13981,2022-03-29,6658.595,6677.18
13982,2022-03-30,6642.781,6715.227
13983,2022-03-31,6614.4043,6702.1265
13984,2022-04-01,6580.45,6694.431
13985,2022-04-02,6286.4756,6366.138
13986,2022-04-03,6162.7495,6104.8145
13987,2022-04-04,6583.2407,6593.1597
13988,2022-04-05,6627.8945,6695.3447
13989,2022-04-06,6628.361,6688.9204
13990,2022-04-07,6613.9414,6532.8022
13991,2022-04-08,6579.9844,6607.057
13992,2022-04-09,6296.246,6185.182
13993,2022-04-10,6199.9624,6071.3223
13994,2022-04-11,6599.5205,6548.464
13995,2022-04-12,6650.2236,6651.454
13996,2022-04-13,6648.8267,6708.0503
13997,2022-04-14,6644.175,6742.73
13998,2022-04-15,6613.4756,6299.3975
13999,2022-04-16,6343.2246,6364.963
14000,2022-04-17,6230.1963,6295.551
14001,2022-04-18,6646.5015,6658.3315
14002,2022-04-19,6683.246,6654.384
14003,2022-04-20,6678.594,6655.99
14004,2022-04-21,6649.2925,6500.921
14005,2022-04-22,6619.5225,6644.343
14006,2022-04-23,6350.6675,6375.6694
14007,2022-04-24,6260.4307,6222.334
14008,2022-04-25,6667.9,6761.1636
14009,2022-04-26,6719.065,6758.191
14010,2022-04-27,6743.255,6753.6226
14011,2022-04-28,6724.647,6734.1855
14012,2022-04-29,6673.4795,6743.184
14013,2022-04-30,6374.855,6314.255
14014,2022-05-01,6287.408,6138.287
14015,2022-05-02,6645.5713,6171.72
14016,2022-05-03,6707.8994,6223.852
14017,2022-05-04,6731.159,6764.3076
14018,2022-05-05,6701.8545,6869.4707
14019,2022-05-06,6641.384,6928.258
14020,2022-05-07,6358.1094,6462.505
14021,2022-05-08,6275.314,6204.3804
14022,2022-05-09,6672.55,6883.0767
14023,2022-05-10,6742.787,6997.5327
14024,2022-05-11,6716.737,6763.599
14025,2022-05-12,6699.0625,6886.712
14026,2022-05-13,6653.014,6894.8184
14027,2022-05-14,6378.11,6648.1865
14028,2022-05-15,6319.038,6364.372
14029,2022-05-16,6682.3184,6268.8813
14030,2022-05-17,6736.275,6822.7114
14031,2022-05-18,6744.648,6987.74
14032,2022-05-19,6705.574,6847.247
14033,2022-05-20,6653.015,6763.4644
14034,2022-05-21,6365.087,6449.54
14035,2022-05-22,6281.362,6342.958
14036,2022-05-23,6653.013,6885.347
14037,2022-05-24,6722.785,6958.534
14038,2022-05-25,6721.3906,6836.7407
14039,2022-05-26,6697.2036,6774.118
14040,2022-03-29,6727.1714,6677.18
14041,2022-03-30,6706.6973,6715.227
14042,2022-03-31,6668.545,6702.1265
14043,2022-04-01,6608.989,6694.431
14044,2022-04-02,6286.0757,6366.138
14045,2022-04-03,6191.6235,6104.8145
14046,2022-04-04,6613.1743,6593.1597
14047,2022-04-05,6681.573,6695.3447
14048,2022-04-06,6663.893,6688.9204
14049,2022-04-07,6638.7676,6532.8022
14050,2022-04-08,6586.655,6607.057
14051,2022-04-09,6274.91,6185.182
14052,2022-04-10,6205.5806,6071.3223
14053,2022-04-11,6653.656,6548.464
14054,2022-04-12,6687.621,6651.454
14055,2022-04-13,6688.0854,6708.0503
14056,2022-04-14,6665.2896,6742.73
14057,2022-04-15,6615.9683,6299.3975
14058,2022-04-16,6311.668,6364.963
14059,2022-04-17,6262.3477,6295.551
14060,2022-04-18,6670.869,6658.3315
14061,2022-04-19,6690.879,6654.384
14062,2022-04-20,6682.9688,6655.99
14063,2022-04-21,6668.0796,6500.921
14064,2022-04-22,6624.341,6644.343
14065,2022-04-23,6327.9546,6375.6694
14066,2022-04-24,6282.822,6222.334
14067,2022-04-25,6672.7305,6761.1636
14068,2022-04-26,6710.8857,6758.191
14069,2022-04-27,6715.073,6753.6226
14070,2022-04-28,6713.6787,6734.1855
14071,2022-04-29,6636.44,6743.184
14072,2022-04-30,6331.21,6314.255
14073,2022-05-01,6276.3066,6138.287
14074,2022-05-02,6671.8,6171.72
14075,2022-05-03,6714.142,6223.852
14076,2022-05-04,6714.6074,6764.3076
14077,2022-05-05,6685.761,6869.4707
14078,2022-05-06,6627.1333,6928.258
14079,2022-05-07,6334.467,6462.505
14080,2022-05-08,6298.1733,6204.3804
14081,2022-05-09,6681.573,6883.0767
14082,2022-05-10,6707.6274,6997.5327
14083,2022-05-11,6703.9067,6763.599
14084,2022-05-12,6685.7593,6886.712
14085,2022-05-13,6612.2437,6894.8184
14086,2022-05-14,6319.578,6648.1865
14087,2022-05-15,6272.1177,6364.372
14088,2022-05-16,6663.892,6268.8813
14089,2022-05-17,6698.7886,6822.7114
14090,2022-05-18,6692.2744,6987.74
14091,2022-05-19,6677.851,6847.247
14092,2022-05-20,6616.431,6763.4644
14093,2022-05-21,6310.2725,6449.54
14094,2022-05-22,6275.84,6342.958
14095,2022-05-23,6664.822,6885.347
14096,2022-05-24,6709.4883,6958.534
14097,2022-05-25,6701.5806,6836.7407
14098,2022-05-26,6686.2246,6774.118
14099,2022-05-27,6606.661,6884.5874
14100,2022-03-30,6656.451,6715.227
14101,2022-03-31,6621.0854,6702.1265
14102,2022-04-01,6571.756,6694.431
14103,2022-04-02,6249.267,6366.138
14104,2022-04-03,6145.0254,6104.8145
14105,2022-04-04,6590.8374,6593.1597
14106,2022-04-05,6620.156,6695.3447
14107,2022-04-06,6622.4814,6688.9204
14108,2022-04-07,6581.9956,6532.8022
14109,2022-04-08,6556.8657,6607.057
14110,2022-04-09,6259.504,6185.182
14111,2022-04-10,6160.8486,6071.3223
14112,2022-04-11,6581.0664,6548.464
14113,2022-04-12,6633.1826,6651.454
14114,2022-04-13,6635.045,6708.0503
14115,2022-04-14,6611.3125,6742.73
14116,2022-04-15,6576.411,6299.3975
14117,2022-04-16,6279.9795,6364.963
14118,2022-04-17,6191.0977,6295.551
14119,2022-04-18,6611.3125,6658.3315
14120,2022-04-19,6662.502,6654.384
14121,2022-04-20,6647.6123,6655.99
14122,2022-04-21,6620.62,6500.921
14123,2022-04-22,6577.3433,6644.343
14124,2022-04-23,6300.455,6375.6694
14125,2022-04-24,6225.9995,6222.334
14126,2022-04-25,6650.4043,6761.1636
14127,2022-04-26,6682.0483,6758.191
14128,2022-04-27,6673.6714,6753.6226
14129,2022-04-28,6640.63,6734.1855
14130,2022-04-29,6602.005,6743.184
14131,2022-04-30,6301.8506,6314.255
14132,2022-05-01,6225.998,6138.287
14133,2022-05-02,6637.838,6171.72
14134,2022-05-03,6674.6006,6223.852
14135,2022-05-04,6683.442,6764.3076
14136,2022-05-05,6682.978,6869.4707
14137,2022-05-06,6614.105,6928.258
14138,2022-05-07,6309.2974,6462.505
14139,2022-05-08,6251.592,6204.3804
14140,2022-05-09,6653.6606,6883.0767
14141,2022-05-10,6676.4614,6997.5327
14142,2022-05-11,6649.006,6763.599
14143,2022-05-12,6643.8877,6886.712
14144,2022-05-13,6577.805,6894.8184
14145,2022-05-14,6276.721,6648.1865
14146,2022-05-15,6227.397,6364.372
14147,2022-05-16,6598.2837,6268.8813
14148,2022-05-17,6636.442,6822.7114
14149,2022-05-18,6640.631,6987.74
14150,2022-05-19,6642.959,6847.247
14151,2022-05-20,6568.035,6763.4644
14152,2022-05-21,6270.674,6449.54
14153,2022-05-22,6225.0674,6342.958
14154,2022-05-23,6590.3726,6885.347
14155,2022-05-24,6647.1455,6958.534
14156,2022-05-25,6656.4526,6836.7407
14157,2022-05-26,6647.612,6774.118
14158,2022-05-27,6591.7695,6884.5874
14159,2022-05-28,6299.9907,6498.261
14160,2022-03-31,6679.8037,6702.1265
14161,2022-04-01,6626.741,6694.431
14162,2022-04-02,6300.01,6366.138
14163,2022-04-03,6171.0864,6104.8145
14164,2022-04-04,6620.6934,6593.1597
14165,2022-04-05,6649.5474,6695.3447
14166,2022-04-06,6637.4473,6688.9204
14167,2022-04-07,6620.226,6532.8022
14168,2022-04-08,6599.7456,6607.057
14169,2022-04-09,6283.2563,6185.182
14170,2022-04-10,6182.7227,6071.3223
14171,2022-04-11,6633.2593,6548.464
14172,2022-04-12,6665.372,6651.454
14173,2022-04-13,6657.927,6708.0503
14174,2022-04-14,6633.2583,6742.73
14175,2022-04-15,6605.332,6299.3975
14176,2022-04-16,6292.565,6364.963
14177,2022-04-17,6196.22,6295.551
14178,2022-04-18,6627.209,6658.3315
14179,2022-04-19,6670.494,6654.384
14180,2022-04-20,6666.7686,6655.99
14181,2022-04-21,6634.654,6500.921
14182,2022-04-22,6583.9224,6644.343
14183,2022-04-23,6305.1313,6375.6694
14184,2022-04-24,6210.649,6222.334
14185,2022-04-25,6648.6167,6761.1636
14186,2022-04-26,6690.506,6758.191
14187,2022-04-27,6696.5566,6753.6226
14188,2022-04-28,6692.8325,6734.1855
14189,2022-04-29,6631.8623,6743.184
14190,2022-04-30,6317.696,6314.255
14191,2022-05-01,6220.4233,6138.287
14192,2022-05-02,6653.739,6171.72
14193,2022-05-03,6690.9717,6223.852
14194,2022-05-04,6683.0586,6764.3076
14195,2022-05-05,6677.4727,6869.4707
14196,2022-05-06,6633.7236,6928.258
14197,2022-05-07,6322.3506,6462.505
14198,2022-05-08,6243.228,6204.3804
14199,2022-05-09,6661.1836,6883.0767
14200,2022-05-10,6676.543,6997.5327
14201,2022-05-11,6672.3535,6763.599
14202,2022-05-12,6669.0967,6886.712
14203,2022-05-13,6623.95,6894.8184
14204,2022-05-14,6321.422,6648.1865
14205,2022-05-15,6225.544,6364.372
14206,2022-05-16,6659.7856,6268.8813
14207,2022-05-17,6673.285,6822.7114
14208,2022-05-18,6660.7163,6987.74
14209,2022-05-19,6642.5664,6847.247
14210,2022-05-20,6584.3877,6763.4644
14211,2022-05-21,6288.8413,6449.54
14212,2022-05-22,6209.252,6342.958
14213,2022-05-23,6599.283,6885.347
14214,2022-05-24,6643.031,6958.534
14215,2022-05-25,6627.2075,6836.7407
14216,2022-05-26,6619.294,6774.118
14217,2022-05-27,6572.2876,6884.5874
14218,2022-05-28,6274.879,6498.261
14219,2022-05-29,6194.3574,6377.7505
14220,2022-04-01,6625.709,6694.431
14221,2022-04-02,6298.4517,6366.138
14222,2022-04-03,6167.176,6104.8145
14223,2022-04-04,6637.346,6593.1597
14224,2022-04-05,6684.8286,6695.3447
14225,2022-04-06,6679.7075,6688.9204
14226,2022-04-07,6664.811,6532.8022
14227,2022-04-08,6632.2256,6607.057
14228,2022-04-09,6330.1064,6185.182
14229,2022-04-10,6210.935,6071.3223
14230,2022-04-11,6659.6914,6548.464
14231,2022-04-12,6702.5176,6651.454
14232,2022-04-13,6720.674,6708.0503
14233,2022-04-14,6684.3633,6742.73
14234,2022-04-15,6652.7075,6299.3975
14235,2022-04-16,6339.415,6364.963
14236,2022-04-17,6248.641,6295.551
14237,2022-04-18,6693.674,6658.3315
14238,2022-04-19,6737.899,6654.384
14239,2022-04-20,6716.02,6655.99
14240,2022-04-21,6712.295,6500.921
14241,2022-04-22,6686.227,6644.343
14242,2022-04-23,6380.8477,6375.6694
14243,2022-04-24,6284.4873,6222.334
14244,2022-04-25,6701.5864,6761.1636
14245,2022-04-26,6746.277,6758.191
14246,2022-04-27,6758.382,6753.6226
14247,2022-04-28,6733.243,6734.1855
14248,2022-04-29,6695.537,6743.184
14249,2022-04-30,6394.813,6314.255
14250,2022-05-01,6294.26,6138.287
14251,2022-05-02,6708.107,6171.72
14252,2022-05-03,6734.639,6223.852
14253,2022-05-04,6747.6724,6764.3076
14254,2022-05-05,6742.087,6869.4707
14255,2022-05-06,6704.3823,6928.258
14256,2022-05-07,6383.6406,6462.505
14257,2022-05-08,6291.467,6204.3804
14258,2022-05-09,6690.4136,6883.0767
14259,2022-05-10,6735.569,6997.5327
14260,2022-05-11,6744.416,6763.599
14261,2022-05-12,6725.792,6886.712
14262,2022-05-13,6672.2607,6894.8184
14263,2022-05-14,6383.175,6648.1865
14264,2022-05-15,6284.0205,6364.372
14265,2022-05-16,6671.328,6268.8813
14266,2022-05-17,6716.948,6822.7114
14267,2022-05-18,6733.708,6987.74
14268,2022-05-19,6719.2783,6847.247
14269,2022-05-20,6685.7617,6763.4644
14270,2022-05-21,6378.5215,6449.54
14271,2022-05-22,6280.761,6342.958
14272,2022-05-23,6669.0024,6885.347
14273,2022-05-24,6719.275,6958.534
14274,2022-05-25,6731.844,6836.7407
14275,2022-05-26,6724.399,6774.118
14276,2022-05-27,6672.261,6884.5874
14277,2022-05-28,6358.9663,6498.261
14278,2022-05-29,6280.7627,6377.7505
14279,2022-05-30,6669.0024,6981.6167
14280,2022-04-02,6354.5156,6366.138
14281,2022-04-03,6206.922,6104.8145
14282,2022-04-04,6643.1846,6593.1597
14283,2022-04-05,6689.2793,6695.3447
14284,2022-04-06,6671.587,6688.9204
14285,2022-04-07,6652.962,6532.8022
14286,2022-04-08,6628.7505,6607.057
14287,2022-04-09,6306.0913,6185.182
14288,2022-04-10,6187.8306,6071.3223
14289,2022-04-11,6618.5073,6548.464
14290,2022-04-12,6673.913,6651.454
14291,2022-04-13,6680.898,6708.0503
14292,2022-04-14,6651.5645,6742.73
14293,2022-04-15,6642.2544,6299.3975
14294,2022-04-16,6294.918,6364.963
14295,2022-04-17,6199.4717,6295.551
14296,2022-04-18,6651.5654,6658.3315
14297,2022-04-19,6680.431,6654.384
14298,2022-04-20,6676.241,6655.99
14299,2022-04-21,6690.676,6500.921
14300,2022-04-22,6657.1533,6644.343
14301,2022-04-23,6339.6157,6375.6694
14302,2022-04-24,6244.636,6222.334
14303,2022-04-25,6672.985,6761.1636
14304,2022-04-26,6733.0483,6758.191
14305,2022-04-27,6723.7344,6753.6226
14306,2022-04-28,6701.851,6734.1855
14307,2022-04-29,6675.313,6743.184
14308,2022-04-30,6347.5317,6314.255
14309,2022-05-01,6251.152,6138.287
14310,2022-05-02,6672.516,6171.72
14311,2022-05-03,6734.4424,6223.852
14312,2022-05-04,6737.235,6764.3076
14313,2022-05-05,6700.918,6869.4707
14314,2022-05-06,6659.015,6928.258
14315,2022-05-07,6351.256,6462.505
14316,2022-05-08,6262.3267,6204.3804
14317,2022-05-09,6684.622,6883.0767
14318,2022-05-10,6728.3867,6997.5327
14319,2022-05-11,6736.768,6763.599
14320,2022-05-12,6703.2476,6886.712
14321,2022-05-13,6664.135,6894.8184
14322,2022-05-14,6363.8276,6648.1865
14323,2022-05-15,6277.2256,6364.372
14324,2022-05-16,6666.929,6268.8813
14325,2022-05-17,6714.4214,6822.7114
14326,2022-05-18,6709.765,6987.74
14327,2022-05-19,6695.7954,6847.247
14328,2022-05-20,6646.9087,6763.4644
14329,2022-05-21,6341.9443,6449.54
14330,2022-05-22,6251.62,6342.958
14331,2022-05-23,6658.547,6885.347
14332,2022-05-24,6710.2295,6958.534
14333,2022-05-25,6725.129,6836.7407
14334,2022-05-26,6695.7954,6774.118
14335,2022-05-27,6649.239,6884.5874
14336,2022-05-28,6368.9487,6498.261
14337,2022-05-29,6262.793,6377.7505
14338,2022-05-30,6670.6562,6981.6167
14339,2022-05-31,6717.2144,7030.879
14340,2022-04-03,6195.419,6104.8145
14341,2022-04-04,6652.6533,6593.1597
14342,2022-04-05,6680.125,6695.3447
14343,2022-04-06,6671.743,6688.9204
14344,2022-04-07,6648.463,6532.8022
14345,2022-04-08,6611.215,6607.057
14346,2022-04-09,6282.9546,6185.182
14347,2022-04-10,6199.6094,6071.3223
14348,2022-04-11,6658.2407,6548.464
14349,2022-04-12,6675.4683,6651.454
14350,2022-04-13,6670.812,6708.0503
14351,2022-04-14,6655.446,6742.73
14352,2022-04-15,6615.405,6299.3975
14353,2022-04-16,6291.802,6364.963
14354,2022-04-17,6210.785,6295.551
14355,2022-04-18,6656.8433,6658.3315
14356,2022-04-19,6691.2983,6654.384
14357,2022-04-20,6681.986,6655.99
14358,2022-04-21,6665.2236,6500.921
14359,2022-04-22,6650.79,6644.343
14360,2022-04-23,6332.7764,6375.6694
14361,2022-04-24,6250.3623,6222.334
14362,2022-04-25,6673.139,6761.1636
14363,2022-04-26,6734.1343,6758.191
14364,2022-04-27,6737.3926,6753.6226
14365,2022-04-28,6718.3027,6734.1855
14366,2022-04-29,6675.002,6743.184
14367,2022-04-30,6337.8975,6314.255
14368,2022-05-01,6245.7056,6138.287
14369,2022-05-02,6678.7256,6171.72
14370,2022-05-03,6719.7007,6223.852
14371,2022-05-04,6732.2705,6764.3076
14372,2022-05-05,6714.578,6869.4707
14373,2022-05-06,6675.9316,6928.258
14374,2022-05-07,6343.0195,6462.505
14375,2022-05-08,6257.8105,6204.3804
14376,2022-05-09,6668.016,6883.0767
14377,2022-05-10,6705.2656,6997.5327
14378,2022-05-11,6711.7837,6763.599
14379,2022-05-12,6707.1294,6886.712
14380,2022-05-13,6634.4937,6894.8184
14381,2022-05-14,6329.9814,6648.1865
14382,2022-05-15,6232.6675,6364.372
14383,2022-05-16,6669.4146,6268.8813
14384,2022-05-17,6691.2974,6822.7114
14385,2022-05-18,6677.795,6987.74
14386,2022-05-19,6658.24,6847.247
14387,2022-05-20,6609.3506,6763.4644
14388,2022-05-21,6300.1816,6449.54
14389,2022-05-22,6220.562,6342.958
14390,2022-05-23,6644.2715,6885.347
14391,2022-05-24,6681.52,6958.534
14392,2022-05-25,6705.266,6836.7407
14393,2022-05-26,6685.244,6774.118
14394,2022-05-27,6635.89,6884.5874
14395,2022-05-28,6317.8755,6498.261
14396,2022-05-29,6241.98,6377.7505
14397,2022-05-30,6675.0015,6981.6167
14398,2022-05-31,6698.2827,7030.879
14399,2022-06-01,6708.06,6927.8315
14400,2022-04-04,6561.4336,6593.1597
14401,2022-04-05,6599.616,6695.3447
14402,2022-04-06,6588.9062,6688.9204
14403,2022-04-07,6583.785,6532.8022
14404,2022-04-08,6563.297,6607.057
14405,2022-04-09,6262.4917,6185.182
14406,2022-04-10,6160.5137,6071.3223
14407,2022-04-11,6586.578,6548.464
14408,2022-04-12,6614.517,6651.454
14409,2022-04-13,6634.074,6708.0503
14410,2022-04-14,6608.929,6742.73
14411,2022-04-15,6575.8687,6299.3975
14412,2022-04-16,6297.415,6364.963
14413,2022-04-17,6201.956,6295.551
14414,2022-04-18,6601.0137,6658.3315
14415,2022-04-19,6652.2344,6654.384
14416,2022-04-20,6656.4243,6655.99
14417,2022-04-21,6635.005,6500.921
14418,2022-04-22,6599.616,6644.343
14419,2022-04-23,6321.6274,6375.6694
14420,2022-04-24,6231.757,6222.334
14421,2022-04-25,6628.9517,6761.1636
14422,2022-04-26,6684.828,6758.191
14423,2022-04-27,6677.3774,6753.6226
14424,2022-04-28,6683.4316,6734.1855
14425,2022-04-29,6647.5776,6743.184
14426,2022-04-30,6344.911,6314.255
14427,2022-05-01,6275.9937,6138.287
14428,2022-05-02,6680.172,6171.72
14429,2022-05-03,6712.301,6223.852
14430,2022-05-04,6728.134,6764.3076
14431,2022-05-05,6699.73,6869.4707
14432,2022-05-06,6647.1113,6928.258
14433,2022-05-07,6340.7188,6462.505
14434,2022-05-08,6272.268,6204.3804
14435,2022-05-09,6687.6226,6883.0767
14436,2022-05-10,6719.286,6997.5327
14437,2022-05-11,6721.149,6763.599
14438,2022-05-12,6696.9355,6886.712
14439,2022-05-13,6630.814,6894.8184
14440,2022-05-14,6321.628,6648.1865
14441,2022-05-15,6239.6724,6364.372
14442,2022-05-16,6656.891,6268.8813
14443,2022-05-17,6698.3325,6822.7114
14444,2022-05-18,6678.7764,6987.74
14445,2022-05-19,6667.135,6847.247
14446,2022-05-20,6590.7715,6763.4644
14447,2022-05-21,6281.5825,6449.54
14448,2022-05-22,6196.368,6342.958
14449,2022-05-23,6634.5405,6885.347
14450,2022-05-24,6693.2114,6958.534
14451,2022-05-25,6697.4023,6836.7407
14452,2022-05-26,6684.365,6774.118
14453,2022-05-27,6625.2275,6884.5874
14454,2022-05-28,6293.2227,6498.261
14455,2022-05-29,6205.681,6377.7505
14456,2022-05-30,6626.6245,6981.6167
14457,2022-05-31,6691.348,7030.879
14458,2022-06-01,6692.28,6927.8315
14459,2022-06-02,6659.685,6821.3877
14460,2022-04-05,6637.0215,6695.3447
14461,2022-04-06,6624.913,6688.9204
14462,2022-04-07,6603.4844,6532.8022
14463,2022-04-08,6570.4155,6607.057
14464,2022-04-09,6247.6245,6185.182
14465,2022-04-10,6136.766,6071.3223
14466,2022-04-11,6577.4004,6548.464
14467,2022-04-12,6605.817,6651.454
14468,2022-04-13,6615.132,6708.0503
14469,2022-04-14,6619.7876,6742.73
14470,2022-04-15,6587.185,6299.3975
14471,2022-04-16,6280.6943,6364.963
14472,2022-04-17,6181.4824,6295.551
14473,2022-04-18,6617.9263,6658.3315
14474,2022-04-19,6655.656,6654.384
14475,2022-04-20,6636.556,6655.99
14476,2022-04-21,6619.7896,6500.921
14477,2022-04-22,6589.0483,6644.343
14478,2022-04-23,6297.9277,6375.6694
14479,2022-04-24,6208.966,6222.334
14480,2022-04-25,6628.172,6761.1636
14481,2022-04-26,6676.1494,6758.191
14482,2022-04-27,6672.424,6753.6226
14483,2022-04-28,6677.5474,6734.1855
14484,2022-04-29,6619.325,6743.184
14485,2022-04-30,6334.26,6314.255
14486,2022-05-01,6257.406,6138.287
14487,2022-05-02,6646.8037,6171.72
14488,2022-05-03,6694.3164,6223.852
14489,2022-05-04,6716.6733,6764.3076
14490,2022-05-05,6691.523,6869.4707
14491,2022-05-06,6642.1475,6928.258
14492,2022-05-07,6341.715,6462.505
14493,2022-05-08,6269.0513,6204.3804
14494,2022-05-09,6643.544,6883.0767
14495,2022-05-10,6696.643,6997.5327
14496,2022-05-11,6685.0015,6763.599
14497,2022-05-12,6677.083,6886.712
14498,2022-05-13,6608.1455,6894.8184
14499,2022-05-14,6323.0825,6648.1865
14500,2022-05-15,6228.5254,6364.372
14501,2022-05-16,6628.1724,6268.8813
14502,2022-05-17,6692.451,6822.7114
14503,2022-05-18,6697.1094,6987.74
14504,2022-05-19,6681.275,6847.247
14505,2022-05-20,6619.3237,6763.4644
14506,2022-05-21,6306.7793,6449.54
14507,2022-05-22,6222.4727,6342.958
14508,2022-05-23,6635.6255,6885.347
14509,2022-05-24,6682.6714,6958.534
14510,2022-05-25,6698.042,6836.7407
14511,2022-05-26,6686.8633,6774.118
14512,2022-05-27,6618.3926,6884.5874
14513,2022-05-28,6327.2744,6498.261
14514,2022-05-29,6248.089,6377.7505
14515,2022-05-30,6644.9414,6981.6167
14516,2022-05-31,6703.6313,7030.879
14517,2022-06-01,6702.7,6927.8315
14518,2022-06-02,6709.687,6821.3877
14519,2022-06-03,6644.9424,6713.927
14520,2022-04-06,6680.523,6688.9204
14521,2022-04-07,6662.8213,6532.8022
14522,2022-04-08,6640.4604,6607.057
14523,2022-04-09,6322.274,6185.182
14524,2022-04-10,6183.9126,6071.3223
14525,2022-04-11,6627.417,6548.464
14526,2022-04-12,6658.1626,6651.454
14527,2022-04-13,6649.3125,6708.0503
14528,2022-04-14,6659.56,6742.73
14529,2022-04-15,6639.9927,6299.3975
14530,2022-04-16,6320.8755,6364.963
14531,2022-04-17,6234.6914,6295.551
14532,2022-04-18,6642.788,6658.3315
14533,2022-04-19,6673.071,6654.384
14534,2022-04-20,6665.6167,6655.99
14535,2022-04-21,6667.4785,6500.921
14536,2022-04-22,6626.4824,6644.343
14537,2022-04-23,6339.978,6375.6694
14538,2022-04-24,6238.8833,6222.334
14539,2022-04-25,6645.585,6761.1636
14540,2022-04-26,6687.9775,6758.191
14541,2022-04-27,6674.9346,6753.6226
14542,2022-04-28,6701.955,6734.1855
14543,2022-04-29,6661.888,6743.184
14544,2022-04-30,6368.3955,6314.255
14545,2022-05-01,6282.676,6138.287
14546,2022-05-02,6666.5464,6171.72
14547,2022-05-03,6705.2163,6223.852
14548,2022-05-04,6696.8306,6764.3076
14549,2022-05-05,6687.5117,6869.4707
14550,2022-05-06,6637.663,6928.258
14551,2022-05-07,6347.429,6462.505
14552,2022-05-08,6282.2095,6204.3804
14553,2022-05-09,6672.6055,6883.0767
14554,2022-05-10,6704.7485,6997.5327
14555,2022-05-11,6687.5117,6763.599
14556,2022-05-12,6690.773,6886.712
14557,2022-05-13,6626.483,6894.8184
14558,2022-05-14,6333.4546,6648.1865
14559,2022-05-15,6279.879,6364.372
14560,2022-05-16,6669.344,6268.8813
14561,2022-05-17,6700.5566,6822.7114
14562,2022-05-18,6702.8857,6987.74
14563,2022-05-19,6685.649,6847.247
14564,2022-05-20,6627.416,6763.4644
14565,2022-05-21,6324.603,6449.54
14566,2022-05-22,6245.871,6342.958
14567,2022-05-23,6642.7886,6885.347
14568,2022-05-24,6691.2393,6958.534
14569,2022-05-25,6691.7036,6836.7407
14570,2022-05-26,6667.9463,6774.118
14571,2022-05-27,6594.805,6884.5874
14572,2022-05-28,6314.819,6498.261
14573,2022-05-29,6246.3374,6377.7505
14574,2022-05-30,6629.2783,6981.6167
14575,2022-05-31,6656.2974,7030.879
14576,2022-06-01,6675.8657,6927.8315
14577,2022-06-02,6674.4663,6821.3877
14578,2022-06-03,6630.212,6713.927
14579,2022-06-04,6341.3755,6374.575
14580,2022-04-07,6686.666,6532.8022
14581,2022-04-08,6639.605,6607.057
14582,2022-04-09,6322.7686,6185.182
14583,2022-04-10,6166.216,6071.3223
14584,2022-04-11,6619.103,6548.464
14585,2022-04-12,6670.358,6651.454
14586,2022-04-13,6654.5156,6708.0503
14587,2022-04-14,6660.5723,6742.73
14588,2022-04-15,6625.628,6299.3975
14589,2022-04-16,6310.189,6364.963
14590,2022-04-17,6189.511,6295.551
14591,2022-04-18,6636.345,6658.3315
14592,2022-04-19,6695.984,6654.384
14593,2022-04-20,6686.6655,6655.99
14594,2022-04-21,6682.473,6500.921
14595,2022-04-22,6666.63,6644.343
14596,2022-04-23,6362.84,6375.6694
14597,2022-04-24,6245.889,6222.334
14598,2022-04-25,6650.7876,6761.1636
14599,2022-04-26,6695.518,6758.191
14600,2022-04-27,6689.927,6753.6226
14601,2022-04-28,6702.0405,6734.1855
14602,2022-04-29,6662.9033,6743.184
14603,2022-04-30,6342.3374,6314.255
14604,2022-05-01,6240.763,6138.287
14605,2022-05-02,6664.7656,6171.72
14606,2022-05-03,6694.119,6223.852
14607,2022-05-04,6679.2104,6764.3076
14608,2022-05-05,6681.0737,6869.4707
14609,2022-05-06,6628.889,6928.258
14610,2022-05-07,6316.7114,6462.505
14611,2022-05-08,6228.65,6204.3804
14612,2022-05-09,6631.219,6883.0767
14613,2022-05-10,6681.54,6997.5327
14614,2022-05-11,6684.3364,6763.599
14615,2022-05-12,6680.1426,6886.712
14616,2022-05-13,6627.9575,6894.8184
14617,2022-05-14,6314.3823,6648.1865
14618,2022-05-15,6227.2515,6364.372
14619,2022-05-16,6623.2983,6268.8813
14620,2022-05-17,6678.745,6822.7114
14621,2022-05-18,6660.5723,6987.74
14622,2022-05-19,6655.9136,6847.247
14623,2022-05-20,6613.513,6763.4644
14624,2022-05-21,6314.848,6449.54
14625,2022-05-22,6230.9795,6342.958
14626,2022-05-23,6630.7524,6885.347
14627,2022-05-24,6673.619,6958.534
14628,2022-05-25,6673.6187,6836.7407
14629,2022-05-26,6681.5396,6774.118
14630,2022-05-27,6638.209,6884.5874
14631,2022-05-28,6327.8936,6498.261
14632,2022-05-29,6258.4707,6377.7505
14633,2022-05-30,6655.4473,6981.6167
14634,2022-05-31,6698.78,7030.879
14635,2022-06-01,6686.6655,6927.8315
14636,2022-06-02,6672.2207,6821.3877
14637,2022-06-03,6625.6274,6713.927
14638,2022-06-04,6354.4517,6374.575
14639,2022-06-05,6278.9707,6229.9946
14640,2022-04-08,6539.4595,6607.057
14641,2022-04-09,6279.4473,6185.182
14642,2022-04-10,6096.3184,6071.3223
14643,2022-04-11,6505.91,6548.464
14644,2022-04-12,6618.675,6651.454
14645,2022-04-13,6614.4824,6708.0503
14646,2022-04-14,6584.1924,6742.73
14647,2022-04-15,6566.4844,6299.3975
14648,2022-04-16,6311.132,6364.963
14649,2022-04-17,6173.672,6295.551
14650,2022-04-18,6539.4604,6658.3315
14651,2022-04-19,6637.78,6654.384
14652,2022-04-20,6641.042,6655.99
14653,2022-04-21,6621.4727,6500.921
14654,2022-04-22,6599.1035,6644.343
14655,2022-04-23,6339.5557,6375.6694
14656,2022-04-24,6221.667,6222.334
14657,2022-04-25,6559.03,6761.1636
14658,2022-04-26,6677.388,6758.191
14659,2022-04-27,6687.6377,6753.6226
14660,2022-04-28,6687.172,6734.1855
14661,2022-04-29,6643.3706,6743.184
14662,2022-04-30,6373.5737,6314.255
14663,2022-05-01,6260.8076,6138.287
14664,2022-05-02,6574.8745,6171.72
14665,2022-05-03,6678.3193,6223.852
14666,2022-05-04,6704.413,6764.3076
14667,2022-05-05,6692.764,6869.4707
14668,2022-05-06,6662.9424,6928.258
14669,2022-05-07,6387.0864,6462.505
14670,2022-05-08,6240.305,6204.3804
14671,2022-05-09,6573.0083,6883.0767
14672,2022-05-10,6671.795,6997.5327
14673,2022-05-11,6682.047,6763.599
14674,2022-05-12,6677.8506,6886.712
14675,2022-05-13,6627.5283,6894.8184
14676,2022-05-14,6374.04,6648.1865
14677,2022-05-15,6236.111,6364.372
14678,2022-05-16,6571.611,6268.8813
14679,2022-05-17,6660.1455,6822.7114
14680,2022-05-18,6670.865,6987.74
14681,2022-05-19,6670.3975,6847.247
14682,2022-05-20,6643.837,6763.4644
14683,2022-05-21,6365.185,6449.54
14684,2022-05-22,6220.2686,6342.958
14685,2022-05-23,6546.915,6885.347
14686,2022-05-24,6637.3125,6958.534
14687,2022-05-25,6640.575,6836.7407
14688,2022-05-26,6626.128,6774.118
14689,2022-05-27,6578.135,6884.5874
14690,2022-05-28,6316.7217,6498.261
14691,2022-05-29,6186.717,6377.7505
14692,2022-05-30,6511.9673,6981.6167
14693,2022-05-31,6609.355,7030.879
14694,2022-06-01,6627.0605,6927.8315
14695,2022-06-02,6629.391,6821.3877
14696,2022-06-03,6586.5205,6713.927
14697,2022-06-04,6316.2593,6374.575
14698,2022-06-05,6208.619,6229.9946
14699,2022-06-06,6522.2173,6698.9053
14700,2022-04-09,6317.525,6185.182
14701,2022-04-10,6134.8525,6071.3223
14702,2022-04-11,6515.5723,6548.464
14703,2022-04-12,6637.195,6651.454
14704,2022-04-13,6631.138,6708.0503
14705,2022-04-14,6619.956,6742.73
14706,2022-04-15,6593.8564,6299.3975
14707,2022-04-16,6305.8726,6364.963
14708,2022-04-17,6158.62,6295.551
14709,2022-04-18,6518.3687,6658.3315
14710,2022-04-19,6626.4785,6654.384
14711,2022-04-20,6622.7515,6655.99
14712,2022-04-21,6607.3745,6500.921
14713,2022-04-22,6586.4043,6644.343
14714,2022-04-23,6297.951,6375.6694
14715,2022-04-24,6165.608,6222.334
14716,2022-04-25,6540.736,6761.1636
14717,2022-04-26,6624.614,6758.191
14718,2022-04-27,6620.4214,6753.6226
14719,2022-04-28,6614.362,6734.1855
14720,2022-04-29,6609.235,6743.184
14721,2022-04-30,6325.912,6314.255
14722,2022-05-01,6181.917,6138.287
14723,2022-05-02,6550.5215,6171.72
14724,2022-05-03,6647.45,6223.852
14725,2022-05-04,6646.517,6764.3076
14726,2022-05-05,6647.449,6869.4707
14727,2022-05-06,6605.5093,6928.258
14728,2022-05-07,6341.2896,6462.505
14729,2022-05-08,6202.4194,6204.3804
14730,2022-05-09,6523.0283,6883.0767
14731,2022-05-10,6625.547,6997.5327
14732,2022-05-11,6624.6133,6763.599
14733,2022-05-12,6625.0786,6886.712
14734,2022-05-13,6603.645,6894.8184
14735,2022-05-14,6326.842,6648.1865
14736,2022-05-15,6190.7725,6364.372
14737,2022-05-16,6532.814,6268.8813
14738,2022-05-17,6626.478,6822.7114
14739,2022-05-18,6624.1494,6987.74
14740,2022-05-19,6615.7593,6847.247
14741,2022-05-20,6588.7324,6763.4644
14742,2022-05-21,6302.6113,6449.54
14743,2022-05-22,6176.325,6342.958
14744,2022-05-23,6509.9785,6885.347
14745,2022-05-24,6605.975,6958.534
14746,2022-05-25,6605.043,6836.7407
14747,2022-05-26,6588.2686,6774.118
14748,2022-05-27,6568.2305,6884.5874
14749,2022-05-28,6269.991,6498.261
14750,2022-05-29,6151.6274,6377.7505
14751,2022-05-30,6471.3027,6981.6167
14752,2022-05-31,6592.4624,7030.879
14753,2022-06-01,6577.5483,6927.8315
14754,2022-06-02,6589.2026,6821.3877
14755,2022-06-03,6558.4434,6713.927
14756,2022-06-04,6304.942,6374.575
14757,2022-06-05,6174.9277,6229.9946
14758,2022-06-06,6487.1455,6698.9053
14759,2022-06-07,6590.13,6733.6265
14760,2022-04-10,6062.545,6071.3223
14761,2022-04-11,6548.5386,6548.464
14762,2022-04-12,6589.0757,6651.454
14763,2022-04-13,6590.007,6708.0503
14764,2022-04-14,6560.188,6742.73
14765,2022-04-15,6562.049,6299.3975
14766,2022-04-16,6245.2017,6364.963
14767,2022-04-17,6130.5767,6295.551
14768,2022-04-18,6577.892,6658.3315
14769,2022-04-19,6627.2837,6654.384
14770,2022-04-20,6636.1367,6655.99
14771,2022-04-21,6613.773,6500.921
14772,2022-04-22,6603.5205,6644.343
14773,2022-04-23,6302.0493,6375.6694
14774,2022-04-24,6214.448,6222.334
14775,2022-04-25,6663.6313,6761.1636
14776,2022-04-26,6692.5186,6758.191
14777,2022-04-27,6689.257,6753.6226
14778,2022-04-28,6680.404,6734.1855
14779,2022-04-29,6659.9023,6743.184
14780,2022-04-30,6343.0527,6314.255
14781,2022-05-01,6247.9976,6138.287
14782,2022-05-02,6677.14,6171.72
14783,2022-05-03,6729.3286,6223.852
14784,2022-05-04,6732.59,6764.3076
14785,2022-05-05,6719.078,6869.4707
14786,2022-05-06,6665.493,6928.258
14787,2022-05-07,6358.4287,6462.505
14788,2022-05-08,6247.9956,6204.3804
14789,2022-05-09,6666.89,6883.0767
14790,2022-05-10,6711.6226,6997.5327
14791,2022-05-11,6705.5664,6763.599
14792,2022-05-12,6692.0513,6886.712
14793,2022-05-13,6646.388,6894.8184
14794,2022-05-14,6323.017,6648.1865
14795,2022-05-15,6218.6436,6364.372
14796,2022-05-16,6644.525,6268.8813
14797,2022-05-17,6702.303,6822.7114
14798,2022-05-18,6699.0405,6987.74
14799,2022-05-19,6691.119,6847.247
14800,2022-05-20,6647.784,6763.4644
14801,2022-05-21,6321.154,6449.54
14802,2022-05-22,6198.1426,6342.958
14803,2022-05-23,6595.598,6885.347
14804,2022-05-24,6676.6763,6958.534
14805,2022-05-25,6690.1895,6836.7407
14806,2022-05-26,6656.639,6774.118
14807,2022-05-27,6596.996,6884.5874
14808,2022-05-28,6268.967,6498.261
14809,2022-05-29,6190.686,6377.7505
14810,2022-05-30,6591.406,6981.6167
14811,2022-05-31,6637.5337,7030.879
14812,2022-06-01,6651.0474,6927.8315
14813,2022-06-02,6647.321,6821.3877
14814,2022-06-03,6593.737,6713.927
14815,2022-06-04,6276.4224,6374.575
14816,2022-06-05,6203.7314,6229.9946
14817,2022-06-06,6594.2007,6698.9053
14818,2022-06-07,6665.4927,6733.6265
14819,2022-06-08,6679.936,6650.0415
14820,2022-04-11,6542.7725,6548.464
14821,2022-04-12,6603.3486,6651.454
14822,2022-04-13,6582.8467,6708.0503
14823,2022-04-14,6527.395,6742.73
14824,2022-04-15,6518.542,6299.3975
14825,2022-04-16,6230.101,6364.963
14826,2022-04-17,6136.904,6295.551
14827,2022-04-18,6589.835,6658.3315
14828,2022-04-19,6630.3735,6654.384
14829,2022-04-20,6638.2983,6655.99
14830,2022-04-21,6636.898,6500.921
14831,2022-04-22,6597.757,6644.343
14832,2022-04-23,6306.0557,6375.6694
14833,2022-04-24,6204.0063,6222.334
14834,2022-04-25,6619.6577,6761.1636
14835,2022-04-26,6663.4614,6758.191
14836,2022-04-27,6660.663,6753.6226
14837,2022-04-28,6649.947,6734.1855
14838,2022-04-29,6608.94,6743.184
14839,2022-04-30,6329.8193,6314.255
14840,2022-05-01,6231.9644,6138.287
14841,2022-05-02,6647.6177,6171.72
14842,2022-05-03,6693.747,6223.852
14843,2022-05-04,6677.437,6764.3076
14844,2022-05-05,6658.332,6869.4707
14845,2022-05-06,6601.9517,6928.258
14846,2022-05-07,6302.3267,6462.505
14847,2022-05-08,6225.9067,6204.3804
14848,2022-05-09,6607.541,6883.0767
14849,2022-05-10,6649.011,6997.5327
14850,2022-05-11,6647.6143,6763.599
14851,2022-05-12,6641.5586,6886.712
14852,2022-05-13,6598.6904,6894.8184
14853,2022-05-14,6302.328,6648.1865
14854,2022-05-15,6226.8394,6364.372
14855,2022-05-16,6618.26,6268.8813
14856,2022-05-17,6654.6035,6822.7114
14857,2022-05-18,6634.57,6987.74
14858,2022-05-19,6642.025,6847.247
14859,2022-05-20,6597.7573,6763.4644
14860,2022-05-21,6299.996,6449.54
14861,2022-05-22,6224.976,6342.958
14862,2022-05-23,6630.8413,6885.347
14863,2022-05-24,6662.529,6958.534
14864,2022-05-25,6636.9,6836.7407
14865,2022-05-26,6628.0464,6774.118
14866,2022-05-27,6571.196,6884.5874
14867,2022-05-28,6259.925,6498.261
14868,2022-05-29,6188.629,6377.7505
14869,2022-05-30,6569.332,6981.6167
14870,2022-05-31,6608.473,7030.879
14871,2022-06-01,6618.26,6927.8315
14872,2022-06-02,6608.9404,6821.3877
14873,2022-06-03,6559.5474,6713.927
14874,2022-06-04,6263.1855,6374.575
14875,2022-06-05,6207.734,6229.9946
14876,2022-06-06,6585.176,6698.9053
14877,2022-06-07,6646.68,6733.6265
14878,2022-06-08,6654.605,6650.0415
14879,2022-06-09,6616.8623,6711.8936
14880,2022-04-12,6643.075,6651.454
14881,2022-04-13,6629.092,6708.0503
14882,2022-04-14,6594.136,6742.73
14883,2022-04-15,6560.112,6299.3975
14884,2022-04-16,6240.381,6364.963
14885,2022-04-17,6142.9683,6295.551
14886,2022-04-18,6584.814,6658.3315
14887,2022-04-19,6643.541,6654.384
14888,2022-04-20,6632.8213,6655.99
14889,2022-04-21,6626.7627,6500.921
14890,2022-04-22,6609.9824,6644.343
14891,2022-04-23,6298.1763,6375.6694
14892,2022-04-24,6201.696,6222.334
14893,2022-04-25,6631.4233,6761.1636
14894,2022-04-26,6669.1763,6758.191
14895,2022-04-27,6672.904,6753.6226
14896,2022-04-28,6660.786,6734.1855
14897,2022-04-29,6619.77,6743.184
14898,2022-04-30,6306.0977,6314.255
14899,2022-05-01,6233.3887,6138.287
14900,2022-05-02,6635.1504,6171.72
14901,2022-05-03,6673.369,6223.852
14902,2022-05-04,6677.565,6764.3076
14903,2022-05-05,6646.804,6869.4707
14904,2022-05-06,6592.272,6928.258
14905,2022-05-07,6297.243,6462.505
14906,2022-05-08,6232.9224,6204.3804
14907,2022-05-09,6603.456,6883.0767
14908,2022-05-10,6650.5317,6997.5327
14909,2022-05-11,6629.0933,6763.599
14910,2022-05-12,6612.7783,6886.712
14911,2022-05-13,6579.687,6894.8184
14912,2022-05-14,6280.929,6648.1865
14913,2022-05-15,6215.677,6364.372
14914,2022-05-16,6593.67,6268.8813
14915,2022-05-17,6638.4136,6822.7114
14916,2022-05-18,6630.9575,6987.74
14917,2022-05-19,6637.9487,6847.247
14918,2022-05-20,6580.6206,6763.4644
14919,2022-05-21,6287.92,6449.54
14920,2022-05-22,6212.882,6342.958
14921,2022-05-23,6588.544,6885.347
14922,2022-05-24,6628.159,6958.534
14923,2022-05-25,6634.6846,6836.7407
14924,2022-05-26,6628.6255,6774.118
14925,2022-05-27,6569.9,6884.5874
14926,2022-05-28,6281.862,6498.261
14927,2022-05-29,6213.813,6377.7505
14928,2022-05-30,6600.196,6981.6167
14929,2022-05-31,6637.9487,7030.879
14930,2022-06-01,6647.739,6927.8315
14931,2022-06-02,6630.0244,6821.3877
14932,2022-06-03,6577.3574,6713.927
14933,2022-06-04,6311.6904,6374.575
14934,2022-06-05,6237.115,6229.9946
14935,2022-06-06,6636.5513,6698.9053
14936,2022-06-07,6667.311,6733.6265
14937,2022-06-08,6664.049,6650.0415
14938,2022-06-09,6634.6855,6711.8936
14939,2022-06-10,6614.1777,6301.578
14940,2022-04-13,6637.004,6708.0503
14941,2022-04-14,6608.1045,6742.73
14942,2022-04-15,6597.8486,6299.3975
14943,2022-04-16,6281.337,6364.963
14944,2022-04-17,6193.698,6295.551
14945,2022-04-18,6621.621,6658.3315
14946,2022-04-19,6658.9136,6654.384
14947,2022-04-20,6638.869,6655.99
14948,2022-04-21,6650.523,6500.921
14949,2022-04-22,6638.869,6644.343
14950,2022-04-23,6306.5063,6375.6694
14951,2022-04-24,6196.9614,6222.334
14952,2022-04-25,6637.9375,6761.1636
14953,2022-04-26,6680.3574,6758.191
14954,2022-04-27,7553.9155,6753.6226
14955,2022-04-28,6650.99,6734.1855
14956,2022-04-29,6627.216,6743.184
14957,2022-04-30,6310.235,6314.255
14958,2022-05-01,6208.15,6138.287
14959,2022-05-02,6622.5557,6171.72
14960,2022-05-03,6655.6494,6223.852
14961,2022-05-04,6629.544,6764.3076
14962,2022-05-05,6630.4775,6869.4707
14963,2022-05-06,6619.2886,6928.258
14964,2022-05-07,6303.71,6462.505
14965,2022-05-08,6204.4214,6204.3804
14966,2022-05-09,6618.8257,6883.0767
14967,2022-05-10,6670.567,6997.5327
14968,2022-05-11,6661.7114,6763.599
14969,2022-05-12,6639.8013,6886.712
14970,2022-05-13,6604.8394,6894.8184
14971,2022-05-14,6287.8623,6648.1865
14972,2022-05-15,6184.3774,6364.372
14973,2022-05-16,6622.087,6268.8813
14974,2022-05-17,6652.853,6822.7114
14975,2022-05-18,6655.65,6987.74
14976,2022-05-19,6646.328,6847.247
14977,2022-05-20,6609.9663,6763.4644
14978,2022-05-21,6315.3633,6449.54
14979,2022-05-22,6200.225,6342.958
14980,2022-05-23,6600.177,6885.347
14981,2022-05-24,6637.47,6958.534
14982,2022-05-25,6632.808,6836.7407
14983,2022-05-26,6615.561,6774.118
14984,2022-05-27,6588.058,6884.5874
14985,2022-05-28,6282.733,6498.261
14986,2022-05-29,6179.715,6377.7505
14987,2022-05-30,6583.3965,6981.6167
14988,2022-05-31,6634.6733,7030.879
14989,2022-06-01,6654.2524,6927.8315
14990,2022-06-02,6630.013,6821.3877
14991,2022-06-03,6589.4556,6713.927
14992,2022-06-04,6275.741,6374.575
14993,2022-06-05,6186.708,6229.9946
14994,2022-06-06,6594.585,6698.9053
14995,2022-06-07,6654.253,6733.6265
14996,2022-06-08,6668.7007,6650.0415
14997,2022-06-09,6661.243,6711.8936
14998,2022-06-10,6630.9443,6301.578
14999,2022-06-11,6314.4307,6063.304
15000,2022-04-14,6677.9463,6742.73
15001,2022-04-15,6647.6455,6299.3975
15002,2022-04-16,6312.445,6364.963
15003,2022-04-17,6195.4277,6295.551
15004,2022-04-18,6650.4414,6658.3315
15005,2022-04-19,6696.596,6654.384
15006,2022-04-20,6689.1367,6655.99
15007,2022-04-21,6650.4414,6500.921
15008,2022-04-22,6650.4414,6644.343
15009,2022-04-23,6338.0854,6375.6694
15010,2022-04-24,6236.4536,6222.334
15011,2022-04-25,6661.165,6761.1636
15012,2022-04-26,6701.725,6758.191
15013,2022-04-27,6690.536,6753.6226
15014,2022-04-28,6680.2793,6734.1855
15015,2022-04-29,6669.09,6743.184
15016,2022-04-30,6337.1523,6314.255
15017,2022-05-01,6239.716,6138.287
15018,2022-05-02,6641.1157,6171.72
15019,2022-05-03,6665.824,6223.852
15020,2022-05-04,6667.225,6764.3076
15021,2022-05-05,6658.834,6869.4707
15022,2022-05-06,6625.7324,6928.258
15023,2022-05-07,6306.85,6462.505
15024,2022-05-08,6214.075,6204.3804
15025,2022-05-09,6635.989,6883.0767
15026,2022-05-10,6687.7383,6997.5327
15027,2022-05-11,6677.4805,6763.599
15028,2022-05-12,6666.293,6886.712
15029,2022-05-13,6625.7324,6894.8184
15030,2022-05-14,6308.714,6648.1865
15031,2022-05-15,6204.7495,6364.372
15032,2022-05-16,6614.544,6268.8813
15033,2022-05-17,6681.212,6822.7114
15034,2022-05-18,6663.962,6987.74
15035,2022-05-19,6641.1167,6847.247
15036,2022-05-20,6595.8955,6763.4644
15037,2022-05-21,6294.7275,6449.54
15038,2022-05-22,6207.5474,6342.958
15039,2022-05-23,6605.687,6885.347
15040,2022-05-24,6656.9688,6958.534
15041,2022-05-25,6662.562,6836.7407
15042,2022-05-26,6638.7856,6774.118
15043,2022-05-27,6577.247,6884.5874
15044,2022-05-28,6282.142,6498.261
15045,2022-05-29,6218.272,6377.7505
15046,2022-05-30,6618.7417,6981.6167
15047,2022-05-31,6661.165,7030.879
15048,2022-06-01,6652.3066,6927.8315
15049,2022-06-02,6649.042,6821.3877
15050,2022-06-03,6604.287,6713.927
15051,2022-06-04,6304.052,6374.575
15052,2022-06-05,6225.7305,6229.9946
15053,2022-06-06,6624.802,6698.9053
15054,2022-06-07,6664.4287,6733.6265
15055,2022-06-08,6675.1504,6650.0415
15056,2022-06-09,6659.299,6711.8936
15057,2022-06-10,6616.4106,6301.578
15058,2022-06-11,6316.175,6063.304
15059,2022-06-12,6239.2485,6229.9946
15060,2022-04-15,6705.83,6299.3975
15061,2022-04-16,6355.194,6364.963
15062,2022-04-17,6219.042,6295.551
15063,2022-04-18,6674.5854,6658.3315
15064,2022-04-19,6716.551,6654.384
15065,2022-04-20,6720.281,6655.99
15066,2022-04-21,6710.0225,6500.921
15067,2022-04-22,6684.8433,6644.343
15068,2022-04-23,6357.525,6375.6694
15069,2022-04-24,6250.7485,6222.334
15070,2022-04-25,6679.248,6761.1636
15071,2022-04-26,6727.7407,6758.191
15072,2022-04-27,6713.7524,6753.6226
15073,2022-04-28,6703.9614,6734.1855
15074,2022-04-29,6656.4033,6743.184
15075,2022-04-30,6335.1445,6314.255
15076,2022-05-01,6236.7593,6138.287
15077,2022-05-02,6663.8613,6171.72
15078,2022-05-03,6710.4893,6223.852
15079,2022-05-04,6706.293,6764.3076
15080,2022-05-05,6694.17,6869.4707
15081,2022-05-06,6660.596,6928.258
15082,2022-05-07,6343.0693,6462.505
15083,2022-05-08,6252.1475,6204.3804
15084,2022-05-09,6658.734,6883.0767
15085,2022-05-10,6692.7705,6997.5327
15086,2022-05-11,6703.494,6763.599
15087,2022-05-12,6689.9736,6886.712
15088,2022-05-13,6658.7324,6894.8184
15089,2022-05-14,6339.3413,6648.1865
15090,2022-05-15,6254.4795,6364.372
15091,2022-05-16,6663.8613,6268.8813
15092,2022-05-17,6703.962,6822.7114
15093,2022-05-18,6706.2925,6987.74
15094,2022-05-19,6685.7773,6847.247
15095,2022-05-20,6647.0776,6763.4644
15096,2022-05-21,6330.482,6449.54
15097,2022-05-22,6234.895,6342.958
15098,2022-05-23,6638.2144,6885.347
15099,2022-05-24,6695.57,6958.534
15100,2022-05-25,6703.9614,6836.7407
15101,2022-05-26,6680.649,6774.118
15102,2022-05-27,6652.6704,6884.5874
15103,2022-05-28,6332.812,6498.261
15104,2022-05-29,6264.2686,6377.7505
15105,2022-05-30,6660.5986,6981.6167
15106,2022-05-31,6708.6245,7030.879
15107,2022-06-01,6696.9688,6927.8315
15108,2022-06-02,6674.1187,6821.3877
15109,2022-06-03,6644.2773,6713.927
15110,2022-06-04,6346.333,6374.575
15111,2022-06-05,6276.859,6229.9946
15112,2022-06-06,6649.4062,6698.9053
15113,2022-06-07,6705.36,6733.6265
15114,2022-06-08,6718.415,6650.0415
15115,2022-06-09,6708.623,6711.8936
15116,2022-06-10,6642.879,6301.578
15117,2022-06-11,6351.928,6063.304
15118,2022-06-12,6281.9873,6229.9946
15119,2022-06-13,6662.9316,6607.771
15120,2022-04-16,6115.514,6364.963
15121,2022-04-17,6475.466,6295.551
15122,2022-04-18,6617.674,6658.3315
15123,2022-04-19,6622.8027,6654.384
15124,2022-04-20,6624.2017,6655.99
15125,2022-04-21,6599.956,6500.921
15126,2022-04-22,6336.9873,6644.343
15127,2022-04-23,6175.1943,6375.6694
15128,2022-04-24,6527.22,6222.334
15129,2022-04-25,6652.1763,6761.1636
15130,2022-04-26,6644.7163,6758.191
15131,2022-04-27,6660.1025,6753.6226
15132,2022-04-28,6626.9985,6734.1855
15133,2022-04-29,6345.38,6743.184
15134,2022-04-30,6205.5015,6314.255
15135,2022-05-01,6571.9805,6138.287
15136,2022-05-02,6688.078,6171.72
15137,2022-05-03,6680.152,6223.852
15138,2022-05-04,6682.949,6764.3076
15139,2022-05-05,6667.0967,6869.4707
15140,2022-05-06,6387.3433,6928.258
15141,2022-05-07,6241.8706,6462.505
15142,2022-05-08,6567.3174,6204.3804
15143,2022-05-09,6691.8086,6883.0767
15144,2022-05-10,6686.214,6997.5327
15145,2022-05-11,6676.888,6763.599
15146,2022-05-12,6629.3306,6886.712
15147,2022-05-13,6349.11,6894.8184
15148,2022-05-14,6199.4404,6648.1865
15149,2022-05-15,6537.9443,6364.372
15150,2022-05-16,6656.3735,6268.8813
15151,2022-05-17,6664.2993,6822.7114
15152,2022-05-18,6647.9805,6987.74
15153,2022-05-19,6626.0664,6847.247
15154,2022-05-20,6366.3613,6763.4644
15155,2022-05-21,6224.6177,6449.54
15156,2022-05-22,6516.496,6342.958
15157,2022-05-23,6634.4595,6885.347
15158,2022-05-24,6621.404,6958.534
15159,2022-05-25,6621.4043,6836.7407
15160,2022-05-26,6575.7104,6774.118
15161,2022-05-27,6305.28,6884.5874
15162,2022-05-28,6187.7812,6498.261
15163,2022-05-29,6479.195,6377.7505
15164,2022-05-30,6611.612,6981.6167
15165,2022-05-31,6604.152,7030.879
15166,2022-06-01,6606.483,6927.8315
15167,2022-06-02,6582.239,6821.3877
15168,2022-06-03,6315.5386,6713.927
15169,2022-06-04,6188.716,6374.575
15170,2022-06-05,6472.668,6229.9946
15171,2022-06-06,6609.2812,6698.9053
15172,2022-06-07,6616.7417,6733.6265
15173,2022-06-08,6608.3496,6650.0415
15174,2022-06-09,6560.7905,6711.8936
15175,2022-06-10,6313.6733,6301.578
15176,2022-06-11,6177.058,6063.304
15177,2022-06-12,6468.4727,6229.9946
15178,2022-06-13,6589.699,6607.771
15179,2022-06-14,6604.619,6668.43
15180,2022-04-17,6217.3164,6295.551
15181,2022-04-18,6635.5684,6658.3315
15182,2022-04-19,6691.056,6654.384
15183,2022-04-20,6685.9277,6655.99
15184,2022-04-21,6680.7983,6500.921
15185,2022-04-22,6646.759,6644.343
15186,2022-04-23,6317.0996,6375.6694
15187,2022-04-24,6224.3105,6222.334
15188,2022-04-25,6657.0176,6761.1636
15189,2022-04-26,6697.118,6758.191
15190,2022-04-27,6703.1787,6753.6226
15191,2022-04-28,6682.197,6734.1855
15192,2022-04-29,6650.024,6743.184
15193,2022-04-30,6355.8027,6314.255
15194,2022-05-01,6263.4795,6138.287
15195,2022-05-02,6656.552,6171.72
15196,2022-05-03,6704.11,6223.852
15197,2022-05-04,6705.5093,6764.3076
15198,2022-05-05,6698.9814,6869.4707
15199,2022-05-06,6643.0283,6928.258
15200,2022-05-07,6335.7524,6462.505
15201,2022-05-08,6233.1733,6204.3804
15202,2022-05-09,6639.7656,6883.0767
15203,2022-05-10,6702.2476,6997.5327
15204,2022-05-11,6700.3813,6763.599
15205,2022-05-12,6684.9937,6886.712
15206,2022-05-13,6627.175,6894.8184
15207,2022-05-14,6308.7075,6648.1865
15208,2022-05-15,6220.1167,6364.372
15209,2022-05-16,6636.9683,6268.8813
15210,2022-05-17,6676.6006,6822.7114
15211,2022-05-18,6666.808,6987.74
15212,2022-05-19,6649.091,6847.247
15213,2022-05-20,6593.602,6763.4644
15214,2022-05-21,6298.917,6449.54
15215,2022-05-22,6218.7183,6342.958
15216,2022-05-23,6635.102,6885.347
15217,2022-05-24,6688.257,6958.534
15218,2022-05-25,6677.0664,6836.7407
15219,2022-05-26,6663.0786,6774.118
15220,2022-05-27,6585.6743,6884.5874
15221,2022-05-28,6286.793,6498.261
15222,2022-05-29,6203.795,6377.7505
15223,2022-05-30,6602.4614,6981.6167
15224,2022-05-31,6644.8936,7030.879
15225,2022-06-01,6638.3657,6927.8315
15226,2022-06-02,6624.3765,6821.3877
15227,2022-06-03,6569.824,6713.927
15228,2022-06-04,6258.8164,6374.575
15229,2022-06-05,6201.464,6229.9946
15230,2022-06-06,6609.4575,6698.9053
15231,2022-06-07,6661.2124,6733.6265
15232,2022-06-08,6668.206,6650.0415
15233,2022-06-09,6622.5127,6711.8936
15234,2022-06-10,6566.0923,6301.578
15235,2022-06-11,6297.9844,6063.304
15236,2022-06-12,6234.102,6229.9946
15237,2022-06-13,6604.7944,6607.771
15238,2022-06-14,6649.0894,6668.43
15239,2022-06-15,6641.1626,6746.6987
15240,2022-04-18,6632.669,6658.3315
15241,2022-04-19,6683.502,6654.384
15242,2022-04-20,6680.7026,6655.99
15243,2022-04-21,6635.469,6500.921
15244,2022-04-22,6593.0312,6644.343
15245,2022-04-23,6299.71,6375.6694
15246,2022-04-24,6239.0845,6222.334
15247,2022-04-25,6653.1895,6761.1636
15248,2022-04-26,6690.4956,6758.191
15249,2022-04-27,6697.957,6753.6226
15250,2022-04-28,6690.031,6734.1855
15251,2022-04-29,6629.8726,6743.184
15252,2022-04-30,6315.0967,6314.255
15253,2022-05-01,6261.935,6138.287
15254,2022-05-02,6672.774,6171.72
15255,2022-05-03,6711.9487,6223.852
15256,2022-05-04,6699.3555,6764.3076
15257,2022-05-05,6658.786,6869.4707
15258,2022-05-06,6597.2285,6928.258
15259,2022-05-07,6315.5625,6462.505
15260,2022-05-08,6248.412,6204.3804
15261,2022-05-09,6627.5386,6883.0767
15262,2022-05-10,6672.308,6997.5327
15263,2022-05-11,6663.9155,6763.599
15264,2022-05-12,6642.4624,6886.712
15265,2022-05-13,6571.1143,6894.8184
15266,2022-05-14,6269.862,6648.1865
15267,2022-05-15,6207.375,6364.372
15268,2022-05-16,6592.563,6268.8813
15269,2022-05-17,6632.67,6822.7114
15270,2022-05-18,6653.656,6987.74
15271,2022-05-19,6615.4146,6847.247
15272,2022-05-20,6545.9316,6763.4644
15273,2022-05-21,6248.877,6449.54
15274,2022-05-22,6200.379,6342.958
15275,2022-05-23,6565.051,6885.347
15276,2022-05-24,6624.2744,6958.534
15277,2022-05-25,6625.209,6836.7407
15278,2022-05-26,6606.088,6774.118
15279,2022-05-27,6541.2686,6884.5874
15280,2022-05-28,6262.8677,6498.261
15281,2022-05-29,6220.4326,6377.7505
15282,2022-05-30,6578.11,6981.6167
15283,2022-05-31,6629.4043,7030.879
15284,2022-06-01,6636.8667,6927.8315
15285,2022-06-02,6620.5454,6821.3877
15286,2022-06-03,6551.5283,6713.927
15287,2022-06-04,6267.53,6374.575
15288,2022-06-05,6233.955,6229.9946
15289,2022-06-06,6581.8413,6698.9053
15290,2022-06-07,6629.871,6733.6265
15291,2022-06-08,6636.4014,6650.0415
15292,2022-06-09,6620.0796,6711.8936
15293,2022-06-10,6552.46,6301.578
15294,2022-06-11,6293.179,6063.304
15295,2022-06-12,6249.3467,6229.9946
15296,2022-06-13,6588.369,6607.771
15297,2022-06-14,6651.323,6668.43
15298,2022-06-15,6662.5156,6746.6987
15299,2022-06-16,6635.003,6619.94
15300,2022-04-19,6707.5156,6654.384
15301,2022-04-20,6685.5957,6655.99
15302,2022-04-21,6658.07,6500.921
15303,2022-04-22,6597.4277,6644.343
15304,2022-04-23,6272.29,6375.6694
15305,2022-04-24,6220.0464,6222.334
15306,2022-04-25,6642.677,6761.1636
15307,2022-04-26,6679.9937,6758.191
15308,2022-04-27,6686.5254,6753.6226
15309,2022-04-28,6670.199,6734.1855
15310,2022-04-29,6587.167,6743.184
15311,2022-04-30,6281.62,6314.255
15312,2022-05-01,6240.1035,6138.287
15313,2022-05-02,6639.877,6171.72
15314,2022-05-03,6671.598,6223.852
15315,2022-05-04,6674.864,6764.3076
15316,2022-05-05,6669.7305,6869.4707
15317,2022-05-06,6580.1675,6928.258
15318,2022-05-07,6270.4243,6462.505
15319,2022-05-08,6231.2407,6204.3804
15320,2022-05-09,6607.2246,6883.0767
15321,2022-05-10,6631.4814,6997.5327
15322,2022-05-11,6622.152,6763.599
15323,2022-05-12,6602.0923,6886.712
15324,2022-05-13,6514.8623,6894.8184
15325,2022-05-14,6230.7744,6648.1865
15326,2022-05-15,6195.7876,6364.372
15327,2022-05-16,6580.168,6268.8813
15328,2022-05-17,6611.888,6822.7114
15329,2022-05-18,6618.42,6987.74
15330,2022-05-19,6606.7573,6847.247
15331,2022-05-20,6510.1963,6763.4644
15332,2022-05-21,6232.1743,6449.54
15333,2022-05-22,6199.986,6342.958
15334,2022-05-23,6586.697,6885.347
15335,2022-05-24,6617.953,6958.534
15336,2022-05-25,6627.7495,6836.7407
15337,2022-05-26,6605.8257,6774.118
15338,2022-05-27,6532.121,6884.5874
15339,2022-05-28,6234.9717,6498.261
15340,2022-05-29,6195.788,6377.7505
15341,2022-05-30,6558.2437,6981.6167
15342,2022-05-31,6603.025,7030.879
15343,2022-06-01,6611.8867,6927.8315
15344,2022-06-02,6582.9673,6821.3877
15345,2022-06-03,6465.881,6713.927
15346,2022-06-04,6200.918,6374.575
15347,2022-06-05,6194.8545,6229.9946
15348,2022-06-06,6562.9106,6698.9053
15349,2022-06-07,6603.959,6733.6265
15350,2022-06-08,6604.425,6650.0415
15351,2022-06-09,6579.235,6711.8936
15352,2022-06-10,6503.1973,6301.578
15353,2022-06-11,6242.436,6063.304
15354,2022-06-12,6243.8345,6229.9946
15355,2022-06-13,6603.4927,6607.771
15356,2022-06-14,6618.885,6668.43
15357,2022-06-15,6639.877,6746.6987
15358,2022-06-16,6617.951,6619.94
15359,2022-06-17,6509.2617,6567.1587
15360,2022-04-20,6685.8184,6655.99
15361,2022-04-21,6663.8906,6500.921
15362,2022-04-22,6575.243,6644.343
15363,2022-04-23,6259.8467,6375.6694
15364,2022-04-24,6265.9126,6222.334
15365,2022-04-25,6648.96,6761.1636
15366,2022-04-26,6654.5586,6758.191
15367,2022-04-27,6661.09,6753.6226
15368,2022-04-28,6672.755,6734.1855
15369,2022-04-29,6592.0396,6743.184
15370,2022-04-30,6310.2363,6314.255
15371,2022-05-01,6292.973,6138.287
15372,2022-05-02,6668.555,6171.72
15373,2022-05-03,6695.1494,6223.852
15374,2022-05-04,6696.55,6764.3076
15375,2022-05-05,6693.7505,6869.4707
15376,2022-05-06,6594.8394,6928.258
15377,2022-05-07,6319.1006,6462.505
15378,2022-05-08,6292.0386,6204.3804
15379,2022-05-09,6664.357,6883.0767
15380,2022-05-10,6672.288,6997.5327
15381,2022-05-11,6681.1523,6763.599
15382,2022-05-12,6663.424,6886.712
15383,2022-05-13,6566.378,6894.8184
15384,2022-05-14,6282.709,6648.1865
15385,2022-05-15,6257.9824,6364.372
15386,2022-05-16,6631.697,6268.8813
15387,2022-05-17,6659.2246,6822.7114
15388,2022-05-18,6656.8926,6987.74
15389,2022-05-19,6652.226,6847.247
15390,2022-05-20,6557.98,6763.4644
15391,2022-05-21,6280.3755,6449.54
15392,2022-05-22,6269.1787,6342.958
15393,2022-05-23,6641.0283,6885.347
15394,2022-05-24,6686.7524,6958.534
15395,2022-05-25,6700.7485,6836.7407
15396,2022-05-26,6673.2207,6774.118
15397,2022-05-27,6575.71,6884.5874
15398,2022-05-28,6287.841,6498.261
15399,2022-05-29,6280.8438,6377.7505
15400,2022-05-30,6625.632,6981.6167
15401,2022-05-31,6669.023,7030.879
15402,2022-06-01,6679.7544,6927.8315
15403,2022-06-02,6673.688,6821.3877
15404,2022-06-03,6545.85,6713.927
15405,2022-06-04,6293.906,6374.575
15406,2022-06-05,6315.834,6229.9946
15407,2022-06-06,6647.5605,6698.9053
15408,2022-06-07,6688.152,6733.6265
15409,2022-06-08,6701.683,6650.0415
15410,2022-06-09,6687.2173,6711.8936
15411,2022-06-10,6578.042,6301.578
15412,2022-06-11,6317.236,6063.304
15413,2022-06-12,6335.4307,6229.9946
15414,2022-06-13,6655.027,6607.771
15415,2022-06-14,6684.8857,6668.43
15416,2022-06-15,6695.616,6746.6987
15417,2022-06-16,6669.489,6619.94
15418,2022-06-17,6597.1714,6567.1587
15419,2022-06-18,6318.6343,6276.1724
15420,2022-04-21,6653.9487,6500.921
15421,2022-04-22,6585.815,6644.343
15422,2022-04-23,6255.8975,6375.6694
15423,2022-04-24,6169.102,6222.334
15424,2022-04-25,6634.817,6761.1636
15425,2022-04-26,6673.0806,6758.191
15426,2022-04-27,6673.547,6753.6226
15427,2022-04-28,6657.212,6734.1855
15428,2022-04-29,6597.482,6743.184
15429,2022-04-30,6292.2954,6314.255
15430,2022-05-01,6204.0996,6138.287
15431,2022-05-02,6634.8145,6171.72
15432,2022-05-03,6694.0806,6223.852
15433,2022-05-04,6671.215,6764.3076
15434,2022-05-05,6670.747,6869.4707
15435,2022-05-06,6628.748,6928.258
15436,2022-05-07,6314.695,6462.505
15437,2022-05-08,6218.5654,6204.3804
15438,2022-05-09,6639.0137,6883.0767
15439,2022-05-10,6654.4146,6997.5327
15440,2022-05-11,7556.4487,6763.599
15441,2022-05-12,6659.549,6886.712
15442,2022-05-13,6596.5513,6894.8184
15443,2022-05-14,6293.2285,6648.1865
15444,2022-05-15,6201.766,6364.372
15445,2022-05-16,6626.8823,6268.8813
15446,2022-05-17,6668.4136,6822.7114
15447,2022-05-18,6660.4814,6987.74
15448,2022-05-19,6647.881,6847.247
15449,2022-05-20,6601.215,6763.4644
15450,2022-05-21,6294.1606,6449.54
15451,2022-05-22,6202.7,6342.958
15452,2022-05-23,7527.9814,6885.347
15453,2022-05-24,6669.8145,6958.534
15454,2022-05-25,6681.48,6836.7407
15455,2022-05-26,6653.015,6774.118
15456,2022-05-27,6608.683,6884.5874
15457,2022-05-28,6272.2295,6498.261
15458,2022-05-29,6173.7676,6377.7505
15459,2022-05-30,6607.7485,6981.6167
15460,2022-05-31,6660.9463,7030.879
15461,2022-06-01,6661.881,6927.8315
15462,2022-06-02,6648.3467,6821.3877
15463,2022-06-03,6577.4175,6713.927
15464,2022-06-04,6254.9624,6374.575
15465,2022-06-05,6187.2983,6229.9946
15466,2022-06-06,6630.6143,6698.9053
15467,2022-06-07,6667.478,6733.6265
15468,2022-06-08,6662.3467,6650.0415
15469,2022-06-09,6664.679,6711.8936
15470,2022-06-10,6616.149,6301.578
15471,2022-06-11,6302.5605,6063.304
15472,2022-06-12,6238.63,6229.9946
15473,2022-06-13,6660.948,6607.771
15474,2022-06-14,6692.68,6668.43
15475,2022-06-15,6703.4136,6746.6987
15476,2022-06-16,6680.5454,6619.94
15477,2022-06-17,6636.681,6567.1587
15478,2022-06-18,6319.8267,6276.1724
15479,2022-06-19,6237.2314,6147.3833
15480,2022-04-22,6385.9863,6644.343
15481,2022-04-23,6133.964,6375.6694
15482,2022-04-24,6158.7007,6222.334
15483,2022-04-25,6540.467,6761.1636
15484,2022-04-26,6586.2036,6758.191
15485,2022-04-27,6582.469,6753.6226
15486,2022-04-28,6545.1333,6734.1855
15487,2022-04-29,6447.1235,6743.184
15488,2022-04-30,6188.1025,6314.255
15489,2022-05-01,6217.9707,6138.287
15490,2022-05-02,6583.87,6171.72
15491,2022-05-03,6595.537,6223.852
15492,2022-05-04,6586.203,6764.3076
15493,2022-05-05,6554.0015,6869.4707
15494,2022-05-06,6462.525,6928.258
15495,2022-05-07,6211.9043,6462.505
15496,2022-05-08,6238.0405,6204.3804
15497,2022-05-09,6601.1367,6883.0767
15498,2022-05-10,6608.6055,6997.5327
15499,2022-05-11,6608.139,6763.599
15500,2022-05-12,6580.1367,6886.712
15501,2022-05-13,6490.0605,6894.8184
15502,2022-05-14,6243.1733,6648.1865
15503,2022-05-15,6260.91,6364.372
15504,2022-05-16,6601.138,6268.8813
15505,2022-05-17,6615.141,6822.7114
15506,2022-05-18,6607.206,6987.74
15507,2022-05-19,6603.471,6847.247
15508,2022-05-20,6501.7305,6763.4644
15509,2022-05-21,6236.6406,6449.54
15510,2022-05-22,6244.107,6342.958
15511,2022-05-23,6592.2705,6885.347
15512,2022-05-24,6617.94,6958.534
15513,2022-05-25,6619.8066,6836.7407
15514,2022-05-26,6599.7383,6774.118
15515,2022-05-27,6489.595,6884.5874
15516,2022-05-28,6238.973,6498.261
15517,2022-05-29,6222.1714,6377.7505
15518,2022-05-30,6563.334,6981.6167
15519,2022-05-31,6595.5376,7030.879
15520,2022-06-01,6587.1357,6927.8315
15521,2022-06-02,6575.0024,6821.3877
15522,2022-06-03,6464.8594,6713.927
15523,2022-06-04,6225.9077,6374.575
15524,2022-06-05,6240.841,6229.9946
15525,2022-06-06,6574.5356,6698.9053
15526,2022-06-07,6603.4727,6733.6265
15527,2022-06-08,6585.27,6650.0415
15528,2022-06-09,6551.199,6711.8936
15529,2022-06-10,6442.458,6301.578
15530,2022-06-11,6198.37,6063.304
15531,2022-06-12,6224.9717,6229.9946
15532,2022-06-13,6553.067,6607.771
15533,2022-06-14,6574.0693,6668.43
15534,2022-06-15,6563.335,6746.6987
15535,2022-06-16,6556.3354,6619.94
15536,2022-06-17,6469.9917,6567.1587
15537,2022-06-18,6242.24,6276.1724
15538,2022-06-19,6244.107,6147.3833
15539,2022-06-20,6540.4644,6500.2524
15540,2022-04-23,6260.118,6375.6694
15541,2022-04-24,6169.562,6222.334
15542,2022-04-25,6613.0156,6761.1636
15543,2022-04-26,6654.5576,6758.191
15544,2022-04-27,6653.1567,6753.6226
15545,2022-04-28,6636.819,6734.1855
15546,2022-04-29,6599.9434,6743.184
15547,2022-04-30,6289.9937,6314.255
15548,2022-05-01,6198.969,6138.287
15549,2022-05-02,6641.953,6171.72
15550,2022-05-03,6676.03,6223.852
15551,2022-05-04,6667.16,6764.3076
15552,2022-05-05,6641.0205,6869.4707
15553,2022-05-06,6609.2783,6928.258
15554,2022-05-07,6301.6626,6462.505
15555,2022-05-08,6217.1733,6204.3804
15556,2022-05-09,6646.156,6883.0767
15557,2022-05-10,6683.965,6997.5327
15558,2022-05-11,6676.963,6763.599
15559,2022-05-12,6659.2256,6886.712
15560,2022-05-13,6621.8813,6894.8184
15561,2022-05-14,6299.3296,6648.1865
15562,2022-05-15,6208.3066,6364.372
15563,2022-05-16,6636.353,6268.8813
15564,2022-05-17,6666.226,6822.7114
15565,2022-05-18,7554.993,6987.74
15566,2022-05-19,6642.419,6847.247
15567,2022-05-20,6593.4062,6763.4644
15568,2022-05-21,6274.1226,6449.54
15569,2022-05-22,6194.7695,6342.958
15570,2022-05-23,6626.083,6885.347
15571,2022-05-24,6671.3633,6958.534
15572,2022-05-25,6683.4985,6836.7407
15573,2022-05-26,6661.5566,6774.118
15574,2022-05-27,6608.8096,6884.5874
15575,2022-05-28,6303.061,6498.261
15576,2022-05-29,6213.9067,6377.7505
15577,2022-05-30,6616.747,6981.6167
15578,2022-05-31,6668.095,7030.879
15579,2022-06-01,6644.286,6927.8315
15580,2022-06-02,6609.745,6821.3877
15581,2022-06-03,6555.5967,6713.927
15582,2022-06-04,6240.9814,6374.575
15583,2022-06-05,6157.425,6229.9946
15584,2022-06-06,6567.734,6698.9053
15585,2022-06-07,6613.9463,6733.6265
15586,2022-06-08,6605.078,6650.0415
15587,2022-06-09,6585.939,6711.8936
15588,2022-06-10,6532.7246,6301.578
15589,2022-06-11,6226.977,6063.304
15590,2022-06-12,6163.9595,6229.9946
15591,2022-06-13,6575.2017,6607.771
15592,2022-06-14,6627.015,6668.43
15593,2022-06-15,6628.884,6746.6987
15594,2022-06-16,6606.011,6619.94
15595,2022-06-17,6561.6636,6567.1587
15596,2022-06-18,6261.5195,6276.1724
15597,2022-06-19,6201.305,6147.3833
15598,2022-06-20,6590.14,6500.2524
15599,2022-06-21,6624.683,6574.184
15600,2022-04-24,6195.214,6222.334
15601,2022-04-25,6646.1646,6761.1636
15602,2022-04-26,6683.044,6758.191
15603,2022-04-27,6665.3057,6753.6226
15604,2022-04-28,6648.0317,6734.1855
15605,2022-04-29,6620.956,6743.184
15606,2022-04-30,6325.4614,6314.255
15607,2022-05-01,6215.287,6138.287
15608,2022-05-02,6641.9624,6171.72
15609,2022-05-03,6679.775,6223.852
15610,2022-05-04,6682.576,6764.3076
15611,2022-05-05,6628.895,6869.4707
15612,2022-05-06,6585.013,6928.258
15613,2022-05-07,6290.4473,6462.505
15614,2022-05-08,6205.485,6204.3804
15615,2022-05-09,6625.6255,6883.0767
15616,2022-05-10,6653.635,6997.5327
15617,2022-05-11,6665.3037,6763.599
15618,2022-05-12,6646.632,6886.712
15619,2022-05-13,6602.2856,6894.8184
15620,2022-05-14,6314.2563,6648.1865
15621,2022-05-15,6226.0264,6364.372
15622,2022-05-16,6637.297,6268.8813
15623,2022-05-17,6669.5073,6822.7114
15624,2022-05-18,6684.4443,6987.74
15625,2022-05-19,6662.037,6847.247
15626,2022-05-20,6580.344,6763.4644
15627,2022-05-21,6295.5825,6449.54
15628,2022-05-22,6205.9517,6342.958
15629,2022-05-23,6617.2227,6885.347
15630,2022-05-24,6656.4355,6958.534
15631,2022-05-25,6655.9688,6836.7407
15632,2022-05-26,6642.898,6774.118
15633,2022-05-27,6587.8125,6884.5874
15634,2022-05-28,6292.3145,6498.261
15635,2022-05-29,6218.5557,6377.7505
15636,2022-05-30,6627.025,6981.6167
15637,2022-05-31,6690.9814,7030.879
15638,2022-06-01,6677.91,6927.8315
15639,2022-06-02,6634.4956,6821.3877
15640,2022-06-03,6564.94,6713.927
15641,2022-06-04,6272.243,6374.575
15642,2022-06-05,6206.8857,6229.9946
15643,2022-06-06,6601.3506,6698.9053
15644,2022-06-07,6629.8286,6733.6265
15645,2022-06-08,6623.2925,6650.0415
15646,2022-06-09,6608.353,6711.8936
15647,2022-06-10,6548.1333,6301.578
15648,2022-06-11,6278.7773,6063.304
15649,2022-06-12,6213.42,6229.9946
15650,2022-06-13,6587.345,6607.771
15651,2022-06-14,6617.689,6668.43
15652,2022-06-15,6631.694,6746.6987
15653,2022-06-16,6607.8857,6619.94
15654,2022-06-17,6554.201,6567.1587
15655,2022-06-18,6285.313,6276.1724
15656,2022-06-19,6207.3545,6147.3833
15657,2022-06-20,6581.744,6500.2524
15658,2022-06-21,6620.957,6574.184
15659,2022-06-22,6627.0264,6625.063
15660,2022-04-25,6601.889,6761.1636
15661,2022-04-26,6638.306,6758.191
15662,2022-04-27,6628.036,6753.6226
15663,2022-04-28,6597.6855,6734.1855
15664,2022-04-29,6602.3574,6743.184
15665,2022-04-30,6282.5312,6314.255
15666,2022-05-01,6201.2925,6138.287
15667,2022-05-02,6614.496,6171.72
15668,2022-05-03,6648.5796,6223.852
15669,2022-05-04,6668.1904,6764.3076
15670,2022-05-05,6655.5845,6869.4707
15671,2022-05-06,6614.964,6928.258
15672,2022-05-07,6322.2183,6462.505
15673,2022-05-08,6196.6226,6204.3804
15674,2022-05-09,6609.8276,6883.0767
15675,2022-05-10,6636.905,6997.5327
15676,2022-05-11,6655.115,6763.599
15677,2022-05-12,6634.1055,6886.712
15678,2022-05-13,6602.3574,6894.8184
15679,2022-05-14,6295.1377,6648.1865
15680,2022-05-15,6170.0093,6364.372
15681,2022-05-16,6594.8867,6268.8813
15682,2022-05-17,6647.18,6822.7114
15683,2022-05-18,6639.7104,6987.74
15684,2022-05-19,6643.4463,6847.247
15685,2022-05-20,6601.891,6763.4644
15686,2022-05-21,6313.815,6449.54
15687,2022-05-22,6207.8276,6342.958
15688,2022-05-23,6609.36,6885.347
15689,2022-05-24,6670.524,6958.534
15690,2022-05-25,6675.659,6836.7407
15691,2022-05-26,6649.0444,6774.118
15692,2022-05-27,6597.6855,6884.5874
15693,2022-05-28,6300.7407,6498.261
15694,2022-05-29,6194.288,6377.7505
15695,2022-05-30,6608.4263,6981.6167
15696,2022-05-31,6650.446,7030.879
15697,2022-06-01,6636.9077,6927.8315
15698,2022-06-02,6610.7617,6821.3877
15699,2022-06-03,6567.3394,6713.927
15700,2022-06-04,6278.7974,6374.575
15701,2022-06-05,6179.814,6229.9946
15702,2022-06-06,6579.9463,6698.9053
15703,2022-06-07,6628.036,6733.6265
15704,2022-06-08,6636.4414,6650.0415
15705,2022-06-09,6627.1035,6711.8936
15706,2022-06-10,6580.413,6301.578
15707,2022-06-11,6296.5396,6063.304
15708,2022-06-12,6217.1675,6229.9946
15709,2022-06-13,6628.502,6607.771
15710,2022-06-14,6686.3965,6668.43
15711,2022-06-15,6705.5405,6746.6987
15712,2022-06-16,6671.925,6619.94
15713,2022-06-17,6634.107,6567.1587
15714,2022-06-18,6330.622,6276.1724
15715,2022-06-19,6233.0405,6147.3833
15716,2022-06-20,6619.1655,6500.2524
15717,2022-06-21,6670.0576,6574.184
15718,2022-06-22,6678.4624,6625.063
15719,2022-06-23,6660.255,6634.1035
15720,2022-04-26,6738.277,6758.191
15721,2022-04-27,6729.3994,6753.6226
15722,2022-04-28,6671.4844,6734.1855
15723,2022-04-29,6631.784,6743.184
15724,2022-04-30,6301.107,6314.255
15725,2022-05-01,6203.9575,6138.287
15726,2022-05-02,6648.598,6171.72
15727,2022-05-03,6675.689,6223.852
15728,2022-05-04,6679.426,6764.3076
15729,2022-05-05,6669.149,6869.4707
15730,2022-05-06,6629.4487,6928.258
15731,2022-05-07,6302.5063,6462.505
15732,2022-05-08,6210.029,6204.3804
15733,2022-05-09,6646.7314,6883.0767
15734,2022-05-10,6668.6836,6997.5327
15735,2022-05-11,6660.741,6763.599
15736,2022-05-12,6624.7783,6886.712
15737,2022-05-13,6587.4136,6894.8184
15738,2022-05-14,6284.292,6648.1865
15739,2022-05-15,6185.7417,6364.372
15740,2022-05-16,6621.5073,6268.8813
15741,2022-05-17,6662.1445,6822.7114
15742,2022-05-18,6654.6694,6987.74
15743,2022-05-19,6638.3237,6847.247
15744,2022-05-20,6572.0015,6763.4644
15745,2022-05-21,6262.8066,6449.54
15746,2022-05-22,6193.6826,6342.958
15747,2022-05-23,6611.2324,6885.347
15748,2022-05-24,6653.27,6958.534
15749,2022-05-25,6642.06,6836.7407
15750,2022-05-26,6628.047,6774.118
15751,2022-05-27,6555.1855,6884.5874
15752,2022-05-28,6250.197,6498.261
15753,2022-05-29,6160.52,6377.7505
15754,2022-05-30,6593.484,6981.6167
15755,2022-05-31,6641.1235,7030.879
15756,2022-06-01,6650.4673,6927.8315
15757,2022-06-02,6628.983,6821.3877
15758,2022-06-03,6581.3433,6713.927
15759,2022-06-04,6284.7593,6374.575
15760,2022-06-05,6208.629,6229.9946
15761,2022-06-06,6613.103,6698.9053
15762,2022-06-07,6664.0107,6733.6265
15763,2022-06-08,6671.9517,6650.0415
15764,2022-06-09,6655.1343,6711.8936
15765,2022-06-10,6599.558,6301.578
15766,2022-06-11,6309.9795,6063.304
15767,2022-06-12,6253.0,6229.9946
15768,2022-06-13,6648.132,6607.771
15769,2022-06-14,6686.431,6668.43
15770,2022-06-15,6692.9673,6746.6987
15771,2022-06-16,6669.6143,6619.94
15772,2022-06-17,6631.3174,6567.1587
15773,2022-06-18,6327.2617,6276.1724
15774,2022-06-19,6252.9985,6147.3833
15775,2022-06-20,6651.3994,6500.2524
15776,2022-06-21,6689.233,6574.184
15777,2022-06-22,6690.635,6625.063
15778,2022-06-23,6662.611,6634.1035
15779,2022-06-24,6630.3833,6594.271
15780,2022-04-27,6743.6074,6753.6226
15781,2022-04-28,6711.378,6734.1855
15782,2022-04-29,6684.75,6743.184
15783,2022-04-30,6365.226,6314.255
15784,2022-05-01,6237.6987,6138.287
15785,2022-05-02,6676.34,6171.72
15786,2022-05-03,6717.448,6223.852
15787,2022-05-04,6698.297,6764.3076
15788,2022-05-05,6655.785,6869.4707
15789,2022-05-06,6635.233,6928.258
15790,2022-05-07,6318.9785,6462.505
15791,2022-05-08,6201.7275,6204.3804
15792,2022-05-09,6640.8374,6883.0767
15793,2022-05-10,6672.6035,6997.5327
15794,2022-05-11,6668.868,6763.599
15795,2022-05-12,6648.3125,6886.712
15796,2022-05-13,6596.93,6894.8184
15797,2022-05-14,6271.7993,6648.1865
15798,2022-05-15,6143.3354,6364.372
15799,2022-05-16,6610.942,6268.8813
15800,2022-05-17,6662.7944,6822.7114
15801,2022-05-18,6649.7144,6987.74
15802,2022-05-19,6635.2314,6847.247
15803,2022-05-20,6585.717,6763.4644
15804,2022-05-21,6281.609,6449.54
15805,2022-05-22,6172.3013,6342.958
15806,2022-05-23,6615.1475,6885.347
15807,2022-05-24,6649.7144,6958.534
15808,2022-05-25,6642.2407,6836.7407
15809,2022-05-26,6606.736,6774.118
15810,2022-05-27,6562.359,6884.5874
15811,2022-05-28,6267.595,6498.261
15812,2022-05-29,6162.489,6377.7505
15813,2022-05-30,6611.408,6981.6167
15814,2022-05-31,6648.781,7030.879
15815,2022-06-01,6653.4507,6927.8315
15816,2022-06-02,6622.6187,6821.3877
15817,2022-06-03,6574.0386,6713.927
15818,2022-06-04,6256.386,6374.575
15819,2022-06-05,6191.4517,6229.9946
15820,2022-06-06,6605.337,6698.9053
15821,2022-06-07,6656.257,6733.6265
15822,2022-06-08,6674.473,6650.0415
15823,2022-06-09,6633.3623,6711.8936
15824,2022-06-10,6607.2046,6301.578
15825,2022-06-11,6309.6367,6063.304
15826,2022-06-12,6233.495,6229.9946
15827,2022-06-13,6616.5493,6607.771
15828,2022-06-14,6666.063,6668.43
15829,2022-06-15,6685.2163,6746.6987
15830,2022-06-16,6674.006,6619.94
15831,2022-06-17,6649.2476,6567.1587
15832,2022-06-18,6323.1855,6276.1724
15833,2022-06-19,6231.6255,6147.3833
15834,2022-06-20,6629.629,6500.2524
15835,2022-06-21,6676.8086,6574.184
15836,2022-06-22,6695.494,6625.063
15837,2022-06-23,6673.538,6634.1035
15838,2022-06-24,6617.949,6594.271
15839,2022-06-25,6310.1045,6191.5137
15840,2022-04-28,6718.783,6734.1855
15841,2022-04-29,6692.1514,6743.184
15842,2022-04-30,6375.858,6314.255
15843,2022-05-01,6243.1763,6138.287
15844,2022-05-02,6694.9536,6171.72
15845,2022-05-03,6726.7236,6223.852
15846,2022-05-04,6724.8555,6764.3076
15847,2022-05-05,6700.0938,6869.4707
15848,2022-05-06,6663.6523,6928.258
15849,2022-05-07,6377.261,6462.505
15850,2022-05-08,6258.1265,6204.3804
15851,2022-05-09,6668.791,6883.0767
15852,2022-05-10,6710.839,6997.5327
15853,2022-05-11,6714.5757,6763.599
15854,2022-05-12,6691.6846,6886.712
15855,2022-05-13,6644.9624,6894.8184
15856,2022-05-14,6329.138,6648.1865
15857,2022-05-15,6210.004,6364.372
15858,2022-05-16,6634.686,6268.8813
15859,2022-05-17,6678.6025,6822.7114
15860,2022-05-18,6690.2817,6987.74
15861,2022-05-19,6648.701,6847.247
15862,2022-05-20,6579.09,6763.4644
15863,2022-05-21,6288.9595,6449.54
15864,2022-05-22,6197.3887,6342.958
15865,2022-05-23,6643.095,6885.347
15866,2022-05-24,6685.1426,6958.534
15867,2022-05-25,6675.332,6836.7407
15868,2022-05-26,6660.8477,6774.118
15869,2022-05-27,6609.9243,6884.5874
15870,2022-05-28,6295.4995,6498.261
15871,2022-05-29,6209.0674,6377.7505
15872,2022-05-30,6647.7676,6981.6167
15873,2022-05-31,6706.634,7030.879
15874,2022-06-01,6709.905,6927.8315
15875,2022-06-02,6695.42,6821.3877
15876,2022-06-03,6654.774,6713.927
15877,2022-06-04,6330.073,6374.575
15878,2022-06-05,6257.1895,6229.9946
15879,2022-06-06,6672.994,6698.9053
15880,2022-06-07,6721.115,6733.6265
15881,2022-06-08,6736.5337,6650.0415
15882,2022-06-09,6726.725,6711.8936
15883,2022-06-10,6669.725,6301.578
15884,2022-06-11,6361.844,6063.304
15885,2022-06-12,6289.427,6229.9946
15886,2022-06-13,6711.3057,6607.771
15887,2022-06-14,6753.8213,6668.43
15888,2022-06-15,6739.804,6746.6987
15889,2022-06-16,6722.0513,6619.94
15890,2022-06-17,6684.2075,6567.1587
15891,2022-06-18,6373.0566,6276.1724
15892,2022-06-19,6307.181,6147.3833
15893,2022-06-20,6722.987,6500.2524
15894,2022-06-21,6784.19,6574.184
15895,2022-06-22,6797.27,6625.063
15896,2022-06-23,6777.1807,6634.1035
15897,2022-06-24,6719.248,6594.271
15898,2022-06-25,6398.752,6191.5137
15899,2022-06-26,6318.862,6163.2227
15900,2022-04-29,6644.7773,6743.184
15901,2022-04-30,6316.767,6314.255
15902,2022-05-01,6214.44,6138.287
15903,2022-05-02,6661.6006,6171.72
15904,2022-05-03,6694.308,6223.852
15905,2022-05-04,6708.793,6764.3076
15906,2022-05-05,6674.2144,6869.4707
15907,2022-05-06,6617.678,6928.258
15908,2022-05-07,6319.1055,6462.505
15909,2022-05-08,6195.2817,6204.3804
15910,2022-05-09,6635.902,6883.0767
15911,2022-05-10,6666.7407,6997.5327
15912,2022-05-11,6662.067,6763.599
15913,2022-05-12,6639.174,6886.712
15914,2022-05-13,6590.578,6894.8184
15915,2022-05-14,6272.378,6648.1865
15916,2022-05-15,6174.255,6364.372
15917,2022-05-16,6593.8477,6268.8813
15918,2022-05-17,6621.416,6822.7114
15919,2022-05-18,6641.51,6987.74
15920,2022-05-19,6632.631,6847.247
15921,2022-05-20,6578.8945,6763.4644
15922,2022-05-21,6268.641,6449.54
15923,2022-05-22,6195.281,6342.958
15924,2022-05-23,6616.2764,6885.347
15925,2022-05-24,6656.4604,6958.534
15926,2022-05-25,6669.543,6836.7407
15927,2022-05-26,6631.2275,6774.118
15928,2022-05-27,6576.092,6884.5874
15929,2022-05-28,6279.386,6498.261
15930,2022-05-29,6192.9463,6377.7505
15931,2022-05-30,6629.359,6981.6167
15932,2022-05-31,6652.257,7030.879
15933,2022-06-01,6652.256,6927.8315
15934,2022-06-02,6637.7686,6821.3877
15935,2022-06-03,6579.3633,6713.927
15936,2022-06-04,6264.4355,6374.575
15937,2022-06-05,6185.47,6229.9946
15938,2022-06-06,6615.342,6698.9053
15939,2022-06-07,6648.5176,6733.6265
15940,2022-06-08,6659.7314,6650.0415
15941,2022-06-09,6662.069,6711.8936
15942,2022-06-10,6599.455,6301.578
15943,2022-06-11,6308.8223,6063.304
15944,2022-06-12,6222.85,6229.9946
15945,2022-06-13,6626.089,6607.771
15946,2022-06-14,6675.616,6668.43
15947,2022-06-15,6681.2256,6746.6987
15948,2022-06-16,6677.018,6619.94
15949,2022-06-17,6623.7524,6567.1587
15950,2022-06-18,6306.957,6276.1724
15951,2022-06-19,6218.645,6147.3833
15952,2022-06-20,6647.5806,6500.2524
15953,2022-06-21,6698.045,6574.184
15954,2022-06-22,6697.5796,6625.063
15955,2022-06-23,6671.88,6634.1035
15956,2022-06-24,6595.7163,6594.271
15957,2022-06-25,6309.76,6191.5137
15958,2022-06-26,6238.2686,6163.2227
15959,2022-06-27,6633.5645,6762.432
15960,2022-04-30,6353.1333,6314.255
15961,2022-05-01,6234.902,6138.287
15962,2022-05-02,6693.338,6171.72
15963,2022-05-03,6725.114,6223.852
15964,2022-05-04,6714.3657,6764.3076
15965,2022-05-05,6690.067,6869.4707
15966,2022-05-06,6652.679,6928.258
15967,2022-05-07,6319.4844,6462.505
15968,2022-05-08,6203.5923,6204.3804
15969,2022-05-09,6662.494,6883.0767
15970,2022-05-10,6707.355,6997.5327
15971,2022-05-11,6691.4688,6763.599
15972,2022-05-12,6663.8975,6886.712
15973,2022-05-13,6638.66,6894.8184
15974,2022-05-14,6303.5967,6648.1865
15975,2022-05-15,6176.0195,6364.372
15976,2022-05-16,6629.317,6268.8813
15977,2022-05-17,6664.3623,6822.7114
15978,2022-05-18,6664.831,6987.74
15979,2022-05-19,6641.9316,6847.247
15980,2022-05-20,6618.567,6763.4644
15981,2022-05-21,6305.467,6449.54
15982,2022-05-22,6191.9106,6342.958
15983,2022-05-23,6623.2383,6885.347
15984,2022-05-24,6669.036,6958.534
15985,2022-05-25,6673.71,6836.7407
15986,2022-05-26,6629.3154,6774.118
15987,2022-05-27,6569.9663,6884.5874
15988,2022-05-28,6272.286,6498.261
15989,2022-05-29,6163.869,6377.7505
15990,2022-05-30,6593.7993,6981.6167
15991,2022-05-31,6652.6787,7030.879
15992,2022-06-01,6661.0933,6927.8315
15993,2022-06-02,6630.7144,6821.3877
15994,2022-06-03,6577.9106,6713.927
15995,2022-06-04,6288.176,6374.575
15996,2022-06-05,6178.8257,6229.9946
15997,2022-06-06,6598.939,6698.9053
15998,2022-06-07,6638.194,6733.6265
15999,2022-06-08,6649.877,6650.0415
16000,2022-06-09,6638.6606,6711.8936
16001,2022-06-10,6603.1445,6301.578
16002,2022-06-11,6310.1387,6063.304
16003,2022-06-12,6204.0596,6229.9946
16004,2022-06-13,6620.904,6607.771
16005,2022-06-14,6674.175,6668.43
16006,2022-06-15,6657.3545,6746.6987
16007,2022-06-16,6651.2783,6619.94
16008,2022-06-17,6601.2783,6567.1587
16009,2022-06-18,6312.944,6276.1724
16010,2022-06-19,6228.3613,6147.3833
16011,2022-06-20,6624.642,6500.2524
16012,2022-06-21,6675.11,6574.184
16013,2022-06-22,6669.971,6625.063
16014,2022-06-23,6667.634,6634.1035
16015,2022-06-24,6621.371,6594.271
16016,2022-06-25,6311.54,6191.5137
16017,2022-06-26,6232.5654,6163.2227
16018,2022-06-27,6627.446,6762.432
16019,2022-06-28,6674.176,6775.724
16020,2022-05-01,6195.366,6138.287
16021,2022-05-02,6669.7046,6171.72
16022,2022-05-03,6693.537,6223.852
16023,2022-05-04,6715.036,6764.3076
16024,2022-05-05,6687.9287,6869.4707
16025,2022-05-06,6642.5986,6928.258
16026,2022-05-07,6328.5557,6462.505
16027,2022-05-08,6227.6123,6204.3804
16028,2022-05-09,6667.37,6883.0767
16029,2022-05-10,6701.0156,6997.5327
16030,2022-05-11,6690.7363,6763.599
16031,2022-05-12,6685.1274,6886.712
16032,2022-05-13,6604.7456,6894.8184
16033,2022-05-14,6301.9194,6648.1865
16034,2022-05-15,6210.322,6364.372
16035,2022-05-16,6660.36,6268.8813
16036,2022-05-17,6698.679,6822.7114
16037,2022-05-18,6690.268,6987.74
16038,2022-05-19,6659.4233,6847.247
16039,2022-05-20,6616.428,6763.4644
16040,2022-05-21,6305.6567,6449.54
16041,2022-05-22,6206.582,6342.958
16042,2022-05-23,6677.181,6885.347
16043,2022-05-24,6712.6987,6958.534
16044,2022-05-25,6696.3433,6836.7407
16045,2022-05-26,6651.0107,6774.118
16046,2022-05-27,6594.4644,6884.5874
16047,2022-05-28,6280.42,6498.261
16048,2022-05-29,6195.8354,6377.7505
16049,2022-05-30,6620.634,6981.6167
16050,2022-05-31,6684.6587,7030.879
16051,2022-06-01,6679.518,6927.8315
16052,2022-06-02,6665.965,6821.3877
16053,2022-06-03,6607.081,6713.927
16054,2022-06-04,6300.0474,6374.575
16055,2022-06-05,6205.179,6229.9946
16056,2022-06-06,6628.58,6698.9053
16057,2022-06-07,6701.9507,6733.6265
16058,2022-06-08,6717.372,6650.0415
16059,2022-06-09,6703.3535,6711.8936
16060,2022-06-10,6644.4688,6301.578
16061,2022-06-11,6332.7637,6063.304
16062,2022-06-12,6230.4155,6229.9946
16063,2022-06-13,6650.076,6607.771
16064,2022-06-14,6712.233,6668.43
16065,2022-06-15,6715.037,6746.6987
16066,2022-06-16,6690.2686,6619.94
16067,2022-06-17,6648.207,6567.1587
16068,2022-06-18,6330.893,6276.1724
16069,2022-06-19,6260.324,6147.3833
16070,2022-06-20,6669.7056,6500.2524
16071,2022-06-21,6714.567,6574.184
16072,2022-06-22,6720.1777,6625.063
16073,2022-06-23,6688.8643,6634.1035
16074,2022-06-24,6636.9917,6594.271
16075,2022-06-25,6316.872,6191.5137
16076,2022-06-26,6251.445,6163.2227
16077,2022-06-27,6656.6206,6762.432
16078,2022-06-28,6684.66,6775.724
16079,2022-06-29,6690.733,6761.1084
16080,2022-05-02,6612.817,6171.72
16081,2022-05-03,6659.0825,6223.852
16082,2022-05-04,6671.705,6764.3076
16083,2022-05-05,6639.4546,6869.4707
16084,2022-05-06,6599.7285,6928.258
16085,2022-05-07,6273.507,6462.505
16086,2022-05-08,6159.0015,6204.3804
16087,2022-05-09,6630.109,6883.0767
16088,2022-05-10,6665.1606,6997.5327
16089,2022-05-11,6681.05,6763.599
16090,2022-05-12,6655.3457,6886.712
16091,2022-05-13,6610.011,6894.8184
16092,2022-05-14,6302.0156,6648.1865
16093,2022-05-15,6183.3037,6364.372
16094,2022-05-16,6607.2075,6268.8813
16095,2022-05-17,6642.726,6822.7114
16096,2022-05-18,6659.0854,6987.74
16097,2022-05-19,6618.8926,6847.247
16098,2022-05-20,6562.34,6763.4644
16099,2022-05-21,6266.027,6449.54
16100,2022-05-22,6158.9995,6342.958
16101,2022-05-23,6591.7856,6885.347
16102,2022-05-24,6618.426,6958.534
16103,2022-05-25,6639.9224,6836.7407
16104,2022-05-26,6579.634,6774.118
16105,2022-05-27,6534.2993,6884.5874
16106,2022-05-28,6231.442,6498.261
16107,2022-05-29,6139.8394,6377.7505
16108,2022-05-30,6552.5254,6981.6167
16109,2022-05-31,6584.3076,7030.879
16110,2022-06-01,6602.534,6927.8315
16111,2022-06-02,6578.23,6821.3877
16112,2022-06-03,6533.8306,6713.927
16113,2022-06-04,6237.518,6374.575
16114,2022-06-05,6166.9443,6229.9946
16115,2022-06-06,6546.916,6698.9053
16116,2022-06-07,6580.0986,6733.6265
16117,2022-06-08,6592.7188,6650.0415
16118,2022-06-09,6589.4473,6711.8936
16119,2022-06-10,6533.3623,6301.578
16120,2022-06-11,6247.802,6063.304
16121,2022-06-12,6187.977,6229.9946
16122,2022-06-13,6572.1543,6607.771
16123,2022-06-14,6608.6113,6668.43
16124,2022-06-15,6610.48,6746.6987
16125,2022-06-16,6591.317,6619.94
16126,2022-06-17,6529.625,6567.1587
16127,2022-06-18,6245.93,6276.1724
16128,2022-06-19,6177.228,6147.3833
16129,2022-06-20,6555.3286,6500.2524
16130,2022-06-21,6614.6846,6574.184
16131,2022-06-22,6610.478,6625.063
16132,2022-06-23,6598.7944,6634.1035
16133,2022-06-24,6543.1777,6594.271
16134,2022-06-25,6242.6626,6191.5137
16135,2022-06-26,6170.685,6163.2227
16136,2022-06-27,6547.851,6762.432
16137,2022-06-28,6584.3076,6775.724
16138,2022-06-29,6600.665,6761.1084
16139,2022-06-30,6588.9785,6673.4194
16140,2022-05-03,6577.66,6223.852
16141,2022-05-04,6617.8613,6764.3076
16142,2022-05-05,6601.967,6869.4707
16143,2022-05-06,6586.0737,6928.258
16144,2022-05-07,6340.209,6462.505
16145,2022-05-08,6160.7124,6204.3804
16146,2022-05-09,6499.598,6883.0767
16147,2022-05-10,6626.2725,6997.5327
16148,2022-05-11,6631.8823,6763.599
16149,2022-05-12,6632.815,6886.712
16150,2022-05-13,6599.163,6894.8184
16151,2022-05-14,6363.5776,6648.1865
16152,2022-05-15,6213.0654,6364.372
16153,2022-05-16,6520.6333,6268.8813
16154,2022-05-17,6646.373,6822.7114
16155,2022-05-18,6646.372,6987.74
16156,2022-05-19,6629.544,6847.247
16157,2022-05-20,6594.9546,6763.4644
16158,2022-05-21,6344.413,6449.54
16159,2022-05-22,6207.925,6342.958
16160,2022-05-23,6491.1855,6885.347
16161,2022-05-24,6619.2617,6958.534
16162,2022-05-25,6652.9155,6836.7407
16163,2022-05-26,6638.427,6774.118
16164,2022-05-27,6580.465,6884.5874
16165,2022-05-28,6341.608,6498.261
16166,2022-05-29,6196.7056,6377.7505
16167,2022-05-30,6477.6294,6981.6167
16168,2022-05-31,6638.8926,7030.879
16169,2022-06-01,6651.982,6927.8315
16170,2022-06-02,6627.2056,6821.3877
16171,2022-06-03,6585.6055,6713.927
16172,2022-06-04,6337.869,6374.575
16173,2022-06-05,6189.226,6229.9946
16174,2022-06-06,6497.263,6698.9053
16175,2022-06-07,6627.207,6733.6265
16176,2022-06-08,6637.023,6650.0415
16177,2022-06-09,6626.272,6711.8936
16178,2022-06-10,6592.1494,6301.578
16179,2022-06-11,6347.687,6063.304
16180,2022-06-12,6241.5767,6229.9946
16181,2022-06-13,6542.1343,6607.771
16182,2022-06-14,6658.525,6668.43
16183,2022-06-15,6674.886,6746.6987
16184,2022-06-16,6677.2227,6619.94
16185,2022-06-17,6626.7393,6567.1587
16186,2022-06-18,6356.0986,6276.1724
16187,2022-06-19,6250.462,6147.3833
16188,2022-06-20,6529.047,6500.2524
16189,2022-06-21,6653.3833,6574.184
16190,2022-06-22,6650.111,6625.063
16191,2022-06-23,6639.362,6634.1035
16192,2022-06-24,6594.9517,6594.271
16193,2022-06-25,6357.5024,6191.5137
16194,2022-06-26,6242.514,6163.2227
16195,2022-06-27,6501.002,6762.432
16196,2022-06-28,6632.815,6775.724
16197,2022-06-29,6656.655,6761.1084
16198,2022-06-30,6649.1763,6673.4194
16199,2022-07-01,6592.1494,6740.2935
16200,2022-05-04,6328.7925,6764.3076
16201,2022-05-05,6381.141,6869.4707
16202,2022-05-06,6442.3726,6928.258
16203,2022-05-07,6279.2456,6462.505
16204,2022-05-08,6125.4644,6204.3804
16205,2022-05-09,6333.466,6883.0767
16206,2022-05-10,6522.7676,6997.5327
16207,2022-05-11,6525.573,6763.599
16208,2022-05-12,6540.997,6886.712
16209,2022-05-13,6533.5186,6894.8184
16210,2022-05-14,6353.5625,6648.1865
16211,2022-05-15,6163.3267,6364.372
16212,2022-05-16,6347.9536,6268.8813
16213,2022-05-17,6550.345,6822.7114
16214,2022-05-18,6563.4336,6987.74
16215,2022-05-19,6563.4316,6847.247
16216,2022-05-20,6551.28,6763.4644
16217,2022-05-21,6378.3364,6449.54
16218,2022-05-22,6185.297,6342.958
16219,2022-05-23,6374.5996,6885.347
16220,2022-05-24,6574.65,6958.534
16221,2022-05-25,6581.662,6836.7407
16222,2022-05-26,6584.4673,6774.118
16223,2022-05-27,6544.2686,6884.5874
16224,2022-05-28,6360.5757,6498.261
16225,2022-05-29,6172.677,6377.7505
16226,2022-05-30,6355.4346,6981.6167
16227,2022-05-31,6533.5205,7030.879
16228,2022-06-01,6576.0537,6927.8315
16229,2022-06-02,6563.4326,6821.3877
16230,2022-06-03,6539.595,6713.927
16231,2022-06-04,6359.641,6374.575
16232,2022-06-05,6186.6973,6229.9946
16233,2022-06-06,6373.661,6698.9053
16234,2022-06-07,6547.5405,6733.6265
16235,2022-06-08,6589.608,6650.0415
16236,2022-06-09,6581.6646,6711.8936
16237,2022-06-10,6568.1064,6301.578
16238,2022-06-11,6393.7627,6063.304
16239,2022-06-12,6241.853,6229.9946
16240,2022-06-13,6412.459,6607.771
16241,2022-06-14,6600.8257,6668.43
16242,2022-06-15,6613.447,6746.6987
16243,2022-06-16,6620.926,6619.94
16244,2022-06-17,6571.8467,6567.1587
16245,2022-06-18,6387.6855,6276.1724
16246,2022-06-19,6221.284,6147.3833
16247,2022-06-20,6404.513,6500.2524
16248,2022-06-21,6600.826,6574.184
16249,2022-06-22,6621.8594,6625.063
16250,2022-06-23,6608.304,6634.1035
16251,2022-06-24,6567.6406,6594.271
16252,2022-06-25,6390.4907,6191.5137
16253,2022-06-26,6216.611,6163.2227
16254,2022-06-27,6383.478,6762.432
16255,2022-06-28,6582.5986,6775.724
16256,2022-06-29,6608.772,6761.1084
16257,2022-06-30,6600.8276,6673.4194
16258,2022-07-01,6550.3438,6740.2935
16259,2022-07-02,6363.3813,6448.956
16260,2022-05-05,6759.611,6869.4707
16261,2022-05-06,6695.567,6928.258
16262,2022-05-07,6664.244,6462.505
16263,2022-05-08,6353.845,6204.3804
16264,2022-05-09,6234.6426,6883.0767
16265,2022-05-10,6645.0767,6997.5327
16266,2022-05-11,6667.984,6763.599
16267,2022-05-12,6673.127,6886.712
16268,2022-05-13,6650.2207,6894.8184
16269,2022-05-14,6603.0063,6648.1865
16270,2022-05-15,6292.138,6364.372
16271,2022-05-16,6215.0063,6268.8813
16272,2022-05-17,6624.509,6822.7114
16273,2022-05-18,6660.503,6987.74
16274,2022-05-19,6660.505,6847.247
16275,2022-05-20,6656.764,6763.4644
16276,2022-05-21,6607.681,6449.54
16277,2022-05-22,6287.462,6342.958
16278,2022-05-23,6194.9062,6885.347
16279,2022-05-24,6587.11,6958.534
16280,2022-05-25,6641.337,6836.7407
16281,2022-05-26,6654.4263,6774.118
16282,2022-05-27,6632.9233,6884.5874
16283,2022-05-28,6580.0986,6498.261
16284,2022-05-29,6286.9956,6377.7505
16285,2022-05-30,6209.3965,6981.6167
16286,2022-05-31,6572.1523,7030.879
16287,2022-06-01,6644.6094,6927.8315
16288,2022-06-02,6653.9595,6821.3877
16289,2022-06-03,6650.221,6713.927
16290,2022-06-04,6608.615,6374.575
16291,2022-06-05,6319.2524,6229.9946
16292,2022-06-06,6228.5625,6698.9053
16293,2022-06-07,6601.603,6733.6265
16294,2022-06-08,6655.3623,6650.0415
16295,2022-06-09,6672.659,6711.8936
16296,2022-06-10,6652.5576,6301.578
16297,2022-06-11,6596.927,6063.304
16298,2022-06-12,6306.63,6229.9946
16299,2022-06-13,6238.3794,6607.771
16300,2022-06-14,6607.68,6668.43
16301,2022-06-15,6661.4395,6746.6987
16302,2022-06-16,6650.686,6619.94
16303,2022-06-17,6636.196,6567.1587
16304,2022-06-18,6569.346,6276.1724
16305,2022-06-19,6293.543,6147.3833
16306,2022-06-20,6224.357,6500.2524
16307,2022-06-21,6585.708,6574.184
16308,2022-06-22,6632.4546,6625.063
16309,2022-06-23,6642.74,6634.1035
16310,2022-06-24,6605.8105,6594.271
16311,2022-06-25,6556.2583,6191.5137
16312,2022-06-26,6283.7246,6163.2227
16313,2022-06-27,6206.5923,6762.432
16314,2022-06-28,6572.152,6775.724
16315,2022-06-29,6600.2007,6761.1084
16316,2022-06-30,6617.496,6673.4194
16317,2022-07-01,6605.342,6740.2935
16318,2022-07-02,6548.7773,6448.956
16319,2022-07-03,6293.5425,6325.6724
16320,2022-05-06,6794.756,6928.258
16321,2022-05-07,6741.922,6462.505
16322,2022-05-08,6406.235,6204.3804
16323,2022-05-09,6264.5693,6883.0767
16324,2022-05-10,6693.3013,6997.5327
16325,2022-05-11,6738.1846,6763.599
16326,2022-05-12,6734.911,6886.712
16327,2022-05-13,6740.523,6894.8184
16328,2022-05-14,6699.3794,6648.1865
16329,2022-05-15,6392.2104,6364.372
16330,2022-05-16,6277.1934,6268.8813
16331,2022-05-17,6697.509,6822.7114
16332,2022-05-18,6736.3145,6987.74
16333,2022-05-19,6716.2114,6847.247
16334,2022-05-20,6680.2104,6763.4644
16335,2022-05-21,6632.9883,6449.54
16336,2022-05-22,6326.2856,6342.958
16337,2022-05-23,6233.7114,6885.347
16338,2022-05-24,6660.1055,6958.534
16339,2022-05-25,6724.16,6836.7407
16340,2022-05-26,6727.431,6774.118
16341,2022-05-27,6708.7295,6884.5874
16342,2022-05-28,6648.8857,6498.261
16343,2022-05-29,6335.6367,6377.7505
16344,2022-05-30,6278.128,6981.6167
16345,2022-05-31,6684.8857,7030.879
16346,2022-06-01,6720.8843,6927.8315
16347,2022-06-02,6731.1724,6821.3877
16348,2022-06-03,6692.834,6713.927
16349,2022-06-04,6621.301,6374.575
16350,2022-06-05,6323.0117,6229.9946
16351,2022-06-06,6274.8564,6698.9053
16352,2022-06-07,6675.0684,6733.6265
16353,2022-06-08,6744.263,6650.0415
16354,2022-06-09,6728.3667,6711.8936
16355,2022-06-10,6723.225,6301.578
16356,2022-06-11,6651.2236,6063.304
16357,2022-06-12,6385.662,6229.9946
16358,2022-06-13,6316.9336,6607.771
16359,2022-06-14,6701.2485,6668.43
16360,2022-06-15,6742.86,6746.6987
16361,2022-06-16,6740.056,6619.94
16362,2022-06-17,6721.822,6567.1587
16363,2022-06-18,6670.3906,6276.1724
16364,2022-06-19,6374.4414,6147.3833
16365,2022-06-20,6307.116,6500.2524
16366,2022-06-21,6673.667,6574.184
16367,2022-06-22,6721.3564,6625.063
16368,2022-06-23,6738.6523,6634.1035
16369,2022-06-24,6719.9517,6594.271
16370,2022-06-25,6655.4316,6191.5137
16371,2022-06-26,6373.0396,6163.2227
16372,2022-06-27,6330.027,6762.432
16373,2022-06-28,6688.6265,6775.724
16374,2022-06-29,6715.2764,6761.1084
16375,2022-06-30,6717.1455,6673.4194
16376,2022-07-01,6699.8467,6740.2935
16377,2022-07-02,6618.4956,6448.956
16378,2022-07-03,6351.0664,6325.6724
16379,2022-07-04,6301.504,6921.0845
16380,2022-05-07,6789.0405,6462.505
16381,2022-05-08,6489.2896,6204.3804
16382,2022-05-09,6297.0933,6883.0767
16383,2022-05-10,6589.3633,6997.5327
16384,2022-05-11,6708.139,6763.599
16385,2022-05-12,6738.5376,6886.712
16386,2022-05-13,6723.5737,6894.8184
16387,2022-05-14,6691.3066,6648.1865
16388,2022-05-15,6457.4917,6364.372
16389,2022-05-16,6300.368,6268.8813
16390,2022-05-17,6600.1187,6822.7114
16391,2022-05-18,6709.5444,6987.74
16392,2022-05-19,6712.3496,6847.247
16393,2022-05-20,6689.9043,6763.4644
16394,2022-05-21,6645.4805,6449.54
16395,2022-05-22,6390.619,6342.958
16396,2022-05-23,6214.323,6885.347
16397,2022-05-24,6536.522,6958.534
16398,2022-05-25,6651.0913,6836.7407
16399,2022-05-26,6668.861,6774.118
16400,2022-05-27,6659.0405,6884.5874
16401,2022-05-28,6627.241,6498.261
16402,2022-05-29,6391.555,6377.7505
16403,2022-05-30,6251.264,6981.6167
16404,2022-05-31,6525.299,7030.879
16405,2022-06-01,6656.2344,6927.8315
16406,2022-06-02,6661.8477,6821.3877
16407,2022-06-03,6616.956,6713.927
16408,2022-06-04,6583.7505,6374.575
16409,2022-06-05,6348.065,6229.9946
16410,2022-06-06,6220.869,6698.9053
16411,2022-06-07,6535.119,6733.6265
16412,2022-06-08,6659.507,6650.0415
16413,2022-06-09,6662.7812,6711.8936
16414,2022-06-10,6647.3496,6301.578
16415,2022-06-11,6617.8887,6063.304
16416,2022-06-12,6369.576,6229.9946
16417,2022-06-13,6254.54,6607.771
16418,2022-06-14,6532.315,6668.43
16419,2022-06-15,6661.378,6746.6987
16420,2022-06-16,6673.535,6619.94
16421,2022-06-17,6681.4873,6567.1587
16422,2022-06-18,6649.688,6276.1724
16423,2022-06-19,6416.808,6147.3833
16424,2022-06-20,6295.6904,6500.2524
16425,2022-06-21,6592.6367,6574.184
16426,2022-06-22,6699.7246,6625.063
16427,2022-06-23,6710.48,6634.1035
16428,2022-06-24,6682.8887,6594.271
16429,2022-06-25,6658.103,6191.5137
16430,2022-06-26,6428.965,6163.2227
16431,2022-06-27,6304.109,6762.432
16432,2022-06-28,6558.0317,6775.724
16433,2022-06-29,6678.214,6761.1084
16434,2022-06-30,6682.424,6673.4194
16435,2022-07-01,6661.379,6740.2935
16436,2022-07-02,6634.7236,6448.956
16437,2022-07-03,6416.3413,6325.6724
16438,2022-07-04,6309.723,6921.0845
16439,2022-07-05,6571.5923,6814.7407
16440,2022-05-08,6218.3823,6204.3804
16441,2022-05-09,6560.7007,6883.0767
16442,2022-05-10,6636.927,6997.5327
16443,2022-05-11,6656.5674,6763.599
16444,2022-05-12,6691.643,6886.712
16445,2022-05-13,6672.9395,6894.8184
16446,2022-05-14,6381.1255,6648.1865
16447,2022-05-15,6216.511,6364.372
16448,2022-05-16,6575.197,6268.8813
16449,2022-05-17,6679.016,6822.7114
16450,2022-05-18,6686.0293,6987.74
16451,2022-05-19,6676.208,6847.247
16452,2022-05-20,6617.752,6763.4644
16453,2022-05-21,6346.518,6449.54
16454,2022-05-22,6186.582,6342.958
16455,2022-05-23,6541.058,6885.347
16456,2022-05-24,6635.524,6958.534
16457,2022-05-25,6642.538,6836.7407
16458,2022-05-26,6644.4106,6774.118
16459,2022-05-27,6605.5957,6884.5874
16460,2022-05-28,6317.056,6498.261
16461,2022-05-29,6167.8755,6377.7505
16462,2022-05-30,6507.389,6981.6167
16463,2022-05-31,6605.1274,7030.879
16464,2022-06-01,6616.817,6927.8315
16465,2022-06-02,6609.803,6821.3877
16466,2022-06-03,6566.78,6713.927
16467,2022-06-04,6288.997,6374.575
16468,2022-06-05,7073.2505,6229.9946
16469,2022-06-06,7392.654,6698.9053
16470,2022-06-07,7486.652,6733.6265
16471,2022-06-08,7500.6826,6650.0415
16472,2022-06-09,7494.1343,6711.8936
16473,2022-06-10,7468.8833,6301.578
16474,2022-06-11,7233.6567,6063.304
16475,2022-06-12,7095.233,6229.9946
16476,2022-06-13,7409.4907,6607.771
16477,2022-06-14,7511.906,6668.43
16478,2022-06-15,7534.352,6746.6987
16479,2022-06-16,7531.5483,6619.94
16480,2022-06-17,7484.3154,6567.1587
16481,2022-06-18,7218.692,6276.1724
16482,2022-06-19,7095.2305,6147.3833
16483,2022-06-20,7405.75,6500.2524
16484,2022-06-21,7495.071,6574.184
16485,2022-06-22,7512.8438,6625.063
16486,2022-06-23,7497.409,6634.1035
16487,2022-06-24,7437.55,6594.271
16488,2022-06-25,6303.963,6191.5137
16489,2022-06-26,6192.661,6163.2227
16490,2022-06-27,6463.897,6762.432
16491,2022-06-28,6574.73,6775.724
16492,2022-06-29,6620.091,6761.1084
16493,2022-06-30,6612.6094,6673.4194
16494,2022-07-01,6558.832,6740.2935
16495,2022-07-02,6326.41,6448.956
16496,2022-07-03,6218.8496,6325.6724
16497,2022-07-04,6500.375,6921.0845
16498,2022-07-05,6611.675,6814.7407
16499,2022-07-06,6601.853,6808.6333
16500,2022-05-09,6282.8975,6883.0767
16501,2022-05-10,6592.505,6997.5327
16502,2022-05-11,6644.8877,6763.599
16503,2022-05-12,6659.385,6886.712
16504,2022-05-13,6641.614,6894.8184
16505,2022-05-14,6507.8545,6648.1865
16506,2022-05-15,6274.014,6364.372
16507,2022-05-16,6337.6167,6268.8813
16508,2022-05-17,6647.695,6822.7114
16509,2022-05-18,6677.6265,6987.74
16510,2022-05-19,6691.19,6847.247
16511,2022-05-20,6638.8076,6763.4644
16512,2022-05-21,6516.7407,6449.54
16513,2022-05-22,6267.9316,6342.958
16514,2022-05-23,6329.198,6885.347
16515,2022-05-24,6616.359,6958.534
16516,2022-05-25,6678.5596,6836.7407
16517,2022-05-26,6669.207,6774.118
16518,2022-05-27,6642.55,6884.5874
16519,2022-05-28,6496.631,6498.261
16520,2022-05-29,6257.178,6377.7505
16521,2022-05-30,6330.601,6981.6167
16522,2022-05-31,6619.632,7030.879
16523,2022-06-01,6649.5645,6927.8315
16524,2022-06-02,6638.341,6821.3877
16525,2022-06-03,6607.473,6713.927
16526,2022-06-04,6460.618,6374.575
16527,2022-06-05,6245.484,6229.9946
16528,2022-06-06,6318.911,6698.9053
16529,2022-06-07,6595.312,6733.6265
16530,2022-06-08,6625.7104,6650.0415
16531,2022-06-09,6633.6636,6711.8936
16532,2022-06-10,6612.618,6301.578
16533,2022-06-11,6482.6025,6063.304
16534,2022-06-12,6266.5293,6229.9946
16535,2022-06-13,6331.537,6607.771
16536,2022-06-14,6597.6514,6668.43
16537,2022-06-15,6632.7275,6746.6987
16538,2022-06-16,6641.6123,6619.94
16539,2022-06-17,6618.6963,6567.1587
16540,2022-06-18,6490.0845,6276.1724
16541,2022-06-19,6285.236,6147.3833
16542,2022-06-20,6342.295,6500.2524
16543,2022-06-21,6605.6025,6574.184
16544,2022-06-22,6633.1963,6625.063
16545,2022-06-23,6629.9204,6634.1035
16546,2022-06-24,6614.4893,6594.271
16547,2022-06-25,6487.277,6191.5137
16548,2022-06-26,6269.8037,6163.2227
16549,2022-06-27,6328.2637,6762.432
16550,2022-06-28,6591.57,6775.724
16551,2022-06-29,6642.0825,6761.1084
16552,2022-06-30,6636.9375,6673.4194
16553,2022-07-01,6597.1836,6740.2935
16554,2022-07-02,6470.909,6448.956
16555,2022-07-03,6253.435,6325.6724
16556,2022-07-04,6324.522,6921.0845
16557,2022-07-05,6578.0063,6814.7407
16558,2022-07-06,6619.632,6808.6333
16559,2022-07-07,6611.215,6933.0884
16560,2022-05-10,6827.84,6997.5327
16561,2022-05-11,6805.384,6763.599
16562,2022-05-12,6744.5625,6886.712
16563,2022-05-13,6691.696,6894.8184
16564,2022-05-14,6354.8413,6648.1865
16565,2022-05-15,6257.527,6364.372
16566,2022-05-16,6686.0806,6268.8813
16567,2022-05-17,6735.206,6822.7114
16568,2022-05-18,6723.9756,6987.74
16569,2022-05-19,6720.2344,6847.247
16570,2022-05-20,6651.4604,6763.4644
16571,2022-05-21,6320.687,6449.54
16572,2022-05-22,6235.5386,6342.958
16573,2022-05-23,6663.1577,6885.347
16574,2022-05-24,6709.4746,6958.534
16575,2022-05-25,6695.906,6836.7407
16576,2022-05-26,6671.11,6774.118
16577,2022-05-27,6607.4814,6884.5874
16578,2022-05-28,6298.7,6498.261
16579,2022-05-29,6234.135,6377.7505
16580,2022-05-30,6644.4414,6981.6167
16581,2022-05-31,6682.8086,7030.879
16582,2022-06-01,6695.9023,6927.8315
16583,2022-06-02,6677.1904,6821.3877
16584,2022-06-03,6617.305,6713.927
16585,2022-06-04,6310.395,6374.575
16586,2022-06-05,6230.861,6229.9946
16587,2022-06-06,6618.241,6698.9053
16588,2022-06-07,6663.623,6733.6265
16589,2022-06-08,6674.3857,6650.0415
16590,2022-06-09,6658.4775,6711.8936
16591,2022-06-10,6586.428,6301.578
16592,2022-06-11,6275.773,6063.304
16593,2022-06-12,6236.0063,6229.9946
16594,2022-06-13,6637.4233,6607.771
16595,2022-06-14,6692.631,6668.43
16596,2022-06-15,6692.63,6746.6987
16597,2022-06-16,6652.3926,6619.94
16598,2022-06-17,6581.75,6567.1587
16599,2022-06-18,6291.212,6276.1724
16600,2022-06-19,6231.7954,6147.3833
16601,2022-06-20,6615.435,6500.2524
16602,2022-06-21,6646.3125,6574.184
16603,2022-06-22,6647.7188,6625.063
16604,2022-06-23,6628.5337,6634.1035
16605,2022-06-24,6558.825,6594.271
16606,2022-06-25,6290.2764,6191.5137
16607,2022-06-26,6258.4624,6163.2227
16608,2022-06-27,6620.1133,6762.432
16609,2022-06-28,6658.4775,6775.724
16610,2022-06-29,6676.723,6761.1084
16611,2022-06-30,6650.9893,6673.4194
16612,2022-07-01,6570.0537,6740.2935
16613,2022-07-02,6290.2783,6448.956
16614,2022-07-03,6267.821,6325.6724
16615,2022-07-04,6618.2427,6921.0845
16616,2022-07-05,6674.385,6814.7407
16617,2022-07-06,6675.787,6808.6333
16618,2022-07-07,6667.835,6933.0884
16619,2022-07-08,6586.8965,6809.908
16620,2022-05-11,6908.5195,6763.599
16621,2022-05-12,6864.5312,6886.712
16622,2022-05-13,6830.3677,6894.8184
16623,2022-05-14,6478.458,6648.1865
16624,2022-05-15,6335.7324,6364.372
16625,2022-05-16,6750.814,6268.8813
16626,2022-05-17,6821.9434,6822.7114
16627,2022-05-18,6833.6436,6987.74
16628,2022-05-19,6803.694,6847.247
16629,2022-05-20,6770.938,6763.4644
16630,2022-05-21,6422.3037,6449.54
16631,2022-05-22,6309.9927,6342.958
16632,2022-05-23,6732.0957,6885.347
16633,2022-05-24,6785.911,6958.534
16634,2022-05-25,6785.913,6836.7407
16635,2022-05-26,6787.785,6774.118
16636,2022-05-27,6746.6035,6884.5874
16637,2022-05-28,6426.983,6498.261
16638,2022-05-29,6316.0767,6377.7505
16639,2022-05-30,6714.3125,6981.6167
16640,2022-05-31,6781.699,7030.879
16641,2022-06-01,6793.4,6927.8315
16642,2022-06-02,6756.43,6821.3877
16643,2022-06-03,6695.1255,6713.927
16644,2022-06-04,6371.764,6374.575
16645,2022-06-05,6274.427,6229.9946
16646,2022-06-06,6674.5386,6698.9053
16647,2022-06-07,6755.493,6733.6265
16648,2022-06-08,6772.808,6650.0415
16649,2022-06-09,6769.5317,6711.8936
16650,2022-06-10,6717.119,6301.578
16651,2022-06-11,6400.3076,6063.304
16652,2022-06-12,6288.936,6229.9946
16653,2022-06-13,6695.127,6607.771
16654,2022-06-14,6775.616,6668.43
16655,2022-06-15,6786.846,6746.6987
16656,2022-06-16,6805.5654,6619.94
16657,2022-06-17,6751.7515,6567.1587
16658,2022-06-18,6439.6167,6276.1724
16659,2022-06-19,6355.853,6147.3833
16660,2022-06-20,6755.962,6500.2524
16661,2022-06-21,6831.7705,6574.184
16662,2022-06-22,6836.4507,6625.063
16663,2022-06-23,6813.053,6634.1035
16664,2022-06-24,6743.3257,6594.271
16665,2022-06-25,6412.009,6191.5137
16666,2022-06-26,6342.752,6163.2227
16667,2022-06-27,6726.011,6762.432
16668,2022-06-28,6798.547,6775.724
16669,2022-06-29,6834.58,6761.1084
16670,2022-06-30,6799.949,6673.4194
16671,2022-07-01,6726.948,6740.2935
16672,2022-07-02,6414.3496,6448.956
16673,2022-07-03,6342.7505,6325.6724
16674,2022-07-04,6723.6694,6921.0845
16675,2022-07-05,6783.57,6814.7407
16676,2022-07-06,6797.6113,6808.6333
16677,2022-07-07,6798.5444,6933.0884
16678,2022-07-08,6743.7954,6809.908
16679,2022-07-09,6440.0864,6526.326
16680,2022-05-12,6778.0786,6886.712
16681,2022-05-13,6766.377,6894.8184
16682,2022-05-14,6431.268,6648.1865
16683,2022-05-15,6255.2837,6364.372
16684,2022-05-16,6674.643,6268.8813
16685,2022-05-17,6756.082,6822.7114
16686,2022-05-18,6768.7188,6987.74
16687,2022-05-19,6756.082,6847.247
16688,2022-05-20,6712.554,6763.4644
16689,2022-05-21,6377.442,6449.54
16690,2022-05-22,6218.3096,6342.958
16691,2022-05-23,6612.8643,6885.347
16692,2022-05-24,6698.515,6958.534
16693,2022-05-25,6698.5156,6836.7407
16694,2022-05-26,6670.9,6774.118
16695,2022-05-27,6636.266,6884.5874
16696,2022-05-28,6352.6367,6498.261
16697,2022-05-29,6222.054,6377.7505
16698,2022-05-30,6631.1167,6981.6167
16699,2022-05-31,6711.1523,7030.879
16700,2022-06-01,6718.17,6927.8315
16701,2022-06-02,6688.2188,6821.3877
16702,2022-06-03,6632.522,6713.927
16703,2022-06-04,6362.466,6374.575
16704,2022-06-05,6255.284,6229.9946
16705,2022-06-06,6626.4375,6698.9053
16706,2022-06-07,6686.8125,6733.6265
16707,2022-06-08,6704.598,6650.0415
16708,2022-06-09,6677.9204,6711.8936
16709,2022-06-10,6634.3926,6301.578
16710,2022-06-11,6366.2114,6063.304
16711,2022-06-12,6254.3486,6229.9946
16712,2022-06-13,6625.0337,6607.771
16713,2022-06-14,6726.1294,6668.43
16714,2022-06-15,6711.1504,6746.6987
16715,2022-06-16,6700.8545,6619.94
16716,2022-06-17,6647.4995,6567.1587
16717,2022-06-18,6359.6577,6276.1724
16718,2022-06-19,6250.135,6147.3833
16719,2022-06-20,6638.1377,6500.2524
16720,2022-06-21,6691.0254,6574.184
16721,2022-06-22,6687.281,6625.063
16722,2022-06-23,6691.0264,6634.1035
16723,2022-06-24,6639.544,6594.271
16724,2022-06-25,6360.5938,6191.5137
16725,2022-06-26,6251.072,6163.2227
16726,2022-06-27,6630.1816,6762.432
16727,2022-06-28,6677.9204,6775.724
16728,2022-06-29,6697.11,6761.1084
16729,2022-06-30,6684.005,6673.4194
16730,2022-07-01,6610.054,6740.2935
16731,2022-07-02,6349.3613,6448.956
16732,2022-07-03,6246.392,6325.6724
16733,2022-07-04,6599.759,6921.0845
16734,2022-07-05,6685.4077,6814.7407
16735,2022-07-06,6698.9824,6808.6333
16736,2022-07-07,6695.24,6933.0884
16737,2022-07-08,6639.541,6809.908
16738,2022-07-09,6357.784,6526.326
16739,2022-07-10,6242.1787,6207.7886
16740,2022-05-13,6790.6826,6894.8184
16741,2022-05-14,6418.9883,6648.1865
16742,2022-05-15,6251.866,6364.372
16743,2022-05-16,6690.503,6268.8813
16744,2022-05-17,6774.766,6822.7114
16745,2022-05-18,6774.2974,6987.74
16746,2022-05-19,6767.7437,6847.247
16747,2022-05-20,6725.1436,6763.4644
16748,2022-05-21,6402.6035,6449.54
16749,2022-05-22,6251.8667,6342.958
16750,2022-05-23,6662.415,6885.347
16751,2022-05-24,6710.1636,6958.534
16752,2022-05-25,6740.5923,6836.7407
16753,2022-05-26,6733.571,6774.118
16754,2022-05-27,6664.756,6884.5874
16755,2022-05-28,6331.4487,6498.261
16756,2022-05-29,6198.9683,6377.7505
16757,2022-05-30,6615.1343,6981.6167
16758,2022-05-31,6693.312,7030.879
16759,2022-06-01,6702.6743,6927.8315
16760,2022-06-02,6700.8013,6821.3877
16761,2022-06-03,6653.5205,6713.927
16762,2022-06-04,6343.1514,6374.575
16763,2022-06-05,6224.247,6229.9946
16764,2022-06-06,6613.73,6698.9053
16765,2022-06-07,6707.355,6733.6265
16766,2022-06-08,6722.335,6650.0415
16767,2022-06-09,6679.735,6711.8936
16768,2022-06-10,6646.4985,6301.578
16769,2022-06-11,6353.45,6063.304
16770,2022-06-12,6251.866,6229.9946
16771,2022-06-13,6643.69,6607.771
16772,2022-06-14,6725.6123,6668.43
16773,2022-06-15,6720.931,6746.6987
16774,2022-06-16,6693.7793,6619.94
16775,2022-06-17,6669.9043,6567.1587
16776,2022-06-18,6367.0254,6276.1724
16777,2022-06-19,6261.6973,6147.3833
16778,2022-06-20,6647.4346,6500.2524
16779,2022-06-21,6710.632,6574.184
16780,2022-06-22,6751.3594,6625.063
16781,2022-06-23,6736.8477,6634.1035
16782,2022-06-24,6683.0127,6594.271
16783,2022-06-25,6378.7285,6191.5137
16784,2022-06-26,6268.2505,6163.2227
16785,2022-06-27,6631.05,6762.432
16786,2022-06-28,6712.037,6775.724
16787,2022-06-29,6709.228,6761.1084
16788,2022-06-30,6697.9927,6673.4194
16789,2022-07-01,6649.7754,6740.2935
16790,2022-07-02,6354.855,6448.956
16791,2022-07-03,6265.9106,6325.6724
16792,2022-07-04,6618.879,6921.0845
16793,2022-07-05,6715.314,6814.7407
16794,2022-07-06,6719.5264,6808.6333
16795,2022-07-07,6700.8013,6933.0884
16796,2022-07-08,6626.8374,6809.908
16797,2022-07-09,6356.259,6526.326
16798,2022-07-10,6261.2295,6207.7886
16799,2022-07-11,6629.1777,6254.9844
16800,2022-05-14,6462.964,6648.1865
16801,2022-05-15,6271.4595,6364.372
16802,2022-05-16,6728.919,6268.8813
16803,2022-05-17,6798.2188,6822.7114
16804,2022-05-18,6780.8926,6987.74
16805,2022-05-19,6771.997,6847.247
16806,2022-05-20,6732.665,6763.4644
16807,2022-05-21,6389.455,6449.54
16808,2022-05-22,6235.4062,6342.958
16809,2022-05-23,6642.295,6885.347
16810,2022-05-24,6729.3867,6958.534
16811,2022-05-25,6712.9995,6836.7407
16812,2022-05-26,6712.9995,6774.118
16813,2022-05-27,6689.5874,6884.5874
16814,2022-05-28,6351.9937,6498.261
16815,2022-05-29,6213.8677,6377.7505
16816,2022-05-30,6639.0195,6981.6167
16817,2022-05-31,6720.9595,7030.879
16818,2022-06-01,6721.8955,6927.8315
16819,2022-06-02,6708.3184,6821.3877
16820,2022-06-03,6671.3267,6713.927
16821,2022-06-04,6367.9155,6374.575
16822,2022-06-05,6240.088,6229.9946
16823,2022-06-06,6617.948,6698.9053
16824,2022-06-07,6709.2544,6733.6265
16825,2022-06-08,6724.7046,6650.0415
16826,2022-06-09,6701.293,6711.8936
16827,2022-06-10,6664.302,6301.578
16828,2022-06-11,6368.3823,6063.304
16829,2022-06-12,6235.8745,6229.9946
16830,2022-06-13,6629.6543,6607.771
16831,2022-06-14,6719.5557,6668.43
16832,2022-06-15,6712.531,6746.6987
16833,2022-06-16,6700.824,6619.94
16834,2022-06-17,6684.906,6567.1587
16835,2022-06-18,6367.9146,6276.1724
16836,2022-06-19,6252.732,6147.3833
16837,2022-06-20,6622.1646,6500.2524
16838,2022-06-21,6693.8013,6574.184
16839,2022-06-22,6685.8413,6625.063
16840,2022-06-23,6695.674,6634.1035
16841,2022-06-24,6667.1133,6594.271
16842,2022-06-25,6361.3594,6191.5137
16843,2022-06-26,6248.5156,6163.2227
16844,2022-06-27,6612.3286,6762.432
16845,2022-06-28,6710.66,6775.724
16846,2022-06-29,6712.531,6761.1084
16847,2022-06-30,6688.181,6673.4194
16848,2022-07-01,6662.43,6740.2935
16849,2022-07-02,6364.6367,6448.956
16850,2022-07-03,6229.787,6325.6724
16851,2022-07-04,6608.1167,6921.0845
16852,2022-07-05,6700.3574,6814.7407
16853,2022-07-06,6702.697,6808.6333
16854,2022-07-07,6699.4214,6933.0884
16855,2022-07-08,6650.723,6809.908
16856,2022-07-09,6360.4233,6526.326
16857,2022-07-10,6243.835,6207.7886
16858,2022-07-11,6614.67,6254.9844
16859,2022-07-12,6697.0796,6832.9814
16860,2022-05-15,6331.029,6364.372
16861,2022-05-16,6751.1,6268.8813
16862,2022-05-17,6785.755,6822.7114
16863,2022-05-18,6768.8955,6987.74
16864,2022-05-19,6765.618,6847.247
16865,2022-05-20,6735.6455,6763.4644
16866,2022-05-21,6415.7925,6449.54
16867,2022-05-22,6302.464,6342.958
16868,2022-05-23,6721.596,6885.347
16869,2022-05-24,6785.286,6958.534
16870,2022-05-25,6794.652,6836.7407
16871,2022-05-26,6792.3125,6774.118
16872,2022-05-27,6720.19,6884.5874
16873,2022-05-28,6428.9062,6498.261
16874,2022-05-29,6302.929,6377.7505
16875,2022-05-30,6712.2305,6981.6167
16876,2022-05-31,6755.7827,7030.879
16877,2022-06-01,6763.2764,6927.8315
16878,2022-06-02,6739.3926,6821.3877
16879,2022-06-03,6676.639,6713.927
16880,2022-06-04,6348.359,6374.575
16881,2022-06-05,6285.136,6229.9946
16882,2022-06-06,6693.0317,6698.9053
16883,2022-06-07,6741.267,6733.6265
16884,2022-06-08,6758.5938,6650.0415
16885,2022-06-09,6752.034,6711.8936
16886,2022-06-10,6702.397,6301.578
16887,2022-06-11,6395.188,6063.304
16888,2022-06-12,6317.4487,6229.9946
16889,2022-06-13,6716.9136,6607.771
16890,2022-06-14,6772.175,6668.43
16891,2022-06-15,6762.3394,6746.6987
16892,2022-06-16,6750.1646,6619.94
16893,2022-06-17,6719.7217,6567.1587
16894,2022-06-18,6427.967,6276.1724
16895,2022-06-19,6320.726,6147.3833
16896,2022-06-20,6702.3955,6500.2524
16897,2022-06-21,6749.6963,6574.184
16898,2022-06-22,6772.643,6625.063
16899,2022-06-23,6760.4663,6634.1035
16900,2022-06-24,6712.2305,6594.271
16901,2022-06-25,6420.9443,6191.5137
16902,2022-06-26,6318.853,6163.2227
16903,2022-06-27,6696.3086,6762.432
16904,2022-06-28,6751.5684,6775.724
16905,2022-06-29,6757.189,6761.1084
16906,2022-06-30,6746.8857,6673.4194
16907,2022-07-01,6714.5713,6740.2935
16908,2022-07-02,6441.0806,6448.956
16909,2022-07-03,6329.6255,6325.6724
16910,2022-07-04,6715.5083,6921.0845
16911,2022-07-05,6790.438,6814.7407
16912,2022-07-06,6791.84,6808.6333
16913,2022-07-07,6772.6406,6933.0884
16914,2022-07-08,6718.317,6809.908
16915,2022-07-09,6397.5293,6526.326
16916,2022-07-10,6331.031,6207.7886
16917,2022-07-11,6732.3687,6254.9844
16918,2022-07-12,6762.341,6832.9814
16919,2022-07-13,6769.3633,6819.6787
16920,2022-05-16,6782.297,6268.8813
16921,2022-05-17,6832.416,6822.7114
16922,2022-05-18,6809.9326,6987.74
16923,2022-05-19,6781.8286,6847.247
16924,2022-05-20,6754.662,6763.4644
16925,2022-05-21,6409.925,6449.54
16926,2022-05-22,6274.094,6342.958
16927,2022-05-23,6703.141,6885.347
16928,2022-05-24,6757.9414,6958.534
16929,2022-05-25,6770.588,6836.7407
16930,2022-05-26,6762.6255,6774.118
16931,2022-05-27,6703.608,6884.5874
16932,2022-05-28,6411.332,6498.261
16933,2022-05-29,6277.372,6377.7505
16934,2022-05-30,6698.9233,6981.6167
16935,2022-05-31,7653.505,7030.879
16936,2022-06-01,7647.885,6927.8315
16937,2022-06-02,6736.864,6821.3877
16938,2022-06-03,6691.8965,6713.927
16939,2022-06-04,6388.379,6374.575
16940,2022-06-05,6289.082,6229.9946
16941,2022-06-06,6693.303,6698.9053
16942,2022-06-07,7648.8213,6733.6265
16943,2022-06-08,6742.953,6650.0415
16944,2022-06-09,6725.6235,6711.8936
16945,2022-06-10,6693.304,6301.578
16946,2022-06-11,6397.281,6063.304
16947,2022-06-12,6305.475,6229.9946
16948,2022-06-13,6718.127,6607.771
16949,2022-06-14,6786.9824,6668.43
16950,2022-06-15,6789.323,6746.6987
16951,2022-06-16,6764.9663,6619.94
16952,2022-06-17,6726.5586,6567.1587
16953,2022-06-18,6438.03,6276.1724
16954,2022-06-19,6342.0107,6147.3833
16955,2022-06-20,6717.19,6500.2524
16956,2022-06-21,6804.7812,6574.184
16957,2022-06-22,6821.6426,6625.063
16958,2022-06-23,6808.5264,6634.1035
16959,2022-06-24,6773.398,6594.271
16960,2022-06-25,6468.4756,6191.5137
16961,2022-06-26,6341.073,6163.2227
16962,2022-06-27,6739.207,6762.432
16963,2022-06-28,6804.7783,6775.724
16964,2022-06-29,6815.084,6761.1084
16965,2022-06-30,6777.1455,6673.4194
16966,2022-07-01,6704.5464,6740.2935
16967,2022-07-02,6424.446,6448.956
16968,2022-07-03,6346.6943,6325.6724
16969,2022-07-04,6713.9126,6921.0845
16970,2022-07-05,6809.464,6814.7407
16971,2022-07-06,6804.312,6808.6333
16972,2022-07-07,6785.575,6933.0884
16973,2022-07-08,6727.496,6809.908
16974,2022-07-09,6430.0674,6526.326
16975,2022-07-10,6334.0474,6207.7886
16976,2022-07-11,6716.254,6254.9844
16977,2022-07-12,6795.412,6832.9814
16978,2022-07-13,6773.3965,6819.6787
16979,2022-07-14,6763.094,6878.2627
16980,2022-05-17,6660.3374,6822.7114
16981,2022-05-18,6715.618,6987.74
16982,2022-05-19,6677.6724,6847.247
16983,2022-05-20,6667.364,6763.4644
16984,2022-05-21,6537.127,6449.54
16985,2022-05-22,6259.321,6342.958
16986,2022-05-23,6343.1787,6885.347
16987,2022-05-24,6661.7427,6958.534
16988,2022-05-25,6692.6626,6836.7407
16989,2022-05-26,6661.743,6774.118
16990,2022-05-27,6639.7236,6884.5874
16991,2022-05-28,6535.7246,6498.261
16992,2022-05-29,6278.062,6377.7505
16993,2022-05-30,6322.5654,6981.6167
16994,2022-05-31,6644.41,7030.879
16995,2022-06-01,6691.726,6927.8315
16996,2022-06-02,6690.788,6821.3877
16997,2022-06-03,6665.491,6713.927
16998,2022-06-04,6568.517,6374.575
16999,2022-06-05,6312.26,6229.9946
17000,2022-06-06,6332.873,6698.9053
17001,2022-06-07,6644.411,6733.6265
17002,2022-06-08,6687.9775,6650.0415
17003,2022-06-09,6712.806,6711.8936
17004,2022-06-10,6673.9224,6301.578
17005,2022-06-11,6551.6494,6063.304
17006,2022-06-12,6332.4023,6229.9946
17007,2022-06-13,6388.621,6607.771
17008,2022-06-14,6681.4204,6668.43
17009,2022-06-15,6702.0327,6746.6987
17010,2022-06-16,6707.654,6619.94
17011,2022-06-17,6687.509,6567.1587
17012,2022-06-18,6567.111,6276.1724
17013,2022-06-19,6338.494,6147.3833
17014,2022-06-20,6385.811,6500.2524
17015,2022-06-21,6667.3643,6574.184
17016,2022-06-22,6708.5894,6625.063
17017,2022-06-23,6701.564,6634.1035
17018,2022-06-24,6660.3374,6594.271
17019,2022-06-25,6553.056,6191.5137
17020,2022-06-26,6314.1323,6163.2227
17021,2022-06-27,6361.917,6762.432
17022,2022-06-28,6628.013,6775.724
17023,2022-06-29,6671.583,6761.1084
17024,2022-06-30,6680.0117,6673.4194
17025,2022-07-01,6666.428,6740.2935
17026,2022-07-02,6550.246,6448.956
17027,2022-07-03,6320.223,6325.6724
17028,2022-07-04,6341.7725,6921.0845
17029,2022-07-05,6628.9487,6814.7407
17030,2022-07-06,6687.509,6808.6333
17031,2022-07-07,6698.284,6933.0884
17032,2022-07-08,6663.148,6809.908
17033,2022-07-09,6526.822,6526.326
17034,2022-07-10,6300.0786,6207.7886
17035,2022-07-11,6347.8623,6254.9844
17036,2022-07-12,6637.851,6832.9814
17037,2022-07-13,6668.7695,6819.6787
17038,2022-07-14,6666.4277,6878.2627
17039,2022-07-15,6648.6265,6869.5234
17040,2022-05-18,6843.0127,6987.74
17041,2022-05-19,6814.4316,6847.247
17042,2022-05-20,6783.036,6763.4644
17043,2022-05-21,6658.398,6449.54
17044,2022-05-22,6324.773,6342.958
17045,2022-05-23,6316.81,6885.347
17046,2022-05-24,6705.72,6958.534
17047,2022-05-25,6746.0205,6836.7407
17048,2022-05-26,6723.0596,6774.118
17049,2022-05-27,6713.686,6884.5874
17050,2022-05-28,6618.0996,6498.261
17051,2022-05-29,6334.1465,6377.7505
17052,2022-05-30,6302.752,6981.6167
17053,2022-05-31,6678.0776,7030.879
17054,2022-06-01,6735.243,6927.8315
17055,2022-06-02,6715.563,6821.3877
17056,2022-06-03,6702.9126,6713.927
17057,2022-06-04,6608.727,6374.575
17058,2022-06-05,6342.5806,6229.9946
17059,2022-06-06,6339.301,6698.9053
17060,2022-06-07,6692.1333,6733.6265
17061,2022-06-08,6731.0254,6650.0415
17062,2022-06-09,6745.085,6711.8936
17063,2022-06-10,6712.283,6301.578
17064,2022-06-11,6628.877,6063.304
17065,2022-06-12,6354.2944,6229.9946
17066,2022-06-13,6353.359,6607.771
17067,2022-06-14,6707.5977,6668.43
17068,2022-06-15,6766.1675,6746.6987
17069,2022-06-16,6778.82,6619.94
17070,2022-06-17,6751.6406,6567.1587
17071,2022-06-18,6662.1465,6276.1724
17072,2022-06-19,6383.815,6147.3833
17073,2022-06-20,6367.4136,6500.2524
17074,2022-06-21,6691.665,6574.184
17075,2022-06-22,6753.985,6625.063
17076,2022-06-23,6740.3965,6634.1035
17077,2022-06-24,6723.0596,6594.271
17078,2022-06-25,6633.0938,6191.5137
17079,2022-06-26,6387.5625,6163.2227
17080,2022-06-27,6375.38,6762.432
17081,2022-06-28,6717.437,6775.724
17082,2022-06-29,6767.5737,6761.1084
17083,2022-06-30,6762.89,6673.4194
17084,2022-07-01,6729.619,6740.2935
17085,2022-07-02,6660.2715,6448.956
17086,2022-07-03,6403.9624,6325.6724
17087,2022-07-04,6402.5566,6921.0845
17088,2022-07-05,6712.283,6814.7407
17089,2022-07-06,6764.763,6808.6333
17090,2022-07-07,6760.074,6933.0884
17091,2022-07-08,6719.7817,6809.908
17092,2022-07-09,6618.5684,6526.326
17093,2022-07-10,6374.909,6207.7886
17094,2022-07-11,6388.967,6254.9844
17095,2022-07-12,6689.322,6832.9814
17096,2022-07-13,6731.493,6819.6787
17097,2022-07-14,6745.552,6878.2627
17098,2022-07-15,6700.1006,6869.5234
17099,2022-07-16,6611.5405,6493.7876
17100,2022-05-19,6889.0923,6847.247
17101,2022-05-20,6812.6973,6763.4644
17102,2022-05-21,6694.592,6449.54
17103,2022-05-22,6381.044,6342.958
17104,2022-05-23,7250.4404,6885.347
17105,2022-05-24,7638.975,6958.534
17106,2022-05-25,7662.409,6836.7407
17107,2022-05-26,6789.7314,6774.118
17108,2022-05-27,6747.082,6884.5874
17109,2022-05-28,6657.565,6498.261
17110,2022-05-29,6349.642,6377.7505
17111,2022-05-30,6334.6465,6981.6167
17112,2022-05-31,6709.589,7030.879
17113,2022-06-01,6756.926,6927.8315
17114,2022-06-02,6756.927,6821.3877
17115,2022-06-03,6722.7124,6713.927
17116,2022-06-04,6633.663,6374.575
17117,2022-06-05,6349.174,6229.9946
17118,2022-06-06,6312.619,6698.9053
17119,2022-06-07,6671.1577,6733.6265
17120,2022-06-08,6708.181,6650.0415
17121,2022-06-09,6696.9336,6711.8936
17122,2022-06-10,6678.188,6301.578
17123,2022-06-11,6612.5737,6063.304
17124,2022-06-12,6332.301,6229.9946
17125,2022-06-13,6310.7437,6607.771
17126,2022-06-14,6662.72,6668.43
17127,2022-06-15,6701.6206,6746.6987
17128,2022-06-16,6691.3105,6619.94
17129,2022-06-17,6652.41,6567.1587
17130,2022-06-18,6599.9175,6276.1724
17131,2022-06-19,6323.866,6147.3833
17132,2022-06-20,6296.685,6500.2524
17133,2022-06-21,6652.8794,6574.184
17134,2022-06-22,6695.0605,6625.063
17135,2022-06-23,6697.8726,6634.1035
17136,2022-06-24,6666.938,6594.271
17137,2022-06-25,6586.326,6191.5137
17138,2022-06-26,6320.584,6163.2227
17139,2022-06-27,6289.6533,6762.432
17140,2022-06-28,6647.256,6775.724
17141,2022-06-29,6712.8687,6761.1084
17142,2022-06-30,6709.5894,6673.4194
17143,2022-07-01,6709.587,6740.2935
17144,2022-07-02,6624.757,6448.956
17145,2022-07-03,6356.205,6325.6724
17146,2022-07-04,6325.273,6921.0845
17147,2022-07-05,6672.0957,6814.7407
17148,2022-07-06,6711.933,6808.6333
17149,2022-07-07,6717.088,6933.0884
17150,2022-07-08,6693.654,6809.908
17151,2022-07-09,6614.447,6526.326
17152,2022-07-10,6329.959,6207.7886
17153,2022-07-11,6319.181,6254.9844
17154,2022-07-12,6644.4434,6832.9814
17155,2022-07-13,6688.029,6819.6787
17156,2022-07-14,6696.933,6878.2627
17157,2022-07-15,6682.4043,6869.5234
17158,2022-07-16,6583.984,6493.7876
17159,2022-07-17,6315.4307,6472.99
17160,2022-05-20,6806.823,6763.4644
17161,2022-05-21,6734.635,6449.54
17162,2022-05-22,6398.0684,6342.958
17163,2022-05-23,6287.439,6885.347
17164,2022-05-24,6750.573,6958.534
17165,2022-05-25,6799.7925,6836.7407
17166,2022-05-26,6786.668,6774.118
17167,2022-05-27,6744.948,6884.5874
17168,2022-05-28,6713.54,6498.261
17169,2022-05-29,6385.4106,6377.7505
17170,2022-05-30,6267.7505,6981.6167
17171,2022-05-31,6694.322,7030.879
17172,2022-06-01,6775.8857,6927.8315
17173,2022-06-02,6756.1973,6821.3877
17174,2022-06-03,6737.4473,6713.927
17175,2022-06-04,6707.446,6374.575
17176,2022-06-05,6369.004,6229.9946
17177,2022-06-06,6279.0015,6698.9053
17178,2022-06-07,6685.8843,6733.6265
17179,2022-06-08,6744.947,6650.0415
17180,2022-06-09,6744.478,6711.8936
17181,2022-06-10,6746.3535,6301.578
17182,2022-06-11,6711.197,6063.304
17183,2022-06-12,6404.162,6229.9946
17184,2022-06-13,6325.4077,6607.771
17185,2022-06-14,6701.352,6668.43
17186,2022-06-15,6777.2905,6746.6987
17187,2022-06-16,6778.2285,6619.94
17188,2022-06-17,6789.48,6567.1587
17189,2022-06-18,6732.292,6276.1724
17190,2022-06-19,6409.787,6147.3833
17191,2022-06-20,6342.284,6500.2524
17192,2022-06-21,6698.071,6574.184
17193,2022-06-22,6789.0107,6625.063
17194,2022-06-23,6791.823,6634.1035
17195,2022-06-24,6766.51,6594.271
17196,2022-06-25,6707.4473,6191.5137
17197,2022-06-26,6413.5356,6163.2227
17198,2022-06-27,6340.8774,6762.432
17199,2022-06-28,6702.7583,6775.724
17200,2022-06-29,6783.3857,6761.1084
17201,2022-06-30,6780.5723,6673.4194
17202,2022-07-01,6774.4785,6740.2935
17203,2022-07-02,6729.4785,6448.956
17204,2022-07-03,6414.9424,6325.6724
17205,2022-07-04,6327.283,6921.0845
17206,2022-07-05,6691.0396,6814.7407
17207,2022-07-06,6766.0425,6808.6333
17208,2022-07-07,6773.073,6933.0884
17209,2022-07-08,6737.916,6809.908
17210,2022-07-09,6684.4785,6526.326
17211,2022-07-10,6381.1904,6207.7886
17212,2022-07-11,6275.72,6254.9844
17213,2022-07-12,6653.071,6832.9814
17214,2022-07-13,6734.166,6819.6787
17215,2022-07-14,6740.26,6878.2627
17216,2022-07-15,6747.292,6869.5234
17217,2022-07-16,6678.3833,6493.7876
17218,2022-07-17,6380.7217,6472.99
17219,2022-07-18,6306.189,7015.568
17220,2022-05-21,6651.958,6449.54
17221,2022-05-22,6319.0776,6342.958
17222,2022-05-23,6241.7183,6885.347
17223,2022-05-24,6666.0215,6958.534
17224,2022-05-25,6736.815,6836.7407
17225,2022-05-26,6714.3125,6774.118
17226,2022-05-27,6681.0244,6884.5874
17227,2022-05-28,6602.259,6498.261
17228,2022-05-29,6291.885,6377.7505
17229,2022-05-30,6228.5913,6981.6167
17230,2022-05-31,6634.608,7030.879
17231,2022-06-01,6707.2783,6927.8315
17232,2022-06-02,6697.9014,6821.3877
17233,2022-06-03,6669.302,6713.927
17234,2022-06-04,6583.034,6374.575
17235,2022-06-05,6292.8223,6229.9946
17236,2022-06-06,6242.654,6698.9053
17237,2022-06-07,6639.2974,6733.6265
17238,2022-06-08,6679.6177,6650.0415
17239,2022-06-09,6673.0527,6711.8936
17240,2022-06-10,6635.547,6301.578
17241,2022-06-11,6571.785,6063.304
17242,2022-06-12,6294.2285,6229.9946
17243,2022-06-13,6257.19,6607.771
17244,2022-06-14,6614.918,6668.43
17245,2022-06-15,6659.459,6746.6987
17246,2022-06-16,6653.362,6619.94
17247,2022-06-17,6637.4233,6567.1587
17248,2022-06-18,6577.8794,6276.1724
17249,2022-06-19,6331.7363,6147.3833
17250,2022-06-20,6305.011,6500.2524
17251,2022-06-21,6645.391,6574.184
17252,2022-06-22,6708.2183,6625.063
17253,2022-06-23,6688.525,6634.1035
17254,2022-06-24,6690.868,6594.271
17255,2022-06-25,6605.542,6191.5137
17256,2022-06-26,6331.2686,6163.2227
17257,2022-06-27,6293.7617,6762.432
17258,2022-06-28,6627.5776,6775.724
17259,2022-06-29,6681.0244,6761.1084
17260,2022-06-30,6691.808,6673.4194
17261,2022-07-01,6677.2725,6740.2935
17262,2022-07-02,6613.0425,6448.956
17263,2022-07-03,6321.422,6325.6724
17264,2022-07-04,6279.696,6921.0845
17265,2022-07-05,6603.1963,6814.7407
17266,2022-07-06,6670.2407,6808.6333
17267,2022-07-07,6649.612,6933.0884
17268,2022-07-08,6622.4204,6809.908
17269,2022-07-09,6514.1177,6526.326
17270,2022-07-10,6248.2827,6207.7886
17271,2022-07-11,6227.1836,6254.9844
17272,2022-07-12,6547.4043,6832.9814
17273,2022-07-13,6603.6646,6819.6787
17274,2022-07-14,6612.1055,6878.2627
17275,2022-07-15,6579.755,6869.5234
17276,2022-07-16,6468.17,6493.7876
17277,2022-07-17,6222.4956,6472.99
17278,2022-07-18,6236.092,7015.568
17279,2022-07-19,6546.465,7069.656
17280,2022-05-22,6207.6587,6342.958
17281,2022-05-23,6633.9146,6885.347
17282,2022-05-24,6744.1143,6958.534
17283,2022-05-25,6742.705,6836.7407
17284,2022-05-26,6735.2036,6774.118
17285,2022-05-27,6677.5264,6884.5874
17286,2022-05-28,6355.373,6498.261
17287,2022-05-29,6219.851,6377.7505
17288,2022-05-30,6619.379,6981.6167
17289,2022-05-31,6700.035,7030.879
17290,2022-06-01,6710.8193,6927.8315
17291,2022-06-02,6686.9023,6821.3877
17292,2022-06-03,6635.7886,6713.927
17293,2022-06-04,6331.457,6374.575
17294,2022-06-05,6234.3887,6229.9946
17295,2022-06-06,6617.503,6698.9053
17296,2022-06-07,6684.092,6733.6265
17297,2022-06-08,6673.774,6650.0415
17298,2022-06-09,6683.1533,6711.8936
17299,2022-06-10,6631.571,6301.578
17300,2022-06-11,6362.4062,6063.304
17301,2022-06-12,6240.4844,6229.9946
17302,2022-06-13,6609.0605,6607.771
17303,2022-06-14,6680.338,6668.43
17304,2022-06-15,6732.861,6746.6987
17305,2022-06-16,6726.294,6619.94
17306,2022-06-17,6663.4575,6567.1587
17307,2022-06-18,6370.846,6276.1724
17308,2022-06-19,6256.43,6147.3833
17309,2022-06-20,6620.7876,6500.2524
17310,2022-06-21,6710.351,6574.184
17311,2022-06-22,6723.4805,6625.063
17312,2022-06-23,6704.255,6634.1035
17313,2022-06-24,6686.4355,6594.271
17314,2022-06-25,6402.265,6191.5137
17315,2022-06-26,6283.6255,6163.2227
17316,2022-06-27,6619.378,6762.432
17317,2022-06-28,6691.594,6775.724
17318,2022-06-29,6728.6406,6761.1084
17319,2022-06-30,6735.2046,6673.4194
17320,2022-07-01,6688.311,6740.2935
17321,2022-07-02,6398.5137,6448.956
17322,2022-07-03,6306.1343,6325.6724
17323,2022-07-04,6662.5176,6921.0845
17324,2022-07-05,6720.1987,6814.7407
17325,2022-07-06,6724.886,6808.6333
17326,2022-07-07,6717.3843,6933.0884
17327,2022-07-08,6668.6167,6809.908
17328,2022-07-09,6385.384,6526.326
17329,2022-07-10,6272.8413,6207.7886
17330,2022-07-11,6612.812,6254.9844
17331,2022-07-12,6699.0957,6832.9814
17332,2022-07-13,6715.5083,6819.6787
17333,2022-07-14,6723.4814,6878.2627
17334,2022-07-15,6675.1787,6869.5234
17335,2022-07-16,6396.6377,6493.7876
17336,2022-07-17,6293.9424,6472.99
17337,2022-07-18,6614.2227,7015.568
17338,2022-07-19,6703.7856,7069.656
17339,2022-07-20,6707.536,6760.8687
17340,2022-05-23,6574.7124,6885.347
17341,2022-05-24,6749.643,6958.534
17342,2022-05-25,6771.2173,6836.7407
17343,2022-05-26,6751.987,6774.118
17344,2022-05-27,6706.9644,6884.5874
17345,2022-05-28,6438.708,6498.261
17346,2022-05-29,6246.4243,6377.7505
17347,2022-05-30,6572.8364,6981.6167
17348,2022-05-31,6733.2285,7030.879
17349,2022-06-01,6751.5186,6927.8315
17350,2022-06-02,6759.0225,6821.3877
17351,2022-06-03,6713.5317,6713.927
17352,2022-06-04,6449.4937,6374.575
17353,2022-06-05,6269.8706,6229.9946
17354,2022-06-06,6577.5264,6698.9053
17355,2022-06-07,6744.0156,6733.6265
17356,2022-06-08,6800.7617,6650.0415
17357,2022-06-09,6780.5957,6711.8936
17358,2022-06-10,6723.8486,6301.578
17359,2022-06-11,6480.447,6063.304
17360,2022-06-12,6298.948,6229.9946
17361,2022-06-13,6578.9346,6607.771
17362,2022-06-14,6757.6177,6668.43
17363,2022-06-15,6781.0654,6746.6987
17364,2022-06-16,6761.368,6619.94
17365,2022-06-17,6721.9736,6567.1587
17366,2022-06-18,6461.2163,6276.1724
17367,2022-06-19,6302.701,6147.3833
17368,2022-06-20,6601.444,6500.2524
17369,2022-06-21,6750.581,6574.184
17370,2022-06-22,6768.405,6625.063
17371,2022-06-23,6774.5,6634.1035
17372,2022-06-24,6728.5405,6594.271
17373,2022-06-25,6476.2256,6191.5137
17374,2022-06-26,6320.5225,6163.2227
17375,2022-06-27,6599.0986,6762.432
17376,2022-06-28,6735.1045,6775.724
17377,2022-06-29,6767.466,6761.1084
17378,2022-06-30,6757.6157,6673.4194
17379,2022-07-01,6730.8843,6740.2935
17380,2022-07-02,6474.3486,6448.956
17381,2022-07-03,6314.8936,6325.6724
17382,2022-07-04,6574.712,6921.0845
17383,2022-07-05,6737.918,6814.7407
17384,2022-07-06,6761.8374,6808.6333
17385,2022-07-07,6763.712,6933.0884
17386,2022-07-08,6714.469,6809.908
17387,2022-07-09,6458.873,6526.326
17388,2022-07-10,6290.977,6207.7886
17389,2022-07-11,6571.897,6254.9844
17390,2022-07-12,6735.5737,6832.9814
17391,2022-07-13,6743.5454,6819.6787
17392,2022-07-14,6725.726,6878.2627
17393,2022-07-15,6677.889,6869.5234
17394,2022-07-16,6443.8657,6493.7876
17395,2022-07-17,6287.226,6472.99
17396,2022-07-18,6563.4546,7015.568
17397,2022-07-19,6743.076,7069.656
17398,2022-07-20,6756.2095,6760.8687
17399,2022-07-21,6724.3184,6812.969
17400,2022-05-24,6925.216,6958.534
17401,2022-05-25,6882.054,6836.7407
17402,2022-05-26,6828.1006,6774.118
17403,2022-05-27,6775.5557,6884.5874
17404,2022-05-28,6423.686,6498.261
17405,2022-05-29,6297.0137,6377.7505
17406,2022-05-30,6767.58,6981.6167
17407,2022-05-31,6832.3213,7030.879
17408,2022-06-01,6814.4956,6927.8315
17409,2022-06-02,6790.5674,6821.3877
17410,2022-06-03,6738.0225,6713.927
17411,2022-06-04,6386.156,6374.575
17412,2022-06-05,6279.656,6229.9946
17413,2022-06-06,6760.0723,6698.9053
17414,2022-06-07,6793.3813,6733.6265
17415,2022-06-08,6794.7905,6650.0415
17416,2022-06-09,6755.381,6711.8936
17417,2022-06-10,6698.143,6301.578
17418,2022-06-11,6345.3394,6063.304
17419,2022-06-12,6251.9756,6229.9946
17420,2022-06-13,6701.8965,6607.771
17421,2022-06-14,6755.381,6668.43
17422,2022-06-15,6762.886,6746.6987
17423,2022-06-16,6754.4424,6619.94
17424,2022-06-17,6707.058,6567.1587
17425,2022-06-18,6374.425,6276.1724
17426,2022-06-19,6286.694,6147.3833
17427,2022-06-20,6716.442,6500.2524
17428,2022-06-21,6782.1235,6574.184
17429,2022-06-22,6776.493,6625.063
17430,2022-06-23,6758.665,6634.1035
17431,2022-06-24,6707.5264,6594.271
17432,2022-06-25,6369.734,6191.5137
17433,2022-06-26,6296.547,6163.2227
17434,2022-06-27,6748.8125,6762.432
17435,2022-06-28,6811.2095,6775.724
17436,2022-06-29,6808.8657,6761.1084
17437,2022-06-30,6781.186,6673.4194
17438,2022-07-01,6733.33,6740.2935
17439,2022-07-02,6409.1436,6448.956
17440,2022-07-03,6328.448,6325.6724
17441,2022-07-04,6742.7144,6921.0845
17442,2022-07-05,6784.4688,6814.7407
17443,2022-07-06,6793.3813,6808.6333
17444,2022-07-07,6783.5327,6933.0884
17445,2022-07-08,6747.8755,6809.908
17446,2022-07-09,6422.75,6526.326
17447,2022-07-10,6334.0767,6207.7886
17448,2022-07-11,6749.752,6254.9844
17449,2022-07-12,6815.433,6832.9814
17450,2022-07-13,6813.555,6819.6787
17451,2022-07-14,6809.333,6878.2627
17452,2022-07-15,6742.246,6869.5234
17453,2022-07-16,6408.672,6493.7876
17454,2022-07-17,6334.0757,6472.99
17455,2022-07-18,6734.7373,7015.568
17456,2022-07-19,6800.89,7069.656
17457,2022-07-20,6784.0005,6760.8687
17458,2022-07-21,6794.321,6812.969
17459,2022-07-22,6735.676,6728.701
17460,2022-05-25,6873.689,6836.7407
17461,2022-05-26,6825.8267,6774.118
17462,2022-05-27,6778.4326,6884.5874
17463,2022-05-28,6413.8184,6498.261
17464,2022-05-29,6302.1343,6377.7505
17465,2022-05-30,6758.2524,6981.6167
17466,2022-05-31,6810.3394,7030.879
17467,2022-06-01,6815.9707,6927.8315
17468,2022-06-02,6779.838,6821.3877
17469,2022-06-03,6711.3257,6713.927
17470,2022-06-04,6363.139,6374.575
17471,2022-06-05,6272.5723,6229.9946
17472,2022-06-06,6739.484,6698.9053
17473,2022-06-07,6801.426,6733.6265
17474,2022-06-08,6807.995,6650.0415
17475,2022-06-09,6790.6333,6711.8936
17476,2022-06-10,6733.85,6301.578
17477,2022-06-11,6394.578,6063.304
17478,2022-06-12,6306.8296,6229.9946
17479,2022-06-13,6737.136,6607.771
17480,2022-06-14,6800.955,6668.43
17481,2022-06-15,6778.4307,6746.6987
17482,2022-06-16,6765.2925,6619.94
17483,2022-06-17,6700.064,6567.1587
17484,2022-06-18,6386.602,6276.1724
17485,2022-06-19,6310.1113,6147.3833
17486,2022-06-20,6721.6514,6500.2524
17487,2022-06-21,6765.7593,6574.184
17488,2022-06-22,6764.824,6625.063
17489,2022-06-23,6766.7007,6634.1035
17490,2022-06-24,6722.59,6594.271
17491,2022-06-25,6410.5317,6191.5137
17492,2022-06-26,6348.122,6163.2227
17493,2022-06-27,6751.216,6762.432
17494,2022-06-28,6800.487,6775.724
17495,2022-06-29,6795.794,6761.1084
17496,2022-06-30,6775.6143,6673.4194
17497,2022-07-01,6721.6523,6740.2935
17498,2022-07-02,6419.919,6448.956
17499,2022-07-03,6322.781,6325.6724
17500,2022-07-04,6718.837,6921.0845
17501,2022-07-05,6787.817,6814.7407
17502,2022-07-06,6787.817,6808.6333
17503,2022-07-07,6767.17,6933.0884
17504,2022-07-08,6702.8833,6809.908
17505,2022-07-09,6380.9688,6526.326
17506,2022-07-10,6309.1724,6207.7886
17507,2022-07-11,6704.7583,6254.9844
17508,2022-07-12,6763.415,6832.9814
17509,2022-07-13,6748.3994,6819.6787
17510,2022-07-14,6737.134,6878.2627
17511,2022-07-15,6685.0474,6869.5234
17512,2022-07-16,6393.64,6493.7876
17513,2022-07-17,6301.197,6472.99
17514,2022-07-18,6691.1504,7015.568
17515,2022-07-19,6755.9062,7069.656
17516,2022-07-20,6769.0444,6760.8687
17517,2022-07-21,6764.825,6812.969
17518,2022-07-22,6690.6787,6728.701
17519,2022-07-23,6394.5786,6382.6753
17520,2022-05-26,6813.05,6774.118
17521,2022-05-27,6731.8525,6884.5874
17522,2022-05-28,6395.799,6498.261
17523,2022-05-29,6277.52,6377.7505
17524,2022-05-30,6720.59,6981.6167
17525,2022-05-31,6797.0923,7030.879
17526,2022-06-01,6792.869,6927.8315
17527,2022-06-02,6762.36,6821.3877
17528,2022-06-03,6704.162,6713.927
17529,2022-06-04,6395.7983,6374.575
17530,2022-06-05,6270.0117,6229.9946
17531,2022-06-06,6685.858,6698.9053
17532,2022-06-07,6785.36,6733.6265
17533,2022-06-08,6781.6045,6650.0415
17534,2022-06-09,6781.134,6711.8936
17535,2022-06-10,6728.569,6301.578
17536,2022-06-11,6429.59,6063.304
17537,2022-06-12,6327.2725,6229.9946
17538,2022-06-13,6726.6904,6607.771
17539,2022-06-14,6800.846,6668.43
17540,2022-06-15,6797.092,6746.6987
17541,2022-06-16,6793.8066,6619.94
17542,2022-06-17,6734.6704,6567.1587
17543,2022-06-18,6423.4893,6276.1724
17544,2022-06-19,6315.5386,6147.3833
17545,2022-06-20,6698.058,6500.2524
17546,2022-06-21,6779.255,6574.184
17547,2022-06-22,6789.583,6625.063
17548,2022-06-23,6763.77,6634.1035
17549,2022-06-24,6707.917,6594.271
17550,2022-06-25,6424.897,6191.5137
17551,2022-06-26,6313.6606,6163.2227
17552,2022-06-27,6697.121,6762.432
17553,2022-06-28,6771.7476,6775.724
17554,2022-06-29,6757.6646,6761.1084
17555,2022-06-30,6750.156,6673.4194
17556,2022-07-01,6718.712,6740.2935
17557,2022-07-02,6415.041,6448.956
17558,2022-07-03,6331.496,6325.6724
17559,2022-07-04,6688.6714,6921.0845
17560,2022-07-05,6759.544,6814.7407
17561,2022-07-06,6767.0513,6808.6333
17562,2022-07-07,6747.81,6933.0884
17563,2022-07-08,6707.445,6809.908
17564,2022-07-09,6408.0,6526.326
17565,2022-07-10,6300.989,6207.7886
17566,2022-07-11,6669.899,6254.9844
17567,2022-07-12,6750.1567,6832.9814
17568,2022-07-13,6749.2183,6819.6787
17569,2022-07-14,6733.7285,6878.2627
17570,2022-07-15,6685.8545,6869.5234
17571,2022-07-16,6400.9595,6493.7876
17572,2022-07-17,6293.0093,6472.99
17573,2022-07-18,6660.041,7015.568
17574,2022-07-19,6731.8506,7069.656
17575,2022-07-20,6742.647,6760.8687
17576,2022-07-21,6713.0786,6812.969
17577,2022-07-22,6668.958,6728.701
17578,2022-07-23,6400.0215,6382.6753
17579,2022-07-24,6321.17,6172.3145
17580,2022-05-27,6695.969,6884.5874
17581,2022-05-28,6350.9336,6498.261
17582,2022-05-29,6228.884,6377.7505
17583,2022-05-30,6688.458,6981.6167
17584,2022-05-31,6768.2607,7030.879
17585,2022-06-01,6751.361,6927.8315
17586,2022-06-02,6714.7456,6821.3877
17587,2022-06-03,6657.4746,6713.927
17588,2022-06-04,6329.81,6374.575
17589,2022-06-05,6224.6606,6229.9946
17590,2022-06-06,6664.987,6698.9053
17591,2022-06-07,6767.3223,6733.6265
17592,2022-06-08,6733.5215,6650.0415
17593,2022-06-09,6694.56,6711.8936
17594,2022-06-10,6661.699,6301.578
17595,2022-06-11,6355.159,6063.304
17596,2022-06-12,6262.6846,6229.9946
17597,2022-06-13,6680.0073,6607.771
17598,2022-06-14,6741.505,6668.43
17599,2022-06-15,6731.645,6746.6987
17600,2022-06-16,6712.868,6619.94
17601,2022-06-17,6677.66,6567.1587
17602,2022-06-18,6367.3667,6276.1724
17603,2022-06-19,6280.052,6147.3833
17604,2022-06-20,6688.9263,6500.2524
17605,2022-06-21,6763.0977,6574.184
17606,2022-06-22,6744.7905,6625.063
17607,2022-06-23,6737.279,6634.1035
17608,2022-06-24,6692.6816,6594.271
17609,2022-06-25,6351.405,6191.5137
17610,2022-06-26,6260.806,6163.2227
17611,2022-06-27,6676.7207,6762.432
17612,2022-06-28,6747.136,6775.724
17613,2022-06-29,6754.1777,6761.1084
17614,2022-06-30,6760.281,6673.4194
17615,2022-07-01,6714.2754,6740.2935
17616,2022-07-02,6384.734,6448.956
17617,2022-07-03,6263.622,6325.6724
17618,2022-07-04,6668.7437,6921.0845
17619,2022-07-05,6751.83,6814.7407
17620,2022-07-06,6744.7876,6808.6333
17621,2022-07-07,6732.1143,6933.0884
17622,2022-07-08,6685.64,6809.908
17623,2022-07-09,6369.243,6526.326
17624,2022-07-10,6245.784,6207.7886
17625,2022-07-11,6646.6787,6254.9844
17626,2022-07-12,6712.8677,6832.9814
17627,2022-07-13,6725.075,6819.6787
17628,2022-07-14,6680.9463,6878.2627
17629,2022-07-15,6630.7183,6869.5234
17630,2022-07-16,6342.016,6493.7876
17631,2022-07-17,6232.1704,6472.99
17632,2022-07-18,6598.325,7015.568
17633,2022-07-19,6681.8857,7069.656
17634,2022-07-20,6675.783,6760.8687
17635,2022-07-21,6667.334,6812.969
17636,2022-07-22,6602.5513,6728.701
17637,2022-07-23,6319.483,6382.6753
17638,2022-07-24,6231.2305,6172.3145
17639,2022-07-25,6590.8154,6641.335
17640,2022-05-28,6453.97,6498.261
17641,2022-05-29,6320.1514,6377.7505
17642,2022-05-30,6765.754,6981.6167
17643,2022-05-31,6849.3325,7030.879
17644,2022-06-01,6846.5156,6927.8315
17645,2022-06-02,6822.5684,6821.3877
17646,2022-06-03,6772.7964,6713.927
17647,2022-06-04,6461.4863,6374.575
17648,2022-06-05,6299.4907,6229.9946
17649,2022-06-06,6727.719,6698.9053
17650,2022-06-07,6823.5083,6733.6265
17651,2022-06-08,6836.1855,6650.0415
17652,2022-06-09,6802.8486,6711.8936
17653,2022-06-10,6761.5283,6301.578
17654,2022-06-11,6407.0186,6063.304
17655,2022-06-12,6300.898,6229.9946
17656,2022-06-13,6713.635,6607.771
17657,2022-06-14,6836.187,6668.43
17658,2022-06-15,6831.489,6746.6987
17659,2022-06-16,6818.815,6619.94
17660,2022-06-17,6794.395,6567.1587
17661,2022-06-18,6458.668,6276.1724
17662,2022-06-19,6346.445,6147.3833
17663,2022-06-20,6742.745,6500.2524
17664,2022-06-21,6827.264,6574.184
17665,2022-06-22,6844.168,6625.063
17666,2022-06-23,6823.0396,6634.1035
17667,2022-06-24,6790.639,6594.271
17668,2022-06-25,6471.345,6191.5137
17669,2022-06-26,6368.514,6163.2227
17670,2022-06-27,6757.7725,6762.432
17671,2022-06-28,6861.543,6775.724
17672,2022-06-29,6862.483,6761.1084
17673,2022-06-30,6840.411,6673.4194
17674,2022-07-01,6788.291,6740.2935
17675,2022-07-02,6439.8857,6448.956
17676,2022-07-03,6340.8105,6325.6724
17677,2022-07-04,6708.9395,6921.0845
17678,2022-07-05,6823.9775,6814.7407
17679,2022-07-06,6829.612,6808.6333
17680,2022-07-07,6787.823,6933.0884
17681,2022-07-08,6730.069,6809.908
17682,2022-07-09,6441.294,6526.326
17683,2022-07-10,6340.812,6207.7886
17684,2022-07-11,6704.714,6254.9844
17685,2022-07-12,6785.476,6832.9814
17686,2022-07-13,6802.38,6819.6787
17687,2022-07-14,6778.4326,6878.2627
17688,2022-07-15,6702.364,6869.5234
17689,2022-07-16,6404.2,6493.7876
17690,2022-07-17,6301.838,6472.99
17691,2022-07-18,6689.2173,7015.568
17692,2022-07-19,6791.1094,7069.656
17693,2022-07-20,6779.84,6760.8687
17694,2022-07-21,6777.964,6812.969
17695,2022-07-22,6702.3667,6728.701
17696,2022-07-23,6440.355,6382.6753
17697,2022-07-24,6342.2217,6172.3145
17698,2022-07-25,6721.145,6641.335
17699,2022-07-26,6806.605,6571.5923
17700,2022-05-29,6271.697,6377.7505
17701,2022-05-30,6768.6143,6981.6167
17702,2022-05-31,6837.189,7030.879
17703,2022-06-01,6809.9473,6927.8315
17704,2022-06-02,6802.4316,6821.3877
17705,2022-06-03,6751.2373,6713.927
17706,2022-06-04,6416.828,6374.575
17707,2022-06-05,6296.5913,6229.9946
17708,2022-06-06,6795.8574,6698.9053
17709,2022-06-07,6868.187,6733.6265
17710,2022-06-08,6861.612,6650.0415
17711,2022-06-09,6856.446,6711.8936
17712,2022-06-10,6828.264,6301.578
17713,2022-06-11,6461.448,6063.304
17714,2022-06-12,6328.5293,6229.9946
17715,2022-06-13,6796.3267,6607.771
17716,2022-06-14,6859.264,6668.43
17717,2022-06-15,6863.0225,6746.6987
17718,2022-06-16,6864.9,6619.94
17719,2022-06-17,6830.614,6567.1587
17720,2022-06-18,6447.826,6276.1724
17721,2022-06-19,6327.118,6147.3833
17722,2022-06-20,6785.055,6500.2524
17723,2022-06-21,6856.446,6574.184
17724,2022-06-22,6846.583,6625.063
17725,2022-06-23,6836.72,6634.1035
17726,2022-06-24,6772.844,6594.271
17727,2022-06-25,6425.2827,6191.5137
17728,2022-06-26,6317.256,6163.2227
17729,2022-06-27,6755.9355,6762.432
17730,2022-06-28,6804.311,6775.724
17731,2022-06-29,6809.9507,6761.1084
17732,2022-06-30,6790.223,6673.4194
17733,2022-07-01,6748.889,6740.2935
17734,2022-07-02,6402.7373,6448.956
17735,2022-07-03,6306.9194,6325.6724
17736,2022-07-04,6736.6777,6921.0845
17737,2022-07-05,6794.919,6814.7407
17738,2022-07-06,6810.888,6808.6333
17739,2022-07-07,6789.754,6933.0884
17740,2022-07-08,6760.161,6809.908
17741,2022-07-09,6428.5674,6526.326
17742,2022-07-10,6349.662,6207.7886
17743,2022-07-11,6759.2227,6254.9844
17744,2022-07-12,6823.1006,6832.9814
17745,2022-07-13,6834.371,6819.6787
17746,2022-07-14,6793.0386,6878.2627
17747,2022-07-15,6746.0713,6869.5234
17748,2022-07-16,6414.48,6493.7876
17749,2022-07-17,6320.5425,6472.99
17750,2022-07-18,6718.361,7015.568
17751,2022-07-19,6792.1006,7069.656
17752,2022-07-20,6792.572,6760.8687
17753,2022-07-21,6770.0254,6812.969
17754,2022-07-22,6690.18,6728.701
17755,2022-07-23,6376.4346,6382.6753
17756,2022-07-24,6301.755,6172.3145
17757,2022-07-25,6673.27,6641.335
17758,2022-07-26,6752.645,6571.5923
17759,2022-07-27,6762.98,6749.6733
17760,2022-05-30,6830.996,6981.6167
17761,2022-05-31,6911.801,7030.879
17762,2022-06-01,6912.2715,6927.8315
17763,2022-06-02,6874.687,6821.3877
17764,2022-06-03,6792.4707,6713.927
17765,2022-06-04,6424.612,6374.575
17766,2022-06-05,6333.9395,6229.9946
17767,2022-06-06,6811.7324,6698.9053
17768,2022-06-07,6864.82,6733.6265
17769,2022-06-08,6874.6855,6650.0415
17770,2022-06-09,6839.4507,6711.8936
17771,2022-06-10,6797.6367,6301.578
17772,2022-06-11,6438.237,6063.304
17773,2022-06-12,6346.6235,6229.9946
17774,2022-06-13,6797.169,6607.771
17775,2022-06-14,6838.9824,6668.43
17776,2022-06-15,6837.101,6746.6987
17777,2022-06-16,6831.935,6619.94
17778,2022-06-17,6771.799,6567.1587
17779,2022-06-18,6441.0557,6276.1724
17780,2022-06-19,6333.471,6147.3833
17781,2022-06-20,6756.7656,6500.2524
17782,2022-06-21,6818.78,6574.184
17783,2022-06-22,6830.996,6625.063
17784,2022-06-23,6822.5376,6634.1035
17785,2022-06-24,6785.8926,6594.271
17786,2022-06-25,6459.378,6191.5137
17787,2022-06-26,6367.7656,6163.2227
17788,2022-06-27,6776.0273,6762.432
17789,2022-06-28,6846.4985,6775.724
17790,2022-06-29,6848.378,6761.1084
17791,2022-06-30,6849.7876,6673.4194
17792,2022-07-01,6784.484,6740.2935
17793,2022-07-02,6450.92,6448.956
17794,2022-07-03,6361.6606,6325.6724
17795,2022-07-04,6757.7026,6921.0845
17796,2022-07-05,6814.5513,6814.7407
17797,2022-07-06,6797.1675,6808.6333
17798,2022-07-07,6808.9136,6933.0884
17799,2022-07-08,6758.175,6809.908
17800,2022-07-09,6430.25,6526.326
17801,2022-07-10,6353.201,6207.7886
17802,2022-07-11,6730.9287,6254.9844
17803,2022-07-12,6786.365,6832.9814
17804,2022-07-13,6798.578,6819.6787
17805,2022-07-14,6788.243,6878.2627
17806,2022-07-15,6738.911,6869.5234
17807,2022-07-16,6428.84,6493.7876
17808,2022-07-17,6353.6714,6472.99
17809,2022-07-18,6744.0825,7015.568
17810,2022-07-19,6821.128,7069.656
17811,2022-07-20,6820.1895,6760.8687
17812,2022-07-21,6815.9614,6812.969
17813,2022-07-22,6718.7104,6728.701
17814,2022-07-23,6395.482,6382.6753
17815,2022-07-24,6337.2275,6172.3145
17816,2022-07-25,6731.3965,6641.335
17817,2022-07-26,6774.1494,6571.5923
17818,2022-07-27,6767.102,6749.6733
17819,2022-07-28,6747.839,6847.575
17820,2022-05-31,6981.935,7030.879
17821,2022-06-01,6922.24,6927.8315
17822,2022-06-02,6867.246,6821.3877
17823,2022-06-03,6798.149,6713.927
17824,2022-06-04,6450.3193,6374.575
17825,2022-06-05,6391.567,6229.9946
17826,2022-06-06,6864.425,6698.9053
17827,2022-06-07,6911.899,6733.6265
17828,2022-06-08,6909.55,6650.0415
17829,2022-06-09,6846.0923,6711.8936
17830,2022-06-10,6793.9175,6301.578
17831,2022-06-11,6453.611,6063.304
17832,2022-06-12,6375.585,6229.9946
17833,2022-06-13,6806.608,6607.771
17834,2022-06-14,6886.9863,6668.43
17835,2022-06-15,6874.765,6746.6987
17836,2022-06-16,6843.74,6619.94
17837,2022-06-17,6762.425,6567.1587
17838,2022-06-18,6416.4775,6276.1724
17839,2022-06-19,6362.893,6147.3833
17840,2022-06-20,6754.9077,6500.2524
17841,2022-06-21,6793.4473,6574.184
17842,2022-06-22,6800.0273,6625.063
17843,2022-06-23,6797.2075,6634.1035
17844,2022-06-24,6737.9824,6594.271
17845,2022-06-25,6426.348,6191.5137
17846,2022-06-26,6376.0557,6163.2227
17847,2022-06-27,6797.2075,6762.432
17848,2022-06-28,6838.103,6775.724
17849,2022-06-29,6839.982,6761.1084
17850,2022-06-30,6816.48,6673.4194
17851,2022-07-01,6765.247,6740.2935
17852,2022-07-02,6442.799,6448.956
17853,2022-07-03,6414.128,6325.6724
17854,2022-07-04,6841.39,6921.0845
17855,2022-07-05,6883.6943,6814.7407
17856,2022-07-06,6871.4756,6808.6333
17857,2022-07-07,6875.7036,6933.0884
17858,2022-07-08,6816.9507,6809.908
17859,2022-07-09,6491.214,6526.326
17860,2022-07-10,6429.6387,6207.7886
17861,2022-07-11,6827.291,6254.9844
17862,2022-07-12,6888.3965,6832.9814
17863,2022-07-13,6879.4663,6819.6787
17864,2022-07-14,6858.315,6878.2627
17865,2022-07-15,6779.815,6869.5234
17866,2022-07-16,6449.3813,6493.7876
17867,2022-07-17,6392.033,6472.99
17868,2022-07-18,6784.047,7015.568
17869,2022-07-19,6839.9805,7069.656
17870,2022-07-20,6819.7705,6760.8687
17871,2022-07-21,6802.8477,6812.969
17872,2022-07-22,6730.9326,6728.701
17873,2022-07-23,6429.639,6382.6753
17874,2022-07-24,6399.088,6172.3145
17875,2022-07-25,6762.426,6641.335
17876,2022-07-26,6812.7188,6571.5923
17877,2022-07-27,6823.997,6749.6733
17878,2022-07-28,6796.264,6847.575
17879,2022-07-29,6723.8823,6734.085
17880,2022-06-01,6979.6465,6927.8315
17881,2022-06-02,6903.4746,6821.3877
17882,2022-06-03,6817.4277,6713.927
17883,2022-06-04,6478.8833,6374.575
17884,2022-06-05,6396.1274,6229.9946
17885,2022-06-06,6843.7573,6698.9053
17886,2022-06-07,6922.753,6733.6265
17887,2022-06-08,6903.9463,6650.0415
17888,2022-06-09,6862.5664,6711.8936
17889,2022-06-10,6820.2485,6301.578
17890,2022-06-11,6466.6567,6063.304
17891,2022-06-12,6400.3613,6229.9946
17892,2022-06-13,6811.786,6607.771
17893,2022-06-14,6878.0825,6668.43
17894,2022-06-15,6875.263,6746.6987
17895,2022-06-16,6842.3486,6619.94
17896,2022-06-17,6786.3955,6567.1587
17897,2022-06-18,6445.0283,6276.1724
17898,2022-06-19,6381.081,6147.3833
17899,2022-06-20,6795.3276,6500.2524
17900,2022-06-21,6867.268,6574.184
17901,2022-06-22,6856.9243,6625.063
17902,2022-06-23,6836.236,6634.1035
17903,2022-06-24,6770.8774,6594.271
17904,2022-06-25,6454.902,6191.5137
17905,2022-06-26,6391.426,6163.2227
17906,2022-06-27,6796.7393,6762.432
17907,2022-06-28,6862.0977,6775.724
17908,2022-06-29,6872.44,6761.1084
17909,2022-06-30,6847.05,6673.4194
17910,2022-07-01,6774.168,6740.2935
17911,2022-07-02,6464.3076,6448.956
17912,2022-07-03,6375.9087,6325.6724
17913,2022-07-04,6787.803,6921.0845
17914,2022-07-05,6855.0425,6814.7407
17915,2022-07-06,6828.2417,6808.6333
17916,2022-07-07,6819.3096,6933.0884
17917,2022-07-08,6778.402,6809.908
17918,2022-07-09,6457.256,6526.326
17919,2022-07-10,6371.68,6207.7886
17920,2022-07-11,6754.8926,6254.9844
17921,2022-07-12,6834.3535,6832.9814
17922,2022-07-13,6829.6533,6819.6787
17923,2022-07-14,6815.5464,6878.2627
17924,2022-07-15,6756.7715,6869.5234
17925,2022-07-16,6439.857,6493.7876
17926,2022-07-17,6358.044,6472.99
17927,2022-07-18,6751.5986,7015.568
17928,2022-07-19,6818.3687,7069.656
17929,2022-07-20,6840.4683,6760.8687
17930,2022-07-21,6833.4155,6812.969
17931,2022-07-22,6751.1294,6728.701
17932,2022-07-23,6451.143,6382.6753
17933,2022-07-24,6372.149,6172.3145
17934,2022-07-25,6762.4146,6641.335
17935,2022-07-26,6836.2373,6571.5923
17936,2022-07-27,6832.0024,6749.6733
17937,2022-07-28,6808.4937,6847.575
17938,2022-07-29,6756.77,6734.085
17939,2022-07-30,6459.135,6325.5728
17940,2022-06-02,6847.4023,6821.3877
17941,2022-06-03,6800.37,6713.927
17942,2022-06-04,6432.581,6374.575
17943,2022-06-05,6321.587,6229.9946
17944,2022-06-06,6801.7793,6698.9053
17945,2022-06-07,6871.859,6733.6265
17946,2022-06-08,6840.8164,6650.0415
17947,2022-06-09,6817.772,6711.8936
17948,2022-06-10,6771.681,6301.578
17949,2022-06-11,6422.234,6063.304
17950,2022-06-12,6312.179,6229.9946
17951,2022-06-13,6776.8545,6607.771
17952,2022-06-14,6847.872,6668.43
17953,2022-06-15,6814.949,6746.6987
17954,2022-06-16,6815.419,6619.94
17955,2022-06-17,6761.333,6567.1587
17956,2022-06-18,6411.886,6276.1724
17957,2022-06-19,6327.6987,6147.3833
17958,2022-06-20,6751.457,6500.2524
17959,2022-06-21,6816.3613,6574.184
17960,2022-06-22,6791.4326,6625.063
17961,2022-06-23,6794.256,6634.1035
17962,2022-06-24,6741.111,6594.271
17963,2022-06-25,6411.8877,6191.5137
17964,2022-06-26,6315.9424,6163.2227
17965,2022-06-27,6737.3467,6762.432
17966,2022-06-28,6781.088,6775.724
17967,2022-06-29,6791.9043,6761.1084
17968,2022-06-30,6792.845,6673.4194
17969,2022-07-01,6732.645,6740.2935
17970,2022-07-02,6409.5356,6448.956
17971,2022-07-03,6291.9546,6325.6724
17972,2022-07-04,6741.1113,6921.0845
17973,2022-07-05,6803.192,6814.7407
17974,2022-07-06,6778.7344,6808.6333
17975,2022-07-07,6763.215,6933.0884
17976,2022-07-08,6702.544,6809.908
17977,2022-07-09,6389.7817,6526.326
17978,2022-07-10,6303.714,6207.7886
17979,2022-07-11,6723.2373,6254.9844
17980,2022-07-12,6790.963,6832.9814
17981,2022-07-13,6782.4976,6819.6787
17982,2022-07-14,6770.7393,6878.2627
17983,2022-07-15,6720.415,6869.5234
17984,2022-07-16,6401.5396,6493.7876
17985,2022-07-17,6301.832,6472.99
17986,2022-07-18,6741.109,7015.568
17987,2022-07-19,6799.43,7069.656
17988,2022-07-20,6776.855,6760.8687
17989,2022-07-21,6767.448,6812.969
17990,2022-07-22,6710.071,6728.701
17991,2022-07-23,6395.895,6382.6753
17992,2022-07-24,6296.6587,6172.3145
17993,2022-07-25,6724.65,6641.335
17994,2022-07-26,6785.322,6571.5923
17995,2022-07-27,6768.3887,6749.6733
17996,2022-07-28,6748.1655,6847.575
17997,2022-07-29,6667.2686,6734.085
17998,2022-07-30,6370.4995,6325.5728
17999,2022-07-31,6297.128,6235.814
18000,2022-06-03,6711.476,6713.927
18001,2022-06-04,6355.37,6374.575
18002,2022-06-05,6269.284,6229.9946
18003,2022-06-06,6753.815,6698.9053
18004,2022-06-07,6786.7427,6733.6265
18005,2022-06-08,6797.092,6650.0415
18006,2022-06-09,6771.2188,6711.8936
18007,2022-06-10,6737.8193,6301.578
18008,2022-06-11,6388.299,6063.304
18009,2022-06-12,6289.9805,6229.9946
18010,2022-06-13,6745.814,6607.771
18011,2022-06-14,6825.317,6668.43
18012,2022-06-15,6795.2124,6746.6987
18013,2022-06-16,6748.17,6619.94
18014,2022-06-17,6695.0117,6567.1587
18015,2022-06-18,6342.6694,6276.1724
18016,2022-06-19,6246.236,6147.3833
18017,2022-06-20,6700.6567,6500.2524
18018,2022-06-21,6781.0996,6574.184
18019,2022-06-22,6773.1,6625.063
18020,2022-06-23,6778.7456,6634.1035
18021,2022-06-24,6733.588,6594.271
18022,2022-06-25,6394.416,6191.5137
18023,2022-06-26,6302.213,6163.2227
18024,2022-06-27,6758.047,6762.432
18025,2022-06-28,6792.86,6775.724
18026,2022-06-29,6794.2705,6761.1084
18027,2022-06-30,6782.9805,6673.4194
18028,2022-07-01,6723.709,6740.2935
18029,2022-07-02,6377.4805,6448.956
18030,2022-07-03,6288.1,6325.6724
18031,2022-07-04,6747.698,6921.0845
18032,2022-07-05,6800.8555,6814.7407
18033,2022-07-06,6793.7993,6808.6333
18034,2022-07-07,6755.6987,6933.0884
18035,2022-07-08,6725.588,6809.908
18036,2022-07-09,6386.8906,6526.326
18037,2022-07-10,6312.561,6207.7886
18038,2022-07-11,6719.4736,6254.9844
18039,2022-07-12,6795.683,6832.9814
18040,2022-07-13,6783.451,6819.6787
18041,2022-07-14,6764.6333,6878.2627
18042,2022-07-15,6712.8877,6869.5234
18043,2022-07-16,6382.655,6493.7876
18044,2022-07-17,6297.5107,6472.99
18045,2022-07-18,6691.7188,7015.568
18046,2022-07-19,6750.523,7069.656
18047,2022-07-20,6743.466,6760.8687
18048,2022-07-21,6746.7583,6812.969
18049,2022-07-22,6703.4805,6728.701
18050,2022-07-23,6390.18,6382.6753
18051,2022-07-24,6307.858,6172.3145
18052,2022-07-25,6702.07,6641.335
18053,2022-07-26,6756.6367,6571.5923
18054,2022-07-27,6753.8145,6749.6733
18055,2022-07-28,6735.4663,6847.575
18056,2022-07-29,6696.8926,6734.085
18057,2022-07-30,6373.7163,6325.5728
18058,2022-07-31,6292.804,6235.814
18059,2022-08-01,6715.24,6703.5215
18060,2022-06-04,6363.334,6374.575
18061,2022-06-05,6277.2275,6229.9946
18062,2022-06-06,6792.4473,6698.9053
18063,2022-06-07,6848.912,6733.6265
18064,2022-06-08,6837.619,6650.0415
18065,2022-06-09,6802.8,6711.8936
18066,2022-06-10,6749.159,6301.578
18067,2022-06-11,6405.2104,6063.304
18068,2022-06-12,6287.578,6229.9946
18069,2022-06-13,6748.69,6607.771
18070,2022-06-14,6822.564,6668.43
18071,2022-06-15,6818.328,6746.6987
18072,2022-06-16,6779.275,6619.94
18073,2022-06-17,6722.812,6567.1587
18074,2022-06-18,6381.213,6276.1724
18075,2022-06-19,6300.753,6147.3833
18076,2022-06-20,6742.575,6500.2524
18077,2022-06-21,6786.333,6574.184
18078,2022-06-22,6780.214,6625.063
18079,2022-06-23,6762.806,6634.1035
18080,2022-06-24,6736.4556,6594.271
18081,2022-06-25,6398.6206,6191.5137
18082,2022-06-26,6310.6343,6163.2227
18083,2022-06-27,6746.338,6762.432
18084,2022-06-28,6807.036,6775.724
18085,2022-06-29,6812.6807,6761.1084
18086,2022-06-30,6759.0425,6673.4194
18087,2022-07-01,6732.6924,6740.2935
18088,2022-07-02,6408.5044,6448.956
18089,2022-07-03,6299.8125,6325.6724
18090,2022-07-04,6721.4,6921.0845
18091,2022-07-05,6789.155,6814.7407
18092,2022-07-06,6769.8643,6808.6333
18093,2022-07-07,6746.338,6933.0884
18094,2022-07-08,6689.8765,6809.908
18095,2022-07-09,6375.0977,6526.326
18096,2022-07-10,6274.406,6207.7886
18097,2022-07-11,6703.0493,6254.9844
18098,2022-07-12,6799.506,6832.9814
18099,2022-07-13,6778.804,6819.6787
18100,2022-07-14,6746.808,6878.2627
18101,2022-07-15,6693.6387,6869.5234
18102,2022-07-16,6379.802,6493.7876
18103,2022-07-17,6300.755,6472.99
18104,2022-07-18,6690.3457,7015.568
18105,2022-07-19,6763.746,7069.656
18106,2022-07-20,6777.393,6760.8687
18107,2022-07-21,6739.7485,6812.969
18108,2022-07-22,6691.757,6728.701
18109,2022-07-23,6389.212,6382.6753
18110,2022-07-24,6297.4614,6172.3145
18111,2022-07-25,6708.696,6641.335
18112,2022-07-26,6760.9243,6571.5923
18113,2022-07-27,6755.277,6749.6733
18114,2022-07-28,6709.6387,6847.575
18115,2022-07-29,6648.4707,6734.085
18116,2022-07-30,6353.4517,6325.5728
18117,2022-07-31,6273.465,6235.814
18118,2022-08-01,6653.176,6703.5215
18119,2022-08-02,6727.517,6674.616
18120,2022-06-05,6282.573,6229.9946
18121,2022-06-06,6809.6133,6698.9053
18122,2022-06-07,6855.7285,6733.6265
18123,2022-06-08,6854.3174,6650.0415
18124,2022-06-09,6839.7305,6711.8936
18125,2022-06-10,6789.379,6301.578
18126,2022-06-11,6420.4526,6063.304
18127,2022-06-12,6342.8086,6229.9946
18128,2022-06-13,6826.553,6607.771
18129,2022-06-14,6867.0254,6668.43
18130,2022-06-15,6856.2,6746.6987
18131,2022-06-16,6834.554,6619.94
18132,2022-06-17,6781.3794,6567.1587
18133,2022-06-18,6423.2754,6276.1724
18134,2022-06-19,6338.5737,6147.3833
18135,2022-06-20,6803.496,6500.2524
18136,2022-06-21,7739.4604,6574.184
18137,2022-06-22,6851.495,6625.063
18138,2022-06-23,6829.85,6634.1035
18139,2022-06-24,6773.3794,6594.271
18140,2022-06-25,6436.9214,6191.5137
18141,2022-06-26,6348.456,6163.2227
18142,2022-06-27,6809.143,6762.432
18143,2022-06-28,6861.3765,6775.724
18144,2022-06-29,6856.2017,6761.1084
18145,2022-06-30,6837.8486,6673.4194
18146,2022-07-01,6777.6167,6740.2935
18147,2022-07-02,6418.57,6448.956
18148,2022-07-03,6330.102,6325.6724
18149,2022-07-04,6789.85,6921.0845
18150,2022-07-05,6875.963,6814.7407
18151,2022-07-06,6867.496,6808.6333
18152,2022-07-07,6860.9077,6933.0884
18153,2022-07-08,6787.496,6809.908
18154,2022-07-09,6451.041,6526.326
18155,2022-07-10,6351.279,6207.7886
18156,2022-07-11,6766.791,6254.9844
18157,2022-07-12,6836.908,6832.9814
18158,2022-07-13,6833.1445,6819.6787
18159,2022-07-14,6811.9673,6878.2627
18160,2022-07-15,6736.206,6869.5234
18161,2022-07-16,6411.513,6493.7876
18162,2022-07-17,6326.338,6472.99
18163,2022-07-18,6757.381,7015.568
18164,2022-07-19,6802.554,7069.656
18165,2022-07-20,6814.321,6760.8687
18166,2022-07-21,6799.7324,6812.969
18167,2022-07-22,6724.4414,6728.701
18168,2022-07-23,6402.5713,6382.6753
18169,2022-07-24,6336.6934,6172.3145
18170,2022-07-25,6766.3223,6641.335
18171,2022-07-26,6822.791,6571.5923
18172,2022-07-27,6833.614,6749.6733
18173,2022-07-28,6797.851,6847.575
18174,2022-07-29,6750.794,6734.085
18175,2022-07-30,6417.628,6325.5728
18176,2022-07-31,6335.7505,6235.814
18177,2022-08-01,6753.145,6703.5215
18178,2022-08-02,6834.0825,6674.616
18179,2022-08-03,6843.496,6535.162
18180,2022-06-06,6717.4604,6698.9053
18181,2022-06-07,6787.587,6733.6265
18182,2022-06-08,6758.4062,6650.0415
18183,2022-06-09,6724.5195,6711.8936
18184,2022-06-10,6669.455,6301.578
18185,2022-06-11,6347.5337,6063.304
18186,2022-06-12,6231.7573,6229.9946
18187,2022-06-13,6696.2817,6607.771
18188,2022-06-14,6761.701,6668.43
18189,2022-06-15,6757.465,6746.6987
18190,2022-06-16,6732.5186,6619.94
18191,2022-06-17,6673.689,6567.1587
18192,2022-06-18,6350.8286,6276.1724
18193,2022-06-19,6257.641,6147.3833
18194,2022-06-20,6688.2793,6500.2524
18195,2022-06-21,6759.3477,6574.184
18196,2022-06-22,6772.055,6625.063
18197,2022-06-23,6744.2856,6634.1035
18198,2022-06-24,6688.75,6594.271
18199,2022-06-25,6383.3027,6191.5137
18200,2022-06-26,6294.3506,6163.2227
18201,2022-06-27,6719.3423,6762.432
18202,2022-06-28,6759.3477,6775.724
18203,2022-06-29,6765.9355,6761.1084
18204,2022-06-30,6760.288,6673.4194
18205,2022-07-01,6689.221,6740.2935
18206,2022-07-02,6364.476,6448.956
18207,2022-07-03,6270.819,6325.6724
18208,2022-07-04,6701.928,6921.0845
18209,2022-07-05,6745.699,6814.7407
18210,2022-07-06,6769.2305,6808.6333
18211,2022-07-07,6769.2314,6933.0884
18212,2022-07-08,6729.697,6809.908
18213,2022-07-09,6388.0093,6526.326
18214,2022-07-10,6296.234,6207.7886
18215,2022-07-11,6715.1074,6254.9844
18216,2022-07-12,6767.82,6832.9814
18217,2022-07-13,6775.821,6819.6787
18218,2022-07-14,6752.287,6878.2627
18219,2022-07-15,6667.1,6869.5234
18220,2022-07-16,6347.5337,6493.7876
18221,2022-07-17,6260.9375,6472.99
18222,2022-07-18,6673.219,7015.568
18223,2022-07-19,6750.404,7069.656
18224,2022-07-20,6762.64,6760.8687
18225,2022-07-21,6725.931,6812.969
18226,2022-07-22,6663.335,6728.701
18227,2022-07-23,6343.7695,6382.6753
18228,2022-07-24,6268.467,6172.3145
18229,2022-07-25,6691.575,6641.335
18230,2022-07-26,6748.5225,6571.5923
18231,2022-07-27,6758.405,6749.6733
18232,2022-07-28,6728.7563,6847.575
18233,2022-07-29,6660.9814,6734.085
18234,2022-07-30,6335.768,6325.5728
18235,2022-07-31,6263.7593,6235.814
18236,2022-08-01,6647.805,6703.5215
18237,2022-08-02,6729.6963,6674.616
18238,2022-08-03,6727.342,6535.162
18239,2022-08-04,6676.983,6481.2036
18240,2022-06-07,6818.215,6733.6265
18241,2022-06-08,6791.378,6650.0415
18242,2022-06-09,6741.9424,6711.8936
18243,2022-06-10,6713.695,6301.578
18244,2022-06-11,6378.0093,6063.304
18245,2022-06-12,6266.43,6229.9946
18246,2022-06-13,6734.8813,6607.771
18247,2022-06-14,6801.264,6668.43
18248,2022-06-15,6778.194,6746.6987
18249,2022-06-16,6751.36,6619.94
18250,2022-06-17,6714.6357,6567.1587
18251,2022-06-18,6388.3677,6276.1724
18252,2022-06-19,6266.9014,6147.3833
18253,2022-06-20,6683.091,6500.2524
18254,2022-06-21,6756.0664,6574.184
18255,2022-06-22,6757.48,6625.063
18256,2022-06-23,6748.0645,6634.1035
18257,2022-06-24,6704.279,6594.271
18258,2022-06-25,6394.018,6191.5137
18259,2022-06-26,6271.138,6163.2227
18260,2022-06-27,6687.33,6762.432
18261,2022-06-28,6754.1826,6775.724
18262,2022-06-29,6745.2393,6761.1084
18263,2022-06-30,6732.0566,6673.4194
18264,2022-07-01,6690.155,6740.2935
18265,2022-07-02,6372.361,6448.956
18266,2022-07-03,6293.264,6325.6724
18267,2022-07-04,6688.272,6921.0845
18268,2022-07-05,6758.42,6814.7407
18269,2022-07-06,6765.0127,6808.6333
18270,2022-07-07,6761.2476,6933.0884
18271,2022-07-08,6695.804,6809.908
18272,2022-07-09,6413.791,6526.326
18273,2022-07-10,6322.457,6207.7886
18274,2022-07-11,6714.638,6254.9844
18275,2022-07-12,6791.377,6832.9814
18276,2022-07-13,6764.07,6819.6787
18277,2022-07-14,6722.1694,6878.2627
18278,2022-07-15,6674.147,6869.5234
18279,2022-07-16,6383.6587,6493.7876
18280,2022-07-17,6286.6743,6472.99
18281,2022-07-18,6669.91,7015.568
18282,2022-07-19,6739.589,7069.656
18283,2022-07-20,6756.536,6760.8687
18284,2022-07-21,6717.4604,6812.969
18285,2022-07-22,6675.0894,6728.701
18286,2022-07-23,6362.944,6382.6753
18287,2022-07-24,6289.4995,6172.3145
18288,2022-07-25,6686.859,6641.335
18289,2022-07-26,6734.4106,6571.5923
18290,2022-07-27,6728.2876,6749.6733
18291,2022-07-28,6713.695,6847.575
18292,2022-07-29,6672.2617,6734.085
18293,2022-07-30,6364.359,6325.5728
18294,2022-07-31,6262.1914,6235.814
18295,2022-08-01,6647.3125,6703.5215
18296,2022-08-02,6718.873,6674.616
18297,2022-08-03,6740.531,6535.162
18298,2022-08-04,6705.219,6481.2036
18299,2022-08-05,6667.5557,6494.644
18300,2022-06-08,6768.418,6650.0415
18301,2022-06-09,6734.5127,6711.8936
18302,2022-06-10,6692.1313,6301.578
18303,2022-06-11,6351.1914,6063.304
18304,2022-06-12,6245.2344,6229.9946
18305,2022-06-13,7620.299,6607.771
18306,2022-06-14,7659.3833,6668.43
18307,2022-06-15,6749.1133,6746.6987
18308,2022-06-16,6730.745,6619.94
18309,2022-06-17,6697.312,6567.1587
18310,2022-06-18,6334.7104,6276.1724
18311,2022-06-19,6242.88,6147.3833
18312,2022-06-20,6690.7188,6500.2524
18313,2022-06-21,6744.873,6574.184
18314,2022-06-22,6742.0474,6625.063
18315,2022-06-23,6718.973,6634.1035
18316,2022-06-24,6671.8823,6594.271
18317,2022-06-25,6334.2393,6191.5137
18318,2022-06-26,6246.1777,6163.2227
18319,2022-06-27,6700.6074,6762.432
18320,2022-06-28,6750.0513,6775.724
18321,2022-06-29,6760.882,6761.1084
18322,2022-06-30,6742.049,6673.4194
18323,2022-07-01,6683.1826,6740.2935
18324,2022-07-02,6341.3013,6448.956
18325,2022-07-03,6266.427,6325.6724
18326,2022-07-04,6714.735,6921.0845
18327,2022-07-05,6766.535,6814.7407
18328,2022-07-06,6750.5264,6808.6333
18329,2022-07-07,6742.5195,6933.0884
18330,2022-07-08,6677.5337,6809.908
18331,2022-07-09,6308.8086,6526.326
18332,2022-07-10,6232.9917,6207.7886
18333,2022-07-11,6694.4883,6254.9844
18334,2022-07-12,6737.339,6832.9814
18335,2022-07-13,6745.8145,6819.6787
18336,2022-07-14,6735.455,6878.2627
18337,2022-07-15,6668.115,6869.5234
18338,2022-07-16,6321.995,6493.7876
18339,2022-07-17,6217.4517,6472.99
18340,2022-07-18,6674.236,7015.568
18341,2022-07-19,6726.5083,7069.656
18342,2022-07-20,6712.379,6760.8687
18343,2022-07-21,6688.835,6812.969
18344,2022-07-22,6628.5586,6728.701
18345,2022-07-23,6305.5127,6382.6753
18346,2022-07-24,6227.341,6172.3145
18347,2022-07-25,6658.227,6641.335
18348,2022-07-26,6699.195,6571.5923
18349,2022-07-27,6704.3755,6749.6733
18350,2022-07-28,6681.3,6847.575
18351,2022-07-29,6613.49,6734.085
18352,2022-07-30,6286.676,6325.5728
18353,2022-07-31,6216.5093,6235.814
18354,2022-08-01,6642.2163,6703.5215
18355,2022-08-02,6710.498,6674.616
18356,2022-08-03,6713.3213,6535.162
18357,2022-08-04,6695.427,6481.2036
18358,2022-08-05,6642.216,6494.644
18359,2022-08-06,6319.6387,6221.2593
18360,2022-06-09,6640.255,6711.8936
18361,2022-06-10,6636.489,6301.578
18362,2022-06-11,6327.036,6063.304
18363,2022-06-12,6210.6963,6229.9946
18364,2022-06-13,6665.6914,6607.771
18365,2022-06-14,6726.9224,6668.43
18366,2022-06-15,6709.494,6746.6987
18367,2022-06-16,6675.584,6619.94
18368,2022-06-17,6637.4307,6567.1587
18369,2022-06-18,6303.9575,6276.1724
18370,2022-06-19,6218.7056,6147.3833
18371,2022-06-20,6641.6714,6500.2524
18372,2022-06-21,6694.893,6574.184
18373,2022-06-22,6700.545,6625.063
18374,2022-06-23,6683.119,6634.1035
18375,2022-06-24,6652.503,6594.271
18376,2022-06-25,6359.065,6191.5137
18377,2022-06-26,6236.6025,6163.2227
18378,2022-06-27,6657.685,6762.432
18379,2022-06-28,6722.21,6775.724
18380,2022-06-29,6716.0874,6761.1084
18381,2022-06-30,6708.552,6673.4194
18382,2022-07-01,6669.9287,6740.2935
18383,2022-07-02,6364.7163,6448.956
18384,2022-07-03,6245.5537,6325.6724
18385,2022-07-04,6644.0244,6921.0845
18386,2022-07-05,6716.0894,6814.7407
18387,2022-07-06,6715.6167,6808.6333
18388,2022-07-07,6680.291,6933.0884
18389,2022-07-08,6636.015,6809.908
18390,2022-07-09,6307.253,6526.326
18391,2022-07-10,6207.871,6207.7886
18392,2022-07-11,6607.287,6254.9844
18393,2022-07-12,6673.2275,6832.9814
18394,2022-07-13,6661.9214,6819.6787
18395,2022-07-14,6627.069,6878.2627
18396,2022-07-15,6578.0825,6869.5234
18397,2022-07-16,6276.639,6493.7876
18398,2022-07-17,6176.7856,6472.99
18399,2022-07-18,6564.8955,7015.568
18400,2022-07-19,6629.8955,7069.656
18401,2022-07-20,6621.8867,6760.8687
18402,2022-07-21,6610.112,6812.969
18403,2022-07-22,6557.8296,6728.701
18404,2022-07-23,6285.587,6382.6753
18405,2022-07-24,6191.385,6172.3145
18406,2022-07-25,6580.91,6641.335
18407,2022-07-26,6651.56,6571.5923
18408,2022-07-27,6655.8,6749.6733
18409,2022-07-28,6638.3726,6847.575
18410,2022-07-29,6582.3213,6734.085
18411,2022-07-30,6284.6465,6325.5728
18412,2022-07-31,6198.9224,6235.814
18413,2022-08-01,6583.735,6703.5215
18414,2022-08-02,6647.32,6674.616
18415,2022-08-03,6669.93,6535.162
18416,2022-08-04,6658.6255,6481.2036
18417,2022-08-05,6600.2227,6494.644
18418,2022-08-06,6287.4717,6221.2593
18419,2022-08-07,6207.871,6134.0005
18420,2022-06-10,6674.748,6301.578
18421,2022-06-11,6328.951,6063.304
18422,2022-06-12,6197.0386,6229.9946
18423,2022-06-13,6688.411,6607.771
18424,2022-06-14,6754.842,6668.43
18425,2022-06-15,6741.176,6746.6987
18426,2022-06-16,6726.0996,6619.94
18427,2022-06-17,6700.661,6567.1587
18428,2022-06-18,6384.542,6276.1724
18429,2022-06-19,6252.6294,6147.3833
18430,2022-06-20,6681.345,6500.2524
18431,2022-06-21,6743.5317,6574.184
18432,2022-06-22,6750.598,6625.063
18433,2022-06-23,6731.753,6634.1035
18434,2022-06-24,6711.0254,6594.271
18435,2022-06-25,6384.5425,6191.5137
18436,2022-06-26,6270.5327,6163.2227
18437,2022-06-27,6700.188,6762.432
18438,2022-06-28,6746.357,6775.724
18439,2022-06-29,6752.0107,6761.1084
18440,2022-06-30,6745.416,6673.4194
18441,2022-07-01,6706.313,6740.2935
18442,2022-07-02,6377.9463,6448.956
18443,2022-07-03,6283.7227,6325.6724
18444,2022-07-04,6698.3037,6921.0845
18445,2022-07-05,6752.4824,6814.7407
18446,2022-07-06,6745.888,6808.6333
18447,2022-07-07,6723.744,6933.0884
18448,2022-07-08,6690.766,6809.908
18449,2022-07-09,6363.8125,6526.326
18450,2022-07-10,6249.332,6207.7886
18451,2022-07-11,6654.4907,6254.9844
18452,2022-07-12,6763.3184,6832.9814
18453,2022-07-13,6766.6157,6819.6787
18454,2022-07-14,6725.1567,6878.2627
18455,2022-07-15,6670.038,6869.5234
18456,2022-07-16,6356.744,6493.7876
18457,2022-07-17,6247.9175,6472.99
18458,2022-07-18,6680.8735,7015.568
18459,2022-07-19,6725.629,7069.656
18460,2022-07-20,6728.9263,6760.8687
18461,2022-07-21,6723.273,6812.969
18462,2022-07-22,6648.8364,6728.701
18463,2022-07-23,6326.1235,6382.6753
18464,2022-07-24,6214.47,6172.3145
18465,2022-07-25,6645.5405,6641.335
18466,2022-07-26,6713.382,6571.5923
18467,2022-07-27,6694.536,6749.6733
18468,2022-07-28,6670.038,6847.575
18469,2022-07-29,6614.445,6734.085
18470,2022-07-30,6306.808,6325.5728
18471,2022-07-31,6242.2656,6235.814
18472,2022-08-01,6636.1167,6703.5215
18473,2022-08-02,6706.783,6674.616
18474,2022-08-03,6701.6025,6535.162
18475,2022-08-04,6703.487,6481.2036
18476,2022-08-05,6638.0,6494.644
18477,2022-08-06,6339.787,6221.2593
18478,2022-08-07,6270.5312,6134.0005
18479,2022-08-08,6667.2104,6706.776
18480,2022-06-11,6134.534,6063.304
18481,2022-06-12,6414.875,6229.9946
18482,2022-06-13,6645.273,6607.771
18483,2022-06-14,6660.8223,6668.43
18484,2022-06-15,6645.2715,6746.6987
18485,2022-06-16,6635.379,6619.94
18486,2022-06-17,6428.5396,6567.1587
18487,2022-06-18,6217.93,6276.1724
18488,2022-06-19,6453.5107,6147.3833
18489,2022-06-20,6652.81,6500.2524
18490,2022-06-21,6687.6787,6574.184
18491,2022-06-22,6693.8027,6625.063
18492,2022-06-23,6676.37,6634.1035
18493,2022-06-24,6475.186,6594.271
18494,2022-06-25,6270.2285,6191.5137
18495,2022-06-26,6474.712,6163.2227
18496,2022-06-27,6682.496,6762.432
18497,2022-06-28,6690.507,6775.724
18498,2022-06-29,6682.495,6761.1084
18499,2022-06-30,6663.65,6673.4194
18500,2022-07-01,6458.2217,6740.2935
18501,2022-07-02,6273.5283,6448.956
18502,2022-07-03,6479.425,6325.6724
18503,2022-07-04,6681.0806,6921.0845
18504,2022-07-05,6695.217,6814.7407
18505,2022-07-06,6689.563,6808.6333
18506,2022-07-07,6670.717,6933.0884
18507,2022-07-08,6453.0396,6809.908
18508,2022-07-09,6268.346,6526.326
18509,2022-07-10,6496.857,6207.7886
18510,2022-07-11,6687.2056,6254.9844
18511,2022-07-12,6722.0723,6832.9814
18512,2022-07-13,6707.4673,6819.6787
18513,2022-07-14,6673.07,6878.2627
18514,2022-07-15,6461.0513,6869.5234
18515,2022-07-16,6265.986,6493.7876
18516,2022-07-17,6479.895,6472.99
18517,2022-07-18,6680.14,7015.568
18518,2022-07-19,6685.792,7069.656
18519,2022-07-20,6659.88,6760.8687
18520,2022-07-21,6621.245,6812.969
18521,2022-07-22,6413.4624,6728.701
18522,2022-07-23,6249.0264,6382.6753
18523,2022-07-24,6445.971,6172.3145
18524,2022-07-25,6648.1006,6641.335
18525,2022-07-26,6643.86,6571.5923
18526,2022-07-27,6632.08,6749.6733
18527,2022-07-28,6605.695,6847.575
18528,2022-07-29,6402.623,6734.085
18529,2022-07-30,6254.681,6325.5728
18530,2022-07-31,6451.155,6235.814
18531,2022-08-01,6643.3877,6703.5215
18532,2022-08-02,6652.812,6674.616
18533,2022-08-03,6652.812,6535.162
18534,2022-08-04,6631.1377,6481.2036
18535,2022-08-05,6411.1064,6494.644
18536,2022-08-06,6260.3354,6221.2593
18537,2022-08-07,6487.906,6134.0005
18538,2022-08-08,6686.263,6706.776
18539,2022-08-09,6696.628,6331.053
18540,2022-06-12,6161.92,6229.9946
18541,2022-06-13,6573.246,6607.771
18542,2022-06-14,6615.65,6668.43
18543,2022-06-15,6628.3726,6746.6987
18544,2022-06-16,6618.4795,6619.94
18545,2022-06-17,6567.591,6567.1587
18546,2022-06-18,6282.536,6276.1724
18547,2022-06-19,6269.814,6147.3833
18548,2022-06-20,6675.02,6500.2524
18549,2022-06-21,6698.1055,6574.184
18550,2022-06-22,6710.3535,6625.063
18551,2022-06-23,6706.1157,6634.1035
18552,2022-06-24,6622.72,6594.271
18553,2022-06-25,6341.904,6191.5137
18554,2022-06-26,6312.221,6163.2227
18555,2022-06-27,6697.634,6762.432
18556,2022-06-28,6758.412,6775.724
18557,2022-06-29,6767.8394,6761.1084
18558,2022-06-30,6757.0005,6673.4194
18559,2022-07-01,6696.22,6740.2935
18560,2022-07-02,6396.56,6448.956
18561,2022-07-03,6349.4434,6325.6724
18562,2022-07-04,6742.395,6921.0845
18563,2022-07-05,6797.9937,6814.7407
18564,2022-07-06,6805.5312,6808.6333
18565,2022-07-07,6767.8364,6933.0884
18566,2022-07-08,6676.429,6809.908
18567,2022-07-09,6353.212,6526.326
18568,2022-07-10,6306.567,6207.7886
18569,2022-07-11,6681.6143,6254.9844
18570,2022-07-12,6773.0215,6832.9814
18571,2022-07-13,6785.7427,6819.6787
18572,2022-07-14,6719.7783,6878.2627
18573,2022-07-15,6614.71,6869.5234
18574,2022-07-16,6321.172,6493.7876
18575,2022-07-17,6287.7207,6472.99
18576,2022-07-18,6653.815,7015.568
18577,2022-07-19,6740.51,7069.656
18578,2022-07-20,6739.0957,6760.8687
18579,2022-07-21,6708.9414,6812.969
18580,2022-07-22,6626.017,6728.701
18581,2022-07-23,6342.3755,6382.6753
18582,2022-07-24,6317.8745,6172.3145
18583,2022-07-25,6677.8438,6641.335
18584,2022-07-26,6747.1055,6571.5923
18585,2022-07-27,6734.3857,6749.6733
18586,2022-07-28,6702.8184,6847.575
18587,2022-07-29,6603.8726,6734.085
18588,2022-07-30,6299.0283,6325.5728
18589,2022-07-31,6280.6533,6235.814
18590,2022-08-01,6641.5654,6703.5215
18591,2022-08-02,6686.325,6674.616
18592,2022-08-03,6681.614,6535.162
18593,2022-08-04,6650.0464,6481.2036
18594,2022-08-05,6581.727,6494.644
18595,2022-08-06,6304.2104,6221.2593
18596,2022-08-07,6287.719,6134.0005
18597,2022-08-08,6620.3613,6706.776
18598,2022-08-09,6714.596,6331.053
18599,2022-08-10,6716.9526,6896.6816
18600,2022-06-13,6658.3867,6607.771
18601,2022-06-14,6718.233,6668.43
18602,2022-06-15,6706.924,6746.6987
18603,2022-06-16,6686.661,6619.94
18604,2022-06-17,6544.822,6567.1587
18605,2022-06-18,6255.016,6276.1724
18606,2022-06-19,6316.277,6147.3833
18607,2022-06-20,6725.7715,6500.2524
18608,2022-06-21,6746.0337,6574.184
18609,2022-06-22,6734.254,6625.063
18610,2022-06-23,6731.4263,6634.1035
18611,2022-06-24,6608.9077,6594.271
18612,2022-06-25,6313.448,6191.5137
18613,2022-06-26,6379.8936,6163.2227
18614,2022-06-27,6727.186,6762.432
18615,2022-06-28,6754.9893,6775.724
18616,2022-06-29,6760.172,6761.1084
18617,2022-06-30,6754.517,6673.4194
18618,2022-07-01,6630.584,6740.2935
18619,2022-07-02,6345.02,6448.956
18620,2022-07-03,6375.65,6325.6724
18621,2022-07-04,6715.877,6921.0845
18622,2022-07-05,6757.3457,6814.7407
18623,2022-07-06,6754.0454,6808.6333
18624,2022-07-07,6702.2104,6933.0884
18625,2022-07-08,6566.9673,6809.908
18626,2022-07-09,6296.0137,6526.326
18627,2022-07-10,6330.415,6207.7886
18628,2022-07-11,6668.755,6254.9844
18629,2022-07-12,6714.463,6832.9814
18630,2022-07-13,6705.0376,6819.6787
18631,2022-07-14,6657.4404,6878.2627
18632,2022-07-15,6555.186,6869.5234
18633,2022-07-16,6271.51,6493.7876
18634,2022-07-17,6307.3223,6472.99
18635,2022-07-18,6646.1343,7015.568
18636,2022-07-19,6697.9688,7069.656
18637,2022-07-20,6677.705,6760.8687
18638,2022-07-21,6659.328,6812.969
18639,2022-07-22,6532.5674,6728.701
18640,2022-07-23,6287.061,6382.6753
18641,2022-07-24,6346.9077,6172.3145
18642,2022-07-25,6648.9614,6641.335
18643,2022-07-26,6690.4307,6571.5923
18644,2022-07-27,6687.131,6749.6733
18645,2022-07-28,6658.386,6847.575
18646,2022-07-29,6542.9346,6734.085
18647,2022-07-30,6274.3374,6325.5728
18648,2022-07-31,6334.1836,6235.814
18649,2022-08-01,6649.4316,6703.5215
18650,2022-08-02,6683.3613,6674.616
18651,2022-08-03,6667.339,6535.162
18652,2022-08-04,6664.5117,6481.2036
18653,2022-08-05,6515.605,6494.644
18654,2022-08-06,6275.7524,6221.2593
18655,2022-08-07,6339.3677,6134.0005
18656,2022-08-08,6667.811,6706.776
18657,2022-08-09,6704.0938,6331.053
18658,2022-08-10,6719.174,6896.6816
18659,2022-08-11,6703.1533,7002.168
18660,2022-06-14,6710.2207,6668.43
18661,2022-06-15,6710.692,6746.6987
18662,2022-06-16,6680.5254,6619.94
18663,2022-06-17,6572.1113,6567.1587
18664,2022-06-18,6278.4595,6276.1724
18665,2022-06-19,6269.9756,6147.3833
18666,2022-06-20,6656.9556,6500.2524
18667,2022-06-21,6693.2505,6574.184
18668,2022-06-22,6722.9443,6625.063
18669,2022-06-23,6697.4937,6634.1035
18670,2022-06-24,6634.3306,6594.271
18671,2022-06-25,6319.4673,6191.5137
18672,2022-06-26,6282.7,6163.2227
18673,2022-06-27,6687.5933,6762.432
18674,2022-06-28,6746.987,6775.724
18675,2022-06-29,6731.9043,6761.1084
18676,2022-06-30,6702.678,6673.4194
18677,2022-07-01,6631.0317,6740.2935
18678,2022-07-02,6329.8374,6448.956
18679,2022-07-03,6278.93,6325.6724
18680,2022-07-04,6676.7524,6921.0845
18681,2022-07-05,6757.3555,6814.7407
18682,2022-07-06,6729.074,6808.6333
18683,2022-07-07,6707.8623,6933.0884
18684,2022-07-08,6618.7773,6809.908
18685,2022-07-09,6299.67,6526.326
18686,2022-07-10,6269.9736,6207.7886
18687,2022-07-11,6644.2295,6254.9844
18688,2022-07-12,6706.9194,6832.9814
18689,2022-07-13,6720.5894,6819.6787
18690,2022-07-14,6701.263,6878.2627
18691,2022-07-15,6611.2344,6869.5234
18692,2022-07-16,6330.779,6493.7876
18693,2022-07-17,6284.585,6472.99
18694,2022-07-18,6682.41,7015.568
18695,2022-07-19,6734.732,7069.656
18696,2022-07-20,6709.75,6760.8687
18697,2022-07-21,6678.638,6812.969
18698,2022-07-22,6570.6963,6728.701
18699,2022-07-23,6294.0137,6382.6753
18700,2022-07-24,6273.7417,6172.3145
18701,2022-07-25,6657.9,6641.335
18702,2022-07-26,6728.132,6571.5923
18703,2022-07-27,6725.304,6749.6733
18704,2022-07-28,6663.0854,6847.575
18705,2022-07-29,6570.699,6734.085
18706,2022-07-30,6302.9683,6325.5728
18707,2022-07-31,6264.3184,6235.814
18708,2022-08-01,6644.232,6703.5215
18709,2022-08-02,6694.667,6674.616
18710,2022-08-03,6686.18,6535.162
18711,2022-08-04,6665.4414,6481.2036
18712,2022-08-05,6553.259,6494.644
18713,2022-08-06,6286.9434,6221.2593
18714,2022-08-07,6273.7437,6134.0005
18715,2022-08-08,6645.1743,6706.776
18716,2022-08-09,6689.009,6331.053
18717,2022-08-10,6714.933,6896.6816
18718,2022-08-11,6680.054,7002.168
18719,2022-08-12,6569.284,7050.8447
18720,2022-06-15,6650.1377,6746.6987
18721,2022-06-16,6619.4927,6619.94
18722,2022-06-17,6523.32,6567.1587
18723,2022-06-18,6243.281,6276.1724
18724,2022-06-19,6246.111,6147.3833
18725,2022-06-20,6640.237,6500.2524
18726,2022-06-21,6670.4077,6574.184
18727,2022-06-22,6668.5215,6625.063
18728,2022-06-23,6662.392,6634.1035
18729,2022-06-24,6598.2754,6594.271
18730,2022-06-25,6332.8555,6191.5137
18731,2022-06-26,6347.942,6163.2227
18732,2022-06-27,6681.721,6762.432
18733,2022-06-28,6709.0654,6775.724
18734,2022-06-29,6696.8076,6761.1084
18735,2022-06-30,6702.9375,6673.4194
18736,2022-07-01,6613.835,6740.2935
18737,2022-07-02,6327.1973,6448.956
18738,2022-07-03,6327.1987,6325.6724
18739,2022-07-04,6666.163,6921.0845
18740,2022-07-05,6709.538,6814.7407
18741,2022-07-06,6714.2515,6808.6333
18742,2022-07-07,6705.766,6933.0884
18743,2022-07-08,6600.634,6809.908
18744,2022-07-09,6332.385,6526.326
18745,2022-07-10,6328.142,6207.7886
18746,2022-07-11,6677.478,6254.9844
18747,2022-07-12,6720.379,6832.9814
18748,2022-07-13,6703.878,6819.6787
18749,2022-07-14,6681.72,6878.2627
18750,2022-07-15,6582.2495,6869.5234
18751,2022-07-16,6304.5693,6493.7876
18752,2022-07-17,6289.9556,6472.99
18753,2022-07-18,6656.264,7015.568
18754,2022-07-19,6690.209,7069.656
18755,2022-07-20,6677.949,6760.8687
18756,2022-07-21,6633.6357,6812.969
18757,2022-07-22,6512.4746,6728.701
18758,2022-07-23,6262.1406,6382.6753
18759,2022-07-24,6292.7837,6172.3145
18760,2022-07-25,6629.8623,6641.335
18761,2022-07-26,6668.993,6571.5923
18762,2022-07-27,6661.922,6749.6733
18763,2022-07-28,6620.905,6847.575
18764,2022-07-29,6501.159,6734.085
18765,2022-07-30,6245.169,6325.5728
18766,2022-07-31,6282.884,6235.814
18767,2022-08-01,6631.2783,6703.5215
18768,2022-08-02,6674.1777,6674.616
18769,2022-08-03,6656.2637,6535.162
18770,2022-08-04,6637.4077,6481.2036
18771,2022-08-05,6532.7476,6494.644
18772,2022-08-06,6307.8706,6221.2593
18773,2022-08-07,6346.529,6134.0005
18774,2022-08-08,6672.764,6706.776
18775,2022-08-09,6690.209,6331.053
18776,2022-08-10,6694.922,6896.6816
18777,2022-08-11,6682.665,7002.168
18778,2022-08-12,6558.677,7050.8447
18779,2022-08-13,6327.6704,6501.6016
18780,2022-06-16,6707.065,6619.94
18781,2022-06-17,6634.92,6567.1587
18782,2022-06-18,6329.8394,6276.1724
18783,2022-06-19,6249.2075,6147.3833
18784,2022-06-20,6681.6,6500.2524
18785,2022-06-21,6735.8276,6574.184
18786,2022-06-22,6729.2256,6625.063
18787,2022-06-23,6705.177,6634.1035
18788,2022-06-24,6644.3496,6594.271
18789,2022-06-25,6346.813,6191.5137
18790,2022-06-26,6254.3936,6163.2227
18791,2022-06-27,6681.601,6762.432
18792,2022-06-28,6743.371,6775.724
18793,2022-06-29,6734.885,6761.1084
18794,2022-06-30,6724.511,6673.4194
18795,2022-07-01,6682.5444,6740.2935
18796,2022-07-02,6349.172,6448.956
18797,2022-07-03,6254.8643,6325.6724
18798,2022-07-04,6683.0156,6921.0845
18799,2022-07-05,6739.6006,6814.7407
18800,2022-07-06,6722.152,6808.6333
18801,2022-07-07,6732.0557,6933.0884
18802,2022-07-08,6672.1714,6809.908
18803,2022-07-09,6348.228,6526.326
18804,2022-07-10,6273.726,6207.7886
18805,2022-07-11,6707.534,6254.9844
18806,2022-07-12,6759.406,6832.9814
18807,2022-07-13,6748.5596,6819.6787
18808,2022-07-14,6717.9087,6878.2627
18809,2022-07-15,6650.0073,6869.5234
18810,2022-07-16,6344.928,6493.7876
18811,2022-07-17,6278.9136,6472.99
18812,2022-07-18,6683.013,7015.568
18813,2022-07-19,6733.4683,7069.656
18814,2022-07-20,6731.1113,6760.8687
18815,2022-07-21,6719.795,6812.969
18816,2022-07-22,6636.8057,6728.701
18817,2022-07-23,6327.9526,6382.6753
18818,2022-07-24,6265.239,6172.3145
18819,2022-07-25,6696.6895,6641.335
18820,2022-07-26,6745.2583,6571.5923
18821,2022-07-27,6737.713,6749.6733
18822,2022-07-28,6716.023,6847.575
18823,2022-07-29,6621.247,6734.085
18824,2022-07-30,6327.4805,6325.5728
18825,2022-07-31,6292.589,6235.814
18826,2022-08-01,6698.105,6703.5215
18827,2022-08-02,6765.062,6674.616
18828,2022-08-03,6754.2183,6535.162
18829,2022-08-04,6728.2837,6481.2036
18830,2022-08-05,6641.051,6494.644
18831,2022-08-06,6325.1255,6221.2593
18832,2022-08-07,6295.889,6134.0005
18833,2022-08-08,6699.991,6706.776
18834,2022-08-09,6776.38,6331.053
18835,2022-08-10,6772.608,6896.6816
18836,2022-08-11,6755.632,7002.168
18837,2022-08-12,6666.04,7050.8447
18838,2022-08-13,6358.602,6501.6016
18839,2022-08-14,6318.993,6308.7007
18840,2022-06-17,6480.7417,6567.1587
18841,2022-06-18,6219.004,6276.1724
18842,2022-06-19,6225.607,6147.3833
18843,2022-06-20,6581.196,6500.2524
18844,2022-06-21,6613.2627,6574.184
18845,2022-06-22,6636.8433,6625.063
18846,2022-06-23,6634.486,6634.1035
18847,2022-06-24,6519.413,6594.271
18848,2022-06-25,6278.897,6191.5137
18849,2022-06-26,6311.438,6163.2227
18850,2022-06-27,6653.8193,6762.432
18851,2022-06-28,6691.5493,6775.724
18852,2022-06-29,6695.793,6761.1084
18853,2022-06-30,6674.572,6673.4194
18854,2022-07-01,6551.013,6740.2935
18855,2022-07-02,6294.4604,6448.956
18856,2022-07-03,6321.813,6325.6724
18857,2022-07-04,6662.3086,6921.0845
18858,2022-07-05,6709.9414,6814.7407
18859,2022-07-06,6729.75,6808.6333
18860,2022-07-07,6719.3735,6933.0884
18861,2022-07-08,6594.87,6809.908
18862,2022-07-09,6322.2856,6526.326
18863,2022-07-10,6347.2783,6207.7886
18864,2022-07-11,6677.871,6254.9844
18865,2022-07-12,6722.2,6832.9814
18866,2022-07-13,6727.3887,6819.6787
18867,2022-07-14,6713.2417,6878.2627
18868,2022-07-15,6589.2104,6869.5234
18869,2022-07-16,6298.705,6493.7876
18870,2022-07-17,6316.1543,6472.99
18871,2022-07-18,6659.48,7015.568
18872,2022-07-19,6698.1504,7069.656
18873,2022-07-20,6694.378,6760.8687
18874,2022-07-21,6680.7017,6812.969
18875,2022-07-22,6559.5015,6728.701
18876,2022-07-23,6277.482,6382.6753
18877,2022-07-24,6308.136,6172.3145
18878,2022-07-25,6663.7246,6641.335
18879,2022-07-26,6698.6235,6571.5923
18880,2022-07-27,6687.7754,6749.6733
18881,2022-07-28,6654.7627,6847.575
18882,2022-07-29,6546.2954,6734.085
18883,2022-07-30,6276.0684,6325.5728
18884,2022-07-31,6295.875,6235.814
18885,2022-08-01,6628.8257,6703.5215
18886,2022-08-02,6665.609,6674.616
18887,2022-08-03,6672.6836,6535.162
18888,2022-08-04,6621.281,6481.2036
18889,2022-08-05,6503.852,6494.644
18890,2022-08-06,6269.466,6221.2593
18891,2022-08-07,6292.1025,6134.0005
18892,2022-08-08,6621.7524,6706.776
18893,2022-08-09,6675.0444,6331.053
18894,2022-08-10,6666.0825,6896.6816
18895,2022-08-11,6653.8193,7002.168
18896,2022-08-12,6539.6924,7050.8447
18897,2022-08-13,6276.54,6501.6016
18898,2022-08-14,6295.402,6308.7007
18899,2022-08-15,6659.007,6894.875
18900,2022-06-18,6228.3174,6276.1724
18901,2022-06-19,6162.755,6147.3833
18902,2022-06-20,6616.967,6500.2524
18903,2022-06-21,6660.36,6574.184
18904,2022-06-22,6669.7944,6625.063
18905,2022-06-23,6640.5474,6634.1035
18906,2022-06-24,6575.933,6594.271
18907,2022-06-25,6278.3125,6191.5137
18908,2022-06-26,6192.4707,6163.2227
18909,2022-06-27,6608.4795,6762.432
18910,2022-06-28,6651.871,6775.724
18911,2022-06-29,6662.72,6761.1084
18912,2022-06-30,6633.0044,6673.4194
18913,2022-07-01,6599.9883,6740.2935
18914,2022-07-02,6288.2173,6448.956
18915,2022-07-03,6203.3184,6325.6724
18916,2022-07-04,6624.0425,6921.0845
18917,2022-07-05,6664.6064,6814.7407
18918,2022-07-06,6675.4556,6808.6333
18919,2022-07-07,6671.21,6933.0884
18920,2022-07-08,6599.9883,6809.908
18921,2022-07-09,6292.4614,6526.326
18922,2022-07-10,6219.3545,6207.7886
18923,2022-07-11,6637.25,6254.9844
18924,2022-07-12,6660.361,6832.9814
18925,2022-07-13,6667.9067,6819.6787
18926,2022-07-14,6663.1924,6878.2627
18927,2022-07-15,6600.9307,6869.5234
18928,2022-07-16,6282.085,6493.7876
18929,2022-07-17,6214.1655,6472.99
18930,2022-07-18,6635.361,7015.568
18931,2022-07-19,6674.0405,7069.656
18932,2022-07-20,6646.2104,6760.8687
18933,2022-07-21,6622.629,6812.969
18934,2022-07-22,6557.54,6728.701
18935,2022-07-23,6257.0874,6382.6753
18936,2022-07-24,6187.753,6172.3145
18937,2022-07-25,6605.1763,6641.335
18938,2022-07-26,6664.1333,6571.5923
18939,2022-07-27,6657.531,6749.6733
18940,2022-07-28,6622.6294,6847.575
18941,2022-07-29,6568.386,6734.085
18942,2022-07-30,6267.465,6325.5728
18943,2022-07-31,6191.055,6235.814
18944,2022-08-01,6606.591,6703.5215
18945,2022-08-02,6669.3213,6674.616
18946,2022-08-03,6671.21,6535.162
18947,2022-08-04,6657.0605,6481.2036
18948,2022-08-05,6577.3486,6494.644
18949,2022-08-06,6273.125,6221.2593
18950,2022-08-07,6226.9004,6134.0005
18951,2022-08-08,6629.2324,6706.776
18952,2022-08-09,6672.152,6331.053
18953,2022-08-10,6659.4175,6896.6816
18954,2022-08-11,6666.4917,7002.168
18955,2022-08-12,6604.7056,7050.8447
18956,2022-08-13,6296.2363,6501.6016
18957,2022-08-14,6246.24,6308.7007
18958,2022-08-15,6633.476,6894.875
18959,2022-08-16,6667.908,6832.37
18960,2022-06-19,6159.7036,6147.3833
18961,2022-06-20,6612.518,6500.2524
18962,2022-06-21,6665.819,6574.184
18963,2022-06-22,6659.685,6625.063
18964,2022-06-23,6649.78,6634.1035
18965,2022-06-24,6611.102,6594.271
18966,2022-06-25,6302.149,6191.5137
18967,2022-06-26,6211.588,6163.2227
18968,2022-06-27,6660.156,6762.432
18969,2022-06-28,6699.3057,6775.724
18970,2022-06-29,6707.326,6761.1084
18971,2022-06-30,6697.418,6673.4194
18972,2022-07-01,6653.0825,6740.2935
18973,2022-07-02,6347.4316,6448.956
18974,2022-07-03,6265.3594,6325.6724
18975,2022-07-04,6663.459,6921.0845
18976,2022-07-05,6713.458,6814.7407
18977,2022-07-06,6694.59,6808.6333
18978,2022-07-07,6691.76,6933.0884
18979,2022-07-08,6653.554,6809.908
18980,2022-07-09,6354.0337,6526.326
18981,2022-07-10,6233.757,6207.7886
18982,2022-07-11,6661.1006,6254.9844
18983,2022-07-12,6721.002,6832.9814
18984,2022-07-13,6745.5293,6819.6787
18985,2022-07-14,6739.4004,6878.2627
18986,2022-07-15,6687.045,6869.5234
18987,2022-07-16,6365.3555,6493.7876
18988,2022-07-17,6246.4917,6472.99
18989,2022-07-18,6674.7793,7015.568
18990,2022-07-19,6708.7393,7069.656
18991,2022-07-20,6683.2705,6760.8687
18992,2022-07-21,6700.25,6812.969
18993,2022-07-22,6639.875,6728.701
18994,2022-07-23,6325.733,6382.6753
18995,2022-07-24,6214.89,6172.3145
18996,2022-07-25,6646.9507,6641.335
18997,2022-07-26,6706.379,6571.5923
18998,2022-07-27,6712.041,6749.6733
18999,2022-07-28,6687.044,6847.575
19000,2022-07-29,6631.384,6734.085
19001,2022-07-30,6308.2817,6325.5728
19002,2022-07-31,6201.681,6235.814
19003,2022-08-01,6629.0254,6703.5215
19004,2022-08-02,6701.663,6674.616
19005,2022-08-03,6684.21,6535.162
19006,2022-08-04,6685.155,6481.2036
19007,2022-08-05,6619.59,6494.644
19008,2022-08-06,6304.0356,6221.2593
19009,2022-08-07,6229.9824,6134.0005
19010,2022-08-08,6646.95,6706.776
19011,2022-08-09,6722.419,6331.053
19012,2022-08-10,6705.437,6896.6816
19013,2022-08-11,6683.2676,7002.168
19014,2022-08-12,6637.043,7050.8447
19015,2022-08-13,6326.677,6501.6016
19016,2022-08-14,6253.094,6308.7007
19017,2022-08-15,6671.006,6894.875
19018,2022-08-16,6744.589,6832.37
19019,2022-08-17,6745.0586,6919.016
19020,2022-06-20,6588.2095,6500.2524
19021,2022-06-21,6635.3833,6574.184
19022,2022-06-22,6629.7217,6625.063
19023,2022-06-23,6605.1924,6634.1035
19024,2022-06-24,6572.6406,6594.271
19025,2022-06-25,6281.1133,6191.5137
19026,2022-06-26,6195.2583,6163.2227
19027,2022-06-27,6633.9673,6762.432
19028,2022-06-28,6689.632,6775.724
19029,2022-06-29,6702.3667,6761.1084
19030,2022-06-30,6698.595,6673.4194
19031,2022-07-01,6635.8535,6740.2935
19032,2022-07-02,6337.7207,6448.956
19033,2022-07-03,6245.2593,6325.6724
19034,2022-07-04,6678.3096,6921.0845
19035,2022-07-05,6746.7104,6814.7407
19036,2022-07-06,6732.56,6808.6333
19037,2022-07-07,6708.0327,6933.0884
19038,2022-07-08,6676.8955,6809.908
19039,2022-07-09,6358.4756,6526.326
19040,2022-07-10,6228.7505,6207.7886
19041,2022-07-11,6664.6313,6254.9844
19042,2022-07-12,6720.7656,6832.9814
19043,2022-07-13,6711.8027,6819.6787
19044,2022-07-14,6678.783,6878.2627
19045,2022-07-15,6622.1763,6869.5234
19046,2022-07-16,6301.3965,6493.7876
19047,2022-07-17,6191.483,6472.99
19048,2022-07-18,6613.2124,7015.568
19049,2022-07-19,6671.236,7069.656
19050,2022-07-20,6677.3677,6760.8687
19051,2022-07-21,6649.063,6812.969
19052,2022-07-22,6609.91,6728.701
19053,2022-07-23,6305.1704,6382.6753
19054,2022-07-24,6198.5596,6172.3145
19055,2022-07-25,6614.1543,6641.335
19056,2022-07-26,6663.216,6571.5923
19057,2022-07-27,6660.8564,6749.6733
19058,2022-07-28,6641.5137,6847.575
19059,2022-07-29,6576.4155,6734.085
19060,2022-07-30,6279.2256,6325.5728
19061,2022-07-31,6188.6523,6235.814
19062,2022-08-01,6599.531,6703.5215
19063,2022-08-02,6650.476,6674.616
19064,2022-08-03,6643.873,6535.162
19065,2022-08-04,6625.475,6481.2036
19066,2022-08-05,6566.9814,6494.644
19067,2022-08-06,6260.357,6221.2593
19068,2022-08-07,6181.105,6134.0005
19069,2022-08-08,6598.588,6706.776
19070,2022-08-09,6659.44,6331.053
19071,2022-08-10,6667.46,6896.6816
19072,2022-08-11,6649.535,7002.168
19073,2022-08-12,6580.661,7050.8447
19074,2022-08-13,6287.245,6501.6016
19075,2022-08-14,6210.8213,6308.7007
19076,2022-08-15,6617.929,6894.875
19077,2022-08-16,6663.2144,6832.37
19078,2022-08-17,6674.065,6919.016
19079,2022-08-18,6651.4224,6906.066
19080,2022-06-21,6675.83,6574.184
19081,2022-06-22,6665.4487,6625.063
19082,2022-06-23,6615.9033,6634.1035
19083,2022-06-24,6562.5825,6594.271
19084,2022-06-25,6286.5425,6191.5137
19085,2022-06-26,6196.416,6163.2227
19086,2022-06-27,6611.1836,6762.432
19087,2022-06-28,6688.567,6775.724
19088,2022-06-29,6687.625,6761.1084
19089,2022-06-30,6672.997,6673.4194
19090,2022-07-01,6632.417,6740.2935
19091,2022-07-02,6346.4688,6448.956
19092,2022-07-03,6243.601,6325.6724
19093,2022-07-04,6653.1787,6921.0845
19094,2022-07-05,6701.779,6814.7407
19095,2022-07-06,6699.42,6808.6333
19096,2022-07-07,6681.491,6933.0884
19097,2022-07-08,6631.4736,6809.908
19098,2022-07-09,6347.4126,6526.326
19099,2022-07-10,6218.121,6207.7886
19100,2022-07-11,6629.5845,6254.9844
19101,2022-07-12,6678.1875,6832.9814
19102,2022-07-13,6665.9204,6819.6787
19103,2022-07-14,6642.3267,6878.2627
19104,2022-07-15,6575.3223,6869.5234
19105,2022-07-16,6260.118,6493.7876
19106,2022-07-17,6182.2607,6472.99
19107,2022-07-18,6612.5986,7015.568
19108,2022-07-19,6662.616,7069.656
19109,2022-07-20,6662.145,6760.8687
19110,2022-07-21,6644.687,6812.969
19111,2022-07-22,6561.638,6728.701
19112,2022-07-23,6288.43,6382.6753
19113,2022-07-24,6188.395,6172.3145
19114,2022-07-25,6593.725,6641.335
19115,2022-07-26,6652.706,6571.5923
19116,2022-07-27,6626.2827,6749.6733
19117,2022-07-28,6593.725,6847.575
19118,2022-07-29,6529.5513,6734.085
19119,2022-07-30,6228.0317,6325.5728
19120,2022-07-31,6162.915,6235.814
19121,2022-08-01,6554.089,6703.5215
19122,2022-08-02,6625.81,6674.616
19123,2022-08-03,6624.3945,6535.162
19124,2022-08-04,6603.162,6481.2036
19125,2022-08-05,6552.6733,6494.644
19126,2022-08-06,6257.2876,6221.2593
19127,2022-08-07,6195.002,6134.0005
19128,2022-08-08,6597.4985,6706.776
19129,2022-08-09,6639.495,6331.053
19130,2022-08-10,6632.417,6896.6816
19131,2022-08-11,6629.5864,7002.168
19132,2022-08-12,6551.2573,7050.8447
19133,2022-08-13,6254.4556,6501.6016
19134,2022-08-14,6203.495,6308.7007
19135,2022-08-15,6606.4644,6894.875
19136,2022-08-16,6676.2993,6832.37
19137,2022-08-17,6678.1875,6919.016
19138,2022-08-18,6658.8413,6906.066
19139,2022-08-19,6589.4785,6860.7544
19140,2022-06-22,6611.4673,6625.063
19141,2022-06-23,6597.3105,6634.1035
19142,2022-06-24,6542.0977,6594.271
19143,2022-06-25,6240.0723,6191.5137
19144,2022-06-26,6191.939,6163.2227
19145,2022-06-27,6627.0405,6762.432
19146,2022-06-28,6652.0513,6775.724
19147,2022-06-29,6651.108,6761.1084
19148,2022-06-30,6640.255,6673.4194
19149,2022-07-01,6605.333,6740.2935
19150,2022-07-02,6305.6694,6448.956
19151,2022-07-03,6233.465,6325.6724
19152,2022-07-04,6650.6367,6921.0845
19153,2022-07-05,6694.996,6814.7407
19154,2022-07-06,6710.569,6808.6333
19155,2022-07-07,6679.4243,6933.0884
19156,2022-07-08,6637.4224,6809.908
19157,2022-07-09,6329.2656,6526.326
19158,2022-07-10,6239.6,6207.7886
19159,2022-07-11,6645.917,6254.9844
19160,2022-07-12,6686.9736,6832.9814
19161,2022-07-13,6691.692,6819.6787
19162,2022-07-14,6681.7817,6878.2627
19163,2022-07-15,6613.8267,6869.5234
19164,2022-07-16,6316.997,6493.7876
19165,2022-07-17,6217.8945,6472.99
19166,2022-07-18,6624.209,7015.568
19167,2022-07-19,6686.9717,7069.656
19168,2022-07-20,6678.95,6760.8687
19169,2022-07-21,6640.2544,6812.969
19170,2022-07-22,6579.8486,6728.701
19171,2022-07-23,6302.3687,6382.6753
19172,2022-07-24,6220.725,6172.3145
19173,2022-07-25,6629.873,6641.335
19174,2022-07-26,6680.839,6571.5923
19175,2022-07-27,6669.5127,6749.6733
19176,2022-07-28,6635.536,6847.575
19177,2022-07-29,6556.726,6734.085
19178,2022-07-30,6280.187,6325.5728
19179,2022-07-31,6208.456,6235.814
19180,2022-08-01,6588.8154,6703.5215
19181,2022-08-02,6636.48,6674.616
19182,2022-08-03,6631.7593,6535.162
19183,2022-08-04,6615.7163,6481.2036
19184,2022-08-05,6561.918,6494.644
19185,2022-08-06,6292.455,6221.2593
19186,2022-08-07,6208.4556,6134.0005
19187,2022-08-08,6603.4473,6706.776
19188,2022-08-09,6661.02,6331.053
19189,2022-08-10,6655.8276,6896.6816
19190,2022-08-11,6641.1987,7002.168
19191,2022-08-12,6584.0977,7050.8447
19192,2022-08-13,6319.355,6501.6016
19193,2022-08-14,6234.882,6308.7007
19194,2022-08-15,6588.344,6894.875
19195,2022-08-16,6668.5693,6832.37
19196,2022-08-17,6674.705,6919.016
19197,2022-08-18,6639.7837,6906.066
19198,2022-08-19,6582.208,6860.7544
19199,2022-08-20,6326.4346,6497.6953
19200,2022-06-23,6606.14,6634.1035
19201,2022-06-24,6579.237,6594.271
19202,2022-06-25,6282.3706,6191.5137
19203,2022-06-26,6169.0967,6163.2227
19204,2022-06-27,6608.0264,6762.432
19205,2022-06-28,6666.552,6775.724
19206,2022-06-29,6667.9688,6761.1084
19207,2022-06-30,6655.223,6673.4194
19208,2022-07-01,6625.964,6740.2935
19209,2022-07-02,6310.688,6448.956
19210,2022-07-03,6187.5044,6325.6724
19211,2022-07-04,6624.5464,6921.0845
19212,2022-07-05,6672.215,6814.7407
19213,2022-07-06,6691.5664,6808.6333
19214,2022-07-07,6687.3154,6933.0884
19215,2022-07-08,6634.458,6809.908
19216,2022-07-09,6310.217,6526.326
19217,2022-07-10,6185.6157,6207.7886
19218,2022-07-11,6615.1074,6254.9844
19219,2022-07-12,6659.0,6832.9814
19220,2022-07-13,6654.75,6819.6787
19221,2022-07-14,6633.985,6878.2627
19222,2022-07-15,6589.1475,6869.5234
19223,2022-07-16,6268.6816,6493.7876
19224,2022-07-17,6152.1094,6472.99
19225,2022-07-18,6600.947,7015.568
19226,2022-07-19,6651.9214,7069.656
19227,2022-07-20,6642.9536,6760.8687
19228,2022-07-21,6616.995,6812.969
19229,2022-07-22,6542.425,6728.701
19230,2022-07-23,6247.917,6382.6753
19231,2022-07-24,6138.42,6172.3145
19232,2022-07-25,6545.727,6641.335
19233,2022-07-26,6603.78,6571.5923
19234,2022-07-27,6603.3076,6749.6733
19235,2022-07-28,6591.982,6847.575
19236,2022-07-29,6553.2793,6734.085
19237,2022-07-30,6251.692,6325.5728
19238,2022-07-31,6161.5474,6235.814
19239,2022-08-01,6583.9575,6703.5215
19240,2022-08-02,6650.5044,6674.616
19241,2022-08-03,6660.4175,6535.162
19242,2022-08-04,6639.6475,6481.2036
19243,2022-08-05,6573.1025,6494.644
19244,2022-08-06,6267.7383,6221.2593
19245,2022-08-07,6176.176,6134.0005
19246,2022-08-08,6583.956,6706.776
19247,2022-08-09,6671.273,6331.053
19248,2022-08-10,6682.5977,6896.6816
19249,2022-08-11,6646.73,7002.168
19250,2022-08-12,6593.8706,7050.8447
19251,2022-08-13,6288.5073,6501.6016
19252,2022-08-14,6221.9575,6308.7007
19253,2022-08-15,6636.817,6894.875
19254,2022-08-16,6687.7886,6832.37
19255,2022-08-17,6707.6123,6919.016
19256,2022-08-18,6691.094,6906.066
19257,2022-08-19,6629.268,6860.7544
19258,2022-08-20,6339.9507,6497.6953
19259,2022-08-21,6244.142,6135.005
19260,2022-06-24,6566.8745,6594.271
19261,2022-06-25,6254.3926,6191.5137
19262,2022-06-26,6170.8423,6163.2227
19263,2022-06-27,6588.5864,6762.432
19264,2022-06-28,6622.574,6775.724
19265,2022-06-29,6653.256,6761.1084
19266,2022-06-30,6664.1113,6673.4194
19267,2022-07-01,6628.7095,6740.2935
19268,2022-07-02,6311.9814,6448.956
19269,2022-07-03,6211.909,6325.6724
19270,2022-07-04,6612.189,6921.0845
19271,2022-07-05,6654.1973,6814.7407
19272,2022-07-06,6659.39,6808.6333
19273,2022-07-07,6639.0938,6933.0884
19274,2022-07-08,6572.0674,6809.908
19275,2022-07-09,6269.025,6526.326
19276,2022-07-10,6189.2524,6207.7886
19277,2022-07-11,6595.197,6254.9844
19278,2022-07-12,6637.207,6832.9814
19279,2022-07-13,6632.4873,6819.6787
19280,2022-07-14,6630.128,6878.2627
19281,2022-07-15,6554.129,6869.5234
19282,2022-07-16,6265.248,6493.7876
19283,2022-07-17,6201.997,6472.99
19284,2022-07-18,6598.9717,7015.568
19285,2022-07-19,6634.8467,7069.656
19286,2022-07-20,6613.607,6760.8687
19287,2022-07-21,6596.6123,6812.969
19288,2022-07-22,6526.752,6728.701
19289,2022-07-23,6230.3184,6382.6753
19290,2022-07-24,6159.041,6172.3145
19291,2022-07-25,6557.433,6641.335
19292,2022-07-26,6596.6113,6571.5923
19293,2022-07-27,6596.142,6749.6733
19294,2022-07-28,6574.9,6847.575
19295,2022-07-29,6527.6963,6734.085
19296,2022-07-30,6242.1187,6325.5728
19297,2022-07-31,6170.369,6235.814
19298,2022-08-01,6533.8325,6703.5215
19299,2022-08-02,6581.507,6674.616
19300,2022-08-03,6586.699,6535.162
19301,2022-08-04,6567.3467,6481.2036
19302,2022-08-05,6508.8164,6494.644
19303,2022-08-06,6232.6777,6221.2593
19304,2022-08-07,6175.091,6134.0005
19305,2022-08-08,6540.442,6706.776
19306,2022-08-09,6597.5576,6331.053
19307,2022-08-10,6578.2036,6896.6816
19308,2022-08-11,6582.9243,7002.168
19309,2022-08-12,6527.223,7050.8447
19310,2022-08-13,6256.28,6501.6016
19311,2022-08-14,6188.3086,6308.7007
19312,2022-08-15,6558.8506,6894.875
19313,2022-08-16,6597.0825,6832.37
19314,2022-08-17,6605.5806,6919.016
19315,2022-08-18,6586.699,6906.066
19316,2022-08-19,6514.9517,6860.7544
19317,2022-08-20,6251.562,6497.6953
19318,2022-08-21,6185.9473,6135.005
19319,2022-08-22,6589.0605,6695.5205
19320,2022-06-25,6249.51,6191.5137
19321,2022-06-26,6156.9814,6163.2227
19322,2022-06-27,6582.803,6762.432
19323,2022-06-28,6629.069,6775.724
19324,2022-06-29,6639.457,6761.1084
19325,2022-06-30,6638.04,6673.4194
19326,2022-07-01,6609.715,6740.2935
19327,2022-07-02,6290.5806,6448.956
19328,2022-07-03,6190.4995,6325.6724
19329,2022-07-04,6611.602,6921.0845
19330,2022-07-05,6651.257,6814.7407
19331,2022-07-06,6657.8677,6808.6333
19332,2022-07-07,6653.62,6933.0884
19333,2022-07-08,6648.426,6809.908
19334,2022-07-09,6301.4395,6526.326
19335,2022-07-10,6181.9985,6207.7886
19336,2022-07-11,6596.0225,6254.9844
19337,2022-07-12,6645.591,6832.9814
19338,2022-07-13,6647.48,6819.6787
19339,2022-07-14,6636.621,6878.2627
19340,2022-07-15,6612.073,6869.5234
19341,2022-07-16,6283.5,6493.7876
19342,2022-07-17,6168.3086,6472.99
19343,2022-07-18,6620.57,7015.568
19344,2022-07-19,6654.089,7069.656
19345,2022-07-20,6660.2285,6760.8687
19346,2022-07-21,6641.344,6812.969
19347,2022-07-22,6571.9487,6728.701
19348,2022-07-23,6271.2256,6382.6753
19349,2022-07-24,6165.005,6172.3145
19350,2022-07-25,6604.52,6641.335
19351,2022-07-26,6646.538,6571.5923
19352,2022-07-27,6645.594,6749.6733
19353,2022-07-28,6626.236,6847.575
19354,2022-07-29,6575.7227,6734.085
19355,2022-07-30,7157.337,6325.5728
19356,2022-07-31,6153.6763,6235.814
19357,2022-08-01,6573.3643,6703.5215
19358,2022-08-02,6615.38,6674.616
19359,2022-08-03,6613.0186,6535.162
19360,2022-08-04,6577.6113,6481.2036
19361,2022-08-05,6535.596,6494.644
19362,2022-08-06,6249.036,6221.2593
19363,2022-08-07,6162.1733,6134.0005
19364,2022-08-08,6579.9736,6706.776
19365,2022-08-09,6638.5117,6331.053
19366,2022-08-10,6609.7144,6896.6816
19367,2022-08-11,6596.495,7002.168
19368,2022-08-12,6565.337,7050.8447
19369,2022-08-13,6256.5894,6501.6016
19370,2022-08-14,6179.64,6308.7007
19371,2022-08-15,6602.6333,6894.875
19372,2022-08-16,6642.7607,6832.37
19373,2022-08-17,6655.0356,6919.016
19374,2022-08-18,6636.6235,6906.066
19375,2022-08-19,6593.6646,6860.7544
19376,2022-08-20,6292.942,6497.6953
19377,2022-08-21,6202.299,6135.005
19378,2022-08-22,6625.2925,6695.5205
19379,2022-08-23,6675.335,6685.1035
19380,2022-06-26,7005.3423,6163.2227
19381,2022-06-27,6556.3857,6762.432
19382,2022-06-28,6611.1504,6775.724
19383,2022-06-29,6622.007,6761.1084
19384,2022-06-30,6597.4575,6673.4194
19385,2022-07-01,6551.665,6740.2935
19386,2022-07-02,6247.64,6448.956
19387,2022-07-03,6130.5605,6325.6724
19388,2022-07-04,6565.355,6921.0845
19389,2022-07-05,6622.477,6814.7407
19390,2022-07-06,6626.726,6808.6333
19391,2022-07-07,6624.365,6933.0884
19392,2022-07-08,6590.848,6809.908
19393,2022-07-09,6270.7705,6526.326
19394,2022-07-10,6161.244,6207.7886
19395,2022-07-11,6578.1,6254.9844
19396,2022-07-12,6639.476,6832.9814
19397,2022-07-13,6648.445,6819.6787
19398,2022-07-14,6632.8657,6878.2627
19399,2022-07-15,6606.428,6869.5234
19400,2022-07-16,6302.4004,6493.7876
19401,2022-07-17,6187.6836,6472.99
19402,2022-07-18,6609.26,7015.568
19403,2022-07-19,6673.9375,7069.656
19404,2022-07-20,6681.962,6760.8687
19405,2022-07-21,6660.7188,6812.969
19406,2022-07-22,6601.705,6728.701
19407,2022-07-23,6300.985,6382.6753
19408,2022-07-24,6173.52,6172.3145
19409,2022-07-25,6583.295,6641.335
19410,2022-07-26,6655.5254,6571.5923
19411,2022-07-27,6647.969,6749.6733
19412,2022-07-28,6631.9194,6847.575
19413,2022-07-29,6581.8774,6734.085
19414,2022-07-30,6262.2725,6325.5728
19415,2022-07-31,6166.91,6235.814
19416,2022-08-01,6574.7964,6703.5215
19417,2022-08-02,6644.195,6674.616
19418,2022-08-03,6631.92,6535.162
19419,2022-08-04,6622.4795,6481.2036
19420,2022-08-05,6579.045,6494.644
19421,2022-08-06,6256.608,6221.2593
19422,2022-08-07,6165.496,6134.0005
19423,2022-08-08,6569.6045,6706.776
19424,2022-08-09,6644.666,6331.053
19425,2022-08-10,6650.804,6896.6816
19426,2022-08-11,6627.2,7002.168
19427,2022-08-12,6573.381,7050.8447
19428,2022-08-13,6282.5737,6501.6016
19429,2022-08-14,6182.4907,6308.7007
19430,2022-08-15,6605.01,6894.875
19431,2022-08-16,6688.1,6832.37
19432,2022-08-17,6691.877,6919.016
19433,2022-08-18,6679.1294,6906.066
19434,2022-08-19,6626.727,6860.7544
19435,2022-08-20,6304.761,6497.6953
19436,2022-08-21,6196.181,6135.005
19437,2022-08-22,6614.926,6695.5205
19438,2022-08-23,6682.9077,6685.1035
19439,2022-08-24,6681.49,6685.166
19440,2022-06-27,6596.226,6762.432
19441,2022-06-28,6629.2764,6775.724
19442,2022-06-29,6636.359,6761.1084
19443,2022-06-30,6643.442,6673.4194
19444,2022-07-01,6609.9194,6740.2935
19445,2022-07-02,6291.6987,6448.956
19446,2022-07-03,6206.2417,6325.6724
19447,2022-07-04,6611.3354,6921.0845
19448,2022-07-05,6649.58,6814.7407
19449,2022-07-06,6657.134,6808.6333
19450,2022-07-07,6658.076,6933.0884
19451,2022-07-08,6622.1943,6809.908
19452,2022-07-09,6294.533,6526.326
19453,2022-07-10,6194.9106,6207.7886
19454,2022-07-11,6609.918,6254.9844
19455,2022-07-12,6654.3,6832.9814
19456,2022-07-13,6658.5483,6819.6787
19457,2022-07-14,6627.3867,6878.2627
19458,2022-07-15,6558.927,6869.5234
19459,2022-07-16,6254.398,6493.7876
19460,2022-07-17,6156.666,6472.99
19461,2022-07-18,6547.598,7015.568
19462,2022-07-19,6609.92,7069.656
19463,2022-07-20,6617.473,6760.8687
19464,2022-07-21,6586.314,6812.969
19465,2022-07-22,6537.681,6728.701
19466,2022-07-23,6243.5405,6382.6753
19467,2022-07-24,6154.7793,6172.3145
19468,2022-07-25,6556.5674,6641.335
19469,2022-07-26,6634.4688,6571.5923
19470,2022-07-27,6639.6636,6749.6733
19471,2022-07-28,6608.03,6847.575
19472,2022-07-29,6521.1587,6734.085
19473,2022-07-30,6234.098,6325.5728
19474,2022-07-31,6184.9937,6235.814
19475,2022-08-01,6575.926,6703.5215
19476,2022-08-02,6627.388,6674.616
19477,2022-08-03,6629.7476,6535.162
19478,2022-08-04,6597.1704,6481.2036
19479,2022-08-05,6528.2393,6494.644
19480,2022-08-06,6235.0425,6221.2593
19481,2022-08-07,6182.635,6134.0005
19482,2022-08-08,6555.152,6706.776
19483,2022-08-09,6621.2495,6331.053
19484,2022-08-10,6642.497,6896.6816
19485,2022-08-11,6622.6655,7002.168
19486,2022-08-12,6538.6255,7050.8447
19487,2022-08-13,6252.9844,6501.6016
19488,2022-08-14,6239.29,6308.7007
19489,2022-08-15,6602.3657,6894.875
19490,2022-08-16,6669.8794,6832.37
19491,2022-08-17,6654.7715,6919.016
19492,2022-08-18,6643.4414,6906.066
19493,2022-08-19,6558.9263,6860.7544
19494,2022-08-20,6277.0625,6497.6953
19495,2022-08-21,6261.0107,6135.005
19496,2022-08-22,6620.304,6695.5205
19497,2022-08-23,6675.074,6685.1035
19498,2022-08-24,6680.7393,6685.166
19499,2022-08-25,6651.469,6690.763
19500,2022-06-28,6741.0283,6775.724
19501,2022-06-29,6719.773,6761.1084
19502,2022-06-30,6719.774,6673.4194
19503,2022-07-01,6688.602,6740.2935
19504,2022-07-02,6329.662,6448.956
19505,2022-07-03,6225.285,6325.6724
19506,2022-07-04,6644.6787,6921.0845
19507,2022-07-05,6710.8013,6814.7407
19508,2022-07-06,6706.0806,6808.6333
19509,2022-07-07,6689.0737,6933.0884
19510,2022-07-08,6664.989,6809.908
19511,2022-07-09,6330.1323,6526.326
19512,2022-07-10,6221.5073,6207.7886
19513,2022-07-11,6650.3477,6254.9844
19514,2022-07-12,6681.516,6832.9814
19515,2022-07-13,6676.7954,6819.6787
19516,2022-07-14,6651.291,6878.2627
19517,2022-07-15,6618.2324,6869.5234
19518,2022-07-16,6290.9326,6493.7876
19519,2022-07-17,6173.3345,6472.99
19520,2022-07-18,6602.647,7015.568
19521,2022-07-19,6671.128,7069.656
19522,2022-07-20,6653.6523,6760.8687
19523,2022-07-21,6635.707,6812.969
19524,2022-07-22,6585.172,6728.701
19525,2022-07-23,6252.6777,6382.6753
19526,2022-07-24,6165.7764,6172.3145
19527,2022-07-25,6602.174,6641.335
19528,2022-07-26,6634.761,6571.5923
19529,2022-07-27,6622.009,6749.6733
19530,2022-07-28,6612.0913,6847.575
19531,2022-07-29,6556.361,6734.085
19532,2022-07-30,6246.5386,6325.5728
19533,2022-07-31,6161.5244,6235.814
19534,2022-08-01,6572.418,6703.5215
19535,2022-08-02,6618.7036,6674.616
19536,2022-08-03,6639.484,6535.162
19537,2022-08-04,6622.4805,6481.2036
19538,2022-08-05,6555.418,6494.644
19539,2022-08-06,6242.2876,6221.2593
19540,2022-08-07,6158.22,6134.0005
19541,2022-08-08,6561.0845,6706.776
19542,2022-08-09,6622.0093,6331.053
19543,2022-08-10,6646.5693,6896.6816
19544,2022-08-11,6613.98,7002.168
19545,2022-08-12,6539.359,7050.8447
19546,2022-08-13,6264.9575,6501.6016
19547,2022-08-14,6205.922,6308.7007
19548,2022-08-15,6594.1436,6894.875
19549,2022-08-16,6647.0405,6832.37
19550,2022-08-17,6661.209,6919.016
19551,2022-08-18,6651.763,6906.066
19552,2022-08-19,6601.2275,6860.7544
19553,2022-08-20,6289.9883,6497.6953
19554,2022-08-21,6220.562,6135.005
19555,2022-08-22,6614.925,6695.5205
19556,2022-08-23,6677.2656,6685.1035
19557,2022-08-24,6683.88,6685.166
19558,2022-08-25,6661.6816,6690.763
19559,2022-08-26,6607.368,6530.3525
19560,2022-06-29,6719.5195,6761.1084
19561,2022-06-30,6702.045,6673.4194
19562,2022-07-01,6672.757,6740.2935
19563,2022-07-02,6340.677,6448.956
19564,2022-07-03,6219.7495,6325.6724
19565,2022-07-04,6659.529,6921.0845
19566,2022-07-05,6704.4043,6814.7407
19567,2022-07-06,6694.484,6808.6333
19568,2022-07-07,6679.842,6933.0884
19569,2022-07-08,6634.0205,6809.908
19570,2022-07-09,6322.7275,6526.326
19571,2022-07-10,6205.5796,6207.7886
19572,2022-07-11,6649.135,6254.9844
19573,2022-07-12,6680.786,6832.9814
19574,2022-07-13,6668.0317,6819.6787
19575,2022-07-14,6652.4463,6878.2627
19576,2022-07-15,6637.801,6869.5234
19577,2022-07-16,6302.8867,6493.7876
19578,2022-07-17,6185.7373,6472.99
19579,2022-07-18,6605.205,7015.568
19580,2022-07-19,6655.2773,7069.656
19581,2022-07-20,6642.5225,6760.8687
19582,2022-07-21,6624.5723,6812.969
19583,2022-07-22,6584.8936,6728.701
19584,2022-07-23,6275.0176,6382.6753
19585,2022-07-24,6177.708,6172.3145
19586,2022-07-25,6579.2246,6641.335
19587,2022-07-26,6625.5195,6571.5923
19588,2022-07-27,6605.207,6749.6733
19589,2022-07-28,6597.649,6847.575
19590,2022-07-29,6539.5483,6734.085
19591,2022-07-30,6232.9736,6325.5728
19592,2022-07-31,6157.3945,6235.814
19593,2022-08-01,6570.2485,6703.5215
19594,2022-08-02,6611.8193,6674.616
19595,2022-08-03,6625.9907,6535.162
19596,2022-08-04,6594.339,6481.2036
19597,2022-08-05,6553.7188,6494.644
19598,2022-08-06,6256.1226,6221.2593
19599,2022-08-07,6181.958,6134.0005
19600,2022-08-08,6576.391,6706.776
19601,2022-08-09,6633.5483,6331.053
19602,2022-08-10,6635.911,6896.6816
19603,2022-08-11,6617.9595,7002.168
19604,2022-08-12,6570.2515,7050.8447
19605,2022-08-13,6279.268,6501.6016
19606,2022-08-14,6205.5786,6308.7007
19607,2022-08-15,6582.0586,6894.875
19608,2022-08-16,6644.4146,6832.37
19609,2022-08-17,6656.2217,6919.016
19610,2022-08-18,6660.0,6906.066
19611,2022-08-19,6599.5386,6860.7544
19612,2022-08-20,6318.002,6497.6953
19613,2022-08-21,6229.668,6135.005
19614,2022-08-22,6650.555,6695.5205
19615,2022-08-23,6707.2393,6685.1035
19616,2022-08-24,6716.687,6685.166
19617,2022-08-25,6700.6274,6690.763
19618,2022-08-26,6640.634,6530.3525
19619,2022-08-27,6319.418,6197.1304
19620,2022-06-30,6714.8706,6673.4194
19621,2022-07-01,6663.8457,6740.2935
19622,2022-07-02,6321.323,6448.956
19623,2022-07-03,6195.6533,6325.6724
19624,2022-07-04,6645.4224,6921.0845
19625,2022-07-05,6694.555,6814.7407
19626,2022-07-06,6712.978,6808.6333
19627,2022-07-07,6692.6646,6933.0884
19628,2022-07-08,6655.342,6809.908
19629,2022-07-09,6327.937,6526.326
19630,2022-07-10,6179.1187,6207.7886
19631,2022-07-11,6631.2485,6254.9844
19632,2022-07-12,6674.24,6832.9814
19633,2022-07-13,6671.4077,6819.6787
19634,2022-07-14,6653.4517,6878.2627
19635,2022-07-15,6620.381,6869.5234
19636,2022-07-16,6288.725,6493.7876
19637,2022-07-17,6144.6294,6472.99
19638,2022-07-18,6575.0254,7015.568
19639,2022-07-19,6635.9717,7069.656
19640,2022-07-20,6633.1357,6760.8687
19641,2022-07-21,6641.642,6812.969
19642,2022-07-22,6573.1357,6728.701
19643,2022-07-23,6251.8745,6382.6753
19644,2022-07-24,6128.5664,6172.3145
19645,2022-07-25,6580.2236,6641.335
19646,2022-07-26,6620.8535,6571.5923
19647,2022-07-27,6626.9956,6749.6733
19648,2022-07-28,6627.466,6847.575
19649,2022-07-29,6599.121,6734.085
19650,2022-07-30,6279.7476,6325.5728
19651,2022-07-31,6152.189,6235.814
19652,2022-08-01,6609.9873,6703.5215
19653,2022-08-02,6653.9243,6674.616
19654,2022-08-03,6647.7817,6535.162
19655,2022-08-04,6636.916,6481.2036
19656,2022-08-05,6575.9717,6494.644
19657,2022-08-06,6249.5117,6221.2593
19658,2022-08-07,6145.1,6134.0005
19659,2022-08-08,6581.168,6706.776
19660,2022-08-09,6637.389,6331.053
19661,2022-08-10,6626.0493,6896.6816
19662,2022-08-11,6616.128,7002.168
19663,2022-08-12,6562.2715,7050.8447
19664,2022-08-13,6261.795,6501.6016
19665,2022-08-14,6159.746,6308.7007
19666,2022-08-15,6593.9233,6894.875
19667,2022-08-16,6647.31,6832.37
19668,2022-08-17,6666.208,6919.016
19669,2022-08-18,6648.254,6906.066
19670,2022-08-19,6592.505,6860.7544
19671,2022-08-20,6288.725,6497.6953
19672,2022-08-21,6176.7563,6135.005
19673,2022-08-22,6616.602,6695.5205
19674,2022-08-23,6666.208,6685.1035
19675,2022-08-24,6676.602,6685.166
19676,2022-08-25,6664.7925,6690.763
19677,2022-08-26,6618.491,6530.3525
19678,2022-08-27,6305.2607,6197.1304
19679,2022-08-28,6187.621,6036.984
19680,2022-07-01,6617.945,6740.2935
19681,2022-07-02,6276.3213,6448.956
19682,2022-07-03,6170.4785,6325.6724
19683,2022-07-04,6624.5605,6921.0845
19684,2022-07-05,6657.6377,6814.7407
19685,2022-07-06,6667.088,6808.6333
19686,2022-07-07,6648.1875,6933.0884
19687,2022-07-08,6600.936,6809.908
19688,2022-07-09,6280.5737,6526.326
19689,2022-07-10,6175.2036,6207.7886
19690,2022-07-11,6594.32,6254.9844
19691,2022-07-12,6651.9663,6832.9814
19692,2022-07-13,6645.8257,6819.6787
19693,2022-07-14,6619.8364,6878.2627
19694,2022-07-15,6571.1675,6869.5234
19695,2022-07-16,6264.0356,6493.7876
19696,2022-07-17,6181.819,6472.99
19697,2022-07-18,6591.959,7015.568
19698,2022-07-19,6642.518,7069.656
19699,2022-07-20,6647.715,6760.8687
19700,2022-07-21,6614.639,6812.969
19701,2022-07-22,6562.662,6728.701
19702,2022-07-23,6252.696,6382.6753
19703,2022-07-24,6176.1494,6172.3145
19704,2022-07-25,6572.5854,6641.335
19705,2022-07-26,6600.463,6571.5923
19706,2022-07-27,6605.189,6749.6733
19707,2022-07-28,6587.2324,6847.575
19708,2022-07-29,6528.641,6734.085
19709,2022-07-30,6236.63,6325.5728
19710,2022-07-31,6160.5566,6235.814
19711,2022-08-01,6545.6514,6703.5215
19712,2022-08-02,6600.4624,6674.616
19713,2022-08-03,6609.913,6535.162
19714,2022-08-04,6591.9575,6481.2036
19715,2022-08-05,6539.037,6494.644
19716,2022-08-06,6259.783,6221.2593
19717,2022-08-07,6199.7744,6134.0005
19718,2022-08-08,6568.3325,6706.776
19719,2022-08-09,6617.0005,6331.053
19720,2022-08-10,6616.5283,6896.6816
19721,2022-08-11,6604.243,7002.168
19722,2022-08-12,6543.7617,7050.8447
19723,2022-08-13,6273.487,6501.6016
19724,2022-08-14,6209.6973,6308.7007
19725,2022-08-15,6594.322,6894.875
19726,2022-08-16,6651.495,6832.37
19727,2022-08-17,6656.692,6919.016
19728,2022-08-18,6637.791,6906.066
19729,2022-08-19,6587.7056,6860.7544
19730,2022-08-20,6307.9795,6497.6953
19731,2022-08-21,6241.3555,6135.005
19732,2022-08-22,6630.232,6695.5205
19733,2022-08-23,6679.846,6685.1035
19734,2022-08-24,6685.044,6685.166
19735,2022-08-25,6672.2856,6690.763
19736,2022-08-26,6620.31,6530.3525
19737,2022-08-27,6316.9575,6197.1304
19738,2022-08-28,6261.201,6036.984
19739,2022-08-29,6660.473,6538.454
19740,2022-07-02,6310.46,6448.956
19741,2022-07-03,6182.3877,6325.6724
19742,2022-07-04,6622.8374,6921.0845
19743,2022-07-05,6679.55,6814.7407
19744,2022-07-06,6667.264,6808.6333
19745,2022-07-07,6673.406,6933.0884
19746,2022-07-08,6656.8643,6809.908
19747,2022-07-09,6301.9507,6526.326
19748,2022-07-10,6190.422,6207.7886
19749,2022-07-11,6617.639,6254.9844
19750,2022-07-12,6668.6787,6832.9814
19751,2022-07-13,6675.7686,6819.6787
19752,2022-07-14,6648.358,6878.2627
19753,2022-07-15,6632.7627,6869.5234
19754,2022-07-16,6306.678,6493.7876
19755,2022-07-17,6192.785,6472.99
19756,2022-07-18,6577.944,7015.568
19757,2022-07-19,6624.2563,7069.656
19758,2022-07-20,6631.8193,6760.8687
19759,2022-07-21,6622.3667,6812.969
19760,2022-07-22,6573.6904,6728.701
19761,2022-07-23,6274.5425,6382.6753
19762,2022-07-24,6189.0044,6172.3145
19763,2022-07-25,6563.292,6641.335
19764,2022-07-26,6611.9683,6571.5923
19765,2022-07-27,6607.717,6749.6733
19766,2022-07-28,6595.9023,6847.575
19767,2022-07-29,6559.985,6734.085
19768,2022-07-30,6250.9126,6325.5728
19769,2022-07-31,6145.053,6235.814
19770,2022-08-01,6506.584,6703.5215
19771,2022-08-02,6586.924,6674.616
19772,2022-08-03,6611.4985,6535.162
19773,2022-08-04,6614.3325,6481.2036
19774,2022-08-05,6579.831,6494.644
19775,2022-08-06,6298.172,6221.2593
19776,2022-08-07,6187.1133,6134.0005
19777,2022-08-08,6534.937,6706.776
19778,2022-08-09,6624.7295,6331.053
19779,2022-08-10,6634.18,6896.6816
19780,2022-08-11,6638.9062,7002.168
19781,2022-08-12,6596.845,7050.8447
19782,2022-08-13,6329.8345,6501.6016
19783,2022-08-14,6205.071,6308.7007
19784,2022-08-15,6553.369,6894.875
19785,2022-08-16,6652.14,6832.37
19786,2022-08-17,6669.6265,6919.016
19787,2022-08-18,6659.228,6906.066
19788,2022-08-19,6607.716,6860.7544
19789,2022-08-20,6348.2656,6497.6953
19790,2022-08-21,6244.2964,6135.005
19791,2022-08-22,6573.2163,6695.5205
19792,2022-08-23,6657.812,6685.1035
19793,2022-08-24,6678.1333,6685.166
19794,2022-08-25,6682.385,6690.763
19795,2022-08-26,6638.908,6530.3525
19796,2022-08-27,6368.5845,6197.1304
19797,2022-08-28,6254.221,6036.984
19798,2022-08-29,6585.0312,6538.454
19799,2022-08-30,6674.822,6561.5044
19800,2022-07-03,6210.5825,6325.6724
19801,2022-07-04,6670.906,6921.0845
19802,2022-07-05,6721.9487,6814.7407
19803,2022-07-06,6710.1333,6808.6333
19804,2022-07-07,6714.3857,6933.0884
19805,2022-07-08,6677.522,6809.908
19806,2022-07-09,6333.936,6526.326
19807,2022-07-10,6196.4033,6207.7886
19808,2022-07-11,6661.925,6254.9844
19809,2022-07-12,6721.477,6832.9814
19810,2022-07-13,6729.0376,6819.6787
19811,2022-07-14,6698.3174,6878.2627
19812,2022-07-15,6675.6333,6869.5234
19813,2022-07-16,6341.496,6493.7876
19814,2022-07-17,6195.458,6472.99
19815,2022-07-18,6652.9463,7015.568
19816,2022-07-19,6690.756,7069.656
19817,2022-07-20,6685.0845,6760.8687
19818,2022-07-21,6686.5015,6812.969
19819,2022-07-22,6638.295,6728.701
19820,2022-07-23,6298.016,6382.6753
19821,2022-07-24,6181.2817,6172.3145
19822,2022-07-25,6652.0015,6641.335
19823,2022-07-26,6701.627,6571.5923
19824,2022-07-27,6692.1743,6749.6733
19825,2022-07-28,6688.395,6847.575
19826,2022-07-29,6652.9463,6734.085
19827,2022-07-30,6319.755,6325.5728
19828,2022-07-31,6200.186,6235.814
19829,2022-08-01,6626.482,6703.5215
19830,2022-08-02,6686.5015,6674.616
19831,2022-08-03,6687.4473,6535.162
19832,2022-08-04,6665.235,6481.2036
19833,2022-08-05,6628.842,6494.644
19834,2022-08-06,6306.0493,6221.2593
19835,2022-08-07,6193.0967,6134.0005
19836,2022-08-08,6637.35,6706.776
19837,2022-08-09,6688.391,6331.053
19838,2022-08-10,6673.7427,6896.6816
19839,2022-08-11,6639.241,7002.168
19840,2022-08-12,6597.179,7050.8447
19841,2022-08-13,6306.5225,6501.6016
19842,2022-08-14,6206.3296,6308.7007
19843,2022-08-15,6638.768,6894.875
19844,2022-08-16,6680.832,6832.37
19845,2022-08-17,6687.4473,6919.016
19846,2022-08-18,6654.3643,6906.066
19847,2022-08-19,6623.1714,6860.7544
19848,2022-08-20,6317.393,6497.6953
19849,2022-08-21,6212.473,6135.005
19850,2022-08-22,6661.4536,6695.5205
19851,2022-08-23,6724.31,6685.1035
19852,2022-08-24,6745.1064,6685.166
19853,2022-08-25,6729.9814,6690.763
19854,2022-08-26,6686.502,6530.3525
19855,2022-08-27,6375.524,6197.1304
19856,2022-08-28,6249.3374,6036.984
19857,2022-08-29,6684.139,6538.454
19858,2022-08-30,6755.976,6561.5044
19859,2022-08-31,6748.4146,6660.3345
19860,2022-07-04,6712.654,6921.0845
19861,2022-07-05,6754.248,6814.7407
19862,2022-07-06,6746.685,6808.6333
19863,2022-07-07,6729.1963,6933.0884
19864,2022-07-08,6697.529,6809.908
19865,2022-07-09,6352.962,6526.326
19866,2022-07-10,6244.2505,6207.7886
19867,2022-07-11,6657.3525,6254.9844
19868,2022-07-12,6707.4556,6832.9814
19869,2022-07-13,6705.0913,6819.6787
19870,2022-07-14,6673.4243,6878.2627
19871,2022-07-15,6638.9194,6869.5234
19872,2022-07-16,6317.986,6493.7876
19873,2022-07-17,6187.5312,6472.99
19874,2022-07-18,6615.287,7015.568
19875,2022-07-19,6666.806,7069.656
19876,2022-07-20,6670.115,6760.8687
19877,2022-07-21,6629.939,6812.969
19878,2022-07-22,6583.619,6728.701
19879,2022-07-23,6282.064,6382.6753
19880,2022-07-24,6181.388,6172.3145
19881,2022-07-25,6592.598,6641.335
19882,2022-07-26,6657.353,6571.5923
19883,2022-07-27,6647.9,6749.6733
19884,2022-07-28,6615.759,6847.575
19885,2022-07-29,6548.643,6734.085
19886,2022-07-30,6257.011,6325.5728
19887,2022-07-31,6167.681,6235.814
19888,2022-08-01,6560.931,6703.5215
19889,2022-08-02,6623.7944,6674.616
19890,2022-08-03,6638.447,6535.162
19891,2022-08-04,6610.087,6481.2036
19892,2022-08-05,6560.929,6494.644
19893,2022-08-06,6274.4995,6221.2593
19894,2022-08-07,6185.6406,6134.0005
19895,2022-08-08,6580.31,6706.776
19896,2022-08-09,6647.8994,6331.053
19897,2022-08-10,6652.154,6896.6816
19898,2022-08-11,6627.1,7002.168
19899,2022-08-12,6575.11,7050.8447
19900,2022-08-13,6291.043,6501.6016
19901,2022-08-14,6233.853,6308.7007
19902,2022-08-15,6622.848,6894.875
19903,2022-08-16,6676.7324,6832.37
19904,2022-08-17,6682.8755,6919.016
19905,2022-08-18,6658.2983,6906.066
19906,2022-08-19,6608.1963,6860.7544
19907,2022-08-20,6341.147,6497.6953
19908,2022-08-21,6280.6445,6135.005
19909,2022-08-22,6677.6777,6695.5205
19910,2022-08-23,6728.723,6685.1035
19911,2022-08-24,6731.56,6685.166
19912,2022-08-25,6727.3066,6690.763
19913,2022-08-26,6654.99,6530.3525
19914,2022-08-27,6342.0923,6197.1304
19915,2022-08-28,6288.6816,6036.984
19916,2022-08-29,6670.5864,6538.454
19917,2022-08-30,6714.0713,6561.5044
19918,2022-08-31,6708.872,6660.3345
19919,2022-09-01,6691.8564,6696.0244
19920,2022-07-05,6867.51,6814.7407
19921,2022-07-06,6838.6675,6808.6333
19922,2022-07-07,6800.37,6933.0884
19923,2022-07-08,6729.9214,6809.908
19924,2022-07-09,6362.5493,6526.326
19925,2022-07-10,6272.243,6207.7886
19926,2022-07-11,6715.7383,6254.9844
19927,2022-07-12,6739.3794,6832.9814
19928,2022-07-13,6720.465,6819.6787
19929,2022-07-14,6708.645,6878.2627
19930,2022-07-15,6647.6514,6869.5234
19931,2022-07-16,6312.904,6493.7876
19932,2022-07-17,6239.1475,6472.99
19933,2022-07-18,6689.2617,7015.568
19934,2022-07-19,6723.7754,7069.656
19935,2022-07-20,6702.5,6760.8687
19936,2022-07-21,6677.912,6812.969
19937,2022-07-22,6622.594,6728.701
19938,2022-07-23,6315.741,6382.6753
19939,2022-07-24,6231.5825,6172.3145
19940,2022-07-25,6655.6914,6641.335
19941,2022-07-26,6691.625,6571.5923
19942,2022-07-27,6677.4404,6749.6733
19943,2022-07-28,6650.491,6847.575
19944,2022-07-29,6569.64,6734.085
19945,2022-07-30,6276.0254,6325.5728
19946,2022-07-31,6245.293,6235.814
19947,2022-08-01,6624.013,6703.5215
19948,2022-08-02,6667.0376,6674.616
19949,2022-08-03,6661.364,6535.162
19950,2022-08-04,6626.85,6481.2036
19951,2022-08-05,6578.1514,6494.644
19952,2022-08-06,6271.7715,6221.2593
19953,2022-08-07,6225.908,6134.0005
19954,2022-08-08,6640.561,6706.776
19955,2022-08-09,6676.967,6331.053
19956,2022-08-10,6683.5864,6896.6816
19957,2022-08-11,6670.821,7002.168
19958,2022-08-12,6607.4644,7050.8447
19959,2022-08-13,6320.9414,6501.6016
19960,2022-08-14,6293.047,6308.7007
19961,2022-08-15,6679.803,6894.875
19962,2022-08-16,6734.65,6832.37
19963,2022-08-17,6716.2104,6919.016
19964,2022-08-18,6711.482,6906.066
19965,2022-08-19,6645.2896,6860.7544
19966,2022-08-20,6346.947,6497.6953
19967,2022-08-21,6311.487,6135.005
19968,2022-08-22,6713.3726,6695.5205
19969,2022-08-23,6752.616,6685.1035
19970,2022-08-24,6753.088,6685.166
19971,2022-08-25,6712.9014,6690.763
19972,2022-08-26,6638.6694,6530.3525
19973,2022-08-27,6372.478,6197.1304
19974,2022-08-28,6341.7456,6036.984
19975,2022-08-29,6737.0117,6538.454
19976,2022-08-30,6763.018,6561.5044
19977,2022-08-31,6767.2744,6660.3345
19978,2022-09-01,6745.053,6696.0244
19979,2022-09-02,6652.853,6572.655
19980,2022-07-06,6806.437,6808.6333
19981,2022-07-07,6785.16,6933.0884
19982,2022-07-08,6739.291,6809.908
19983,2022-07-09,6391.733,6526.326
19984,2022-07-10,6269.263,6207.7886
19985,2022-07-11,6715.1743,6254.9844
19986,2022-07-12,6750.6387,6832.9814
19987,2022-07-13,6759.623,6819.6787
19988,2022-07-14,6717.0625,6878.2627
19989,2022-07-15,6686.8013,6869.5234
19990,2022-07-16,6343.502,6493.7876
19991,2022-07-17,6209.2075,6472.99
19992,2022-07-18,6657.486,7015.568
19993,2022-07-19,6723.212,7069.656
19994,2022-07-20,6700.5156,6760.8687
19995,2022-07-21,6681.127,6812.969
19996,2022-07-22,6628.167,6728.701
19997,2022-07-23,6302.3623,6382.6753
19998,2022-07-24,6195.0205,6172.3145
19999,2022-07-25,6639.515,6641.335
20000,2022-07-26,6690.585,6571.5923
20001,2022-07-27,6674.0327,6749.6733
20002,2022-07-28,6653.227,6847.575
20003,2022-07-29,6621.0737,6734.085
20004,2022-07-30,6293.8525,6325.5728
20005,2022-07-31,6197.386,6235.814
20006,2022-08-01,6615.8706,6703.5215
20007,2022-08-02,6654.6465,6674.616
20008,2022-08-03,6667.4146,6535.162
20009,2022-08-04,6633.841,6481.2036
20010,2022-08-05,6592.701,6494.644
20011,2022-08-06,6289.121,6221.2593
20012,2022-08-07,6192.1836,6134.0005
20013,2022-08-08,6597.9023,6706.776
20014,2022-08-09,6666.47,6331.053
20015,2022-08-10,6674.507,6896.6816
20016,2022-08-11,6666.94,7002.168
20017,2022-08-12,6610.1987,7050.8447
20018,2022-08-13,6314.1846,6501.6016
20019,2022-08-14,6203.0605,6308.7007
20020,2022-08-15,6649.9194,6894.875
20021,2022-08-16,6701.4604,6832.37
20022,2022-08-17,6706.6626,6919.016
20023,2022-08-18,6665.051,6906.066
20024,2022-08-19,6632.4233,6860.7544
20025,2022-08-20,6320.8037,6497.6953
20026,2022-08-21,6242.3086,6135.005
20027,2022-08-22,6663.631,6695.5205
20028,2022-08-23,6701.933,6685.1035
20029,2022-08-24,6691.529,6685.166
20030,2022-08-25,6673.561,6690.763
20031,2022-08-26,6633.84,6530.3525
20032,2022-08-27,6313.7114,6197.1304
20033,2022-08-28,6226.703,6036.984
20034,2022-08-29,6651.3374,6538.454
20035,2022-08-30,6690.585,6561.5044
20036,2022-08-31,6693.4214,6660.3345
20037,2022-09-01,6671.6704,6696.0244
20038,2022-09-02,6634.784,6572.655
20039,2022-09-03,6326.9526,6276.3657
20040,2022-07-07,6769.917,6933.0884
20041,2022-07-08,6741.069,6809.908
20042,2022-07-09,6382.591,6526.326
20043,2022-07-10,6261.9956,6207.7886
20044,2022-07-11,6706.0723,6254.9844
20045,2022-07-12,6742.486,6832.9814
20046,2022-07-13,6729.717,6819.6787
20047,2022-07-14,6706.072,6878.2627
20048,2022-07-15,6656.415,6869.5234
20049,2022-07-16,6334.8257,6493.7876
20050,2022-07-17,6219.4346,6472.99
20051,2022-07-18,6630.404,7015.568
20052,2022-07-19,6692.831,7069.656
20053,2022-07-20,6678.1694,6760.8687
20054,2022-07-21,6674.859,6812.969
20055,2022-07-22,6616.6895,6728.701
20056,2022-07-23,6285.168,6382.6753
20057,2022-07-24,6195.314,6172.3145
20058,2022-07-25,6611.487,6641.335
20059,2022-07-26,6675.3306,6571.5923
20060,2022-07-27,6658.3066,6749.6733
20061,2022-07-28,6651.21,6847.575
20062,2022-07-29,6576.9624,6734.085
20063,2022-07-30,6264.361,6325.5728
20064,2022-07-31,6189.6377,6235.814
20065,2022-08-01,6605.81,6703.5215
20066,2022-08-02,6660.199,6674.616
20067,2022-08-03,6660.672,6535.162
20068,2022-08-04,6651.2144,6481.2036
20069,2022-08-05,6599.19,6494.644
20070,2022-08-06,6310.7075,6221.2593
20071,2022-08-07,6222.7427,6134.0005
20072,2022-08-08,6647.4287,6706.776
20073,2022-08-09,6705.6,6331.053
20074,2022-08-10,6704.655,6896.6816
20075,2022-08-11,6670.13,7002.168
20076,2022-08-12,6634.6606,7050.8447
20077,2022-08-13,6318.2725,6501.6016
20078,2022-08-14,6223.215,6308.7007
20079,2022-08-15,6646.0107,6894.875
20080,2022-08-16,6698.0327,6832.37
20081,2022-08-17,6698.9775,6919.016
20082,2022-08-18,6689.993,6906.066
20083,2022-08-19,6647.429,6860.7544
20084,2022-08-20,6341.92,6497.6953
20085,2022-08-21,6248.7524,6135.005
20086,2022-08-22,6685.2627,6695.5205
20087,2022-08-23,6738.23,6685.1035
20088,2022-08-24,6725.9326,6685.166
20089,2022-08-25,6713.1655,6690.763
20090,2022-08-26,6670.13,6530.3525
20091,2022-08-27,6355.16,6197.1304
20092,2022-08-28,6267.197,6036.984
20093,2022-08-29,6716.0024,6538.454
20094,2022-08-30,6767.5537,6561.5044
20095,2022-08-31,6759.0396,6660.3345
20096,2022-09-01,6750.5264,6696.0244
20097,2022-09-02,6701.8145,6572.655
20098,2022-09-03,6386.845,6276.3657
20099,2022-09-04,6281.3857,6152.961
20100,2022-07-08,6810.392,6809.908
20101,2022-07-09,6414.953,6526.326
20102,2022-07-10,6284.877,6207.7886
20103,2022-07-11,6763.5605,6254.9844
20104,2022-07-12,6797.6167,6832.9814
20105,2022-07-13,6792.4155,6819.6787
20106,2022-07-14,6760.25,6878.2627
20107,2022-07-15,6715.7886,6869.5234
20108,2022-07-16,6368.125,6493.7876
20109,2022-07-17,6249.4023,6472.99
20110,2022-07-18,6713.895,7015.568
20111,2022-07-19,6764.0376,7069.656
20112,2022-07-20,6741.803,6760.8687
20113,2022-07-21,6714.8413,6812.969
20114,2022-07-22,6620.2407,6728.701
20115,2022-07-23,6293.8623,6382.6753
20116,2022-07-24,6185.5444,6172.3145
20117,2022-07-25,6626.39,6641.335
20118,2022-07-26,6691.6646,6571.5923
20119,2022-07-27,6680.314,6749.6733
20120,2022-07-28,6649.0933,6847.575
20121,2022-07-29,6599.9004,6734.085
20122,2022-07-30,6280.6187,6325.5728
20123,2022-07-31,6206.359,6235.814
20124,2022-08-01,6640.1064,6703.5215
20125,2022-08-02,6694.502,6674.616
20126,2022-08-03,6684.57,6535.162
20127,2022-08-04,6668.013,6481.2036
20128,2022-08-05,6593.2773,6494.644
20129,2022-08-06,6306.162,6221.2593
20130,2022-08-07,6224.332,6134.0005
20131,2022-08-08,6638.216,6706.776
20132,2022-08-09,6691.6636,6331.053
20133,2022-08-10,6689.773,6896.6816
20134,2022-08-11,6667.0674,7002.168
20135,2022-08-12,6598.0083,7050.8447
20136,2022-08-13,6307.1064,6501.6016
20137,2022-08-14,6240.8877,6308.7007
20138,2022-08-15,6656.189,6894.875
20139,2022-08-16,6702.544,6832.37
20140,2022-08-17,6689.773,6919.016
20141,2022-08-18,6698.76,6906.066
20142,2022-08-19,6646.728,6860.7544
20143,2022-08-20,6340.217,6497.6953
20144,2022-08-21,6275.891,6135.005
20145,2022-08-22,6686.4624,6695.5205
20146,2022-08-23,6745.1157,6685.1035
20147,2022-08-24,6743.6963,6685.166
20148,2022-08-25,6725.719,6690.763
20149,2022-08-26,6661.391,6530.3525
20150,2022-08-27,6368.6,6197.1304
20151,2022-08-28,6291.498,6036.984
20152,2022-08-29,6705.3823,6538.454
20153,2022-08-30,6767.3467,6561.5044
20154,2022-08-31,6767.3457,6660.3345
20155,2022-09-01,6730.926,6696.0244
20156,2022-09-02,6653.352,6572.655
20157,2022-09-03,6368.1274,6276.3657
20158,2022-09-04,6285.35,6152.961
20159,2022-09-05,6688.3545,6605.1196
20160,2022-07-09,6367.7544,6526.326
20161,2022-07-10,6254.2075,6207.7886
20162,2022-07-11,6744.358,6254.9844
20163,2022-07-12,6760.4443,6832.9814
20164,2022-07-13,6750.036,6819.6787
20165,2022-07-14,6743.412,6878.2627
20166,2022-07-15,6684.272,6869.5234
20167,2022-07-16,6331.799,6493.7876
20168,2022-07-17,6206.425,6472.99
20169,2022-07-18,6654.465,7015.568
20170,2022-07-19,6732.0566,7069.656
20171,2022-07-20,6712.659,6760.8687
20172,2022-07-21,6697.0464,6812.969
20173,2022-07-22,6630.8096,6728.701
20174,2022-07-23,6307.198,6382.6753
20175,2022-07-24,6198.855,6172.3145
20176,2022-07-25,6631.2827,6641.335
20177,2022-07-26,6688.0566,6571.5923
20178,2022-07-27,6679.0674,6749.6733
20179,2022-07-28,6661.562,6847.575
20180,2022-07-29,6600.0557,6734.085
20181,2022-07-30,6294.895,6325.5728
20182,2022-07-31,6202.166,6235.814
20183,2022-08-01,6618.509,6703.5215
20184,2022-08-02,6670.5513,6674.616
20185,2022-08-03,6685.6914,6535.162
20186,2022-08-04,6669.132,6481.2036
20187,2022-08-05,6621.3467,6494.644
20188,2022-08-06,6306.7236,6221.2593
20189,2022-08-07,6202.167,6134.0005
20190,2022-08-08,6598.1655,6706.776
20191,2022-08-09,6670.0786,6331.053
20192,2022-08-10,6668.659,6896.6816
20193,2022-08-11,6645.0024,7002.168
20194,2022-08-12,6618.034,7050.8447
20195,2022-08-13,6317.135,6501.6016
20196,2022-08-14,6214.4707,6308.7007
20197,2022-08-15,6651.1533,6894.875
20198,2022-08-16,6706.9814,6832.37
20199,2022-08-17,6703.6694,6919.016
20200,2022-08-18,6682.853,6906.066
20201,2022-08-19,6650.6807,6860.7544
20202,2022-08-20,6356.4,6497.6953
20203,2022-08-21,6273.6074,6135.005
20204,2022-08-22,6690.4233,6695.5205
20205,2022-08-23,6735.369,6685.1035
20206,2022-08-24,6741.52,6685.166
20207,2022-08-25,6730.638,6690.763
20208,2022-08-26,6664.4014,6530.3525
20209,2022-08-27,6367.759,6197.1304
20210,2022-08-28,6275.029,6036.984
20211,2022-08-29,6687.584,6538.454
20212,2022-08-30,6738.681,6561.5044
20213,2022-08-31,6726.853,6660.3345
20214,2022-09-01,6706.509,6696.0244
20215,2022-09-02,6637.9062,6572.655
20216,2022-09-03,6333.2227,6276.3657
20217,2022-09-04,6261.3076,6152.961
20218,2022-09-05,6666.767,6605.1196
20219,2022-09-06,6697.047,6681.0586
20220,2022-07-10,6315.982,6207.7886
20221,2022-07-11,6774.5625,6254.9844
20222,2022-07-12,6825.672,6832.9814
20223,2022-07-13,6817.6265,6819.6787
20224,2022-07-14,6793.0195,6878.2627
20225,2022-07-15,6734.8086,6869.5234
20226,2022-07-16,6397.382,6493.7876
20227,2022-07-17,6264.871,6472.99
20228,2022-07-18,6712.5645,7015.568
20229,2022-07-19,6774.088,7069.656
20230,2022-07-20,6746.64,6760.8687
20231,2022-07-21,6719.6655,6812.969
20232,2022-07-22,6659.0874,6728.701
20233,2022-07-23,6338.225,6382.6753
20234,2022-07-24,6204.295,6172.3145
20235,2022-07-25,6649.1523,6641.335
20236,2022-07-26,6706.413,6571.5923
20237,2022-07-27,6676.5996,6749.6733
20238,2022-07-28,6664.767,6847.575
20239,2022-07-29,6624.0684,6734.085
20240,2022-07-30,6321.6626,6325.5728
20241,2022-07-31,6220.3857,6235.814
20242,2022-08-01,6655.3,6703.5215
20243,2022-08-02,6708.7793,6674.616
20244,2022-08-03,6705.9395,6535.162
20245,2022-08-04,6686.5376,6481.2036
20246,2022-08-05,6621.228,6494.644
20247,2022-08-06,6315.982,6221.2593
20248,2022-08-07,6227.958,6134.0005
20249,2022-08-08,6670.919,6706.776
20250,2022-08-09,6701.207,6331.053
20251,2022-08-10,6715.878,6896.6816
20252,2022-08-11,6696.0,7002.168
20253,2022-08-12,6623.1206,7050.8447
20254,2022-08-13,6327.814,6501.6016
20255,2022-08-14,6235.0557,6308.7007
20256,2022-08-15,6658.14,6894.875
20257,2022-08-16,6707.3594,6832.37
20258,2022-08-17,6734.334,6919.016
20259,2022-08-18,6716.3506,6906.066
20260,2022-08-19,6660.5073,6860.7544
20261,2022-08-20,6373.7188,6497.6953
20262,2022-08-21,6282.8555,6135.005
20263,2022-08-22,6706.413,6695.5205
20264,2022-08-23,6765.5713,6685.1035
20265,2022-08-24,6778.821,6685.166
20266,2022-08-25,6760.8374,6690.763
20267,2022-08-26,6699.314,6530.3525
20268,2022-08-27,6413.945,6197.1304
20269,2022-08-28,6332.547,6036.984
20270,2022-08-29,6745.694,6538.454
20271,2022-08-30,6792.5454,6561.5044
20272,2022-08-31,6783.08,6660.3345
20273,2022-09-01,6778.348,6696.0244
20274,2022-09-02,6705.939,6572.655
20275,2022-09-03,6403.534,6276.3657
20276,2022-09-04,6325.9214,6152.961
20277,2022-09-05,6721.084,6605.1196
20278,2022-09-06,6769.8306,6681.0586
20279,2022-09-07,6774.563,6638.207
20280,2022-07-11,6635.6436,6254.9844
20281,2022-07-12,6711.852,6832.9814
20282,2022-07-13,6693.392,6819.6787
20283,2022-07-14,6675.879,6878.2627
20284,2022-07-15,6647.4785,6869.5234
20285,2022-07-16,6333.186,6493.7876
20286,2022-07-17,6187.3994,6472.99
20287,2022-07-18,6601.564,7015.568
20288,2022-07-19,6681.56,7069.656
20289,2022-07-20,6678.719,6760.8687
20290,2022-07-21,6659.313,6812.969
20291,2022-07-22,6580.266,6728.701
20292,2022-07-23,6273.5454,6382.6753
20293,2022-07-24,6178.88,6172.3145
20294,2022-07-25,6578.3735,6641.335
20295,2022-07-26,6647.0044,6571.5923
20296,2022-07-27,6647.478,6749.6733
20297,2022-07-28,6638.958,6847.575
20298,2022-07-29,6572.219,6734.085
20299,2022-07-30,6264.0796,6325.5728
20300,2022-07-31,6163.2607,6235.814
20301,2022-08-01,6573.639,6703.5215
20302,2022-08-02,6633.2783,6674.616
20303,2022-08-03,6630.913,6535.162
20304,2022-08-04,6620.0254,6481.2036
20305,2022-08-05,6555.18,6494.644
20306,2022-08-06,6274.966,6221.2593
20307,2022-08-07,6194.0254,6134.0005
20308,2022-08-08,6567.4863,6706.776
20309,2022-08-09,6631.859,6331.053
20310,2022-08-10,6640.8545,6896.6816
20311,2022-08-11,6630.9136,7002.168
20312,2022-08-12,6576.4805,7050.8447
20313,2022-08-13,6299.1064,6501.6016
20314,2022-08-14,6216.274,6308.7007
20315,2022-08-15,6569.3794,6894.875
20316,2022-08-16,6640.38,6832.37
20317,2022-08-17,6642.747,6919.016
20318,2022-08-18,6638.0127,6906.066
20319,2022-08-19,6592.098,6860.7544
20320,2022-08-20,6331.7676,6497.6953
20321,2022-08-21,6255.087,6135.005
20322,2022-08-22,6633.7515,6695.5205
20323,2022-08-23,6701.438,6685.1035
20324,2022-08-24,6722.739,6685.166
20325,2022-08-25,6705.2246,6690.763
20326,2022-08-26,6646.0586,6530.3525
20327,2022-08-27,6353.0674,6197.1304
20328,2022-08-28,6245.1475,6036.984
20329,2022-08-29,7532.1367,6538.454
20330,2022-08-30,7599.8223,6561.5044
20331,2022-08-31,6709.011,6660.3345
20332,2022-09-01,6673.038,6696.0244
20333,2022-09-02,6624.287,6572.655
20334,2022-09-03,6337.9204,6276.3657
20335,2022-09-04,6223.846,6152.961
20336,2022-09-05,6600.1455,6605.1196
20337,2022-09-06,6668.306,6681.0586
20338,2022-09-07,6668.7773,6638.207
20339,2022-09-08,6648.899,6668.6255
20340,2022-07-12,6653.9004,6832.9814
20341,2022-07-13,6683.7275,6819.6787
20342,2022-07-14,6674.7305,6878.2627
20343,2022-07-15,6628.8105,6869.5234
20344,2022-07-16,6388.3145,6493.7876
20345,2022-07-17,6175.273,6472.99
20346,2022-07-18,6405.8296,7015.568
20347,2022-07-19,6641.5923,7069.656
20348,2022-07-20,6659.1094,6760.8687
20349,2022-07-21,6653.4287,6812.969
20350,2022-07-22,6599.933,6728.701
20351,2022-07-23,6372.69,6382.6753
20352,2022-07-24,6188.0566,6172.3145
20353,2022-07-25,6389.26,6641.335
20354,2022-07-26,6600.4043,6571.5923
20355,2022-07-27,6612.2417,6749.6733
20356,2022-07-28,6607.9805,6847.575
20357,2022-07-29,6544.542,6734.085
20358,2022-07-30,6345.2324,6325.5728
20359,2022-07-31,6171.0137,6235.814
20360,2022-08-01,6389.26,6703.5215
20361,2022-08-02,6614.1357,6674.616
20362,2022-08-03,6616.0327,6535.162
20363,2022-08-04,6599.935,6481.2036
20364,2022-08-05,6593.305,6494.644
20365,2022-08-06,6388.7876,6221.2593
20366,2022-08-07,6213.621,6134.0005
20367,2022-08-08,6423.3467,6706.776
20368,2022-08-09,6634.0176,6331.053
20369,2022-08-10,6640.1724,6896.6816
20370,2022-08-11,6639.699,7002.168
20371,2022-08-12,6589.044,7050.8447
20372,2022-08-13,6403.937,6501.6016
20373,2022-08-14,6243.447,6308.7007
20374,2022-08-15,6437.5483,6894.875
20375,2022-08-16,6635.4375,6832.37
20376,2022-08-17,6641.119,6919.016
20377,2022-08-18,6663.37,6906.066
20378,2022-08-19,6634.0186,6860.7544
20379,2022-08-20,6442.7573,6497.6953
20380,2022-08-21,6263.8037,6135.005
20381,2022-08-22,6460.273,6695.5205
20382,2022-08-23,6656.2676,6685.1035
20383,2022-08-24,6687.987,6685.166
20384,2022-08-25,6676.6235,6690.763
20385,2022-08-26,6647.747,6530.3525
20386,2022-08-27,6445.598,6197.1304
20387,2022-08-28,6273.7456,6036.984
20388,2022-08-29,6482.9956,6538.454
20389,2022-08-30,6670.944,6561.5044
20390,2022-08-31,6670.4683,6660.3345
20391,2022-09-01,6682.3066,6696.0244
20392,2022-09-02,6630.234,6572.655
20393,2022-09-03,6420.98,6276.3657
20394,2022-09-04,6266.6426,6152.961
20395,2022-09-05,6447.49,6605.1196
20396,2022-09-06,6635.438,6681.0586
20397,2022-09-07,6662.8955,6638.207
20398,2022-09-08,6633.545,6668.6255
20399,2022-09-09,6583.835,6614.516
20400,2022-07-13,6832.661,6819.6787
20401,2022-07-14,6790.516,6878.2627
20402,2022-07-15,6749.32,6869.5234
20403,2022-07-16,6557.5396,6493.7876
20404,2022-07-17,6248.7925,6472.99
20405,2022-07-18,6308.93,7015.568
20406,2022-07-19,6658.8745,7069.656
20407,2022-07-20,6699.596,6760.8687
20408,2022-07-21,6667.872,6812.969
20409,2022-07-22,6631.4087,6728.701
20410,2022-07-23,6463.7754,6382.6753
20411,2022-07-24,6224.1694,6172.3145
20412,2022-07-25,6298.9863,6641.335
20413,2022-07-26,6624.3057,6571.5923
20414,2022-07-27,6650.3506,6749.6733
20415,2022-07-28,6639.4604,6847.575
20416,2022-07-29,6602.0513,6734.085
20417,2022-07-30,6468.0396,6325.5728
20418,2022-07-31,6265.366,6235.814
20419,2022-08-01,6347.2876,6703.5215
20420,2022-08-02,6638.985,6674.616
20421,2022-08-03,6654.14,6535.162
20422,2022-08-04,6651.2964,6481.2036
20423,2022-08-05,6618.623,6494.644
20424,2022-08-06,6487.4536,6221.2593
20425,2022-08-07,6269.154,6134.0005
20426,2022-08-08,6351.0776,6706.776
20427,2022-08-09,6629.9893,6331.053
20428,2022-08-10,6669.7676,6896.6816
20429,2022-08-11,6678.29,7002.168
20430,2022-08-12,6642.774,7050.8447
20431,2022-08-13,6513.4995,6501.6016
20432,2022-08-14,6305.6157,6308.7007
20433,2022-08-15,6381.8545,6894.875
20434,2022-08-16,6702.4395,6832.37
20435,2022-08-17,6718.0684,6919.016
20436,2022-08-18,6706.227,6906.066
20437,2022-08-19,6677.8154,6860.7544
20438,2022-08-20,6531.493,6497.6953
20439,2022-08-21,6330.7144,6135.005
20440,2022-08-22,6404.1133,6695.5205
20441,2022-08-23,6711.4355,6685.1035
20442,2022-08-24,6751.2124,6685.166
20443,2022-08-25,6739.85,6690.763
20444,2022-08-26,6714.2764,6530.3525
20445,2022-08-27,6577.424,6197.1304
20446,2022-08-28,6345.3945,6036.984
20447,2022-08-29,6424.0015,6538.454
20448,2022-08-30,6702.44,6561.5044
20449,2022-08-31,6733.694,6660.3345
20450,2022-09-01,6718.0645,6696.0244
20451,2022-09-02,6677.8154,6572.655
20452,2022-09-03,6519.6523,6276.3657
20453,2022-09-04,6314.614,6152.961
20454,2022-09-05,6392.274,6605.1196
20455,2022-09-06,6656.506,6681.0586
20456,2022-09-07,6696.7583,6638.207
20457,2022-09-08,6705.2817,6668.6255
20458,2022-09-09,6655.5596,6614.516
20459,2022-09-10,6495.503,6296.271
20460,2022-07-14,6804.6724,6878.2627
20461,2022-07-15,6769.6235,6869.5234
20462,2022-07-16,6597.221,6493.7876
20463,2022-07-17,6289.8354,6472.99
20464,2022-07-18,6322.513,7015.568
20465,2022-07-19,6700.473,7069.656
20466,2022-07-20,6710.42,6760.8687
20467,2022-07-21,6704.7383,6812.969
20468,2022-07-22,6656.4277,6728.701
20469,2022-07-23,6510.0737,6382.6753
20470,2022-07-24,6250.9985,6172.3145
20471,2022-07-25,6299.3076,6641.335
20472,2022-07-26,6645.06,6571.5923
20473,2022-07-27,6664.4775,6749.6733
20474,2022-07-28,6649.794,6847.575
20475,2022-07-29,6589.6426,6734.085
20476,2022-07-30,6477.391,6325.5728
20477,2022-07-31,6229.2104,6235.814
20478,2022-08-01,6274.2036,6703.5215
20479,2022-08-02,6593.908,6674.616
20480,2022-08-03,6601.485,6535.162
20481,2022-08-04,6611.905,6481.2036
20482,2022-08-05,6595.3286,6494.644
20483,2022-08-06,6488.287,6221.2593
20484,2022-08-07,6268.522,6134.0005
20485,2022-08-08,6322.9883,6706.776
20486,2022-08-09,6634.6387,6331.053
20487,2022-08-10,6640.7974,6896.6816
20488,2022-08-11,6642.2188,7002.168
20489,2022-08-12,6625.1675,7050.8447
20490,2022-08-13,6520.0195,6501.6016
20491,2022-08-14,6283.6777,6308.7007
20492,2022-08-15,6348.5654,6894.875
20493,2022-08-16,6681.0537,6832.37
20494,2022-08-17,6710.8926,6919.016
20495,2022-08-18,6716.103,6906.066
20496,2022-08-19,6682.9487,6860.7544
20497,2022-08-20,6565.9604,6497.6953
20498,2022-08-21,6318.727,6135.005
20499,2022-08-22,6367.5083,6695.5205
20500,2022-08-23,6679.6323,6685.1035
20501,2022-08-24,6707.5776,6685.166
20502,2022-08-25,6709.4746,6690.763
20503,2022-08-26,6684.8457,6530.3525
20504,2022-08-27,6564.541,6197.1304
20505,2022-08-28,6304.991,6036.984
20506,2022-08-29,6342.4077,6538.454
20507,2022-08-30,6655.9507,6561.5044
20508,2022-08-31,6685.317,6660.3345
20509,2022-09-01,6684.8438,6696.0244
20510,2022-09-02,6665.424,6572.655
20511,2022-09-03,6542.753,6276.3657
20512,2022-09-04,6290.7812,6152.961
20513,2022-09-05,6339.5654,6605.1196
20514,2022-09-06,6653.5825,6681.0586
20515,2022-09-07,6703.3154,6638.207
20516,2022-09-08,6703.7886,6668.6255
20517,2022-09-09,6663.531,6614.516
20518,2022-09-10,6521.439,6296.271
20519,2022-09-11,6289.361,6122.2437
20520,2022-07-15,6816.4976,6869.5234
20521,2022-07-16,6702.8027,6493.7876
20522,2022-07-17,6353.668,6472.99
20523,2022-07-18,6265.555,7015.568
20524,2022-07-19,6736.909,7069.656
20525,2022-07-20,6780.0195,6760.8687
20526,2022-07-21,6747.8066,6812.969
20527,2022-07-22,6719.857,6728.701
20528,2022-07-23,6618.953,6382.6753
20529,2022-07-24,6289.2417,6172.3145
20530,2022-07-25,6221.4976,6641.335
20531,2022-07-26,6646.904,6571.5923
20532,2022-07-27,6690.485,6749.6733
20533,2022-07-28,6666.324,6847.575
20534,2022-07-29,6647.3774,6734.085
20535,2022-07-30,6576.319,6325.5728
20536,2022-07-31,6276.449,6235.814
20537,2022-08-01,6226.2363,6703.5215
20538,2022-08-02,6617.0596,6674.616
20539,2022-08-03,6657.7993,6535.162
20540,2022-08-04,6657.3267,6481.2036
20541,2022-08-05,6637.4287,6494.644
20542,2022-08-06,6543.1577,6221.2593
20543,2022-08-07,6271.239,6134.0005
20544,2022-08-08,6249.449,6706.776
20545,2022-08-09,6642.64,6331.053
20546,2022-08-10,6686.2236,6896.6816
20547,2022-08-11,6671.064,7002.168
20548,2022-08-12,6654.483,7050.8447
20549,2022-08-13,6593.3726,6501.6016
20550,2022-08-14,6291.1357,6308.7007
20551,2022-08-15,6241.395,6894.875
20552,2022-08-16,6640.747,6832.37
20553,2022-08-17,6704.2246,6919.016
20554,2022-08-18,6713.7007,6906.066
20555,2022-08-19,6710.3833,6860.7544
20556,2022-08-20,6645.9556,6497.6953
20557,2022-08-21,6347.509,6135.005
20558,2022-08-22,6275.029,6695.5205
20559,2022-08-23,6698.5396,6685.1035
20560,2022-08-24,6759.6514,6685.166
20561,2022-08-25,6768.6504,6690.763
20562,2022-08-26,6749.7017,6530.3525
20563,2022-08-27,6671.0625,6197.1304
20564,2022-08-28,6376.4062,6036.984
20565,2022-08-29,6292.082,6538.454
20566,2022-08-30,6685.2764,6561.5044
20567,2022-08-31,6733.121,6660.3345
20568,2022-09-01,6740.7,6696.0244
20569,2022-09-02,6729.331,6572.655
20570,2022-09-03,6661.589,6276.3657
20571,2022-09-04,7250.4414,6152.961
20572,2022-09-05,6269.8193,6605.1196
20573,2022-09-06,6669.6436,6681.0586
20574,2022-09-07,6721.2783,6638.207
20575,2022-09-08,6731.2256,6668.6255
20576,2022-09-09,6692.38,6614.516
20577,2022-09-10,6607.111,6296.271
20578,2022-09-11,6324.7705,6122.2437
20579,2022-09-12,6250.869,6661.7607
20580,2022-07-16,6650.1675,6493.7876
20581,2022-07-17,6325.594,6472.99
20582,2022-07-18,6278.209,7015.568
20583,2022-07-19,6743.0386,7069.656
20584,2022-07-20,6766.254,6760.8687
20585,2022-07-21,6757.2515,6812.969
20586,2022-07-22,6713.1855,6728.701
20587,2022-07-23,6579.0923,6382.6753
20588,2022-07-24,6284.8438,6172.3145
20589,2022-07-25,6271.578,6641.335
20590,2022-07-26,6656.799,6571.5923
20591,2022-07-27,6706.0786,6749.6733
20592,2022-07-28,6706.5513,6847.575
20593,2022-07-29,6658.695,6734.085
20594,2022-07-30,6519.3906,6325.5728
20595,2022-07-31,6229.881,6235.814
20596,2022-08-01,6239.359,6703.5215
20597,2022-08-02,6634.055,6674.616
20598,2022-08-03,6692.8096,6535.162
20599,2022-08-04,6689.4927,6481.2036
20600,2022-08-05,6666.275,6494.644
20601,2022-08-06,6562.5073,6221.2593
20602,2022-08-07,6297.6377,6134.0005
20603,2022-08-08,6275.368,6706.776
20604,2022-08-09,6644.0044,6331.053
20605,2022-08-10,6707.5,6896.6816
20606,2022-08-11,6704.6567,7002.168
20607,2022-08-12,6665.3286,7050.8447
20608,2022-08-13,6580.9873,6501.6016
20609,2022-08-14,6309.958,6308.7007
20610,2022-08-15,6296.69,6894.875
20611,2022-08-16,6673.3833,6832.37
20612,2022-08-17,6726.4526,6919.016
20613,2022-08-18,6722.1875,6906.066
20614,2022-08-19,6719.344,6860.7544
20615,2022-08-20,6624.1045,6497.6953
20616,2022-08-21,6353.076,6135.005
20617,2022-08-22,6322.2773,6695.5205
20618,2022-08-23,6694.705,6685.1035
20619,2022-08-24,6752.986,6685.166
20620,2022-08-25,6749.195,6690.763
20621,2022-08-26,6716.977,6530.3525
20622,2022-08-27,6632.634,6197.1304
20623,2022-08-28,6359.234,6036.984
20624,2022-08-29,6316.1177,6538.454
20625,2022-08-30,6679.543,6561.5044
20626,2022-08-31,6725.503,6660.3345
20627,2022-09-01,6718.87,6696.0244
20628,2022-09-02,6687.1235,6572.655
20629,2022-09-03,6601.8345,6276.3657
20630,2022-09-04,6339.81,6152.961
20631,2022-09-05,6301.4287,6605.1196
20632,2022-09-06,6686.6494,6681.0586
20633,2022-09-07,6728.3496,6638.207
20634,2022-09-08,6715.5537,6668.6255
20635,2022-09-09,6663.4326,6614.516
20636,2022-09-10,6592.8325,6296.271
20637,2022-09-11,6321.805,6122.2437
20638,2022-09-12,6300.4805,6661.7607
20639,2022-09-13,6671.9595,6690.286
20640,2022-07-17,6245.544,6472.99
20641,2022-07-18,6676.2886,7015.568
20642,2022-07-19,6799.02,7069.656
20643,2022-07-20,6781.4863,6760.8687
20644,2022-07-21,6752.1074,6812.969
20645,2022-07-22,6697.6123,6728.701
20646,2022-07-23,6374.909,6382.6753
20647,2022-07-24,6214.2695,6172.3145
20648,2022-07-25,6639.8,6641.335
20649,2022-07-26,6715.6206,6571.5923
20650,2022-07-27,6691.453,6749.6733
20651,2022-07-28,6657.8066,6847.575
20652,2022-07-29,6581.514,6734.085
20653,2022-07-30,6291.037,6325.5728
20654,2022-07-31,6171.147,6235.814
20655,2022-08-01,6572.9844,6703.5215
20656,2022-08-02,6664.9155,6674.616
20657,2022-08-03,6655.439,6535.162
20658,2022-08-04,6639.8,6481.2036
20659,2022-08-05,6596.2036,6494.644
20660,2022-08-06,6296.2495,6221.2593
20661,2022-08-07,6200.5273,6134.0005
20662,2022-08-08,6614.212,6706.776
20663,2022-08-09,6693.821,6331.053
20664,2022-08-10,6698.5586,6896.6816
20665,2022-08-11,6700.9287,7002.168
20666,2022-08-12,6630.799,7050.8447
20667,2022-08-13,6345.0576,6501.6016
20668,2022-08-14,6245.5444,6308.7007
20669,2022-08-15,6659.7026,6894.875
20670,2022-08-16,6738.364,6832.37
20671,2022-08-17,6733.1543,6919.016
20672,2022-08-18,6720.359,6906.066
20673,2022-08-19,6667.284,6860.7544
20674,2022-08-20,6364.485,6497.6953
20675,2022-08-21,6245.0693,6135.005
20676,2022-08-22,6631.2725,6695.5205
20677,2022-08-23,6743.5767,6685.1035
20678,2022-08-24,6747.3687,6685.166
20679,2022-08-25,6740.26,6690.763
20680,2022-08-26,6679.6064,6530.3525
20681,2022-08-27,6390.0737,6197.1304
20682,2022-08-28,6268.7637,6036.984
20683,2022-08-29,6649.752,6538.454
20684,2022-08-30,6737.891,6561.5044
20685,2022-08-31,6738.3657,6660.3345
20686,2022-09-01,6719.884,6696.0244
20687,2022-09-02,6642.6445,6572.655
20688,2022-09-03,6353.1113,6276.3657
20689,2022-09-04,6241.28,6152.961
20690,2022-09-05,6614.686,6605.1196
20691,2022-09-06,6723.2,6681.0586
20692,2022-09-07,6731.7295,6638.207
20693,2022-09-08,6708.5117,6668.6255
20694,2022-09-09,6650.2246,6614.516
20695,2022-09-10,6341.7383,6296.271
20696,2022-09-11,6232.2764,6122.2437
20697,2022-09-12,6626.058,6661.7607
20698,2022-09-13,6715.6177,6690.286
20699,2022-09-14,6729.3623,6598.0693
20700,2022-07-18,6804.418,7015.568
20701,2022-07-19,6873.6143,7069.656
20702,2022-07-20,6837.5938,6760.8687
20703,2022-07-21,6814.8438,6812.969
20704,2022-07-22,6730.0073,6728.701
20705,2022-07-23,6411.044,6382.6753
20706,2022-07-24,6304.881,6172.3145
20707,2022-07-25,6729.061,6641.335
20708,2022-07-26,6791.622,6571.5923
20709,2022-07-27,6767.922,6749.6733
20710,2022-07-28,6721.95,6847.575
20711,2022-07-29,6630.0063,6734.085
20712,2022-07-30,6324.787,6325.5728
20713,2022-07-31,6240.899,6235.814
20714,2022-08-01,6666.9756,6703.5215
20715,2022-08-02,6720.531,6674.616
20716,2022-08-03,6722.425,6535.162
20717,2022-08-04,6695.885,6481.2036
20718,2022-08-05,6634.2744,6494.644
20719,2022-08-06,6348.485,6221.2593
20720,2022-08-07,6290.661,6134.0005
20721,2022-08-08,6672.1875,6706.776
20722,2022-08-09,6754.1787,6331.053
20723,2022-08-10,6749.4395,6896.6816
20724,2022-08-11,6708.2075,7002.168
20725,2022-08-12,6637.59,7050.8447
20726,2022-08-13,6346.115,6501.6016
20727,2022-08-14,6327.156,6308.7007
20728,2022-08-15,6718.6343,6894.875
20729,2022-08-16,6758.4473,6832.37
20730,2022-08-17,6772.663,6919.016
20731,2022-08-18,6767.9243,6906.066
20732,2022-08-19,6686.4043,6860.7544
20733,2022-08-20,6416.2563,6497.6953
20734,2022-08-21,6360.806,6135.005
20735,2022-08-22,6737.118,6695.5205
20736,2022-08-23,6803.9443,6685.1035
20737,2022-08-24,6822.9014,6685.166
20738,2022-08-25,6794.937,6690.763
20739,2022-08-26,6733.324,6530.3525
20740,2022-08-27,6437.585,6197.1304
20741,2022-08-28,6361.754,6036.984
20742,2022-08-29,6736.6445,6538.454
20743,2022-08-30,6812.947,6561.5044
20744,2022-08-31,6823.848,6660.3345
20745,2022-09-01,6786.8823,6696.0244
20746,2022-09-02,6708.205,6572.655
20747,2022-09-03,6430.476,6276.3657
20748,2022-09-04,6393.509,6152.961
20749,2022-09-05,6756.5493,6605.1196
20750,2022-09-06,6826.2183,6681.0586
20751,2022-09-07,6827.1675,6638.207
20752,2022-09-08,6781.194,6668.6255
20753,2022-09-09,6707.2607,6614.516
20754,2022-09-10,6405.3555,6296.271
20755,2022-09-11,6369.812,6122.2437
20756,2022-09-12,6746.122,6661.7607
20757,2022-09-13,6815.319,6690.286
20758,2022-09-14,6808.209,6598.0693
20759,2022-09-15,6780.248,6655.694
20760,2022-07-19,6954.4155,7069.656
20761,2022-07-20,6919.3306,6760.8687
20762,2022-07-21,6879.9795,6812.969
20763,2022-07-22,6794.6377,6728.701
20764,2022-07-23,6436.2007,6382.6753
20765,2022-07-24,6337.1113,6172.3145
20766,2022-07-25,6809.811,6641.335
20767,2022-07-26,6846.3164,6571.5923
20768,2022-07-27,6814.0757,6749.6733
20769,2022-07-28,6790.371,6847.575
20770,2022-07-29,6682.745,6734.085
20771,2022-07-30,6348.964,6325.5728
20772,2022-07-31,6284.9575,6235.814
20773,2022-08-01,6684.642,6703.5215
20774,2022-08-02,6743.9043,6674.616
20775,2022-08-03,6715.458,6535.162
20776,2022-08-04,6699.341,6481.2036
20777,2022-08-05,6620.162,6494.644
20778,2022-08-06,6303.449,6221.2593
20779,2022-08-07,6244.6587,6134.0005
20780,2022-08-08,6668.5215,6706.776
20781,2022-08-09,6726.839,6331.053
20782,2022-08-10,6700.761,6896.6816
20783,2022-08-11,6681.321,7002.168
20784,2022-08-12,6617.3164,7050.8447
20785,2022-08-13,6312.459,6501.6016
20786,2022-08-14,6275.949,6308.7007
20787,2022-08-15,6708.3467,6894.875
20788,2022-08-16,6754.338,6832.37
20789,2022-08-17,6743.9062,6919.016
20790,2022-08-18,6745.3296,6906.066
20791,2022-08-19,6678.005,6860.7544
20792,2022-08-20,6394.0063,6497.6953
20793,2022-08-21,6338.534,6135.005
20794,2022-08-22,6754.811,6695.5205
20795,2022-08-23,6811.7056,6685.1035
20796,2022-08-24,6817.3945,6685.166
20797,2022-08-25,6797.009,6690.763
20798,2022-08-26,6727.314,6530.3525
20799,2022-08-27,6409.176,6197.1304
20800,2022-08-28,6345.6455,6036.984
20801,2022-08-29,6762.872,6538.454
20802,2022-08-30,6835.4126,6561.5044
20803,2022-08-31,6822.136,6660.3345
20804,2022-09-01,6791.319,6696.0244
20805,2022-09-02,6708.35,6572.655
20806,2022-09-03,6416.7627,6276.3657
20807,2022-09-04,6341.3774,6152.961
20808,2022-09-05,6753.864,6605.1196
20809,2022-09-06,6821.19,6681.0586
20810,2022-09-07,6812.655,6638.207
20811,2022-09-08,6785.1543,6668.6255
20812,2022-09-09,6685.5913,6614.516
20813,2022-09-10,6375.517,6296.271
20814,2022-09-11,6322.4155,6122.2437
20815,2022-09-12,6726.838,6661.7607
20816,2022-09-13,6775.675,6690.286
20817,2022-09-14,6776.619,6598.0693
20818,2022-09-15,6750.544,6655.694
20819,2022-09-16,6668.0464,6783.464
20820,2022-07-20,6953.236,6760.8687
20821,2022-07-21,6921.4604,6812.969
20822,2022-07-22,6853.6445,6728.701
20823,2022-07-23,6487.0596,6382.6753
20824,2022-07-24,6349.0566,6172.3145
20825,2022-07-25,6819.973,6641.335
20826,2022-07-26,6866.447,6571.5923
20827,2022-07-27,6854.1187,6749.6733
20828,2022-07-28,6832.7754,6847.575
20829,2022-07-29,6739.826,6734.085
20830,2022-07-30,6381.3057,6325.5728
20831,2022-07-31,6290.252,6235.814
20832,2022-08-01,6768.756,6703.5215
20833,2022-08-02,6810.015,6674.616
20834,2022-08-03,6804.7983,6535.162
20835,2022-08-04,6755.478,6481.2036
20836,2022-08-05,6695.7246,6494.644
20837,2022-08-06,6351.4263,6221.2593
20838,2022-08-07,6257.53,6134.0005
20839,2022-08-08,6717.0645,6706.776
20840,2022-08-09,6753.1064,6331.053
20841,2022-08-10,6742.6733,6896.6816
20842,2022-08-11,6727.4956,7002.168
20843,2022-08-12,6641.659,7050.8447
20844,2022-08-13,6317.759,6501.6016
20845,2022-08-14,6274.13,6308.7007
20846,2022-08-15,6706.1543,6894.875
20847,2022-08-16,6759.2715,6832.37
20848,2022-08-17,6756.8994,6919.016
20849,2022-08-18,6738.4023,6906.066
20850,2022-08-19,6675.804,6860.7544
20851,2022-08-20,6369.45,6497.6953
20852,2022-08-21,6315.3877,6135.005
20853,2022-08-22,6776.3433,6695.5205
20854,2022-08-23,6852.6934,6685.1035
20855,2022-08-24,6834.199,6685.166
20856,2022-08-25,6822.8174,6690.763
20857,2022-08-26,6762.1167,6530.3525
20858,2022-08-27,6428.728,6197.1304
20859,2022-08-28,6341.944,6036.984
20860,2022-08-29,6786.7773,6538.454
20861,2022-08-30,6840.365,6561.5044
20862,2022-08-31,6826.6123,6660.3345
20863,2022-09-01,6803.3755,6696.0244
20864,2022-09-02,6740.775,6572.655
20865,2022-09-03,6434.8945,6276.3657
20866,2022-09-04,6342.89,6152.961
20867,2022-09-05,6788.6724,6605.1196
20868,2022-09-06,6850.7983,6681.0586
20869,2022-09-07,6836.572,6638.207
20870,2022-09-08,6816.179,6668.6255
20871,2022-09-09,6718.963,6614.516
20872,2022-09-10,6382.727,6296.271
20873,2022-09-11,6314.438,6122.2437
20874,2022-09-12,6765.4346,6661.7607
20875,2022-09-13,6807.643,6690.286
20876,2022-09-14,6795.312,6598.0693
20877,2022-09-15,6792.9404,6655.694
20878,2022-09-16,6684.3423,6783.464
20879,2022-09-17,6377.51,6437.4614
20880,2022-07-21,6771.561,6812.969
20881,2022-07-22,6736.4614,6728.701
20882,2022-07-23,6388.324,6382.6753
20883,2022-07-24,6250.7793,6172.3145
20884,2022-07-25,6712.274,6641.335
20885,2022-07-26,6774.4067,6571.5923
20886,2022-07-27,6740.255,6749.6733
20887,2022-07-28,6715.1167,6847.575
20888,2022-07-29,6639.2295,6734.085
20889,2022-07-30,6323.346,6325.5728
20890,2022-07-31,6219.949,6235.814
20891,2022-08-01,6657.7285,6703.5215
20892,2022-08-02,6720.3364,6674.616
20893,2022-08-03,6717.0156,6535.162
20894,2022-08-04,6687.61,6481.2036
20895,2022-08-05,6610.301,6494.644
20896,2022-08-06,6310.541,6221.2593
20897,2022-08-07,6224.694,6134.0005
20898,2022-08-08,6634.013,6706.776
20899,2022-08-09,6703.2627,6331.053
20900,2022-08-10,6690.9277,6896.6816
20901,2022-08-11,6670.534,7002.168
20902,2022-08-12,6564.768,7050.8447
20903,2022-08-13,6295.362,6501.6016
20904,2022-08-14,6263.112,6308.7007
20905,2022-08-15,6659.627,6894.875
20906,2022-08-16,6730.2954,6832.37
20907,2022-08-17,6727.449,6919.016
20908,2022-08-18,6721.2856,6906.066
20909,2022-08-19,6645.3975,6860.7544
20910,2022-08-20,6364.135,6497.6953
20911,2022-08-21,6315.7593,6135.005
20912,2022-08-22,6740.257,6695.5205
20913,2022-08-23,6783.417,6685.1035
20914,2022-08-24,6788.16,6685.166
20915,2022-08-25,6760.1777,6690.763
20916,2022-08-26,6685.2373,6530.3525
20917,2022-08-27,6388.8,6197.1304
20918,2022-08-28,6319.5527,6036.984
20919,2022-08-29,6711.8,6538.454
20920,2022-08-30,6773.9326,6561.5044
20921,2022-08-31,6785.7896,6660.3345
20922,2022-09-01,6769.665,6696.0244
20923,2022-09-02,6674.8027,6572.655
20924,2022-09-03,6379.314,6276.3657
20925,2022-09-04,6322.398,6152.961
20926,2022-09-05,6715.592,6605.1196
20927,2022-09-06,6765.8687,6681.0586
20928,2022-09-07,6759.2285,6638.207
20929,2022-09-08,6730.7705,6668.6255
20930,2022-09-09,6636.3843,6614.516
20931,2022-09-10,6327.615,6296.271
20932,2022-09-11,6298.6826,6122.2437
20933,2022-09-12,6684.29,6661.7607
20934,2022-09-13,6754.486,6690.286
20935,2022-09-14,6745.9487,6598.0693
20936,2022-09-15,6725.553,6655.694
20937,2022-09-16,6635.9106,6783.464
20938,2022-09-17,6347.0605,6437.4614
20939,2022-09-18,6308.6445,6100.54
20940,2022-07-22,6742.2246,6728.701
20941,2022-07-23,6411.1133,6382.6753
20942,2022-07-24,6297.264,6172.3145
20943,2022-07-25,6749.8145,6641.335
20944,2022-07-26,6813.855,6571.5923
20945,2022-07-27,6791.085,6749.6733
20946,2022-07-28,6748.8657,6847.575
20947,2022-07-29,6640.234,6734.085
20948,2022-07-30,6322.405,6325.5728
20949,2022-07-31,6256.942,6235.814
20950,2022-08-01,6680.556,6703.5215
20951,2022-08-02,6746.9683,6674.616
20952,2022-08-03,6722.301,6535.162
20953,2022-08-04,6695.7363,6481.2036
20954,2022-08-05,6581.8867,6494.644
20955,2022-08-06,6289.199,6221.2593
20956,2022-08-07,6237.9673,6134.0005
20957,2022-08-08,6646.4014,6706.776
20958,2022-08-09,6710.4414,6331.053
20959,2022-08-10,6704.7485,6896.6816
20960,2022-08-11,6674.864,7002.168
20961,2022-08-12,6589.476,7050.8447
20962,2022-08-13,6302.482,6501.6016
20963,2022-08-14,6250.301,6308.7007
20964,2022-08-15,6654.94,6894.875
20965,2022-08-16,6725.621,6832.37
20966,2022-08-17,6737.0063,6919.016
20967,2022-08-18,6700.48,6906.066
20968,2022-08-19,6618.8877,6860.7544
20969,2022-08-20,6329.5215,6497.6953
20970,2022-08-21,6292.0454,6135.005
20971,2022-08-22,6721.826,6695.5205
20972,2022-08-23,6772.5845,6685.1035
20973,2022-08-24,6761.6743,6685.166
20974,2022-08-25,6764.995,6690.763
20975,2022-08-26,6688.62,6530.3525
20976,2022-08-27,6385.4976,6197.1304
20977,2022-08-28,6322.4062,6036.984
20978,2022-08-29,6747.917,6538.454
20979,2022-08-30,6817.175,6561.5044
20980,2022-08-31,6809.585,6660.3345
20981,2022-09-01,6800.098,6696.0244
20982,2022-09-02,6729.8906,6572.655
20983,2022-09-03,6416.8057,6276.3657
20984,2022-09-04,6338.534,6152.961
20985,2022-09-05,6773.533,6605.1196
20986,2022-09-06,6822.3936,6681.0586
20987,2022-09-07,6814.3296,6638.207
20988,2022-09-08,6798.6743,6668.6255
20989,2022-09-09,6684.825,6614.516
20990,2022-09-10,6368.8936,6296.271
20991,2022-09-11,6303.905,6122.2437
20992,2022-09-12,6739.378,6661.7607
20993,2022-09-13,6801.995,6690.286
20994,2022-09-14,6803.893,6598.0693
20995,2022-09-15,6760.2505,6655.694
20996,2022-09-16,6657.785,6783.464
20997,2022-09-17,6351.342,6437.4614
20998,2022-09-18,6288.2505,6100.54
20999,2022-09-19,6716.1333,6544.195
21000,2022-07-23,6335.399,6382.6753
21001,2022-07-24,6249.529,6172.3145
21002,2022-07-25,6747.196,6641.335
21003,2022-07-26,6786.0967,6571.5923
21004,2022-07-27,6759.5312,6749.6733
21005,2022-07-28,6696.433,6847.575
21006,2022-07-29,6578.7773,6734.085
21007,2022-07-30,6240.515,6325.5728
21008,2022-07-31,6169.8267,6235.814
21009,2022-08-01,6618.154,6703.5215
21010,2022-08-02,6658.003,6674.616
21011,2022-08-03,6673.1875,6535.162
21012,2022-08-04,6637.6055,6481.2036
21013,2022-08-05,6522.7964,6494.644
21014,2022-08-06,6239.092,6221.2593
21015,2022-08-07,6178.3657,6134.0005
21016,2022-08-08,6622.898,6706.776
21017,2022-08-09,6676.9814,6331.053
21018,2022-08-10,6685.5215,6896.6816
21019,2022-08-11,6656.582,7002.168
21020,2022-08-12,6572.61,7050.8447
21021,2022-08-13,6268.5063,6501.6016
21022,2022-08-14,6220.114,6308.7007
21023,2022-08-15,6690.739,6894.875
21024,2022-08-16,6706.87,6832.37
21025,2022-08-17,6704.4976,6919.016
21026,2022-08-18,6673.1855,6906.066
21027,2022-08-19,6629.065,6860.7544
21028,2022-08-20,6338.7217,6497.6953
21029,2022-08-21,6281.315,6135.005
21030,2022-08-22,6738.1807,6695.5205
21031,2022-08-23,6782.7754,6685.1035
21032,2022-08-24,6807.9194,6685.166
21033,2022-08-25,6761.4277,6690.763
21034,2022-08-26,6708.7656,6530.3525
21035,2022-08-27,6380.47,6197.1304
21036,2022-08-28,6313.101,6036.984
21037,2022-08-29,6748.618,6538.454
21038,2022-08-30,6806.496,6561.5044
21039,2022-08-31,6816.4614,6660.3345
21040,2022-09-01,6806.973,6696.0244
21041,2022-09-02,6730.592,6572.655
21042,2022-09-03,6398.0225,6276.3657
21043,2022-09-04,6304.088,6152.961
21044,2022-09-05,6736.283,6605.1196
21045,2022-09-06,6777.56,6681.0586
21046,2022-09-07,6769.0205,6638.207
21047,2022-09-08,6741.5024,6668.6255
21048,2022-09-09,6644.2456,6614.516
21049,2022-09-10,6326.3857,6296.271
21050,2022-09-11,6269.928,6122.2437
21051,2022-09-12,6702.6006,6661.7607
21052,2022-09-13,6744.3486,6690.286
21053,2022-09-14,6757.158,6598.0693
21054,2022-09-15,6706.87,6655.694
21055,2022-09-16,6610.563,6783.464
21056,2022-09-17,6316.898,6437.4614
21057,2022-09-18,6266.6094,6100.54
21058,2022-09-19,6675.083,6544.195
21059,2022-09-20,6727.2715,6563.9985
21060,2022-07-24,6258.054,6172.3145
21061,2022-07-25,6750.5063,6641.335
21062,2022-07-26,6808.8564,6571.5923
21063,2022-07-27,6790.8276,6749.6733
21064,2022-07-28,6756.1973,6847.575
21065,2022-07-29,6674.5996,6734.085
21066,2022-07-30,6324.0,6325.5728
21067,2022-07-31,6234.334,6235.814
21068,2022-08-01,6734.3745,6703.5215
21069,2022-08-02,6764.2627,6674.616
21070,2022-08-03,6758.5693,6535.162
21071,2022-08-04,6722.0386,6481.2036
21072,2022-08-05,6626.207,6494.644
21073,2022-08-06,6294.5854,6221.2593
21074,2022-08-07,6216.3066,6134.0005
21075,2022-08-08,6685.51,6706.776
21076,2022-08-09,6737.6943,6331.053
21077,2022-08-10,6717.7715,6896.6816
21078,2022-08-11,6704.0127,7002.168
21079,2022-08-12,6622.8867,7050.8447
21080,2022-08-13,6324.948,6501.6016
21081,2022-08-14,6271.8145,6308.7007
21082,2022-08-15,6729.1567,6894.875
21083,2022-08-16,6769.4795,6832.37
21084,2022-08-17,6765.6846,6919.016
21085,2022-08-18,6722.04,6906.066
21086,2022-08-19,6631.4243,6860.7544
21087,2022-08-20,6337.7573,6497.6953
21088,2022-08-21,6296.0073,6135.005
21089,2022-08-22,6751.453,6695.5205
21090,2022-08-23,6790.83,6685.1035
21091,2022-08-24,6805.063,6685.166
21092,2022-08-25,6779.917,6690.763
21093,2022-08-26,6694.524,6530.3525
21094,2022-08-27,6385.201,6197.1304
21095,2022-08-28,6312.6133,6036.984
21096,2022-08-29,6753.825,6538.454
21097,2022-08-30,6811.2295,6561.5044
21098,2022-08-31,6794.1514,6660.3345
21099,2022-09-01,6772.8013,6696.0244
21100,2022-09-02,6713.025,6572.655
21101,2022-09-03,6383.777,6276.3657
21102,2022-09-04,6312.1387,6152.961
21103,2022-09-05,6756.197,6605.1196
21104,2022-09-06,6811.703,6681.0586
21105,2022-09-07,6784.1855,6638.207
21106,2022-09-08,6766.161,6668.6255
21107,2022-09-09,6693.1,6614.516
21108,2022-09-10,6352.939,6296.271
21109,2022-09-11,6297.9077,6122.2437
21110,2022-09-12,6752.875,6661.7607
21111,2022-09-13,6794.1494,6690.286
21112,2022-09-14,6786.56,6598.0693
21113,2022-09-15,6741.9644,6655.694
21114,2022-09-16,6656.5693,6783.464
21115,2022-09-17,6302.6504,6437.4614
21116,2022-09-18,6253.311,6100.54
21117,2022-09-19,6718.2417,6544.195
21118,2022-09-20,6759.044,6563.9985
21119,2022-09-21,6752.402,6707.543
21120,2022-07-25,6665.7217,6641.335
21121,2022-07-26,6726.922,6571.5923
21122,2022-07-27,6707.4707,6749.6733
21123,2022-07-28,6659.0796,6847.575
21124,2022-07-29,6549.9624,6734.085
21125,2022-07-30,6262.9316,6325.5728
21126,2022-07-31,6202.203,6235.814
21127,2022-08-01,6602.149,6703.5215
21128,2022-08-02,6658.132,6674.616
21129,2022-08-03,6652.438,6535.162
21130,2022-08-04,6609.741,6481.2036
21131,2022-08-05,6523.3926,6494.644
21132,2022-08-06,6259.6094,6221.2593
21133,2022-08-07,6237.785,6134.0005
21134,2022-08-08,6629.6675,6706.776
21135,2022-08-09,6678.5312,6331.053
21136,2022-08-10,6683.277,6896.6816
21137,2022-08-11,6633.9346,7002.168
21138,2022-08-12,6545.2188,7050.8447
21139,2022-08-13,6280.485,6501.6016
21140,2022-08-14,6281.908,6308.7007
21141,2022-08-15,6676.162,6894.875
21142,2022-08-16,6718.858,6832.37
21143,2022-08-17,6723.129,6919.016
21144,2022-08-18,6703.677,6906.066
21145,2022-08-19,6606.4194,6860.7544
21146,2022-08-20,6347.3823,6497.6953
21147,2022-08-21,6330.7754,6135.005
21148,2022-08-22,6732.142,6695.5205
21149,2022-08-23,6791.447,6685.1035
21150,2022-08-24,6799.986,6685.166
21151,2022-08-25,6767.2505,6690.763
21152,2022-08-26,6647.6934,6530.3525
21153,2022-08-27,6361.6133,6197.1304
21154,2022-08-28,6322.2344,6036.984
21155,2022-08-29,6743.0537,6538.454
21156,2022-08-30,6787.177,6561.5044
21157,2022-08-31,6782.429,6660.3345
21158,2022-09-01,6748.748,6696.0244
21159,2022-09-02,6637.7324,6572.655
21160,2022-09-03,6353.549,6276.3657
21161,2022-09-04,6318.9155,6152.961
21162,2022-09-05,6707.946,6605.1196
21163,2022-09-06,6758.237,6681.0586
21164,2022-09-07,6744.9507,6638.207
21165,2022-09-08,6712.6895,6668.6255
21166,2022-09-09,6614.4824,6614.516
21167,2022-09-10,6339.7886,6296.271
21168,2022-09-11,6319.3887,6122.2437
21169,2022-09-12,6700.3574,6661.7607
21170,2022-09-13,6751.5938,6690.286
21171,2022-09-14,6725.502,6598.0693
21172,2022-09-15,6700.8306,6655.694
21173,2022-09-16,6580.325,6783.464
21174,2022-09-17,6296.6157,6437.4614
21175,2022-09-18,6281.4336,6100.54
21176,2022-09-19,6667.143,6544.195
21177,2022-09-20,6721.7046,6563.9985
21178,2022-09-21,6705.098,6707.543
21179,2022-09-22,6677.584,6599.5947
21180,2022-07-26,6791.4717,6571.5923
21181,2022-07-27,6754.459,6749.6733
21182,2022-07-28,6714.596,6847.575
21183,2022-07-29,6596.9126,6734.085
21184,2022-07-30,6260.471,6325.5728
21185,2022-07-31,6176.004,6235.814
21186,2022-08-01,6659.074,6703.5215
21187,2022-08-02,6709.852,6674.616
21188,2022-08-03,6706.5293,6535.162
21189,2022-08-04,6685.1763,6481.2036
21190,2022-08-05,6590.2676,6494.644
21191,2022-08-06,6291.3145,6221.2593
21192,2022-08-07,6249.083,6134.0005
21193,2022-08-08,6670.938,6706.776
21194,2022-08-09,6716.0205,6331.053
21195,2022-08-10,6705.58,6896.6816
21196,2022-08-11,6688.0205,7002.168
21197,2022-08-12,6594.54,7050.8447
21198,2022-08-13,6300.805,6501.6016
21199,2022-08-14,6260.946,6308.7007
21200,2022-08-15,6686.125,6894.875
21201,2022-08-16,6738.322,6832.37
21202,2022-08-17,6731.207,6919.016
21203,2022-08-18,6703.208,6906.066
21204,2022-08-19,6628.706,6860.7544
21205,2022-08-20,6325.4805,6497.6953
21206,2022-08-21,6296.533,6135.005
21207,2022-08-22,6743.542,6695.5205
21208,2022-08-23,6780.081,6685.1035
21209,2022-08-24,6794.3174,6685.166
21210,2022-08-25,6770.114,6690.763
21211,2022-08-26,6687.072,6530.3525
21212,2022-08-27,6385.747,6197.1304
21213,2022-08-28,6307.924,6036.984
21214,2022-08-29,6738.3223,6538.454
21215,2022-08-30,6779.132,6561.5044
21216,2022-08-31,6791.9463,6660.3345
21217,2022-09-01,6763.4756,6696.0244
21218,2022-09-02,6689.445,6572.655
21219,2022-09-03,6376.73,6276.3657
21220,2022-09-04,6292.2627,6152.961
21221,2022-09-05,6721.7144,6605.1196
21222,2022-09-06,6797.639,6681.0586
21223,2022-09-07,6761.1,6638.207
21224,2022-09-08,6747.814,6668.6255
21225,2022-09-09,6656.7046,6614.516
21226,2022-09-10,6342.0894,6296.271
21227,2022-09-11,6278.0273,6122.2437
21228,2022-09-12,6693.7188,6661.7607
21229,2022-09-13,6736.899,6690.286
21230,2022-09-14,6731.205,6598.0693
21231,2022-09-15,6699.8857,6655.694
21232,2022-09-16,6588.844,6783.464
21233,2022-09-17,6278.0283,6437.4614
21234,2022-09-18,6239.591,6100.54
21235,2022-09-19,6654.805,6544.195
21236,2022-09-20,6701.7837,6563.9985
21237,2022-09-21,6690.87,6707.543
21238,2022-09-22,6672.837,6599.5947
21239,2022-09-23,6595.0156,6654.368
21240,2022-07-27,6587.1177,6749.6733
21241,2022-07-28,6607.5225,6847.575
21242,2022-07-29,6512.6143,6734.085
21243,2022-07-30,6220.299,6325.5728
21244,2022-07-31,6171.418,6235.814
21245,2022-08-01,6622.708,6703.5215
21246,2022-08-02,6656.4,6674.616
21247,2022-08-03,6654.0264,6535.162
21248,2022-08-04,6642.165,6481.2036
21249,2022-08-05,6582.372,6494.644
21250,2022-08-06,6262.0576,6221.2593
21251,2022-08-07,6190.8745,6134.0005
21252,2022-08-08,6630.299,6706.776
21253,2022-08-09,6654.5005,6331.053
21254,2022-08-10,6651.655,6896.6816
21255,2022-08-11,6633.6235,7002.168
21256,2022-08-12,6582.3706,7050.8447
21257,2022-08-13,6263.4785,6501.6016
21258,2022-08-14,6211.754,6308.7007
21259,2022-08-15,6648.3325,6894.875
21260,2022-08-16,6672.0586,6832.37
21261,2022-08-17,6663.518,6919.016
21262,2022-08-18,6649.2827,6906.066
21263,2022-08-19,6607.5215,6860.7544
21264,2022-08-20,6300.9688,6497.6953
21265,2022-08-21,6237.8545,6135.005
21266,2022-08-22,6692.94,6695.5205
21267,2022-08-23,6720.937,6685.1035
21268,2022-08-24,6710.498,6685.166
21269,2022-08-25,6716.666,6690.763
21270,2022-08-26,6660.669,6530.3525
21271,2022-08-27,6343.2046,6197.1304
21272,2022-08-28,6261.1094,6036.984
21273,2022-08-29,6715.243,6538.454
21274,2022-08-30,6729.0024,6561.5044
21275,2022-08-31,6723.308,6660.3345
21276,2022-09-01,6697.6836,6696.0244
21277,2022-09-02,6621.2827,6572.655
21278,2022-09-03,6309.0356,6276.3657
21279,2022-09-04,6231.21,6152.961
21280,2022-09-05,6676.3296,6605.1196
21281,2022-09-06,6714.294,6681.0586
21282,2022-09-07,6693.8887,6638.207
21283,2022-09-08,6688.668,6668.6255
21284,2022-09-09,6603.725,6614.516
21285,2022-09-10,6291.4775,6296.271
21286,2022-09-11,6218.873,6122.2437
21287,2022-09-12,6647.858,6661.7607
21288,2022-09-13,6688.6675,6690.286
21289,2022-09-14,6668.264,6598.0693
21290,2022-09-15,6651.654,6655.694
21291,2022-09-16,6556.2715,6783.464
21292,2022-09-17,6249.7183,6437.4614
21293,2022-09-18,6187.076,6100.54
21294,2022-09-19,6607.996,6544.195
21295,2022-09-20,6654.975,6563.9985
21296,2022-09-21,6653.076,6707.543
21297,2022-09-22,6627.928,6599.5947
21298,2022-09-23,6564.338,6654.368
21299,2022-09-24,6262.5327,6330.1553
21300,2022-07-28,6710.053,6847.575
21301,2022-07-29,6593.7827,6734.085
21302,2022-07-30,6266.3237,6325.5728
21303,2022-07-31,6175.679,6235.814
21304,2022-08-01,6610.8667,6703.5215
21305,2022-08-02,6665.9175,6674.616
21306,2022-08-03,6679.206,6535.162
21307,2022-08-04,6654.5293,6481.2036
21308,2022-08-05,6575.274,6494.644
21309,2022-08-06,6255.4077,6221.2593
21310,2022-08-07,6182.7983,6134.0005
21311,2022-08-08,6611.8145,6706.776
21312,2022-08-09,6656.9014,6331.053
21313,2022-08-10,6641.714,6896.6816
21314,2022-08-11,6614.189,7002.168
21315,2022-08-12,6552.97,7050.8447
21316,2022-08-13,6271.545,6501.6016
21317,2022-08-14,6216.9673,6308.7007
21318,2022-08-15,6643.6123,6894.875
21319,2022-08-16,6672.565,6832.37
21320,2022-08-17,6690.5967,6919.016
21321,2022-08-18,6685.3755,6906.066
21322,2022-08-19,6622.256,6860.7544
21323,2022-08-20,6332.2896,6497.6953
21324,2022-08-21,6262.053,6135.005
21325,2022-08-22,6678.7314,6695.5205
21326,2022-08-23,6718.5957,6685.1035
21327,2022-08-24,6725.714,6685.166
21328,2022-08-25,6731.8833,6690.763
21329,2022-08-26,6664.9688,6530.3525
21330,2022-08-27,6364.0864,6197.1304
21331,2022-08-28,6292.4263,6036.984
21332,2022-08-29,6696.7637,6538.454
21333,2022-08-30,6750.8667,6561.5044
21334,2022-08-31,6751.341,6660.3345
21335,2022-09-01,6719.071,6696.0244
21336,2022-09-02,6627.478,6572.655
21337,2022-09-03,6310.933,6276.3657
21338,2022-09-04,6243.544,6152.961
21339,2022-09-05,6637.4434,6605.1196
21340,2022-09-06,6684.424,6681.0586
21341,2022-09-07,6692.0195,6638.207
21342,2022-09-08,6664.02,6668.6255
21343,2022-09-09,6575.748,6614.516
21344,2022-09-10,6281.985,6296.271
21345,2022-09-11,6243.0693,6122.2437
21346,2022-09-12,6629.375,6661.7607
21347,2022-09-13,6681.1045,6690.286
21348,2022-09-14,6699.1367,6598.0693
21349,2022-09-15,6667.342,6655.694
21350,2022-09-16,6555.8164,6783.464
21351,2022-09-17,6277.713,6437.4614
21352,2022-09-18,6236.425,6100.54
21353,2022-09-19,6602.7983,6544.195
21354,2022-09-20,6655.003,6563.9985
21355,2022-09-21,6691.544,6707.543
21356,2022-09-22,6647.8833,6599.5947
21357,2022-09-23,6567.2075,6654.368
21358,2022-09-24,6285.305,6330.1553
21359,2022-09-25,6244.4937,6051.0
21360,2022-07-29,6674.6357,6734.085
21361,2022-07-30,6322.9375,6325.5728
21362,2022-07-31,6209.0283,6235.814
21363,2022-08-01,6665.141,6703.5215
21364,2022-08-02,6701.6875,6674.616
21365,2022-08-03,6677.0073,6535.162
21366,2022-08-04,6663.7183,6481.2036
21367,2022-08-05,6594.8965,6494.644
21368,2022-08-06,6266.456,6221.2593
21369,2022-08-07,6173.4307,6134.0005
21370,2022-08-08,6623.8486,6706.776
21371,2022-08-09,6669.416,6331.053
21372,2022-08-10,6682.7026,6896.6816
21373,2022-08-11,6653.7505,7002.168
21374,2022-08-12,6602.967,7050.8447
21375,2022-08-13,6293.5107,6501.6016
21376,2022-08-14,6233.7075,6308.7007
21377,2022-08-15,6664.192,6894.875
21378,2022-08-16,6714.0293,6832.37
21379,2022-08-17,6730.6406,6919.016
21380,2022-08-18,6731.115,6906.066
21381,2022-08-19,6666.565,6860.7544
21382,2022-08-20,6351.8887,6497.6953
21383,2022-08-21,6275.948,6135.005
21384,2022-08-22,6713.5537,6695.5205
21385,2022-08-23,6757.217,6685.1035
21386,2022-08-24,6763.389,6685.166
21387,2022-08-25,6765.7627,6690.763
21388,2022-08-26,6709.2812,6530.3525
21389,2022-08-27,6391.2837,6197.1304
21390,2022-08-28,6279.7485,6036.984
21391,2022-08-29,6724.47,6538.454
21392,2022-08-30,6774.78,6561.5044
21393,2022-08-31,6782.3745,6660.3345
21394,2022-09-01,6781.424,6696.0244
21395,2022-09-02,6724.4688,6572.655
21396,2022-09-03,6385.588,6276.3657
21397,2022-09-04,6276.424,6152.961
21398,2022-09-05,6761.965,6605.1196
21399,2022-09-06,6773.8306,6681.0586
21400,2022-09-07,6768.61,6638.207
21401,2022-09-08,6759.592,6668.6255
21402,2022-09-09,6699.315,6614.516
21403,2022-09-10,6371.3486,6296.271
21404,2022-09-11,6273.102,6122.2437
21405,2022-09-12,6705.959,6661.7607
21406,2022-09-13,6736.3364,6690.286
21407,2022-09-14,6743.4536,6598.0693
21408,2022-09-15,6723.5205,6655.694
21409,2022-09-16,6654.6987,6783.464
21410,2022-09-17,6329.107,6437.4614
21411,2022-09-18,6250.32,6100.54
21412,2022-09-19,6683.65,6544.195
21413,2022-09-20,6731.1157,6563.9985
21414,2022-09-21,6741.081,6707.543
21415,2022-09-22,6731.114,6599.5947
21416,2022-09-23,6658.024,6654.368
21417,2022-09-24,6340.973,6330.1553
21418,2022-09-25,6260.2896,6051.0
21419,2022-09-26,6723.9937,6602.634
21420,2022-07-30,6346.885,6325.5728
21421,2022-07-31,6230.5996,6235.814
21422,2022-08-01,6683.8765,6703.5215
21423,2022-08-02,6744.159,6674.616
21424,2022-08-03,6734.6636,6535.162
21425,2022-08-04,6708.5596,6481.2036
21426,2022-08-05,6638.787,6494.644
21427,2022-08-06,6325.998,6221.2593
21428,2022-08-07,6228.6987,6134.0005
21429,2022-08-08,6640.6855,6706.776
21430,2022-08-09,6696.6934,6331.053
21431,2022-08-10,6660.1465,6896.6816
21432,2022-08-11,6637.8364,7002.168
21433,2022-08-12,6569.4893,7050.8447
21434,2022-08-13,6282.333,6501.6016
21435,2022-08-14,6222.529,6308.7007
21436,2022-08-15,6650.6523,6894.875
21437,2022-08-16,6693.3706,6832.37
21438,2022-08-17,6674.3823,6919.016
21439,2022-08-18,6664.417,6906.066
21440,2022-08-19,6624.0723,6860.7544
21441,2022-08-20,6325.5254,6497.6953
21442,2022-08-21,6244.8364,6135.005
21443,2022-08-22,6686.7246,6695.5205
21444,2022-08-23,6721.3745,6685.1035
21445,2022-08-24,6722.323,6685.166
21446,2022-08-25,6721.373,6690.763
21447,2022-08-26,6660.1455,6530.3525
21448,2022-08-27,6378.2114,6197.1304
21449,2022-08-28,6267.143,6036.984
21450,2022-08-29,6693.845,6538.454
21451,2022-08-30,6737.9863,6561.5044
21452,2022-08-31,6728.4937,6660.3345
21453,2022-09-01,6722.7974,6696.0244
21454,2022-09-02,6671.538,6572.655
21455,2022-09-03,6359.225,6276.3657
21456,2022-09-04,6271.891,6152.961
21457,2022-09-05,6697.1675,6605.1196
21458,2022-09-06,6742.259,6681.0586
21459,2022-09-07,6728.0195,6638.207
21460,2022-09-08,6708.083,6668.6255
21461,2022-09-09,6634.991,6614.516
21462,2022-09-10,6328.8486,6296.271
21463,2022-09-11,6251.007,6122.2437
21464,2022-09-12,6661.0957,6661.7607
21465,2022-09-13,6706.187,6690.286
21466,2022-09-14,6707.6113,6598.0693
21467,2022-09-15,6672.0117,6655.694
21468,2022-09-16,6590.8467,6783.464
21469,2022-09-17,6300.369,6437.4614
21470,2022-09-18,6230.123,6100.54
21471,2022-09-19,6653.502,6544.195
21472,2022-09-20,6687.6743,6563.9985
21473,2022-09-21,6693.844,6707.543
21474,2022-09-22,6668.2144,6599.5947
21475,2022-09-23,6591.3237,6654.368
21476,2022-09-24,6295.6226,6330.1553
21477,2022-09-25,6247.21,6051.0
21478,2022-09-26,6642.111,6602.634
21479,2022-09-27,6677.233,6671.586
21480,2022-07-31,6161.6494,6235.814
21481,2022-08-01,6627.701,6703.5215
21482,2022-08-02,6668.9893,6674.616
21483,2022-08-03,6664.244,6535.162
21484,2022-08-04,6634.8193,6481.2036
21485,2022-08-05,6573.1226,6494.644
21486,2022-08-06,6237.582,6221.2593
21487,2022-08-07,6170.666,6134.0005
21488,2022-08-08,6603.022,6706.776
21489,2022-08-09,6640.04,6331.053
21490,2022-08-10,6652.8555,6896.6816
21491,2022-08-11,6635.294,7002.168
21492,2022-08-12,6562.6816,7050.8447
21493,2022-08-13,6262.264,6501.6016
21494,2022-08-14,6200.092,6308.7007
21495,2022-08-15,6640.04,6894.875
21496,2022-08-16,6679.4316,6832.37
21497,2022-08-17,6690.348,6919.016
21498,2022-08-18,6680.38,6906.066
21499,2022-08-19,6641.939,6860.7544
21500,2022-08-20,6341.0464,6497.6953
21501,2022-08-21,6280.772,6135.005
21502,2022-08-22,6710.755,6695.5205
21503,2022-08-23,6756.7886,6685.1035
21504,2022-08-24,6758.216,6685.166
21505,2022-08-25,6759.6357,6690.763
21506,2022-08-26,6700.7876,6530.3525
21507,2022-08-27,6379.489,6197.1304
21508,2022-08-28,6281.7227,6036.984
21509,2022-08-29,6751.5684,6538.454
21510,2022-08-30,6780.993,6561.5044
21511,2022-08-31,6774.3496,6660.3345
21512,2022-09-01,6759.638,6696.0244
21513,2022-09-02,6692.245,6572.655
21514,2022-09-03,6364.302,6276.3657
21515,2022-09-04,6273.1777,6152.961
21516,2022-09-05,6731.636,6605.1196
21517,2022-09-06,6755.3677,6681.0586
21518,2022-09-07,6736.858,6638.207
21519,2022-09-08,6716.926,6668.6255
21520,2022-09-09,6641.465,6614.516
21521,2022-09-10,6318.7407,6296.271
21522,2022-09-11,6245.178,6122.2437
21523,2022-09-12,6667.567,6661.7607
21524,2022-09-13,6702.6855,6690.286
21525,2022-09-14,6714.0767,6598.0693
21526,2022-09-15,6682.2812,6655.694
21527,2022-09-16,6597.802,6783.464
21528,2022-09-17,6289.315,6437.4614
21529,2022-09-18,6231.8877,6100.54
21530,2022-09-19,6667.0923,6544.195
21531,2022-09-20,6712.1787,6563.9985
21532,2022-09-21,6706.959,6707.543
21533,2022-09-22,6680.38,6599.5947
21534,2022-09-23,6581.666,6654.368
21535,2022-09-24,6276.5024,6330.1553
21536,2022-09-25,6240.9087,6051.0
21537,2022-09-26,6648.5825,6602.634
21538,2022-09-27,6682.279,6671.586
21539,2022-09-28,6677.0586,6712.845
21540,2022-08-01,6648.0225,6703.5215
21541,2022-08-02,6673.65,6674.616
21542,2022-08-03,6659.8867,6535.162
21543,2022-08-04,6623.8164,6481.2036
21544,2022-08-05,6573.037,6494.644
21545,2022-08-06,6267.402,6221.2593
21546,2022-08-07,6191.9414,6134.0005
21547,2022-08-08,6641.3794,6706.776
21548,2022-08-09,6695.4814,6331.053
21549,2022-08-10,6682.1914,6896.6816
21550,2022-08-11,6681.245,7002.168
21551,2022-08-12,6615.274,7050.8447
21552,2022-08-13,6282.59,6501.6016
21553,2022-08-14,6211.875,6308.7007
21554,2022-08-15,6655.139,6894.875
21555,2022-08-16,6704.022,6832.37
21556,2022-08-17,6694.5312,6919.016
21557,2022-08-18,6686.9375,6906.066
21558,2022-08-19,6629.9883,6860.7544
21559,2022-08-20,6300.15,6497.6953
21560,2022-08-21,6236.0786,6135.005
21561,2022-08-22,6699.75,6695.5205
21562,2022-08-23,6723.4805,6685.1035
21563,2022-08-24,6735.346,6685.166
21564,2022-08-25,6747.6855,6690.763
21565,2022-08-26,6700.228,6530.3525
21566,2022-08-27,6374.185,6197.1304
21567,2022-08-28,6290.1826,6036.984
21568,2022-08-29,6735.819,6538.454
21569,2022-08-30,6780.4326,6561.5044
21570,2022-08-31,6768.5684,6660.3345
21571,2022-09-01,6754.33,6696.0244
21572,2022-09-02,6675.073,6572.655
21573,2022-09-03,6328.6235,6276.3657
21574,2022-09-04,6250.7925,6152.961
21575,2022-09-05,6716.3613,6605.1196
21576,2022-09-06,6752.9062,6681.0586
21577,2022-09-07,6744.3633,6638.207
21578,2022-09-08,6709.2427,6668.6255
21579,2022-09-09,6614.7993,6614.516
21580,2022-09-10,6288.2856,6296.271
21581,2022-09-11,6232.7583,6122.2437
21582,2022-09-12,6679.344,6661.7607
21583,2022-09-13,6699.752,6690.286
21584,2022-09-14,6705.9204,6598.0693
21585,2022-09-15,6689.3086,6655.694
21586,2022-09-16,6587.275,6783.464
21587,2022-09-17,6257.9106,6437.4614
21588,2022-09-18,6238.926,6100.54
21589,2022-09-19,6651.8174,6544.195
21590,2022-09-20,6695.007,6563.9985
21591,2022-09-21,6694.0557,6707.543
21592,2022-09-22,6651.8184,6599.5947
21593,2022-09-23,6555.0044,6654.368
21594,2022-09-24,6238.4517,6330.1553
21595,2022-09-25,6241.774,6051.0
21596,2022-09-26,6644.2256,6602.634
21597,2022-09-27,6685.0386,6671.586
21598,2022-09-28,6691.683,6712.845
21599,2022-09-29,6677.9204,6695.323
21600,2022-08-02,6709.8193,6674.616
21601,2022-08-03,6698.4263,6535.162
21602,2022-08-04,6644.3096,6481.2036
21603,2022-08-05,6572.156,6494.644
21604,2022-08-06,6250.7856,6221.2593
21605,2022-08-07,6170.088,6134.0005
21606,2022-08-08,6636.239,6706.776
21607,2022-08-09,6669.9424,6331.053
21608,2022-08-10,6668.994,6896.6816
21609,2022-08-11,6642.4106,7002.168
21610,2022-08-12,6593.9907,7050.8447
21611,2022-08-13,6285.4375,6501.6016
21612,2022-08-14,6226.5757,6308.7007
21613,2022-08-15,6667.0957,6894.875
21614,2022-08-16,6705.072,6832.37
21615,2022-08-17,6691.78,6919.016
21616,2022-08-18,6707.919,6906.066
21617,2022-08-19,6638.6133,6860.7544
21618,2022-08-20,6311.072,6497.6953
21619,2022-08-21,6229.426,6135.005
21620,2022-08-22,6707.446,6695.5205
21621,2022-08-23,6733.553,6685.1035
21622,2022-08-24,6742.0996,6685.166
21623,2022-08-25,6734.5024,6690.763
21624,2022-08-26,6670.8945,6530.3525
21625,2022-08-27,6354.7427,6197.1304
21626,2022-08-28,6267.4,6036.984
21627,2022-08-29,6704.596,6538.454
21628,2022-08-30,6729.2812,6561.5044
21629,2022-08-31,6737.8276,6660.3345
21630,2022-09-01,6731.1807,6696.0244
21631,2022-09-02,6655.7017,6572.655
21632,2022-09-03,6326.2627,6276.3657
21633,2022-09-04,6223.728,6152.961
21634,2022-09-05,6662.8237,6605.1196
21635,2022-09-06,6699.3745,6681.0586
21636,2022-09-07,6701.746,6638.207
21637,2022-09-08,6692.2544,6668.6255
21638,2022-09-09,6621.0483,6614.516
21639,2022-09-10,6297.7793,6296.271
21640,2022-09-11,6210.437,6122.2437
21641,2022-09-12,6621.5244,6661.7607
21642,2022-09-13,6659.024,6690.286
21643,2022-09-14,6676.5894,6598.0693
21644,2022-09-15,6668.5186,6655.694
21645,2022-09-16,6594.465,6783.464
21646,2022-09-17,6290.6587,6437.4614
21647,2022-09-18,6223.254,6100.54
21648,2022-09-19,6653.804,6544.195
21649,2022-09-20,6712.192,6563.9985
21650,2022-09-21,6685.1333,6707.543
21651,2022-09-22,6664.244,6599.5947
21652,2022-09-23,6576.4277,6654.368
21653,2022-09-24,6243.19,6330.1553
21654,2022-09-25,6192.397,6051.0
21655,2022-09-26,6612.5024,6602.634
21656,2022-09-27,6671.8413,6671.586
21657,2022-09-28,6672.315,6712.845
21658,2022-09-29,6645.732,6695.323
21659,2022-09-30,6574.053,6756.9385
21660,2022-08-03,6692.351,6535.162
21661,2022-08-04,6653.8994,6481.2036
21662,2022-08-05,6594.083,6494.644
21663,2022-08-06,6292.6245,6221.2593
21664,2022-08-07,6217.1406,6134.0005
21665,2022-08-08,6627.315,6706.776
21666,2022-08-09,6693.302,6331.053
21667,2022-08-10,6691.878,6896.6816
21668,2022-08-11,6671.9375,7002.168
21669,2022-08-12,6621.139,7050.8447
21670,2022-08-13,6319.683,6501.6016
21671,2022-08-14,6250.8467,6308.7007
21672,2022-08-15,6691.879,6894.875
21673,2022-08-16,6726.5317,6832.37
21674,2022-08-17,6710.3906,6919.016
21675,2022-08-18,6685.7075,6906.066
21676,2022-08-19,6652.0015,6860.7544
21677,2022-08-20,6355.764,6497.6953
21678,2022-08-21,6268.8857,6135.005
21679,2022-08-22,6694.252,6695.5205
21680,2022-08-23,6744.0986,6685.1035
21681,2022-08-24,6738.402,6685.166
21682,2022-08-25,6735.5537,6690.763
21683,2022-08-26,6686.656,6530.3525
21684,2022-08-27,6375.2305,6197.1304
21685,2022-08-28,6273.634,6036.984
21686,2022-08-29,6706.118,6538.454
21687,2022-08-30,6762.614,6561.5044
21688,2022-08-31,6739.352,6660.3345
21689,2022-09-01,6743.622,6696.0244
21690,2022-09-02,6665.292,6572.655
21691,2022-09-03,6363.36,6276.3657
21692,2022-09-04,6276.0073,6152.961
21693,2022-09-05,6683.3306,6605.1196
21694,2022-09-06,6726.0576,6681.0586
21695,2022-09-07,6724.159,6638.207
21696,2022-09-08,6711.341,6668.6255
21697,2022-09-09,6637.283,6614.516
21698,2022-09-10,6345.32,6296.271
21699,2022-09-11,6270.311,6122.2437
21700,2022-09-12,6681.9077,6661.7607
21701,2022-09-13,6744.5723,6690.286
21702,2022-09-14,6716.5645,6598.0693
21703,2022-09-15,6717.9873,6655.694
21704,2022-09-16,6633.959,6783.464
21705,2022-09-17,6309.713,6437.4614
21706,2022-09-18,6251.797,6100.54
21707,2022-09-19,6661.97,6544.195
21708,2022-09-20,6708.495,6563.9985
21709,2022-09-21,6704.22,6707.543
21710,2022-09-22,6688.554,6599.5947
21711,2022-09-23,6608.7983,6654.368
21712,2022-09-24,6287.877,6330.1553
21713,2022-09-25,6245.6265,6051.0
21714,2022-09-26,6668.6157,6602.634
21715,2022-09-27,6704.6943,6671.586
21716,2022-09-28,6712.291,6712.845
21717,2022-09-29,6706.5933,6695.323
21718,2022-09-30,6624.464,6756.9385
21719,2022-10-01,6303.067,6314.0166
21720,2022-08-04,6582.891,6481.2036
21721,2022-08-05,6531.1436,6494.644
21722,2022-08-06,6232.523,6221.2593
21723,2022-08-07,6133.2983,6134.0005
21724,2022-08-08,6551.556,6706.776
21725,2022-08-09,6599.505,6331.053
21726,2022-08-10,6618.496,6896.6816
21727,2022-08-11,6606.629,7002.168
21728,2022-08-12,6567.7,7050.8447
21729,2022-08-13,6266.705,6501.6016
21730,2022-08-14,6182.199,6308.7007
21731,2022-08-15,6612.323,6894.875
21732,2022-08-16,6693.507,6832.37
21733,2022-08-17,6694.4556,6919.016
21734,2022-08-18,6677.84,6906.066
21735,2022-08-19,6639.861,6860.7544
21736,2022-08-20,6350.263,6497.6953
21737,2022-08-21,6237.273,6135.005
21738,2022-08-22,6679.264,6695.5205
21739,2022-08-23,6728.6406,6685.1035
21740,2022-08-24,6725.7886,6685.166
21741,2022-08-25,6737.6587,6690.763
21742,2022-08-26,6697.303,6530.3525
21743,2022-08-27,6391.565,6197.1304
21744,2022-08-28,6279.523,6036.984
21745,2022-08-29,6721.991,6538.454
21746,2022-08-30,6755.7,6561.5044
21747,2022-08-31,6766.1426,6660.3345
21748,2022-09-01,6759.498,6696.0244
21749,2022-09-02,6688.759,6572.655
21750,2022-09-03,6376.3735,6276.3657
21751,2022-09-04,6262.4346,6152.961
21752,2022-09-05,6694.4546,6605.1196
21753,2022-09-06,6722.9434,6681.0586
21754,2022-09-07,6735.76,6638.207
21755,2022-09-08,6723.416,6668.6255
21756,2022-09-09,6646.509,6614.516
21757,2022-09-10,6330.799,6296.271
21758,2022-09-11,6244.8677,6122.2437
21759,2022-09-12,6667.8706,6661.7607
21760,2022-09-13,6698.254,6690.286
21761,2022-09-14,6707.2754,6598.0693
21762,2022-09-15,6704.8994,6655.694
21763,2022-09-16,6620.397,6783.464
21764,2022-09-17,6292.3438,6437.4614
21765,2022-09-18,6224.928,6100.54
21766,2022-09-19,6637.4863,6544.195
21767,2022-09-20,6679.266,6563.9985
21768,2022-09-21,6674.991,6707.543
21769,2022-09-22,6645.5596,6599.5947
21770,2022-09-23,6576.7173,6654.368
21771,2022-09-24,6282.8477,6330.1553
21772,2022-09-25,6215.431,6051.0
21773,2022-09-26,6610.9014,6602.634
21774,2022-09-27,6656.0,6671.586
21775,2022-09-28,6675.466,6712.845
21776,2022-09-29,6625.142,6695.323
21777,2022-09-30,6571.9727,6756.9385
21778,2022-10-01,6289.4956,6314.0166
21779,2022-10-02,6237.747,6058.759
21780,2022-08-05,6499.8706,6494.644
21781,2022-08-06,6212.1694,6221.2593
21782,2022-08-07,6124.341,6134.0005
21783,2022-08-08,6515.5386,6706.776
21784,2022-08-09,6603.844,6331.053
21785,2022-08-10,6620.4595,6896.6816
21786,2022-08-11,6606.2173,7002.168
21787,2022-08-12,6573.933,7050.8447
21788,2022-08-13,6282.908,6501.6016
21789,2022-08-14,6213.594,6308.7007
21790,2022-08-15,6618.087,6894.875
21791,2022-08-16,6693.5723,6832.37
21792,2022-08-17,6691.199,6919.016
21793,2022-08-18,6676.0063,6906.066
21794,2022-08-19,6629.4795,6860.7544
21795,2022-08-20,6327.536,6497.6953
21796,2022-08-21,6233.5337,6135.005
21797,2022-08-22,6623.3066,6695.5205
21798,2022-08-23,6721.583,6685.1035
21799,2022-08-24,6721.107,6685.166
21800,2022-08-25,6711.612,6690.763
21801,2022-08-26,6662.2393,6530.3525
21802,2022-08-27,6379.2837,6197.1304
21803,2022-08-28,6250.6235,6036.984
21804,2022-08-29,6631.8545,6538.454
21805,2022-08-30,6741.047,6561.5044
21806,2022-08-31,6742.9473,6660.3345
21807,2022-09-01,6729.654,6696.0244
21808,2022-09-02,6672.2075,6572.655
21809,2022-09-03,6381.6567,6276.3657
21810,2022-09-04,6252.998,6152.961
21811,2022-09-05,6649.4194,6605.1196
21812,2022-09-06,6733.925,6681.0586
21813,2022-09-07,6710.1875,6638.207
21814,2022-09-08,6708.288,6668.6255
21815,2022-09-09,6645.6226,6614.516
21816,2022-09-10,6363.616,6296.271
21817,2022-09-11,6228.786,6122.2437
21818,2022-09-12,6586.753,6661.7607
21819,2022-09-13,6684.5513,6690.286
21820,2022-09-14,6661.2886,6598.0693
21821,2022-09-15,6650.845,6655.694
21822,2022-09-16,6598.6235,6783.464
21823,2022-09-17,6314.715,6437.4614
21824,2022-09-18,6197.9263,6100.54
21825,2022-09-19,6569.659,6544.195
21826,2022-09-20,6686.9277,6563.9985
21827,2022-09-21,6678.379,6707.543
21828,2022-09-22,6624.7324,6599.5947
21829,2022-09-23,6571.085,6654.368
21830,2022-09-24,6301.4243,6330.1553
21831,2022-09-25,6199.8257,6051.0
21832,2022-09-26,6561.59,6602.634
21833,2022-09-27,6654.1675,6671.586
21834,2022-09-28,6657.014,6712.845
21835,2022-09-29,6642.2993,6695.323
21836,2022-09-30,6577.256,6756.9385
21837,2022-10-01,6328.01,6314.0166
21838,2022-10-02,6234.0073,6058.759
21839,2022-10-03,6581.53,6559.828
21840,2022-08-06,6168.054,6221.2593
21841,2022-08-07,6104.9126,6134.0005
21842,2022-08-08,6527.446,6706.776
21843,2022-08-09,6592.015,6331.053
21844,2022-08-10,6613.853,6896.6816
21845,2022-08-11,6603.8833,7002.168
21846,2022-08-12,6538.366,7050.8447
21847,2022-08-13,6219.33,6501.6016
21848,2022-08-14,6160.4595,6308.7007
21849,2022-08-15,6621.448,6894.875
21850,2022-08-16,6644.714,6832.37
21851,2022-08-17,6660.8545,6919.016
21852,2022-08-18,6657.53,6906.066
21853,2022-08-19,6619.547,6860.7544
21854,2022-08-20,6314.281,6497.6953
21855,2022-08-21,6239.7437,6135.005
21856,2022-08-22,6684.592,6695.5205
21857,2022-08-23,6745.8354,6685.1035
21858,2022-08-24,6743.462,6685.166
21859,2022-08-25,6724.9463,6690.763
21860,2022-08-26,6665.6025,6530.3525
21861,2022-08-27,6339.917,6197.1304
21862,2022-08-28,6267.28,6036.984
21863,2022-08-29,6705.0073,6538.454
21864,2022-08-30,6753.906,6561.5044
21865,2022-08-31,6751.056,6660.3345
21866,2022-09-01,6729.6943,6696.0244
21867,2022-09-02,6677.944,6572.655
21868,2022-09-03,6354.1606,6276.3657
21869,2022-09-04,6244.965,6152.961
21870,2022-09-05,6674.622,6605.1196
21871,2022-09-06,6730.641,6681.0586
21872,2022-09-07,6724.471,6638.207
21873,2022-09-08,6733.9683,6668.6255
21874,2022-09-09,6629.0464,6614.516
21875,2022-09-10,6314.2812,6296.271
21876,2022-09-11,6231.1973,6122.2437
21877,2022-09-12,6638.0654,6661.7607
21878,2022-09-13,6683.6426,6690.286
21879,2022-09-14,6691.713,6598.0693
21880,2022-09-15,6663.701,6655.694
21881,2022-09-16,6585.369,6783.464
21882,2022-09-17,6250.6646,6437.4614
21883,2022-09-18,6195.1157,6100.54
21884,2022-09-19,6590.115,6544.195
21885,2022-09-20,6664.652,6563.9985
21886,2022-09-21,6647.0864,6707.543
21887,2022-09-22,6615.753,6599.5947
21888,2022-09-23,6547.862,6654.368
21889,2022-09-24,6245.4395,6330.1553
21890,2022-09-25,6197.9663,6051.0
21891,2022-09-26,6554.9805,6602.634
21892,2022-09-27,6621.9263,6671.586
21893,2022-09-28,6637.591,6712.845
21894,2022-09-29,6612.9043,6695.323
21895,2022-09-30,6545.489,6756.9385
21896,2022-10-01,6248.764,6314.0166
21897,2022-10-02,6200.8125,6058.759
21898,2022-10-03,6603.884,6559.828
21899,2022-10-04,6647.0854,6504.0215
21900,2022-08-07,6096.4434,6134.0005
21901,2022-08-08,6533.1914,6706.776
21902,2022-08-09,6588.737,6331.053
21903,2022-08-10,6593.0073,6896.6816
21904,2022-08-11,6564.0493,7002.168
21905,2022-08-12,6548.3833,7050.8447
21906,2022-08-13,6238.8623,6501.6016
21907,2022-08-14,6152.938,6308.7007
21908,2022-08-15,6610.098,6894.875
21909,2022-08-16,6658.0474,6832.37
21910,2022-08-17,6672.764,6919.016
21911,2022-08-18,6673.239,6906.066
21912,2022-08-19,6640.009,6860.7544
21913,2022-08-20,6339.031,6497.6953
21914,2022-08-21,6227.4688,6135.005
21915,2022-08-22,6682.734,6695.5205
21916,2022-08-23,6725.9346,6685.1035
21917,2022-08-24,6722.136,6685.166
21918,2022-08-25,6704.095,6690.763
21919,2022-08-26,6677.5117,6530.3525
21920,2022-08-27,6361.8145,6197.1304
21921,2022-08-28,6245.033,6036.984
21922,2022-08-29,6707.895,6538.454
21923,2022-08-30,6765.811,6561.5044
21924,2022-08-31,6766.76,6660.3345
21925,2022-09-01,6737.8013,6696.0244
21926,2022-09-02,6698.399,6572.655
21927,2022-09-03,6347.1,6276.3657
21928,2022-09-04,6222.721,6152.961
21929,2022-09-05,6675.6123,6605.1196
21930,2022-09-06,6717.3877,6681.0586
21931,2022-09-07,6722.1357,6638.207
21932,2022-09-08,6716.4395,6668.6255
21933,2022-09-09,6658.9956,6614.516
21934,2022-09-10,6340.4546,6296.271
21935,2022-09-11,6228.8936,6122.2437
21936,2022-09-12,6661.37,6661.7607
21937,2022-09-13,6702.1973,6690.286
21938,2022-09-14,6692.228,6598.0693
21939,2022-09-15,6678.459,6655.694
21940,2022-09-16,6606.777,6783.464
21941,2022-09-17,6307.7,6437.4614
21942,2022-09-18,6198.037,6100.54
21943,2022-09-19,6603.9277,6544.195
21944,2022-09-20,6671.815,6563.9985
21945,2022-09-21,6666.118,6707.543
21946,2022-09-22,6647.603,6599.5947
21947,2022-09-23,6591.585,6654.368
21948,2022-09-24,6290.6074,6330.1553
21949,2022-09-25,6223.672,6051.0
21950,2022-09-26,6642.3813,6602.634
21951,2022-09-27,6695.074,6671.586
21952,2022-09-28,6687.4814,6712.845
21953,2022-09-29,6664.2188,6695.323
21954,2022-09-30,6621.493,6756.9385
21955,2022-10-01,6316.2417,6314.0166
21956,2022-10-02,6237.439,6058.759
21957,2022-10-03,6659.947,6559.828
21958,2022-10-04,6743.0225,6504.0215
21959,2022-10-05,6724.984,6498.7183
21960,2022-08-08,6539.0425,6706.776
21961,2022-08-09,6598.3877,6331.053
21962,2022-08-10,6611.679,6896.6816
21963,2022-08-11,6577.022,7002.168
21964,2022-08-12,6551.8643,7050.8447
21965,2022-08-13,6236.638,6501.6016
21966,2022-08-14,6154.033,6308.7007
21967,2022-08-15,6610.7314,6894.875
21968,2022-08-16,6656.305,6832.37
21969,2022-08-17,6662.478,6919.016
21970,2022-08-18,6648.235,6906.066
21971,2022-08-19,6630.67,6860.7544
21972,2022-08-20,6315.917,6497.6953
21973,2022-08-21,6218.595,6135.005
21974,2022-08-22,6667.2236,6695.5205
21975,2022-08-23,6721.819,6685.1035
21976,2022-08-24,6717.072,6685.166
21977,2022-08-25,6704.2524,6690.763
21978,2022-08-26,6653.931,6530.3525
21979,2022-08-27,6340.1274,6197.1304
21980,2022-08-28,6219.544,6036.984
21981,2022-08-29,6658.2046,6538.454
21982,2022-08-30,6709.0024,6561.5044
21983,2022-08-31,6690.013,6660.3345
21984,2022-09-01,6709.9507,6696.0244
21985,2022-09-02,6642.537,6572.655
21986,2022-09-03,6312.595,6276.3657
21987,2022-09-04,6209.5757,6152.961
21988,2022-09-05,6642.063,6605.1196
21989,2022-09-06,6692.385,6681.0586
21990,2022-09-07,6683.839,6638.207
21991,2022-09-08,6647.2856,6668.6255
21992,2022-09-09,6581.2964,6614.516
21993,2022-09-10,6280.312,6296.271
21994,2022-09-11,6167.3237,6122.2437
21995,2022-09-12,6593.6387,6661.7607
21996,2022-09-13,6632.0938,6690.286
21997,2022-09-14,6634.9424,6598.0693
21998,2022-09-15,6617.3774,6655.694
21999,2022-09-16,6563.7324,6783.464
22000,2022-09-17,6253.2524,6437.4614
22001,2022-09-18,6167.323,6100.54
22002,2022-09-19,6596.4907,6544.195
22003,2022-09-20,6656.305,6563.9985
22004,2022-09-21,6646.812,6707.543
22005,2022-09-22,6644.912,6599.5947
22006,2022-09-23,6582.7217,6654.368
22007,2022-09-24,6275.565,6330.1553
22008,2022-09-25,6206.727,6051.0
22009,2022-09-26,6613.103,6602.634
22010,2022-09-27,6655.3545,6671.586
22011,2022-09-28,6671.4976,6712.845
22012,2022-09-29,6666.2744,6695.323
22013,2022-09-30,6605.5083,6756.9385
22014,2022-10-01,6300.727,6314.0166
22015,2022-10-02,6223.344,6058.759
22016,2022-10-03,6641.587,6559.828
22017,2022-10-04,6700.9316,6504.0215
22018,2022-10-05,6707.576,6498.7183
22019,2022-10-06,6673.3955,6533.431
22020,2022-08-09,6695.4395,6331.053
22021,2022-08-10,6662.2017,6896.6816
22022,2022-08-11,6620.8867,7002.168
22023,2022-08-12,6579.572,7050.8447
22024,2022-08-13,6257.149,6501.6016
22025,2022-08-14,6179.7476,6308.7007
22026,2022-08-15,6631.8076,6894.875
22027,2022-08-16,6668.373,6832.37
22028,2022-08-17,6663.1494,6919.016
22029,2022-08-18,6647.478,6906.066
22030,2022-08-19,6620.8857,6860.7544
22031,2022-08-20,6320.3037,6497.6953
22032,2022-08-21,6249.552,6135.005
22033,2022-08-22,6723.4546,6695.5205
22034,2022-08-23,6751.4736,6685.1035
22035,2022-08-24,6742.9224,6685.166
22036,2022-08-25,6712.5337,6690.763
22037,2022-08-26,6676.9204,6530.3525
22038,2022-08-27,6365.8887,6197.1304
22039,2022-08-28,6275.1934,6036.984
22040,2022-08-29,6720.608,6538.454
22041,2022-08-30,6756.221,6561.5044
22042,2022-08-31,6748.148,6660.3345
22043,2022-09-01,6746.2495,6696.0244
22044,2022-09-02,6665.0493,6572.655
22045,2022-09-03,6333.601,6276.3657
22046,2022-09-04,6245.752,6152.961
22047,2022-09-05,6706.3613,6605.1196
22048,2022-09-06,6732.004,6681.0586
22049,2022-09-07,6732.9546,6638.207
22050,2022-09-08,6700.1895,6668.6255
22051,2022-09-09,6626.1113,6614.516
22052,2022-09-10,6302.2607,6296.271
22053,2022-09-11,6232.458,6122.2437
22054,2022-09-12,6682.143,6661.7607
22055,2022-09-13,6710.634,6690.286
22056,2022-09-14,6711.5854,6598.0693
22057,2022-09-15,6668.3735,6655.694
22058,2022-09-16,6609.0137,6783.464
22059,2022-09-17,6275.1934,6437.4614
22060,2022-09-18,6207.29,6100.54
22061,2022-09-19,6636.5566,6544.195
22062,2022-09-20,6660.299,6563.9985
22063,2022-09-21,6648.4277,6707.543
22064,2022-09-22,6601.8926,6599.5947
22065,2022-09-23,6520.217,6654.368
22066,2022-09-24,6234.833,6330.1553
22067,2022-09-25,6198.2676,6051.0
22068,2022-09-26,6629.435,6602.634
22069,2022-09-27,6665.0474,6671.586
22070,2022-09-28,6665.998,6712.845
22071,2022-09-29,6633.234,6695.323
22072,2022-09-30,6558.681,6756.9385
22073,2022-10-01,6274.72,6314.0166
22074,2022-10-02,6234.831,6058.759
22075,2022-10-03,6650.8013,6559.828
22076,2022-10-04,6683.5654,6504.0215
22077,2022-10-05,6677.871,6498.7183
22078,2022-10-06,6660.3,6533.431
22079,2022-10-07,6585.2725,6415.063
22080,2022-08-10,6445.0483,6896.6816
22081,2022-08-11,6476.388,7002.168
22082,2022-08-12,6520.5483,7050.8447
22083,2022-08-13,6254.1626,6501.6016
22084,2022-08-14,6162.041,6308.7007
22085,2022-08-15,6628.8125,6894.875
22086,2022-08-16,6631.662,6832.37
22087,2022-08-17,6618.3667,6919.016
22088,2022-08-18,6626.913,6906.066
22089,2022-08-19,6602.697,6860.7544
22090,2022-08-20,6307.819,6497.6953
22091,2022-08-21,6226.62,6135.005
22092,2022-08-22,6688.169,6695.5205
22093,2022-08-23,6717.609,6685.1035
22094,2022-08-24,6715.234,6685.166
22095,2022-08-25,6708.587,6690.763
22096,2022-08-26,6656.8276,6530.3525
22097,2022-08-27,6349.6064,6197.1304
22098,2022-08-28,6272.679,6036.984
22099,2022-08-29,6710.486,6538.454
22100,2022-08-30,6757.971,6561.5044
22101,2022-08-31,6748.4717,6660.3345
22102,2022-09-01,6734.2275,6696.0244
22103,2022-09-02,6662.5273,6572.655
22104,2022-09-03,6335.834,6276.3657
22105,2022-09-04,6270.306,6152.961
22106,2022-09-05,6696.716,6605.1196
22107,2022-09-06,6714.284,6681.0586
22108,2022-09-07,6702.4136,6638.207
22109,2022-09-08,6666.3237,6668.6255
22110,2022-09-09,6597.4727,6614.516
22111,2022-09-10,6285.502,6296.271
22112,2022-09-11,6222.8223,6122.2437
22113,2022-09-12,6666.3257,6661.7607
22114,2022-09-13,6699.5645,6690.286
22115,2022-09-14,6671.073,6598.0693
22116,2022-09-15,6659.2026,6655.694
22117,2022-09-16,6588.927,6783.464
22118,2022-09-17,6275.5293,6437.4614
22119,2022-09-18,6225.6704,6100.54
22120,2022-09-19,6633.0864,6544.195
22121,2022-09-20,6666.802,6563.9985
22122,2022-09-21,6639.734,6707.543
22123,2022-09-22,6602.2227,6599.5947
22124,2022-09-23,6561.385,6654.368
22125,2022-09-24,6266.985,6330.1553
22126,2022-09-25,6220.4463,6051.0
22127,2022-09-26,6630.713,6602.634
22128,2022-09-27,6643.533,6671.586
22129,2022-09-28,6641.159,6712.845
22130,2022-09-29,6630.7114,6695.323
22131,2022-09-30,6562.335,6756.9385
22132,2022-10-01,6285.027,6314.0166
22133,2022-10-02,6230.893,6058.759
22134,2022-10-03,6671.5493,6559.828
22135,2022-10-04,6720.9336,6504.0215
22136,2022-10-05,6709.534,6498.7183
22137,2022-10-06,6685.794,6533.431
22138,2022-10-07,6608.3965,6415.063
22139,2022-10-08,6336.3086,6169.821
22140,2022-08-11,6743.2393,7002.168
22141,2022-08-12,6654.908,7050.8447
22142,2022-08-13,6334.8184,6501.6016
22143,2022-08-14,6266.431,6308.7007
22144,2022-08-15,6702.399,6894.875
22145,2022-08-16,6748.4644,6832.37
22146,2022-08-17,6760.811,6919.016
22147,2022-08-18,6760.8096,6906.066
22148,2022-08-19,6717.5957,6860.7544
22149,2022-08-20,6442.147,6497.6953
22150,2022-08-21,6366.638,6135.005
22151,2022-08-22,6762.7124,6695.5205
22152,2022-08-23,6810.2017,6685.1035
22153,2022-08-24,6826.8237,6685.166
22154,2022-08-25,6832.0464,6690.763
22155,2022-08-26,6758.9106,6530.3525
22156,2022-08-27,6453.0693,6197.1304
22157,2022-08-28,6328.6445,6036.984
22158,2022-08-29,6732.317,6538.454
22159,2022-08-30,6801.654,6561.5044
22160,2022-08-31,6815.427,6660.3345
22161,2022-09-01,6795.005,6696.0244
22162,2022-09-02,6703.8223,6572.655
22163,2022-09-03,6408.428,6276.3657
22164,2022-09-04,6311.072,6152.961
22165,2022-09-05,6690.051,6605.1196
22166,2022-09-06,6757.013,6681.0586
22167,2022-09-07,6747.515,6638.207
22168,2022-09-08,6735.6406,6668.6255
22169,2022-09-09,6658.707,6614.516
22170,2022-09-10,6362.839,6296.271
22171,2022-09-11,6294.4487,6122.2437
22172,2022-09-12,6676.7544,6661.7607
22173,2022-09-13,6738.491,6690.286
22174,2022-09-14,6726.618,6598.0693
22175,2022-09-15,6710.948,6655.694
22176,2022-09-16,6612.1655,6783.464
22177,2022-09-17,6338.6177,6437.4614
22178,2022-09-18,6270.2285,6100.54
22179,2022-09-19,6641.608,6544.195
22180,2022-09-20,6712.845,6563.9985
22181,2022-09-21,6709.997,6707.543
22182,2022-09-22,6695.273,6599.5947
22183,2022-09-23,6613.5894,6654.368
22184,2022-09-24,6360.937,6330.1553
22185,2022-09-25,6312.4976,6051.0
22186,2022-09-26,6633.0605,6602.634
22187,2022-09-27,6725.668,6671.586
22188,2022-09-28,6720.4443,6712.845
22189,2022-09-29,6691.0005,6695.323
22190,2022-09-30,6622.614,6756.9385
22191,2022-10-01,6360.464,6314.0166
22192,2022-10-02,6318.195,6058.759
22193,2022-10-03,6695.748,6559.828
22194,2022-10-04,6786.931,6504.0215
22195,2022-10-05,6785.9814,6498.7183
22196,2022-10-06,6778.3843,6533.431
22197,2022-10-07,6700.497,6415.063
22198,2022-10-08,6421.2505,6169.821
22199,2022-10-09,6368.061,6043.838
22200,2022-08-12,6790.0396,7050.8447
22201,2022-08-13,6444.2417,6501.6016
22202,2022-08-14,6363.4927,6308.7007
22203,2022-08-15,6783.39,6894.875
22204,2022-08-16,6825.665,6832.37
22205,2022-08-17,6812.365,6919.016
22206,2022-08-18,6821.389,6906.066
22207,2022-08-19,6739.69,6860.7544
22208,2022-08-20,6421.442,6497.6953
22209,2022-08-21,6322.6426,6135.005
22210,2022-08-22,6772.94,6695.5205
22211,2022-08-23,6816.165,6685.1035
22212,2022-08-24,6811.4146,6685.166
22213,2022-08-25,6806.19,6690.763
22214,2022-08-26,6750.6143,6530.3525
22215,2022-08-27,6421.4424,6197.1304
22216,2022-08-28,6322.1675,6036.984
22217,2022-08-29,6733.0405,6538.454
22218,2022-08-30,6789.0894,6561.5044
22219,2022-08-31,6768.1904,6660.3345
22220,2022-09-01,6734.9404,6696.0244
22221,2022-09-02,6672.2407,6572.655
22222,2022-09-03,6343.069,6276.3657
22223,2022-09-04,6265.6436,6152.961
22224,2022-09-05,6691.715,6605.1196
22225,2022-09-06,6752.514,6681.0586
22226,2022-09-07,6742.0654,6638.207
22227,2022-09-08,6696.466,6668.6255
22228,2022-09-09,6609.0654,6614.516
22229,2022-09-10,6306.4927,6296.271
22230,2022-09-11,6253.294,6122.2437
22231,2022-09-12,6644.216,6661.7607
22232,2022-09-13,6720.69,6690.286
22233,2022-09-14,6708.8154,6598.0693
22234,2022-09-15,6684.591,6655.694
22235,2022-09-16,6597.1904,6783.464
22236,2022-09-17,6295.5684,6437.4614
22237,2022-09-18,6237.6187,6100.54
22238,2022-09-19,6639.9404,6544.195
22239,2022-09-20,6685.5405,6563.9985
22240,2022-09-21,6675.091,6707.543
22241,2022-09-22,6657.0405,6599.5947
22242,2022-09-23,6589.1157,6654.368
22243,2022-09-24,6289.392,6330.1553
22244,2022-09-25,6234.768,6051.0
22245,2022-09-26,6630.9155,6602.634
22246,2022-09-27,6699.7905,6671.586
22247,2022-09-28,6716.4155,6712.845
22248,2022-09-29,6717.841,6695.323
22249,2022-09-30,6634.241,6756.9385
22250,2022-10-01,6339.7427,6314.0166
22251,2022-10-02,6288.4424,6058.759
22252,2022-10-03,6696.466,6559.828
22253,2022-10-04,6761.0654,6504.0215
22254,2022-10-05,6737.315,6498.7183
22255,2022-10-06,6738.2656,6533.431
22256,2022-10-07,6656.091,6415.063
22257,2022-10-08,6369.1924,6169.821
22258,2022-10-09,6312.192,6043.838
22259,2022-10-10,6724.0156,6473.5625
22260,2022-08-13,6747.6826,6501.6016
22261,2022-08-14,6513.464,6308.7007
22262,2022-08-15,6623.6855,6894.875
22263,2022-08-16,6865.982,6832.37
22264,2022-08-17,6890.2104,6919.016
22265,2022-08-18,6856.9546,6906.066
22266,2022-08-19,6817.9956,6860.7544
22267,2022-08-20,6622.734,6497.6953
22268,2022-08-21,6429.3726,6135.005
22269,2022-08-22,6633.186,6695.5205
22270,2022-08-23,6859.8037,6685.1035
22271,2022-08-24,6878.332,6685.166
22272,2022-08-25,6858.3765,6690.763
22273,2022-08-26,6812.7695,6530.3525
22274,2022-08-27,6609.433,6197.1304
22275,2022-08-28,6366.662,6036.984
22276,2022-08-29,6555.7476,6538.454
22277,2022-08-30,6792.341,6561.5044
22278,2022-08-31,6827.0205,6660.3345
22279,2022-09-01,6818.4707,6696.0244
22280,2022-09-02,6778.565,6572.655
22281,2022-09-03,6575.701,6276.3657
22282,2022-09-04,6367.612,6152.961
22283,2022-09-05,6517.7393,6605.1196
22284,2022-09-06,6758.1343,6681.0586
22285,2022-09-07,6803.7437,6638.207
22286,2022-09-08,6776.188,6668.6255
22287,2022-09-09,6717.7515,6614.516
22288,2022-09-10,6524.391,6296.271
22289,2022-09-11,6349.5586,6122.2437
22290,2022-09-12,6508.2383,6661.7607
22291,2022-09-13,6723.4517,6690.286
22292,2022-09-14,6768.1113,6598.0693
22293,2022-09-15,6758.608,6655.694
22294,2022-09-16,6723.9287,6783.464
22295,2022-09-17,6514.416,6437.4614
22296,2022-09-18,6344.3325,6100.54
22297,2022-09-19,6502.537,6544.195
22298,2022-09-20,6729.1523,6563.9985
22299,2022-09-21,6777.14,6707.543
22300,2022-09-22,6758.1357,6599.5947
22301,2022-09-23,6698.7495,6654.368
22302,2022-09-24,6520.5913,6330.1553
22303,2022-09-25,6340.055,6051.0
22304,2022-09-26,6517.265,6602.634
22305,2022-09-27,6752.9077,6671.586
22306,2022-09-28,6795.192,6712.845
22307,2022-09-29,6788.065,6695.323
22308,2022-09-30,6751.9595,6756.9385
22309,2022-10-01,6574.2754,6314.0166
22310,2022-10-02,6400.868,6058.759
22311,2022-10-03,6565.7227,6559.828
22312,2022-10-04,6811.3467,6504.0215
22313,2022-10-05,6861.7056,6498.7183
22314,2022-10-06,6855.53,6533.431
22315,2022-10-07,6831.2993,6415.063
22316,2022-10-08,6621.7876,6169.821
22317,2022-10-09,6433.652,6043.838
22318,2022-10-10,6613.2324,6473.5625
22319,2022-10-11,6840.3257,6594.278
22320,2022-08-14,6314.0474,6308.7007
22321,2022-08-15,6789.619,6894.875
22322,2022-08-16,6800.0713,6832.37
22323,2022-08-17,6763.962,6919.016
22324,2022-08-18,6777.2686,6906.066
22325,2022-08-19,6755.4106,6860.7544
22326,2022-08-20,6433.297,6497.6953
22327,2022-08-21,6312.622,6135.005
22328,2022-08-22,6776.792,6695.5205
22329,2022-08-23,6806.248,6685.1035
22330,2022-08-24,6803.397,6685.166
22331,2022-08-25,6799.1206,6690.763
22332,2022-08-26,6750.186,6530.3525
22333,2022-08-27,6405.264,6197.1304
22334,2022-08-28,6286.966,6036.984
22335,2022-08-29,6747.811,6538.454
22336,2022-08-30,6785.8184,6561.5044
22337,2022-08-31,6778.2183,6660.3345
22338,2022-09-01,6782.4927,6696.0244
22339,2022-09-02,6717.406,6572.655
22340,2022-09-03,6388.162,6276.3657
22341,2022-09-04,6282.689,6152.961
22342,2022-09-05,6725.957,6605.1196
22343,2022-09-06,6783.4424,6681.0586
22344,2022-09-07,6753.987,6638.207
22345,2022-09-08,6733.5566,6668.6255
22346,2022-09-09,6670.845,6614.516
22347,2022-09-10,6344.9287,6296.271
22348,2022-09-11,6264.636,6122.2437
22349,2022-09-12,6708.8525,6661.7607
22350,2022-09-13,6745.91,6690.286
22351,2022-09-14,6722.1567,6598.0693
22352,2022-09-15,6719.7812,6655.694
22353,2022-09-16,6648.514,6783.464
22354,2022-09-17,6333.5273,6437.4614
22355,2022-09-18,6254.1846,6100.54
22356,2022-09-19,6700.3,6544.195
22357,2022-09-20,6737.833,6563.9985
22358,2022-09-21,6722.6313,6707.543
22359,2022-09-22,6680.823,6599.5947
22360,2022-09-23,6646.6167,6654.368
22361,2022-09-24,6298.37,6330.1553
22362,2022-09-25,6241.358,6051.0
22363,2022-09-26,6702.678,6602.634
22364,2022-09-27,6743.535,6671.586
22365,2022-09-28,6760.636,6712.845
22366,2022-09-29,6740.209,6695.323
22367,2022-09-30,6654.216,6756.9385
22368,2022-10-01,6334.476,6314.0166
22369,2022-10-02,6305.02,6058.759
22370,2022-10-03,6745.91,6559.828
22371,2022-10-04,6766.815,6504.0215
22372,2022-10-05,6789.6187,6498.7183
22373,2022-10-06,6761.5874,6533.431
22374,2022-10-07,6714.5527,6415.063
22375,2022-10-08,6393.864,6169.821
22376,2022-10-09,6331.1514,6043.838
22377,2022-10-10,6761.5894,6473.5625
22378,2022-10-11,6791.045,6594.278
22379,2022-10-12,6793.422,6488.9277
22380,2022-08-15,6690.672,6894.875
22381,2022-08-16,6818.953,6832.37
22382,2022-08-17,6793.775,6919.016
22383,2022-08-18,6785.6973,6906.066
22384,2022-08-19,6748.6367,6860.7544
22385,2022-08-20,6441.707,6497.6953
22386,2022-08-21,6301.545,6135.005
22387,2022-08-22,6725.832,6695.5205
22388,2022-08-23,6810.4023,6685.1035
22389,2022-08-24,6802.3276,6685.166
22390,2022-08-25,6806.1265,6690.763
22391,2022-08-26,6759.0913,6530.3525
22392,2022-08-27,6480.667,6197.1304
22393,2022-08-28,6323.877,6036.984
22394,2022-08-29,6721.555,6538.454
22395,2022-08-30,6829.408,6561.5044
22396,2022-08-31,6804.7007,6660.3345
22397,2022-09-01,6799.95,6696.0244
22398,2022-09-02,6719.6543,6572.655
22399,2022-09-03,6450.2583,6276.3657
22400,2022-09-04,6309.1455,6152.961
22401,2022-09-05,6679.743,6605.1196
22402,2022-09-06,6786.6475,6681.0586
22403,2022-09-07,6797.5757,6638.207
22404,2022-09-08,6748.161,6668.6255
22405,2022-09-09,6653.1367,6614.516
22406,2022-09-10,6381.841,6296.271
22407,2022-09-11,6298.219,6122.2437
22408,2022-09-12,6664.541,6661.7607
22409,2022-09-13,6775.7183,6690.286
22410,2022-09-14,6782.845,6598.0693
22411,2022-09-15,6726.308,6655.694
22412,2022-09-16,6647.909,6783.464
22413,2022-09-17,6356.1855,6437.4614
22414,2022-09-18,6265.9106,6100.54
22415,2022-09-19,6645.06,6544.195
22416,2022-09-20,6729.6323,6563.9985
22417,2022-09-21,6734.384,6707.543
22418,2022-09-22,6689.247,6599.5947
22419,2022-09-23,6618.929,6654.368
22420,2022-09-24,6346.6816,6330.1553
22421,2022-09-25,6246.4316,6051.0
22422,2022-09-26,6636.033,6602.634
22423,2022-09-27,6723.9307,6671.586
22424,2022-09-28,6742.936,6712.845
22425,2022-09-29,6718.706,6695.323
22426,2022-09-30,6640.31,6756.9385
22427,2022-10-01,6368.064,6314.0166
22428,2022-10-02,6296.317,6058.759
22429,2022-10-03,6677.8423,6559.828
22430,2022-10-04,6753.3877,6504.0215
22431,2022-10-05,6769.541,6498.7183
22432,2022-10-06,6757.188,6533.431
22433,2022-10-07,6692.5737,6415.063
22434,2022-10-08,6415.0996,6169.821
22435,2022-10-09,6323.4014,6043.838
22436,2022-10-10,6687.822,6473.5625
22437,2022-10-11,6793.301,6594.278
22438,2022-10-12,6794.7256,6488.9277
22439,2022-10-13,6751.013,6625.597
22440,2022-08-16,6894.507,6832.37
22441,2022-08-17,6813.714,6919.016
22442,2022-08-18,6800.4077,6906.066
22443,2022-08-19,6765.7124,6860.7544
22444,2022-08-20,6427.8066,6497.6953
22445,2022-08-21,6298.0645,6135.005
22446,2022-08-22,6772.3667,6695.5205
22447,2022-08-23,6808.485,6685.1035
22448,2022-08-24,6788.0493,6685.166
22449,2022-08-25,6789.0005,6690.763
22450,2022-08-26,6707.7314,6530.3525
22451,2022-08-27,6388.36,6197.1304
22452,2022-08-28,6274.7764,6036.984
22453,2022-08-29,6750.5044,6538.454
22454,2022-08-30,6809.912,6561.5044
22455,2022-08-31,6787.576,6660.3345
22456,2022-09-01,6754.306,6696.0244
22457,2022-09-02,6701.5527,6572.655
22458,2022-09-03,6390.2627,6276.3657
22459,2022-09-04,6262.8945,6152.961
22460,2022-09-05,6718.6636,6605.1196
22461,2022-09-06,6751.929,6681.0586
22462,2022-09-07,6730.5454,6638.207
22463,2022-09-08,6725.3154,6668.6255
22464,2022-09-09,6646.427,6614.516
22465,2022-09-10,6328.0044,6296.271
22466,2022-09-11,7162.074,6122.2437
22467,2022-09-12,7603.111,6661.7607
22468,2022-09-13,6742.9014,6690.286
22469,2022-09-14,6731.973,6598.0693
22470,2022-09-15,6714.3867,6655.694
22471,2022-09-16,6616.0073,6783.464
22472,2022-09-17,6318.4985,6437.4614
22473,2022-09-18,6260.5205,6100.54
22474,2022-09-19,6708.2056,6544.195
22475,2022-09-20,6739.573,6563.9985
22476,2022-09-21,6716.286,6707.543
22477,2022-09-22,6685.869,6599.5947
22478,2022-09-23,6605.0767,6654.368
22479,2022-09-24,6309.47,6330.1553
22480,2022-09-25,6261.4688,6051.0
22481,2022-09-26,6701.0786,6602.634
22482,2022-09-27,6742.9014,6671.586
22483,2022-09-28,6745.277,6712.845
22484,2022-09-29,6705.3535,6695.323
22485,2022-09-30,6624.088,6756.9385
22486,2022-10-01,6327.5283,6314.0166
22487,2022-10-02,6297.1123,6058.759
22488,2022-10-03,6703.4536,6559.828
22489,2022-10-04,6741.4746,6504.0215
22490,2022-10-05,6737.672,6498.7183
22491,2022-10-06,6722.942,6533.431
22492,2022-10-07,6648.324,6415.063
22493,2022-10-08,6356.045,6169.821
22494,2022-10-09,6319.4507,6043.838
22495,2022-10-10,6727.2173,6473.5625
22496,2022-10-11,6764.288,6594.278
22497,2022-10-12,6763.813,6488.9277
22498,2022-10-13,6745.2783,6625.597
22499,2022-10-14,6652.6035,6649.6763
22500,2022-08-17,6822.936,6919.016
22501,2022-08-18,6825.786,6906.066
22502,2022-08-19,6800.1235,6860.7544
22503,2022-08-20,6469.7905,6497.6953
22504,2022-08-21,6331.002,6135.005
22505,2022-08-22,6811.53,6695.5205
22506,2022-08-23,6847.6514,6685.1035
22507,2022-08-24,6841.949,6685.166
22508,2022-08-25,6821.5127,6690.763
22509,2022-08-26,6785.866,6530.3525
22510,2022-08-27,6452.6787,6197.1304
22511,2022-08-28,6316.267,6036.984
22512,2022-08-29,6747.3667,6538.454
22513,2022-08-30,6804.4023,6561.5044
22514,2022-08-31,6802.027,6660.3345
22515,2022-09-01,6760.199,6696.0244
22516,2022-09-02,6713.1455,6572.655
22517,2022-09-03,6379.483,6276.3657
22518,2022-09-04,6264.9355,6152.961
22519,2022-09-05,6692.233,6605.1196
22520,2022-09-06,6726.4546,6681.0586
22521,2022-09-07,6718.8486,6638.207
22522,2022-09-08,6689.379,6668.6255
22523,2022-09-09,6660.388,6614.516
22524,2022-09-10,6346.688,6296.271
22525,2022-09-11,6244.971,6122.2437
22526,2022-09-12,6689.378,6661.7607
22527,2022-09-13,6721.2236,6690.286
22528,2022-09-14,6714.0967,6598.0693
22529,2022-09-15,6707.4414,6655.694
22530,2022-09-16,6659.911,6783.464
22531,2022-09-17,6335.28,6437.4614
22532,2022-09-18,6234.042,6100.54
22533,2022-09-19,6680.825,6544.195
22534,2022-09-20,6730.7305,6563.9985
22535,2022-09-21,6719.7993,6707.543
22536,2022-09-22,6708.393,6599.5947
22537,2022-09-23,6650.4062,6654.368
22538,2022-09-24,6324.3477,6330.1553
22539,2022-09-25,6236.4175,6051.0
22540,2022-09-26,6671.317,6602.634
22541,2022-09-27,6727.4033,6671.586
22542,2022-09-28,6712.192,6712.845
22543,2022-09-29,6703.165,6695.323
22544,2022-09-30,6666.563,6756.9385
22545,2022-10-01,6357.6187,6314.0166
22546,2022-10-02,6283.4717,6058.759
22547,2022-10-03,6726.9277,6559.828
22548,2022-10-04,6763.051,6504.0215
22549,2022-10-05,6764.4775,6498.7183
22550,2022-10-06,6764.953,6533.431
22551,2022-10-07,6698.409,6415.063
22552,2022-10-08,6384.2363,6169.821
22553,2022-10-09,6283.471,6043.838
22554,2022-10-10,6747.8433,6473.5625
22555,2022-10-11,6785.865,6594.278
22556,2022-10-12,6790.62,6488.9277
22557,2022-10-13,6740.2363,6625.597
22558,2022-10-14,6694.1323,6649.6763
22559,2022-10-15,6385.186,6342.8145
22560,2022-08-18,6909.364,6906.066
22561,2022-08-19,6862.303,6860.7544
22562,2022-08-20,6525.2725,6497.6953
22563,2022-08-21,6366.502,6135.005
22564,2022-08-22,6834.257,6695.5205
22565,2022-08-23,6913.643,6685.1035
22566,2022-08-24,6887.9736,6685.166
22567,2022-08-25,6880.3667,6690.763
22568,2022-08-26,6841.8623,6530.3525
22569,2022-08-27,6477.7373,6197.1304
22570,2022-08-28,6328.4736,6036.984
22571,2022-08-29,6777.6895,6538.454
22572,2022-08-30,6857.074,6561.5044
22573,2022-08-31,6846.141,6660.3345
22574,2022-09-01,6829.5044,6696.0244
22575,2022-09-02,6762.477,6572.655
22576,2022-09-03,6404.056,6276.3657
22577,2022-09-04,6295.199,6152.961
22578,2022-09-05,6736.8066,6605.1196
22579,2022-09-06,6799.555,6681.0586
22580,2022-09-07,6780.5405,6638.207
22581,2022-09-08,6774.36,6668.6255
22582,2022-09-09,6693.0757,6614.516
22583,2022-09-10,6373.634,6296.271
22584,2022-09-11,6281.413,6122.2437
22585,2022-09-12,6698.303,6661.7607
22586,2022-09-13,6765.33,6690.286
22587,2022-09-14,6770.081,6598.0693
22588,2022-09-15,6752.4937,6655.694
22589,2022-09-16,6680.716,6783.464
22590,2022-09-17,6360.321,6437.4614
22591,2022-09-18,6264.301,6100.54
22592,2022-09-19,6706.385,6544.195
22593,2022-09-20,6766.756,6563.9985
22594,2022-09-21,6783.3926,6707.543
22595,2022-09-22,6763.902,6599.5947
22596,2022-09-23,6704.0073,6654.368
22597,2022-09-24,6370.779,6330.1553
22598,2022-09-25,6288.0684,6051.0
22599,2022-09-26,6712.091,6602.634
22600,2022-09-27,6769.1343,6671.586
22601,2022-09-28,6810.965,6712.845
22602,2022-09-29,6805.737,6695.323
22603,2022-09-30,6743.939,6756.9385
22604,2022-10-01,6417.8438,6314.0166
22605,2022-10-02,6315.638,6058.759
22606,2022-10-03,6770.558,6559.828
22607,2022-10-04,7737.44,6504.0215
22608,2022-10-05,6808.5854,6498.7183
22609,2022-10-06,6782.919,6533.431
22610,2022-10-07,6720.169,6415.063
22611,2022-10-08,6416.4155,6169.821
22612,2022-10-09,6322.7686,6043.838
22613,2022-10-10,6767.2305,6473.5625
22614,2022-10-11,6824.273,6594.278
22615,2022-10-12,6842.813,6488.9277
22616,2022-10-13,6829.029,6625.597
22617,2022-10-14,6761.527,6649.6763
22618,2022-10-15,6412.1367,6342.8145
22619,2022-10-16,6335.129,6093.174
22620,2022-08-19,6800.6035,6860.7544
22621,2022-08-20,6444.5005,6497.6953
22622,2022-08-21,6309.4814,6135.005
22623,2022-08-22,6768.752,6695.5205
22624,2022-08-23,6841.4907,6685.1035
22625,2022-08-24,6846.721,6685.166
22626,2022-08-25,6838.1636,6690.763
22627,2022-08-26,6780.6367,6530.3525
22628,2022-08-27,6444.504,6197.1304
22629,2022-08-28,6321.842,6036.984
22630,2022-08-29,6753.0596,6538.454
22631,2022-08-30,6824.848,6561.5044
22632,2022-08-31,6824.851,6660.3345
22633,2022-09-01,6798.227,6696.0244
22634,2022-09-02,6728.338,6572.655
22635,2022-09-03,6413.1265,6276.3657
22636,2022-09-04,6291.4136,6152.961
22637,2022-09-05,6759.717,6605.1196
22638,2022-09-06,6814.866,6681.0586
22639,2022-09-07,6776.3555,6638.207
22640,2022-09-08,6753.0596,6668.6255
22641,2022-09-09,6690.7773,6614.516
22642,2022-09-10,6396.486,6296.271
22643,2022-09-11,6279.054,6122.2437
22644,2022-09-12,6711.696,6661.7607
22645,2022-09-13,6761.616,6690.286
22646,2022-09-14,6731.6655,6598.0693
22647,2022-09-15,6717.404,6655.694
22648,2022-09-16,6667.48,6783.464
22649,2022-09-17,6346.5654,6437.4614
22650,2022-09-18,6259.56,6100.54
22651,2022-09-19,6674.6143,6544.195
22652,2022-09-20,6721.2056,6563.9985
22653,2022-09-21,6722.6333,6707.543
22654,2022-09-22,6696.007,6599.5947
22655,2022-09-23,6634.201,6654.368
22656,2022-09-24,6346.5654,6330.1553
22657,2022-09-25,6241.97,6051.0
22658,2022-09-26,6657.0225,6602.634
22659,2022-09-27,6712.1733,6671.586
22660,2022-09-28,6724.533,6712.845
22661,2022-09-29,6712.649,6695.323
22662,2022-09-30,6658.926,6756.9385
22663,2022-10-01,6380.321,6314.0166
22664,2022-10-02,6281.9067,6058.759
22665,2022-10-03,6688.3994,6559.828
22666,2022-10-04,6765.897,6504.0215
22667,2022-10-05,6783.013,6498.7183
22668,2022-10-06,6767.322,6533.431
22669,2022-10-07,6681.268,6415.063
22670,2022-10-08,6391.256,6169.821
22671,2022-10-09,6310.9067,6043.838
22672,2022-10-10,6710.7456,6473.5625
22673,2022-10-11,6776.3574,6594.278
22674,2022-10-12,6782.0596,6488.9277
22675,2022-10-13,6746.405,6625.597
22676,2022-10-14,6690.302,6649.6763
22677,2022-10-15,6399.3374,6342.8145
22678,2022-10-16,6325.1694,6093.174
22679,2022-10-17,6717.402,6593.1313
22680,2022-08-20,6478.3394,6497.6953
22681,2022-08-21,6336.1626,6135.005
22682,2022-08-22,6816.428,6695.5205
22683,2022-08-23,6877.294,6685.1035
22684,2022-08-24,6851.616,6685.166
22685,2022-08-25,6847.812,6690.763
22686,2022-08-26,6780.766,6530.3525
22687,2022-08-27,6443.628,6197.1304
22688,2022-08-28,6311.436,6036.984
22689,2022-08-29,6755.561,6538.454
22690,2022-08-30,6823.561,6561.5044
22691,2022-08-31,6819.2827,6660.3345
22692,2022-09-01,6794.0796,6696.0244
22693,2022-09-02,6733.2124,6572.655
22694,2022-09-03,6407.489,6276.3657
22695,2022-09-04,6320.4727,6152.961
22696,2022-09-05,6742.7236,6605.1196
22697,2022-09-06,6785.996,6681.0586
22698,2022-09-07,6787.898,6638.207
22699,2022-09-08,6757.9404,6668.6255
22700,2022-09-09,6661.8857,6614.516
22701,2022-09-10,6339.016,6296.271
22702,2022-09-11,6282.43,6122.2437
22703,2022-09-12,6719.8994,6661.7607
22704,2022-09-13,6756.511,6690.286
22705,2022-09-14,6750.8076,6598.0693
22706,2022-09-15,6724.1787,6655.694
22707,2022-09-16,6665.2163,6783.464
22708,2022-09-17,6354.2344,6437.4614
22709,2022-09-18,6276.7246,6100.54
22710,2022-09-19,6698.0264,6544.195
22711,2022-09-20,6767.449,6563.9985
22712,2022-09-21,6769.8276,6707.543
22713,2022-09-22,6749.3813,6599.5947
22714,2022-09-23,6673.2993,6654.368
22715,2022-09-24,6350.9043,6330.1553
22716,2022-09-25,6294.32,6051.0
22717,2022-09-26,6708.963,6602.634
22718,2022-09-27,6760.3174,6671.586
22719,2022-09-28,6748.905,6712.845
22720,2022-09-29,6734.64,6695.323
22721,2022-09-30,6675.2026,6756.9385
22722,2022-10-01,6373.254,6314.0166
22723,2022-10-02,6336.639,6058.759
22724,2022-10-03,6751.284,6559.828
22725,2022-10-04,6815.951,6504.0215
22726,2022-10-05,6804.065,6498.7183
22727,2022-10-06,6777.91,6533.431
22728,2022-10-07,6696.6006,6415.063
22729,2022-10-08,6418.9004,6169.821
22730,2022-10-09,6368.975,6043.838
22731,2022-10-10,6779.8145,6473.5625
22732,2022-10-11,6854.945,6594.278
22733,2022-10-12,6862.0757,6488.9277
22734,2022-10-13,6831.17,6625.597
22735,2022-10-14,6723.703,6649.6763
22736,2022-10-15,6412.244,6342.8145
22737,2022-10-16,6342.346,6093.174
22738,2022-10-17,6745.5767,6593.1313
22739,2022-10-18,6804.0654,6667.147
22740,2022-08-21,6317.306,6135.005
22741,2022-08-22,6828.016,6695.5205
22742,2022-08-23,6878.4233,6685.1035
22743,2022-08-24,6862.73,6685.166
22744,2022-08-25,6851.3174,6690.763
22745,2022-08-26,6797.1074,6530.3525
22746,2022-08-27,6441.419,6197.1304
22747,2022-08-28,6324.439,6036.984
22748,2022-08-29,6797.582,6538.454
22749,2022-08-30,6831.3477,6561.5044
22750,2022-08-31,6832.297,6660.3345
22751,2022-09-01,6835.625,6696.0244
22752,2022-09-02,6760.9683,6572.655
22753,2022-09-03,6419.5444,6276.3657
22754,2022-09-04,6317.7812,6152.961
22755,2022-09-05,6753.835,6605.1196
22756,2022-09-06,6818.03,6681.0586
22757,2022-09-07,6798.534,6638.207
22758,2022-09-08,6773.8066,6668.6255
22759,2022-09-09,6702.48,6614.516
22760,2022-09-10,6369.615,6296.271
22761,2022-09-11,6285.447,6122.2437
22762,2022-09-12,6744.325,6661.7607
22763,2022-09-13,6798.535,6690.286
22764,2022-09-14,6783.795,6598.0693
22765,2022-09-15,6760.493,6655.694
22766,2022-09-16,6670.6187,6783.464
22767,2022-09-17,6354.872,6437.4614
22768,2022-09-18,6286.8726,6100.54
22769,2022-09-19,6703.9062,6544.195
22770,2022-09-20,6781.417,6563.9985
22771,2022-09-21,6774.7583,6707.543
22772,2022-09-22,6757.1646,6599.5947
22773,2022-09-23,6688.2144,6654.368
22774,2022-09-24,6373.416,6330.1553
22775,2022-09-25,6316.8306,6051.0
22776,2022-09-26,6749.5576,6602.634
22777,2022-09-27,6771.4277,6671.586
22778,2022-09-28,6807.0938,6712.845
22779,2022-09-29,6784.268,6695.323
22780,2022-09-30,6700.101,6756.9385
22781,2022-10-01,6383.404,6314.0166
22782,2022-10-02,6308.7456,6058.759
22783,2022-10-03,6739.094,6559.828
22784,2022-10-04,6807.096,6504.0215
22785,2022-10-05,6820.8877,6498.7183
22786,2022-10-06,6801.8633,6533.431
22787,2022-10-07,6730.058,6415.063
22788,2022-10-08,6408.6064,6169.821
22789,2022-10-09,6353.4463,6043.838
22790,2022-10-10,6788.073,6473.5625
22791,2022-10-11,6843.708,6594.278
22792,2022-10-12,6845.1343,6488.9277
22793,2022-10-13,6813.7515,6625.597
22794,2022-10-14,6743.373,6649.6763
22795,2022-10-15,6420.971,6342.8145
22796,2022-10-16,6338.703,6093.174
22797,2022-10-17,6747.655,6593.1313
22798,2022-10-18,6811.373,6667.147
22799,2022-10-19,6804.7173,6748.9507
22800,2022-08-22,6558.5864,6695.5205
22801,2022-08-23,6721.216,6685.1035
22802,2022-08-24,6721.6934,6685.166
22803,2022-08-25,6729.3027,6690.763
22804,2022-08-26,6694.59,6530.3525
22805,2022-08-27,6412.595,6197.1304
22806,2022-08-28,6256.1455,6036.984
22807,2022-08-29,6654.166,6538.454
22808,2022-08-30,6764.4917,6561.5044
22809,2022-08-31,6774.478,6660.3345
22810,2022-09-01,6729.7783,6696.0244
22811,2022-09-02,6686.0293,6572.655
22812,2022-09-03,6413.544,6276.3657
22813,2022-09-04,6299.419,6152.961
22814,2022-09-05,6655.5938,6605.1196
22815,2022-09-06,6738.8145,6681.0586
22816,2022-09-07,6723.12,6638.207
22817,2022-09-08,6695.5396,6668.6255
22818,2022-09-09,6658.445,6614.516
22819,2022-09-10,6376.4556,6296.271
22820,2022-09-11,6268.5073,6122.2437
22821,2022-09-12,6631.815,6661.7607
22822,2022-09-13,6696.49,6690.286
22823,2022-09-14,6712.1816,6598.0693
22824,2022-09-15,6705.9985,6655.694
22825,2022-09-16,6637.523,6783.464
22826,2022-09-17,6355.5312,6437.4614
22827,2022-09-18,6250.436,6100.54
22828,2022-09-19,6607.089,6544.195
22829,2022-09-20,6686.5024,6563.9985
22830,2022-09-21,6687.456,6707.543
22831,2022-09-22,6663.2036,6599.5947
22832,2022-09-23,6638.476,6654.368
22833,2022-09-24,6363.616,6330.1553
22834,2022-09-25,6264.705,6051.0
22835,2022-09-26,6616.6006,6602.634
22836,2022-09-27,6698.8677,6671.586
22837,2022-09-28,6717.4126,6712.845
22838,2022-09-29,6706.475,6695.323
22839,2022-09-30,6675.5674,6756.9385
22840,2022-10-01,6430.665,6314.0166
22841,2022-10-02,6347.9224,6058.759
22842,2022-10-03,6703.623,6559.828
22843,2022-10-04,6795.3994,6504.0215
22844,2022-10-05,6792.5474,6498.7183
22845,2022-10-06,6766.8706,6533.431
22846,2022-10-07,6718.8394,6415.063
22847,2022-10-08,6433.9937,6169.821
22848,2022-10-09,6343.6426,6043.838
22849,2022-10-10,6690.3076,6473.5625
22850,2022-10-11,6783.0386,6594.278
22851,2022-10-12,6808.243,6488.9277
22852,2022-10-13,6804.437,6625.597
22853,2022-10-14,6727.399,6649.6763
22854,2022-10-15,6442.0776,6342.8145
22855,2022-10-16,6331.277,6093.174
22856,2022-10-17,6674.6177,6593.1313
22857,2022-10-18,6754.982,6667.147
22858,2022-10-19,6775.43,6748.9507
22859,2022-10-20,6763.541,6827.74
22860,2022-08-23,6784.1504,6685.1035
22861,2022-08-24,6788.431,6685.166
22862,2022-08-25,6784.6255,6690.763
22863,2022-08-26,6759.8926,6530.3525
22864,2022-08-27,6435.027,6197.1304
22865,2022-08-28,6285.197,6036.984
22866,2022-08-29,6738.013,6538.454
22867,2022-08-30,6777.967,6561.5044
22868,2022-08-31,6761.795,6660.3345
22869,2022-09-01,6740.8667,6696.0244
22870,2022-09-02,6713.28,6572.655
22871,2022-09-03,6396.4995,6276.3657
22872,2022-09-04,6264.267,6152.961
22873,2022-09-05,6706.1455,6605.1196
22874,2022-09-06,6760.369,6681.0586
22875,2022-09-07,6743.721,6638.207
22876,2022-09-08,6724.219,6668.6255
22877,2022-09-09,6662.386,6614.516
22878,2022-09-10,6367.009,6296.271
22879,2022-09-11,6239.058,6122.2437
22880,2022-09-12,6651.9224,6661.7607
22881,2022-09-13,6712.804,6690.286
22882,2022-09-14,6687.594,6598.0693
22883,2022-09-15,6652.397,6655.694
22884,2022-09-16,6613.87,6783.464
22885,2022-09-17,6319.444,6437.4614
22886,2022-09-18,6220.984,6100.54
22887,2022-09-19,6638.605,6544.195
22888,2022-09-20,6703.2925,6563.9985
22889,2022-09-21,6706.622,6707.543
22890,2022-09-22,6695.6816,6599.5947
22891,2022-09-23,6614.345,6654.368
22892,2022-09-24,6322.7725,6330.1553
22893,2022-09-25,6251.9033,6051.0
22894,2022-09-26,6654.3,6602.634
22895,2022-09-27,6728.9756,6671.586
22896,2022-09-28,6735.159,6712.845
22897,2022-09-29,6729.927,6695.323
22898,2022-09-30,6673.802,6756.9385
22899,2022-10-01,6360.3496,6314.0166
22900,2022-10-02,6266.172,6058.759
22901,2022-10-03,6685.2183,6559.828
22902,2022-10-04,6763.6987,6504.0215
22903,2022-10-05,6763.6987,6498.7183
22904,2022-10-06,6731.8306,6533.431
22905,2022-10-07,6675.228,6415.063
22906,2022-10-08,6387.462,6169.821
22907,2022-10-09,6298.04,6043.838
22908,2022-10-10,6711.851,6473.5625
22909,2022-10-11,6768.929,6594.278
22910,2022-10-12,6787.9556,6488.9277
22911,2022-10-13,6775.5894,6625.597
22912,2022-10-14,6718.5117,6649.6763
22913,2022-10-15,6412.196,6342.8145
22914,2022-10-16,6308.5024,6093.174
22915,2022-10-17,6711.378,6593.1313
22916,2022-10-18,6788.9077,6667.147
22917,2022-10-19,6772.2593,6748.9507
22918,2022-10-20,6767.0283,6827.74
22919,2022-10-21,6703.766,6615.3354
22920,2022-08-24,6739.59,6685.166
22921,2022-08-25,6727.696,6690.763
22922,2022-08-26,6695.8257,6530.3525
22923,2022-08-27,6388.53,6197.1304
22924,2022-08-28,6250.105,6036.984
22925,2022-08-29,6696.302,6538.454
22926,2022-08-30,6743.8726,6561.5044
22927,2022-08-31,6752.9106,6660.3345
22928,2022-09-01,6723.4175,6696.0244
22929,2022-09-02,6679.177,6572.655
22930,2022-09-03,6396.615,6276.3657
22931,2022-09-04,6256.7656,6152.961
22932,2022-09-05,6694.875,6605.1196
22933,2022-09-06,6722.465,6681.0586
22934,2022-09-07,6718.1826,6638.207
22935,2022-09-08,6673.469,6668.6255
22936,2022-09-09,6628.2793,6614.516
22937,2022-09-10,6342.3867,6296.271
22938,2022-09-11,6245.3486,6122.2437
22939,2022-09-12,6661.101,6661.7607
22940,2022-09-13,6699.1562,6690.286
22941,2022-09-14,6699.631,6598.0693
22942,2022-09-15,6671.091,6655.694
22943,2022-09-16,6630.6562,6783.464
22944,2022-09-17,6338.582,6437.4614
22945,2022-09-18,6235.8325,6100.54
22946,2022-09-19,6663.004,6544.195
22947,2022-09-20,6706.7676,6563.9985
22948,2022-09-21,6721.0386,6707.543
22949,2022-09-22,6704.389,6599.5947
22950,2022-09-23,6658.245,6654.368
22951,2022-09-24,6350.4746,6330.1553
22952,2022-09-25,6276.7427,6051.0
22953,2022-09-26,6674.8965,6602.634
22954,2022-09-27,6724.3667,6671.586
22955,2022-09-28,6720.563,6712.845
22956,2022-09-29,6682.983,6695.323
22957,2022-09-30,6651.5874,6756.9385
22958,2022-10-01,6364.2695,6314.0166
22959,2022-10-02,6300.529,6058.759
22960,2022-10-03,6707.245,6559.828
22961,2022-10-04,6758.142,6504.0215
22962,2022-10-05,6746.7256,6498.7183
22963,2022-10-06,6719.6123,6533.431
22964,2022-10-07,6665.384,6415.063
22965,2022-10-08,6388.0557,6169.821
22966,2022-10-09,6299.576,6043.838
22967,2022-10-10,6683.9346,6473.5625
22968,2022-10-11,6720.562,6594.278
22969,2022-10-12,6717.7095,6488.9277
22970,2022-10-13,6710.098,6625.597
22971,2022-10-14,6639.696,6649.6763
22972,2022-10-15,6347.145,6342.8145
22973,2022-10-16,6273.415,6093.174
22974,2022-10-17,6648.736,6593.1313
22975,2022-10-18,6707.7183,6667.147
22976,2022-10-19,6698.68,6748.9507
22977,2022-10-20,6683.458,6827.74
22978,2022-10-21,6618.7637,6615.3354
22979,2022-10-22,6335.7285,6184.5835
22980,2022-08-25,6724.898,6690.763
22981,2022-08-26,6705.3945,6530.3525
22982,2022-08-27,6368.5767,6197.1304
22983,2022-08-28,6212.062,6036.984
22984,2022-08-29,6666.3823,6538.454
22985,2022-08-30,6723.9463,6561.5044
22986,2022-08-31,6735.3643,6660.3345
22987,2022-09-01,6729.655,6696.0244
22988,2022-09-02,6691.5957,6572.655
22989,2022-09-03,6387.132,6276.3657
22990,2022-09-04,6228.239,6152.961
22991,2022-09-05,6659.7246,6605.1196
22992,2022-09-06,6715.8594,6681.0586
22993,2022-09-07,6716.811,6638.207
22994,2022-09-08,6691.5967,6668.6255
22995,2022-09-09,6666.8594,6614.516
22996,2022-09-10,6345.267,6296.271
22997,2022-09-11,6222.0537,6122.2437
22998,2022-09-12,6639.2676,6661.7607
22999,2022-09-13,6690.6455,6690.286
23000,2022-09-14,6730.1333,6598.0693
23001,2022-09-15,6699.683,6655.694
23002,2022-09-16,6639.7437,6783.464
23003,2022-09-17,6337.6562,6437.4614
23004,2022-09-18,6217.772,6100.54
23005,2022-09-19,6644.0244,6544.195
23006,2022-09-20,6707.77,6563.9985
23007,2022-09-21,6700.161,6707.543
23008,2022-09-22,6693.0254,6599.5947
23009,2022-09-23,6629.7544,6654.368
23010,2022-09-24,6331.9463,6330.1553
23011,2022-09-25,6235.848,6051.0
23012,2022-09-26,6656.3936,6602.634
23013,2022-09-27,6700.16,6671.586
23014,2022-09-28,6720.141,6712.845
23015,2022-09-29,6705.3936,6695.323
23016,2022-09-30,6654.4893,6756.9385
23017,2022-10-01,6357.6357,6314.0166
23018,2022-10-02,6259.6343,6058.759
23019,2022-10-03,6663.5293,6559.828
23020,2022-10-04,6734.89,6504.0215
23021,2022-10-05,6742.5,6498.7183
23022,2022-10-06,6732.0337,6533.431
23023,2022-10-07,6660.674,6415.063
23024,2022-10-08,6366.675,6169.821
23025,2022-10-09,6295.7905,6043.838
23026,2022-10-10,6683.987,6473.5625
23027,2022-10-11,6751.063,6594.278
23028,2022-10-12,6740.5967,6488.9277
23029,2022-10-13,6738.6943,6625.597
23030,2022-10-14,6663.0527,6649.6763
23031,2022-10-15,6361.917,6342.8145
23032,2022-10-16,6255.8296,6093.174
23033,2022-10-17,6649.2583,6593.1313
23034,2022-10-18,6728.7046,6667.147
23035,2022-10-19,6708.723,6748.9507
23036,2022-10-20,6690.6455,6827.74
23037,2022-10-21,6640.2173,6615.3354
23038,2022-10-22,6331.47,6184.5835
23039,2022-10-23,6257.7344,5907.6646
23040,2022-08-26,6691.239,6530.3525
23041,2022-08-27,6342.0244,6197.1304
23042,2022-08-28,6212.6143,6036.984
23043,2022-08-29,6678.8687,6538.454
23044,2022-08-30,6719.7856,6561.5044
23045,2022-08-31,6753.09,6660.3345
23046,2022-09-01,6739.7695,6696.0244
23047,2022-09-02,6692.666,6572.655
23048,2022-09-03,6366.29,6276.3657
23049,2022-09-04,6264.0,6152.961
23050,2022-09-05,6686.482,6605.1196
23051,2022-09-06,6713.1255,6681.0586
23052,2022-09-07,6701.708,6638.207
23053,2022-09-08,6671.2573,6668.6255
23054,2022-09-09,6624.6313,6614.516
23055,2022-09-10,6342.978,6296.271
23056,2022-09-11,6264.95,6122.2437
23057,2022-09-12,6662.6943,6661.7607
23058,2022-09-13,6711.2246,6690.286
23059,2022-09-14,6700.2817,6598.0693
23060,2022-09-15,6683.152,6655.694
23061,2022-09-16,6631.292,6783.464
23062,2022-09-17,6337.7427,6437.4614
23063,2022-09-18,6242.589,6100.54
23064,2022-09-19,6646.9917,6544.195
23065,2022-09-20,6705.989,6563.9985
23066,2022-09-21,6715.98,6707.543
23067,2022-09-22,6678.8687,6599.5947
23068,2022-09-23,6648.897,6654.368
23069,2022-09-24,6345.3564,6330.1553
23070,2022-09-25,6244.4927,6051.0
23071,2022-09-26,6636.049,6602.634
23072,2022-09-27,6706.4663,6671.586
23073,2022-09-28,6713.1255,6712.845
23074,2022-09-29,6710.7456,6695.323
23075,2022-09-30,6659.84,6756.9385
23076,2022-10-01,6357.2505,6314.0166
23077,2022-10-02,6280.652,6058.759
23078,2022-10-03,6670.78,6559.828
23079,2022-10-04,6739.7686,6504.0215
23080,2022-10-05,6748.3345,6498.7183
23081,2022-10-06,6715.503,6533.431
23082,2022-10-07,6665.5483,6415.063
23083,2022-10-08,6376.755,6169.821
23084,2022-10-09,6295.8765,6043.838
23085,2022-10-10,6693.143,6473.5625
23086,2022-10-11,6756.897,6594.278
23087,2022-10-12,6755.9463,6488.9277
23088,2022-10-13,6709.3184,6625.597
23089,2022-10-14,6658.412,6649.6763
23090,2022-10-15,6348.6855,6342.8145
23091,2022-10-16,6263.998,6093.174
23092,2022-10-17,6670.306,6593.1313
23093,2022-10-18,6734.06,6667.147
23094,2022-10-19,6740.245,6748.9507
23095,2022-10-20,6712.1733,6827.74
23096,2022-10-21,6656.0327,6615.3354
23097,2022-10-22,6361.0557,6184.5835
23098,2022-10-23,6276.844,5907.6646
23099,2022-10-24,6644.6123,6002.525
23100,2022-08-27,6208.7764,6197.1304
23101,2022-08-28,6153.585,6036.984
23102,2022-08-29,6655.5215,6538.454
23103,2022-08-30,6679.3105,6561.5044
23104,2022-08-31,6682.64,6660.3345
23105,2022-09-01,6678.835,6696.0244
23106,2022-09-02,6623.6445,6572.655
23107,2022-09-03,6302.0254,6276.3657
23108,2022-09-04,6204.4937,6152.961
23109,2022-09-05,6678.835,6605.1196
23110,2022-09-06,6677.882,6681.0586
23111,2022-09-07,6668.3657,6638.207
23112,2022-09-08,6665.989,6668.6255
23113,2022-09-09,6616.5073,6614.516
23114,2022-09-10,6271.574,6296.271
23115,2022-09-11,6204.016,6122.2437
23116,2022-09-12,6677.884,6661.7607
23117,2022-09-13,6689.302,6690.286
23118,2022-09-14,6706.4287,6598.0693
23119,2022-09-15,6700.7183,6655.694
23120,2022-09-16,6646.4814,6783.464
23121,2022-09-17,6313.918,6437.4614
23122,2022-09-18,6233.038,6100.54
23123,2022-09-19,6680.2617,6544.195
23124,2022-09-20,6720.701,6563.9985
23125,2022-09-21,6732.596,6707.543
23126,2022-09-22,6706.4287,6599.5947
23127,2022-09-23,6651.715,6654.368
23128,2022-09-24,6329.618,6330.1553
23129,2022-09-25,6219.7163,6051.0
23130,2022-09-26,6655.5205,6602.634
23131,2022-09-27,6698.817,6671.586
23132,2022-09-28,6708.8076,6712.845
23133,2022-09-29,6692.156,6695.323
23134,2022-09-30,6629.3535,6756.9385
23135,2022-10-01,6314.871,6314.0166
23136,2022-10-02,6243.507,6058.759
23137,2022-10-03,6666.464,6559.828
23138,2022-10-04,6681.214,6504.0215
23139,2022-10-05,6688.35,6498.7183
23140,2022-10-06,6660.754,6533.431
23141,2022-10-07,6607.944,6415.063
23142,2022-10-08,6311.0645,6169.821
23143,2022-10-09,6237.797,6043.838
23144,2022-10-10,6679.787,6473.5625
23145,2022-10-11,6715.946,6594.278
23146,2022-10-12,6748.295,6488.9277
23147,2022-10-13,6718.322,6625.597
23148,2022-10-14,6639.819,6649.6763
23149,2022-10-15,6317.2495,6342.8145
23150,2022-10-16,6244.458,6093.174
23151,2022-10-17,6665.0376,6593.1313
23152,2022-10-18,6708.331,6667.147
23153,2022-10-19,6705.477,6748.9507
23154,2022-10-20,6690.253,6827.74
23155,2022-10-21,6619.838,6615.3354
23156,2022-10-22,6305.83,6184.5835
23157,2022-10-23,6259.206,5907.6646
23158,2022-10-24,6669.7944,6002.525
23159,2022-10-25,6698.34,6489.485
23160,2022-08-28,6131.6846,6036.984
23161,2022-08-29,6638.378,6538.454
23162,2022-08-30,6674.061,6561.5044
23163,2022-08-31,6681.197,6660.3345
23164,2022-09-01,6666.448,6696.0244
23165,2022-09-02,6623.152,6572.655
23166,2022-09-03,6282.0273,6276.3657
23167,2022-09-04,6190.6826,6152.961
23168,2022-09-05,6645.0376,6605.1196
23169,2022-09-06,6677.8667,6681.0586
23170,2022-09-07,6671.205,6638.207
23171,2022-09-08,6675.014,6668.6255
23172,2022-09-09,6622.2,6614.516
23173,2022-09-10,6295.35,6296.271
23174,2022-09-11,6227.315,6122.2437
23175,2022-09-12,6679.7676,6661.7607
23176,2022-09-13,6704.9844,6690.286
23177,2022-09-14,6695.946,6598.0693
23178,2022-09-15,6693.5664,6655.694
23179,2022-09-16,6645.9907,6783.464
23180,2022-09-17,6336.7427,6437.4614
23181,2022-09-18,6228.2676,6100.54
23182,2022-09-19,6683.5757,6544.195
23183,2022-09-20,6714.9736,6563.9985
23184,2022-09-21,6717.831,6707.543
23185,2022-09-22,6693.091,6599.5947
23186,2022-09-23,6622.2007,6654.368
23187,2022-09-24,6301.534,6330.1553
23188,2022-09-25,6222.083,6051.0
23189,2022-09-26,6664.0693,6602.634
23190,2022-09-27,6694.993,6671.586
23191,2022-09-28,6705.46,6712.845
23192,2022-09-29,6657.8843,6695.323
23193,2022-09-30,6597.9375,6756.9385
23194,2022-10-01,6296.777,6314.0166
23195,2022-10-02,6223.985,6058.759
23196,2022-10-03,6666.4487,6559.828
23197,2022-10-04,6688.331,6504.0215
23198,2022-10-05,6706.41,6498.7183
23199,2022-10-06,6689.284,6533.431
23200,2022-10-07,6628.8633,6415.063
23201,2022-10-08,6318.1855,6169.821
23202,2022-10-09,6250.6265,6043.838
23203,2022-10-10,6700.2285,6473.5625
23204,2022-10-11,6744.9473,6594.278
23205,2022-10-12,6741.6167,6488.9277
23206,2022-10-13,6711.1694,6625.597
23207,2022-10-14,6622.677,6649.6763
23208,2022-10-15,6320.5654,6342.8145
23209,2022-10-16,6256.814,6093.174
23210,2022-10-17,6678.8213,6593.1313
23211,2022-10-18,6736.8594,6667.147
23212,2022-10-19,6734.956,6748.9507
23213,2022-10-20,6705.935,6827.74
23214,2022-10-21,6602.695,6615.3354
23215,2022-10-22,6302.009,6184.5835
23216,2022-10-23,6250.6274,5907.6646
23217,2022-10-24,6661.6895,6002.525
23218,2022-10-25,6691.187,6489.485
23219,2022-10-26,6702.13,6444.6543
23220,2022-08-29,6556.245,6538.454
23221,2022-08-30,6619.043,6561.5044
23222,2022-08-31,6625.701,6660.3345
23223,2022-09-01,6602.3906,6696.0244
23224,2022-09-02,6550.061,6572.655
23225,2022-09-03,6251.2925,6276.3657
23226,2022-09-04,6200.8633,6152.961
23227,2022-09-05,6652.8193,6605.1196
23228,2022-09-06,6674.228,6681.0586
23229,2022-09-07,6671.3735,6638.207
23230,2022-09-08,6649.4907,6668.6255
23231,2022-09-09,6623.7983,6614.516
23232,2022-09-10,6315.0405,6296.271
23233,2022-09-11,6233.6895,6122.2437
23234,2022-09-12,6671.3735,6661.7607
23235,2022-09-13,6684.694,6690.286
23236,2022-09-14,6677.083,6598.0693
23237,2022-09-15,6654.2476,6655.694
23238,2022-09-16,6615.236,6783.464
23239,2022-09-17,6327.412,6437.4614
23240,2022-09-18,6243.2046,6100.54
23241,2022-09-19,6652.822,6544.195
23242,2022-09-20,6678.986,6563.9985
23243,2022-09-21,6669.9463,6707.543
23244,2022-09-22,6666.6177,6599.5947
23245,2022-09-23,6597.158,6654.368
23246,2022-09-24,6288.875,6330.1553
23247,2022-09-25,6250.8164,6051.0
23248,2022-09-26,6640.4526,6602.634
23249,2022-09-27,6677.083,6671.586
23250,2022-09-28,6711.338,6712.845
23251,2022-09-29,6697.54,6695.323
23252,2022-09-30,6610.4775,6756.9385
23253,2022-10-01,6329.7905,6314.0166
23254,2022-10-02,6264.1377,6058.759
23255,2022-10-03,6676.131,6559.828
23256,2022-10-04,6708.006,6504.0215
23257,2022-10-05,6701.3467,6498.7183
23258,2022-10-06,6714.6675,6533.431
23259,2022-10-07,6642.83,6415.063
23260,2022-10-08,6341.2075,6169.821
23261,2022-10-09,6304.0996,6043.838
23262,2022-10-10,6727.9873,6473.5625
23263,2022-10-11,6747.4917,6594.278
23264,2022-10-12,6747.9688,6488.9277
23265,2022-10-13,6708.009,6625.597
23266,2022-10-14,6619.994,6649.6763
23267,2022-10-15,6311.2363,6342.8145
23268,2022-10-16,6272.698,6093.174
23269,2022-10-17,6675.179,6593.1313
23270,2022-10-18,6713.716,6667.147
23271,2022-10-19,6721.8037,6748.9507
23272,2022-10-20,6692.7827,6827.74
23273,2022-10-21,6593.8286,6615.3354
23274,2022-10-22,6287.924,6184.5835
23275,2022-10-23,6268.419,5907.6646
23276,2022-10-24,6647.112,6002.525
23277,2022-10-25,6700.87,6489.485
23278,2022-10-26,6700.871,6444.6543
23279,2022-10-27,6674.705,6531.5986
23280,2022-08-30,6633.9604,6561.5044
23281,2022-08-31,6664.8877,6660.3345
23282,2022-09-01,6648.7075,6696.0244
23283,2022-09-02,6606.8374,6572.655
23284,2022-09-03,6280.8936,6276.3657
23285,2022-09-04,6173.358,6152.961
23286,2022-09-05,6633.957,6605.1196
23287,2022-09-06,6677.2583,6681.0586
23288,2022-09-07,6681.542,6638.207
23289,2022-09-08,6675.8306,6668.6255
23290,2022-09-09,6640.1445,6614.516
23291,2022-09-10,6314.6787,6296.271
23292,2022-09-11,6210.9487,6122.2437
23293,2022-09-12,6663.46,6661.7607
23294,2022-09-13,6682.0176,6690.286
23295,2022-09-14,6682.9683,6598.0693
23296,2022-09-15,6686.775,6655.694
23297,2022-09-16,6630.1514,6783.464
23298,2022-09-17,6297.55,6437.4614
23299,2022-09-18,6206.667,6100.54
23300,2022-09-19,6643.9517,6544.195
23301,2022-09-20,6675.3555,6563.9985
23302,2022-09-21,6672.5015,6707.543
23303,2022-09-22,6641.096,6599.5947
23304,2022-09-23,6584.4717,6654.368
23305,2022-09-24,6295.6455,6330.1553
23306,2022-09-25,6214.7544,6051.0
23307,2022-09-26,6638.243,6602.634
23308,2022-09-27,6688.203,6671.586
23309,2022-09-28,6690.5806,6712.845
23310,2022-09-29,6676.7817,6695.323
23311,2022-09-30,6603.031,6756.9385
23312,2022-10-01,6310.871,6314.0166
23313,2022-10-02,6240.448,6058.759
23314,2022-10-03,6677.259,6559.828
23315,2022-10-04,6714.3745,6504.0215
23316,2022-10-05,6723.8887,6498.7183
23317,2022-10-06,6702.9536,6533.431
23318,2022-10-07,6653.9424,6415.063
23319,2022-10-08,6326.5723,6169.821
23320,2022-10-09,6251.3926,6043.838
23321,2022-10-10,6694.8657,6473.5625
23322,2022-10-11,6758.15,6594.278
23323,2022-10-12,6777.659,6488.9277
23324,2022-10-13,6747.681,6625.597
23325,2022-10-14,6653.9434,6649.6763
23326,2022-10-15,6329.9077,6342.8145
23327,2022-10-16,6261.8623,6093.174
23328,2022-10-17,6695.8154,6593.1313
23329,2022-10-18,6736.7373,6667.147
23330,2022-10-19,6721.5107,6748.9507
23331,2022-10-20,6698.194,6827.74
23332,2022-10-21,6610.6436,6615.3354
23333,2022-10-22,6285.6543,6184.5835
23334,2022-10-23,6219.037,5907.6646
23335,2022-10-24,6659.178,6002.525
23336,2022-10-25,6691.535,6489.485
23337,2022-10-26,6674.4033,6444.6543
23338,2022-10-27,6665.8374,6531.5986
23339,2022-10-28,6603.983,6609.753
23340,2022-08-31,6599.927,6660.3345
23341,2022-09-01,6598.9756,6696.0244
23342,2022-09-02,6582.322,6572.655
23343,2022-09-03,6290.154,6276.3657
23344,2022-09-04,7079.574,6152.961
23345,2022-09-05,7533.053,6605.1196
23346,2022-09-06,6671.304,6681.0586
23347,2022-09-07,6669.8755,6638.207
23348,2022-09-08,6645.134,6668.6255
23349,2022-09-09,6607.0645,6614.516
23350,2022-09-10,6306.8086,6296.271
23351,2022-09-11,6203.5513,6122.2437
23352,2022-09-12,6680.3457,6661.7607
23353,2022-09-13,6694.6177,6690.286
23354,2022-09-14,6684.1504,6598.0693
23355,2022-09-15,6681.773,6655.694
23356,2022-09-16,6639.422,6783.464
23357,2022-09-17,6310.6157,6437.4614
23358,2022-09-18,6201.1724,6100.54
23359,2022-09-19,6634.188,6544.195
23360,2022-09-20,6675.112,6563.9985
23361,2022-09-21,6677.4907,6707.543
23362,2022-09-22,6665.1167,6599.5947
23363,2022-09-23,6599.928,6654.368
23364,2022-09-24,6281.588,6330.1553
23365,2022-09-25,6197.841,6051.0
23366,2022-09-26,6656.552,6602.634
23367,2022-09-27,6696.9985,6671.586
23368,2022-09-28,6693.668,6712.845
23369,2022-09-29,6656.076,6695.323
23370,2022-09-30,6605.161,6756.9385
23371,2022-10-01,6311.0913,6314.0166
23372,2022-10-02,6213.544,6058.759
23373,2022-10-03,6650.3687,6559.828
23374,2022-10-04,6702.234,6504.0215
23375,2022-10-05,6696.047,6498.7183
23376,2022-10-06,6680.3457,6533.431
23377,2022-10-07,6624.6714,6415.063
23378,2022-10-08,6327.2715,6169.821
23379,2022-10-09,6230.6724,6043.838
23380,2022-10-10,6673.208,6473.5625
23381,2022-10-11,6726.977,6594.278
23382,2022-10-12,6732.212,6488.9277
23383,2022-10-13,6711.275,6625.597
23384,2022-10-14,6647.511,6649.6763
23385,2022-10-15,6352.49,6342.8145
23386,2022-10-16,6237.812,6093.174
23387,2022-10-17,6695.094,6593.1313
23388,2022-10-18,6731.261,6667.147
23389,2022-10-19,6741.7285,6748.9507
23390,2022-10-20,6706.516,6827.74
23391,2022-10-21,6626.575,6615.3354
23392,2022-10-22,6338.69,6184.5835
23393,2022-10-23,6259.223,5907.6646
23394,2022-10-24,6671.3013,6002.525
23395,2022-10-25,6725.075,6489.485
23396,2022-10-26,6727.929,6444.6543
23397,2022-10-27,6694.62,6531.5986
23398,2022-10-28,6635.6143,6609.753
23399,2022-10-29,6322.034,6262.985
23400,2022-09-01,6679.334,6696.0244
23401,2022-09-02,6642.2124,6572.655
23402,2022-09-03,6325.283,6276.3657
23403,2022-09-04,6195.846,6152.961
23404,2022-09-05,6670.29,6605.1196
23405,2022-09-06,6697.416,6681.0586
23406,2022-09-07,6685.518,6638.207
23407,2022-09-08,6660.2974,6668.6255
23408,2022-09-09,6640.31,6614.516
23409,2022-09-10,6306.25,6296.271
23410,2022-09-11,6174.431,6122.2437
23411,2022-09-12,6641.7383,6661.7607
23412,2022-09-13,6685.994,6690.286
23413,2022-09-14,6684.5674,6598.0693
23414,2022-09-15,6660.773,6655.694
23415,2022-09-16,6620.799,6783.464
23416,2022-09-17,6282.9307,6437.4614
23417,2022-09-18,6189.187,6100.54
23418,2022-09-19,6660.7725,6544.195
23419,2022-09-20,6678.378,6563.9985
23420,2022-09-21,6680.284,6707.543
23421,2022-09-22,6647.924,6599.5947
23422,2022-09-23,6595.1035,6654.368
23423,2022-09-24,6271.035,6330.1553
23424,2022-09-25,6187.7573,6051.0
23425,2022-09-26,6629.366,6602.634
23426,2022-09-27,6667.436,6671.586
23427,2022-09-28,6659.822,6712.845
23428,2022-09-29,6646.4985,6695.323
23429,2022-09-30,6622.703,6756.9385
23430,2022-10-01,6308.1523,6314.0166
23431,2022-10-02,6216.31,6058.759
23432,2022-10-03,6661.7256,6559.828
23433,2022-10-04,6693.608,6504.0215
23434,2022-10-05,6710.7393,6498.7183
23435,2022-10-06,6678.857,6533.431
23436,2022-10-07,6622.226,6415.063
23437,2022-10-08,6308.6294,6169.821
23438,2022-10-09,6207.2686,6043.838
23439,2022-10-10,6653.6367,6473.5625
23440,2022-10-11,6701.22,6594.278
23441,2022-10-12,6709.311,6488.9277
23442,2022-10-13,6678.3813,6625.597
23443,2022-10-14,6614.138,6649.6763
23444,2022-10-15,6286.261,6342.8145
23445,2022-10-16,6205.84,6093.174
23446,2022-10-17,6652.208,6593.1313
23447,2022-10-18,6683.616,6667.147
23448,2022-10-19,6668.3867,6748.9507
23449,2022-10-20,6646.9746,6827.74
23450,2022-10-21,6559.8887,6615.3354
23451,2022-10-22,6246.2905,6184.5835
23452,2022-10-23,6188.234,5907.6646
23453,2022-10-24,6608.9033,6002.525
23454,2022-10-25,6653.1587,6489.485
23455,2022-10-26,6653.635,6444.6543
23456,2022-10-27,6600.813,6531.5986
23457,2022-10-28,6529.4326,6609.753
23458,2022-10-29,6238.201,6262.985
23459,2022-10-30,6181.0933,6117.405
23460,2022-09-02,6659.755,6572.655
23461,2022-09-03,6327.576,6276.3657
23462,2022-09-04,6181.4756,6152.961
23463,2022-09-05,6640.244,6605.1196
23464,2022-09-06,6669.7495,6681.0586
23465,2022-09-07,6674.5093,6638.207
23466,2022-09-08,6666.8945,6668.6255
23467,2022-09-09,6622.635,6614.516
23468,2022-09-10,6311.8735,6296.271
23469,2022-09-11,6195.7524,6122.2437
23470,2022-09-12,6608.834,6661.7607
23471,2022-09-13,6654.9956,6690.286
23472,2022-09-14,6673.556,6598.0693
23473,2022-09-15,6682.123,6655.694
23474,2022-09-16,6618.8286,6783.464
23475,2022-09-17,6298.071,6437.4614
23476,2022-09-18,6172.9106,6100.54
23477,2022-09-19,6604.074,6544.195
23478,2022-09-20,6668.3223,6563.9985
23479,2022-09-21,6682.5996,6707.543
23480,2022-09-22,6664.991,6599.5947
23481,2022-09-23,6638.3413,6654.368
23482,2022-09-24,6320.4395,6330.1553
23483,2022-09-25,6201.94,6051.0
23484,2022-09-26,6621.6846,6602.634
23485,2022-09-27,6686.8833,6671.586
23486,2022-09-28,6690.214,6712.845
23487,2022-09-29,6660.7075,6695.323
23488,2022-09-30,6623.112,6756.9385
23489,2022-10-01,6336.619,6314.0166
23490,2022-10-02,6235.73,6058.759
23491,2022-10-03,6635.486,6559.828
23492,2022-10-04,6721.6226,6504.0215
23493,2022-10-05,6709.7236,6498.7183
23494,2022-10-06,6714.9595,6533.431
23495,2022-10-07,6657.852,6415.063
23496,2022-10-08,6348.516,6169.821
23497,2022-10-09,6250.005,6043.838
23498,2022-10-10,6655.948,6473.5625
23499,2022-10-11,6731.616,6594.278
23500,2022-10-12,6733.52,6488.9277
23501,2022-10-13,6718.7676,6625.597
23502,2022-10-14,6664.9907,6649.6763
23503,2022-10-15,6351.3726,6342.8145
23504,2022-10-16,6219.071,6093.174
23505,2022-10-17,6649.286,6593.1313
23506,2022-10-18,6701.6343,6667.147
23507,2022-10-19,6698.305,6748.9507
23508,2022-10-20,6673.555,6827.74
23509,2022-10-21,6610.261,6615.3354
23510,2022-10-22,6301.8794,6184.5835
23511,2022-10-23,6249.053,5907.6646
23512,2022-10-24,6650.7124,6002.525
23513,2022-10-25,6700.207,6489.485
23514,2022-10-26,6715.913,6444.6543
23515,2022-10-27,6685.93,6531.5986
23516,2022-10-28,6599.7925,6609.753
23517,2022-10-29,6304.2593,6262.985
23518,2022-10-30,6259.0474,6117.405
23519,2022-10-31,6669.2725,6540.742
23520,2022-09-03,6214.0117,6276.3657
23521,2022-09-04,6124.0654,6152.961
23522,2022-09-05,6624.728,6605.1196
23523,2022-09-06,6638.5293,6681.0586
23524,2022-09-07,6634.2456,6638.207
23525,2022-09-08,6626.6313,6668.6255
23526,2022-09-09,6566.1904,6614.516
23527,2022-09-10,6258.748,6296.271
23528,2022-09-11,6163.567,6122.2437
23529,2022-09-12,6659.47,6661.7607
23530,2022-09-13,6681.361,6690.286
23531,2022-09-14,6679.457,6598.0693
23532,2022-09-15,6667.084,6655.694
23533,2022-09-16,6602.3633,6783.464
23534,2022-09-17,6265.413,6437.4614
23535,2022-09-18,6174.989,6100.54
23536,2022-09-19,6666.608,6544.195
23537,2022-09-20,6689.4507,6563.9985
23538,2022-09-21,6691.8306,6707.543
23539,2022-09-22,6655.1855,6599.5947
23540,2022-09-23,6590.9395,6654.368
23541,2022-09-24,6290.159,6330.1553
23542,2022-09-25,6203.544,6051.0
23543,2022-09-26,6657.567,6602.634
23544,2022-09-27,6687.5493,6671.586
23545,2022-09-28,6690.4043,6712.845
23546,2022-09-29,6670.889,6695.323
23547,2022-09-30,6600.9316,6756.9385
23548,2022-10-01,6278.261,6314.0166
23549,2022-10-02,6195.929,6058.759
23550,2022-10-03,6647.096,6559.828
23551,2022-10-04,6662.801,6504.0215
23552,2022-10-05,6674.6987,6498.7183
23553,2022-10-06,6675.649,6533.431
23554,2022-10-07,6626.6313,6415.063
23555,2022-10-08,6294.92,6169.821
23556,2022-10-09,6235.43,6043.838
23557,2022-10-10,6676.602,6473.5625
23558,2022-10-11,6717.054,6594.278
23559,2022-10-12,6720.386,6488.9277
23560,2022-10-13,6706.1074,6625.597
23561,2022-10-14,6621.3965,6649.6763
23562,2022-10-15,6304.9136,6342.8145
23563,2022-10-16,6242.5684,6093.174
23564,2022-10-17,6670.415,6593.1313
23565,2022-10-18,6695.6387,6667.147
23566,2022-10-19,6701.826,6748.9507
23567,2022-10-20,6673.747,6827.74
23568,2022-10-21,6571.4243,6615.3354
23569,2022-10-22,6268.267,6184.5835
23570,2022-10-23,6191.647,5907.6646
23571,2022-10-24,6610.926,6002.525
23572,2022-10-25,6657.567,6489.485
23573,2022-10-26,6668.5137,6444.6543
23574,2022-10-27,6644.7163,6531.5986
23575,2022-10-28,6560.956,6609.753
23576,2022-10-29,6248.754,6262.985
23577,2022-10-30,6214.49,6117.405
23578,2022-10-31,6629.963,6540.742
23579,2022-11-01,6660.899,6571.828
23580,2022-09-04,6112.672,6152.961
23581,2022-09-05,6560.95,6605.1196
23582,2022-09-06,6610.917,6681.0586
23583,2022-09-07,6629.002,6638.207
23584,2022-09-08,6619.9595,6668.6255
23585,2022-09-09,6565.235,6614.516
23586,2022-09-10,6256.388,6296.271
23587,2022-09-11,6152.1704,6122.2437
23588,2022-09-12,6609.966,6661.7607
23589,2022-09-13,6643.752,6690.286
23590,2022-09-14,6637.5684,6598.0693
23591,2022-09-15,6611.393,6655.694
23592,2022-09-16,6574.2754,6783.464
23593,2022-09-17,6271.616,6437.4614
23594,2022-09-18,6170.2544,6100.54
23595,2022-09-19,6615.6763,6544.195
23596,2022-09-20,6651.3677,6563.9985
23597,2022-09-21,6624.72,6707.543
23598,2022-09-22,6624.243,6599.5947
23599,2022-09-23,6593.311,6654.368
23600,2022-09-24,6267.8096,6330.1553
23601,2022-09-25,6161.687,6051.0
23602,2022-09-26,6598.5444,6602.634
23603,2022-09-27,6672.3057,6671.586
23604,2022-09-28,6695.1475,6712.845
23605,2022-09-29,6693.246,6695.323
23606,2022-09-30,6610.919,6756.9385
23607,2022-10-01,6317.301,6314.0166
23608,2022-10-02,6228.786,6058.759
23609,2022-10-03,6642.8,6559.828
23610,2022-10-04,6695.148,6504.0215
23611,2022-10-05,6696.098,6498.7183
23612,2022-10-06,6698.4795,6533.431
23613,2022-10-07,6631.382,6415.063
23614,2022-10-08,6338.7163,6169.821
23615,2022-10-09,6249.7246,6043.838
23616,2022-10-10,6650.4155,6473.5625
23617,2022-10-11,6718.9443,6594.278
23618,2022-10-12,6722.7495,6488.9277
23619,2022-10-13,6702.286,6625.597
23620,2022-10-14,6640.897,6649.6763
23621,2022-10-15,6325.8643,6342.8145
23622,2022-10-16,6244.015,6093.174
23623,2022-10-17,6652.7964,6593.1313
23624,2022-10-18,6696.1006,6667.147
23625,2022-10-19,6712.755,6748.9507
23626,2022-10-20,6678.9663,6827.74
23627,2022-10-21,6606.636,6615.3354
23628,2022-10-22,6300.169,6184.5835
23629,2022-10-23,6240.209,5907.6646
23630,2022-10-24,6629.0015,6002.525
23631,2022-10-25,6688.0093,6489.485
23632,2022-10-26,6684.2026,6444.6543
23633,2022-10-27,6644.7056,6531.5986
23634,2022-10-28,6562.8535,6609.753
23635,2022-10-29,6290.6504,6262.985
23636,2022-10-30,6237.353,6117.405
23637,2022-10-31,6600.4473,6540.742
23638,2022-11-01,6666.595,6571.828
23639,2022-11-02,6672.7812,6617.0713
23640,2022-09-05,6563.169,6605.1196
23641,2022-09-06,6621.7046,6681.0586
23642,2022-09-07,6627.4106,6638.207
23643,2022-09-08,6581.728,6668.6255
23644,2022-09-09,6539.375,6614.516
23645,2022-09-10,6266.7036,6296.271
23646,2022-09-11,6175.3364,6122.2437
23647,2022-09-12,6606.473,6661.7607
23648,2022-09-13,6650.727,6690.286
23649,2022-09-14,6662.627,6598.0693
23650,2022-09-15,6648.826,6655.694
23651,2022-09-16,6611.709,6783.464
23652,2022-09-17,6333.8013,6437.4614
23653,2022-09-18,6252.4287,6100.54
23654,2022-09-19,6649.3027,6544.195
23655,2022-09-20,6697.3643,6563.9985
23656,2022-09-21,6688.799,6707.543
23657,2022-09-22,6668.811,6599.5947
23658,2022-09-23,6609.3276,6654.368
23659,2022-09-24,6331.422,6330.1553
23660,2022-09-25,6243.385,6051.0
23661,2022-09-26,6640.2607,6602.634
23662,2022-09-27,6686.419,6671.586
23663,2022-09-28,6703.0757,6712.845
23664,2022-09-29,6672.618,6695.323
23665,2022-09-30,6597.9077,6756.9385
23666,2022-10-01,6330.47,6314.0166
23667,2022-10-02,6278.602,6058.759
23668,2022-10-03,6665.4824,6559.828
23669,2022-10-04,6716.4,6504.0215
23670,2022-10-05,6709.737,6498.7183
23671,2022-10-06,6681.1826,6533.431
23672,2022-10-07,6623.6045,6415.063
23673,2022-10-08,6369.013,6169.821
23674,2022-10-09,6296.6846,6043.838
23675,2022-10-10,6651.68,6473.5625
23676,2022-10-11,6706.405,6594.278
23677,2022-10-12,6718.7793,6488.9277
23678,2022-10-13,6694.509,6625.597
23679,2022-10-14,6610.2812,6649.6763
23680,2022-10-15,6324.2827,6342.8145
23681,2022-10-16,6261.944,6093.174
23682,2022-10-17,6655.4883,6593.1313
23683,2022-10-18,6690.701,6667.147
23684,2022-10-19,6695.4595,6748.9507
23685,2022-10-20,6675.9517,6827.74
23686,2022-10-21,6577.445,6615.3354
23687,2022-10-22,6302.869,6184.5835
23688,2022-10-23,6256.2344,5907.6646
23689,2022-10-24,6653.5845,6002.525
23690,2022-10-25,6698.3154,6489.485
23691,2022-10-26,6679.759,6444.6543
23692,2022-10-27,6675.951,6531.5986
23693,2022-10-28,6607.902,6609.753
23694,2022-10-29,6343.3184,6262.985
23695,2022-10-30,6310.006,6117.405
23696,2022-10-31,6682.136,6540.742
23697,2022-11-01,6728.77,6571.828
23698,2022-11-02,6716.3975,6617.0713
23699,2022-11-03,6667.858,6581.3594
23700,2022-09-06,6629.7705,6681.0586
23701,2022-09-07,6623.5845,6638.207
23702,2022-09-08,6614.0654,6668.6255
23703,2022-09-09,6563.6143,6614.516
23704,2022-09-10,6253.7827,6296.271
23705,2022-09-11,6151.4575,6122.2437
23706,2022-09-12,6622.156,6661.7607
23707,2022-09-13,6654.042,6690.286
23708,2022-09-14,6661.658,6598.0693
23709,2022-09-15,6667.369,6655.694
23710,2022-09-16,6620.728,6783.464
23711,2022-09-17,6301.3765,6437.4614
23712,2022-09-18,6194.766,6100.54
23713,2022-09-19,6649.7593,6544.195
23714,2022-09-20,6677.364,6563.9985
23715,2022-09-21,6673.556,6707.543
23716,2022-09-22,6651.186,6599.5947
23717,2022-09-23,6591.221,6654.368
23718,2022-09-24,6271.3926,6330.1553
23719,2022-09-25,6175.7285,6051.0
23720,2022-09-26,6628.3433,6602.634
23721,2022-09-27,6683.5513,6671.586
23722,2022-09-28,6693.5444,6712.845
23723,2022-09-29,6676.4136,6695.323
23724,2022-09-30,6615.9673,6756.9385
23725,2022-10-01,6309.9434,6314.0166
23726,2022-10-02,6230.938,6058.759
23727,2022-10-03,6676.412,6559.828
23728,2022-10-04,6714.011,6504.0215
23729,2022-10-05,6704.9683,6498.7183
23730,2022-10-06,6694.498,6533.431
23731,2022-10-07,6628.3423,6415.063
23732,2022-10-08,6298.9976,6169.821
23733,2022-10-09,6214.28,6043.838
23734,2022-10-10,6693.069,6473.5625
23735,2022-10-11,6715.915,6594.278
23736,2022-10-12,6748.753,6488.9277
23737,2022-10-13,6733.524,6625.597
23738,2022-10-14,6664.0386,6649.6763
23739,2022-10-15,6346.5894,6342.8145
23740,2022-10-16,6263.777,6093.174
23741,2022-10-17,6724.482,6593.1313
23742,2022-10-18,6753.514,6667.147
23743,2022-10-19,6730.669,6748.9507
23744,2022-10-20,6708.301,6827.74
23745,2022-10-21,6631.1963,6615.3354
23746,2022-10-22,6314.701,6184.5835
23747,2022-10-23,6250.451,5907.6646
23748,2022-10-24,6695.45,6002.525
23749,2022-10-25,6730.668,6489.485
23750,2022-10-26,6725.433,6444.6543
23751,2022-10-27,6691.166,6531.5986
23752,2022-10-28,6623.584,6609.753
23753,2022-10-29,6314.703,6262.985
23754,2022-10-30,6240.9316,6117.405
23755,2022-10-31,6695.9243,6540.742
23756,2022-11-01,6738.283,6571.828
23757,2022-11-02,6740.188,6617.0713
23758,2022-11-03,6724.482,6581.3594
23759,2022-11-04,6646.9033,6627.7446
23760,2022-09-07,6657.514,6638.207
23761,2022-09-08,6634.1934,6668.6255
23762,2022-09-09,6571.368,6614.516
23763,2022-09-10,6280.092,6296.271
23764,2022-09-11,6192.517,6122.2437
23765,2022-09-12,6670.3623,6661.7607
23766,2022-09-13,6684.1655,6690.286
23767,2022-09-14,6690.3525,6598.0693
23768,2022-09-15,6682.7393,6655.694
23769,2022-09-16,6628.4824,6783.464
23770,2022-09-17,6316.7393,6437.4614
23771,2022-09-18,6204.891,6100.54
23772,2022-09-19,6670.8413,6544.195
23773,2022-09-20,6697.016,6563.9985
23774,2022-09-21,6689.4014,6707.543
23775,2022-09-22,6667.985,6599.5947
23776,2022-09-23,6589.4546,6654.368
23777,2022-09-24,6302.462,6330.1553
23778,2022-09-25,6230.1167,6051.0
23779,2022-09-26,6650.3745,6602.634
23780,2022-09-27,6693.21,6671.586
23781,2022-09-28,6699.873,6712.845
23782,2022-09-29,6669.8877,6695.323
23783,2022-09-30,6612.2993,6756.9385
23784,2022-10-01,6318.167,6314.0166
23785,2022-10-02,6262.9556,6058.759
23786,2022-10-03,6677.982,6559.828
23787,2022-10-04,6730.8096,6504.0215
23788,2022-10-05,6742.71,6498.7183
23789,2022-10-06,6734.6187,6533.431
23790,2022-10-07,6658.4644,6415.063
23791,2022-10-08,6359.098,6169.821
23792,2022-10-09,6287.7075,6043.838
23793,2022-10-10,6716.0557,6473.5625
23794,2022-10-11,6772.217,6594.278
23795,2022-10-12,6778.882,6488.9277
23796,2022-10-13,6748.8945,6625.597
23797,2022-10-14,6669.411,6649.6763
23798,2022-10-15,6358.622,6342.8145
23799,2022-10-16,6277.712,6093.174
23800,2022-10-17,6698.4443,6593.1313
23801,2022-10-18,6718.4346,6667.147
23802,2022-10-19,6736.0444,6748.9507
23803,2022-10-20,6692.257,6827.74
23804,2022-10-21,6622.7695,6615.3354
23805,2022-10-22,6320.5454,6184.5835
23806,2022-10-23,6256.294,5907.6646
23807,2022-10-24,6690.3545,6002.525
23808,2022-10-25,6729.382,6489.485
23809,2022-10-26,6727.002,6444.6543
23810,2022-10-27,6697.4937,6531.5986
23811,2022-10-28,6619.4375,6609.753
23812,2022-10-29,6307.695,6262.985
23813,2022-10-30,6244.8706,6117.405
23814,2022-10-31,6671.792,6540.742
23815,2022-11-01,6719.386,6571.828
23816,2022-11-02,6710.3438,6617.0713
23817,2022-11-03,6689.878,6581.3594
23818,2022-11-04,6608.9683,6627.7446
23819,2022-11-05,6319.5938,6096.711
23820,2022-09-08,6609.8574,6668.6255
23821,2022-09-09,6583.681,6614.516
23822,2022-09-10,6277.652,6296.271
23823,2022-09-11,6187.699,6122.2437
23824,2022-09-12,6635.5596,6661.7607
23825,2022-09-13,6673.1587,6690.286
23826,2022-09-14,6663.1655,6598.0693
23827,2022-09-15,6665.5444,6655.694
23828,2022-09-16,6633.18,6783.464
23829,2022-09-17,6330.958,6437.4614
23830,2022-09-18,6220.5376,6100.54
23831,2022-09-19,6640.3193,6544.195
23832,2022-09-20,6682.2017,6563.9985
23833,2022-09-21,6664.1167,6707.543
23834,2022-09-22,6644.1255,6599.5947
23835,2022-09-23,6601.7686,6654.368
23836,2022-09-24,6310.016,6330.1553
23837,2022-09-25,6204.8325,6051.0
23838,2022-09-26,6640.7954,6602.634
23839,2022-09-27,6666.496,6671.586
23840,2022-09-28,6672.209,6712.845
23841,2022-09-29,6659.834,6695.323
23842,2022-09-30,6621.7573,6756.9385
23843,2022-10-01,6328.1025,6314.0166
23844,2022-10-02,6218.158,6058.759
23845,2022-10-03,6654.122,6559.828
23846,2022-10-04,6702.667,6504.0215
23847,2022-10-05,6712.6626,6498.7183
23848,2022-10-06,6709.3306,6533.431
23849,2022-10-07,6650.791,6415.063
23850,2022-10-08,6348.092,6169.821
23851,2022-10-09,6243.3843,6043.838
23852,2022-10-10,6661.261,6473.5625
23853,2022-10-11,6719.801,6594.278
23854,2022-10-12,6740.266,6488.9277
23855,2022-10-13,6708.855,6625.597
23856,2022-10-14,6642.6987,6649.6763
23857,2022-10-15,6350.47,6342.8145
23858,2022-10-16,6251.951,6093.174
23859,2022-10-17,6653.645,6593.1313
23860,2022-10-18,6691.2437,6667.147
23861,2022-10-19,6681.25,6748.9507
23862,2022-10-20,6653.647,6827.74
23863,2022-10-21,6594.1523,6615.3354
23864,2022-10-22,6294.785,6184.5835
23865,2022-10-23,6247.667,5907.6646
23866,2022-10-24,6644.127,6002.525
23867,2022-10-25,6681.727,6489.485
23868,2022-10-26,6701.2383,6444.6543
23869,2022-10-27,6676.0137,6531.5986
23870,2022-10-28,6596.058,6609.753
23871,2022-10-29,6284.3164,6262.985
23872,2022-10-30,6223.395,6117.405
23873,2022-10-31,6612.7144,6540.742
23874,2022-11-01,6677.918,6571.828
23875,2022-11-02,6666.0205,6617.0713
23876,2022-11-03,6643.1763,6581.3594
23877,2022-11-04,6568.928,6627.7446
23878,2022-11-05,6295.2627,6096.711
23879,2022-11-06,6250.524,5948.134
23880,2022-09-09,6566.0713,6614.516
23881,2022-09-10,6255.7583,6296.271
23882,2022-09-11,6164.378,6122.2437
23883,2022-09-12,6613.666,6661.7607
23884,2022-09-13,6633.179,6690.286
23885,2022-09-14,6646.0312,6598.0693
23886,2022-09-15,6655.073,6655.694
23887,2022-09-16,6593.6763,6783.464
23888,2022-09-17,6261.946,6437.4614
23889,2022-09-18,6181.037,6100.54
23890,2022-09-19,6633.656,6544.195
23891,2022-09-20,6666.4956,6563.9985
23892,2022-09-21,6655.549,6707.543
23893,2022-09-22,6630.799,6599.5947
23894,2022-09-23,6597.9595,6654.368
23895,2022-09-24,6284.315,6330.1553
23896,2022-09-25,6193.41,6051.0
23897,2022-09-26,6629.372,6602.634
23898,2022-09-27,6657.4526,6671.586
23899,2022-09-28,6661.737,6712.845
23900,2022-09-29,6653.6455,6695.323
23901,2022-09-30,6597.484,6756.9385
23902,2022-10-01,6285.7427,6314.0166
23903,2022-10-02,6215.7793,6058.759
23904,2022-10-03,6676.013,6559.828
23905,2022-10-04,6705.522,6504.0215
23906,2022-10-05,6714.089,6498.7183
23907,2022-10-06,6706.95,6533.431
23908,2022-10-07,6660.7856,6415.063
23909,2022-10-08,6331.9087,6169.821
23910,2022-10-09,6263.8496,6043.838
23911,2022-10-10,6707.4263,6473.5625
23912,2022-10-11,6746.453,6594.278
23913,2022-10-12,6742.6465,6488.9277
23914,2022-10-13,6714.089,6625.597
23915,2022-10-14,6633.656,6649.6763
23916,2022-10-15,6314.775,6342.8145
23917,2022-10-16,6240.529,6093.174
23918,2022-10-17,6661.2593,6593.1313
23919,2022-10-18,6691.719,6667.147
23920,2022-10-19,6676.967,6748.9507
23921,2022-10-20,6656.024,6827.74
23922,2022-10-21,6557.98,6615.3354
23923,2022-10-22,6285.267,6184.5835
23924,2022-10-23,6232.9126,5907.6646
23925,2022-10-24,6648.886,6002.525
23926,2022-10-25,6679.822,6489.485
23927,2022-10-26,6679.822,6444.6543
23928,2022-10-27,6666.494,6531.5986
23929,2022-10-28,6575.115,6609.753
23930,2022-10-29,6269.5605,6262.985
23931,2022-10-30,6252.427,6117.405
23932,2022-10-31,6661.7344,6540.742
23933,2022-11-01,6687.437,6571.828
23934,2022-11-02,6688.3887,6617.0713
23935,2022-11-03,6677.919,6581.3594
23936,2022-11-04,6582.253,6627.7446
23937,2022-11-05,6282.8857,6096.711
23938,2022-11-06,6268.134,5948.134
23939,2022-11-07,6662.689,6454.57
23940,2022-09-10,6230.1562,6296.271
23941,2022-09-11,6150.672,6122.2437
23942,2022-09-12,6641.8555,6661.7607
23943,2022-09-13,6656.134,6690.286
23944,2022-09-14,6665.175,6598.0693
23945,2022-09-15,6675.6475,6655.694
23946,2022-09-16,6619.9614,6783.464
23947,2022-09-17,6276.7993,6437.4614
23948,2022-09-18,6166.8545,6100.54
23949,2022-09-19,6649.9463,6544.195
23950,2022-09-20,6667.0806,6563.9985
23951,2022-09-21,6661.845,6707.543
23952,2022-09-22,6651.3735,6599.5947
23953,2022-09-23,6629.957,6654.368
23954,2022-09-24,6288.6963,6330.1553
23955,2022-09-25,6198.268,6051.0
23956,2022-09-26,6645.186,6602.634
23957,2022-09-27,6682.7856,6671.586
23958,2022-09-28,6683.263,6712.845
23959,2022-09-29,6670.411,6695.323
23960,2022-09-30,6626.1504,6756.9385
23961,2022-10-01,6310.115,6314.0166
23962,2022-10-02,6227.7764,6058.759
23963,2022-10-03,6669.4595,6559.828
23964,2022-10-04,6706.107,6504.0215
23965,2022-10-05,6717.5312,6498.7183
23966,2022-10-06,6716.5806,6533.431
23967,2022-10-07,6660.418,6415.063
23968,2022-10-08,6339.6235,6169.821
23969,2022-10-09,6242.5312,6043.838
23970,2022-10-10,6692.7817,6473.5625
23971,2022-10-11,6741.3276,6594.278
23972,2022-10-12,6737.043,6488.9277
23973,2022-10-13,6739.8994,6625.597
23974,2022-10-14,6661.368,6649.6763
23975,2022-10-15,6331.533,6342.8145
23976,2022-10-16,6215.879,6093.174
23977,2022-10-17,6648.5186,6593.1313
23978,2022-10-18,6696.5874,6667.147
23979,2022-10-19,6706.584,6748.9507
23980,2022-10-20,6674.695,6827.74
23981,2022-10-21,6633.7637,6615.3354
23982,2022-10-22,6314.875,6184.5835
23983,2022-10-23,6239.6743,5907.6646
23984,2022-10-24,6662.7964,6002.525
23985,2022-10-25,6686.594,6489.485
23986,2022-10-26,6693.2563,6444.6543
23987,2022-10-27,6673.744,6531.5986
23988,2022-10-28,6587.1206,6609.753
23989,2022-10-29,6276.7993,6262.985
23990,2022-10-30,6223.4927,6117.405
23991,2022-10-31,6641.378,6540.742
23992,2022-11-01,6696.112,6571.828
23993,2022-11-02,6682.7856,6617.0713
23994,2022-11-03,6665.6514,6581.3594
23995,2022-11-04,6582.36,6627.7446
23996,2022-11-05,6278.7017,6096.711
23997,2022-11-06,6223.0186,5948.134
23998,2022-11-07,6644.71,6454.57
23999,2022-11-08,6703.2524,6529.7163
24000,2022-09-11,6141.2393,6122.2437
24001,2022-09-12,6611.4424,6661.7607
24002,2022-09-13,6637.1426,6690.286
24003,2022-09-14,6651.898,6598.0693
24004,2022-09-15,6633.8125,6655.694
24005,2022-09-16,6593.8345,6783.464
24006,2022-09-17,6266.4043,6437.4614
24007,2022-09-18,6166.462,6100.54
24008,2022-09-19,6620.0107,6544.195
24009,2022-09-20,6653.8,6563.9985
24010,2022-09-21,6653.7993,6707.543
24011,2022-09-22,6631.431,6599.5947
24012,2022-09-23,6572.893,6654.368
24013,2022-09-24,6273.0664,6330.1553
24014,2022-09-25,6173.5996,6051.0
24015,2022-09-26,6626.672,6602.634
24016,2022-09-27,6670.457,6671.586
24017,2022-09-28,6679.9746,6712.845
24018,2022-09-29,6658.083,6695.323
24019,2022-09-30,6618.583,6756.9385
24020,2022-10-01,6311.139,6314.0166
24021,2022-10-02,6234.0405,6058.759
24022,2022-10-03,6674.265,6559.828
24023,2022-10-04,6713.2896,6504.0215
24024,2022-10-05,6739.463,6498.7183
24025,2022-10-06,6726.1377,6533.431
24026,2022-10-07,6664.747,6415.063
24027,2022-10-08,6349.69,6169.821
24028,2022-10-09,6262.119,6043.838
24029,2022-10-10,6698.06,6473.5625
24030,2022-10-11,6752.79,6594.278
24031,2022-10-12,6768.0205,6488.9277
24032,2022-10-13,6758.977,6625.597
24033,2022-10-14,6685.687,6649.6763
24034,2022-10-15,6342.55,6342.8145
24035,2022-10-16,6241.181,6093.174
24036,2022-10-17,6648.567,6593.1313
24037,2022-10-18,6662.3657,6667.147
24038,2022-10-19,6688.541,6748.9507
24039,2022-10-20,6685.2114,6827.74
24040,2022-10-21,6598.5933,6615.3354
24041,2022-10-22,6286.3906,6184.5835
24042,2022-10-23,6221.6675,5907.6646
24043,2022-10-24,6653.7993,6002.525
24044,2022-10-25,6699.0127,6489.485
24045,2022-10-26,6679.4985,6444.6543
24046,2022-10-27,6662.8423,6531.5986
24047,2022-10-28,6610.9683,6609.753
24048,2022-10-29,6291.6265,6262.985
24049,2022-10-30,6243.082,6117.405
24050,2022-10-31,6641.425,6540.742
24051,2022-11-01,6686.1636,6571.828
24052,2022-11-02,6691.3975,6617.0713
24053,2022-11-03,6664.7456,6581.3594
24054,2022-11-04,6589.5493,6627.7446
24055,2022-11-05,6298.287,6096.711
24056,2022-11-06,6244.987,5948.134
24057,2022-11-07,6647.614,6454.57
24058,2022-11-08,6667.602,6529.7163
24059,2022-11-09,6674.263,6520.0156
24060,2022-09-12,6576.317,6661.7607
24061,2022-09-13,6608.2036,6690.286
24062,2022-09-14,6608.2036,6598.0693
24063,2022-09-15,6607.7275,6655.694
24064,2022-09-16,6564.8926,6783.464
24065,2022-09-17,6246.9756,6437.4614
24066,2022-09-18,6154.1714,6100.54
24067,2022-09-19,6601.5405,6544.195
24068,2022-09-20,6628.668,6563.9985
24069,2022-09-21,6631.9985,6707.543
24070,2022-09-22,6622.48,6599.5947
24071,2022-09-23,6585.361,6654.368
24072,2022-09-24,6281.2417,6330.1553
24073,2022-09-25,6189.864,6051.0
24074,2022-09-26,6639.139,6602.634
24075,2022-09-27,6657.699,6671.586
24076,2022-09-28,6663.8867,6712.845
24077,2022-09-29,6668.6465,6695.323
24078,2022-09-30,6612.963,6756.9385
24079,2022-10-01,6309.3213,6314.0166
24080,2022-10-02,6194.149,6058.759
24081,2022-10-03,6634.3813,6559.828
24082,2022-10-04,6664.839,6504.0215
24083,2022-10-05,6661.5073,6498.7183
24084,2022-10-06,6679.116,6533.431
24085,2022-10-07,6620.101,6415.063
24086,2022-10-08,6307.8955,6169.821
24087,2022-10-09,6211.2817,6043.838
24088,2022-10-10,6670.075,6473.5625
24089,2022-10-11,6713.86,6594.278
24090,2022-10-12,6708.1475,6488.9277
24091,2022-10-13,6708.1475,6625.597
24092,2022-10-14,6632.9526,6649.6763
24093,2022-10-15,6315.51,6342.8145
24094,2022-10-16,6204.141,6093.174
24095,2022-10-17,6655.795,6593.1313
24096,2022-10-18,6699.1064,6667.147
24097,2022-10-19,6693.3936,6748.9507
24098,2022-10-20,6683.4014,6827.74
24099,2022-10-21,6615.8193,6615.3354
24100,2022-10-22,6311.227,6184.5835
24101,2022-10-23,6220.324,5907.6646
24102,2022-10-24,6640.5693,6002.525
24103,2022-10-25,6677.213,6489.485
24104,2022-10-26,6682.449,6444.6543
24105,2022-10-27,6679.1177,6531.5986
24106,2022-10-28,6603.446,6609.753
24107,2022-10-29,6293.1406,6262.985
24108,2022-10-30,6210.328,6117.405
24109,2022-10-31,6669.5977,6540.742
24110,2022-11-01,6696.2505,6571.828
24111,2022-11-02,6696.25,6617.0713
24112,2022-11-03,6688.635,6581.3594
24113,2022-11-04,6621.5317,6627.7446
24114,2022-11-05,6302.183,6096.711
24115,2022-11-06,6227.463,5948.134
24116,2022-11-07,6677.215,6454.57
24117,2022-11-08,6724.8057,6529.7163
24118,2022-11-09,6719.095,6520.0156
24119,2022-11-10,6711.9536,6521.867
24120,2022-09-13,6660.634,6690.286
24121,2022-09-14,6674.44,6598.0693
24122,2022-09-15,6662.5386,6655.694
24123,2022-09-16,6610.1733,6783.464
24124,2022-09-17,6284.5723,6437.4614
24125,2022-09-18,6169.8477,6100.54
24126,2022-09-19,6644.451,6544.195
24127,2022-09-20,6681.1064,6563.9985
24128,2022-09-21,6680.1514,6707.543
24129,2022-09-22,6664.9194,6599.5947
24130,2022-09-23,6635.8833,6654.368
24131,2022-09-24,6320.75,6330.1553
24132,2022-09-25,6196.0293,6051.0
24133,2022-09-26,6644.45,6602.634
24134,2022-09-27,6679.6763,6671.586
24135,2022-09-28,6676.819,6712.845
24136,2022-09-29,6685.3887,6695.323
24137,2022-09-30,6623.982,6756.9385
24138,2022-10-01,6319.3213,6314.0166
24139,2022-10-02,6210.3105,6058.759
24140,2022-10-03,6688.721,6559.828
24141,2022-10-04,6701.0967,6504.0215
24142,2022-10-05,6689.196,6498.7183
24143,2022-10-06,6666.823,6533.431
24144,2022-10-07,6608.747,6415.063
24145,2022-10-08,6297.4224,6169.821
24146,2022-10-09,6191.2695,6043.838
24147,2022-10-10,6645.4014,6473.5625
24148,2022-10-11,6692.054,6594.278
24149,2022-10-12,6699.6694,6488.9277
24150,2022-10-13,6717.2837,6625.597
24151,2022-10-14,6627.787,6649.6763
24152,2022-10-15,6295.995,6342.8145
24153,2022-10-16,6212.6904,6093.174
24154,2022-10-17,6674.9155,6593.1313
24155,2022-10-18,6708.7144,6667.147
24156,2022-10-19,6710.6177,6748.9507
24157,2022-10-20,6698.7183,6827.74
24158,2022-10-21,6637.3096,6615.3354
24159,2022-10-22,6312.1807,6184.5835
24160,2022-10-23,6221.734,5907.6646
24161,2022-10-24,6670.6313,6002.525
24162,2022-10-25,6695.8633,6489.485
24163,2022-10-26,6683.009,6444.6543
24164,2022-10-27,6687.7676,6531.5986
24165,2022-10-28,6628.7407,6609.753
24166,2022-10-29,6295.52,6262.985
24167,2022-10-30,6222.2114,6117.405
24168,2022-10-31,6668.2515,6540.742
24169,2022-11-01,6716.806,6571.828
24170,2022-11-02,6698.241,6617.0713
24171,2022-11-03,6670.6313,6581.3594
24172,2022-11-04,6608.2695,6627.7446
24173,2022-11-05,6283.145,6096.711
24174,2022-11-06,6197.459,5948.134
24175,2022-11-07,6638.7383,6454.57
24176,2022-11-08,6682.5312,6529.7163
24177,2022-11-09,6690.147,6520.0156
24178,2022-11-10,6681.1025,6521.867
24179,2022-11-11,6617.793,6541.366
24180,2022-09-14,6682.515,6598.0693
24181,2022-09-15,6682.9907,6655.694
24182,2022-09-16,6646.334,6783.464
24183,2022-09-17,6316.4224,6437.4614
24184,2022-09-18,6190.741,6100.54
24185,2022-09-19,6645.858,6544.195
24186,2022-09-20,6669.661,6563.9985
24187,2022-09-21,6674.8994,6707.543
24188,2022-09-22,6659.6646,6599.5947
24189,2022-09-23,6608.2476,6654.368
24190,2022-09-24,6305.471,6330.1553
24191,2022-09-25,6231.2075,6051.0
24192,2022-09-26,6651.5723,6602.634
24193,2022-09-27,6667.2827,6671.586
24194,2022-09-28,6664.902,6712.845
24195,2022-09-29,6650.619,6695.323
24196,2022-09-30,6606.3438,6756.9385
24197,2022-10-01,6300.236,6314.0166
24198,2022-10-02,6208.832,6058.759
24199,2022-10-03,6671.0894,6559.828
24200,2022-10-04,6692.036,6504.0215
24201,2022-10-05,6695.369,6498.7183
24202,2022-10-06,6716.3154,6533.431
24203,2022-10-07,6665.852,6415.063
24204,2022-10-08,6353.555,6169.821
24205,2022-10-09,6268.339,6043.838
24206,2022-10-10,6700.1313,6473.5625
24207,2022-10-11,6744.4033,6594.278
24208,2022-10-12,6752.02,6488.9277
24209,2022-10-13,6760.589,6625.597
24210,2022-10-14,6678.7056,6649.6763
24211,2022-10-15,6360.22,6342.8145
24212,2022-10-16,6274.054,6093.174
24213,2022-10-17,6694.415,6593.1313
24214,2022-10-18,6726.7886,6667.147
24215,2022-10-19,6712.5083,6748.9507
24216,2022-10-20,6704.413,6827.74
24217,2022-10-21,6630.1494,6615.3354
24218,2022-10-22,6327.846,6184.5835
24219,2022-10-23,6251.2026,5907.6646
24220,2022-10-24,6685.373,6002.525
24221,2022-10-25,6739.643,6489.485
24222,2022-10-26,6726.7896,6444.6543
24223,2022-10-27,6709.178,6531.5986
24224,2022-10-28,6631.1006,6609.753
24225,2022-10-29,6321.1826,6262.985
24226,2022-10-30,6252.156,6117.405
24227,2022-10-31,6674.424,6540.742
24228,2022-11-01,6719.1714,6571.828
24229,2022-11-02,6700.13,6617.0713
24230,2022-11-03,6662.044,6581.3594
24231,2022-11-04,6580.638,6627.7446
24232,2022-11-05,6276.4326,6096.711
24233,2022-11-06,6235.967,5948.134
24234,2022-11-07,6670.612,6454.57
24235,2022-11-08,6722.029,6529.7163
24236,2022-11-09,6721.5527,6520.0156
24237,2022-11-10,6713.9336,6521.867
24238,2022-11-11,6616.819,6541.366
24239,2022-11-12,6312.6157,6196.548
24240,2022-09-15,6625.572,6655.694
24241,2022-09-16,6572.2515,6783.464
24242,2022-09-17,6275.18,6437.4614
24243,2022-09-18,6165.205,6100.54
24244,2022-09-19,6623.192,6544.195
24245,2022-09-20,6665.56,6563.9985
24246,2022-09-21,6662.2305,6707.543
24247,2022-09-22,6673.655,6599.5947
24248,2022-09-23,6619.8594,6654.368
24249,2022-09-24,6283.7485,6330.1553
24250,2022-09-25,6203.2905,6051.0
24251,2022-09-26,6614.623,6602.634
24252,2022-09-27,6643.663,6671.586
24253,2022-09-28,6641.283,6712.845
24254,2022-09-29,6634.62,6695.323
24255,2022-09-30,6586.5337,6756.9385
24256,2022-10-01,6305.1724,6314.0166
24257,2022-10-02,6248.5176,6058.759
24258,2022-10-03,6682.227,6559.828
24259,2022-10-04,6709.362,6504.0215
24260,2022-10-05,6704.6025,6498.7183
24261,2022-10-06,6712.2188,6533.431
24262,2022-10-07,6626.0483,6415.063
24263,2022-10-08,6329.4546,6169.821
24264,2022-10-09,6263.7524,6043.838
24265,2022-10-10,6690.319,6473.5625
24266,2022-10-11,6699.3623,6594.278
24267,2022-10-12,6716.9785,6488.9277
24268,2022-10-13,6701.7437,6625.597
24269,2022-10-14,7534.88,6649.6763
24270,2022-10-15,6343.734,6342.8145
24271,2022-10-16,6282.7964,6093.174
24272,2022-10-17,6685.5566,6593.1313
24273,2022-10-18,6710.79,6667.147
24274,2022-10-19,6703.1714,6748.9507
24275,2022-10-20,6685.5566,6827.74
24276,2022-10-21,6597.0063,6615.3354
24277,2022-10-22,6309.458,6184.5835
24278,2022-10-23,6249.946,5907.6646
24279,2022-10-24,6657.469,6002.525
24280,2022-10-25,6687.937,6489.485
24281,2022-10-26,6697.9355,6444.6543
24282,2022-10-27,6688.889,6531.5986
24283,2022-10-28,6582.25,6609.753
24284,2022-10-29,6291.8413,6262.985
24285,2022-10-30,6265.181,6117.405
24286,2022-10-31,6657.946,6540.742
24287,2022-11-01,6695.5537,6571.828
24288,2022-11-02,6695.0776,6617.0713
24289,2022-11-03,6673.18,6581.3594
24290,2022-11-04,6597.484,6627.7446
24291,2022-11-05,6318.978,6096.711
24292,2022-11-06,6248.994,5948.134
24293,2022-11-07,6659.3745,6454.57
24294,2022-11-08,6697.4604,6529.7163
24295,2022-11-09,6709.3633,6520.0156
24296,2022-11-10,6675.561,6521.867
24297,2022-11-11,6604.6235,6541.366
24298,2022-11-12,6321.357,6196.548
24299,2022-11-13,6266.1323,6011.5566
24300,2022-09-16,6604.1763,6783.464
24301,2022-09-17,6280.917,6437.4614
24302,2022-09-18,6153.804,6100.54
24303,2022-09-19,6617.9824,6544.195
24304,2022-09-20,6652.7373,6563.9985
24305,2022-09-21,6640.3594,6707.543
24306,2022-09-22,6639.8813,6599.5947
24307,2022-09-23,6596.084,6654.368
24308,2022-09-24,6270.4443,6330.1553
24309,2022-09-25,6184.275,6051.0
24310,2022-09-26,6616.5537,6602.634
24311,2022-09-27,6659.399,6671.586
24312,2022-09-28,6643.2144,6712.845
24313,2022-09-29,6643.214,6695.323
24314,2022-09-30,6591.322,6756.9385
24315,2022-10-01,6290.9146,6314.0166
24316,2022-10-02,6206.174,6058.759
24317,2022-10-03,6624.172,6559.828
24318,2022-10-04,6672.734,6504.0215
24319,2022-10-05,6684.1567,6498.7183
24320,2022-10-06,6669.3994,6533.431
24321,2022-10-07,6650.3535,6415.063
24322,2022-10-08,6337.571,6169.821
24323,2022-10-09,6223.788,6043.838
24324,2022-10-10,6662.7344,6473.5625
24325,2022-10-11,6699.3926,6594.278
24326,2022-10-12,6693.6777,6488.9277
24327,2022-10-13,6694.631,6625.597
24328,2022-10-14,6638.93,6649.6763
24329,2022-10-15,6319.9556,6342.8145
24330,2022-10-16,6220.456,6093.174
24331,2022-10-17,6677.0156,6593.1313
24332,2022-10-18,6714.15,6667.147
24333,2022-10-19,6725.574,6748.9507
24334,2022-10-20,6696.536,6827.74
24335,2022-10-21,6611.793,6615.3354
24336,2022-10-22,6318.052,6184.5835
24337,2022-10-23,6207.601,5907.6646
24338,2022-10-24,6636.0737,6002.525
24339,2022-10-25,6671.304,6489.485
24340,2022-10-26,6679.873,6444.6543
24341,2022-10-27,6648.4517,6531.5986
24342,2022-10-28,6572.755,6609.753
24343,2022-10-29,6291.392,6262.985
24344,2022-10-30,6192.8438,6117.405
24345,2022-10-31,6617.029,6540.742
24346,2022-11-01,6673.2095,6571.828
24347,2022-11-02,6670.351,6617.0713
24348,2022-11-03,6666.0674,6581.3594
24349,2022-11-04,6578.4683,6627.7446
24350,2022-11-05,6284.25,6096.711
24351,2022-11-06,6219.98,5948.134
24352,2022-11-07,6643.6895,6454.57
24353,2022-11-08,6680.8257,6529.7163
24354,2022-11-09,6668.448,6520.0156
24355,2022-11-10,6650.831,6521.867
24356,2022-11-11,6589.895,6541.366
24357,2022-11-12,6297.5806,6196.548
24358,2022-11-13,6236.169,6011.5566
24359,2022-11-14,6662.7324,6542.3687
24360,2022-09-17,6342.783,6437.4614
24361,2022-09-18,6192.333,6100.54
24362,2022-09-19,6663.208,6544.195
24363,2022-09-20,6687.966,6563.9985
24364,2022-09-21,6667.0176,6707.543
24365,2022-09-22,6655.591,6599.5947
24366,2022-09-23,6628.453,6654.368
24367,2022-09-24,6283.27,6330.1553
24368,2022-09-25,6164.719,6051.0
24369,2022-09-26,6631.308,6602.634
24370,2022-09-27,6675.111,6671.586
24371,2022-09-28,6673.683,6712.845
24372,2022-09-29,6659.4004,6695.323
24373,2022-09-30,6597.9805,6756.9385
24374,2022-10-01,6280.413,6314.0166
24375,2022-10-02,6199.9507,6058.759
24376,2022-10-03,6657.9717,6559.828
24377,2022-10-04,6680.8237,6504.0215
24378,2022-10-05,6692.2515,6498.7183
24379,2022-10-06,6694.1562,6533.431
24380,2022-10-07,6655.5923,6415.063
24381,2022-10-08,6335.1675,6169.821
24382,2022-10-09,6224.709,6043.838
24383,2022-10-10,6688.4424,6473.5625
24384,2022-10-11,6722.7236,6594.278
24385,2022-10-12,6734.15,6488.9277
24386,2022-10-13,6722.7227,6625.597
24387,2022-10-14,6654.638,6649.6763
24388,2022-10-15,6321.8354,6342.8145
24389,2022-10-16,6216.614,6093.174
24390,2022-10-17,6659.3994,6593.1313
24391,2022-10-18,6698.919,6667.147
24392,2022-10-19,6700.8223,6748.9507
24393,2022-10-20,6685.5854,6827.74
24394,2022-10-21,6633.213,6615.3354
24395,2022-10-22,6321.358,6184.5835
24396,2022-10-23,6243.277,5907.6646
24397,2022-10-24,6678.4424,6002.525
24398,2022-10-25,6707.9624,6489.485
24399,2022-10-26,6724.6255,6444.6543
24400,2022-10-27,6706.06,6531.5986
24401,2022-10-28,6612.2656,6609.753
24402,2022-10-29,6302.3154,6262.985
24403,2022-10-30,6205.6636,6117.405
24404,2022-10-31,6653.21,6540.742
24405,2022-11-01,6701.299,6571.828
24406,2022-11-02,6693.2036,6617.0713
24407,2022-11-03,6674.16,6581.3594
24408,2022-11-04,6612.2637,6627.7446
24409,2022-11-05,6307.0767,6096.711
24410,2022-11-06,6229.4707,5948.134
24411,2022-11-07,6654.161,6454.57
24412,2022-11-08,6698.4414,6529.7163
24413,2022-11-09,6687.9663,6520.0156
24414,2022-11-10,6675.1123,6521.867
24415,2022-11-11,6610.3594,6541.366
24416,2022-11-12,6313.267,6196.548
24417,2022-11-13,6234.2305,6011.5566
24418,2022-11-14,6656.543,6542.3687
24419,2022-11-15,6701.773,6616.1646
24420,2022-09-18,6176.052,6100.54
24421,2022-09-19,6646.9214,6544.195
24422,2022-09-20,6682.1523,6563.9985
24423,2022-09-21,6680.725,6707.543
24424,2022-09-22,6677.3926,6599.5947
24425,2022-09-23,6659.3,6654.368
24426,2022-09-24,6329.834,6330.1553
24427,2022-09-25,6198.9033,6051.0
24428,2022-09-26,6638.351,6602.634
24429,2022-09-27,6660.7285,6671.586
24430,2022-09-28,6679.297,6712.845
24431,2022-09-29,6671.1987,6695.323
24432,2022-09-30,6647.873,6756.9385
24433,2022-10-01,6348.4004,6314.0166
24434,2022-10-02,6231.2783,6058.759
24435,2022-10-03,6673.583,6559.828
24436,2022-10-04,6710.7183,6504.0215
24437,2022-10-05,6724.527,6498.7183
24438,2022-10-06,6705.0073,6533.431
24439,2022-10-07,6650.728,6415.063
24440,2022-10-08,6338.4033,6169.821
24441,2022-10-09,6217.4736,6043.838
24442,2022-10-10,6683.1045,6473.5625
24443,2022-10-11,6728.8105,6594.278
24444,2022-10-12,6746.902,6488.9277
24445,2022-10-13,6733.572,6625.597
24446,2022-10-14,6668.344,6649.6763
24447,2022-10-15,6345.0693,6342.8145
24448,2022-10-16,6224.614,6093.174
24449,2022-10-17,6672.1543,6593.1313
24450,2022-10-18,6709.766,6667.147
24451,2022-10-19,6712.6226,6748.9507
24452,2022-10-20,6711.67,6827.74
24453,2022-10-21,6650.256,6615.3354
24454,2022-10-22,6326.5,6184.5835
24455,2022-10-23,6217.947,5907.6646
24456,2022-10-24,6620.734,6002.525
24457,2022-10-25,6682.627,6489.485
24458,2022-10-26,6680.2476,6444.6543
24459,2022-10-27,6653.5864,6531.5986
24460,2022-10-28,6596.929,6609.753
24461,2022-10-29,6294.601,6262.985
24462,2022-10-30,6208.9023,6117.405
24463,2022-10-31,6600.7393,6540.742
24464,2022-11-01,6655.9663,6571.828
24465,2022-11-02,6652.1577,6617.0713
24466,2022-11-03,6649.7773,6581.3594
24467,2022-11-04,6571.2188,6627.7446
24468,2022-11-05,6289.84,6096.711
24469,2022-11-06,6207.4736,5948.134
24470,2022-11-07,6596.9287,6454.57
24471,2022-11-08,6656.9175,6529.7163
24472,2022-11-09,6671.2017,6520.0156
24473,2022-11-10,6665.966,6521.867
24474,2022-11-11,6619.7812,6541.366
24475,2022-11-12,6335.5454,6196.548
24476,2022-11-13,6241.755,6011.5566
24477,2022-11-14,6614.071,6542.3687
24478,2022-11-15,6662.1567,6616.1646
24479,2022-11-16,6688.8184,6667.4526
24480,2022-09-19,6559.812,6544.195
24481,2022-09-20,6618.373,6563.9985
24482,2022-09-21,6621.23,6707.543
24483,2022-09-22,6607.9,6599.5947
24484,2022-09-23,6571.241,6654.368
24485,2022-09-24,6249.866,6330.1553
24486,2022-09-25,6125.127,6051.0
24487,2022-09-26,6610.756,6602.634
24488,2022-09-27,6654.5586,6671.586
24489,2022-09-28,6676.9336,6712.845
24490,2022-09-29,6670.2686,6695.323
24491,2022-09-30,6615.0425,6756.9385
24492,2022-10-01,6309.8574,6314.0166
24493,2022-10-02,6230.822,6058.759
24494,2022-10-03,6646.94,6559.828
24495,2022-10-04,6679.314,6504.0215
24496,2022-10-05,6682.1704,6498.7183
24497,2022-10-06,6655.0337,6533.431
24498,2022-10-07,6608.851,6415.063
24499,2022-10-08,6331.7583,6169.821
24500,2022-10-09,6244.6294,6043.838
24501,2022-10-10,6664.08,6473.5625
24502,2022-10-11,6708.834,6594.278
24503,2022-10-12,6714.547,6488.9277
24504,2022-10-13,6690.741,6625.597
24505,2022-10-14,6619.325,6649.6763
24506,2022-10-15,6314.143,6342.8145
24507,2022-10-16,6242.248,6093.174
24508,2022-10-17,6675.507,6593.1313
24509,2022-10-18,6695.503,6667.147
24510,2022-10-19,6705.027,6748.9507
24511,2022-10-20,6675.506,6827.74
24512,2022-10-21,6588.855,6615.3354
24513,2022-10-22,6290.3345,6184.5835
24514,2022-10-23,6229.8726,5907.6646
24515,2022-10-24,6641.7026,6002.525
24516,2022-10-25,6674.556,6489.485
24517,2022-10-26,6671.6987,6444.6543
24518,2022-10-27,6645.9883,6531.5986
24519,2022-10-28,6562.669,6609.753
24520,2022-10-29,6277.48,6262.985
24521,2022-10-30,6239.39,6117.405
24522,2022-10-31,6655.511,6540.742
24523,2022-11-01,6678.839,6571.828
24524,2022-11-02,6680.265,6617.0713
24525,2022-11-03,6675.0312,6581.3594
24526,2022-11-04,6597.9,6627.7446
24527,2022-11-05,6273.197,6096.711
24528,2022-11-06,6250.3433,5948.134
24529,2022-11-07,6655.985,6454.57
24530,2022-11-08,6678.364,6529.7163
24531,2022-11-09,6675.5083,6520.0156
24532,2022-11-10,6680.743,6521.867
24533,2022-11-11,6576.476,6541.366
24534,2022-11-12,6277.48,6196.548
24535,2022-11-13,6257.9604,6011.5566
24536,2022-11-14,6651.227,6542.3687
24537,2022-11-15,6690.267,6616.1646
24538,2022-11-16,6708.3574,6667.4526
24539,2022-11-17,6687.409,6627.141
24540,2022-09-20,6627.977,6563.9985
24541,2022-09-21,6640.8325,6707.543
24542,2022-09-22,6636.5483,6599.5947
24543,2022-09-23,6580.359,6654.368
24544,2022-09-24,6267.0317,6330.1553
24545,2022-09-25,6162.746,6051.0
24546,2022-09-26,6608.4507,6602.634
24547,2022-09-27,6646.0693,6671.586
24548,2022-09-28,6662.7363,6712.845
24549,2022-09-29,6646.5464,6695.323
24550,2022-09-30,6597.0225,6756.9385
24551,2022-10-01,6298.9346,6314.0166
24552,2022-10-02,6218.459,6058.759
24553,2022-10-03,6621.312,6559.828
24554,2022-10-04,6648.93,6504.0215
24555,2022-10-05,6656.547,6498.7183
24556,2022-10-06,6669.8794,6533.431
24557,2022-10-07,6623.6895,6415.063
24558,2022-10-08,6340.36,6169.821
24559,2022-10-09,6219.889,6043.838
24560,2022-10-10,6635.595,6473.5625
24561,2022-10-11,6685.594,6594.278
24562,2022-10-12,6694.64,6488.9277
24563,2022-10-13,6678.45,6625.597
24564,2022-10-14,6629.404,6649.6763
24565,2022-10-15,6320.838,6342.8145
24566,2022-10-16,6217.507,6093.174
24567,2022-10-17,6631.7876,6593.1313
24568,2022-10-18,6673.2144,6667.147
24569,2022-10-19,6688.451,6748.9507
24570,2022-10-20,6673.6914,6827.74
24571,2022-10-21,6608.4517,6615.3354
24572,2022-10-22,6321.3164,6184.5835
24573,2022-10-23,6237.9824,5907.6646
24574,2022-10-24,6646.0723,6002.525
24575,2022-10-25,6693.2144,6489.485
24576,2022-10-26,6693.214,6444.6543
24577,2022-10-27,6677.4995,6531.5986
24578,2022-10-28,6596.072,6609.753
24579,2022-10-29,6308.9355,6262.985
24580,2022-10-30,6248.459,6117.405
24581,2022-10-31,6632.26,6540.742
24582,2022-11-01,6679.88,6571.828
24583,2022-11-02,6686.071,6617.0713
24584,2022-11-03,6678.451,6581.3594
24585,2022-11-04,6602.7393,6627.7446
24586,2022-11-05,6309.4106,6096.711
24587,2022-11-06,6247.0312,5948.134
24588,2022-11-07,6657.975,6454.57
24589,2022-11-08,6708.927,6529.7163
24590,2022-11-09,6700.8325,6520.0156
24591,2022-11-10,6703.214,6521.867
24592,2022-11-11,6597.5,6541.366
24593,2022-11-12,6316.551,6196.548
24594,2022-11-13,6274.648,6011.5566
24595,2022-11-14,6651.785,6542.3687
24596,2022-11-15,6694.6406,6616.1646
24597,2022-11-16,6707.4976,6667.4526
24598,2022-11-17,6698.4507,6627.141
24599,2022-11-18,6586.5483,6704.058
24600,2022-09-21,6603.215,6707.543
24601,2022-09-22,6606.069,6599.5947
24602,2022-09-23,6601.3066,6654.368
24603,2022-09-24,6306.5474,6330.1553
24604,2022-09-25,6143.695,6051.0
24605,2022-09-26,6567.0215,6602.634
24606,2022-09-27,6618.448,6671.586
24607,2022-09-28,6616.0674,6712.845
24608,2022-09-29,6638.925,6695.323
24609,2022-09-30,6607.9717,6756.9385
24610,2022-10-01,6317.5005,6314.0166
24611,2022-10-02,6192.7427,6058.759
24612,2022-10-03,6640.3525,6559.828
24613,2022-10-04,6683.6855,6504.0215
24614,2022-10-05,6711.303,6498.7183
24615,2022-10-06,6701.779,6533.431
24616,2022-10-07,6668.9233,6415.063
24617,2022-10-08,6365.1187,6169.821
24618,2022-10-09,6232.266,6043.838
24619,2022-10-10,6662.2573,6473.5625
24620,2022-10-11,6697.4956,6594.278
24621,2022-10-12,6698.4463,6488.9277
24622,2022-10-13,6697.4937,6625.597
24623,2022-10-14,6654.6387,6649.6763
24624,2022-10-15,6339.4062,6342.8145
24625,2022-10-16,6221.7896,6093.174
24626,2022-10-17,6661.781,6593.1313
24627,2022-10-18,6705.114,6667.147
24628,2022-10-19,6707.9707,6748.9507
24629,2022-10-20,6682.733,6827.74
24630,2022-10-21,6639.877,6615.3354
24631,2022-10-22,6337.977,6184.5835
24632,2022-10-23,6221.3125,5907.6646
24633,2022-10-24,6657.4956,6002.525
24634,2022-10-25,6712.256,6489.485
24635,2022-10-26,6714.6387,6444.6543
24636,2022-10-27,6699.8755,6531.5986
24637,2022-10-28,6640.351,6609.753
24638,2022-10-29,6336.072,6262.985
24639,2022-10-30,6232.7417,6117.405
24640,2022-10-31,6665.5913,6540.742
24641,2022-11-01,6711.3037,6571.828
24642,2022-11-02,6727.969,6617.0713
24643,2022-11-03,6717.9688,6581.3594
24644,2022-11-04,6662.7324,6627.7446
24645,2022-11-05,6362.261,6096.711
24646,2022-11-06,6267.0264,5948.134
24647,2022-11-07,6675.5894,6454.57
24648,2022-11-08,6719.8726,6529.7163
24649,2022-11-09,6727.4917,6520.0156
24650,2022-11-10,6724.16,6521.867
24651,2022-11-11,6669.8735,6541.366
24652,2022-11-12,6337.5005,6196.548
24653,2022-11-13,6252.74,6011.5566
24654,2022-11-14,6691.303,6542.3687
24655,2022-11-15,6738.446,6616.1646
24656,2022-11-16,6737.0176,6667.4526
24657,2022-11-17,6727.4917,6627.141
24658,2022-11-18,6663.685,6704.058
24659,2022-11-19,6351.787,6219.927
24660,2022-09-22,6710.687,6599.5947
24661,2022-09-23,6674.018,6654.368
24662,2022-09-24,6376.8643,6330.1553
24663,2022-09-25,6188.2905,6051.0
24664,2022-09-26,6580.2036,6602.634
24665,2022-09-27,6668.7783,6671.586
24666,2022-09-28,6679.255,6712.845
24667,2022-09-29,6683.0664,6695.323
24668,2022-09-30,6640.6816,6756.9385
24669,2022-10-01,6353.0537,6314.0166
24670,2022-10-02,6191.147,6058.759
24671,2022-10-03,6564.4893,6559.828
24672,2022-10-04,6653.063,6504.0215
24673,2022-10-05,6656.397,6498.7183
24674,2022-10-06,6673.064,6533.431
24675,2022-10-07,6654.0156,6415.063
24676,2022-10-08,6377.3394,6169.821
24677,2022-10-09,6219.2417,6043.838
24678,2022-10-10,6583.538,6473.5625
24679,2022-10-11,6670.683,6594.278
24680,2022-10-12,6689.7324,6488.9277
24681,2022-10-13,6672.1123,6625.597
24682,2022-10-14,6622.588,6649.6763
24683,2022-10-15,6352.5796,6342.8145
24684,2022-10-16,6229.2427,6093.174
24685,2022-10-17,6587.8237,6593.1313
24686,2022-10-18,6673.5386,6667.147
24687,2022-10-19,6685.922,6748.9507
24688,2022-10-20,6680.209,6827.74
24689,2022-10-21,6634.9673,6615.3354
24690,2022-10-22,6364.484,6184.5835
24691,2022-10-23,6226.8613,5907.6646
24692,2022-10-24,6588.299,6002.525
24693,2022-10-25,6686.873,6489.485
24694,2022-10-26,6694.4937,6444.6543
24695,2022-10-27,6677.35,6531.5986
24696,2022-10-28,6624.4907,6609.753
24697,2022-10-29,6366.3887,6262.985
24698,2022-10-30,6253.531,6117.405
24699,2022-10-31,6604.015,6540.742
24700,2022-11-01,6695.92,6571.828
24701,2022-11-02,6705.4463,6617.0713
24702,2022-11-03,6686.8735,6581.3594
24703,2022-11-04,6634.967,6627.7446
24704,2022-11-05,6375.4346,6096.711
24705,2022-11-06,6269.243,5948.134
24706,2022-11-07,6634.014,6454.57
24707,2022-11-08,6710.208,6529.7163
24708,2022-11-09,6708.3037,6520.0156
24709,2022-11-10,6680.683,6521.867
24710,2022-11-11,6635.4434,6541.366
24711,2022-11-12,6374.484,6196.548
24712,2022-11-13,6268.2905,6011.5566
24713,2022-11-14,6619.254,6542.3687
24714,2022-11-15,6688.302,6616.1646
24715,2022-11-16,6716.8745,6667.4526
24716,2022-11-17,6705.445,6627.141
24717,2022-11-18,6654.015,6704.058
24718,2022-11-19,6385.4355,6219.927
24719,2022-11-20,6268.291,6089.8613
24720,2022-09-23,6597.409,6654.368
24721,2022-09-24,6279.7793,6330.1553
24722,2022-09-25,6119.775,6051.0
24723,2022-09-26,6551.6943,6602.634
24724,2022-09-27,6630.7456,6671.586
24725,2022-09-28,6630.2686,6712.845
24726,2022-09-29,6617.413,6695.323
24727,2022-09-30,6570.268,6756.9385
24728,2022-10-01,6303.591,6314.0166
24729,2022-10-02,6172.6333,6058.759
24730,2022-10-03,6585.506,6559.828
24731,2022-10-04,6640.747,6504.0215
24732,2022-10-05,6660.2725,6498.7183
24733,2022-10-06,6667.8906,6533.431
24734,2022-10-07,6632.176,6415.063
24735,2022-10-08,6349.308,6169.821
24736,2022-10-09,6206.9194,6043.838
24737,2022-10-10,6615.0327,6473.5625
24738,2022-10-11,6681.225,6594.278
24739,2022-10-12,6681.226,6488.9277
24740,2022-10-13,6672.178,6625.597
24741,2022-10-14,6629.3193,6649.6763
24742,2022-10-15,6336.926,6342.8145
24743,2022-10-16,6185.9683,6093.174
24744,2022-10-17,6586.46,6593.1313
24745,2022-10-18,6669.32,6667.147
24746,2022-10-19,6670.2725,6748.9507
24747,2022-10-20,6692.178,6827.74
24748,2022-10-21,6643.1274,6615.3354
24749,2022-10-22,6341.688,6184.5835
24750,2022-10-23,6206.92,5907.6646
24751,2022-10-24,6613.6045,6002.525
24752,2022-10-25,6666.4644,6489.485
24753,2022-10-26,6675.9883,6444.6543
24754,2022-10-27,6671.225,6531.5986
24755,2022-10-28,6619.794,6609.753
24756,2022-10-29,6315.0205,6262.985
24757,2022-10-30,6192.635,6117.405
24758,2022-10-31,6588.3633,6540.742
24759,2022-11-01,6676.464,6571.828
24760,2022-11-02,6684.558,6617.0713
24761,2022-11-03,6672.1763,6581.3594
24762,2022-11-04,6622.174,6627.7446
24763,2022-11-05,6330.7344,6096.711
24764,2022-11-06,6205.491,5948.134
24765,2022-11-07,6585.5063,6454.57
24766,2022-11-08,6658.8438,6529.7163
24767,2022-11-09,6676.463,6520.0156
24768,2022-11-10,6670.2715,6521.867
24769,2022-11-11,6628.3657,6541.366
24770,2022-11-12,6360.736,6196.548
24771,2022-11-13,6241.685,6011.5566
24772,2022-11-14,6623.127,6542.3687
24773,2022-11-15,6694.083,6616.1646
24774,2022-11-16,6692.1787,6667.4526
24775,2022-11-17,6687.416,6627.141
24776,2022-11-18,6625.509,6704.058
24777,2022-11-19,6346.449,6219.927
24778,2022-11-20,6236.9224,6089.8613
24779,2022-11-21,6627.4126,6707.4023
24780,2022-09-24,6377.465,6330.1553
24781,2022-09-25,6173.649,6051.0
24782,2022-09-26,6500.8057,6602.634
24783,2022-09-27,6659.861,6671.586
24784,2022-09-28,6677.0063,6712.845
24785,2022-09-29,6691.291,6695.323
24786,2022-09-30,6671.29,6756.9385
24787,2022-10-01,6407.4673,6314.0166
24788,2022-10-02,6222.2236,6058.759
24789,2022-10-03,6552.7144,6559.828
24790,2022-10-04,6681.291,6504.0215
24791,2022-10-05,6681.768,6498.7183
24792,2022-10-06,6674.148,6533.431
24793,2022-10-07,6654.6226,6415.063
24794,2022-10-08,6390.8013,6169.821
24795,2022-10-09,6220.795,6043.838
24796,2022-10-10,6561.285,6473.5625
24797,2022-10-11,6694.1494,6594.278
24798,2022-10-12,6688.4346,6488.9277
24799,2022-10-13,6692.721,6625.597
24800,2022-10-14,6662.7173,6649.6763
24801,2022-10-15,6406.9927,6342.8145
24802,2022-10-16,6227.9375,6093.174
24803,2022-10-17,6540.332,6593.1313
24804,2022-10-18,6682.243,6667.147
24805,2022-10-19,6694.6245,6748.9507
24806,2022-10-20,6669.8613,6827.74
24807,2022-10-21,6623.1924,6615.3354
24808,2022-10-22,6362.7056,6184.5835
24809,2022-10-23,6230.795,5907.6646
24810,2022-10-24,6551.761,6002.525
24811,2022-10-25,6680.339,6489.485
24812,2022-10-26,6660.814,6444.6543
24813,2022-10-27,6642.7173,6531.5986
24814,2022-10-28,6621.287,6609.753
24815,2022-10-29,6375.0874,6262.985
24816,2022-10-30,6246.9844,6117.405
24817,2022-10-31,6550.8086,6540.742
24818,2022-11-01,6662.243,6571.828
24819,2022-11-02,6659.862,6617.0713
24820,2022-11-03,6664.623,6581.3594
24821,2022-11-04,6612.24,6627.7446
24822,2022-11-05,6361.275,6096.711
24823,2022-11-06,6246.986,5948.134
24824,2022-11-07,6563.6675,6454.57
24825,2022-11-08,6699.8633,6529.7163
24826,2022-11-09,6694.148,6520.0156
24827,2022-11-10,6663.1943,6521.867
24828,2022-11-11,6614.1436,6541.366
24829,2022-11-12,6352.7056,6196.548
24830,2022-11-13,6213.6504,6011.5566
24831,2022-11-14,6527.949,6542.3687
24832,2022-11-15,6657.48,6616.1646
24833,2022-11-16,6672.243,6667.4526
24834,2022-11-17,6655.098,6627.141
24835,2022-11-18,6606.5244,6704.058
24836,2022-11-19,6381.755,6219.927
24837,2022-11-20,6249.3667,6089.8613
24838,2022-11-21,6544.141,6707.4023
24839,2022-11-22,6674.149,6892.1484
24840,2022-09-25,6115.142,6051.0
24841,2022-09-26,6577.515,6602.634
24842,2022-09-27,6638.942,6671.586
24843,2022-09-28,6659.419,6712.845
24844,2022-09-29,6652.2764,6695.323
24845,2022-09-30,6647.514,6756.9385
24846,2022-10-01,6344.662,6314.0166
24847,2022-10-02,6191.8066,6058.759
24848,2022-10-03,6656.562,6559.828
24849,2022-10-04,6682.7524,6504.0215
24850,2022-10-05,6699.895,6498.7183
24851,2022-10-06,6692.2754,6533.431
24852,2022-10-07,6642.753,6415.063
24853,2022-10-08,6327.997,6169.821
24854,2022-10-09,6198.95,6043.838
24855,2022-10-10,6639.895,6473.5625
24856,2022-10-11,6673.7036,6594.278
24857,2022-10-12,6703.228,6488.9277
24858,2022-10-13,6684.6543,6625.597
24859,2022-10-14,6653.2295,6649.6763
24860,2022-10-15,6336.092,6342.8145
24861,2022-10-16,6195.616,6093.174
24862,2022-10-17,6636.562,6593.1313
24863,2022-10-18,6683.7036,6667.147
24864,2022-10-19,6703.7056,6748.9507
24865,2022-10-20,6691.3237,6827.74
24866,2022-10-21,6636.5645,6615.3354
24867,2022-10-22,6317.995,6184.5835
24868,2022-10-23,6202.284,5907.6646
24869,2022-10-24,6620.8496,6002.525
24870,2022-10-25,6677.9893,6489.485
24871,2022-10-26,6672.2754,6444.6543
24872,2022-10-27,6685.1333,6531.5986
24873,2022-10-28,6620.8496,6609.753
24874,2022-10-29,6326.0913,6262.985
24875,2022-10-30,6208.4727,6117.405
24876,2022-10-31,6622.752,6540.742
24877,2022-11-01,6676.084,6571.828
24878,2022-11-02,6675.1333,6617.0713
24879,2022-11-03,6677.989,6581.3594
24880,2022-11-04,6624.6577,6627.7446
24881,2022-11-05,6316.5684,6096.711
24882,2022-11-06,6196.569,5948.134
24883,2022-11-07,6618.9424,6454.57
24884,2022-11-08,6681.322,6529.7163
24885,2022-11-09,6692.274,6520.0156
24886,2022-11-10,6674.655,6521.867
24887,2022-11-11,6622.2764,6541.366
24888,2022-11-12,6312.2817,6196.548
24889,2022-11-13,6215.615,6011.5566
24890,2022-11-14,6632.277,6542.3687
24891,2022-11-15,6696.0845,6616.1646
24892,2022-11-16,6711.3213,6667.4526
24893,2022-11-17,6698.942,6627.141
24894,2022-11-18,6634.658,6704.058
24895,2022-11-19,6327.52,6219.927
24896,2022-11-20,6233.234,6089.8613
24897,2022-11-21,6657.0376,6707.4023
24898,2022-11-22,6707.9893,6892.1484
24899,2022-11-23,6709.4194,6729.9565
24900,2022-09-26,6444.648,6602.634
24901,2022-09-27,6556.553,6671.586
24902,2022-09-28,6589.409,6712.845
24903,2022-09-29,6577.505,6695.323
24904,2022-09-30,6570.362,6756.9385
24905,2022-10-01,6300.8438,6314.0166
24906,2022-10-02,6166.0825,6058.759
24907,2022-10-03,6560.839,6559.828
24908,2022-10-04,6630.361,6504.0215
24909,2022-10-05,6643.696,6498.7183
24910,2022-10-06,6639.886,6533.431
24911,2022-10-07,6623.22,6415.063
24912,2022-10-08,6347.0327,6169.821
24913,2022-10-09,6187.9883,6043.838
24914,2022-10-10,6581.3125,6473.5625
24915,2022-10-11,6667.027,6594.278
24916,2022-10-12,6680.362,6488.9277
24917,2022-10-13,6674.645,6625.597
24918,2022-10-14,6646.5513,6649.6763
24919,2022-10-15,6350.8413,6342.8145
24920,2022-10-16,6185.1323,6093.174
24921,2022-10-17,6555.125,6593.1313
24922,2022-10-18,6647.9795,6667.147
24923,2022-10-19,6677.0264,6748.9507
24924,2022-10-20,6662.74,6827.74
24925,2022-10-21,6612.7407,6615.3354
24926,2022-10-22,6326.0806,6184.5835
24927,2022-10-23,6192.275,5907.6646
24928,2022-10-24,6575.6,6002.525
24929,2022-10-25,6665.5967,6489.485
24930,2022-10-26,6672.7407,6444.6543
24931,2022-10-27,6674.6465,6531.5986
24932,2022-10-28,6626.55,6609.753
24933,2022-10-29,6341.7944,6262.985
24934,2022-10-30,6205.6074,6117.405
24935,2022-10-31,6594.1704,6540.742
24936,2022-11-01,6677.503,6571.828
24937,2022-11-02,6691.7896,6617.0713
24938,2022-11-03,6682.265,6581.3594
24939,2022-11-04,6617.505,6627.7446
24940,2022-11-05,6335.1274,6096.711
24941,2022-11-06,6198.4644,5948.134
24942,2022-11-07,6586.5527,6454.57
24943,2022-11-08,6674.17,6529.7163
24944,2022-11-09,6695.122,6520.0156
24945,2022-11-10,6678.457,6521.867
24946,2022-11-11,6627.5044,6541.366
24947,2022-11-12,6349.8887,6196.548
24948,2022-11-13,6213.2246,6011.5566
24949,2022-11-14,6582.7427,6542.3687
24950,2022-11-15,6655.1226,6616.1646
24951,2022-11-16,6684.6465,6667.4526
24952,2022-11-17,6672.2637,6627.141
24953,2022-11-18,6617.98,6704.058
24954,2022-11-19,6314.6533,6219.927
24955,2022-11-20,6213.2256,6089.8613
24956,2022-11-21,6586.0757,6707.4023
24957,2022-11-22,6679.408,6892.1484
24958,2022-11-23,6691.3125,6729.9565
24959,2022-11-24,6686.0757,6800.706
24960,2022-09-27,6660.91,6671.586
24961,2022-09-28,6657.0996,6712.845
24962,2022-09-29,6658.0527,6695.323
24963,2022-09-30,6607.567,6756.9385
24964,2022-10-01,6314.667,6314.0166
24965,2022-10-02,6210.368,6058.759
24966,2022-10-03,6677.102,6559.828
24967,2022-10-04,6707.1055,6504.0215
24968,2022-10-05,6709.4883,6498.7183
24969,2022-10-06,6709.0117,6533.431
24970,2022-10-07,6678.054,6415.063
24971,2022-10-08,6362.2925,6169.821
24972,2022-10-09,6232.7524,6043.838
24973,2022-10-10,6694.7236,6473.5625
24974,2022-10-11,6723.7754,6594.278
24975,2022-10-12,6730.92,6488.9277
24976,2022-10-13,6723.299,6625.597
24977,2022-10-14,6644.715,6649.6763
24978,2022-10-15,6320.3823,6342.8145
24979,2022-10-16,6215.6074,6093.174
24980,2022-10-17,6654.239,6593.1313
24981,2022-10-18,6678.0537,6667.147
24982,2022-10-19,6674.717,6748.9507
24983,2022-10-20,6672.813,6827.74
24984,2022-10-21,6619.948,6615.3354
24985,2022-10-22,6305.619,6184.5835
24986,2022-10-23,6196.5566,5907.6646
24987,2022-10-24,6644.2373,6002.525
24988,2022-10-25,6694.721,6489.485
24989,2022-10-26,6676.6235,6444.6543
24990,2022-10-27,6667.1,6531.5986
24991,2022-10-28,6607.567,6609.753
24992,2022-10-29,6294.6655,6262.985
24993,2022-10-30,6205.6064,6117.405
24994,2022-10-31,6652.8105,6540.742
24995,2022-11-01,6678.0527,6571.828
24996,2022-11-02,6676.6235,6617.0713
24997,2022-11-03,6650.4307,6581.3594
24998,2022-11-04,6576.1333,6627.7446
24999,2022-11-05,6289.4263,6096.711
25000,2022-11-06,6216.084,5948.134
25001,2022-11-07,6636.1406,6454.57
25002,2022-11-08,6680.435,6529.7163
25003,2022-11-09,6685.198,6520.0156
25004,2022-11-10,6663.766,6521.867
25005,2022-11-11,6588.041,6541.366
25006,2022-11-12,6282.759,6196.548
25007,2022-11-13,6214.6543,6011.5566
25008,2022-11-14,6655.1934,6542.3687
25009,2022-11-15,6696.1523,6616.1646
25010,2022-11-16,6696.1523,6667.4526
25011,2022-11-17,6680.9126,6627.141
25012,2022-11-18,6602.3286,6704.058
25013,2022-11-19,6306.5713,6219.927
25014,2022-11-20,6251.326,6089.8613
25015,2022-11-21,6682.3413,6707.4023
25016,2022-11-22,6722.822,6892.1484
25017,2022-11-23,6722.822,6729.9565
25018,2022-11-24,6713.774,6800.706
25019,2022-11-25,6639.4775,6701.8877
25020,2022-09-28,6687.6816,6712.845
25021,2022-09-29,6686.7285,6695.323
25022,2022-09-30,6651.9614,6756.9385
25023,2022-10-01,6347.15,6314.0166
25024,2022-10-02,6216.6523,6058.759
25025,2022-10-03,6659.58,6559.828
25026,2022-10-04,6694.823,6504.0215
25027,2022-10-05,6712.446,6498.7183
25028,2022-10-06,6711.969,6533.431
25029,2022-10-07,6682.4414,6415.063
25030,2022-10-08,6366.2,6169.821
25031,2022-10-09,6206.6523,6043.838
25032,2022-10-10,6661.962,6473.5625
25033,2022-10-11,6682.9175,6594.278
25034,2022-10-12,6688.1562,6488.9277
25035,2022-10-13,6691.4893,6625.597
25036,2022-10-14,6646.244,6649.6763
25037,2022-10-15,6325.241,6342.8145
25038,2022-10-16,6195.2207,6093.174
25039,2022-10-17,6625.288,6593.1313
25040,2022-10-18,6650.53,6667.147
25041,2022-10-19,6657.674,6748.9507
25042,2022-10-20,6643.862,6827.74
25043,2022-10-21,6605.7607,6615.3354
25044,2022-10-22,6286.663,6184.5835
25045,2022-10-23,6190.459,5907.6646
25046,2022-10-24,6611.9526,6002.525
25047,2022-10-25,6641.958,6489.485
25048,2022-10-26,6638.148,6444.6543
25049,2022-10-27,6634.8145,6531.5986
25050,2022-10-28,6580.9956,6609.753
25051,2022-10-29,6282.3774,6262.985
25052,2022-10-30,6198.0796,6117.405
25053,2022-10-31,6651.007,6540.742
25054,2022-11-01,6689.5845,6571.828
25055,2022-11-02,6680.5356,6617.0713
25056,2022-11-03,6688.632,6581.3594
25057,2022-11-04,6635.766,6627.7446
25058,2022-11-05,6317.1455,6096.711
25059,2022-11-06,6222.369,5948.134
25060,2022-11-07,6655.7686,6454.57
25061,2022-11-08,6697.681,6529.7163
25062,2022-11-09,6686.727,6520.0156
25063,2022-11-10,6671.4863,6521.867
25064,2022-11-11,6605.7627,6541.366
25065,2022-11-12,6286.663,6196.548
25066,2022-11-13,6211.4136,6011.5566
25067,2022-11-14,6629.574,6542.3687
25068,2022-11-15,6677.2007,6616.1646
25069,2022-11-16,6685.774,6667.4526
25070,2022-11-17,6659.58,6627.141
25071,2022-11-18,6599.094,6704.058
25072,2022-11-19,6302.857,6219.927
25073,2022-11-20,6239.9907,6089.8613
25074,2022-11-21,6657.6743,6707.4023
25075,2022-11-22,6712.444,6892.1484
25076,2022-11-23,6715.3013,6729.9565
25077,2022-11-24,6699.108,6800.706
25078,2022-11-25,6625.764,6701.8877
25079,2022-11-26,6333.338,6441.3516
25080,2022-09-29,6689.655,6695.323
25081,2022-09-30,6662.0312,6756.9385
25082,2022-10-01,6337.6904,6314.0166
25083,2022-10-02,6177.1895,6058.759
25084,2022-10-03,6645.839,6559.828
25085,2022-10-04,6680.605,6504.0215
25086,2022-10-05,6691.5596,6498.7183
25087,2022-10-06,6691.0825,6533.431
25088,2022-10-07,6678.7,6415.063
25089,2022-10-08,6351.0283,6169.821
25090,2022-10-09,6186.2383,6043.838
25091,2022-10-10,6643.933,6473.5625
25092,2022-10-11,6669.1743,6594.278
25093,2022-10-12,6680.129,6488.9277
25094,2022-10-13,6662.984,6625.597
25095,2022-10-14,6629.1694,6649.6763
25096,2022-10-15,6308.1636,6342.8145
25097,2022-10-16,6167.187,6093.174
25098,2022-10-17,6585.828,6593.1313
25099,2022-10-18,6651.0767,6667.147
25100,2022-10-19,6676.7954,6748.9507
25101,2022-10-20,6662.5073,6827.74
25102,2022-10-21,6642.9814,6615.3354
25103,2022-10-22,6340.0737,6184.5835
25104,2022-10-23,6197.668,5907.6646
25105,2022-10-24,6632.5024,6002.525
25106,2022-10-25,6677.7476,6489.485
25107,2022-10-26,6679.1763,6444.6543
25108,2022-10-27,6670.1274,6531.5986
25109,2022-10-28,6621.5483,6609.753
25110,2022-10-29,6310.5444,6262.985
25111,2022-10-30,6191.9536,6117.405
25112,2022-10-31,6616.3086,6540.742
25113,2022-11-01,6669.1743,6571.828
25114,2022-11-02,6690.1313,6617.0713
25115,2022-11-03,6690.131,6581.3594
25116,2022-11-04,6642.503,6627.7446
25117,2022-11-05,6334.3594,6096.711
25118,2022-11-06,6197.668,5948.134
25119,2022-11-07,6618.215,6454.57
25120,2022-11-08,6692.0356,6529.7163
25121,2022-11-09,6726.326,6520.0156
25122,2022-11-10,6709.658,6521.867
25123,2022-11-11,6660.1265,6541.366
25124,2022-11-12,6348.17,6196.548
25125,2022-11-13,6225.7676,6011.5566
25126,2022-11-14,6672.0317,6542.3687
25127,2022-11-15,6738.233,6616.1646
25128,2022-11-16,6733.947,6667.4526
25129,2022-11-17,6721.089,6627.141
25130,2022-11-18,6637.7427,6704.058
25131,2022-11-19,6334.8345,6219.927
25132,2022-11-20,6239.103,6089.8613
25133,2022-11-21,6667.746,6707.4023
25134,2022-11-22,6719.1826,6892.1484
25135,2022-11-23,6713.4673,6729.9565
25136,2022-11-24,6718.706,6800.706
25137,2022-11-25,6642.5044,6701.8877
25138,2022-11-26,6345.7886,6441.3516
25139,2022-11-27,6258.63,6125.7915
25140,2022-09-30,6646.029,6756.9385
25141,2022-10-01,6344.5444,6314.0166
25142,2022-10-02,6168.3164,6058.759
25143,2022-10-03,6587.9233,6559.828
25144,2022-10-04,6686.989,6504.0215
25145,2022-10-05,6699.371,6498.7183
25146,2022-10-06,6701.7524,6533.431
25147,2022-10-07,6657.9355,6415.063
25148,2022-10-08,6354.5454,6169.821
25149,2022-10-09,6195.465,6043.838
25150,2022-10-10,6594.114,6473.5625
25151,2022-10-11,6670.319,6594.278
25152,2022-10-12,6685.084,6488.9277
25153,2022-10-13,6693.18,6625.597
25154,2022-10-14,6657.9355,6649.6763
25155,2022-10-15,6367.405,6342.8145
25156,2022-10-16,6211.1826,6093.174
25157,2022-10-17,6585.5425,6593.1313
25158,2022-10-18,6668.8906,6667.147
25159,2022-10-19,6691.7505,6748.9507
25160,2022-10-20,6687.4644,6827.74
25161,2022-10-21,6634.121,6615.3354
25162,2022-10-22,6337.8755,6184.5835
25163,2022-10-23,6197.3706,5907.6646
25164,2022-10-24,6600.7827,6002.525
25165,2022-10-25,6689.3687,6489.485
25166,2022-10-26,6681.75,6444.6543
25167,2022-10-27,6677.939,6531.5986
25168,2022-10-28,6626.025,6609.753
25169,2022-10-29,6323.108,6262.985
25170,2022-10-30,6197.3706,6117.405
25171,2022-10-31,6602.686,6540.742
25172,2022-11-01,6687.9414,6571.828
25173,2022-11-02,6709.848,6617.0713
25174,2022-11-03,6678.892,6581.3594
25175,2022-11-04,6617.4526,6627.7446
25176,2022-11-05,6307.8667,6096.711
25177,2022-11-06,6189.75,5948.134
25178,2022-11-07,6590.781,6454.57
25179,2022-11-08,6681.2725,6529.7163
25180,2022-11-09,6710.3237,6520.0156
25181,2022-11-10,6686.511,6521.867
25182,2022-11-11,6624.5977,6541.366
25183,2022-11-12,6335.0156,6196.548
25184,2022-11-13,6247.3813,6011.5566
25185,2022-11-14,6615.547,6542.3687
25186,2022-11-15,6693.6562,6616.1646
25187,2022-11-16,6706.515,6667.4526
25188,2022-11-17,6687.94,6627.141
25189,2022-11-18,6613.166,6704.058
25190,2022-11-19,6348.8286,6219.927
25191,2022-11-20,6245.4756,6089.8613
25192,2022-11-21,6616.023,6707.4023
25193,2022-11-22,6706.5137,6892.1484
25194,2022-11-23,6706.9917,6729.9565
25195,2022-11-24,6688.893,6800.706
25196,2022-11-25,6623.168,6701.8877
25197,2022-11-26,6335.4927,6441.3516
25198,2022-11-27,6256.9043,6125.7915
25199,2022-11-28,6642.2207,6594.6416
25200,2022-10-01,6408.373,6314.0166
25201,2022-10-02,6239.281,6058.759
25202,2022-10-03,6659.87,6559.828
25203,2022-10-04,6737.9863,6504.0215
25204,2022-10-05,6742.2715,6498.7183
25205,2022-10-06,6747.034,6533.431
25206,2022-10-07,6720.364,6415.063
25207,2022-10-08,6395.989,6169.821
25208,2022-10-09,6221.1807,6043.838
25209,2022-10-10,6631.768,6473.5625
25210,2022-10-11,6701.785,6594.278
25211,2022-10-12,6716.551,6488.9277
25212,2022-10-13,6715.121,6625.597
25213,2022-10-14,6670.3486,6649.6763
25214,2022-10-15,6357.4087,6342.8145
25215,2022-10-16,6211.655,6093.174
25216,2022-10-17,6622.717,6593.1313
25217,2022-10-18,6699.8813,6667.147
25218,2022-10-19,6713.2188,6748.9507
25219,2022-10-20,6717.9795,6827.74
25220,2022-10-21,6681.3013,6615.3354
25221,2022-10-22,6360.265,6184.5835
25222,2022-10-23,6228.801,5907.6646
25223,2022-10-24,6615.572,6002.525
25224,2022-10-25,6694.163,6489.485
25225,2022-10-26,6701.787,6444.6543
25226,2022-10-27,6693.688,6531.5986
25227,2022-10-28,6645.581,6609.753
25228,2022-10-29,6336.9277,6262.985
25229,2022-10-30,6200.6987,6117.405
25230,2022-10-31,6605.5693,6540.742
25231,2022-11-01,6683.686,6571.828
25232,2022-11-02,6694.1646,6617.0713
25233,2022-11-03,6684.162,6581.3594
25234,2022-11-04,6647.485,6627.7446
25235,2022-11-05,6330.7344,6096.711
25236,2022-11-06,6189.2676,5948.134
25237,2022-11-07,6603.1875,6454.57
25238,2022-11-08,6705.118,6529.7163
25239,2022-11-09,6716.0737,6520.0156
25240,2022-11-10,6703.213,6521.867
25241,2022-11-11,6646.5312,6541.366
25242,2022-11-12,6340.7373,6196.548
25243,2022-11-13,6214.035,6011.5566
25244,2022-11-14,6643.672,6542.3687
25245,2022-11-15,6719.885,6616.1646
25246,2022-11-16,6730.841,6667.4526
25247,2022-11-17,6717.5044,6627.141
25248,2022-11-18,6654.631,6704.058
25249,2022-11-19,6359.3125,6219.927
25250,2022-11-20,6246.4263,6089.8613
25251,2022-11-21,6667.0137,6707.4023
25252,2022-11-22,6740.3687,6892.1484
25253,2022-11-23,6764.6606,6729.9565
25254,2022-11-24,6757.99,6800.706
25255,2022-11-25,6693.2104,6701.8877
25256,2022-11-26,6391.7046,6441.3516
25257,2022-11-27,6268.811,6125.7915
25258,2022-11-28,6649.866,6594.6416
25259,2022-11-29,6741.3213,6595.9434
25260,2022-10-02,6155.967,6058.759
25261,2022-10-03,6646.058,6559.828
25262,2022-10-04,6665.111,6504.0215
25263,2022-10-05,6668.92,6498.7183
25264,2022-10-06,6664.1577,6533.431
25265,2022-10-07,6646.534,6415.063
25266,2022-10-08,6323.1377,6169.821
25267,2022-10-09,6174.5396,6043.838
25268,2022-10-10,6634.1514,6473.5625
25269,2022-10-11,6670.3477,6594.278
25270,2022-10-12,6663.2036,6488.9277
25271,2022-10-13,6664.1577,6625.597
25272,2022-10-14,6633.675,6649.6763
25273,2022-10-15,6319.328,6342.8145
25274,2022-10-16,6174.064,6093.174
25275,2022-10-17,6602.717,6593.1313
25276,2022-10-18,6667.014,6667.147
25277,2022-10-19,6664.6333,6748.9507
25278,2022-10-20,6668.9204,6827.74
25279,2022-10-21,6638.439,6615.3354
25280,2022-10-22,6308.8496,6184.5835
25281,2022-10-23,6197.878,5907.6646
25282,2022-10-24,6645.1064,6002.525
25283,2022-10-25,6693.21,6489.485
25284,2022-10-26,6717.978,6444.6543
25285,2022-10-27,6707.5,6531.5986
25286,2022-10-28,6636.0576,6609.753
25287,2022-10-29,6304.0864,6262.985
25288,2022-10-30,6205.9736,6117.405
25289,2022-10-31,6633.676,6540.742
25290,2022-11-01,6678.446,6571.828
25291,2022-11-02,6683.686,6617.0713
25292,2022-11-03,6675.588,6581.3594
25293,2022-11-04,6607.004,6627.7446
25294,2022-11-05,6294.5605,6096.711
25295,2022-11-06,6189.304,5948.134
25296,2022-11-07,6616.054,6454.57
25297,2022-11-08,6668.92,6529.7163
25298,2022-11-09,6679.4,6520.0156
25299,2022-11-10,6671.3037,6521.867
25300,2022-11-11,6611.292,6541.366
25301,2022-11-12,6294.083,6196.548
25302,2022-11-13,6205.9736,6011.5566
25303,2022-11-14,6654.635,6542.3687
25304,2022-11-15,6700.357,6616.1646
25305,2022-11-16,6700.833,6667.4526
25306,2022-11-17,6683.6875,6627.141
25307,2022-11-18,6607.005,6704.058
25308,2022-11-19,6282.177,6219.927
25309,2022-11-20,6205.4956,6089.8613
25310,2022-11-21,6661.775,6707.4023
25311,2022-11-22,6698.4507,6892.1484
25312,2022-11-23,6692.26,6729.9565
25313,2022-11-24,6693.212,6800.706
25314,2022-11-25,6617.9595,6701.8877
25315,2022-11-26,6306.4683,6441.3516
25316,2022-11-27,6230.7393,6125.7915
25317,2022-11-28,6670.3496,6594.6416
25318,2022-11-29,6720.837,6595.9434
25319,2022-11-30,6721.79,6582.043
25320,2022-10-03,6553.926,6559.828
25321,2022-10-04,6609.6475,6504.0215
25322,2022-10-05,6601.551,6498.7183
25323,2022-10-06,6592.978,6533.431
25324,2022-10-07,6592.0254,6415.063
25325,2022-10-08,6281.9805,6169.821
25326,2022-10-09,6151.4805,6043.838
25327,2022-10-10,6606.7896,6473.5625
25328,2022-10-11,6630.6025,6594.278
25329,2022-10-12,6640.128,6488.9277
25330,2022-10-13,6645.366,6625.597
25331,2022-10-14,6632.5083,6649.6763
25332,2022-10-15,6316.2695,6342.8145
25333,2022-10-16,6148.145,6093.174
25334,2022-10-17,6588.6914,6593.1313
25335,2022-10-18,6621.5537,6667.147
25336,2022-10-19,6635.841,6748.9507
25337,2022-10-20,6622.982,6827.74
25338,2022-10-21,6582.976,6615.3354
25339,2022-10-22,6283.4067,6184.5835
25340,2022-10-23,6160.0513,5907.6646
25341,2022-10-24,6603.457,6002.525
25342,2022-10-25,6660.13,6489.485
25343,2022-10-26,6640.6045,6444.6543
25344,2022-10-27,6633.4604,6531.5986
25345,2022-10-28,6588.2163,6609.753
25346,2022-10-29,6284.8354,6262.985
25347,2022-10-30,6179.5776,6117.405
25348,2022-10-31,6616.315,6540.742
25349,2022-11-01,6664.4175,6571.828
25350,2022-11-02,6649.177,6617.0713
25351,2022-11-03,6639.6523,6581.3594
25352,2022-11-04,6588.216,6627.7446
25353,2022-11-05,6299.125,6096.711
25354,2022-11-06,6186.7227,5948.134
25355,2022-11-07,6618.696,6454.57
25356,2022-11-08,6668.7036,6529.7163
25357,2022-11-09,6683.944,6520.0156
25358,2022-11-10,6650.13,6521.867
25359,2022-11-11,6606.314,6541.366
25360,2022-11-12,6295.315,6196.548
25361,2022-11-13,6203.868,6011.5566
25362,2022-11-14,6634.8887,6542.3687
25363,2022-11-15,6668.2275,6616.1646
25364,2022-11-16,6672.9893,6667.4526
25365,2022-11-17,6655.8438,6627.141
25366,2022-11-18,6612.029,6704.058
25367,2022-11-19,6301.5063,6219.927
25368,2022-11-20,6221.49,6089.8613
25369,2022-11-21,6650.129,6707.4023
25370,2022-11-22,6673.4663,6892.1484
25371,2022-11-23,6681.5625,6729.9565
25372,2022-11-24,6669.656,6800.706
25373,2022-11-25,6624.888,6701.8877
25374,2022-11-26,6323.4146,6441.3516
25375,2022-11-27,6239.1123,6125.7915
25376,2022-11-28,6656.3213,6594.6416
25377,2022-11-29,6689.66,6595.9434
25378,2022-11-30,6690.135,6582.043
25379,2022-12-01,6678.2295,6516.2476
25380,2022-10-04,6657.9023,6504.0215
25381,2022-10-05,6657.427,6498.7183
25382,2022-10-06,6658.855,6533.431
25383,2022-10-07,6610.7437,6415.063
25384,2022-10-08,6296.3525,6169.821
25385,2022-10-09,6149.162,6043.838
25386,2022-10-10,6607.4077,6473.5625
25387,2022-10-11,6643.135,6594.278
25388,2022-10-12,6665.5244,6488.9277
25389,2022-10-13,6657.426,6625.597
25390,2022-10-14,6617.4126,6649.6763
25391,2022-10-15,6276.3477,6342.8145
25392,2022-10-16,6133.9214,6093.174
25393,2022-10-17,6572.634,6593.1313
25394,2022-10-18,6609.314,6667.147
25395,2022-10-19,6617.4106,6748.9507
25396,2022-10-20,6598.3594,6827.74
25397,2022-10-21,6571.683,6615.3354
25398,2022-10-22,6243.48,6184.5835
25399,2022-10-23,6109.6265,5907.6646
25400,2022-10-24,6556.438,6002.525
25401,2022-10-25,6604.0757,6489.485
25402,2022-10-26,6617.412,6444.6543
25403,2022-10-27,6613.1255,6531.5986
25404,2022-10-28,6552.6274,6609.753
25405,2022-10-29,6254.911,6262.985
25406,2022-10-30,6136.777,6117.405
25407,2022-10-31,6584.0664,6540.742
25408,2022-11-01,6609.792,6571.828
25409,2022-11-02,6623.6035,6617.0713
25410,2022-11-03,6625.5093,6581.3594
25411,2022-11-04,6572.635,6627.7446
25412,2022-11-05,6264.438,6096.711
25413,2022-11-06,6125.3467,5948.134
25414,2022-11-07,6552.1533,6454.57
25415,2022-11-08,6610.7427,6529.7163
25416,2022-11-09,6613.5996,6520.0156
25417,2022-11-10,6615.5063,6521.867
25418,2022-11-11,6587.4004,6541.366
25419,2022-11-12,6289.2104,6196.548
25420,2022-11-13,6156.3066,6011.5566
25421,2022-11-14,6602.168,6542.3687
25422,2022-11-15,6657.4243,6616.1646
25423,2022-11-16,6655.0425,6667.4526
25424,2022-11-17,6639.801,6627.141
25425,2022-11-18,6586.449,6704.058
25426,2022-11-19,6286.8276,6219.927
25427,2022-11-20,6167.264,6089.8613
25428,2022-11-21,6587.879,6707.4023
25429,2022-11-22,6634.084,6892.1484
25430,2022-11-23,6651.71,6729.9565
25431,2022-11-24,6654.5654,6800.706
25432,2022-11-25,6592.641,6701.8877
25433,2022-11-26,6298.259,6441.3516
25434,2022-11-27,6185.3633,6125.7915
25435,2022-11-28,6568.826,6594.6416
25436,2022-11-29,6638.3706,6595.9434
25437,2022-11-30,6651.709,6582.043
25438,2022-12-01,6627.8926,6516.2476
25439,2022-12-02,6565.4873,6423.5996
25440,2022-10-05,6584.763,6498.7183
25441,2022-10-06,6592.86,6533.431
25442,2022-10-07,6568.5674,6415.063
25443,2022-10-08,6270.388,6169.821
25444,2022-10-09,6134.1567,6043.838
25445,2022-10-10,6605.244,6473.5625
25446,2022-10-11,6624.2983,6594.278
25447,2022-10-12,6635.255,6488.9277
25448,2022-10-13,6645.2573,6625.597
25449,2022-10-14,6620.4893,6649.6763
25450,2022-10-15,6300.3965,6342.8145
25451,2022-10-16,6149.875,6093.174
25452,2022-10-17,6618.107,6593.1313
25453,2022-10-18,6650.9746,6667.147
25454,2022-10-19,6658.594,6748.9507
25455,2022-10-20,6655.261,6827.74
25456,2022-10-21,6617.632,6615.3354
25457,2022-10-22,6302.3013,6184.5835
25458,2022-10-23,6160.832,5907.6646
25459,2022-10-24,6607.629,6002.525
25460,2022-10-25,6642.877,6489.485
25461,2022-10-26,6647.6406,6444.6543
25462,2022-10-27,6648.1157,6531.5986
25463,2022-10-28,6608.582,6609.753
25464,2022-10-29,6282.774,6262.985
25465,2022-10-30,6165.595,6117.405
25466,2022-10-31,6609.533,6540.742
25467,2022-11-01,6641.922,6571.828
25468,2022-11-02,6646.212,6617.0713
25469,2022-11-03,6647.162,6581.3594
25470,2022-11-04,6599.53,6627.7446
25471,2022-11-05,6274.198,6096.711
25472,2022-11-06,6142.255,5948.134
25473,2022-11-07,6596.197,6454.57
25474,2022-11-08,6654.3086,6529.7163
25475,2022-11-09,6650.02,6520.0156
25476,2022-11-10,6630.0176,6521.867
25477,2022-11-11,6589.0537,6541.366
25478,2022-11-12,6285.63,6196.548
25479,2022-11-13,6151.3066,6011.5566
25480,2022-11-14,6615.727,6542.3687
25481,2022-11-15,6670.0273,6616.1646
25482,2022-11-16,6662.406,6667.4526
25483,2022-11-17,6645.2573,6627.141
25484,2022-11-18,6599.055,6704.058
25485,2022-11-19,6294.2046,6219.927
25486,2022-11-20,6193.221,6089.8613
25487,2022-11-21,6620.0137,6707.4023
25488,2022-11-22,6659.5474,6892.1484
25489,2022-11-23,6660.025,6729.9565
25490,2022-11-24,6640.0195,6800.706
25491,2022-11-25,6583.812,6701.8877
25492,2022-11-26,6291.822,6441.3516
25493,2022-11-27,6191.794,6125.7915
25494,2022-11-28,6627.159,6594.6416
25495,2022-11-29,6668.121,6595.9434
25496,2022-11-30,6675.7427,6582.043
25497,2022-12-01,6666.216,6516.2476
25498,2022-12-02,6603.341,6423.5996
25499,2022-12-03,6293.2515,6112.821
25500,2022-10-06,6537.0317,6533.431
25501,2022-10-07,6552.748,6415.063
25502,2022-10-08,6247.4517,6169.821
25503,2022-10-09,6094.0854,6043.838
25504,2022-10-10,6579.419,6473.5625
25505,2022-10-11,6610.3774,6594.278
25506,2022-10-12,6620.379,6488.9277
25507,2022-10-13,6617.5215,6625.597
25508,2022-10-14,6598.4707,6649.6763
25509,2022-10-15,6277.459,6342.8145
25510,2022-10-16,6140.76,6093.174
25511,2022-10-17,6566.56,6593.1313
25512,2022-10-18,6609.425,6667.147
25513,2022-10-19,6641.811,6748.9507
25514,2022-10-20,6641.3354,6827.74
25515,2022-10-21,6596.0894,6615.3354
25516,2022-10-22,6284.6025,6184.5835
25517,2022-10-23,6173.1475,5907.6646
25518,2022-10-24,6600.852,6002.525
25519,2022-10-25,6619.427,6489.485
25520,2022-10-26,6615.142,6444.6543
25521,2022-10-27,6615.142,6531.5986
25522,2022-10-28,6583.2314,6609.753
25523,2022-10-29,6273.17,6262.985
25524,2022-10-30,6168.8633,6117.405
25525,2022-10-31,6596.089,6540.742
25526,2022-11-01,6628.476,6571.828
25527,2022-11-02,6641.813,6617.0713
25528,2022-11-03,6635.145,6581.3594
25529,2022-11-04,6574.6577,6627.7446
25530,2022-11-05,6267.931,6096.711
25531,2022-11-06,6145.049,5948.134
25532,2022-11-07,6572.2764,6454.57
25533,2022-11-08,6625.1436,6529.7163
25534,2022-11-09,6649.433,6520.0156
25535,2022-11-10,6635.6206,6521.867
25536,2022-11-11,6585.6113,6541.366
25537,2022-11-12,6266.978,6196.548
25538,2022-11-13,6154.098,6011.5566
25539,2022-11-14,6594.661,6542.3687
25540,2022-11-15,6654.197,6616.1646
25541,2022-11-16,6677.0596,6667.4526
25542,2022-11-17,6652.2925,6627.141
25543,2022-11-18,6589.8975,6704.058
25544,2022-11-19,6291.27,6219.927
25545,2022-11-20,6184.1045,6089.8613
25546,2022-11-21,6602.7573,6707.4023
25547,2022-11-22,6657.53,6892.1484
25548,2022-11-23,6667.055,6729.9565
25549,2022-11-24,6675.63,6800.706
25550,2022-11-25,6597.5205,6701.8877
25551,2022-11-26,6309.8477,6441.3516
25552,2022-11-27,6206.965,6125.7915
25553,2022-11-28,6638.957,6594.6416
25554,2022-11-29,6698.493,6595.9434
25555,2022-11-30,6710.398,6582.043
25556,2022-12-01,6705.16,6516.2476
25557,2022-12-02,6643.7188,6423.5996
25558,2022-12-03,6334.6113,6112.821
25559,2022-12-04,6233.6367,6017.0815
25560,2022-10-07,6540.569,6415.063
25561,2022-10-08,6246.233,6169.821
25562,2022-10-09,6125.739,6043.838
25563,2022-10-10,6580.575,6473.5625
25564,2022-10-11,6610.5806,6594.278
25565,2022-10-12,6628.2026,6488.9277
25566,2022-10-13,6635.822,6625.597
25567,2022-10-14,6608.6743,6649.6763
25568,2022-10-15,6300.05,6342.8145
25569,2022-10-16,6138.5977,6093.174
25570,2022-10-17,6585.814,6593.1313
25571,2022-10-18,6615.342,6667.147
25572,2022-10-19,6614.866,6748.9507
25573,2022-10-20,6601.53,6827.74
25574,2022-10-21,6578.1934,6615.3354
25575,2022-10-22,6281.9536,6184.5835
25576,2022-10-23,6144.79,5907.6646
25577,2022-10-24,6591.0527,6002.525
25578,2022-10-25,6630.583,6489.485
25579,2022-10-26,6626.2964,6444.6543
25580,2022-10-27,6622.486,6531.5986
25581,2022-10-28,6602.4824,6609.753
25582,2022-10-29,6299.0986,6262.985
25583,2022-10-30,6141.9326,6117.405
25584,2022-10-31,6580.0986,6540.742
25585,2022-11-01,6622.9624,6571.828
25586,2022-11-02,6605.341,6617.0713
25587,2022-11-03,6610.1025,6581.3594
25588,2022-11-04,6583.4326,6627.7446
25589,2022-11-05,6271.953,6096.711
25590,2022-11-06,6137.1694,5948.134
25591,2022-11-07,6561.5244,6454.57
25592,2022-11-08,6627.2495,6529.7163
25593,2022-11-09,6642.0137,6520.0156
25594,2022-11-10,6620.1055,6521.867
25595,2022-11-11,6552.951,6541.366
25596,2022-11-12,6267.665,6196.548
25597,2022-11-13,6146.6943,6011.5566
25598,2022-11-14,6565.3364,6542.3687
25599,2022-11-15,6619.1533,6616.1646
25600,2022-11-16,6638.6807,6667.4526
25601,2022-11-17,6619.628,6627.141
25602,2022-11-18,6579.1455,6704.058
25603,2022-11-19,6282.9062,6219.927
25604,2022-11-20,6162.8877,6089.8613
25605,2022-11-21,6582.956,6707.4023
25606,2022-11-22,6619.1523,6892.1484
25607,2022-11-23,6633.44,6729.9565
25608,2022-11-24,6608.6763,6800.706
25609,2022-11-25,6546.7593,6701.8877
25610,2022-11-26,6284.811,6441.3516
25611,2022-11-27,6177.6523,6125.7915
25612,2022-11-28,6578.67,6594.6416
25613,2022-11-29,6611.5327,6595.9434
25614,2022-11-30,6631.5356,6582.043
25615,2022-12-01,6628.203,6516.2476
25616,2022-12-02,6566.7637,6423.5996
25617,2022-12-03,6296.7188,6112.821
25618,2022-12-04,6209.087,6017.0815
25619,2022-12-05,6589.6255,6495.0215
25620,2022-10-08,6145.1475,6169.821
25621,2022-10-09,6068.466,6043.838
25622,2022-10-10,6555.7183,6473.5625
25623,2022-10-11,6568.578,6594.278
25624,2022-10-12,6591.4404,6488.9277
25625,2022-10-13,6593.3457,6625.597
25626,2022-10-14,6578.5796,6649.6763
25627,2022-10-15,6249.458,6342.8145
25628,2022-10-16,6112.7593,6093.174
25629,2022-10-17,6563.8145,6593.1313
25630,2022-10-18,6600.013,6667.147
25631,2022-10-19,6616.206,6748.9507
25632,2022-10-20,6591.438,6827.74
25633,2022-10-21,6563.813,6615.3354
25634,2022-10-22,6262.3184,6184.5835
25635,2022-10-23,6138.003,5907.6646
25636,2022-10-24,6586.6763,6002.525
25637,2022-10-25,6620.0176,6489.485
25638,2022-10-26,6621.445,6444.6543
25639,2022-10-27,6606.2046,6531.5986
25640,2022-10-28,6575.7207,6609.753
25641,2022-10-29,6265.6523,6262.985
25642,2022-10-30,6143.2437,6117.405
25643,2022-10-31,6599.534,6540.742
25644,2022-11-01,6632.8755,6571.828
25645,2022-11-02,6644.7817,6617.0713
25646,2022-11-03,6637.6387,6581.3594
25647,2022-11-04,6582.865,6627.7446
25648,2022-11-05,6268.5093,6096.711
25649,2022-11-06,6139.4346,5948.134
25650,2022-11-07,6582.3887,6454.57
25651,2022-11-08,6612.395,6529.7163
25652,2022-11-09,6640.973,6520.0156
25653,2022-11-10,6620.969,6521.867
25654,2022-11-11,6581.911,6541.366
25655,2022-11-12,6259.9346,6196.548
25656,2022-11-13,6147.053,6011.5566
25657,2022-11-14,6602.87,6542.3687
25658,2022-11-15,6636.2104,6616.1646
25659,2022-11-16,6639.069,6667.4526
25660,2022-11-17,6624.7793,6627.141
25661,2022-11-18,6555.7173,6704.058
25662,2022-11-19,6250.8877,6219.927
25663,2022-11-20,6139.4326,6089.8613
25664,2022-11-21,6591.4375,6707.4023
25665,2022-11-22,6633.3535,6892.1484
25666,2022-11-23,6627.636,6729.9565
25667,2022-11-24,6635.2573,6800.706
25668,2022-11-25,6582.865,6701.8877
25669,2022-11-26,6245.6475,6441.3516
25670,2022-11-27,6150.8643,6125.7915
25671,2022-11-28,6610.4907,6594.6416
25672,2022-11-29,6643.831,6595.9434
25673,2022-11-30,6664.311,6582.043
25674,2022-12-01,6648.5933,6516.2476
25675,2022-12-02,6579.0537,6423.5996
25676,2022-12-03,6267.0806,6112.821
25677,2022-12-04,6152.2925,6017.0815
25678,2022-12-05,6604.2974,6495.0215
25679,2022-12-06,6650.4985,6500.2812
25680,2022-10-09,6049.9844,6043.838
25681,2022-10-10,6544.788,6473.5625
25682,2022-10-11,6565.266,6594.278
25683,2022-10-12,6577.1724,6488.9277
25684,2022-10-13,6571.9326,6625.597
25685,2022-10-14,6543.8354,6649.6763
25686,2022-10-15,6250.4736,6342.8145
25687,2022-10-16,6107.129,6093.174
25688,2022-10-17,6545.264,6593.1313
25689,2022-10-18,6560.98,6667.147
25690,2022-10-19,6574.313,6748.9507
25691,2022-10-20,6567.1704,6827.74
25692,2022-10-21,6543.835,6615.3354
25693,2022-10-22,6256.188,6184.5835
25694,2022-10-23,6139.989,5907.6646
25695,2022-10-24,6572.886,6002.525
25696,2022-10-25,6595.2686,6489.485
25697,2022-10-26,6597.6494,6444.6543
25698,2022-10-27,6588.1245,6531.5986
25699,2022-10-28,6552.884,6609.753
25700,2022-10-29,6255.713,6262.985
25701,2022-10-30,6145.228,6117.405
25702,2022-10-31,6573.362,6540.742
25703,2022-11-01,6610.984,6571.828
25704,2022-11-02,6632.415,6617.0713
25705,2022-11-03,6642.4146,6581.3594
25706,2022-11-04,6600.5063,6627.7446
25707,2022-11-05,6301.429,6096.711
25708,2022-11-06,6178.562,5948.134
25709,2022-11-07,6589.0776,6454.57
25710,2022-11-08,6630.5083,6529.7163
25711,2022-11-09,6621.46,6520.0156
25712,2022-11-10,6624.317,6521.867
25713,2022-11-11,6582.885,6541.366
25714,2022-11-12,6282.3813,6196.548
25715,2022-11-13,6169.041,6011.5566
25716,2022-11-14,6584.3154,6542.3687
25717,2022-11-15,6629.081,6616.1646
25718,2022-11-16,6635.2715,6667.4526
25719,2022-11-17,6626.223,6627.141
25720,2022-11-18,6595.7437,6704.058
25721,2022-11-19,6269.0474,6219.927
25722,2022-11-20,6181.4214,6089.8613
25723,2022-11-21,6598.602,6707.4023
25724,2022-11-22,6636.7007,6892.1484
25725,2022-11-23,6628.1274,6729.9565
25726,2022-11-24,6631.938,6800.706
25727,2022-11-25,6598.601,6701.8877
25728,2022-11-26,6286.1914,6441.3516
25729,2022-11-27,6184.756,6125.7915
25730,2022-11-28,6600.5063,6594.6416
25731,2022-11-29,6638.6035,6595.9434
25732,2022-11-30,6646.2246,6582.043
25733,2022-12-01,6648.6045,6516.2476
25734,2022-12-02,6586.2173,6423.5996
25735,2022-12-03,6284.7637,6112.821
25736,2022-12-04,6185.2314,6017.0815
25737,2022-12-05,6597.1724,6495.0215
25738,2022-12-06,6659.0806,6500.2812
25739,2022-12-07,6652.89,6567.2314
25740,2022-10-10,6490.6694,6473.5625
25741,2022-10-11,6529.719,6594.278
25742,2022-10-12,6546.8623,6488.9277
25743,2022-10-13,6543.053,6625.597
25744,2022-10-14,6501.1475,6649.6763
25745,2022-10-15,6225.905,6342.8145
25746,2022-10-16,6095.9014,6093.174
25747,2022-10-17,6522.576,6593.1313
25748,2022-10-18,6558.292,6667.147
25749,2022-10-19,6569.246,6748.9507
25750,2022-10-20,6565.911,6827.74
25751,2022-10-21,6532.102,6615.3354
25752,2022-10-22,6250.667,6184.5835
25753,2022-10-23,6133.9976,5907.6646
25754,2022-10-24,6578.77,6002.525
25755,2022-10-25,6598.7705,6489.485
25756,2022-10-26,6602.58,6444.6543
25757,2022-10-27,6597.819,6531.5986
25758,2022-10-28,6537.3423,6609.753
25759,2022-10-29,6231.618,6262.985
25760,2022-10-30,6139.7124,6117.405
25761,2022-10-31,6590.199,6540.742
25762,2022-11-01,6606.39,6571.828
25763,2022-11-02,6600.199,6617.0713
25764,2022-11-03,6595.438,6581.3594
25765,2022-11-04,6535.436,6627.7446
25766,2022-11-05,6231.6167,6096.711
25767,2022-11-06,6162.5693,5948.134
25768,2022-11-07,6581.6265,6454.57
25769,2022-11-08,6625.438,6529.7163
25770,2022-11-09,6619.7236,6520.0156
25771,2022-11-10,6614.9614,6521.867
25772,2022-11-11,6556.865,6541.366
25773,2022-11-12,6251.142,6196.548
25774,2022-11-13,6173.998,6011.5566
25775,2022-11-14,6590.6743,6542.3687
25776,2022-11-15,6622.58,6616.1646
25777,2022-11-16,6617.342,6667.4526
25778,2022-11-17,6605.4375,6627.141
25779,2022-11-18,6559.2437,6704.058
25780,2022-11-19,6263.5244,6219.927
25781,2022-11-20,6181.141,6089.8613
25782,2022-11-21,6609.7236,6707.4023
25783,2022-11-22,6636.3906,6892.1484
25784,2022-11-23,6644.9624,6729.9565
25785,2022-11-24,6623.5337,6800.706
25786,2022-11-25,6563.53,6701.8877
25787,2022-11-26,6264.9526,6441.3516
25788,2022-11-27,6218.2856,6125.7915
25789,2022-11-28,6640.2,6594.6416
25790,2022-11-29,6656.392,6595.9434
25791,2022-11-30,6657.3457,6582.043
25792,2022-12-01,6630.201,6516.2476
25793,2022-12-02,6575.4355,6423.5996
25794,2022-12-03,6266.8564,6112.821
25795,2022-12-04,6218.286,6017.0815
25796,2022-12-05,6616.3906,6495.0215
25797,2022-12-06,6645.9136,6500.2812
25798,2022-12-07,6650.6777,6567.2314
25799,2022-12-08,6630.2017,6547.2847
25800,2022-10-11,6568.05,6594.278
25801,2022-10-12,6575.194,6488.9277
25802,2022-10-13,6575.194,6625.597
25803,2022-10-14,6559.477,6649.6763
25804,2022-10-15,6238.9595,6342.8145
25805,2022-10-16,6088.464,6093.174
25806,2022-10-17,6535.189,6593.1313
25807,2022-10-18,6574.717,6667.147
25808,2022-10-19,6600.911,6748.9507
25809,2022-10-20,6607.1025,6827.74
25810,2022-10-21,6586.147,6615.3354
25811,2022-10-22,6261.3433,6184.5835
25812,2022-10-23,6129.8975,5907.6646
25813,2022-10-24,6589.9575,6002.525
25814,2022-10-25,6616.628,6489.485
25815,2022-10-26,6625.2007,6444.6543
25816,2022-10-27,6612.8184,6531.5986
25817,2022-10-28,6576.147,6609.753
25818,2022-10-29,6254.676,6262.985
25819,2022-10-30,6126.564,6117.405
25820,2022-10-31,6581.385,6540.742
25821,2022-11-01,6620.4375,6571.828
25822,2022-11-02,6630.439,6617.0713
25823,2022-11-03,6627.581,6581.3594
25824,2022-11-04,6587.1,6627.7446
25825,2022-11-05,6270.868,6096.711
25826,2022-11-06,6148.948,5948.134
25827,2022-11-07,6599.4824,6454.57
25828,2022-11-08,6639.011,6529.7163
25829,2022-11-09,6645.203,6520.0156
25830,2022-11-10,6660.4424,6521.867
25831,2022-11-11,6605.1973,6541.366
25832,2022-11-12,6293.728,6196.548
25833,2022-11-13,6165.14,6011.5566
25834,2022-11-14,6593.768,6542.3687
25835,2022-11-15,6638.5356,6616.1646
25836,2022-11-16,6642.822,6667.4526
25837,2022-11-17,6639.4873,6627.141
25838,2022-11-18,6604.245,6704.058
25839,2022-11-19,6271.3438,6219.927
25840,2022-11-20,6155.1387,6089.8613
25841,2022-11-21,6600.435,6707.4023
25842,2022-11-22,6625.2007,6892.1484
25843,2022-11-23,6635.2017,6729.9565
25844,2022-11-24,6634.2495,6800.706
25845,2022-11-25,6588.5293,6701.8877
25846,2022-11-26,6254.1987,6441.3516
25847,2022-11-27,6153.234,6125.7915
25848,2022-11-28,6603.768,6594.6416
25849,2022-11-29,6649.0117,6595.9434
25850,2022-11-30,6654.2505,6582.043
25851,2022-12-01,6652.823,6516.2476
25852,2022-12-02,6584.7183,6423.5996
25853,2022-12-03,6269.9155,6112.821
25854,2022-12-04,6173.236,6017.0815
25855,2022-12-05,6613.77,6495.0215
25856,2022-12-06,6669.9683,6500.2812
25857,2022-12-07,6683.304,6567.2314
25858,2022-12-08,6682.8276,6547.2847
25859,2022-12-09,6619.962,6409.413
25860,2022-10-12,6601.385,6488.9277
25861,2022-10-13,6589.0024,6625.597
25862,2022-10-14,6578.0493,6649.6763
25863,2022-10-15,6282.297,6342.8145
25864,2022-10-16,6134.658,6093.174
25865,2022-10-17,6558.5225,6593.1313
25866,2022-10-18,6586.621,6667.147
25867,2022-10-19,6600.9087,6748.9507
25868,2022-10-20,6606.6245,6827.74
25869,2022-10-21,6580.9067,6615.3354
25870,2022-10-22,6293.2505,6184.5835
25871,2022-10-23,6153.232,5907.6646
25872,2022-10-24,6571.3813,6002.525
25873,2022-10-25,6626.6274,6489.485
25874,2022-10-26,6624.246,6444.6543
25875,2022-10-27,6616.15,6531.5986
25876,2022-10-28,6589.003,6609.753
25877,2022-10-29,6310.3965,6262.985
25878,2022-10-30,6168.9487,6117.405
25879,2022-10-31,6581.384,6540.742
25880,2022-11-01,6626.1514,6571.828
25881,2022-11-02,6634.7246,6617.0713
25882,2022-11-03,6638.5337,6581.3594
25883,2022-11-04,6600.91,6627.7446
25884,2022-11-05,6310.8726,6096.711
25885,2022-11-06,6167.5186,5948.134
25886,2022-11-07,6580.4307,6454.57
25887,2022-11-08,6633.2954,6529.7163
25888,2022-11-09,6643.297,6520.0156
25889,2022-11-10,6639.487,6521.867
25890,2022-11-11,6578.5264,6541.366
25891,2022-11-12,6302.3,6196.548
25892,2022-11-13,6174.663,6011.5566
25893,2022-11-14,6568.5244,6542.3687
25894,2022-11-15,6645.2017,6616.1646
25895,2022-11-16,6653.2983,6667.4526
25896,2022-11-17,6650.44,6627.141
25897,2022-11-18,6603.7676,6704.058
25898,2022-11-19,6302.7764,6219.927
25899,2022-11-20,6179.902,6089.8613
25900,2022-11-21,6592.813,6707.4023
25901,2022-11-22,6680.444,6892.1484
25902,2022-11-23,6687.1113,6729.9565
25903,2022-11-24,6679.0156,6800.706
25904,2022-11-25,6631.39,6701.8877
25905,2022-11-26,6332.78,6441.3516
25906,2022-11-27,6203.2393,6125.7915
25907,2022-11-28,6610.435,6594.6416
25908,2022-11-29,6674.7295,6595.9434
25909,2022-11-30,6671.871,6582.043
25910,2022-12-01,6663.2993,6516.2476
25911,2022-12-02,6611.3877,6423.5996
25912,2022-12-03,6301.823,6112.821
25913,2022-12-04,6192.7593,6017.0815
25914,2022-12-05,6600.909,6495.0215
25915,2022-12-06,6660.442,6500.2812
25916,2022-12-07,6662.823,6567.2314
25917,2022-12-08,6652.345,6547.2847
25918,2022-12-09,6605.1963,6409.413
25919,2022-12-10,6309.4434,6079.926
25920,2022-10-13,6485.3867,6625.597
25921,2022-10-14,6494.911,6649.6763
25922,2022-10-15,6256.299,6342.8145
25923,2022-10-16,6097.2236,6093.174
25924,2022-10-17,6502.0566,6593.1313
25925,2022-10-18,6576.355,6667.147
25926,2022-10-19,6580.1646,6748.9507
25927,2022-10-20,6573.4976,6827.74
25928,2022-10-21,6533.967,6615.3354
25929,2022-10-22,6263.444,6184.5835
25930,2022-10-23,6121.99,5907.6646
25931,2022-10-24,6525.869,6002.525
25932,2022-10-25,6585.881,6489.485
25933,2022-10-26,6602.551,6444.6543
25934,2022-10-27,6596.3594,6531.5986
25935,2022-10-28,6554.924,6609.753
25936,2022-10-29,6275.8267,6262.985
25937,2022-10-30,6145.3276,6117.405
25938,2022-10-31,6563.018,6540.742
25939,2022-11-01,6611.5986,6571.828
25940,2022-11-02,6619.219,6617.0713
25941,2022-11-03,6612.075,6581.3594
25942,2022-11-04,6580.1646,6627.7446
25943,2022-11-05,6294.4004,6096.711
25944,2022-11-06,6146.7563,5948.134
25945,2022-11-07,6548.255,6454.57
25946,2022-11-08,6612.075,6529.7163
25947,2022-11-09,6633.985,6520.0156
25948,2022-11-10,6616.3633,6521.867
25949,2022-11-11,6554.9233,6541.366
25950,2022-11-12,6272.9683,6196.548
25951,2022-11-13,6171.5215,6011.5566
25952,2022-11-14,6560.162,6542.3687
25953,2022-11-15,6619.2207,6616.1646
25954,2022-11-16,6639.2246,6667.4526
25955,2022-11-17,6639.699,6627.141
25956,2022-11-18,6577.783,6704.058
25957,2022-11-19,6278.6826,6219.927
25958,2022-11-20,6179.6177,6089.8613
25959,2022-11-21,6567.306,6707.4023
25960,2022-11-22,6614.457,6892.1484
25961,2022-11-23,6618.267,6729.9565
25962,2022-11-24,6623.507,6800.706
25963,2022-11-25,6566.83,6701.8877
25964,2022-11-26,6294.4014,6441.3516
25965,2022-11-27,6187.717,6125.7915
25966,2022-11-28,6574.926,6594.6416
25967,2022-11-29,6631.1265,6595.9434
25968,2022-11-30,6645.8906,6582.043
25969,2022-12-01,6653.5107,6516.2476
25970,2022-12-02,6598.7393,6423.5996
25971,2022-12-03,6311.072,6112.821
25972,2022-12-04,6196.764,6017.0815
25973,2022-12-05,6588.2617,6495.0215
25974,2022-12-06,6649.7007,6500.2812
25975,2022-12-07,6659.225,6567.2314
25976,2022-12-08,6636.366,6547.2847
25977,2022-12-09,6590.6436,6409.413
25978,2022-12-10,6307.2593,6079.926
25979,2022-12-11,6175.8076,5893.915
25980,2022-10-14,6601.5645,6649.6763
25981,2022-10-15,6299.1064,6342.8145
25982,2022-10-16,6120.4976,6093.174
25983,2022-10-17,6555.3623,6593.1313
25984,2022-10-18,6603.4707,6667.147
25985,2022-10-19,6607.28,6748.9507
25986,2022-10-20,6597.754,6827.74
25987,2022-10-21,6574.415,6615.3354
25988,2022-10-22,6282.438,6184.5835
25989,2022-10-23,6140.978,5907.6646
25990,2022-10-24,6563.937,6002.525
25991,2022-10-25,6592.04,6489.485
25992,2022-10-26,6601.089,6444.6543
25993,2022-10-27,6609.1846,6531.5986
25994,2022-10-28,6572.51,6609.753
25995,2022-10-29,6262.4336,6262.985
25996,2022-10-30,6130.976,6117.405
25997,2022-10-31,6564.4126,6540.742
25998,2022-11-01,6609.662,6571.828
25999,2022-11-02,6608.7095,6617.0713
26000,2022-11-03,6615.377,6581.3594
26001,2022-11-04,6576.3193,6627.7446
26002,2022-11-05,6275.293,6096.711
26003,2022-11-06,6142.4067,5948.134
26004,2022-11-07,6566.32,6454.57
26005,2022-11-08,6612.044,6529.7163
26006,2022-11-09,6622.522,6520.0156
26007,2022-11-10,6618.7104,6521.867
26008,2022-11-11,6571.5566,6541.366
26009,2022-11-12,6270.053,6196.548
26010,2022-11-13,6147.1704,6011.5566
26011,2022-11-14,6562.0312,6542.3687
26012,2022-11-15,6617.281,6616.1646
26013,2022-11-16,6609.1846,6667.4526
26014,2022-11-17,6599.1816,6627.141
26015,2022-11-18,6555.361,6704.058
26016,2022-11-19,6253.86,6219.927
26017,2022-11-20,6137.6436,6089.8613
26018,2022-11-21,6562.5073,6707.4023
26019,2022-11-22,6588.705,6892.1484
26020,2022-11-23,6598.7056,6729.9565
26021,2022-11-24,6611.0874,6800.706
26022,2022-11-25,6556.79,6701.8877
26023,2022-11-26,6235.7607,6441.3516
26024,2022-11-27,6132.882,6125.7915
26025,2022-11-28,6550.123,6594.6416
26026,2022-11-29,6589.6562,6595.9434
26027,2022-11-30,6590.611,6582.043
26028,2022-12-01,6580.1313,6516.2476
26029,2022-12-02,6538.694,6423.5996
26030,2022-12-03,6236.2373,6112.821
26031,2022-12-04,6138.5967,6017.0815
26032,2022-12-05,6540.596,6495.0215
26033,2022-12-06,6583.465,6500.2812
26034,2022-12-07,6597.754,6567.2314
26035,2022-12-08,6605.3745,6547.2847
26036,2022-12-09,6539.6436,6409.413
26037,2022-12-10,6251.4775,6079.926
26038,2022-12-11,6153.8374,5893.915
26039,2022-12-12,6567.2725,6329.459
26040,2022-10-15,6291.7812,6342.8145
26041,2022-10-16,6120.781,6093.174
26042,2022-10-17,6553.7573,6593.1313
26043,2022-10-18,6608.0605,6667.147
26044,2022-10-19,6629.495,6748.9507
26045,2022-10-20,6633.7827,6827.74
26046,2022-10-21,6606.155,6615.3354
26047,2022-10-22,6275.5874,6184.5835
26048,2022-10-23,6119.8286,5907.6646
26049,2022-10-24,6570.4307,6002.525
26050,2022-10-25,6608.535,6489.485
26051,2022-10-26,6617.1113,6444.6543
26052,2022-10-27,6622.3486,6531.5986
26053,2022-10-28,6596.628,6609.753
26054,2022-10-29,6262.727,6262.985
26055,2022-10-30,6127.927,6117.405
26056,2022-10-31,6578.052,6540.742
26057,2022-11-01,6618.537,6571.828
26058,2022-11-02,6620.9204,6617.0713
26059,2022-11-03,6617.5874,6581.3594
26060,2022-11-04,6599.0107,6627.7446
26061,2022-11-05,6276.061,6096.711
26062,2022-11-06,6132.213,5948.134
26063,2022-11-07,6588.054,6454.57
26064,2022-11-08,6648.0713,6529.7163
26065,2022-11-09,6658.0767,6520.0156
26066,2022-11-10,6648.5483,6521.867
26067,2022-11-11,6603.775,6541.366
26068,2022-11-12,6266.0625,6196.548
26069,2022-11-13,6117.4473,6011.5566
26070,2022-11-14,6583.767,6542.3687
26071,2022-11-15,6617.5864,6616.1646
26072,2022-11-16,6629.971,6667.4526
26073,2022-11-17,6619.493,6627.141
26074,2022-11-18,6585.6724,6704.058
26075,2022-11-19,6267.0127,6219.927
26076,2022-11-20,6143.169,6089.8613
26077,2022-11-21,6572.8145,6707.4023
26078,2022-11-22,6622.351,6892.1484
26079,2022-11-23,6627.59,6729.9565
26080,2022-11-24,6650.929,6800.706
26081,2022-11-25,6615.2036,6701.8877
26082,2022-11-26,6286.067,6441.3516
26083,2022-11-27,6151.7427,6125.7915
26084,2022-11-28,6605.679,6594.6416
26085,2022-11-29,6648.07,6595.9434
26086,2022-11-30,6654.2627,6582.043
26087,2022-12-01,6648.5493,6516.2476
26088,2022-12-02,6588.054,6423.5996
26089,2022-12-03,6264.1543,6112.821
26090,2022-12-04,6169.366,6017.0815
26091,2022-12-05,6601.8667,6495.0215
26092,2022-12-06,6634.2573,6500.2812
26093,2022-12-07,6642.3545,6567.2314
26094,2022-12-08,6639.497,6547.2847
26095,2022-12-09,6593.7695,6409.413
26096,2022-12-10,6281.78,6079.926
26097,2022-12-11,6162.698,5893.915
26098,2022-12-12,6572.335,6329.459
26099,2022-12-13,6615.68,6369.502
26100,2022-10-16,6091.9263,6093.174
26101,2022-10-17,6557.752,6593.1313
26102,2022-10-18,6603.953,6667.147
26103,2022-10-19,6623.4805,6748.9507
26104,2022-10-20,6602.0474,6827.74
26105,2022-10-21,6586.8057,6615.3354
26106,2022-10-22,6276.255,6184.5835
26107,2022-10-23,6136.698,5907.6646
26108,2022-10-24,6585.8545,6002.525
26109,2022-10-25,6630.15,6489.485
26110,2022-10-26,6639.675,6444.6543
26111,2022-10-27,6644.9146,6531.5986
26112,2022-10-28,6612.049,6609.753
26113,2022-10-29,6311.023,6262.985
26114,2022-10-30,6170.9917,6117.405
26115,2022-10-31,6633.4824,6540.742
26116,2022-11-01,6653.489,6571.828
26117,2022-11-02,6663.49,6617.0713
26118,2022-11-03,6665.3965,6581.3594
26119,2022-11-04,6637.77,6627.7446
26120,2022-11-05,6304.3564,6096.711
26121,2022-11-06,6155.273,5948.134
26122,2022-11-07,6605.8574,6454.57
26123,2022-11-08,6648.723,6529.7163
26124,2022-11-09,6638.72,6520.0156
26125,2022-11-10,6614.43,6521.867
26126,2022-11-11,6573.4688,6541.366
26127,2022-11-12,6281.493,6196.548
26128,2022-11-13,6149.081,6011.5566
26129,2022-11-14,6594.4263,6542.3687
26130,2022-11-15,6629.1963,6616.1646
26131,2022-11-16,6635.8633,6667.4526
26132,2022-11-17,6623.482,6627.141
26133,2022-11-18,6567.2773,6704.058
26134,2022-11-19,6264.3457,6219.927
26135,2022-11-20,6148.6055,6089.8613
26136,2022-11-21,6583.947,6707.4023
26137,2022-11-22,6636.3413,6892.1484
26138,2022-11-23,6640.1504,6729.9565
26139,2022-11-24,6640.6274,6800.706
26140,2022-11-25,6591.092,6701.8877
26141,2022-11-26,6274.8257,6441.3516
26142,2022-11-27,6168.61,6125.7915
26143,2022-11-28,6620.622,6594.6416
26144,2022-11-29,6661.108,6595.9434
26145,2022-11-30,6673.9683,6582.043
26146,2022-12-01,6662.537,6516.2476
26147,2022-12-02,6595.3794,6423.5996
26148,2022-12-03,6297.212,6112.821
26149,2022-12-04,6216.715,6017.0815
26150,2022-12-05,6644.9136,6495.0215
26151,2022-12-06,6660.154,6500.2812
26152,2022-12-07,6656.3438,6567.2314
26153,2022-12-08,6655.393,6547.2847
26154,2022-12-09,6602.0464,6409.413
26155,2022-12-10,6287.208,6079.926
26156,2022-12-11,6215.2876,5893.915
26157,2022-12-12,6628.243,6329.459
26158,2022-12-13,6680.159,6369.502
26159,2022-12-14,6660.156,6324.4077
26160,2022-10-17,6511.572,6593.1313
26161,2022-10-18,6569.6816,6667.147
26162,2022-10-19,6558.726,6748.9507
26163,2022-10-20,6555.395,6827.74
26164,2022-10-21,6524.433,6615.3354
26165,2022-10-22,6215.7856,6184.5835
26166,2022-10-23,6077.6587,5907.6646
26167,2022-10-24,6540.1504,6002.525
26168,2022-10-25,6585.3994,6489.485
26169,2022-10-26,6589.212,6444.6543
26170,2022-10-27,6591.592,6531.5986
26171,2022-10-28,6565.393,6609.753
26172,2022-10-29,6252.464,6262.985
26173,2022-10-30,6120.0513,6117.405
26174,2022-10-31,6544.9146,6540.742
26175,2022-11-01,6582.542,6571.828
26176,2022-11-02,6594.9263,6617.0713
26177,2022-11-03,6613.98,6581.3594
26178,2022-11-04,6579.21,6627.7446
26179,2022-11-05,6270.5625,6096.711
26180,2022-11-06,6121.956,5948.134
26181,2022-11-07,6567.2993,6454.57
26182,2022-11-08,6609.215,6529.7163
26183,2022-11-09,6645.415,6520.0156
26184,2022-11-10,6635.412,6521.867
26185,2022-11-11,6584.445,6541.366
26186,2022-11-12,6260.0845,6196.548
26187,2022-11-13,6149.1055,6011.5566
26188,2022-11-14,6566.824,6542.3687
26189,2022-11-15,6608.263,6616.1646
26190,2022-11-16,6615.882,6667.4526
26191,2022-11-17,6613.0254,6627.141
26192,2022-11-18,6548.7246,6704.058
26193,2022-11-19,6229.6006,6219.927
26194,2022-11-20,6118.1445,6089.8613
26195,2022-11-21,6553.01,6707.4023
26196,2022-11-22,6565.3955,6892.1484
26197,2022-11-23,6581.1133,6729.9565
26198,2022-11-24,6570.158,6800.706
26199,2022-11-25,6526.3394,6701.8877
26200,2022-11-26,6219.5977,6441.3516
26201,2022-11-27,6128.623,6125.7915
26202,2022-11-28,6558.2505,6594.6416
26203,2022-11-29,6601.1187,6595.9434
26204,2022-11-30,6596.357,6582.043
26205,2022-12-01,6593.973,6516.2476
26206,2022-12-02,6541.103,6423.5996
26207,2022-12-03,6238.65,6112.821
26208,2022-12-04,6153.8667,6017.0815
26209,2022-12-05,6581.114,6495.0215
26210,2022-12-06,6614.9307,6500.2812
26211,2022-12-07,6627.79,6567.2314
26212,2022-12-08,6627.3154,6547.2847
26213,2022-12-09,6582.0654,6409.413
26214,2022-12-10,6278.1836,6079.926
26215,2022-12-11,6190.0654,5893.915
26216,2022-12-12,6607.787,6329.459
26217,2022-12-13,6646.3657,6369.502
26218,2022-12-14,6636.364,6324.4077
26219,2022-12-15,6615.884,6311.111
26220,2022-10-18,6616.477,6667.147
26221,2022-10-19,6615.525,6748.9507
26222,2022-10-20,6614.0957,6827.74
26223,2022-10-21,6568.837,6615.3354
26224,2022-10-22,6256.808,6184.5835
26225,2022-10-23,6118.1807,5907.6646
26226,2022-10-24,6571.2207,6002.525
26227,2022-10-25,6604.567,6489.485
26228,2022-10-26,6623.621,6444.6543
26229,2022-10-27,6621.2417,6531.5986
26230,2022-10-28,6582.1787,6609.753
26231,2022-10-29,6285.869,6262.985
26232,2022-10-30,6142.4756,6117.405
26233,2022-10-31,6587.416,6540.742
26234,2022-11-01,6625.052,6571.828
26235,2022-11-02,6649.3477,6617.0713
26236,2022-11-03,6647.4414,6581.3594
26237,2022-11-04,6606.949,6627.7446
26238,2022-11-05,6279.675,6096.711
26239,2022-11-06,6147.7183,5948.134
26240,2022-11-07,6578.3667,6454.57
26241,2022-11-08,6626.9556,6529.7163
26242,2022-11-09,6643.63,6520.0156
26243,2022-11-10,6626.005,6521.867
26244,2022-11-11,6585.0356,6541.366
26245,2022-11-12,6273.005,6196.548
26246,2022-11-13,6132.471,6011.5566
26247,2022-11-14,6567.885,6542.3687
26248,2022-11-15,6597.4233,6616.1646
26249,2022-11-16,6590.275,6667.4526
26250,2022-11-17,6593.612,6627.141
26251,2022-11-18,6545.0176,6704.058
26252,2022-11-19,6236.324,6219.927
26253,2022-11-20,6115.801,6089.8613
26254,2022-11-21,6556.4526,6707.4023
26255,2022-11-22,6596.946,6892.1484
26256,2022-11-23,6607.4243,6729.9565
26257,2022-11-24,6623.1465,6800.706
26258,2022-11-25,6567.408,6701.8877
26259,2022-11-26,6244.4233,6441.3516
26260,2022-11-27,6148.6694,6125.7915
26261,2022-11-28,6582.177,6594.6416
26262,2022-11-29,6621.241,6595.9434
26263,2022-11-30,6619.81,6582.043
26264,2022-12-01,6621.2393,6516.2476
26265,2022-12-02,6573.127,6423.5996
26266,2022-12-03,6282.056,6112.821
26267,2022-12-04,6147.717,6017.0815
26268,2022-12-05,6573.603,6495.0215
26269,2022-12-06,6618.859,6500.2812
26270,2022-12-07,6633.628,6567.2314
26271,2022-12-08,6629.8164,6547.2847
26272,2022-12-09,6595.5156,6409.413
26273,2022-12-10,6283.962,6079.926
26274,2022-12-11,6150.5737,5893.915
26275,2022-12-12,6577.413,6329.459
26276,2022-12-13,6629.815,6369.502
26277,2022-12-14,6619.8105,6324.4077
26278,2022-12-15,6610.283,6311.111
26279,2022-12-16,6579.3193,6344.681
26280,2022-10-19,6655.4688,6748.9507
26281,2022-10-20,6645.94,6827.74
26282,2022-10-21,6618.7856,6615.3354
26283,2022-10-22,6313.4277,6184.5835
26284,2022-10-23,6162.415,5907.6646
26285,2022-10-24,6603.065,6002.525
26286,2022-10-25,6627.36,6489.485
26287,2022-10-26,6651.1816,6444.6543
26288,2022-10-27,6639.747,6531.5986
26289,2022-10-28,6609.736,6609.753
26290,2022-10-29,6286.273,6262.985
26291,2022-10-30,6155.2715,6117.405
26292,2022-10-31,6620.692,6540.742
26293,2022-11-01,6640.223,6571.828
26294,2022-11-02,6663.09,6617.0713
26295,2022-11-03,6665.9473,6581.3594
26296,2022-11-04,6610.2114,6627.7446
26297,2022-11-05,6291.991,6096.711
26298,2022-11-06,6150.5083,5948.134
26299,2022-11-07,6579.723,6454.57
26300,2022-11-08,6603.0684,6529.7163
26301,2022-11-09,6622.1206,6520.0156
26302,2022-11-10,6630.6963,6521.867
26303,2022-11-11,6584.4863,6541.366
26304,2022-11-12,6265.313,6196.548
26305,2022-11-13,6136.216,6011.5566
26306,2022-11-14,6575.436,6542.3687
26307,2022-11-15,6593.5386,6616.1646
26308,2022-11-16,6595.92,6667.4526
26309,2022-11-17,6587.8223,6627.141
26310,2022-11-18,6538.755,6704.058
26311,2022-11-19,6253.405,6219.927
26312,2022-11-20,6132.4043,6089.8613
26313,2022-11-21,6583.534,6707.4023
26314,2022-11-22,6624.5044,6892.1484
26315,2022-11-23,6628.7886,6729.9565
26316,2022-11-24,6623.5513,6800.706
26317,2022-11-25,6567.814,6701.8877
26318,2022-11-26,6258.6445,6441.3516
26319,2022-11-27,6157.6533,6125.7915
26320,2022-11-28,6594.969,6594.6416
26321,2022-11-29,6634.985,6595.9434
26322,2022-11-30,6637.842,6582.043
26323,2022-12-01,6628.315,6516.2476
26324,2022-12-02,6572.101,6423.5996
26325,2022-12-03,6276.748,6112.821
26326,2022-12-04,6166.227,6017.0815
26327,2022-12-05,6594.9673,6495.0215
26328,2022-12-06,6644.986,6500.2812
26329,2022-12-07,6645.464,6567.2314
26330,2022-12-08,6641.6533,6547.2847
26331,2022-12-09,6576.3877,6409.413
26332,2022-12-10,6282.4663,6079.926
26333,2022-12-11,6178.138,5893.915
26334,2022-12-12,6601.158,6329.459
26335,2022-12-13,6648.799,6369.502
26336,2022-12-14,6646.416,6324.4077
26337,2022-12-15,6637.841,6311.111
26338,2022-12-16,6566.8613,6344.681
26339,2022-12-17,6269.125,6104.9385
26340,2022-10-20,6719.64,6827.74
26341,2022-10-21,6677.7217,6615.3354
26342,2022-10-22,6375.7046,6184.5835
26343,2022-10-23,6166.1025,5907.6646
26344,2022-10-24,6589.118,6002.525
26345,2022-10-25,6651.0444,6489.485
26346,2022-10-26,6635.802,6444.6543
26347,2022-10-27,6646.2827,6531.5986
26348,2022-10-28,6609.1255,6609.753
26349,2022-10-29,6321.8745,6262.985
26350,2022-10-30,6159.91,6117.405
26351,2022-10-31,6574.3506,6540.742
26352,2022-11-01,6641.0405,6571.828
26353,2022-11-02,6642.47,6617.0713
26354,2022-11-03,6638.1836,6581.3594
26355,2022-11-04,6602.9326,6627.7446
26356,2022-11-05,6293.7686,6096.711
26357,2022-11-06,6148.953,5948.134
26358,2022-11-07,6544.3413,6454.57
26359,2022-11-08,6605.7905,6529.7163
26360,2022-11-09,6622.9404,6520.0156
26361,2022-11-10,6618.177,6521.867
26362,2022-11-11,6560.0586,6541.366
26363,2022-11-12,6276.1426,6196.548
26364,2022-11-13,6131.3267,6011.5566
26365,2022-11-14,6546.721,6542.3687
26366,2022-11-15,6594.357,6616.1646
26367,2022-11-16,6604.838,6667.4526
26368,2022-11-17,6594.359,6627.141
26369,2022-11-18,6551.9614,6704.058
26370,2022-11-19,6272.332,6219.927
26371,2022-11-20,6150.86,6089.8613
26372,2022-11-21,6532.9067,6707.4023
26373,2022-11-22,6594.3594,6892.1484
26374,2022-11-23,6599.5986,6729.9565
26375,2022-11-24,6604.362,6800.706
26376,2022-11-25,6550.5312,6701.8877
26377,2022-11-26,6273.285,6441.3516
26378,2022-11-27,6154.194,6125.7915
26379,2022-11-28,6534.3345,6594.6416
26380,2022-11-29,6596.7393,6595.9434
26381,2022-11-30,6614.3657,6582.043
26382,2022-12-01,6615.7944,6516.2476
26383,2022-12-02,6574.351,6423.5996
26384,2022-12-03,6287.1006,6112.821
26385,2022-12-04,6164.674,6017.0815
26386,2022-12-05,6562.4404,6495.0215
26387,2022-12-06,6618.6523,6500.2812
26388,2022-12-07,6636.279,6567.2314
26389,2022-12-08,6634.373,6547.2847
26390,2022-12-09,6574.35,6409.413
26391,2022-12-10,6276.62,6079.926
26392,2022-12-11,6163.723,5893.915
26393,2022-12-12,6569.587,6329.459
26394,2022-12-13,6619.607,6369.502
26395,2022-12-14,6635.326,6324.4077
26396,2022-12-15,6629.608,6311.111
26397,2022-12-16,6578.6377,6344.681
26398,2022-12-17,6292.3394,6104.9385
26399,2022-12-18,6184.681,5942.305
26400,2022-10-21,6759.625,6615.3354
26401,2022-10-22,6429.4575,6184.5835
26402,2022-10-23,6214.587,5907.6646
26403,2022-10-24,6623.8423,6002.525
26404,2022-10-25,6705.786,6489.485
26405,2022-10-26,6722.463,6444.6543
26406,2022-10-27,6723.8926,6531.5986
26407,2022-10-28,6683.873,6609.753
26408,2022-10-29,6374.1924,6262.985
26409,2022-10-30,6195.0537,6117.405
26410,2022-10-31,6609.0723,6540.742
26411,2022-11-01,6664.338,6571.828
26412,2022-11-02,6681.967,6617.0713
26413,2022-11-03,6686.255,6581.3594
26414,2022-11-04,6652.9043,6627.7446
26415,2022-11-05,6345.13,6096.711
26416,2022-11-06,6177.904,5948.134
26417,2022-11-07,6583.348,6454.57
26418,2022-11-08,6682.4443,6529.7163
26419,2022-11-09,6690.542,6520.0156
26420,2022-11-10,6688.161,6521.867
26421,2022-11-11,6657.1914,6541.366
26422,2022-11-12,6352.2764,6196.548
26423,2022-11-13,6197.436,6011.5566
26424,2022-11-14,6585.726,6542.3687
26425,2022-11-15,6680.061,6616.1646
26426,2022-11-16,6691.497,6667.4526
26427,2022-11-17,6705.311,6627.141
26428,2022-11-18,6666.245,6704.058
26429,2022-11-19,6355.611,6219.927
26430,2022-11-20,6207.916,6089.8613
26431,2022-11-21,6605.261,6707.4023
26432,2022-11-22,6671.962,6892.1484
26433,2022-11-23,6685.302,6729.9565
26434,2022-11-24,6686.7295,6800.706
26435,2022-11-25,6648.6177,6701.8877
26436,2022-11-26,6348.464,6441.3516
26437,2022-11-27,6226.498,6125.7915
26438,2022-11-28,6613.8354,6594.6416
26439,2022-11-29,6687.2075,6595.9434
26440,2022-11-30,6696.26,6582.043
26441,2022-12-01,6714.842,6516.2476
26442,2022-12-02,6665.7676,6423.5996
26443,2022-12-03,6357.993,6112.821
26444,2022-12-04,6223.638,6017.0815
26445,2022-12-05,6615.741,6495.0215
26446,2022-12-06,6692.448,6500.2812
26447,2022-12-07,6684.825,6567.2314
26448,2022-12-08,6681.9673,6547.2847
26449,2022-12-09,6634.7993,6409.413
26450,2022-12-10,6366.5693,6079.926
26451,2022-12-11,6251.272,5893.915
26452,2022-12-12,6623.3667,6329.459
26453,2022-12-13,6714.8413,6369.502
26454,2022-12-14,6706.2656,6324.4077
26455,2022-12-15,6705.3125,6311.111
26456,2022-12-16,6646.2344,6344.681
26457,2022-12-17,6359.9,6104.9385
26458,2022-12-18,6243.6504,5942.305
26459,2022-12-19,6625.27,6349.409
26460,2022-10-22,6300.6387,6184.5835
26461,2022-10-23,6144.8506,5907.6646
26462,2022-10-24,6592.209,6002.525
26463,2022-10-25,6635.0874,6489.485
26464,2022-10-26,6636.514,6444.6543
26465,2022-10-27,6642.7075,6531.5986
26466,2022-10-28,6584.109,6609.753
26467,2022-10-29,6268.72,6262.985
26468,2022-10-30,6118.172,6117.405
26469,2022-10-31,6577.916,6540.742
26470,2022-11-01,6625.0825,6571.828
26471,2022-11-02,6636.515,6617.0713
26472,2022-11-03,6629.8457,6581.3594
26473,2022-11-04,6592.2095,6627.7446
26474,2022-11-05,6271.1006,6096.711
26475,2022-11-06,6128.177,5948.134
26476,2022-11-07,6585.063,6454.57
26477,2022-11-08,6623.1763,6529.7163
26478,2022-11-09,6615.5513,6520.0156
26479,2022-11-10,6618.8867,6521.867
26480,2022-11-11,6566.006,6541.366
26481,2022-11-12,6255.38,6196.548
26482,2022-11-13,6140.088,6011.5566
26483,2022-11-14,6588.8726,6542.3687
26484,2022-11-15,6628.417,6616.1646
26485,2022-11-16,6652.714,6667.4526
26486,2022-11-17,6633.6577,6627.141
26487,2022-11-18,6583.6323,6704.058
26488,2022-11-19,6252.5205,6219.927
26489,2022-11-20,6133.8936,6089.8613
26490,2022-11-21,6587.4434,6707.4023
26491,2022-11-22,6619.8413,6892.1484
26492,2022-11-23,6618.411,6729.9565
26493,2022-11-24,6617.46,6800.706
26494,2022-11-25,6558.858,6701.8877
26495,2022-11-26,6240.134,6441.3516
26496,2022-11-27,6150.092,6125.7915
26497,2022-11-28,6580.774,6594.6416
26498,2022-11-29,6633.6567,6595.9434
26499,2022-11-30,6636.0376,6582.043
26500,2022-12-01,6630.32,6516.2476
26501,2022-12-02,6557.429,6423.5996
26502,2022-12-03,6260.619,6112.821
26503,2022-12-04,6160.5723,6017.0815
26504,2022-12-05,6574.103,6495.0215
26505,2022-12-06,6606.977,6500.2812
26506,2022-12-07,6620.3174,6567.2314
26507,2022-12-08,6615.0767,6547.2847
26508,2022-12-09,6563.623,6409.413
26509,2022-12-10,6269.195,6079.926
26510,2022-12-11,6153.426,5893.915
26511,2022-12-12,6566.007,6329.459
26512,2022-12-13,6605.0723,6369.502
26513,2022-12-14,6612.696,6324.4077
26514,2022-12-15,6598.4014,6311.111
26515,2022-12-16,6538.372,6344.681
26516,2022-12-17,6248.234,6104.9385
26517,2022-12-18,6144.85,5942.305
26518,2022-12-19,6547.9,6349.409
26519,2022-12-20,6612.695,6379.0117
26520,2022-10-23,6077.256,5907.6646
26521,2022-10-24,6562.658,6002.525
26522,2022-10-25,6594.5737,6489.485
26523,2022-10-26,6585.5225,6444.6543
26524,2022-10-27,6593.6187,6531.5986
26525,2022-10-28,6555.036,6609.753
26526,2022-10-29,6225.8774,6262.985
26527,2022-10-30,6101.549,6117.405
26528,2022-10-31,6568.373,6540.742
26529,2022-11-01,6597.9067,6571.828
26530,2022-11-02,6606.004,6617.0713
26531,2022-11-03,6615.531,6581.3594
26532,2022-11-04,6571.707,6627.7446
26533,2022-11-05,6248.7417,6096.711
26534,2022-11-06,6118.221,5948.134
26535,2022-11-07,6574.088,6454.57
26536,2022-11-08,6607.9087,6529.7163
26537,2022-11-09,6607.4336,6520.0156
26538,2022-11-10,6602.6704,6521.867
26539,2022-11-11,6562.1816,6541.366
26540,2022-11-12,6246.36,6196.548
26541,2022-11-13,6120.1265,6011.5566
26542,2022-11-14,6555.986,6542.3687
26543,2022-11-15,6603.145,6616.1646
26544,2022-11-16,6605.527,6667.4526
26545,2022-11-17,6595.524,6627.141
26546,2022-11-18,6533.1226,6704.058
26547,2022-11-19,6205.8706,6219.927
26548,2022-11-20,6122.985,6089.8613
26549,2022-11-21,6566.9443,6707.4023
26550,2022-11-22,6594.572,6892.1484
26551,2022-11-23,6614.578,6729.9565
26552,2022-11-24,6610.768,6800.706
26553,2022-11-25,6565.5127,6701.8877
26554,2022-11-26,6236.3564,6441.3516
26555,2022-11-27,6134.418,6125.7915
26556,2022-11-28,6585.9976,6594.6416
26557,2022-11-29,6625.0576,6595.9434
26558,2022-11-30,6633.6313,6582.043
26559,2022-12-01,6629.8213,6516.2476
26560,2022-12-02,6576.946,6423.5996
26561,2022-12-03,6257.3174,6112.821
26562,2022-12-04,6151.5684,6017.0815
26563,2022-12-05,6593.1436,6495.0215
26564,2022-12-06,6623.63,6500.2812
26565,2022-12-07,6620.294,6567.2314
26566,2022-12-08,6619.3423,6547.2847
26567,2022-12-09,6563.61,6409.413
26568,2022-12-10,6244.931,6079.926
26569,2022-12-11,6146.326,5893.915
26570,2022-12-12,6603.622,6329.459
26571,2022-12-13,6636.967,6369.502
26572,2022-12-14,6648.8755,6324.4077
26573,2022-12-15,6652.685,6311.111
26574,2022-12-16,6572.1836,6344.681
26575,2022-12-17,6250.6475,6104.9385
26576,2022-12-18,6182.529,5942.305
26577,2022-12-19,6616.009,6349.409
26578,2022-12-20,6653.162,6379.0117
26579,2022-12-21,6670.311,6384.044
26580,2022-10-24,6465.713,6002.525
26581,2022-10-25,6542.395,6489.485
26582,2022-10-26,6560.017,6444.6543
26583,2022-10-27,6563.8276,6531.5986
26584,2022-10-28,6527.631,6609.753
26585,2022-10-29,6217.0845,6262.985
26586,2022-10-30,6097.534,6117.405
26587,2022-10-31,6551.9204,6540.742
26588,2022-11-01,6600.9785,6571.828
26589,2022-11-02,6602.8843,6617.0713
26590,2022-11-03,6613.839,6581.3594
26591,2022-11-04,6572.877,6627.7446
26592,2022-11-05,6258.0483,6096.711
26593,2022-11-06,6110.8726,5948.134
26594,2022-11-07,6547.158,6454.57
26595,2022-11-08,6601.933,6529.7163
26596,2022-11-09,6638.13,6520.0156
26597,2022-11-10,6647.179,6521.867
26598,2022-11-11,6577.163,6541.366
26599,2022-11-12,6253.763,6196.548
26600,2022-11-13,6127.5425,6011.5566
26601,2022-11-14,6563.3525,6542.3687
26602,2022-11-15,6600.9785,6616.1646
26603,2022-11-16,6600.978,6667.4526
26604,2022-11-17,6599.5493,6627.141
26605,2022-11-18,6545.252,6704.058
26606,2022-11-19,6237.0894,6219.927
26607,2022-11-20,6106.1074,6089.8613
26608,2022-11-21,6555.256,6707.4023
26609,2022-11-22,6604.3145,6892.1484
26610,2022-11-23,6620.9844,6729.9565
26611,2022-11-24,6628.1274,6800.706
26612,2022-11-25,6580.4985,6701.8877
26613,2022-11-26,6253.7607,6441.3516
26614,2022-11-27,6126.5864,6125.7915
26615,2022-11-28,6572.4004,6594.6416
26616,2022-11-29,6622.4126,6595.9434
26617,2022-11-30,6632.415,6582.043
26618,2022-12-01,6638.6064,6516.2476
26619,2022-12-02,6585.26,6423.5996
26620,2022-12-03,6258.0483,6112.821
26621,2022-12-04,6148.975,6017.0815
26622,2022-12-05,6594.7876,6495.0215
26623,2022-12-06,6627.6514,6500.2812
26624,2022-12-07,6627.174,6567.2314
26625,2022-12-08,6638.13,6547.2847
26626,2022-12-09,6587.6445,6409.413
26627,2022-12-10,6256.6187,6079.926
26628,2022-12-11,6143.2583,5893.915
26629,2022-12-12,6613.3633,6329.459
26630,2022-12-13,6643.8477,6369.502
26631,2022-12-14,6644.3237,6324.4077
26632,2022-12-15,6628.6064,6311.111
26633,2022-12-16,6576.2124,6344.681
26634,2022-12-17,6262.8086,6104.9385
26635,2022-12-18,6154.213,5942.305
26636,2022-12-19,6604.3145,6349.409
26637,2022-12-20,6626.2217,6379.0117
26638,2022-12-21,6636.701,6384.044
26639,2022-12-22,6638.13,6307.7495
26640,2022-10-25,6485.4023,6489.485
26641,2022-10-26,6540.1743,6444.6543
26642,2022-10-27,6550.1763,6531.5986
26643,2022-10-28,6543.984,6609.753
26644,2022-10-29,6343.473,6262.985
26645,2022-10-30,6096.2837,6117.405
26646,2022-10-31,6328.232,6540.742
26647,2022-11-01,6563.9873,6571.828
26648,2022-11-02,6583.514,6617.0713
26649,2022-11-03,6579.227,6581.3594
26650,2022-11-04,6575.8936,6627.7446
26651,2022-11-05,6351.569,6096.711
26652,2022-11-06,6134.3867,5948.134
26653,2022-11-07,6362.047,6454.57
26654,2022-11-08,6575.417,6529.7163
26655,2022-11-09,6597.325,6520.0156
26656,2022-11-10,6598.754,6521.867
26657,2022-11-11,6570.1787,6541.366
26658,2022-11-12,6358.2363,6196.548
26659,2022-11-13,6155.819,6011.5566
26660,2022-11-14,6361.571,6542.3687
26661,2022-11-15,6577.322,6616.1646
26662,2022-11-16,6592.0874,6667.4526
26663,2022-11-17,6600.659,6627.141
26664,2022-11-18,6571.607,6704.058
26665,2022-11-19,6349.188,6219.927
26666,2022-11-20,6148.2,6089.8613
26667,2022-11-21,6357.7607,6707.4023
26668,2022-11-22,6587.325,6892.1484
26669,2022-11-23,6603.5176,6729.9565
26670,2022-11-24,6593.5156,6800.706
26671,2022-11-25,6577.799,6701.8877
26672,2022-11-26,6370.1436,6441.3516
26673,2022-11-27,6169.632,6125.7915
26674,2022-11-28,6383.004,6594.6416
26675,2022-11-29,6606.851,6595.9434
26676,2022-11-30,6628.759,6582.043
26677,2022-12-01,6616.852,6516.2476
26678,2022-12-02,6584.465,6423.5996
26679,2022-12-03,6378.716,6112.821
26680,2022-12-04,6171.061,6017.0815
26681,2022-12-05,6390.623,6495.0215
26682,2022-12-06,6613.518,6500.2812
26683,2022-12-07,6620.662,6567.2314
26684,2022-12-08,6612.565,6547.2847
26685,2022-12-09,6593.9907,6409.413
26686,2022-12-10,6385.384,6079.926
26687,2022-12-11,6177.7285,5893.915
26688,2022-12-12,6395.3857,6329.459
26689,2022-12-13,6593.991,6369.502
26690,2022-12-14,6607.3267,6324.4077
26691,2022-12-15,6615.899,6311.111
26692,2022-12-16,6588.7524,6344.681
26693,2022-12-17,6384.43,6104.9385
26694,2022-12-18,6162.0117,5942.305
26695,2022-12-19,6380.622,6349.409
26696,2022-12-20,6591.134,6379.0117
26697,2022-12-21,6620.661,6384.044
26698,2022-12-22,6621.614,6307.7495
26699,2022-12-23,6598.2764,6232.6724
26700,2022-10-26,6582.246,6444.6543
26701,2022-10-27,6586.5327,6531.5986
26702,2022-10-28,6563.6733,6609.753
26703,2022-10-29,6341.7417,6262.985
26704,2022-10-30,6123.1445,6117.405
26705,2022-10-31,6390.7954,6540.742
26706,2022-11-01,6582.7227,6571.828
26707,2022-11-02,6595.582,6617.0713
26708,2022-11-03,6599.392,6581.3594
26709,2022-11-04,6569.3887,6627.7446
26710,2022-11-05,6356.982,6096.711
26711,2022-11-06,6168.8643,5948.134
26712,2022-11-07,6427.467,6454.57
26713,2022-11-08,6595.1055,6529.7163
26714,2022-11-09,6607.4883,6520.0156
26715,2022-11-10,6607.9644,6521.867
26716,2022-11-11,6579.8657,6541.366
26717,2022-11-12,6353.172,6196.548
26718,2022-11-13,6189.3423,6011.5566
26719,2022-11-14,6413.656,6542.3687
26720,2022-11-15,6587.0093,6616.1646
26721,2022-11-16,6600.821,6667.4526
26722,2022-11-17,6594.1533,6627.141
26723,2022-11-18,6553.672,6704.058
26724,2022-11-19,6324.1206,6219.927
26725,2022-11-20,6150.2905,6089.8613
26726,2022-11-21,6386.985,6707.4023
26727,2022-11-22,6565.102,6892.1484
26728,2022-11-23,6584.152,6729.9565
26729,2022-11-24,6592.248,6800.706
26730,2022-11-25,6562.7207,6701.8877
26731,2022-11-26,6342.2183,6441.3516
26732,2022-11-27,6180.2944,6125.7915
26733,2022-11-28,6413.1787,6594.6416
26734,2022-11-29,6583.199,6595.9434
26735,2022-11-30,6605.583,6582.043
26736,2022-12-01,6627.014,6516.2476
26737,2022-12-02,6572.7217,6423.5996
26738,2022-12-03,6354.1235,6112.821
26739,2022-12-04,6205.0586,6017.0815
26740,2022-12-05,6448.4204,6495.0215
26741,2022-12-06,6605.107,6500.2812
26742,2022-12-07,6615.108,6567.2314
26743,2022-12-08,6605.107,6547.2847
26744,2022-12-09,6550.8145,6409.413
26745,2022-12-10,6323.6445,6079.926
26746,2022-12-11,6181.723,5893.915
26747,2022-12-12,6424.609,6329.459
26748,2022-12-13,6577.4844,6369.502
26749,2022-12-14,6613.679,6324.4077
26750,2022-12-15,6609.393,6311.111
26751,2022-12-16,6546.0527,6344.681
26752,2022-12-17,6321.739,6104.9385
26753,2022-12-18,6187.9146,5942.305
26754,2022-12-19,6427.9434,6349.409
26755,2022-12-20,6576.0557,6379.0117
26756,2022-12-21,6582.723,6384.044
26757,2022-12-22,6589.8667,6307.7495
26758,2022-12-23,6546.5283,6232.6724
26759,2022-12-24,6312.214,5943.0234
26760,2022-10-27,6491.3066,6531.5986
26761,2022-10-28,6501.7837,6609.753
26762,2022-10-29,6356.061,6262.985
26763,2022-10-30,6112.7104,6117.405
26764,2022-10-31,6289.8643,6540.742
26765,2022-11-01,6547.977,6571.828
26766,2022-11-02,6567.025,6617.0713
26767,2022-11-03,6572.263,6581.3594
26768,2022-11-04,6562.2627,6627.7446
26769,2022-11-05,6399.397,6096.711
26770,2022-11-06,6165.096,5948.134
26771,2022-11-07,6315.58,6454.57
26772,2022-11-08,6578.455,6529.7163
26773,2022-11-09,6597.0273,6520.0156
26774,2022-11-10,6611.79,6521.867
26775,2022-11-11,6579.8823,6541.366
26776,2022-11-12,6396.064,6196.548
26777,2022-11-13,6152.714,6011.5566
26778,2022-11-14,6309.866,6542.3687
26779,2022-11-15,6540.833,6616.1646
26780,2022-11-16,6563.216,6667.4526
26781,2022-11-17,6569.882,6627.141
26782,2022-11-18,6547.4985,6704.058
26783,2022-11-19,6389.3965,6219.927
26784,2022-11-20,6166.0474,6089.8613
26785,2022-11-21,6331.7715,6707.4023
26786,2022-11-22,6574.166,6892.1484
26787,2022-11-23,6605.596,6729.9565
26788,2022-11-24,6596.551,6800.706
26789,2022-11-25,6567.023,6701.8877
26790,2022-11-26,6387.9663,6441.3516
26791,2022-11-27,6178.4307,6125.7915
26792,2022-11-28,6345.5825,6594.6416
26793,2022-11-29,6598.4546,6595.9434
26794,2022-11-30,6617.98,6582.043
26795,2022-12-01,6627.9795,6516.2476
26796,2022-12-02,6605.598,6423.5996
26797,2022-12-03,6422.7314,6112.821
26798,2022-12-04,6195.098,6017.0815
26799,2022-12-05,6358.44,6495.0215
26800,2022-12-06,6600.359,6500.2812
26801,2022-12-07,6617.504,6567.2314
26802,2022-12-08,6610.359,6547.2847
26803,2022-12-09,6577.5015,6409.413
26804,2022-12-10,6408.922,6079.926
26805,2022-12-11,6179.382,5893.915
26806,2022-12-12,6334.1523,6329.459
26807,2022-12-13,6575.1206,6369.502
26808,2022-12-14,6603.2183,6324.4077
26809,2022-12-15,6599.885,6311.111
26810,2022-12-16,6567.502,6344.681
26811,2022-12-17,6395.111,6104.9385
26812,2022-12-18,6185.0957,5942.305
26813,2022-12-19,6357.0107,6349.409
26814,2022-12-20,6601.788,6379.0117
26815,2022-12-21,6622.2656,6384.044
26816,2022-12-22,6623.6934,6307.7495
26817,2022-12-23,6587.0244,6232.6724
26818,2022-12-24,6407.97,5943.0234
26819,2022-12-25,6198.4316,5778.2866
26820,2022-10-28,6538.1606,6609.753
26821,2022-10-29,6444.8267,6262.985
26822,2022-10-30,6149.585,6117.405
26823,2022-10-31,6163.8726,6540.742
26824,2022-11-01,6551.018,6571.828
26825,2022-11-02,6565.7812,6617.0713
26826,2022-11-03,6563.875,6581.3594
26827,2022-11-04,6566.733,6627.7446
26828,2022-11-05,6482.4463,6096.711
26829,2022-11-06,6197.206,5948.134
26830,2022-11-07,6192.445,6454.57
26831,2022-11-08,6553.4,6529.7163
26832,2022-11-09,6589.591,6520.0156
26833,2022-11-10,6617.2095,6521.867
26834,2022-11-11,6615.7827,6541.366
26835,2022-11-12,6506.7324,6196.548
26836,2022-11-13,6227.2056,6011.5566
26837,2022-11-14,6210.065,6542.3687
26838,2022-11-15,6571.4956,6616.1646
26839,2022-11-16,6600.067,6667.4526
26840,2022-11-17,6600.0654,6627.141
26841,2022-11-18,6591.9727,6704.058
26842,2022-11-19,6498.162,6219.927
26843,2022-11-20,6212.9204,6089.8613
26844,2022-11-21,6192.4463,6707.4023
26845,2022-11-22,6554.8296,6892.1484
26846,2022-11-23,6590.544,6729.9565
26847,2022-11-24,6593.4,6800.706
26848,2022-11-25,6587.6855,6701.8877
26849,2022-11-26,6499.1123,6441.3516
26850,2022-11-27,6210.5376,6125.7915
26851,2022-11-28,6196.7305,6594.6416
26852,2022-11-29,6561.02,6595.9434
26853,2022-11-30,6594.3525,6582.043
26854,2022-12-01,6613.877,6516.2476
26855,2022-12-02,6584.35,6423.5996
26856,2022-12-03,6489.1143,6112.821
26857,2022-12-04,6230.54,6017.0815
26858,2022-12-05,6217.2046,6495.0215
26859,2022-12-06,6570.067,6500.2812
26860,2022-12-07,6601.497,6567.2314
26861,2022-12-08,6605.306,6547.2847
26862,2022-12-09,6596.2593,6409.413
26863,2022-12-10,6501.9707,6079.926
26864,2022-12-11,6221.015,5893.915
26865,2022-12-12,6216.7305,6329.459
26866,2022-12-13,6575.304,6369.502
26867,2022-12-14,6602.9233,6324.4077
26868,2022-12-15,6610.544,6311.111
26869,2022-12-16,6594.8296,6344.681
26870,2022-12-17,6491.9683,6104.9385
26871,2022-12-18,6219.587,5942.305
26872,2022-12-19,6212.4443,6349.409
26873,2022-12-20,6577.2095,6379.0117
26874,2022-12-21,6601.0215,6384.044
26875,2022-12-22,6605.306,6307.7495
26876,2022-12-23,6604.3545,6232.6724
26877,2022-12-24,6503.399,5943.0234
26878,2022-12-25,6244.3486,5778.2866
26879,2022-12-26,6227.6826,5849.017
26880,2022-10-29,6430.7363,6262.985
26881,2022-10-30,6145.9795,6117.405
26882,2022-10-31,6250.7383,6540.742
26883,2022-11-01,6561.2075,6571.828
26884,2022-11-02,6589.7764,6617.0713
26885,2022-11-03,6601.6826,6581.3594
26886,2022-11-04,6573.5864,6627.7446
26887,2022-11-05,6409.306,6096.711
26888,2022-11-06,6147.4087,5948.134
26889,2022-11-07,6260.2627,6454.57
26890,2022-11-08,6560.254,6529.7163
26891,2022-11-09,6590.2544,6520.0156
26892,2022-11-10,6600.728,6521.867
26893,2022-11-11,6578.3477,6541.366
26894,2022-11-12,6416.4507,6196.548
26895,2022-11-13,6167.886,6011.5566
26896,2022-11-14,6284.5483,6542.3687
26897,2022-11-15,6563.111,6616.1646
26898,2022-11-16,6598.825,6667.4526
26899,2022-11-17,6606.919,6627.141
26900,2022-11-18,6596.4424,6704.058
26901,2022-11-19,6429.306,6219.927
26902,2022-11-20,6179.3145,6089.8613
26903,2022-11-21,6296.451,6707.4023
26904,2022-11-22,6575.014,6892.1484
26905,2022-11-23,6602.1567,6729.9565
26906,2022-11-24,6605.9663,6800.706
26907,2022-11-25,6582.6343,6701.8877
26908,2022-11-26,6415.9746,6441.3516
26909,2022-11-27,6181.2188,6125.7915
26910,2022-11-28,6285.025,6594.6416
26911,2022-11-29,6566.9214,6595.9434
26912,2022-11-30,6581.681,6582.043
26913,2022-12-01,6605.966,6516.2476
26914,2022-12-02,6582.634,6423.5996
26915,2022-12-03,6420.7344,6112.821
26916,2022-12-04,6188.839,6017.0815
26917,2022-12-05,6304.5454,6495.0215
26918,2022-12-06,6584.061,6500.2812
26919,2022-12-07,6616.9175,6567.2314
26920,2022-12-08,6617.87,6547.2847
26921,2022-12-09,6587.872,6409.413
26922,2022-12-10,6425.973,6079.926
26923,2022-12-11,6174.552,5893.915
26924,2022-12-12,6291.6914,6329.459
26925,2022-12-13,6585.015,6369.502
26926,2022-12-14,6607.871,6324.4077
26927,2022-12-15,6600.252,6311.111
26928,2022-12-16,6586.919,6344.681
26929,2022-12-17,6419.306,6104.9385
26930,2022-12-18,6177.409,5942.305
26931,2022-12-19,6291.215,6349.409
26932,2022-12-20,6568.3496,6379.0117
26933,2022-12-21,6592.159,6384.044
26934,2022-12-22,6609.3,6307.7495
26935,2022-12-23,6594.0625,6232.6724
26936,2022-12-24,6438.8286,5943.0234
26937,2022-12-25,6200.2637,5778.2866
26938,2022-12-26,6315.0225,5849.017
26939,2022-12-27,6599.301,6305.5522
26940,2022-10-30,6040.2246,6117.405
26941,2022-10-31,6527.7476,6540.742
26942,2022-11-01,6574.4043,6571.828
26943,2022-11-02,6578.6875,6617.0713
26944,2022-11-03,6580.5923,6581.3594
26945,2022-11-04,6554.8843,6627.7446
26946,2022-11-05,6248.7544,6096.711
26947,2022-11-06,6085.928,5948.134
26948,2022-11-07,6530.601,6454.57
26949,2022-11-08,6570.1177,6529.7163
26950,2022-11-09,6602.0176,6520.0156
26951,2022-11-10,6577.7363,6521.867
26952,2022-11-11,6542.9814,6541.366
26953,2022-11-12,6252.085,6196.548
26954,2022-11-13,6103.067,6011.5566
26955,2022-11-14,6532.507,6542.3687
26956,2022-11-15,6584.879,6616.1646
26957,2022-11-16,6575.3555,6667.4526
26958,2022-11-17,6577.7363,6627.141
26959,2022-11-18,6544.8857,6704.058
26960,2022-11-19,6231.6133,6219.927
26961,2022-11-20,6105.924,6089.8613
26962,2022-11-21,6534.411,6707.4023
26963,2022-11-22,6572.025,6892.1484
26964,2022-11-23,6593.924,6729.9565
26965,2022-11-24,6590.5923,6800.706
26966,2022-11-25,6547.7417,6701.8877
26967,2022-11-26,6260.656,6441.3516
26968,2022-11-27,6127.3486,6125.7915
26969,2022-11-28,6550.121,6594.6416
26970,2022-11-29,6592.496,6595.9434
26971,2022-11-30,6598.2095,6582.043
26972,2022-12-01,6580.1167,6516.2476
26973,2022-12-02,6544.885,6423.5996
26974,2022-12-03,6234.471,6112.821
26975,2022-12-04,6110.21,6017.0815
26976,2022-12-05,6528.698,6495.0215
26977,2022-12-06,6582.022,6500.2812
26978,2022-12-07,6572.976,6567.2314
26979,2022-12-08,6570.1187,6547.2847
26980,2022-12-09,6514.4155,6409.413
26981,2022-12-10,6198.7637,6079.926
26982,2022-12-11,6096.8774,5893.915
26983,2022-12-12,6513.94,6329.459
26984,2022-12-13,6564.405,6369.502
26985,2022-12-14,6567.7373,6324.4077
26986,2022-12-15,6572.975,6311.111
26987,2022-12-16,6529.6523,6344.681
26988,2022-12-17,6231.1367,6104.9385
26989,2022-12-18,6109.257,5942.305
26990,2022-12-19,6525.3657,6349.409
26991,2022-12-20,6580.1177,6379.0117
26992,2022-12-21,6571.0693,6384.044
26993,2022-12-22,6556.787,6307.7495
26994,2022-12-23,6513.463,6232.6724
26995,2022-12-24,6227.3286,5943.0234
26996,2022-12-25,6132.11,5778.2866
26997,2022-12-26,6524.888,5849.017
26998,2022-12-27,6586.784,6305.5522
26999,2022-12-28,6592.495,6342.2563
27000,2022-10-31,6478.605,6540.742
27001,2022-11-01,6566.6763,6571.828
27002,2022-11-02,6571.9106,6617.0713
27003,2022-11-03,6564.294,6581.3594
27004,2022-11-04,6542.395,6627.7446
27005,2022-11-05,6280.5684,6096.711
27006,2022-11-06,6129.659,5948.134
27007,2022-11-07,6500.5044,6454.57
27008,2022-11-08,6594.283,6529.7163
27009,2022-11-09,6614.756,6520.0156
27010,2022-11-10,6601.4243,6521.867
27011,2022-11-11,6567.6265,6541.366
27012,2022-11-12,6291.516,6196.548
27013,2022-11-13,6160.127,6011.5566
27014,2022-11-14,6504.312,6542.3687
27015,2022-11-15,6589.5264,6616.1646
27016,2022-11-16,6598.57,6667.4526
27017,2022-11-17,6615.7095,6627.141
27018,2022-11-18,6574.7676,6704.058
27019,2022-11-19,6286.7563,6219.927
27020,2022-11-20,6154.8906,6089.8613
27021,2022-11-21,6493.841,6707.4023
27022,2022-11-22,6585.24,6892.1484
27023,2022-11-23,6590.4756,6729.9565
27024,2022-11-24,6599.0454,6800.706
27025,2022-11-25,6549.538,6701.8877
27026,2022-11-26,6270.57,6441.3516
27027,2022-11-27,6153.4624,6125.7915
27028,2022-11-28,6502.882,6594.6416
27029,2022-11-29,6597.618,6595.9434
27030,2022-11-30,6607.614,6582.043
27031,2022-12-01,6609.5205,6516.2476
27032,2022-12-02,6557.152,6423.5996
27033,2022-12-03,6284.377,6112.821
27034,2022-12-04,6174.4087,6017.0815
27035,2022-12-05,6538.1113,6495.0215
27036,2022-12-06,6626.658,6500.2812
27037,2022-12-07,6626.658,6567.2314
27038,2022-12-08,6620.948,6547.2847
27039,2022-12-09,6564.7715,6409.413
27040,2022-12-10,6280.5674,6079.926
27041,2022-12-11,6157.2705,5893.915
27042,2022-12-12,6507.1675,6329.459
27043,2022-12-13,6589.5254,6369.502
27044,2022-12-14,6611.4224,6324.4077
27045,2022-12-15,6619.516,6311.111
27046,2022-12-16,6559.5327,6344.681
27047,2022-12-17,6285.803,6104.9385
27048,2022-12-18,6184.8813,5942.305
27049,2022-12-19,6538.112,6349.409
27050,2022-12-20,6617.136,6379.0117
27051,2022-12-21,6637.607,6384.044
27052,2022-12-22,6637.6055,6307.7495
27053,2022-12-23,6574.292,6232.6724
27054,2022-12-24,6308.1777,5943.0234
27055,2022-12-25,6212.0137,5778.2866
27056,2022-12-26,6546.68,5849.017
27057,2022-12-27,6631.8955,6305.5522
27058,2022-12-28,6653.317,6342.2563
27059,2022-12-29,6647.605,6371.3276
