,date,pred,true
0,2021-08-07,6278.154,6298.0215
1,2021-08-08,6096.5645,5977.038
2,2021-08-09,6537.695,5975.9326
3,2021-08-10,6623.3076,6635.174
4,2021-08-11,6591.766,6613.616
5,2021-08-12,6618.801,6582.2583
6,2021-08-13,6591.765,6528.778
7,2021-08-14,6236.2476,6198.8223
8,2021-08-15,6103.3213,5983.757
9,2021-08-16,6499.3945,6471.06
10,2021-08-17,6604.3833,6417.69
11,2021-08-18,6583.205,6299.402
12,2021-08-19,6581.853,6290.715
13,2021-08-20,6564.2812,6312.497
14,2021-08-08,6028.209,5977.038
15,2021-08-09,6536.4546,5975.9326
16,2021-08-10,6586.4683,6635.174
17,2021-08-11,6591.8745,6613.616
18,2021-08-12,6600.4346,6582.2583
19,2021-08-13,6589.1714,6528.778
20,2021-08-14,6197.1724,6198.8223
21,2021-08-15,6102.5527,5983.757
22,2021-08-16,6579.71,6471.06
23,2021-08-17,6586.918,6417.69
24,2021-08-18,6586.4673,6299.402
25,2021-08-19,6615.7544,6290.715
26,2021-08-20,6586.4663,6312.497
27,2021-08-21,6205.7324,6028.5933
28,2021-08-09,6423.0483,5975.9326
29,2021-08-10,6478.013,6635.174
30,2021-08-11,6476.6626,6613.616
31,2021-08-12,6496.487,6582.2583
32,2021-08-13,6488.828,6528.778
33,2021-08-14,6175.692,6198.8223
34,2021-08-15,6027.01,5983.757
35,2021-08-16,6493.332,6471.06
36,2021-08-17,6550.1,6417.69
37,2021-08-18,6532.531,6299.402
38,2021-08-19,6523.9688,6290.715
39,2021-08-20,6487.022,6312.497
40,2021-08-21,6151.814,6028.5933
41,2021-08-22,6009.8906,5871.773
42,2021-08-10,6406.8823,6635.174
43,2021-08-11,6469.509,6613.616
44,2021-08-12,6472.21,6582.2583
45,2021-08-13,6476.7173,6528.778
46,2021-08-14,6366.7812,6198.8223
47,2021-08-15,6070.766,5983.757
48,2021-08-16,6036.074,6471.06
49,2021-08-17,6449.232,6417.69
50,2021-08-18,6489.7817,6299.402
51,2021-08-19,6498.794,6290.715
52,2021-08-20,6506.905,6312.497
53,2021-08-21,6430.3086,6028.5933
54,2021-08-22,6114.919,5871.773
55,2021-08-23,6080.6787,6335.6367
56,2021-08-11,6587.8594,6613.616
57,2021-08-12,6527.4824,6582.2583
58,2021-08-13,6526.1294,6528.778
59,2021-08-14,6446.378,6198.8223
60,2021-08-15,6079.1587,5983.757
61,2021-08-16,6065.641,6471.06
62,2021-08-17,6548.66,6417.69
63,2021-08-18,6558.1226,6299.402
64,2021-08-19,6566.2314,6290.715
65,2021-08-20,6572.089,6312.497
66,2021-08-21,6488.733,6028.5933
67,2021-08-22,6136.8345,5871.773
68,2021-08-23,6072.8506,6335.6367
69,2021-08-24,6509.0073,6306.076
70,2021-08-12,6588.213,6582.2583
71,2021-08-13,6588.663,6528.778
72,2021-08-14,6549.4604,6198.8223
73,2021-08-15,6173.658,5983.757
74,2021-08-16,6098.8623,6471.06
75,2021-08-17,6581.4517,6417.69
76,2021-08-18,6609.841,6299.402
77,2021-08-19,6598.1255,6290.715
78,2021-08-20,6614.3467,6312.497
79,2021-08-21,6586.859,6028.5933
80,2021-08-22,6224.5757,5871.773
81,2021-08-23,6126.3467,6335.6367
82,2021-08-24,6603.982,6306.076
83,2021-08-25,6631.469,6286.873
84,2021-08-13,6601.5527,6528.778
85,2021-08-14,6537.115,6198.8223
86,2021-08-15,6154.089,5983.757
87,2021-08-16,6058.108,6471.06
88,2021-08-17,6592.5405,6417.69
89,2021-08-18,6614.62,6299.402
90,2021-08-19,6607.41,6290.715
91,2021-08-20,6606.5093,6312.497
92,2021-08-21,6588.935,6028.5933
93,2021-08-22,6206.362,5871.773
94,2021-08-23,6095.058,6335.6367
95,2021-08-24,6574.515,6306.076
96,2021-08-25,6610.565,6286.873
97,2021-08-26,6595.243,6360.3623
98,2021-08-14,6423.4336,6198.8223
99,2021-08-15,6075.9873,5983.757
100,2021-08-16,6855.594,6471.06
101,2021-08-17,7380.143,6417.69
102,2021-08-18,6559.525,6299.402
103,2021-08-19,6552.7656,6290.715
104,2021-08-20,6577.0996,6312.497
105,2021-08-21,6535.6426,6028.5933
106,2021-08-22,6167.017,5871.773
107,2021-08-23,6057.5107,6335.6367
108,2021-08-24,7368.8765,6306.076
109,2021-08-25,6536.9937,6286.873
110,2021-08-26,6551.8643,6360.3623
111,2021-08-27,6540.147,6458.062
112,2021-08-15,5964.0137,5983.757
113,2021-08-16,6171.746,6471.06
114,2021-08-17,6477.265,6417.69
115,2021-08-18,6484.0244,6299.402
116,2021-08-19,6493.938,6290.715
117,2021-08-20,6510.612,6312.497
118,2021-08-21,6306.9316,6028.5933
119,2021-08-22,6040.169,5871.773
120,2021-08-23,6232.1294,6335.6367
121,2021-08-24,6517.3706,6306.076
122,2021-08-25,6535.3955,6286.873
123,2021-08-26,6528.6367,6360.3623
124,2021-08-27,6536.2974,6458.062
125,2021-08-28,6339.3774,6254.0283
126,2021-08-16,6033.786,6471.06
127,2021-08-17,6489.8154,6417.69
128,2021-08-18,6502.433,6299.402
129,2021-08-19,6492.9707,6290.715
130,2021-08-20,6515.5015,6312.497
131,2021-08-21,6415.9136,6028.5933
132,2021-08-22,6083.8057,5871.773
133,2021-08-23,6072.54,6335.6367
134,2021-08-24,6547.0444,6306.076
135,2021-08-25,6570.9277,6286.873
136,2021-08-26,6566.8726,6360.3623
137,2021-08-27,6597.965,6458.062
138,2021-08-28,6500.631,6254.0283
139,2021-08-29,6156.8066,6040.195
140,2021-08-17,6573.6455,6417.69
141,2021-08-18,6565.085,6299.402
142,2021-08-19,6567.786,6290.715
143,2021-08-20,6545.703,6312.497
144,2021-08-21,6187.839,6028.5933
145,2021-08-22,6053.525,5871.773
146,2021-08-23,6501.5327,6335.6367
147,2021-08-24,6550.21,6306.076
148,2021-08-25,6541.647,6286.873
149,2021-08-26,6555.1675,6360.3623
150,2021-08-27,6529.478,6458.062
151,2021-08-28,6164.4004,6254.0283
152,2021-08-29,6046.7637,6040.195
153,2021-08-30,6484.406,6356.2
154,2021-08-18,6436.558,6299.402
155,2021-08-19,6501.011,6290.715
156,2021-08-20,6461.797,6312.497
157,2021-08-21,6122.84,6028.5933
158,2021-08-22,5975.4473,5871.773
159,2021-08-23,6437.0093,6335.6367
160,2021-08-24,6466.755,6306.076
161,2021-08-25,6469.011,6286.873
162,2021-08-26,6503.7163,6360.3623
163,2021-08-27,6465.404,6458.062
164,2021-08-28,6079.119,6254.0283
165,2021-08-29,5994.831,6040.195
166,2021-08-30,6458.1924,6356.2
167,2021-08-31,6492.898,6423.1323
168,2021-08-19,6402.8125,6290.715
169,2021-08-20,6418.1387,6312.497
170,2021-08-21,6083.688,6028.5933
171,2021-08-22,5952.9727,5871.773
172,2021-08-23,6428.058,6335.6367
173,2021-08-24,6438.424,6306.076
174,2021-08-25,6428.5073,6286.873
175,2021-08-26,6466.3726,6360.3623
176,2021-08-27,6435.7188,6458.062
177,2021-08-28,6095.408,6254.0283
178,2021-08-29,5965.143,6040.195
179,2021-08-30,6420.3936,6356.2
180,2021-08-31,6462.3145,6423.1323
181,2021-09-01,6465.467,6493.1084
182,2021-08-20,6310.3564,6312.497
183,2021-08-21,6017.8276,6028.5933
184,2021-08-22,5917.7656,5871.773
185,2021-08-23,6414.9287,6335.6367
186,2021-08-24,6434.7607,6306.076
187,2021-08-25,6434.7627,6286.873
188,2021-08-26,6464.0596,6360.3623
189,2021-08-27,6419.8867,6458.062
190,2021-08-28,6088.1436,6254.0283
191,2021-08-29,5997.5464,6040.195
192,2021-08-30,6435.663,6356.2
193,2021-08-31,6461.8076,6423.1323
194,2021-09-01,6468.118,6493.1084
195,2021-09-02,6498.3164,6298.5425
196,2021-08-21,5978.49,6028.5933
197,2021-08-22,5891.0464,5871.773
198,2021-08-23,6419.755,6335.6367
199,2021-08-24,6454.0093,6306.076
200,2021-08-25,6460.768,6286.873
201,2021-08-26,6486.01,6360.3623
202,2021-08-27,6452.6567,6458.062
203,2021-08-28,6064.578,6254.0283
204,2021-08-29,5956.405,6040.195
205,2021-08-30,6482.8555,6356.2
206,2021-08-31,6506.743,6423.1323
207,2021-09-01,6489.1655,6493.1084
208,2021-09-02,6476.9976,6298.5425
209,2021-09-03,6459.417,6362.3506
210,2021-08-22,5899.42,5871.773
211,2021-08-23,6394.266,6335.6367
212,2021-08-24,6440.6875,6306.076
213,2021-08-25,6431.6743,6286.873
214,2021-08-26,6442.4907,6360.3623
215,2021-08-27,6414.549,6458.062
216,2021-08-28,6058.0586,6254.0283
217,2021-08-29,5932.319,6040.195
218,2021-08-30,6417.252,6356.2
219,2021-08-31,6464.573,6423.1323
220,2021-09-01,6459.6157,6493.1084
221,2021-09-02,6455.5576,6298.5425
222,2021-09-03,6451.0513,6362.3506
223,2021-09-04,6110.3354,6188.2095
224,2021-08-23,6365.2637,6335.6367
225,2021-08-24,6405.372,6306.076
226,2021-08-25,6374.7256,6286.873
227,2021-08-26,6392.7544,6360.3623
228,2021-08-27,6371.1226,6458.062
229,2021-08-28,6026.36,6254.0283
230,2021-08-29,5916.3975,6040.195
231,2021-08-30,6395.0107,6356.2
232,2021-08-31,6427.456,6423.1323
233,2021-09-01,6412.1343,6493.1084
234,2021-09-02,6424.301,6298.5425
235,2021-09-03,6408.5283,6362.3506
236,2021-09-04,6099.3706,6188.2095
237,2021-09-05,6015.9956,6039.7646
238,2021-08-24,6427.765,6306.076
239,2021-08-25,6432.2754,6286.873
240,2021-08-26,6430.47,6360.3623
241,2021-08-27,6389.4517,6458.062
242,2021-08-28,6074.3735,6254.0283
243,2021-08-29,5954.924,6040.195
244,2021-08-30,6422.3564,6356.2
245,2021-08-31,6452.1074,6423.1323
246,2021-09-01,6445.7954,6493.1084
247,2021-09-02,6447.5986,6298.5425
248,2021-09-03,6442.192,6362.3506
249,2021-09-04,6100.9673,6188.2095
250,2021-09-05,6022.537,6039.7646
251,2021-09-06,6483.66,6537.5215
252,2021-08-25,6322.7783,6286.873
253,2021-08-26,6352.9775,6360.3623
254,2021-08-27,6343.0625,6458.062
255,2021-08-28,5991.4727,6254.0283
256,2021-08-29,5894.108,6040.195
257,2021-08-30,6352.0776,6356.2
258,2021-08-31,6378.221,6423.1323
259,2021-09-01,6391.294,6493.1084
260,2021-09-02,6416.536,6298.5425
261,2021-09-03,6384.5317,6362.3506
262,2021-09-04,6058.1846,6188.2095
263,2021-09-05,5995.529,6039.7646
264,2021-09-06,6441.328,6537.5215
265,2021-09-07,6455.302,6451.408
266,2021-08-26,6328.967,6360.3623
267,2021-08-27,6341.588,6458.062
268,2021-08-28,6004.8794,6254.0283
269,2021-08-29,5880.924,6040.195
270,2021-08-30,6363.676,6356.2
271,2021-08-31,6374.944,6423.1323
272,2021-09-01,6360.0693,6493.1084
273,2021-09-02,6370.886,6298.5425
274,2021-09-03,6367.2812,6362.3506
275,2021-09-04,6076.0977,6188.2095
276,2021-09-05,5994.5117,6039.7646
277,2021-09-06,6411.455,6537.5215
278,2021-09-07,6450.67,6451.408
279,2021-09-08,6461.4883,6505.1514
280,2021-08-27,6352.7437,6458.062
281,2021-08-28,6023.25,6254.0283
282,2021-08-29,5913.2695,6040.195
283,2021-08-30,6380.688,6356.2
284,2021-08-31,6394.212,6423.1323
285,2021-09-01,6388.802,6493.1084
286,2021-09-02,6408.635,6298.5425
287,2021-09-03,6393.761,6362.3506
288,2021-09-04,6099.877,6188.2095
289,2021-09-05,6003.868,6039.7646
290,2021-09-06,6432.524,6537.5215
291,2021-09-07,6465.428,6451.408
292,2021-09-08,6477.5977,6505.1514
293,2021-09-09,6474.8955,6636.3926
294,2021-08-28,6097.221,6254.0283
295,2021-08-29,5949.83,6040.195
296,2021-08-30,6424.463,6356.2
297,2021-08-31,6457.3687,6423.1323
298,2021-09-01,6452.8613,6493.1084
299,2021-09-02,6466.3843,6298.5425
300,2021-09-03,6463.228,6362.3506
301,2021-09-04,6123.8154,6188.2095
302,2021-09-05,5995.355,6039.7646
303,2021-09-06,6464.1294,6537.5215
304,2021-09-07,6509.6543,6451.408
305,2021-09-08,6510.556,6505.1514
306,2021-09-09,6527.234,6636.3926
307,2021-09-10,6516.866,6510.4546
308,2021-08-29,5977.7046,6040.195
309,2021-08-30,6406.8066,6356.2
310,2021-08-31,6442.4146,6423.1323
311,2021-09-01,6423.0337,6493.1084
312,2021-09-02,6466.304,6298.5425
313,2021-09-03,6474.8687,6362.3506
314,2021-09-04,6155.7437,6188.2095
315,2021-09-05,6030.89,6039.7646
316,2021-09-06,6446.022,6537.5215
317,2021-09-07,6491.0957,6451.408
318,2021-09-08,6498.3076,6505.1514
319,2021-09-09,6523.9985,6636.3926
320,2021-09-10,6507.3213,6510.4546
321,2021-09-11,6197.662,6253.585
322,2021-08-30,6407.312,6356.2
323,2021-08-31,6438.8613,6423.1323
324,2021-09-01,6442.9194,6493.1084
325,2021-09-02,6433.4517,6298.5425
326,2021-09-03,6409.5645,6362.3506
327,2021-09-04,6106.214,6188.2095
328,2021-09-05,5993.078,6039.7646
329,2021-09-06,6440.667,6537.5215
330,2021-09-07,6479.88,6451.408
331,2021-09-08,6469.5127,6505.1514
332,2021-09-09,6484.3877,6636.3926
333,2021-09-10,6470.865,6510.4546
334,2021-09-11,6141.822,6253.585
335,2021-09-12,6069.705,6152.053
336,2021-08-31,6411.1177,6423.1323
337,2021-09-01,6412.469,6493.1084
338,2021-09-02,6414.7246,6298.5425
339,2021-09-03,6405.706,6362.3506
340,2021-09-04,6090.585,6188.2095
341,2021-09-05,5989.1504,6039.7646
342,2021-09-06,6483.6987,6537.5215
343,2021-09-07,6515.707,6451.408
344,2021-09-08,6495.42,6505.1514
345,2021-09-09,6489.5596,6636.3926
346,2021-09-10,6466.1177,6510.4546
347,2021-09-11,6134.766,6253.585
348,2021-09-12,6026.118,6152.053
349,2021-09-13,6485.5024,6474.404
350,2021-09-01,6388.5205,6493.1084
351,2021-09-02,6425.0386,6298.5425
352,2021-09-03,6439.917,6362.3506
353,2021-09-04,6132.439,6188.2095
354,2021-09-05,5992.2275,6039.7646
355,2021-09-06,6427.2944,6537.5215
356,2021-09-07,6460.2056,6451.408
357,2021-09-08,6469.2217,6505.1514
358,2021-09-09,6462.911,6636.3926
359,2021-09-10,6460.207,6510.4546
360,2021-09-11,6156.7837,6253.585
361,2021-09-12,6036.409,6152.053
362,2021-09-13,6464.713,6474.404
363,2021-09-14,6502.1357,6517.15
364,2021-09-02,6480.3564,6298.5425
365,2021-09-03,6447.4375,6362.3506
366,2021-09-04,6189.506,6188.2095
367,2021-09-05,6037.9927,6039.7646
368,2021-09-06,6438.871,6537.5215
369,2021-09-07,6493.885,6451.408
370,2021-09-08,6508.766,6505.1514
371,2021-09-09,6502.4526,6636.3926
372,2021-09-10,6473.5923,6510.4546
373,2021-09-11,6210.2495,6253.585
374,2021-09-12,6104.7285,6152.053
375,2021-09-13,6499.746,6474.404
376,2021-09-14,6570.5425,6517.15
377,2021-09-15,6554.7607,6618.6665
378,2021-09-03,6360.7017,6362.3506
379,2021-09-04,6156.8545,6188.2095
380,2021-09-05,5994.9526,6039.7646
381,2021-09-06,6280.8774,6537.5215
382,2021-09-07,6430.1523,6451.408
383,2021-09-08,6429.7017,6505.1514
384,2021-09-09,6436.0137,6636.3926
385,2021-09-10,6412.1123,6510.4546
386,2021-09-11,6210.9736,6253.585
387,2021-09-12,6078.835,6152.053
388,2021-09-13,6362.507,6474.404
389,2021-09-14,6495.9976,6517.15
390,2021-09-15,6513.1313,6618.6665
391,2021-09-16,6492.389,6681.2217
392,2021-09-04,6223.155,6188.2095
393,2021-09-05,6010.2583,6039.7646
394,2021-09-06,6140.6113,6537.5215
395,2021-09-07,6447.7773,6451.408
396,2021-09-08,6465.8213,6505.1514
397,2021-09-09,6458.6035,6636.3926
398,2021-09-10,6437.405,6510.4546
399,2021-09-11,6283.1436,6253.585
400,2021-09-12,6063.4814,6152.053
401,2021-09-13,6187.9717,6474.404
402,2021-09-14,6475.7437,6517.15
403,2021-09-15,6497.3945,6618.6665
404,2021-09-16,6517.2407,6681.2217
405,2021-09-17,6499.1987,6699.5693
406,2021-09-05,5941.9556,6039.7646
407,2021-09-06,6251.888,6537.5215
408,2021-09-07,6398.0586,6451.408
409,2021-09-08,6411.1426,6505.1514
410,2021-09-09,6420.161,6636.3926
411,2021-09-10,6407.9824,6510.4546
412,2021-09-11,6169.3296,6253.585
413,2021-09-12,6001.5083,6152.053
414,2021-09-13,6309.634,6474.404
415,2021-09-14,6453.096,6517.15
416,2021-09-15,6463.02,6618.6665
417,2021-09-16,6461.2163,6681.2217
418,2021-09-17,6435.9526,6699.5693
419,2021-09-18,6186.473,6359.7954
420,2021-09-06,6359.1274,6537.5215
421,2021-09-07,6453.426,6451.408
422,2021-09-08,6443.0483,6505.1514
423,2021-09-09,6427.2583,6636.3926
424,2021-09-10,6424.5513,6510.4546
425,2021-09-11,6162.86,6253.585
426,2021-09-12,6038.3286,6152.053
427,2021-09-13,6390.26,6474.404
428,2021-09-14,6471.023,6517.15
429,2021-09-15,6492.6807,6618.6665
430,2021-09-16,6508.0186,6681.2217
431,2021-09-17,6499.447,6699.5693
432,2021-09-18,6207.978,6359.7954
433,2021-09-19,6080.29,6085.813
434,2021-09-07,6515.942,6451.408
435,2021-09-08,6495.6313,6505.1514
436,2021-09-09,6492.9233,6636.3926
437,2021-09-10,6455.913,6510.4546
438,2021-09-11,6164.3506,6253.585
439,2021-09-12,6063.25,6152.053
440,2021-09-13,6487.053,6474.404
441,2021-09-14,6510.5244,6517.15
442,2021-09-15,6496.082,6618.6665
443,2021-09-16,6512.7817,6681.2217
444,2021-09-17,6487.5083,6699.5693
445,2021-09-18,6151.7124,6359.7954
446,2021-09-19,6080.853,6085.813
447,2021-09-20,6513.234,6575.688
448,2021-09-08,6447.493,6505.1514
449,2021-09-09,6429.437,6636.3926
450,2021-09-10,6421.763,6510.4546
451,2021-09-11,6145.9517,6253.585
452,2021-09-12,6043.935,6152.053
453,2021-09-13,6470.965,6474.404
454,2021-09-14,6520.62,6517.15
455,2021-09-15,6506.177,6618.6665
456,2021-09-16,6503.017,6681.2217
457,2021-09-17,6512.496,6699.5693
458,2021-09-18,6194.7046,6359.7954
459,2021-09-19,6081.4,6085.813
460,2021-09-20,6524.2314,6575.688
461,2021-09-21,6565.311,6606.545
462,2021-09-09,6483.4526,6636.3926
463,2021-09-10,6466.2944,6510.4546
464,2021-09-11,6166.051,6253.585
465,2021-09-12,6063.561,6152.053
466,2021-09-13,6505.125,6474.404
467,2021-09-14,6538.082,6517.15
468,2021-09-15,6535.371,6618.6665
469,2021-09-16,6547.1133,6681.2217
470,2021-09-17,6532.2114,6699.5693
471,2021-09-18,6204.4277,6359.7954
472,2021-09-19,6072.14,6085.813
473,2021-09-20,6526.3413,6575.688
474,2021-09-21,6566.076,6606.545
475,2021-09-22,6528.6006,6620.951
476,2021-09-10,6512.3496,6510.4546
477,2021-09-11,6181.3345,6253.585
478,2021-09-12,6123.533,6152.053
479,2021-09-13,6555.2505,6474.404
480,2021-09-14,6564.734,6517.15
481,2021-09-15,6560.2188,6618.6665
482,2021-09-16,6566.54,6681.2217
483,2021-09-17,6518.22,6699.5693
484,2021-09-18,6197.1387,6359.7954
485,2021-09-19,6118.1123,6085.813
486,2021-09-20,6538.0894,6575.688
487,2021-09-21,6567.4443,6606.545
488,2021-09-22,6550.2827,6620.951
489,2021-09-23,6534.929,6656.3955
490,2021-09-11,6138.5376,6253.585
491,2021-09-12,6054.9805,6152.053
492,2021-09-13,6507.5454,6474.404
493,2021-09-14,6545.937,6517.15
494,2021-09-15,6551.3555,6618.6665
495,2021-09-16,6558.5825,6681.2217
496,2021-09-17,6522.449,6699.5693
497,2021-09-18,6163.832,6359.7954
498,2021-09-19,6056.3354,6085.813
499,2021-09-20,6526.515,6575.688
500,2021-09-21,6559.94,6606.545
501,2021-09-22,6543.226,6620.951
502,2021-09-23,6533.7407,6656.3955
503,2021-09-24,6505.739,6735.366
504,2021-09-12,6070.426,6152.053
505,2021-09-13,6527.5464,6474.404
506,2021-09-14,6543.808,6517.15
507,2021-09-15,6557.359,6618.6665
508,2021-09-16,6557.8105,6681.2217
509,2021-09-17,6519.419,6699.5693
510,2021-09-18,6175.2227,6359.7954
511,2021-09-19,6068.167,6085.813
512,2021-09-20,6540.1943,6575.688
513,2021-09-21,6536.13,6606.545
514,2021-09-22,6509.0273,6620.951
515,2021-09-23,6520.774,6656.3955
516,2021-09-24,6486.4434,6735.366
517,2021-09-25,6158.056,6355.463
518,2021-09-13,6587.622,6474.404
519,2021-09-14,6582.6533,6517.15
520,2021-09-15,6594.3975,6618.6665
521,2021-09-16,6598.013,6681.2217
522,2021-09-17,6547.8687,6699.5693
523,2021-09-18,6197.75,6359.7954
524,2021-09-19,6095.6504,6085.813
525,2021-09-20,6550.1274,6575.688
526,2021-09-21,6576.78,6606.545
527,2021-09-22,6567.744,6620.951
528,2021-09-23,6569.5527,6656.3955
529,2021-09-24,6528.4424,6735.366
530,2021-09-25,6204.9785,6355.463
531,2021-09-26,6105.1377,6186.116
532,2021-09-14,6499.015,6517.15
533,2021-09-15,6507.148,6618.6665
534,2021-09-16,6493.5923,6681.2217
535,2021-09-17,6468.286,6699.5693
536,2021-09-18,6117.623,6359.7954
537,2021-09-19,6041.7056,6085.813
538,2021-09-20,6481.391,6575.688
539,2021-09-21,6511.668,6606.545
540,2021-09-22,6490.4287,6620.951
541,2021-09-23,6489.073,6656.3955
542,2021-09-24,6467.384,6735.366
543,2021-09-25,6136.1514,6355.463
544,2021-09-26,6064.3013,6186.116
545,2021-09-27,6518.447,6522.6646
546,2021-09-15,6519.3438,6618.6665
547,2021-09-16,6508.0425,6681.2217
548,2021-09-17,6483.638,6699.5693
549,2021-09-18,6154.168,6359.7954
550,2021-09-19,6046.6064,6085.813
551,2021-09-20,6469.629,6575.688
552,2021-09-21,6508.4956,6606.545
553,2021-09-22,6507.59,6620.951
554,2021-09-23,6501.2627,6656.3955
555,2021-09-24,6479.1167,6735.366
556,2021-09-25,6162.3027,6355.463
557,2021-09-26,6048.4106,6186.116
558,2021-09-27,6488.609,6522.6646
559,2021-09-28,6510.752,6454.898
560,2021-09-16,6586.496,6681.2217
561,2021-09-17,6541.7407,6699.5693
562,2021-09-18,6207.24,6359.7954
563,2021-09-19,6084.2886,6085.813
564,2021-09-20,6517.785,6575.688
565,2021-09-21,6539.935,6606.545
566,2021-09-22,6539.9346,6620.951
567,2021-09-23,6511.909,6656.3955
568,2021-09-24,6487.049,6735.366
569,2021-09-25,6181.476,6355.463
570,2021-09-26,6090.6177,6186.116
571,2021-09-27,6498.3477,6522.6646
572,2021-09-28,6546.2617,6454.898
573,2021-09-29,6544.4546,6529.6504
574,2021-09-17,6639.3525,6699.5693
575,2021-09-18,6265.9023,6359.7954
576,2021-09-19,6123.9395,6085.813
577,2021-09-20,6571.085,6575.688
578,2021-09-21,6582.3877,6606.545
579,2021-09-22,6564.754,6620.951
580,2021-09-23,6593.237,6656.3955
581,2021-09-24,6561.591,6735.366
582,2021-09-25,6230.185,6355.463
583,2021-09-26,6122.1313,6186.116
584,2021-09-27,6534.01,6522.6646
585,2021-09-28,6592.334,6454.898
586,2021-09-29,6589.169,6529.6504
587,2021-09-30,6557.5195,6377.2363
588,2021-09-18,6334.727,6359.7954
589,2021-09-19,6144.7964,6085.813
590,2021-09-20,6562.6494,6575.688
591,2021-09-21,6611.9404,6606.545
592,2021-09-22,6590.6855,6620.951
593,2021-09-23,6596.1133,6656.3955
594,2021-09-24,6569.433,6735.366
595,2021-09-25,6256.4937,6355.463
596,2021-09-26,6112.2383,6186.116
597,2021-09-27,6493.911,6522.6646
598,2021-09-28,6581.1895,6454.898
599,2021-09-29,6573.9546,6529.6504
600,2021-09-30,6573.5005,6377.2363
601,2021-10-01,6536.4204,6364.8223
602,2021-09-19,6113.308,6085.813
603,2021-09-20,6564.2544,6575.688
604,2021-09-21,6584.607,6606.545
605,2021-09-22,6590.939,6620.951
606,2021-09-23,6585.511,6656.3955
607,2021-09-24,6562.8955,6735.366
608,2021-09-25,6231.8125,6355.463
609,2021-09-26,6105.169,6186.116
610,2021-09-27,6552.946,6522.6646
611,2021-09-28,6609.935,6454.898
612,2021-09-29,6611.291,6529.6504
613,2021-09-30,6587.3213,6377.2363
614,2021-10-01,6564.706,6364.8223
615,2021-10-02,6248.094,5990.2646
616,2021-09-20,6508.014,6575.688
617,2021-09-21,6560.038,6606.545
618,2021-09-22,6562.752,6620.951
619,2021-09-23,6550.085,6656.3955
620,2021-09-24,6525.203,6735.366
621,2021-09-25,6225.272,6355.463
622,2021-09-26,6072.3623,6186.116
623,2021-09-27,6465.4883,6522.6646
624,2021-09-28,6565.0127,6454.898
625,2021-09-29,6562.2983,6529.6504
626,2021-09-30,6539.681,6377.2363
627,2021-10-01,6481.3223,6364.8223
628,2021-10-02,6191.7944,5990.2646
629,2021-10-03,6070.1025,5949.3384
630,2021-09-21,6578.87,6606.545
631,2021-09-22,6572.9873,6620.951
632,2021-09-23,6568.01,6656.3955
633,2021-09-24,6528.1855,6735.366
634,2021-09-25,6186.05,6355.463
635,2021-09-26,6041.683,6186.116
636,2021-09-27,6523.659,6522.6646
637,2021-09-28,6558.959,6454.898
638,2021-09-29,6534.0693,6529.6504
639,2021-09-30,6515.0605,6377.2363
640,2021-10-01,6478.4033,6364.8223
641,2021-10-02,6158.895,5990.2646
642,2021-10-03,6072.9087,5949.3384
643,2021-10-04,6488.3594,6535.559
644,2021-09-22,6586.7207,6620.951
645,2021-09-23,6603.0205,6656.3955
646,2021-09-24,6600.757,6735.366
647,2021-09-25,6272.5537,6355.463
648,2021-09-26,6066.5757,6186.116
649,2021-09-27,6515.6494,6522.6646
650,2021-09-28,6580.8364,6454.898
651,2021-09-29,6559.56,6529.6504
652,2021-09-30,6560.92,6377.2363
653,2021-10-01,6541.9062,6364.8223
654,2021-10-02,6227.7373,5990.2646
655,2021-10-03,6069.745,5949.3384
656,2021-10-04,6497.541,6535.559
657,2021-10-05,6547.792,6482.915
658,2021-09-23,6625.2344,6656.3955
659,2021-09-24,6606.216,6735.366
660,2021-09-25,6266.602,6355.463
661,2021-09-26,6081.3975,6186.116
662,2021-09-27,6526.5195,6522.6646
663,2021-09-28,6566.3667,6454.898
664,2021-09-29,6565.011,6529.6504
665,2021-09-30,6565.0107,6377.2363
666,2021-10-01,6542.368,6364.8223
667,2021-10-02,6232.64,5990.2646
668,2021-10-03,6087.286,5949.3384
669,2021-10-04,6509.766,6535.559
670,2021-10-05,6559.5767,6482.915
671,2021-10-06,6549.615,6573.054
672,2021-09-24,6640.166,6735.366
673,2021-09-25,6293.2104,6355.463
674,2021-09-26,6098.446,6186.116
675,2021-09-27,6530.1006,6522.6646
676,2021-09-28,6596.2295,6454.898
677,2021-09-29,6573.583,6529.6504
678,2021-09-30,6576.3,6377.2363
679,2021-10-01,6535.534,6364.8223
680,2021-10-02,6235.6855,5990.2646
681,2021-10-03,6094.8213,5949.3384
682,2021-10-04,6516.51,6535.559
683,2021-10-05,6554.56,6482.915
684,2021-10-06,6549.1226,6573.054
685,2021-10-07,6545.9517,6612.238
686,2021-09-25,6378.915,6355.463
687,2021-09-26,6129.7173,6186.116
688,2021-09-27,6478.5923,6522.6646
689,2021-09-28,6598.207,6454.898
690,2021-09-29,6590.504,6529.6504
691,2021-09-30,6586.88,6377.2363
692,2021-10-01,6571.4746,6364.8223
693,2021-10-02,6302.7954,5990.2646
694,2021-10-03,6108.426,5949.3384
695,2021-10-04,6450.049,6535.559
696,2021-10-05,6568.7544,6482.915
697,2021-10-06,6560.148,6573.054
698,2021-10-07,6563.321,6612.238
699,2021-10-08,6545.197,6713.7734
700,2021-09-26,6063.611,6186.116
701,2021-09-27,6562.152,6522.6646
702,2021-09-28,6596.5938,6454.898
703,2021-09-29,6585.7188,6529.6504
704,2021-09-30,6578.0137,6377.2363
705,2021-10-01,6550.819,6364.8223
706,2021-10-02,6223.5967,5990.2646
707,2021-10-03,6090.803,5949.3384
708,2021-10-04,6539.489,6535.559
709,2021-10-05,6573.9336,6482.915
710,2021-10-06,6573.4814,6573.054
711,2021-10-07,6582.5464,6612.238
712,2021-10-08,6568.0425,6713.7734
713,2021-10-09,6223.1445,6439.4873
714,2021-09-27,6565.8975,6522.6646
715,2021-09-28,6630.7207,6454.898
716,2021-09-29,6634.8,6529.6504
717,2021-09-30,6622.562,6377.2363
718,2021-10-01,6613.951,6364.8223
719,2021-10-02,6271.694,5990.2646
720,2021-10-03,6119.8296,5949.3384
721,2021-10-04,6567.2583,6535.559
722,2021-10-05,6614.4004,6482.915
723,2021-10-06,6596.2695,6573.054
724,2021-10-07,6592.643,6612.238
725,2021-10-08,6548.6714,6713.7734
726,2021-10-09,6234.5215,6439.4873
727,2021-10-10,6116.6567,6257.1685
728,2021-09-28,6583.2163,6454.898
729,2021-09-29,6559.6323,6529.6504
730,2021-09-30,6555.551,6377.2363
731,2021-10-01,6517.459,6364.8223
732,2021-10-02,6182.334,5990.2646
733,2021-10-03,6054.0,5949.3384
734,2021-10-04,6486.169,6535.559
735,2021-10-05,6510.6577,6482.915
736,2021-10-06,6474.378,6573.054
737,2021-10-07,6491.1577,6612.238
738,2021-10-08,6472.1133,6713.7734
739,2021-10-09,6169.1846,6439.4873
740,2021-10-10,6080.3013,6257.1685
741,2021-10-11,6499.773,6658.779
742,2021-09-29,6471.2583,6529.6504
743,2021-09-30,6493.0312,6377.2363
744,2021-10-01,6464.002,6364.8223
745,2021-10-02,6156.927,5990.2646
746,2021-10-03,6017.2256,5949.3384
747,2021-10-04,6452.6606,6535.559
748,2021-10-05,6474.8867,6482.915
749,2021-10-06,6464.908,6573.054
750,2021-10-07,6476.7017,6612.238
751,2021-10-08,6438.6,6713.7734
752,2021-10-09,6141.05,6439.4873
753,2021-10-10,6023.1187,6257.1685
754,2021-10-11,6449.4883,6658.779
755,2021-10-12,6488.4956,6885.4077
756,2021-09-30,6543.102,6377.2363
757,2021-10-01,6495.463,6364.8223
758,2021-10-02,6186.5024,5990.2646
759,2021-10-03,6053.5723,5949.3384
760,2021-10-04,6475.9546,6535.559
761,2021-10-05,6492.7407,6482.915
762,2021-10-06,6475.502,6573.054
763,2021-10-07,6471.873,6612.238
764,2021-10-08,6434.215,6713.7734
765,2021-10-09,6145.216,6439.4873
766,2021-10-10,6016.822,6257.1685
767,2021-10-11,6436.938,6658.779
768,2021-10-12,6480.946,6885.4077
769,2021-10-13,6475.4985,6904.2583
770,2021-10-01,6374.977,6364.8223
771,2021-10-02,6142.1875,5990.2646
772,2021-10-03,5992.445,5949.3384
773,2021-10-04,6363.6294,6535.559
774,2021-10-05,6446.669,6482.915
775,2021-10-06,6426.2515,6573.054
776,2021-10-07,6428.9736,6612.238
777,2021-10-08,6395.846,6713.7734
778,2021-10-09,6148.5425,6439.4873
779,2021-10-10,6005.1494,6257.1685
780,2021-10-11,6343.21,6658.779
781,2021-10-12,6431.2417,6885.4077
782,2021-10-13,6438.9556,6904.2583
783,2021-10-14,6436.686,6975.4473
784,2021-10-02,6096.3457,5990.2646
785,2021-10-03,5979.248,5949.3384
786,2021-10-04,6405.8833,6535.559
787,2021-10-05,6447.183,6482.915
788,2021-10-06,6428.5767,6573.054
789,2021-10-07,6421.3145,6612.238
790,2021-10-08,6369.118,6713.7734
791,2021-10-09,6082.2764,6439.4873
792,2021-10-10,5971.0786,6257.1685
793,2021-10-11,6375.02,6658.779
794,2021-10-12,6424.037,6885.4077
795,2021-10-13,6426.3086,6904.2583
796,2021-10-14,6437.655,6975.4473
797,2021-10-15,6411.781,6928.0503
798,2021-10-03,5896.784,5949.3384
799,2021-10-04,6387.426,6535.559
800,2021-10-05,6408.7593,6482.915
801,2021-10-06,6405.1274,6573.054
802,2021-10-07,6386.9717,6612.238
803,2021-10-08,6339.3154,6713.7734
804,2021-10-09,6034.7637,6439.4873
805,2021-10-10,5937.634,6257.1685
806,2021-10-11,6387.881,6658.779
807,2021-10-12,6402.858,6885.4077
808,2021-10-13,6417.382,6904.2583
809,2021-10-14,6395.143,6975.4473
810,2021-10-15,6374.264,6928.0503
811,2021-10-16,6107.385,6626.86
812,2021-10-04,6384.034,6535.559
813,2021-10-05,6410.813,6482.915
814,2021-10-06,6385.851,6573.054
815,2021-10-07,6365.4263,6612.238
816,2021-10-08,6310.052,6713.7734
817,2021-10-09,6011.3887,6439.4873
818,2021-10-10,5950.5664,6257.1685
819,2021-10-11,6369.513,6658.779
820,2021-10-12,6372.233,6885.4077
821,2021-10-13,6392.2056,6904.2583
822,2021-10-14,6389.0273,6975.4473
823,2021-10-15,6373.141,6928.0503
824,2021-10-16,6071.757,6626.86
825,2021-10-17,5988.239,6271.2397
826,2021-10-05,6501.875,6482.915
827,2021-10-06,6483.7144,6573.054
828,2021-10-07,6459.1963,6612.238
829,2021-10-08,6432.8643,6713.7734
830,2021-10-09,6108.7026,6439.4873
831,2021-10-10,5994.2925,6257.1685
832,2021-10-11,6450.5723,6658.779
833,2021-10-12,6469.6387,6885.4077
834,2021-10-13,6442.8525,6904.2583
835,2021-10-14,6442.8525,6975.4473
836,2021-10-15,6424.692,6928.0503
837,2021-10-16,6155.011,6626.86
838,2021-10-17,6052.857,6271.2397
839,2021-10-18,6469.185,6581.867
840,2021-10-06,6466.0483,6573.054
841,2021-10-07,6459.6904,6612.238
842,2021-10-08,6411.105,6713.7734
843,2021-10-09,6080.54,6439.4873
844,2021-10-10,5997.8975,6257.1685
845,2021-10-11,6448.794,6658.779
846,2021-10-12,6445.161,6885.4077
847,2021-10-13,6440.6206,6904.2583
848,2021-10-14,6460.601,6975.4473
849,2021-10-15,6448.3413,6928.0503
850,2021-10-16,6153.645,6626.86
851,2021-10-17,6053.2944,6271.2397
852,2021-10-18,6504.6465,6581.867
853,2021-10-19,6515.9995,6684.4634
854,2021-10-07,6560.072,6612.238
855,2021-10-08,6511.0244,6713.7734
856,2021-10-09,6192.6704,6439.4873
857,2021-10-10,6079.592,6257.1685
858,2021-10-11,6511.48,6658.779
859,2021-10-12,6506.937,6885.4077
860,2021-10-13,6509.207,6904.2583
861,2021-10-14,6497.8564,6975.4473
862,2021-10-15,6476.058,6928.0503
863,2021-10-16,6170.875,6626.86
864,2021-10-17,6075.96,6271.2397
865,2021-10-18,6487.41,6581.867
866,2021-10-19,6517.3833,6684.4634
867,2021-10-20,6523.286,6550.5884
868,2021-10-08,6499.305,6713.7734
869,2021-10-09,6152.2656,6439.4873
870,2021-10-10,6062.779,6257.1685
871,2021-10-11,6517.9326,6658.779
872,2021-10-12,6511.572,6885.4077
873,2021-10-13,6507.031,6904.2583
874,2021-10-14,6510.2104,6975.4473
875,2021-10-15,6478.4126,6928.0503
876,2021-10-16,6174.9775,6626.86
877,2021-10-17,6082.3125,6271.2397
878,2021-10-18,6496.127,6581.867
879,2021-10-19,6506.5757,6684.4634
880,2021-10-20,6515.6587,6550.5884
881,2021-10-21,6502.9424,6475.0454
882,2021-10-09,6333.656,6439.4873
883,2021-10-10,6142.378,6257.1685
884,2021-10-11,6581.7295,6658.779
885,2021-10-12,6607.1733,6885.4077
886,2021-10-13,6617.169,6904.2583
887,2021-10-14,6627.1655,6975.4473
888,2021-10-15,6610.3564,6928.0503
889,2021-10-16,6306.8496,6626.86
890,2021-10-17,6174.1787,6271.2397
891,2021-10-18,6584.4546,6581.867
892,2021-10-19,6623.984,6684.4634
893,2021-10-20,6638.07,6550.5884
894,2021-10-21,6635.3423,6475.0454
895,2021-10-22,6619.897,6528.918
896,2021-10-10,6167.183,6257.1685
897,2021-10-11,6619.3174,6658.779
898,2021-10-12,6624.77,6885.4077
899,2021-10-13,6617.5005,6904.2583
900,2021-10-14,6591.1445,6975.4473
901,2021-10-15,6616.1357,6928.0503
902,2021-10-16,6297.1455,6626.86
903,2021-10-17,6155.368,6271.2397
904,2021-10-18,6575.239,6581.867
905,2021-10-19,6606.139,6684.4634
906,2021-10-20,6597.05,6550.5884
907,2021-10-21,6581.147,6475.0454
908,2021-10-22,6579.3286,6528.918
909,2021-10-23,6268.5156,6229.809
910,2021-10-11,6562.3843,6658.779
911,2021-10-12,6555.112,6885.4077
912,2021-10-13,6553.2954,6904.2583
913,2021-10-14,6549.203,6975.4473
914,2021-10-15,6514.6655,6928.0503
915,2021-10-16,6226.0806,6626.86
916,2021-10-17,6129.739,6271.2397
917,2021-10-18,6503.757,6581.867
918,2021-10-19,6550.1123,6684.4634
919,2021-10-20,6563.744,6550.5884
920,2021-10-21,6566.018,6475.0454
921,2021-10-22,6552.8394,6528.918
922,2021-10-23,6271.984,6229.809
923,2021-10-24,6182.455,6056.3564
924,2021-10-12,6593.9785,6885.4077
925,2021-10-13,6581.2505,6904.2583
926,2021-10-14,6574.884,6975.4473
927,2021-10-15,6553.5205,6928.0503
928,2021-10-16,6209.385,6626.86
929,2021-10-17,6106.647,6271.2397
930,2021-10-18,6549.884,6581.867
931,2021-10-19,6563.5215,6684.4634
932,2021-10-20,6568.5205,6550.5884
933,2021-10-21,6586.7046,6475.0454
934,2021-10-22,6562.611,6528.918
935,2021-10-23,6225.7505,6229.809
936,2021-10-24,6138.922,6056.3564
937,2021-10-25,6579.4307,6580.954
938,2021-10-13,6794.096,6904.2583
939,2021-10-14,6758.6274,6975.4473
940,2021-10-15,6759.9917,6928.0503
941,2021-10-16,6429.4023,6626.86
942,2021-10-17,6292.9863,6271.2397
943,2021-10-18,6684.0527,6581.867
944,2021-10-19,6725.8877,6684.4634
945,2021-10-20,6731.342,6550.5884
946,2021-10-21,6719.065,6475.0454
947,2021-10-22,6703.149,6528.918
948,2021-10-23,6388.9336,6229.809
949,2021-10-24,6283.8906,6056.3564
950,2021-10-25,6674.957,6580.954
951,2021-10-26,6717.7,6681.8013
952,2021-10-14,6852.9927,6975.4473
953,2021-10-15,6813.877,6928.0503
954,2021-10-16,6459.107,6626.86
955,2021-10-17,6310.8296,6271.2397
956,2021-10-18,6734.7363,6581.867
957,2021-10-19,6788.861,6684.4634
958,2021-10-20,6787.0405,6550.5884
959,2021-10-21,6797.502,6475.0454
960,2021-10-22,6763.391,6528.918
961,2021-10-23,6413.623,6229.809
962,2021-10-24,6335.392,6056.3564
963,2021-10-25,6738.3745,6580.954
964,2021-10-26,6788.405,6681.8013
965,2021-10-27,6841.165,6704.128
966,2021-10-15,6922.8975,6928.0503
967,2021-10-16,6514.3223,6626.86
968,2021-10-17,6326.4204,6271.2397
969,2021-10-18,6731.805,6581.867
970,2021-10-19,6768.6567,6684.4634
971,2021-10-20,6783.6724,6550.5884
972,2021-10-21,6786.402,6475.0454
973,2021-10-22,6791.4062,6528.918
974,2021-10-23,6435.614,6229.809
975,2021-10-24,6303.217,6056.3564
976,2021-10-25,6711.784,6580.954
977,2021-10-26,6758.647,6681.8013
978,2021-10-27,6764.109,6704.128
979,2021-10-28,6747.726,6654.5933
980,2021-10-16,6551.2236,6626.86
981,2021-10-17,6324.5806,6271.2397
982,2021-10-18,6654.074,6581.867
983,2021-10-19,6762.39,6684.4634
984,2021-10-20,6785.1436,6550.5884
985,2021-10-21,6795.6123,6475.0454
986,2021-10-22,6767.395,6528.918
987,2021-10-23,6476.585,6229.809
988,2021-10-24,6340.509,6056.3564
989,2021-10-25,6681.382,6580.954
990,2021-10-26,6778.321,6681.8013
991,2021-10-27,6783.323,6704.128
992,2021-10-28,6768.7607,6654.5933
993,2021-10-29,6751.467,6712.5684
994,2021-10-17,6367.3237,6271.2397
995,2021-10-18,6741.495,6581.867
996,2021-10-19,6804.314,6684.4634
997,2021-10-20,6827.0757,6550.5884
998,2021-10-21,6814.3276,6475.0454
999,2021-10-22,6813.418,6528.918
1000,2021-10-23,6517.0845,6229.809
1001,2021-10-24,6409.201,6056.3564
1002,2021-10-25,6798.3955,6580.954
1003,2021-10-26,6845.2817,6681.8013
1004,2021-10-27,6857.572,6704.128
1005,2021-10-28,6841.1846,6654.5933
1006,2021-10-29,6826.619,6712.5684
1007,2021-10-30,6529.375,6415.479
1008,2021-10-18,6510.732,6581.867
1009,2021-10-19,6710.6074,6684.4634
1010,2021-10-20,6721.991,6550.5884
1011,2021-10-21,6754.773,6475.0454
1012,2021-10-22,6749.765,6528.918
1013,2021-10-23,6580.8496,6229.809
1014,2021-10-24,6345.006,6056.3564
1015,2021-10-25,6575.385,6580.954
1016,2021-10-26,6773.439,6681.8013
1017,2021-10-27,6813.9604,6704.128
1018,2021-10-28,6813.504,6654.5933
1019,2021-10-29,6793.4707,6712.5684
1020,2021-10-30,6620.4614,6415.479
1021,2021-10-31,6427.415,6160.9214
1022,2021-10-19,6768.34,6684.4634
1023,2021-10-20,6794.303,6550.5884
1024,2021-10-21,6770.1636,6475.0454
1025,2021-10-22,6759.2324,6528.918
1026,2021-10-23,6421.748,6229.809
1027,2021-10-24,6265.987,6056.3564
1028,2021-10-25,6694.103,6580.954
1029,2021-10-26,6725.986,6681.8013
1030,2021-10-27,6746.933,6704.128
1031,2021-10-28,6742.38,6654.5933
1032,2021-10-29,6745.569,6712.5684
1033,2021-10-30,6417.1924,6415.479
1034,2021-10-31,6315.174,6160.9214
1035,2021-11-01,6703.668,6482.731
1036,2021-10-20,6739.859,6550.5884
1037,2021-10-21,6713.89,6475.0454
1038,2021-10-22,6712.978,6528.918
1039,2021-10-23,6426.8755,6229.809
1040,2021-10-24,6270.1543,6056.3564
1041,2021-10-25,6624.5967,6580.954
1042,2021-10-26,6705.6904,6681.8013
1043,2021-10-27,6711.1562,6704.128
1044,2021-10-28,6713.4355,6654.5933
1045,2021-10-29,6696.1235,6712.5684
1046,2021-10-30,6420.496,6415.479
1047,2021-10-31,6303.412,6160.9214
1048,2021-11-01,6663.321,6482.731
1049,2021-11-02,6765.368,6462.4326
1050,2021-10-21,6570.8623,6475.0454
1051,2021-10-22,6596.835,6528.918
1052,2021-10-23,6310.232,6229.809
1053,2021-10-24,6163.5117,6056.3564
1054,2021-10-25,6544.433,6580.954
1055,2021-10-26,6623.261,6681.8013
1056,2021-10-27,6618.706,6704.128
1057,2021-10-28,6614.15,6654.5933
1058,2021-10-29,6599.1133,6712.5684
1059,2021-10-30,6328.912,6415.479
1060,2021-10-31,6235.5044,6160.9214
1061,2021-11-01,6564.483,6482.731
1062,2021-11-02,6633.7417,6462.4326
1063,2021-11-03,6639.21,6431.2437
1064,2021-10-22,6497.6323,6528.918
1065,2021-10-23,6247.4434,6229.809
1066,2021-10-24,6110.2725,6056.3564
1067,2021-10-25,6497.6323,6580.954
1068,2021-10-26,6560.0654,6681.8013
1069,2021-10-27,6574.6504,6704.128
1070,2021-10-28,6581.0293,6654.5933
1071,2021-10-29,6566.9014,6712.5684
1072,2021-10-30,6331.2954,6415.479
1073,2021-10-31,6235.5923,6160.9214
1074,2021-11-01,6565.537,6482.731
1075,2021-11-02,6655.767,6462.4326
1076,2021-11-03,6664.8794,6431.2437
1077,2021-11-04,6664.4243,6063.2866
1078,2021-10-23,6270.235,6229.809
1079,2021-10-24,6152.642,6056.3564
1080,2021-10-25,6548.7173,6580.954
1081,2021-10-26,6602.957,6681.8013
1082,2021-10-27,6608.8813,6704.128
1083,2021-10-28,6629.392,6654.5933
1084,2021-10-29,6617.084,6712.5684
1085,2021-10-30,6325.3843,6415.479
1086,2021-10-31,6214.628,6160.9214
1087,2021-11-01,6589.7383,6482.731
1088,2021-11-02,6651.725,6462.4326
1089,2021-11-03,6677.7036,6431.2437
1090,2021-11-04,6699.1255,6063.2866
1091,2021-11-05,6671.7793,6435.461
1092,2021-10-24,6108.8096,6056.3564
1093,2021-10-25,6562.3433,6580.954
1094,2021-10-26,6602.457,6681.8013
1095,2021-10-27,6620.2295,6704.128
1096,2021-10-28,6636.1855,6654.5933
1097,2021-10-29,6604.279,6712.5684
1098,2021-10-30,6295.235,6415.479
1099,2021-10-31,6204.5283,6160.9214
1100,2021-11-01,6599.265,6482.731
1101,2021-11-02,6667.179,6462.4326
1102,2021-11-03,6684.0444,6431.2437
1103,2021-11-04,6672.6514,6063.2866
1104,2021-11-05,6647.581,6435.461
1105,2021-11-06,6347.656,6202.514
1106,2021-10-25,6469.087,6580.954
1107,2021-10-26,6488.688,6681.8013
1108,2021-10-27,6497.806,6704.128
1109,2021-10-28,6509.2046,6654.5933
1110,2021-10-29,6469.9985,6712.5684
1111,2021-10-30,6197.852,6415.479
1112,2021-10-31,6126.7383,6160.9214
1113,2021-11-01,6518.322,6482.731
1114,2021-11-02,6557.0684,6462.4326
1115,2021-11-03,6559.3467,6431.2437
1116,2021-11-04,6580.319,6063.2866
1117,2021-11-05,6542.9375,6435.461
1118,2021-11-06,6272.6123,6202.514
1119,2021-11-07,6169.5874,6066.5063
1120,2021-10-26,6594.2275,6681.8013
1121,2021-10-27,6595.594,6704.128
1122,2021-10-28,6601.5244,6654.5933
1123,2021-10-29,6595.1387,6712.5684
1124,2021-10-30,6295.547,6415.479
1125,2021-10-31,6182.4556,6160.9214
1126,2021-11-01,6598.332,6482.731
1127,2021-11-02,6643.4756,6462.4326
1128,2021-11-03,6635.7217,6431.2437
1129,2021-11-04,6655.331,6063.2866
1130,2021-11-05,6632.076,6435.461
1131,2021-11-06,6323.8174,6202.514
1132,2021-11-07,6191.1226,6066.5063
1133,2021-11-08,6581.916,6505.1714
1134,2021-10-27,6647.433,6704.128
1135,2021-10-28,6655.186,6654.5933
1136,2021-10-29,6631.926,6712.5684
1137,2021-10-30,6344.1167,6415.479
1138,2021-10-31,6234.1914,6160.9214
1139,2021-11-01,6627.3643,6482.731
1140,2021-11-02,6670.2393,6462.4326
1141,2021-11-03,6688.4844,6431.2437
1142,2021-11-04,6718.587,6063.2866
1143,2021-11-05,6711.29,6435.461
1144,2021-11-06,6371.483,6202.514
1145,2021-11-07,6249.7007,6066.5063
1146,2021-11-08,6643.3276,6505.1714
1147,2021-11-09,6697.605,6540.7446
1148,2021-10-28,6714.0474,6654.5933
1149,2021-10-29,6684.8506,6712.5684
1150,2021-10-30,6375.083,6415.479
1151,2021-10-31,6235.939,6160.9214
1152,2021-11-01,6646.072,6482.731
1153,2021-11-02,6698.536,6462.4326
1154,2021-11-03,6738.226,6431.2437
1155,2021-11-04,6730.47,6063.2866
1156,2021-11-05,6722.2573,6435.461
1157,2021-11-06,6426.634,6202.514
1158,2021-11-07,6280.189,6066.5063
1159,2021-11-08,6667.0576,6505.1714
1160,2021-11-09,6733.207,6540.7446
1161,2021-11-10,6748.719,6417.857
1162,2021-10-29,6628.527,6712.5684
1163,2021-10-30,6323.7295,6415.479
1164,2021-10-31,6193.2305,6160.9214
1165,2021-11-01,6603.8857,6482.731
1166,2021-11-02,6671.875,6462.4326
1167,2021-11-03,6698.34,6431.2437
1168,2021-11-04,6693.3213,6063.2866
1169,2021-11-05,6683.7383,6435.461
1170,2021-11-06,6378.484,6202.514
1171,2021-11-07,6228.822,6066.5063
1172,2021-11-08,6620.7705,6505.1714
1173,2021-11-09,6694.6904,6540.7446
1174,2021-11-10,6707.9214,6417.857
1175,2021-11-11,6708.837,6485.3022
1176,2021-10-30,6410.293,6415.479
1177,2021-10-31,6252.8433,6160.9214
1178,2021-11-01,6608.3613,6482.731
1179,2021-11-02,6696.4424,6462.4326
1180,2021-11-03,6729.2993,6431.2437
1181,2021-11-04,6749.381,6063.2866
1182,2021-11-05,6737.0586,6435.461
1183,2021-11-06,6449.997,6202.514
1184,2021-11-07,6294.373,6066.5063
1185,2021-11-08,6653.0854,6505.1714
1186,2021-11-09,6737.5137,6540.7446
1187,2021-11-10,6745.2744,6417.857
1188,2021-11-11,6735.2344,6485.3022
1189,2021-11-12,6734.7783,6537.6636
1190,2021-10-31,6201.1543,6160.9214
1191,2021-11-01,6622.444,6482.731
1192,2021-11-02,6655.766,6462.4326
1193,2021-11-03,6679.5,6431.2437
1194,2021-11-04,6697.3,6063.2866
1195,2021-11-05,6679.5005,6435.461
1196,2021-11-06,6356.3438,6202.514
1197,2021-11-07,6248.167,6066.5063
1198,2021-11-08,6645.2676,6505.1714
1199,2021-11-09,6700.04,6540.7446
1200,2021-11-10,6707.345,6417.857
1201,2021-11-11,6727.426,6485.3022
1202,2021-11-12,6713.2783,6537.6636
1203,2021-11-13,6362.277,6180.2104
1204,2021-11-01,6558.342,6482.731
1205,2021-11-02,6620.8857,6462.4326
1206,2021-11-03,6645.535,6431.2437
1207,2021-11-04,6629.56,6063.2866
1208,2021-11-05,6616.3193,6435.461
1209,2021-11-06,6319.1274,6202.514
1210,2021-11-07,6185.823,6066.5063
1211,2021-11-08,6586.1895,6505.1714
1212,2021-11-09,6662.8833,6540.7446
1213,2021-11-10,6656.036,6417.857
1214,2021-11-11,6655.1226,6485.3022
1215,2021-11-12,6646.449,6537.6636
1216,2021-11-13,6332.3643,6180.2104
1217,2021-11-14,6193.128,6101.277
1218,2021-11-02,6603.159,6462.4326
1219,2021-11-03,6620.0566,6431.2437
1220,2021-11-04,6605.898,6063.2866
1221,2021-11-05,6589.4595,6435.461
1222,2021-11-06,6294.465,6202.514
1223,2021-11-07,6162.491,6066.5063
1224,2021-11-08,6585.8057,6505.1714
1225,2021-11-09,6610.0107,6540.7446
1226,2021-11-10,6640.605,6417.857
1227,2021-11-11,6661.156,6485.3022
1228,2021-11-12,6641.5186,6537.6636
1229,2021-11-13,6304.511,6180.2104
1230,2021-11-14,6166.6025,6101.277
1231,2021-11-15,6565.259,6600.199
1232,2021-11-03,6538.1094,6431.2437
1233,2021-11-04,6561.402,6063.2866
1234,2021-11-05,6570.0776,6435.461
1235,2021-11-06,6260.4355,6202.514
1236,2021-11-07,6119.773,6066.5063
1237,2021-11-08,6532.63,6505.1714
1238,2021-11-09,6568.709,6540.7446
1239,2021-11-10,6570.533,6417.857
1240,2021-11-11,6577.842,6485.3022
1241,2021-11-12,6583.7783,6537.6636
1242,2021-11-13,6282.358,6180.2104
1243,2021-11-14,6121.1436,6101.277
1244,2021-11-15,6538.1094,6600.199
1245,2021-11-16,6575.5586,6658.95
1246,2021-11-04,6478.669,6063.2866
1247,2021-11-05,6481.408,6435.461
1248,2021-11-06,6198.6924,6202.514
1249,2021-11-07,6070.8096,6066.5063
1250,2021-11-08,6495.5654,6505.1714
1251,2021-11-09,6533.933,6540.7446
1252,2021-11-10,6540.325,6417.857
1253,2021-11-11,6561.335,6485.3022
1254,2021-11-12,6567.273,6537.6636
1255,2021-11-13,6290.037,6180.2104
1256,2021-11-14,6149.8223,6101.277
1257,2021-11-15,6564.5312,6600.199
1258,2021-11-16,6616.5996,6658.95
1259,2021-11-17,6621.1675,6725.549
1260,2021-11-05,6111.076,6435.461
1261,2021-11-06,6036.636,6202.514
1262,2021-11-07,6038.4624,6066.5063
1263,2021-11-08,6292.385,6505.1714
1264,2021-11-09,6395.601,6540.7446
1265,2021-11-10,6424.3745,6417.857
1266,2021-11-11,6406.563,6485.3022
1267,2021-11-12,6333.487,6537.6636
1268,2021-11-13,6176.8433,6180.2104
1269,2021-11-14,6164.5127,6101.277
1270,2021-11-15,6402.4507,6600.199
1271,2021-11-16,6466.3887,6658.95
1272,2021-11-17,6504.752,6725.549
1273,2021-11-18,6476.8936,6604.0933
1274,2021-11-06,6276.5376,6202.514
1275,2021-11-07,6116.225,6066.5063
1276,2021-11-08,6412.1904,6505.1714
1277,2021-11-09,6530.487,6540.7446
1278,2021-11-10,6541.906,6417.857
1279,2021-11-11,6533.683,6485.3022
1280,2021-11-12,6536.881,6537.6636
1281,2021-11-13,6302.1157,6180.2104
1282,2021-11-14,6164.638,6101.277
1283,2021-11-15,6449.1855,6600.199
1284,2021-11-16,6567.483,6658.95
1285,2021-11-17,6567.027,6725.549
1286,2021-11-18,6549.6694,6604.0933
1287,2021-11-19,6533.228,6621.789
1288,2021-11-07,6020.442,6066.5063
1289,2021-11-08,6457.0957,6505.1714
1290,2021-11-09,6502.77,6540.7446
1291,2021-11-10,6505.054,6417.857
1292,2021-11-11,6522.8677,6485.3022
1293,2021-11-12,6499.573,6537.6636
1294,2021-11-13,6230.547,6180.2104
1295,2021-11-14,6085.3013,6101.277
1296,2021-11-15,6489.069,6600.199
1297,2021-11-16,6531.088,6658.95
1298,2021-11-17,6525.1523,6725.549
1299,2021-11-18,6503.6855,6604.0933
1300,2021-11-19,6458.4663,6621.789
1301,2021-11-20,6187.1562,6226.407
1302,2021-11-08,6394.118,6505.1714
1303,2021-11-09,6451.219,6540.7446
1304,2021-11-10,6475.8877,6417.857
1305,2021-11-11,6491.418,6485.3022
1306,2021-11-12,6472.6914,6537.6636
1307,2021-11-13,6210.015,6180.2104
1308,2021-11-14,6102.6646,6101.277
1309,2021-11-15,6501.0137,6600.199
1310,2021-11-16,6535.7314,6658.95
1311,2021-11-17,6538.929,6725.549
1312,2021-11-18,6526.138,6604.0933
1313,2021-11-19,6507.865,6621.789
1314,2021-11-20,6227.831,6226.407
1315,2021-11-21,6124.1343,6122.0024
1316,2021-11-09,6556.5356,6540.7446
1317,2021-11-10,6575.273,6417.857
1318,2021-11-11,6583.9546,6485.3022
1319,2021-11-12,6571.615,6537.6636
1320,2021-11-13,6296.0645,6180.2104
1321,2021-11-14,6157.148,6101.277
1322,2021-11-15,6536.886,6600.199
1323,2021-11-16,6563.848,6658.95
1324,2021-11-17,6572.5273,6725.549
1325,2021-11-18,6568.416,6604.0933
1326,2021-11-19,6535.9727,6621.789
1327,2021-11-20,6248.083,6226.407
1328,2021-11-21,6148.9204,6122.0024
1329,2021-11-22,6557.9062,6590.2397
1330,2021-11-10,6534.975,6417.857
1331,2021-11-11,6544.572,6485.3022
1332,2021-11-12,6556.0005,6537.6636
1333,2021-11-13,6274.9316,6180.2104
1334,2021-11-14,6122.7427,6101.277
1335,2021-11-15,6514.8667,6600.199
1336,2021-11-16,6574.737,6658.95
1337,2021-11-17,6570.1675,6725.549
1338,2021-11-18,7416.5713,6604.0933
1339,2021-11-19,6525.3765,6621.789
1340,2021-11-20,6231.056,6226.407
1341,2021-11-21,6974.635,6122.0024
1342,2021-11-22,6511.21,6590.2397
1343,2021-11-23,6545.0312,6618.4697
1344,2021-11-11,6369.2393,6485.3022
1345,2021-11-12,6404.891,6537.6636
1346,2021-11-13,6164.931,6180.2104
1347,2021-11-14,6034.208,6101.277
1348,2021-11-15,6446.9434,6600.199
1349,2021-11-16,6496.7627,6658.95
1350,2021-11-17,6502.247,6725.549
1351,2021-11-18,6472.995,6604.0933
1352,2021-11-19,6434.143,6621.789
1353,2021-11-20,6189.6113,6226.407
1354,2021-11-21,6079.916,6122.0024
1355,2021-11-22,6476.6514,6590.2397
1356,2021-11-23,6524.1855,6618.4697
1357,2021-11-24,6528.7573,6477.9897
1358,2021-11-12,6484.078,6537.6636
1359,2021-11-13,6207.0527,6180.2104
1360,2021-11-14,6069.453,6101.277
1361,2021-11-15,6476.3076,6600.199
1362,2021-11-16,6510.5913,6658.95
1363,2021-11-17,6502.821,6725.549
1364,2021-11-18,6503.7344,6604.0933
1365,2021-11-19,6479.507,6621.789
1366,2021-11-20,6194.2515,6226.407
1367,2021-11-21,6090.9375,6122.0024
1368,2021-11-22,6495.5083,6590.2397
1369,2021-11-23,6541.6777,6618.4697
1370,2021-11-24,6545.794,6477.9897
1371,2021-11-25,6524.7637,6530.0786
1372,2021-11-13,6215.8306,6180.2104
1373,2021-11-14,6088.2676,6101.277
1374,2021-11-15,6511.6494,6600.199
1375,2021-11-16,6531.7637,6658.95
1376,2021-11-17,6531.308,6725.549
1377,2021-11-18,6500.6733,6604.0933
1378,2021-11-19,6475.0713,6621.789
1379,2021-11-20,6198.9136,6226.407
1380,2021-11-21,6115.7017,6122.0024
1381,2021-11-22,6516.2207,6590.2397
1382,2021-11-23,6556.911,6618.4697
1383,2021-11-24,6549.596,6477.9897
1384,2021-11-25,6536.7944,6530.0786
1385,2021-11-26,6496.5596,6612.006
1386,2021-11-14,6051.8564,6101.277
1387,2021-11-15,6506.3423,6600.199
1388,2021-11-16,6542.464,6658.95
1389,2021-11-17,6543.3755,6725.549
1390,2021-11-18,6541.545,6604.0933
1391,2021-11-19,6516.8564,6621.789
1392,2021-11-20,6235.662,6226.407
1393,2021-11-21,6145.587,6122.0024
1394,2021-11-22,6533.772,6590.2397
1395,2021-11-23,6566.695,6618.4697
1396,2021-11-24,6572.6387,6477.9897
1397,2021-11-25,6557.092,6530.0786
1398,2021-11-26,6519.6006,6612.006
1399,2021-11-27,6214.1724,6319.2026
1400,2021-11-15,6466.928,6600.199
1401,2021-11-16,6496.652,6658.95
1402,2021-11-17,6488.4214,6725.549
1403,2021-11-18,6451.8374,6604.0933
1404,2021-11-19,6412.055,6621.789
1405,2021-11-20,6130.3657,6226.407
1406,2021-11-21,6070.917,6122.0024
1407,2021-11-22,6476.0723,6590.2397
1408,2021-11-23,6504.8823,6618.4697
1409,2021-11-24,6500.3105,6477.9897
1410,2021-11-25,6484.7627,6530.0786
1411,2021-11-26,6433.5454,6612.006
1412,2021-11-27,6155.0586,6319.2026
1413,2021-11-28,6093.783,6150.5464
1414,2021-11-16,6587.7295,6658.95
1415,2021-11-17,6597.7954,6725.549
1416,2021-11-18,6579.4937,6604.0933
1417,2021-11-19,6544.2725,6621.789
1418,2021-11-20,6231.834,6226.407
1419,2021-11-21,6182.886,6122.0024
1420,2021-11-22,6580.866,6590.2397
1421,2021-11-23,6613.3457,6618.4697
1422,2021-11-24,6590.9316,6477.9897
1423,2021-11-25,6586.814,6530.0786
1424,2021-11-26,6564.4,6612.006
1425,2021-11-27,6227.2593,6319.2026
1426,2021-11-28,6192.9487,6150.5464
1427,2021-11-29,6602.3677,6719.57
1428,2021-11-17,6663.3936,6725.549
1429,2021-11-18,6631.823,6604.0933
1430,2021-11-19,6627.7046,6621.789
1431,2021-11-20,6283.6235,6226.407
1432,2021-11-21,6176.0967,6122.0024
1433,2021-11-22,6595.6763,6590.2397
1434,2021-11-23,6601.1655,6618.4697
1435,2021-11-24,6609.861,6477.9897
1436,2021-11-25,6598.4204,6530.0786
1437,2021-11-26,6588.8125,6612.006
1438,2021-11-27,6285.4536,6319.2026
1439,2021-11-28,6186.1636,6150.5464
1440,2021-11-29,6629.9927,6719.57
1441,2021-11-30,6686.2715,6828.828
1442,2021-11-18,6703.659,6604.0933
1443,2021-11-19,6671.6226,6621.789
1444,2021-11-20,6349.415,6226.407
1445,2021-11-21,6226.7563,6122.0024
1446,2021-11-22,6664.7563,6590.2397
1447,2021-11-23,6686.728,6618.4697
1448,2021-11-24,6671.1646,6477.9897
1449,2021-11-25,6652.8574,6530.0786
1450,2021-11-26,6636.382,6612.006
1451,2021-11-27,6323.783,6319.2026
1452,2021-11-28,6224.4683,6150.5464
1453,2021-11-29,6644.163,6719.57
1454,2021-11-30,6674.8286,6828.828
1455,2021-12-01,6686.2676,6916.207
1456,2021-11-19,6529.495,6621.789
1457,2021-11-20,6208.122,6226.407
1458,2021-11-21,6116.564,6122.0024
1459,2021-11-22,6554.216,6590.2397
1460,2021-11-23,6594.5015,6618.4697
1461,2021-11-24,6573.902,6477.9897
1462,2021-11-25,6562.9146,6530.0786
1463,2021-11-26,6534.989,6612.006
1464,2021-11-27,6241.9985,6319.2026
1465,2021-11-28,6134.419,6150.5464
1466,2021-11-29,6542.7705,6719.57
1467,2021-11-30,6615.56,6828.828
1468,2021-12-01,6623.8013,6916.207
1469,2021-12-02,6625.6313,6703.6147
1470,2021-11-20,6329.9316,6226.407
1471,2021-11-21,6148.149,6122.0024
1472,2021-11-22,6530.4917,6590.2397
1473,2021-11-23,6599.178,6618.4697
1474,2021-11-24,6590.933,6477.9897
1475,2021-11-25,6596.886,6530.0786
1476,2021-11-26,6588.187,6612.006
1477,2021-11-27,6300.6274,6319.2026
1478,2021-11-28,6166.0083,6150.5464
1479,2021-11-29,6555.674,6719.57
1480,2021-11-30,6633.0605,6828.828
1481,2021-12-01,6656.871,6916.207
1482,2021-12-02,6662.3667,6703.6147
1483,2021-12-03,6622.9873,6558.849
1484,2021-11-21,6085.781,6122.0024
1485,2021-11-22,6535.0044,6590.2397
1486,2021-11-23,6562.0205,6618.4697
1487,2021-11-24,6559.274,6477.9897
1488,2021-11-25,6526.7617,6530.0786
1489,2021-11-26,6511.649,6612.006
1490,2021-11-27,6187.8955,6319.2026
1491,2021-11-28,6094.9395,6150.5464
1492,2021-11-29,6543.703,6719.57
1493,2021-11-30,6573.9263,6828.828
1494,2021-12-01,6578.506,6916.207
1495,2021-12-02,6574.384,6703.6147
1496,2021-12-03,6559.7305,6558.849
1497,2021-12-04,6260.707,6265.8486
1498,2021-11-22,6568.636,6590.2397
1499,2021-11-23,6581.002,6618.4697
1500,2021-11-24,6572.7573,6477.9897
1501,2021-11-25,6549.4004,6530.0786
1502,2021-11-26,6537.493,6612.006
1503,2021-11-27,6214.6265,6319.2026
1504,2021-11-28,6123.0317,6150.5464
1505,2021-11-29,6554.897,6719.57
1506,2021-11-30,6592.449,6828.828
1507,2021-12-01,6589.243,6916.207
1508,2021-12-02,6599.3213,6703.6147
1509,2021-12-03,6581.458,6558.849
1510,2021-12-04,6271.87,6265.8486
1511,2021-12-05,6166.082,6114.6274
1512,2021-11-23,6610.4937,6618.4697
1513,2021-11-24,6624.6963,6477.9897
1514,2021-11-25,6609.5776,6530.0786
1515,2021-11-26,6569.721,6612.006
1516,2021-11-27,6231.635,6319.2026
1517,2021-11-28,6166.1265,6150.5464
1518,2021-11-29,6606.8286,6719.57
1519,2021-11-30,6640.7285,6828.828
1520,2021-12-01,6643.9355,6916.207
1521,2021-12-02,6635.6895,6703.6147
1522,2021-12-03,6620.5713,6558.849
1523,2021-12-04,6299.435,6265.8486
1524,2021-12-05,6209.188,6114.6274
1525,2021-12-06,6599.0405,6531.9136
1526,2021-11-24,6600.9307,6477.9897
1527,2021-11-25,6582.143,6530.0786
1528,2021-11-26,6565.1914,6612.006
1529,2021-11-27,6252.259,6319.2026
1530,2021-11-28,6170.245,6150.5464
1531,2021-11-29,6603.22,6719.57
1532,2021-11-30,6614.2183,6828.828
1533,2021-12-01,6612.384,6916.207
1534,2021-12-02,6633.4604,6703.6147
1535,2021-12-03,6619.715,6558.849
1536,2021-12-04,6298.074,6265.8486
1537,2021-12-05,6207.3574,6114.6274
1538,2021-12-06,6658.661,6531.9136
1539,2021-12-07,6674.239,6636.739
1540,2021-11-25,6457.621,6530.0786
1541,2021-11-26,6444.3345,6612.006
1542,2021-11-27,6135.9575,6319.2026
1543,2021-11-28,6078.221,6150.5464
1544,2021-11-29,6505.736,6719.57
1545,2021-11-30,6526.3555,6828.828
1546,2021-12-01,6524.9824,6916.207
1547,2021-12-02,6525.44,6703.6147
1548,2021-12-03,6501.6123,6558.849
1549,2021-12-04,6224.392,6265.8486
1550,2021-12-05,6150.16,6114.6274
1551,2021-12-06,6561.639,6531.9136
1552,2021-12-07,6582.716,6636.739
1553,2021-12-08,6580.8833,6668.687
1554,2021-11-26,6492.274,6612.006
1555,2021-11-27,6159.574,6319.2026
1556,2021-11-28,6069.293,6150.5464
1557,2021-11-29,6533.5186,6719.57
1558,2021-11-30,6565.5986,6828.828
1559,2021-12-01,6556.433,6916.207
1560,2021-12-02,6562.3906,6703.6147
1561,2021-12-03,6552.3096,6558.849
1562,2021-12-04,6248.0186,6265.8486
1563,2021-12-05,6157.7407,6114.6274
1564,2021-12-06,6571.556,6531.9136
1565,2021-12-07,6615.092,6636.739
1566,2021-12-08,6619.6733,6668.687
1567,2021-12-09,6601.342,6680.9844
1568,2021-11-27,6198.4243,6319.2026
1569,2021-11-28,6102.176,6150.5464
1570,2021-11-29,6559.5845,6719.57
1571,2021-11-30,6597.627,6828.828
1572,2021-12-01,6586.1675,6916.207
1573,2021-12-02,6574.252,6703.6147
1574,2021-12-03,6588.918,6558.849
1575,2021-12-04,6236.9233,6265.8486
1576,2021-12-05,6138.382,6114.6274
1577,2021-12-06,6571.5024,6531.9136
1578,2021-12-07,6610.003,6636.739
1579,2021-12-08,6608.6274,6668.687
1580,2021-12-09,6588.9194,6680.9844
1581,2021-12-10,6601.292,6599.399
1582,2021-11-28,6131.214,6150.5464
1583,2021-11-29,6571.68,6719.57
1584,2021-11-30,6610.1816,6828.828
1585,2021-12-01,6613.389,6916.207
1586,2021-12-02,6596.89,6703.6147
1587,2021-12-03,6591.391,6558.849
1588,2021-12-04,6293.928,6265.8486
1589,2021-12-05,6173.3833,6114.6274
1590,2021-12-06,6579.0176,6531.9136
1591,2021-12-07,6602.391,6636.739
1592,2021-12-08,6592.765,6668.687
1593,2021-12-09,6591.848,6680.9844
1594,2021-12-10,6580.8486,6599.399
1595,2021-12-11,6263.2173,6268.572
1596,2021-11-29,6536.036,6719.57
1597,2021-11-30,6540.162,6828.828
1598,2021-12-01,6539.2456,6916.207
1599,2021-12-02,6516.7837,6703.6147
1600,2021-12-03,6500.2827,6558.849
1601,2021-12-04,6212.4194,6265.8486
1602,2021-12-05,6110.659,6114.6274
1603,2021-12-06,6532.8276,6531.9136
1604,2021-12-07,6560.3286,6636.739
1605,2021-12-08,6545.2036,6668.687
1606,2021-12-09,6527.785,6680.9844
1607,2021-12-10,6502.115,6599.399
1608,2021-12-11,6220.67,6268.572
1609,2021-12-12,6150.998,6030.913
1610,2021-11-30,6701.5273,6828.828
1611,2021-12-01,6655.216,6916.207
1612,2021-12-02,6656.134,6703.6147
1613,2021-12-03,6637.79,6558.849
1614,2021-12-04,6314.524,6265.8486
1615,2021-12-05,6216.855,6114.6274
1616,2021-12-06,6655.675,6531.9136
1617,2021-12-07,6679.52,6636.739
1618,2021-12-08,6695.11,6668.687
1619,2021-12-09,6687.772,6680.9844
1620,2021-12-10,6660.26,6599.399
1621,2021-12-11,6325.9873,6268.572
1622,2021-12-12,6243.909,6030.913
1623,2021-12-13,6654.302,6482.4165
1624,2021-12-01,6781.3394,6916.207
1625,2021-12-02,6758.4067,6703.6147
1626,2021-12-03,6753.822,6558.849
1627,2021-12-04,6432.32,6265.8486
1628,2021-12-05,6277.3013,6114.6274
1629,2021-12-06,6693.2812,6531.9136
1630,2021-12-07,6729.514,6636.739
1631,2021-12-08,6723.551,6668.687
1632,2021-12-09,6719.88,6680.9844
1633,2021-12-10,6723.5493,6599.399
1634,2021-12-11,6381.411,6268.572
1635,2021-12-12,6268.588,6030.913
1636,2021-12-13,6688.2383,6482.4165
1637,2021-12-14,6751.527,6583.9097
1638,2021-12-02,6871.0938,6703.6147
1639,2021-12-03,6849.991,6558.849
1640,2021-12-04,6499.9663,6265.8486
1641,2021-12-05,6348.1206,6114.6274
1642,2021-12-06,6770.1694,6531.9136
1643,2021-12-07,6846.322,6636.739
1644,2021-12-08,6845.404,6668.687
1645,2021-12-09,6827.9717,6680.9844
1646,2021-12-10,6818.338,6599.399
1647,2021-12-11,6481.616,6268.572
1648,2021-12-12,6342.1567,6030.913
1649,2021-12-13,6725.212,6482.4165
1650,2021-12-14,6826.595,6583.9097
1651,2021-12-15,6820.1733,6599.98
1652,2021-12-03,6622.0195,6558.849
1653,2021-12-04,6302.206,6265.8486
1654,2021-12-05,6190.2456,6114.6274
1655,2021-12-06,6609.172,6531.9136
1656,2021-12-07,6670.6567,6636.739
1657,2021-12-08,6677.0806,6668.687
1658,2021-12-09,6660.1035,6680.9844
1659,2021-12-10,6631.6533,6599.399
1660,2021-12-11,6317.346,6268.572
1661,2021-12-12,6215.4814,6030.913
1662,2021-12-13,6636.2417,6482.4165
1663,2021-12-14,6683.9624,6583.9097
1664,2021-12-15,6677.9976,6599.98
1665,2021-12-16,6665.15,6661.4575
1666,2021-12-04,6255.335,6265.8486
1667,2021-12-05,6153.91,6114.6274
1668,2021-12-06,6617.437,6531.9136
1669,2021-12-07,6661.497,6636.739
1670,2021-12-08,6660.5776,6668.687
1671,2021-12-09,6647.726,6680.9844
1672,2021-12-10,6599.537,6599.399
1673,2021-12-11,6303.982,6268.572
1674,2021-12-12,6195.2124,6030.913
1675,2021-12-13,6604.588,6482.4165
1676,2021-12-14,6657.824,6583.9097
1677,2021-12-15,6641.7617,6599.98
1678,2021-12-16,6639.4663,6661.4575
1679,2021-12-17,6588.0645,6637.34
1680,2021-12-05,6143.0063,6114.6274
1681,2021-12-06,6619.9575,6531.9136
1682,2021-12-07,6659.435,6636.739
1683,2021-12-08,6653.4663,6668.687
1684,2021-12-09,6665.402,6680.9844
1685,2021-12-10,6658.977,6599.399
1686,2021-12-11,6309.6367,6268.572
1687,2021-12-12,6195.338,6030.913
1688,2021-12-13,6660.353,6482.4165
1689,2021-12-14,6722.325,6583.9097
1690,2021-12-15,6705.341,6599.98
1691,2021-12-16,6704.4233,6661.4575
1692,2021-12-17,6685.602,6637.34
1693,2021-12-18,6347.737,6287.321
1694,2021-12-06,6557.5527,6531.9136
1695,2021-12-07,6609.429,6636.739
1696,2021-12-08,6603.4614,6668.687
1697,2021-12-09,6584.18,6680.9844
1698,2021-12-10,6557.0923,6599.399
1699,2021-12-11,6237.089,6268.572
1700,2021-12-12,6125.9814,6030.913
1701,2021-12-13,6580.509,6482.4165
1702,2021-12-14,6636.5186,6583.9097
1703,2021-12-15,6643.8643,6599.98
1704,2021-12-16,6614.4824,6661.4575
1705,2021-12-17,6562.1426,6637.34
1706,2021-12-18,6256.3706,6287.321
1707,2021-12-19,6154.9062,6057.9443
1708,2021-12-07,6641.2764,6636.739
1709,2021-12-08,6649.5425,6668.687
1710,2021-12-09,6592.1357,6680.9844
1711,2021-12-10,6565.5005,6599.399
1712,2021-12-11,6227.9473,6268.572
1713,2021-12-12,6151.2524,6030.913
1714,2021-12-13,6564.5825,6482.4165
1715,2021-12-14,6618.774,6583.9097
1716,2021-12-15,6611.424,6599.98
1717,2021-12-16,6617.3965,6661.4575
1718,2021-12-17,6564.12,6637.34
1719,2021-12-18,6269.28,6287.321
1720,2021-12-19,6188.912,6057.9443
1721,2021-12-20,6604.0776,6524.5938
1722,2021-12-08,6628.3823,6668.687
1723,2021-12-09,6607.7124,6680.9844
1724,2021-12-10,6581.07,6599.399
1725,2021-12-11,6278.3594,6268.572
1726,2021-12-12,6152.955,6030.913
1727,2021-12-13,6561.319,6482.4165
1728,2021-12-14,6624.246,6583.9097
1729,2021-12-15,6625.6255,6599.98
1730,2021-12-16,6621.0327,6661.4575
1731,2021-12-17,6609.5464,6637.34
1732,2021-12-18,6295.8145,6287.321
1733,2021-12-19,6194.297,6057.9443
1734,2021-12-20,6602.198,6524.5938
1735,2021-12-21,6666.05,6667.921
1736,2021-12-09,6661.11,6680.9844
1737,2021-12-10,6619.759,6599.399
1738,2021-12-11,6278.3887,6268.572
1739,2021-12-12,6162.609,6030.913
1740,2021-12-13,6616.5425,6482.4165
1741,2021-12-14,6657.8945,6583.9097
1742,2021-12-15,6653.3,6599.98
1743,2021-12-16,6648.706,6661.4575
1744,2021-12-17,6612.408,6637.34
1745,2021-12-18,6287.1187,6287.321
1746,2021-12-19,6175.0127,6057.9443
1747,2021-12-20,6595.8677,6524.5938
1748,2021-12-21,6656.9736,6667.921
1749,2021-12-22,6647.7837,6679.466
1750,2021-12-10,6618.794,6599.399
1751,2021-12-11,6264.4873,6268.572
1752,2021-12-12,6137.652,6030.913
1753,2021-12-13,6600.8706,6482.4165
1754,2021-12-14,6651.8813,6583.9097
1755,2021-12-15,6656.9346,6599.98
1756,2021-12-16,6647.745,6661.4575
1757,2021-12-17,6614.196,6637.34
1758,2021-12-18,6297.1133,6287.321
1759,2021-12-19,6173.035,6057.9443
1760,2021-12-20,6616.495,6524.5938
1761,2021-12-21,6675.7764,6667.921
1762,2021-12-22,6678.533,6679.466
1763,2021-12-23,6663.8286,6570.552
1764,2021-12-11,6242.045,6268.572
1765,2021-12-12,6155.179,6030.913
1766,2021-12-13,6591.815,6482.4165
1767,2021-12-14,6641.913,6583.9097
1768,2021-12-15,6641.455,6599.98
1769,2021-12-16,6640.075,6661.4575
1770,2021-12-17,6603.766,6637.34
1771,2021-12-18,6295.3613,6287.321
1772,2021-12-19,6189.649,6057.9443
1773,2021-12-20,6589.517,6524.5938
1774,2021-12-21,6662.136,6667.921
1775,2021-12-22,6654.783,6679.466
1776,2021-12-23,6647.8887,6570.552
1777,2021-12-24,6618.9307,6497.8086
1778,2021-12-12,6128.714,6030.913
1779,2021-12-13,6571.7974,6482.4165
1780,2021-12-14,6625.574,6583.9097
1781,2021-12-15,6629.712,6599.98
1782,2021-12-16,6623.7363,6661.4575
1783,2021-12-17,6597.5376,6637.34
1784,2021-12-18,6258.33,6287.321
1785,2021-12-19,6175.139,6057.9443
1786,2021-12-20,6608.11,6524.5938
1787,2021-12-21,6663.2656,6667.921
1788,2021-12-22,6653.154,6679.466
1789,2021-12-23,6644.4194,6570.552
1790,2021-12-24,6610.4077,6497.8086
1791,2021-12-25,6283.1514,6085.1455
1792,2021-12-13,6525.344,6482.4165
1793,2021-12-14,6588.777,6583.9097
1794,2021-12-15,6591.073,6599.98
1795,2021-12-16,6587.855,6661.4575
1796,2021-12-17,6552.0024,6637.34
1797,2021-12-18,6218.288,6287.321
1798,2021-12-19,6140.1455,6057.9443
1799,2021-12-20,6571.7695,6524.5938
1800,2021-12-21,6620.4917,6667.921
1801,2021-12-22,6621.412,6679.466
1802,2021-12-23,6629.227,6570.552
1803,2021-12-24,6591.072,6497.8086
1804,2021-12-25,6289.076,6085.1455
1805,2021-12-26,6193.007,6043.734
1806,2021-12-14,6600.605,6583.9097
1807,2021-12-15,6595.0864,6599.98
1808,2021-12-16,6585.8906,6661.4575
1809,2021-12-17,6573.4775,6637.34
1810,2021-12-18,6258.0684,6287.321
1811,2021-12-19,6166.111,6057.9443
1812,2021-12-20,6584.051,6524.5938
1813,2021-12-21,6646.582,6667.921
1814,2021-12-22,6661.756,6679.466
1815,2021-12-23,6669.11,6570.552
1816,2021-12-24,6641.063,6497.8086
1817,2021-12-25,6334.391,6085.1455
1818,2021-12-26,6220.368,6043.734
1819,2021-12-27,6622.2124,6466.6216
1820,2021-12-15,6592.922,6599.98
1821,2021-12-16,6586.027,6661.4575
1822,2021-12-17,6569.9336,6637.34
1823,2021-12-18,6243.46,6287.321
1824,2021-12-19,6108.733,6057.9443
1825,2021-12-20,6548.3213,6524.5938
1826,2021-12-21,6625.572,6667.921
1827,2021-12-22,6632.929,6679.466
1828,2021-12-23,6646.7236,6570.552
1829,2021-12-24,6623.2725,6497.8086
1830,2021-12-25,6316.1133,6085.1455
1831,2021-12-26,6185.5225,6043.734
1832,2021-12-27,6617.2964,6466.6216
1833,2021-12-28,6688.569,6550.1025
1834,2021-12-16,6621.152,6661.4575
1835,2021-12-17,6611.035,6637.34
1836,2021-12-18,6273.4937,6287.321
1837,2021-12-19,6142.4316,6057.9443
1838,2021-12-20,6568.726,6524.5938
1839,2021-12-21,6612.8745,6667.921
1840,2021-12-22,6613.795,6679.466
1841,2021-12-23,6630.3496,6570.552
1842,2021-12-24,6604.138,6497.8086
1843,2021-12-25,6284.5312,6085.1455
1844,2021-12-26,6165.8857,6043.734
1845,2021-12-27,6572.406,6466.6216
1846,2021-12-28,6620.6914,6550.1025
1847,2021-12-29,6626.2104,6549.389
1848,2021-12-17,6614.284,6637.34
1849,2021-12-18,6255.0796,6287.321
1850,2021-12-19,6117.5586,6057.9443
1851,2021-12-20,6582.092,6524.5938
1852,2021-12-21,6619.806,6667.921
1853,2021-12-22,6614.747,6679.466
1854,2021-12-23,6610.6074,6570.552
1855,2021-12-24,6576.5713,6497.8086
1856,2021-12-25,6245.879,6085.1455
1857,2021-12-26,6134.578,6043.734
1858,2021-12-27,6584.389,6466.6216
1859,2021-12-28,6647.4014,6550.1025
1860,2021-12-29,6640.9614,6549.389
1861,2021-12-30,6638.2036,6524.4844
1862,2021-12-18,6222.9355,6287.321
1863,2021-12-19,6120.3555,6057.9443
1864,2021-12-20,6559.6567,6524.5938
1865,2021-12-21,6608.877,6667.921
1866,2021-12-22,6626.357,6679.466
1867,2021-12-23,6640.6177,6570.552
1868,2021-12-24,6626.357,6497.8086
1869,2021-12-25,6279.9756,6085.1455
1870,2021-12-26,6173.714,6043.734
1871,2021-12-27,6611.6367,6466.6216
1872,2021-12-28,6671.8975,6550.1025
1873,2021-12-29,6690.757,6549.389
1874,2021-12-30,6700.4175,6524.4844
1875,2021-12-31,6647.0566,6268.829
1876,2021-12-19,6120.6074,6057.9443
1877,2021-12-20,6581.543,6524.5938
1878,2021-12-21,6619.264,6667.921
1879,2021-12-22,6619.726,6679.466
1880,2021-12-23,6612.366,6570.552
1881,2021-12-24,6593.0444,6497.8086
1882,2021-12-25,6255.8506,6085.1455
1883,2021-12-26,6139.0083,6043.734
1884,2021-12-27,6559.463,6466.6216
1885,2021-12-28,6599.0254,6550.1025
1886,2021-12-29,6608.226,6549.389
1887,2021-12-30,6615.5854,6524.4844
1888,2021-12-31,6574.6436,6268.829
1889,2022-01-01,6271.491,5824.3525
1890,2021-12-20,6485.03,6524.5938
1891,2021-12-21,6536.555,6667.921
1892,2021-12-22,6539.7754,6679.466
1893,2021-12-23,6539.3145,6570.552
1894,2021-12-24,6524.132,6497.8086
1895,2021-12-25,6218.1934,6085.1455
1896,2021-12-26,6109.1567,6043.734
1897,2021-12-27,6539.777,6466.6216
1898,2021-12-28,6591.3013,6550.1025
1899,2021-12-29,6598.203,6549.389
1900,2021-12-30,6620.2856,6524.4844
1901,2021-12-31,6594.062,6268.829
1902,2022-01-01,6261.899,5824.3525
1903,2022-01-02,6150.563,5773.3154
1904,2021-12-21,6600.9883,6667.921
1905,2021-12-22,6584.881,6679.466
1906,2021-12-23,6557.73,6570.552
1907,2021-12-24,6530.5767,6497.8086
1908,2021-12-25,6218.1094,6085.1455
1909,2021-12-26,6121.47,6043.734
1910,2021-12-27,6544.3843,6466.6216
1911,2021-12-28,6591.324,6550.1025
1912,2021-12-29,6606.51,6549.389
1913,2021-12-30,6611.5723,6524.4844
1914,2021-12-31,6576.136,6268.829
1915,2022-01-01,6246.642,5824.3525
1916,2022-01-02,6150.002,5773.3154
1917,2022-01-03,6580.28,6162.769
1918,2021-12-22,6669.445,6679.466
1919,2021-12-23,6663.4604,6570.552
1920,2021-12-24,6631.7026,6497.8086
1921,2021-12-25,6318.7104,6085.1455
1922,2021-12-26,6182.0107,6043.734
1923,2021-12-27,6595.3394,6466.6216
1924,2021-12-28,6639.0654,6550.1025
1925,2021-12-29,6660.24,6549.389
1926,2021-12-30,6679.109,6524.4844
1927,2021-12-31,6646.8887,6268.829
1928,2022-01-01,6296.16,5824.3525
1929,2022-01-02,6183.8496,5773.3154
1930,2022-01-03,6613.291,6162.769
1931,2022-01-04,6677.2695,6336.896
1932,2021-12-23,6662.8296,6570.552
1933,2021-12-24,6630.601,6497.8086
1934,2021-12-25,6288.0923,6085.1455
1935,2021-12-26,6131.567,6043.734
1936,2021-12-27,6562.467,6466.6216
1937,2021-12-28,6628.7607,6550.1025
1938,2021-12-29,6645.334,6549.389
1939,2021-12-30,6632.4434,6524.4844
1940,2021-12-31,6607.583,6268.829
1941,2022-01-01,6288.5513,5824.3525
1942,2022-01-02,6152.286,5773.3154
1943,2022-01-03,6578.581,6162.769
1944,2022-01-04,6639.3486,6336.896
1945,2022-01-05,6655.4604,6497.7144
1946,2021-12-24,6558.0996,6497.8086
1947,2021-12-25,6253.285,6085.1455
1948,2021-12-26,6104.562,6043.734
1949,2021-12-27,6514.3564,6466.6216
1950,2021-12-28,6605.064,6550.1025
1951,2021-12-29,6608.748,6549.389
1952,2021-12-30,6599.9985,6524.4844
1953,2021-12-31,6564.085,6268.829
1954,2022-01-01,6272.1646,5824.3525
1955,2022-01-02,6138.6343,5773.3154
1956,2022-01-03,6536.9175,6162.769
1957,2022-01-04,6614.734,6336.896
1958,2022-01-05,6616.5776,6497.7144
1959,2022-01-06,6615.194,6556.6016
1960,2021-12-25,6181.3374,6085.1455
1961,2021-12-26,6085.5513,6043.734
1962,2021-12-27,6519.3477,6466.6216
1963,2021-12-28,6584.2754,6550.1025
1964,2021-12-29,6605.9204,6549.389
1965,2021-12-30,6577.831,6524.4844
1966,2021-12-31,6558.0283,6268.829
1967,2022-01-01,6242.123,5824.3525
1968,2022-01-02,6116.405,5773.3154
1969,2022-01-03,6560.332,6162.769
1970,2022-01-04,6614.6714,6336.896
1971,2022-01-05,6622.4995,6497.7144
1972,2022-01-06,6620.6577,6556.6016
1973,2022-01-07,6589.8027,6576.179
1974,2021-12-26,6004.82,6043.734
1975,2021-12-27,6490.7144,6466.6216
1976,2021-12-28,6552.4307,6550.1025
1977,2021-12-29,6555.654,6549.389
1978,2021-12-30,6539.0723,6524.4844
1979,2021-12-31,6513.2817,6268.829
1980,2022-01-01,6182.1387,5824.3525
1981,2022-01-02,6076.209,5773.3154
1982,2022-01-03,6543.219,6162.769
1983,2022-01-04,6592.4995,6336.896
1984,2022-01-05,6593.4214,6497.7144
1985,2022-01-06,6566.708,6556.6016
1986,2022-01-07,6512.3613,6576.179
1987,2022-01-08,6197.797,6262.3086
1988,2021-12-27,6493.142,6466.6216
1989,2021-12-28,6549.7954,6550.1025
1990,2021-12-29,6557.625,6549.389
1991,2021-12-30,6571.4424,6524.4844
1992,2021-12-31,6524.462,6268.829
1993,2022-01-01,6181.3154,5824.3525
1994,2022-01-02,6079.5215,5773.3154
1995,2022-01-03,6540.5825,6162.769
1996,2022-01-04,6592.1714,6336.896
1997,2022-01-05,6598.158,6497.7144
1998,2022-01-06,6584.3394,6556.6016
1999,2022-01-07,6555.7837,6576.179
2000,2022-01-08,6233.8223,6262.3086
2001,2022-01-09,6112.685,6114.0522
2002,2021-12-28,6578.0737,6550.1025
2003,2021-12-29,6579.456,6549.389
2004,2021-12-30,6556.4214,6524.4844
2005,2021-12-31,6535.228,6268.829
2006,2022-01-01,6190.6113,5824.3525
2007,2022-01-02,6079.1206,5773.3154
2008,2022-01-03,6506.663,6162.769
2009,2022-01-04,6575.773,6336.896
2010,2022-01-05,6564.2544,6497.7144
2011,2022-01-06,6561.9487,6556.6016
2012,2022-01-07,6542.5996,6576.179
2013,2022-01-08,6250.9673,6262.3086
2014,2022-01-09,6130.7207,6114.0522
2015,2022-01-10,6532.463,6585.077
2016,2021-12-29,6588.2285,6549.389
2017,2021-12-30,6578.091,6524.4844
2018,2021-12-31,6539.851,6268.829
2019,2022-01-01,6219.6323,5824.3525
2020,2022-01-02,6122.4155,5773.3154
2021,2022-01-03,6563.3506,6162.769
2022,2022-01-04,6619.1,6336.896
2023,2022-01-05,6620.482,6497.7144
2024,2022-01-06,6602.9746,6556.6016
2025,2022-01-07,6558.7407,6576.179
2026,2022-01-08,6228.386,6262.3086
2027,2022-01-09,6127.022,6114.0522
2028,2022-01-10,6559.2017,6585.077
2029,2022-01-11,6611.727,6584.598
2030,2021-12-30,6546.457,6524.4844
2031,2021-12-31,6513.7417,6268.829
2032,2022-01-01,6175.5205,5824.3525
2033,2022-01-02,6065.3936,5773.3154
2034,2022-01-03,6528.9463,6162.769
2035,2022-01-04,6591.6143,6336.896
2036,2022-01-05,6608.666,6497.7144
2037,2022-01-06,6583.783,6556.6016
2038,2022-01-07,6559.361,6576.179
2039,2022-01-08,6242.338,6262.3086
2040,2022-01-09,6115.1567,6114.0522
2041,2022-01-10,6554.292,6585.077
2042,2022-01-11,6609.127,6584.598
2043,2022-01-12,6610.0474,6577.644
2044,2021-12-31,6495.239,6268.829
2045,2022-01-01,6165.7563,5824.3525
2046,2022-01-02,6052.3936,5773.3154
2047,2022-01-03,6512.2896,6162.769
2048,2022-01-04,6575.4224,6336.896
2049,2022-01-05,6589.706,6497.7144
2050,2022-01-06,6573.1177,6556.6016
2051,2022-01-07,6537.1733,6576.179
2052,2022-01-08,6215.9824,6262.3086
2053,2022-01-09,6107.2295,6114.0522
2054,2022-01-10,6545.929,6585.077
2055,2022-01-11,6601.687,6584.598
2056,2022-01-12,6610.4424,6577.644
2057,2022-01-13,6603.9907,6565.6304
2058,2022-01-01,6020.3765,5824.3525
2059,2022-01-02,6000.5605,5773.3154
2060,2022-01-03,6467.352,6162.769
2061,2022-01-04,6520.804,6336.896
2062,2022-01-05,6522.648,6497.7144
2063,2022-01-06,6501.911,6556.6016
2064,2022-01-07,6449.8413,6576.179
2065,2022-01-08,6141.5654,6262.3086
2066,2022-01-09,6084.8867,6114.0522
2067,2022-01-10,6511.588,6585.077
2068,2022-01-11,6553.061,6584.598
2069,2022-01-12,6559.971,6577.644
2070,2022-01-13,6551.6787,6565.6304
2071,2022-01-14,6502.8325,6523.569
2072,2022-01-02,5939.5396,5773.3154
2073,2022-01-03,6413.156,6162.769
2074,2022-01-04,6475.352,6336.896
2075,2022-01-05,6485.4873,6497.7144
2076,2022-01-06,6481.8,6556.6016
2077,2022-01-07,6411.312,6576.179
2078,2022-01-08,6092.497,6262.3086
2079,2022-01-09,6038.5938,6114.0522
2080,2022-01-10,6469.3613,6585.077
2081,2022-01-11,6520.962,6584.598
2082,2022-01-12,6535.705,6577.644
2083,2022-01-13,6541.2363,6565.6304
2084,2022-01-14,6469.364,6523.569
2085,2022-01-15,6156.076,6218.0947
2086,2022-01-03,6354.9,6162.769
2087,2022-01-04,6451.64,6336.896
2088,2022-01-05,6449.7983,6497.7144
2089,2022-01-06,6436.437,6556.6016
2090,2022-01-07,6375.631,6576.179
2091,2022-01-08,6028.75,6262.3086
2092,2022-01-09,5950.898,6114.0522
2093,2022-01-10,6415.709,6585.077
2094,2022-01-11,6466.3843,6584.598
2095,2022-01-12,6476.518,6577.644
2096,2022-01-13,6458.0894,6565.6304
2097,2022-01-14,6416.169,6523.569
2098,2022-01-15,6080.344,6218.0947
2099,2022-01-16,6019.538,6101.2817
2100,2022-01-04,6407.4014,6336.896
2101,2022-01-05,6446.101,6497.7144
2102,2022-01-06,6443.337,6556.6016
2103,2022-01-07,6395.885,6576.179
2104,2022-01-08,6101.498,6262.3086
2105,2022-01-09,6009.357,6114.0522
2106,2022-01-10,6439.6533,6585.077
2107,2022-01-11,6505.072,6584.598
2108,2022-01-12,6515.667,6577.644
2109,2022-01-13,6516.127,6565.6304
2110,2022-01-14,6468.214,6523.569
2111,2022-01-15,6153.095,6218.0947
2112,2022-01-16,6081.688,6101.2817
2113,2022-01-17,6483.879,6562.487
2114,2022-01-05,6425.503,6497.7144
2115,2022-01-06,6441.631,6556.6016
2116,2022-01-07,6394.635,6576.179
2117,2022-01-08,6086.8574,6262.3086
2118,2022-01-09,6005.308,6114.0522
2119,2022-01-10,6422.74,6585.077
2120,2022-01-11,6487.7026,6584.598
2121,2022-01-12,6507.9785,6577.644
2122,2022-01-13,6487.2417,6565.6304
2123,2022-01-14,6435.641,6523.569
2124,2022-01-15,6132.0117,6218.0947
2125,2022-01-16,6061.518,6101.2817
2126,2022-01-17,6493.6934,6562.487
2127,2022-01-18,6551.2876,6537.7173
2128,2022-01-06,6508.2017,6556.6016
2129,2022-01-07,6481.018,6576.179
2130,2022-01-08,6188.917,6262.3086
2131,2022-01-09,6061.2983,6114.0522
2132,2022-01-10,6479.1743,6585.077
2133,2022-01-11,6572.701,6584.598
2134,2022-01-12,6576.3857,6577.644
2135,2022-01-13,6571.779,6565.6304
2136,2022-01-14,6534.922,6523.569
2137,2022-01-15,6233.147,6218.0947
2138,2022-01-16,6099.9976,6101.2817
2139,2022-01-17,6486.0854,6562.487
2140,2022-01-18,6591.129,6537.7173
2141,2022-01-19,6608.6377,6488.8696
2142,2022-01-07,6526.053,6576.179
2143,2022-01-08,6215.5093,6262.3086
2144,2022-01-09,6055.6294,6114.0522
2145,2022-01-10,6444.962,6585.077
2146,2022-01-11,6555.542,6584.598
2147,2022-01-12,6575.8125,6577.644
2148,2022-01-13,6552.3164,6565.6304
2149,2022-01-14,6533.8877,6523.569
2150,2022-01-15,6222.42,6218.0947
2151,2022-01-16,6095.254,6101.2817
2152,2022-01-17,6496.5654,6562.487
2153,2022-01-18,6590.558,6537.7173
2154,2022-01-19,6598.3906,6488.8696
2155,2022-01-20,6588.713,6536.92
2156,2022-01-08,6265.42,6262.3086
2157,2022-01-09,6081.5605,6114.0522
2158,2022-01-10,6449.7363,6585.077
2159,2022-01-11,6578.299,6584.598
2160,2022-01-12,6593.506,6577.644
2161,2022-01-13,6590.739,6565.6304
2162,2022-01-14,6548.808,6523.569
2163,2022-01-15,6252.9785,6218.0947
2164,2022-01-16,6098.6113,6101.2817
2165,2022-01-17,6489.8257,6562.487
2166,2022-01-18,6586.592,6537.7173
2167,2022-01-19,6616.545,6488.8696
2168,2022-01-20,6607.7886,6536.92
2169,2022-01-21,6584.748,6563.8765
2170,2022-01-09,6059.2485,6114.0522
2171,2022-01-10,6506.698,6585.077
2172,2022-01-11,6569.3706,6584.598
2173,2022-01-12,6568.91,6577.644
2174,2022-01-13,6556.4673,6565.6304
2175,2022-01-14,6530.2026,6523.569
2176,2022-01-15,6205.326,6218.0947
2177,2022-01-16,6091.9673,6101.2817
2178,2022-01-17,6545.869,6562.487
2179,2022-01-18,6598.8633,6537.7173
2180,2022-01-19,6612.2256,6488.8696
2181,2022-01-20,6597.018,6536.92
2182,2022-01-21,6548.175,6563.8765
2183,2022-01-22,6198.8765,6280.66
2184,2022-01-10,6488.892,6585.077
2185,2022-01-11,6555.257,6584.598
2186,2022-01-12,6563.0913,6577.644
2187,2022-01-13,6534.978,6565.6304
2188,2022-01-14,6481.98,6523.569
2189,2022-01-15,6191.1807,6218.0947
2190,2022-01-16,6082.879,6101.2817
2191,2022-01-17,6494.4243,6562.487
2192,2022-01-18,6563.0923,6537.7173
2193,2022-01-19,6575.0737,6488.8696
2194,2022-01-20,6563.5513,6536.92
2195,2022-01-21,6500.417,6563.8765
2196,2022-01-22,6217.9106,6280.66
2197,2022-01-23,6134.9546,6133.292
2198,2022-01-11,6624.8833,6584.598
2199,2022-01-12,6623.502,6577.644
2200,2022-01-13,6615.6636,6565.6304
2201,2022-01-14,6559.884,6523.569
2202,2022-01-15,6233.964,6218.0947
2203,2022-01-16,6140.844,6101.2817
2204,2022-01-17,6558.9624,6562.487
2205,2022-01-18,6626.7285,6537.7173
2206,2022-01-19,6633.642,6488.8696
2207,2022-01-20,6638.714,6536.92
2208,2022-01-21,6586.619,6563.8765
2209,2022-01-22,6238.112,6280.66
2210,2022-01-23,6139.924,6133.292
2211,2022-01-24,6535.9136,6626.406
2212,2022-01-12,6601.78,6577.644
2213,2022-01-13,6581.0337,6565.6304
2214,2022-01-14,6536.774,6523.569
2215,2022-01-15,6193.294,6218.0947
2216,2022-01-16,6086.328,6101.2817
2217,2022-01-17,6522.4795,6562.487
2218,2022-01-18,6591.638,6537.7173
2219,2022-01-19,6605.4707,6488.8696
2220,2022-01-20,6602.244,6536.92
2221,2022-01-21,6545.9956,6563.8765
2222,2022-01-22,6204.817,6280.66
2223,2022-01-23,6121.8306,6133.292
2224,2022-01-24,6549.2246,6626.406
2225,2022-01-25,6604.5474,6630.1963
2226,2022-01-13,6572.7627,6565.6304
2227,2022-01-14,6563.0796,6523.569
2228,2022-01-15,6225.0776,6218.0947
2229,2022-01-16,6100.5767,6101.2817
2230,2022-01-17,6544.1714,6562.487
2231,2022-01-18,6595.357,6537.7173
2232,2022-01-19,6604.118,6488.8696
2233,2022-01-20,6615.6455,6536.92
2234,2022-01-21,6579.6787,6563.8765
2235,2022-01-22,6230.152,6280.66
2236,2022-01-23,6114.4106,6133.292
2237,2022-01-24,6531.7207,6626.406
2238,2022-01-25,6584.7485,6630.1963
2239,2022-01-26,6605.962,6677.717
2240,2022-01-14,6506.2583,6523.569
2241,2022-01-15,6145.62,6218.0947
2242,2022-01-16,6052.924,6101.2817
2243,2022-01-17,6482.7393,6562.487
2244,2022-01-18,6555.145,6537.7173
2245,2022-01-19,6561.6006,6488.8696
2246,2022-01-20,6546.3813,6536.92
2247,2022-01-21,6521.9404,6563.8765
2248,2022-01-22,6165.4517,6280.66
2249,2022-01-23,6075.985,6133.292
2250,2022-01-24,6523.3223,6626.406
2251,2022-01-25,6575.436,6630.1963
2252,2022-01-26,6579.1255,6677.717
2253,2022-01-27,6563.9067,6652.3604
2254,2022-01-15,6157.291,6218.0947
2255,2022-01-16,6081.6514,6101.2817
2256,2022-01-17,6512.8867,6562.487
2257,2022-01-18,6560.8545,6537.7173
2258,2022-01-19,6572.385,6488.8696
2259,2022-01-20,6542.866,6536.92
2260,2022-01-21,6489.366,6563.8765
2261,2022-01-22,6158.213,6280.66
2262,2022-01-23,6076.5796,6133.292
2263,2022-01-24,6501.82,6626.406
2264,2022-01-25,6540.5625,6630.1963
2265,2022-01-26,6565.4683,6677.717
2266,2022-01-27,6523.958,6652.3604
2267,2022-01-28,6487.5225,6644.965
2268,2022-01-16,6045.483,6101.2817
2269,2022-01-17,6487.3174,6562.487
2270,2022-01-18,6565.263,6537.7173
2271,2022-01-19,6576.7925,6488.8696
2272,2022-01-20,6555.1177,6536.92
2273,2022-01-21,6521.4473,6563.8765
2274,2022-01-22,6181.998,6280.66
2275,2022-01-23,6074.5405,6133.292
2276,2022-01-24,6526.0605,6626.406
2277,2022-01-25,6589.2456,6630.1963
2278,2022-01-26,6592.935,6677.717
2279,2022-01-27,6584.6343,6652.3604
2280,2022-01-28,6531.134,6644.965
2281,2022-01-29,6199.5244,6309.009
2282,2022-01-17,6484.44,6562.487
2283,2022-01-18,6537.478,6537.7173
2284,2022-01-19,6542.552,6488.8696
2285,2022-01-20,6524.102,6536.92
2286,2022-01-21,6487.667,6563.8765
2287,2022-01-22,6174.0312,6280.66
2288,2022-01-23,6067.949,6133.292
2289,2022-01-24,6496.4287,6626.406
2290,2022-01-25,6544.3955,6630.1963
2291,2022-01-26,6552.698,6677.717
2292,2022-01-27,6543.9346,6652.3604
2293,2022-01-28,6494.1226,6644.965
2294,2022-01-29,6196.1704,6309.009
2295,2022-01-30,6108.9995,6131.7935
2296,2022-01-18,6608.726,6537.7173
2297,2022-01-19,6599.0386,6488.8696
2298,2022-01-20,6567.2036,6536.92
2299,2022-01-21,6522.9106,6563.8765
2300,2022-01-22,6170.422,6280.66
2301,2022-01-23,6077.2246,6133.292
2302,2022-01-24,6515.07,6626.406
2303,2022-01-25,6575.0464,6630.1963
2304,2022-01-26,6592.578,6677.717
2305,2022-01-27,6561.666,6652.3604
2306,2022-01-28,6527.5244,6644.965
2307,2022-01-29,6190.261,6309.009
2308,2022-01-30,6087.835,6131.7935
2309,2022-01-31,6521.0664,6265.909
2310,2022-01-19,6574.4487,6488.8696
2311,2022-01-20,6565.22,6536.92
2312,2022-01-21,6532.9214,6563.8765
2313,2022-01-22,6221.455,6280.66
2314,2022-01-23,6106.0977,6133.292
2315,2022-01-24,6521.384,6626.406
2316,2022-01-25,6574.91,6630.1963
2317,2022-01-26,6579.987,6677.717
2318,2022-01-27,6584.1387,6652.3604
2319,2022-01-28,6528.305,6644.965
2320,2022-01-29,6207.612,6309.009
2321,2022-01-30,6128.2456,6131.7935
2322,2022-01-31,6557.378,6265.909
2323,2022-02-01,6597.522,5908.9185
2324,2022-01-20,6516.4507,6536.92
2325,2022-01-21,6483.6875,6563.8765
2326,2022-01-22,6180.4995,6280.66
2327,2022-01-23,6056.364,6133.292
2328,2022-01-24,6503.0674,6626.406
2329,2022-01-25,6551.524,6630.1963
2330,2022-01-26,6567.6743,6677.717
2331,2022-01-27,6554.753,6652.3604
2332,2022-01-28,6504.453,6644.965
2333,2022-01-29,6195.7285,6309.009
2334,2022-01-30,6072.5156,6131.7935
2335,2022-01-31,6496.607,6265.909
2336,2022-02-01,6563.5205,5908.9185
2337,2022-02-02,6577.365,5949.6616
2338,2022-01-21,6495.6357,6563.8765
2339,2022-01-22,6173.023,6280.66
2340,2022-01-23,6081.1777,6133.292
2341,2022-01-24,6514.5576,6626.406
2342,2022-01-25,6568.5576,6630.1963
2343,2022-01-26,6575.942,6677.717
2344,2022-01-27,6546.865,6652.3604
2345,2022-01-28,6482.252,6644.965
2346,2022-01-29,6176.2544,6309.009
2347,2022-01-30,6112.563,6131.7935
2348,2022-01-31,6530.712,6265.909
2349,2022-02-01,6569.4814,5908.9185
2350,2022-02-02,6564.4023,5949.6616
2351,2022-02-03,6547.326,6456.346
2352,2022-01-22,6167.457,6280.66
2353,2022-01-23,6060.8267,6133.292
2354,2022-01-24,6505.8096,6626.406
2355,2022-01-25,6557.9736,6630.1963
2356,2022-01-26,6549.2036,6677.717
2357,2022-01-27,6554.7407,6652.3604
2358,2022-01-28,6512.736,6644.965
2359,2022-01-29,6173.459,6309.009
2360,2022-01-30,6068.674,6131.7935
2361,2022-01-31,6515.044,6265.909
2362,2022-02-01,6555.2017,5908.9185
2363,2022-02-02,6543.663,5949.6616
2364,2022-02-03,6534.8926,6456.346
2365,2022-02-04,6478.1143,6584.6704
2366,2022-01-23,6110.467,6133.292
2367,2022-01-24,6528.697,6626.406
2368,2022-01-25,6582.7036,6630.1963
2369,2022-01-26,6599.323,6677.717
2370,2022-01-27,6578.552,6652.3604
2371,2022-01-28,6535.158,6644.965
2372,2022-01-29,6206.9463,6309.009
2373,2022-01-30,6094.3105,6131.7935
2374,2022-01-31,6533.311,6265.909
2375,2022-02-01,6573.0107,5908.9185
2376,2022-02-02,6573.0093,5949.6616
2377,2022-02-03,6551.775,6456.346
2378,2022-02-04,6521.7705,6584.6704
2379,2022-02-05,6209.716,6286.3784
2380,2022-01-24,6521.538,6626.406
2381,2022-01-25,6559.3945,6630.1963
2382,2022-01-26,6564.0093,6677.717
2383,2022-01-27,6550.6226,6652.3604
2384,2022-01-28,6500.763,6644.965
2385,2022-01-29,6184.0537,6309.009
2386,2022-01-30,6086.642,6131.7935
2387,2022-01-31,6519.6895,6265.909
2388,2022-02-01,6578.322,5908.9185
2389,2022-02-02,6577.398,5949.6616
2390,2022-02-03,6560.779,6456.346
2391,2022-02-04,6509.0723,6584.6704
2392,2022-02-05,6197.905,6286.3784
2393,2022-02-06,6112.958,6029.987
2394,2022-01-25,6621.813,6630.1963
2395,2022-01-26,6628.2793,6677.717
2396,2022-01-27,6617.195,6652.3604
2397,2022-01-28,6540.535,6644.965
2398,2022-01-29,6215.8867,6309.009
2399,2022-01-30,6093.506,6131.7935
2400,2022-01-31,6522.0605,6265.909
2401,2022-02-01,6576.554,5908.9185
2402,2022-02-02,6598.259,5949.6616
2403,2022-02-03,6568.7026,6456.346
2404,2022-02-04,6517.442,6584.6704
2405,2022-02-05,6208.9575,6286.3784
2406,2022-02-06,6117.52,6029.987
2407,2022-02-07,6534.991,6448.8633
2408,2022-01-26,6646.0137,6677.717
2409,2022-01-27,6628.003,6652.3604
2410,2022-01-28,6589.668,6644.965
2411,2022-01-29,6289.0044,6309.009
2412,2022-01-30,6156.4556,6131.7935
2413,2022-01-31,6574.888,6265.909
2414,2022-02-01,6633.081,5908.9185
2415,2022-02-02,6635.853,5949.6616
2416,2022-02-03,6636.3145,6456.346
2417,2022-02-04,6604.447,6584.6704
2418,2022-02-05,6284.388,6286.3784
2419,2022-02-06,6173.0845,6029.987
2420,2022-02-07,6570.27,6448.8633
2421,2022-02-08,6658.944,6450.566
2422,2022-01-27,6669.292,6652.3604
2423,2022-01-28,6626.3364,6644.965
2424,2022-01-29,6330.7246,6309.009
2425,2022-01-30,6169.5215,6131.7935
2426,2022-01-31,6572.756,6265.909
2427,2022-02-01,6638.3467,5908.9185
2428,2022-02-02,6636.9604,5949.6616
2429,2022-02-03,6615.2524,6456.346
2430,2022-02-04,6580.147,6584.6704
2431,2022-02-05,6278.0674,6286.3784
2432,2022-02-06,6159.8213,6029.987
2433,2022-02-07,6548.737,6448.8633
2434,2022-02-08,6604.165,6450.566
2435,2022-02-09,6594.4663,6440.9097
2436,2022-01-28,6596.022,6644.965
2437,2022-01-29,6271.28,6309.009
2438,2022-01-30,6137.315,6131.7935
2439,2022-01-31,6553.5215,6265.909
2440,2022-02-01,6621.891,5908.9185
2441,2022-02-02,6635.286,5949.6616
2442,2022-02-03,6613.576,6456.346
2443,2022-02-04,6553.0596,6584.6704
2444,2022-02-05,6255.11,6286.3784
2445,2022-02-06,6123.458,6029.987
2446,2022-02-07,6557.2173,6448.8633
2447,2022-02-08,6612.6514,6450.566
2448,2022-02-09,6611.725,6440.9097
2449,2022-02-10,6605.2607,6285.4385
2450,2022-01-29,6321.969,6309.009
2451,2022-01-30,6157.0386,6131.7935
2452,2022-01-31,6541.884,6265.909
2453,2022-02-01,6608.8726,5908.9185
2454,2022-02-02,6606.5625,5949.6616
2455,2022-02-03,6597.3223,6456.346
2456,2022-02-04,6559.4404,6584.6704
2457,2022-02-05,6249.8994,6286.3784
2458,2022-02-06,6118.6934,6029.987
2459,2022-02-07,6516.4727,6448.8633
2460,2022-02-08,6583.0,6450.566
2461,2022-02-09,6575.608,6440.9097
2462,2022-02-10,6573.761,6285.4385
2463,2022-02-11,6534.9526,6267.331
2464,2022-01-30,6120.353,6131.7935
2465,2022-01-31,6540.326,6265.909
2466,2022-02-01,6595.7705,5908.9185
2467,2022-02-02,6607.319,5949.6616
2468,2022-02-03,6575.4395,6456.346
2469,2022-02-04,6545.41,6584.6704
2470,2022-02-05,6244.6367,6286.3784
2471,2022-02-06,6112.038,6029.987
2472,2022-02-07,6516.302,6448.8633
2473,2022-02-08,6572.668,6450.566
2474,2022-02-09,6568.511,6440.9097
2475,2022-02-10,6545.409,6285.4385
2476,2022-02-11,6524.619,6267.331
2477,2022-02-12,6224.7686,6054.2056
2478,2022-01-31,6509.788,6265.909
2479,2022-02-01,6576.3276,5908.9185
2480,2022-02-02,6576.3267,5949.6616
2481,2022-02-03,6547.2173,6456.346
2482,2022-02-04,6515.3325,6584.6704
2483,2022-02-05,6215.4424,6286.3784
2484,2022-02-06,6094.378,6029.987
2485,2022-02-07,6515.7954,6448.8633
2486,2022-02-08,6558.3066,6450.566
2487,2022-02-09,6567.087,6440.9097
2488,2022-02-10,6544.446,6285.4385
2489,2022-02-11,6502.3965,6267.331
2490,2022-02-12,6240.8594,6054.2056
2491,2022-02-13,6164.6143,5970.6265
2492,2022-02-01,6519.688,5908.9185
2493,2022-02-02,6555.2744,5949.6616
2494,2022-02-03,6539.5605,6456.346
2495,2022-02-04,6507.2075,6584.6704
2496,2022-02-05,6214.177,6286.3784
2497,2022-02-06,6072.7476,6029.987
2498,2022-02-07,6476.7036,6448.8633
2499,2022-02-08,6546.955,6450.566
2500,2022-02-09,6560.3613,6440.9097
2501,2022-02-10,6546.957,6285.4385
2502,2022-02-11,6529.8545,6267.331
2503,2022-02-12,6237.7495,6054.2056
2504,2022-02-13,6115.7314,5970.6265
2505,2022-02-14,6514.141,6525.6577
2506,2022-02-02,6063.219,5949.6616
2507,2022-02-03,6250.864,6456.346
2508,2022-02-04,6301.239,6584.6704
2509,2022-02-05,6232.837,6286.3784
2510,2022-02-06,6188.469,6029.987
2511,2022-02-07,6253.6367,6448.8633
2512,2022-02-08,6267.0386,6450.566
2513,2022-02-09,6272.583,6440.9097
2514,2022-02-10,6349.3027,6285.4385
2515,2022-02-11,6370.101,6267.331
2516,2022-02-12,6306.7837,6054.2056
2517,2022-02-13,6270.2744,5970.6265
2518,2022-02-14,6331.2793,6525.6577
2519,2022-02-15,6319.2617,6634.7534
2520,2022-02-03,6217.2144,6456.346
2521,2022-02-04,6295.3164,6584.6704
2522,2022-02-05,6283.2993,6286.3784
2523,2022-02-06,6332.7495,6029.987
2524,2022-02-07,6300.8623,6448.8633
2525,2022-02-08,6154.364,6450.566
2526,2022-02-09,6198.7285,6440.9097
2527,2022-02-10,6362.7896,6285.4385
2528,2022-02-11,6389.13,6267.331
2529,2022-02-12,6380.813,6054.2056
2530,2022-02-13,6423.3286,5970.6265
2531,2022-02-14,6393.7524,6525.6577
2532,2022-02-15,6260.6543,6634.7534
2533,2022-02-16,6306.868,6452.063
2534,2022-02-04,6520.9805,6584.6704
2535,2022-02-05,6493.7114,6286.3784
2536,2022-02-06,6469.677,6029.987
2537,2022-02-07,6306.9883,6448.8633
2538,2022-02-08,6139.2144,6450.566
2539,2022-02-09,6397.114,6440.9097
2540,2022-02-10,6519.5938,6285.4385
2541,2022-02-11,6508.5024,6267.331
2542,2022-02-12,6485.392,6054.2056
2543,2022-02-13,6436.8633,5970.6265
2544,2022-02-14,6246.9023,6525.6577
2545,2022-02-15,6166.9443,6634.7534
2546,2022-02-16,6424.8457,6452.063
2547,2022-02-17,6542.2417,6492.4053
2548,2022-02-05,6533.5156,6286.3784
2549,2022-02-06,6484.5176,6029.987
2550,2022-02-07,6318.1064,6448.8633
2551,2022-02-08,6136.9033,6450.566
2552,2022-02-09,6332.4375,6440.9097
2553,2022-02-10,6530.2817,6285.4385
2554,2022-02-11,6527.51,6267.331
2555,2022-02-12,6515.49,6054.2056
2556,2022-02-13,6481.2837,5970.6265
2557,2022-02-14,6301.006,6525.6577
2558,2022-02-15,6173.4204,6634.7534
2559,2022-02-16,6372.1914,6452.063
2560,2022-02-17,6557.092,6492.4053
2561,2022-02-18,6575.121,6645.8525
2562,2022-02-06,6219.5283,6029.987
2563,2022-02-07,6369.303,6448.8633
2564,2022-02-08,6233.8555,6450.566
2565,2022-02-09,6195.95,6440.9097
2566,2022-02-10,6443.2705,6285.4385
2567,2022-02-11,6482.101,6267.331
2568,2022-02-12,6398.4277,6054.2056
2569,2022-02-13,6347.115,5970.6265
2570,2022-02-14,6409.523,6525.6577
2571,2022-02-15,6304.123,6634.7534
2572,2022-02-16,6271.3,6452.063
2573,2022-02-17,6487.649,6492.4053
2574,2022-02-18,6497.8174,6645.8525
2575,2022-02-19,6432.638,6300.391
2576,2022-02-07,6198.428,6448.8633
2577,2022-02-08,6374.112,6450.566
2578,2022-02-09,6350.0713,6440.9097
2579,2022-02-10,6393.0674,6285.4385
2580,2022-02-11,6418.494,6267.331
2581,2022-02-12,6251.596,6054.2056
2582,2022-02-13,6113.36,5970.6265
2583,2022-02-14,6295.5156,6525.6577
2584,2022-02-15,6418.0317,6634.7534
2585,2022-02-16,6441.1494,6452.063
2586,2022-02-17,6463.804,6492.4053
2587,2022-02-18,6446.6973,6645.8525
2588,2022-02-19,6280.721,6300.391
2589,2022-02-20,6180.859,6125.728
2590,2022-02-08,6501.05,6450.566
2591,2022-02-09,6501.9756,6440.9097
2592,2022-02-10,6466.8276,6285.4385
2593,2022-02-11,6402.542,6267.331
2594,2022-02-12,6137.0806,6054.2056
2595,2022-02-13,6044.1226,5970.6265
2596,2022-02-14,6445.553,6525.6577
2597,2022-02-15,6501.5137,6634.7534
2598,2022-02-16,6507.9883,6452.063
2599,2022-02-17,6516.7764,6492.4053
2600,2022-02-18,6466.8276,6645.8525
2601,2022-02-19,6197.6646,6300.391
2602,2022-02-20,6109.7944,6125.728
2603,2022-02-21,6470.5283,6587.924
2604,2022-02-09,6432.858,6440.9097
2605,2022-02-10,6415.743,6285.4385
2606,2022-02-11,6431.931,6267.331
2607,2022-02-12,6189.0864,6054.2056
2608,2022-02-13,6116.9263,5970.6265
2609,2022-02-14,6467.5493,6525.6577
2610,2022-02-15,6502.705,6634.7534
2611,2022-02-16,6490.215,6452.063
2612,2022-02-17,6468.935,6492.4053
2613,2022-02-18,6422.6816,6645.8525
2614,2022-02-19,6176.5957,6300.391
2615,2022-02-20,6097.4985,6125.728
2616,2022-02-21,6441.6436,6587.924
2617,2022-02-22,6513.804,6617.263
2618,2022-02-10,6411.034,6285.4385
2619,2022-02-11,6406.409,6267.331
2620,2022-02-12,6190.3657,6054.2056
2621,2022-02-13,6062.6807,5970.6265
2622,2022-02-14,6405.947,6525.6577
2623,2022-02-15,6510.0356,6634.7534
2624,2022-02-16,6507.26,6452.063
2625,2022-02-17,6485.0557,6492.4053
2626,2022-02-18,6430.466,6645.8525
2627,2022-02-19,6228.7593,6300.391
2628,2022-02-20,6123.284,6125.728
2629,2022-02-21,6426.301,6587.924
2630,2022-02-22,6527.6157,6617.263
2631,2022-02-23,6547.9707,6638.067
2632,2022-02-11,6283.11,6267.331
2633,2022-02-12,6131.817,6054.2056
2634,2022-02-13,5966.643,5970.6265
2635,2022-02-14,6228.5156,6525.6577
2636,2022-02-15,6414.0474,6634.7534
2637,2022-02-16,6413.123,6452.063
2638,2022-02-17,6414.973,6492.4053
2639,2022-02-18,6396.006,6645.8525
2640,2022-02-19,6207.232,6300.391
2641,2022-02-20,6064.7275,6125.728
2642,2022-02-21,6320.1235,6587.924
2643,2022-02-22,6470.033,6617.263
2644,2022-02-23,6490.39,6638.067
2645,2022-02-24,6487.15,6415.2485
2646,2022-02-12,6045.159,6054.2056
2647,2022-02-13,5936.8867,5970.6265
2648,2022-02-14,6335.734,6525.6577
2649,2022-02-15,6416.2437,6634.7534
2650,2022-02-16,6408.841,6452.063
2651,2022-02-17,6405.602,6492.4053
2652,2022-02-18,6373.676,6645.8525
2653,2022-02-19,6120.1167,6300.391
2654,2022-02-20,6024.3374,6125.728
2655,2022-02-21,6395.884,6587.924
2656,2022-02-22,6465.7524,6617.263
2657,2022-02-23,6480.0957,6638.067
2658,2022-02-24,6461.589,6415.2485
2659,2022-02-25,6423.183,6455.2783
2660,2022-02-13,5938.8965,5970.6265
2661,2022-02-14,6319.675,6525.6577
2662,2022-02-15,6390.9277,6634.7534
2663,2022-02-16,6380.7476,6452.063
2664,2022-02-17,6369.645,6492.4053
2665,2022-02-18,6380.285,6645.8525
2666,2022-02-19,6110.085,6300.391
2667,2022-02-20,6019.4014,6125.728
2668,2022-02-21,6407.123,6587.924
2669,2022-02-22,6455.24,6617.263
2670,2022-02-23,6462.6445,6638.067
2671,2022-02-24,6460.3296,6415.2485
2672,2022-02-25,6418.226,6455.2783
2673,2022-02-26,6166.5317,6133.1367
2674,2022-02-14,6347.261,6525.6577
2675,2022-02-15,6410.652,6634.7534
2676,2022-02-16,6409.7275,6452.063
2677,2022-02-17,6389.3677,6492.4053
2678,2022-02-18,6356.0537,6645.8525
2679,2022-02-19,6105.7344,6300.391
2680,2022-02-20,6035.404,6125.728
2681,2022-02-21,6418.0557,6587.924
2682,2022-02-22,6476.8174,6617.263
2683,2022-02-23,6476.3545,6638.067
2684,2022-02-24,6475.8926,6415.2485
2685,2022-02-25,6437.4873,6455.2783
2686,2022-02-26,6193.647,6133.1367
2687,2022-02-27,6129.333,5984.863
2688,2022-02-15,6539.956,6634.7534
2689,2022-02-16,6511.7275,6452.063
2690,2022-02-17,6481.1826,6492.4053
2691,2022-02-18,6452.0254,6645.8525
2692,2022-02-19,6166.937,6300.391
2693,2022-02-20,6105.846,6125.728
2694,2022-02-21,6508.4893,6587.924
2695,2022-02-22,6560.3213,6617.263
2696,2022-02-23,6568.1895,6638.067
2697,2022-02-24,6540.8823,6415.2485
2698,2022-02-25,6514.9673,6455.2783
2699,2022-02-26,6241.912,6133.1367
2700,2022-02-27,6191.002,5984.863
2701,2022-02-28,6550.603,6511.946
2702,2022-02-16,6578.5894,6452.063
2703,2022-02-17,6535.0786,6492.4053
2704,2022-02-18,6502.2124,6645.8525
2705,2022-02-19,6228.643,6300.391
2706,2022-02-20,6130.511,6125.728
2707,2022-02-21,6517.9517,6587.924
2708,2022-02-22,6574.8877,6617.263
2709,2022-02-23,6560.537,6638.067
2710,2022-02-24,6555.908,6415.2485
2711,2022-02-25,6510.545,6455.2783
2712,2022-02-26,6239.2896,6133.1367
2713,2022-02-27,6162.4507,5984.863
2714,2022-02-28,6528.1367,6511.946
2715,2022-03-01,6568.4067,6552.6157
2716,2022-02-17,6408.919,6492.4053
2717,2022-02-18,6383.9233,6645.8525
2718,2022-02-19,6130.234,6300.391
2719,2022-02-20,6025.61,6125.728
2720,2022-02-21,6431.1426,6587.924
2721,2022-02-22,6493.1763,6617.263
2722,2022-02-23,6483.917,6638.067
2723,2022-02-24,6481.14,6415.2485
2724,2022-02-25,6431.6064,6455.2783
2725,2022-02-26,6180.6934,6133.1367
2726,2022-02-27,6100.605,5984.863
2727,2022-02-28,6483.4556,6511.946
2728,2022-03-01,6551.0444,6552.6157
2729,2022-03-02,6551.507,6556.565
2730,2022-02-18,6428.5273,6645.8525
2731,2022-02-19,6140.0874,6300.391
2732,2022-02-20,6053.9756,6125.728
2733,2022-02-21,6478.5317,6587.924
2734,2022-02-22,6524.83,6617.263
2735,2022-02-23,6527.143,6638.067
2736,2022-02-24,6506.774,6415.2485
2737,2022-02-25,6453.9917,6455.2783
2738,2022-02-26,6172.497,6133.1367
2739,2022-02-27,6090.0864,5984.863
2740,2022-02-28,6495.198,6511.946
2741,2022-03-01,6550.294,6552.6157
2742,2022-03-02,6542.4214,6556.565
2743,2022-03-03,6535.4775,6520.5806
2744,2022-02-19,6343.8,6300.391
2745,2022-02-20,6178.0283,6125.728
2746,2022-02-21,6506.3296,6587.924
2747,2022-02-22,6579.0273,6617.263
2748,2022-02-23,6580.879,6638.067
2749,2022-02-24,6574.398,6415.2485
2750,2022-02-25,6547.0786,6455.2783
2751,2022-02-26,6286.844,6133.1367
2752,2022-02-27,6164.1367,5984.863
2753,2022-02-28,6494.7544,6511.946
2754,2022-03-01,6581.342,6552.6157
2755,2022-03-02,6605.424,6556.565
2756,2022-03-03,6601.2563,6520.5806
2757,2022-03-04,6573.9355,6591.069
2758,2022-02-20,6091.168,6125.728
2759,2022-02-21,6483.851,6587.924
2760,2022-02-22,6539.419,6617.263
2761,2022-02-23,6540.8066,6638.067
2762,2022-02-24,6558.404,6415.2485
2763,2022-02-25,6537.1035,6455.2783
2764,2022-02-26,6246.2964,6133.1367
2765,2022-02-27,6134.235,5984.863
2766,2022-02-28,6567.6646,6511.946
2767,2022-03-01,6613.0454,6552.6157
2768,2022-03-02,6609.804,6556.565
2769,2022-03-03,6601.004,6520.5806
2770,2022-03-04,6540.806,6591.069
2771,2022-03-05,6254.629,6267.2925
2772,2022-02-21,6476.9194,6587.924
2773,2022-02-22,6538.516,6617.263
2774,2022-02-23,6535.7383,6638.067
2775,2022-02-24,6527.4014,6415.2485
2776,2022-02-25,6479.2344,6455.2783
2777,2022-02-26,6198.109,6133.1367
2778,2022-02-27,6103.6294,5984.863
2779,2022-02-28,6529.2544,6511.946
2780,2022-03-01,6584.83,6552.6157
2781,2022-03-02,6588.535,6556.565
2782,2022-03-03,6580.662,6520.5806
2783,2022-03-04,6520.917,6591.069
2784,2022-03-05,6242.1064,6267.2925
2785,2022-03-06,6144.8477,6072.3906
2786,2022-02-22,6608.5854,6617.263
2787,2022-02-23,6583.567,6638.067
2788,2022-02-24,6561.328,6415.2485
2789,2022-02-25,6503.4146,6455.2783
2790,2022-02-26,6199.0254,6133.1367
2791,2022-02-27,6096.6323,5984.863
2792,2022-02-28,6518.2393,6511.946
2793,2022-03-01,6556.2314,6552.6157
2794,2022-03-02,6558.5483,6556.565
2795,2022-03-03,6570.594,6520.5806
2796,2022-03-04,6527.043,6591.069
2797,2022-03-05,6237.478,6267.2925
2798,2022-03-06,6160.5684,6072.3906
2799,2022-03-07,6559.011,6556.843
2800,2022-02-23,6602.822,6638.067
2801,2022-02-24,6556.947,6415.2485
2802,2022-02-25,6536.5576,6455.2783
2803,2022-02-26,6234.4263,6133.1367
2804,2022-02-27,6130.6294,5984.863
2805,2022-02-28,6551.386,6511.946
2806,2022-03-01,6589.8477,6552.6157
2807,2022-03-02,6578.261,6556.565
2808,2022-03-03,6569.92,6520.5806
2809,2022-03-04,6537.484,6591.069
2810,2022-03-05,6252.963,6267.2925
2811,2022-03-06,6163.067,6072.3906
2812,2022-03-07,6543.044,6556.843
2813,2022-03-08,6586.6,6563.279
2814,2022-02-24,6577.6274,6415.2485
2815,2022-02-25,6566.9663,6455.2783
2816,2022-02-26,6265.709,6133.1367
2817,2022-02-27,6143.8164,5984.863
2818,2022-02-28,6572.0645,6511.946
2819,2022-03-01,6614.2393,6552.6157
2820,2022-03-02,6601.7275,6556.565
2821,2022-03-03,6597.092,6520.5806
2822,2022-03-04,6561.4043,6591.069
2823,2022-03-05,6269.879,6267.2925
2824,2022-03-06,6153.5483,6072.3906
2825,2022-03-07,6551.672,6556.843
2826,2022-03-08,6612.388,6563.279
2827,2022-03-09,6624.9023,6613.21
2828,2022-02-25,6376.1924,6455.2783
2829,2022-02-26,6118.4736,6133.1367
2830,2022-02-27,6011.402,5984.863
2831,2022-02-28,6429.034,6511.946
2832,2022-03-01,6495.7812,6552.6157
2833,2022-03-02,6499.4893,6556.565
2834,2022-03-03,6516.639,6520.5806
2835,2022-03-04,6462.408,6591.069
2836,2022-03-05,6191.71,6267.2925
2837,2022-03-06,6118.009,6072.3906
2838,2022-03-07,6508.2964,6556.843
2839,2022-03-08,6556.9663,6563.279
2840,2022-03-09,6548.622,6613.21
2841,2022-03-10,6537.96,6538.1963
2842,2022-02-26,6149.0073,6133.1367
2843,2022-02-27,6073.9062,5984.863
2844,2022-02-28,6502.723,6511.946
2845,2022-03-01,6549.084,6552.6157
2846,2022-03-02,6567.1626,6556.565
2847,2022-03-03,6537.029,6520.5806
2848,2022-03-04,6481.3994,6591.069
2849,2022-03-05,6187.02,6267.2925
2850,2022-03-06,6117.946,6072.3906
2851,2022-03-07,6518.484,6556.843
2852,2022-03-08,6556.037,6563.279
2853,2022-03-09,6559.2793,6613.21
2854,2022-03-10,6531.466,6538.1963
2855,2022-03-11,6488.3506,6596.886
2856,2022-02-27,6011.4707,5984.863
2857,2022-02-28,6440.2974,6511.946
2858,2022-03-01,6500.1,6552.6157
2859,2022-03-02,6491.756,6556.565
2860,2022-03-03,6487.12,6520.5806
2861,2022-03-04,6455.5938,6591.069
2862,2022-03-05,6174.192,6267.2925
2863,2022-03-06,6098.6245,6072.3906
2864,2022-03-07,6519.1064,6556.843
2865,2022-03-08,6570.103,6563.279
2866,2022-03-09,6571.0327,6613.21
2867,2022-03-10,6553.8774,6538.1963
2868,2022-03-11,6521.4263,6596.886
2869,2022-03-12,6250.686,6260.308
2870,2022-02-28,6442.29,6511.946
2871,2022-03-01,6502.563,6552.6157
2872,2022-03-02,6514.616,6556.565
2873,2022-03-03,6483.089,6520.5806
2874,2022-03-04,6457.1255,6591.069
2875,2022-03-05,6173.8423,6267.2925
2876,2022-03-06,6104.76,6072.3906
2877,2022-03-07,6493.2896,6556.843
2878,2022-03-08,6538.263,6563.279
2879,2022-03-09,6535.9443,6613.21
2880,2022-03-10,6516.471,6538.1963
2881,2022-03-11,6492.826,6596.886
2882,2022-03-12,6222.524,6260.308
2883,2022-03-13,6148.806,6143.8823
2884,2022-03-01,6568.8735,6552.6157
2885,2022-03-02,6554.0337,6556.565
2886,2022-03-03,6553.572,6520.5806
2887,2022-03-04,6501.1636,6591.069
2888,2022-03-05,6205.2827,6267.2925
2889,2022-03-06,6134.79,6072.3906
2890,2022-03-07,6532.237,6556.843
2891,2022-03-08,6605.9775,6563.279
2892,2022-03-09,6588.3545,6613.21
2893,2022-03-10,6595.7744,6538.1963
2894,2022-03-11,6542.905,6596.886
2895,2022-03-12,6237.2817,6260.308
2896,2022-03-13,6162.1514,6143.8823
2897,2022-03-14,6544.759,6690.907
2898,2022-03-02,6533.431,6556.565
2899,2022-03-03,6514.877,6520.5806
2900,2022-03-04,6491.221,6591.069
2901,2022-03-05,6217.5645,6267.2925
2902,2022-03-06,6144.281,6072.3906
2903,2022-03-07,6537.6045,6556.843
2904,2022-03-08,6548.2725,6563.279
2905,2022-03-09,6553.838,6613.21
2906,2022-03-10,6541.7793,6538.1963
2907,2022-03-11,6517.66,6596.886
2908,2022-03-12,6221.7393,6260.308
2909,2022-03-13,6145.6724,6143.8823
2910,2022-03-14,6528.7925,6690.907
2911,2022-03-15,6585.842,6565.485
2912,2022-03-03,6525.154,6520.5806
2913,2022-03-04,6513.558,6591.069
2914,2022-03-05,6202.3057,6267.2925
2915,2022-03-06,6087.2686,6072.3906
2916,2022-03-07,6510.311,6556.843
2917,2022-03-08,6559.015,6563.279
2918,2022-03-09,6559.4805,6613.21
2919,2022-03-10,6543.2476,6538.1963
2920,2022-03-11,6511.703,6596.886
2921,2022-03-12,6231.0654,6260.308
2922,2022-03-13,6142.4683,6143.8823
2923,2022-03-14,6539.997,6690.907
2924,2022-03-15,6583.602,6565.485
2925,2022-03-16,6574.3213,6543.825
2926,2022-03-04,6489.063,6591.069
2927,2022-03-05,6175.466,6267.2925
2928,2022-03-06,6093.8154,6072.3906
2929,2022-03-07,6525.713,6556.843
2930,2022-03-08,6564.2163,6563.279
2931,2022-03-09,6547.517,6613.21
2932,2022-03-10,6515.97,6538.1963
2933,2022-03-11,6483.4956,6596.886
2934,2022-03-12,6187.5264,6260.308
2935,2022-03-13,6120.7246,6143.8823
2936,2022-03-14,6512.2593,6690.907
2937,2022-03-15,6550.7627,6565.485
2938,2022-03-16,6552.6167,6543.825
2939,2022-03-17,6529.8867,6593.7437
2940,2022-03-05,6231.9414,6267.2925
2941,2022-03-06,6130.797,6072.3906
2942,2022-03-07,6547.9023,6556.843
2943,2022-03-08,6572.027,6563.279
2944,2022-03-09,6559.9663,6613.21
2945,2022-03-10,6559.9644,6538.1963
2946,2022-03-11,6524.239,6596.886
2947,2022-03-12,6222.663,6260.308
2948,2022-03-13,6119.6626,6143.8823
2949,2022-03-14,6523.774,6690.907
2950,2022-03-15,6562.748,6565.485
2951,2022-03-16,6554.862,6543.825
2952,2022-03-17,6467.172,6593.7437
2953,2022-03-18,6488.5137,6617.016
2954,2022-03-06,6098.112,6072.3906
2955,2022-03-07,6521.7275,6556.843
2956,2022-03-08,6574.6206,6563.279
2957,2022-03-09,6563.485,6613.21
2958,2022-03-10,6544.925,6538.1963
2959,2022-03-11,6520.8,6596.886
2960,2022-03-12,6213.643,6260.308
2961,2022-03-13,6113.8867,6143.8823
2962,2022-03-14,6545.39,6690.907
2963,2022-03-15,6598.2817,6565.485
2964,2022-03-16,6581.5786,6543.825
2965,2022-03-17,6583.9014,6593.7437
2966,2022-03-18,6554.669,6617.016
2967,2022-03-19,6255.8643,6395.61
2968,2022-03-07,6502.8213,6556.843
2969,2022-03-08,6560.361,6563.279
2970,2022-03-09,6547.3687,6613.21
2971,2022-03-10,6518.1343,6538.1963
2972,2022-03-11,6504.677,6596.886
2973,2022-03-12,6220.696,6260.308
2974,2022-03-13,6112.5786,6143.8823
2975,2022-03-14,6531.5913,6690.907
2976,2022-03-15,6561.2905,6565.485
2977,2022-03-16,6554.794,6543.825
2978,2022-03-17,6538.088,6593.7437
2979,2022-03-18,6497.7163,6617.016
2980,2022-03-19,6209.095,6395.61
2981,2022-03-20,6099.587,6241.7964
2982,2022-03-08,6579.0156,6563.279
2983,2022-03-09,6559.9863,6613.21
2984,2022-03-10,6510.785,6538.1963
2985,2022-03-11,6496.395,6596.886
2986,2022-03-12,6183.552,6260.308
2987,2022-03-13,6078.6533,6143.8823
2988,2022-03-14,6505.2163,6690.907
2989,2022-03-15,6542.811,6565.485
2990,2022-03-16,6547.9175,6543.825
2991,2022-03-17,6540.9556,6593.7437
2992,2022-03-18,6478.7563,6617.016
2993,2022-03-19,6201.1914,6395.61
2994,2022-03-20,6150.5967,6241.7964
2995,2022-03-21,6549.3105,6668.931
2996,2022-03-09,6550.015,6613.21
2997,2022-03-10,6500.344,6538.1963
2998,2022-03-11,6510.091,6596.886
2999,2022-03-12,6220.8906,6260.308
3000,2022-03-13,6083.9473,6143.8823
3001,2022-03-14,6511.951,6690.907
3002,2022-03-15,6558.37,6565.485
3003,2022-03-16,6563.011,6543.825
3004,2022-03-17,6533.303,6593.7437
3005,2022-03-18,6516.5923,6617.016
3006,2022-03-19,6211.6074,6395.61
3007,2022-03-20,6109.016,6241.7964
3008,2022-03-21,6523.5537,6668.931
3009,2022-03-22,6560.226,6790.505
3010,2022-03-10,6552.619,6538.1963
3011,2022-03-11,6551.227,6596.886
3012,2022-03-12,6252.241,6260.308
3013,2022-03-13,6104.6055,6143.8823
3014,2022-03-14,6523.8345,6690.907
3015,2022-03-15,6555.8687,6565.485
3016,2022-03-16,6545.19,6543.825
3017,2022-03-17,6527.0845,6593.7437
3018,2022-03-18,6507.123,6617.016
3019,2022-03-19,6197.458,6395.61
3020,2022-03-20,6098.107,6241.7964
3021,2022-03-21,6510.372,6668.931
3022,2022-03-22,6562.834,6790.505
3023,2022-03-23,6556.3325,6730.525
3024,2022-03-11,6533.5806,6596.886
3025,2022-03-12,6216.002,6260.308
3026,2022-03-13,6095.7524,6143.8823
3027,2022-03-14,6524.297,6690.907
3028,2022-03-15,6569.7974,6565.485
3029,2022-03-16,6554.011,6543.825
3030,2022-03-17,6540.0825,6593.7437
3031,2022-03-18,6528.475,6617.016
3032,2022-03-19,6224.3613,6395.61
3033,2022-03-20,6115.2505,6241.7964
3034,2022-03-21,6534.0454,6668.931
3035,2022-03-22,6590.2246,6790.505
3036,2022-03-23,6597.6543,6730.525
3037,2022-03-24,6556.7974,6760.0454
3038,2022-03-12,6288.168,6260.308
3039,2022-03-13,6149.33,6143.8823
3040,2022-03-14,6526.375,6690.907
3041,2022-03-15,6602.527,6565.485
3042,2022-03-16,6615.529,6543.825
3043,2022-03-17,6593.7046,6593.7437
3044,2022-03-18,6564.451,6617.016
3045,2022-03-19,6269.595,6395.61
3046,2022-03-20,6147.4717,6241.7964
3047,2022-03-21,6514.302,6668.931
3048,2022-03-22,6584.882,6790.505
3049,2022-03-23,6584.4175,6730.525
3050,2022-03-24,6575.595,6760.0454
3051,2022-03-25,6545.8765,6742.806
3052,2022-03-13,6074.9604,6143.8823
3053,2022-03-14,6514.223,6690.907
3054,2022-03-15,6557.872,6565.485
3055,2022-03-16,6562.0513,6543.825
3056,2022-03-17,6540.2275,6593.7437
3057,2022-03-18,6518.8687,6617.016
3058,2022-03-19,6227.264,6395.61
3059,2022-03-20,6110.713,6241.7964
3060,2022-03-21,6540.6904,6668.931
3061,2022-03-22,6573.6606,6790.505
3062,2022-03-23,6585.734,6730.525
3063,2022-03-24,6527.2256,6760.0454
3064,2022-03-25,6495.186,6742.806
3065,2022-03-26,6198.476,6400.602
3066,2022-03-14,6521.3276,6690.907
3067,2022-03-15,6548.7236,6565.485
3068,2022-03-16,6556.618,6543.825
3069,2022-03-17,6523.649,6593.7437
3070,2022-03-18,6497.181,6617.016
3071,2022-03-19,6195.82,6395.61
3072,2022-03-20,6089.485,6241.7964
3073,2022-03-21,6528.293,6668.931
3074,2022-03-22,6561.26,6790.505
3075,2022-03-23,6568.225,6730.525
3076,2022-03-24,6524.1133,6760.0454
3077,2022-03-25,6484.645,6742.806
3078,2022-03-26,6202.322,6400.602
3079,2022-03-27,6098.3076,6227.0767
3080,2022-03-15,6649.892,6565.485
3081,2022-03-16,6629.4575,6543.825
3082,2022-03-17,6613.2007,6593.7437
3083,2022-03-18,6605.3027,6617.016
3084,2022-03-19,6276.456,6395.61
3085,2022-03-20,6169.161,6241.7964
3086,2022-03-21,6581.6157,6668.931
3087,2022-03-22,6608.09,6790.505
3088,2022-03-23,6611.8057,6730.525
3089,2022-03-24,6580.6875,6760.0454
3090,2022-03-25,6547.71,6742.806
3091,2022-03-26,6262.0566,6400.602
3092,2022-03-27,6145.471,6227.0767
3093,2022-03-28,6566.288,6706.202
3094,2022-03-16,6561.216,6543.825
3095,2022-03-17,6557.033,6593.7437
3096,2022-03-18,6535.199,6617.016
3097,2022-03-19,6225.3726,6395.61
3098,2022-03-20,6120.3926,6241.7964
3099,2022-03-21,6552.388,6668.931
3100,2022-03-22,6567.254,6790.505
3101,2022-03-23,6559.355,6730.525
3102,2022-03-24,6527.7695,6760.0454
3103,2022-03-25,6483.176,6742.806
3104,2022-03-26,6188.676,6400.602
3105,2022-03-27,6104.1357,6227.0767
3106,2022-03-28,6534.2715,6706.202
3107,2022-03-29,6556.5684,6677.18
3108,2022-03-17,6556.525,6593.7437
3109,2022-03-18,6548.6274,6617.016
3110,2022-03-19,6251.783,6395.61
3111,2022-03-20,6106.3843,6241.7964
3112,2022-03-21,6540.266,6668.931
3113,2022-03-22,6570.9243,6790.505
3114,2022-03-23,6559.7764,6730.525
3115,2022-03-24,6521.2183,6760.0454
3116,2022-03-25,6510.534,6742.806
3117,2022-03-26,6218.8013,6400.602
3118,2022-03-27,6101.274,6227.0767
3119,2022-03-28,6556.9883,6706.202
3120,2022-03-29,6591.8306,6677.18
3121,2022-03-30,6591.8296,6715.227
3122,2022-03-18,6531.46,6617.016
3123,2022-03-19,6206.26,6395.61
3124,2022-03-20,6118.4556,6241.7964
3125,2022-03-21,6547.721,6668.931
3126,2022-03-22,6566.304,6790.505
3127,2022-03-23,6567.696,6730.525
3128,2022-03-24,6571.878,6760.0454
3129,2022-03-25,6512.878,6742.806
3130,2022-03-26,6201.1494,6400.602
3131,2022-03-27,6139.3633,6227.0767
3132,2022-03-28,6548.1846,6706.202
3133,2022-03-29,6572.3433,6677.18
3134,2022-03-30,6564.445,6715.227
3135,2022-03-31,6544.0024,6702.1265
3136,2022-03-19,6224.631,6395.61
3137,2022-03-20,6097.7856,6241.7964
3138,2022-03-21,6550.799,6668.931
3139,2022-03-22,6567.9873,6790.505
3140,2022-03-23,6573.0996,6730.525
3141,2022-03-24,6536.86,6760.0454
3142,2022-03-25,6524.7793,6742.806
3143,2022-03-26,6218.1265,6400.602
3144,2022-03-27,6084.777,6227.0767
3145,2022-03-28,6513.1646,6706.202
3146,2022-03-29,6552.1924,6677.18
3147,2022-03-30,6534.535,6715.227
3148,2022-03-31,6506.195,6702.1265
3149,2022-04-01,6502.9404,6694.431
3150,2022-03-20,6136.0244,6241.7964
3151,2022-03-21,6552.34,6668.931
3152,2022-03-22,6586.26,6790.505
3153,2022-03-23,6581.148,6730.525
3154,2022-03-24,6572.7856,6760.0454
3155,2022-03-25,6553.2686,6742.806
3156,2022-03-26,6263.8,6400.602
3157,2022-03-27,6142.0645,6227.0767
3158,2022-03-28,6565.815,6706.202
3159,2022-03-29,6589.5107,6677.18
3160,2022-03-30,6584.865,6715.227
3161,2022-03-31,6558.845,6702.1265
3162,2022-04-01,6528.179,6694.431
3163,2022-04-02,6241.9614,6366.138
3164,2022-03-21,6593.4155,6668.931
3165,2022-03-22,6609.216,6790.505
3166,2022-03-23,6599.922,6730.525
3167,2022-03-24,6552.523,6760.0454
3168,2022-03-25,6520.926,6742.806
3169,2022-03-26,6214.236,6400.602
3170,2022-03-27,6109.681,6227.0767
3171,2022-03-28,6546.0176,6706.202
3172,2022-03-29,6573.899,6677.18
3173,2022-03-30,6543.2305,6715.227
3174,2022-03-31,6509.773,6702.1265
3175,2022-04-01,6486.0757,6694.431
3176,2022-04-02,6205.8706,6366.138
3177,2022-04-03,6108.752,6104.8145
3178,2022-03-22,6624.6455,6790.505
3179,2022-03-23,6626.038,6730.525
3180,2022-03-24,6591.64,6760.0454
3181,2022-03-25,6555.385,6742.806
3182,2022-03-26,6255.574,6400.602
3183,2022-03-27,6140.2993,6227.0767
3184,2022-03-28,6555.3867,6706.202
3185,2022-03-29,6595.826,6677.18
3186,2022-03-30,6574.908,6715.227
3187,2022-03-31,6543.767,6702.1265
3188,2022-04-01,6508.442,6694.431
3189,2022-04-02,6218.8564,6366.138
3190,2022-04-03,6135.6514,6104.8145
3191,2022-04-04,6552.1323,6593.1597
3192,2022-03-23,6714.1875,6730.525
3193,2022-03-24,6664.4434,6760.0454
3194,2022-03-25,6623.531,6742.806
3195,2022-03-26,6309.719,6400.602
3196,2022-03-27,6152.5806,6227.0767
3197,2022-03-28,6569.136,6706.202
3198,2022-03-29,6618.8833,6677.18
3199,2022-03-30,6610.047,6715.227
3200,2022-03-31,6582.1543,6702.1265
3201,2022-04-01,6573.321,6694.431
3202,2022-04-02,6253.9307,6366.138
3203,2022-04-03,6158.6235,6104.8145
3204,2022-04-04,6598.427,6593.1597
3205,2022-04-05,6643.5225,6695.3447
3206,2022-03-24,6673.176,6760.0454
3207,2022-03-25,6645.7417,6742.806
3208,2022-03-26,6330.49,6400.602
3209,2022-03-27,6176.1245,6227.0767
3210,2022-03-28,6593.1987,6706.202
3211,2022-03-29,6650.391,6677.18
3212,2022-03-30,6648.5312,6715.227
3213,2022-03-31,6612.7275,6702.1265
3214,2022-04-01,6587.1543,6694.431
3215,2022-04-02,6283.0654,6366.138
3216,2022-04-03,6164.502,6104.8145
3217,2022-04-04,6598.314,6593.1597
3218,2022-04-05,6677.359,6695.3447
3219,2022-04-06,6656.435,6688.9204
3220,2022-03-25,6684.341,6742.806
3221,2022-03-26,6348.5854,6400.602
3222,2022-03-27,6165.8286,6227.0767
3223,2022-03-28,6603.891,6706.202
3224,2022-03-29,6662.485,6677.18
3225,2022-03-30,6676.437,6715.227
3226,2022-03-31,6664.8086,6702.1265
3227,2022-04-01,6626.675,6694.431
3228,2022-04-02,6308.5938,6366.138
3229,2022-04-03,6172.8057,6104.8145
3230,2022-04-04,6621.5596,6593.1597
3231,2022-04-05,6684.341,6695.3447
3232,2022-04-06,6688.5244,6688.9204
3233,2022-04-07,6675.9683,6532.8022
3234,2022-03-26,6406.648,6400.602
3235,2022-03-27,6210.8467,6227.0767
3236,2022-03-28,6572.221,6706.202
3237,2022-03-29,6675.938,6677.18
3238,2022-03-30,6681.5186,6715.227
3239,2022-03-31,6673.148,6702.1265
3240,2022-04-01,6628.0327,6694.431
3241,2022-04-02,6348.978,6366.138
3242,2022-04-03,6201.543,6104.8145
3243,2022-04-04,6577.804,6593.1597
3244,2022-04-05,6662.45,6695.3447
3245,2022-04-06,6654.543,6688.9204
3246,2022-04-07,6652.2183,6532.8022
3247,2022-04-08,6613.615,6607.057
3248,2022-03-27,6184.069,6227.0767
3249,2022-03-28,6616.62,6706.202
3250,2022-03-29,6659.8735,6677.18
3251,2022-03-30,6650.1074,6715.227
3252,2022-03-31,6608.2476,6702.1265
3253,2022-04-01,6579.8765,6694.431
3254,2022-04-02,6282.6704,6366.138
3255,2022-04-03,6151.5127,6104.8145
3256,2022-04-04,6590.1055,6593.1597
3257,2022-04-05,6652.431,6695.3447
3258,2022-04-06,6647.315,6688.9204
3259,2022-04-07,6633.3643,6532.8022
3260,2022-04-08,6599.4067,6607.057
3261,2022-04-09,6284.9956,6185.182
3262,2022-03-28,6599.0566,6706.202
3263,2022-03-29,6633.4775,6677.18
3264,2022-03-30,6608.825,6715.227
3265,2022-03-31,6585.101,6702.1265
3266,2022-04-01,6562.3066,6694.431
3267,2022-04-02,6266.475,6366.138
3268,2022-04-03,6146.004,6104.8145
3269,2022-04-04,6568.3555,6593.1597
3270,2022-04-05,6617.6626,6695.3447
3271,2022-04-06,6622.314,6688.9204
3272,2022-04-07,6616.267,6532.8022
3273,2022-04-08,6573.009,6607.057
3274,2022-04-09,6299.9663,6185.182
3275,2022-04-10,6180.427,6071.3223
3276,2022-03-29,6709.4893,6677.18
3277,2022-03-30,6696.4614,6715.227
3278,2022-03-31,6656.9136,6702.1265
3279,2022-04-01,6595.029,6694.431
3280,2022-04-02,6270.257,6366.138
3281,2022-04-03,6167.428,6104.8145
3282,2022-04-04,6616.4307,6593.1597
3283,2022-04-05,6655.051,6695.3447
3284,2022-04-06,6655.9824,6688.9204
3285,2022-04-07,6637.37,6532.8022
3286,2022-04-08,6596.4224,6607.057
3287,2022-04-09,6280.4927,6185.182
3288,2022-04-10,6189.761,6071.3223
3289,2022-04-11,6631.785,6548.464
3290,2022-03-30,6643.4233,6715.227
3291,2022-03-31,6611.7773,6702.1265
3292,2022-04-01,6571.294,6694.431
3293,2022-04-02,6273.465,6366.138
3294,2022-04-03,6162.2456,6104.8145
3295,2022-04-04,6600.6113,6593.1597
3296,2022-04-05,6628.5312,6695.3447
3297,2022-04-06,6633.185,6688.9204
3298,2022-04-07,6624.8096,6532.8022
3299,2022-04-08,6574.551,6607.057
3300,2022-04-09,6281.378,6185.182
3301,2022-04-10,6197.147,6071.3223
3302,2022-04-11,6629.9263,6548.464
3303,2022-04-12,6658.781,6651.454
3304,2022-03-31,6678.4043,6702.1265
3305,2022-04-01,6644.4287,6694.431
3306,2022-04-02,6320.024,6366.138
3307,2022-04-03,6210.647,6104.8145
3308,2022-04-04,6648.618,6593.1597
3309,2022-04-05,6682.594,6695.3447
3310,2022-04-06,6677.0073,6688.9204
3311,2022-04-07,6667.698,6532.8022
3312,2022-04-08,6629.535,6607.057
3313,2022-04-09,6306.5273,6185.182
3314,2022-04-10,6212.977,6071.3223
3315,2022-04-11,6643.963,6548.464
3316,2022-04-12,6692.3667,6651.454
3317,2022-04-13,6680.73,6708.0503
3318,2022-04-01,6641.071,6694.431
3319,2022-04-02,6314.744,6366.138
3320,2022-04-03,6192.78,6104.8145
3321,2022-04-04,6630.365,6593.1597
3322,2022-04-05,6658.2944,6695.3447
3323,2022-04-06,6661.5527,6688.9204
3324,2022-04-07,6646.19,6532.8022
3325,2022-04-08,6626.638,6607.057
3326,2022-04-09,6317.072,6185.182
3327,2022-04-10,6218.382,6071.3223
3328,2022-04-11,6623.846,6548.464
3329,2022-04-12,6651.7783,6651.454
3330,2022-04-13,6642.4683,6708.0503
3331,2022-04-14,6643.397,6742.73
3332,2022-04-02,6325.1826,6366.138
3333,2022-04-03,6199.938,6104.8145
3334,2022-04-04,6647.841,6593.1597
3335,2022-04-05,6672.984,6695.3447
3336,2022-04-06,6675.311,6688.9204
3337,2022-04-07,6665.0674,6532.8022
3338,2022-04-08,6633.4067,6607.057
3339,2022-04-09,6321.459,6185.182
3340,2022-04-10,6227.873,6071.3223
3341,2022-04-11,6634.338,6548.464
3342,2022-04-12,6680.4326,6651.454
3343,2022-04-13,6665.5337,6708.0503
3344,2022-04-14,6654.3594,6742.73
3345,2022-04-15,6635.27,6299.3975
3346,2022-04-03,6193.091,6104.8145
3347,2022-04-04,6660.5693,6593.1597
3348,2022-04-05,6687.5737,6695.3447
3349,2022-04-06,6685.712,6688.9204
3350,2022-04-07,6653.1187,6532.8022
3351,2022-04-08,6634.96,6607.057
3352,2022-04-09,6292.733,6185.182
3353,2022-04-10,6207.525,6071.3223
3354,2022-04-11,6656.844,6548.464
3355,2022-04-12,6695.49,6651.454
3356,2022-04-13,6691.764,6708.0503
3357,2022-04-14,6674.0723,6742.73
3358,2022-04-15,6635.892,6299.3975
3359,2022-04-16,6312.754,6364.963
3360,2022-04-04,6560.037,6593.1597
3361,2022-04-05,6620.571,6695.3447
3362,2022-04-06,6614.982,6688.9204
3363,2022-04-07,6592.631,6532.8022
3364,2022-04-08,6575.8677,6607.057
3365,2022-04-09,6263.8887,6185.182
3366,2022-04-10,6166.1006,6071.3223
3367,2022-04-11,6631.2793,6548.464
3368,2022-04-12,6654.096,6651.454
3369,2022-04-13,6679.2407,6708.0503
3370,2022-04-14,6682.5005,6742.73
3371,2022-04-15,6648.0425,6299.3975
3372,2022-04-16,6341.187,6364.963
3373,2022-04-17,6227.567,6295.551
3374,2022-04-05,6657.983,6695.3447
3375,2022-04-06,6641.6807,6688.9204
3376,2022-04-07,6581.595,6532.8022
3377,2022-04-08,6554.1113,6607.057
3378,2022-04-09,6246.227,6185.182
3379,2022-04-10,6122.3257,6071.3223
3380,2022-04-11,6604.417,6548.464
3381,2022-04-12,6629.571,6651.454
3382,2022-04-13,6606.747,6708.0503
3383,2022-04-14,6614.6646,6742.73
3384,2022-04-15,6594.1704,6299.3975
3385,2022-04-16,6285.82,6364.963
3386,2022-04-17,6161.4536,6295.551
3387,2022-04-18,6630.9663,6658.3315
3388,2022-04-06,6688.4414,6688.9204
3389,2022-04-07,6660.4907,6532.8022
3390,2022-04-08,6638.5957,6607.057
3391,2022-04-09,6324.138,6185.182
3392,2022-04-10,6171.333,6071.3223
3393,2022-04-11,6627.881,6548.464
3394,2022-04-12,6664.2188,6651.454
3395,2022-04-13,6663.285,6708.0503
3396,2022-04-14,6666.082,6742.73
3397,2022-04-15,6617.6313,6299.3975
3398,2022-04-16,6321.808,6364.963
3399,2022-04-17,6208.1377,6295.551
3400,2022-04-18,6635.3354,6658.3315
3401,2022-04-19,6671.2056,6654.384
3402,2022-04-07,6669.891,6532.8022
3403,2022-04-08,6625.162,6607.057
3404,2022-04-09,6306.9263,6185.182
3405,2022-04-10,6163.8843,6071.3223
3406,2022-04-11,6609.3193,6548.464
3407,2022-04-12,6646.129,6651.454
3408,2022-04-13,6641.9346,6708.0503
3409,2022-04-14,6627.9575,6742.73
3410,2022-04-15,6588.3525,6299.3975
3411,2022-04-16,6295.2783,6364.963
3412,2022-04-17,6180.192,6295.551
3413,2022-04-18,6613.0464,6658.3315
3414,2022-04-19,6681.0737,6654.384
3415,2022-04-20,6680.142,6655.99
3416,2022-04-08,6528.2744,6607.057
3417,2022-04-09,6251.0225,6185.182
3418,2022-04-10,6112.629,6071.3223
3419,2022-04-11,6558.0977,6548.464
3420,2022-04-12,6648.0312,6651.454
3421,2022-04-13,6644.7695,6708.0503
3422,2022-04-14,6620.5386,6742.73
3423,2022-04-15,6574.4067,6299.3975
3424,2022-04-16,6294.824,6364.963
3425,2022-04-17,6173.2036,6295.551
3426,2022-04-18,6603.2974,6658.3315
3427,2022-04-19,6668.5337,6654.384
3428,2022-04-20,6651.7573,6655.99
3429,2022-04-21,6635.4487,6500.921
3430,2022-04-09,6332.4346,6185.182
3431,2022-04-10,6144.1704,6071.3223
3432,2022-04-11,6517.9033,6548.464
3433,2022-04-12,6641.857,6651.454
3434,2022-04-13,6633.4673,6708.0503
3435,2022-04-14,6581.2783,6742.73
3436,2022-04-15,6596.189,6299.3975
3437,2022-04-16,6323.115,6364.963
3438,2022-04-17,6180.985,6295.551
3439,2022-04-18,6517.9023,6658.3315
3440,2022-04-19,6637.1973,6654.384
3441,2022-04-20,6618.5557,6655.99
3442,2022-04-21,6628.3423,6500.921
3443,2022-04-22,6603.6436,6644.343
3444,2022-04-10,6069.069,6071.3223
3445,2022-04-11,6568.573,6548.464
3446,2022-04-12,6624.023,6651.454
3447,2022-04-13,6620.294,6708.0503
3448,2022-04-14,6606.3164,6742.73
3449,2022-04-15,6590.0093,6299.3975
3450,2022-04-16,6275.489,6364.963
3451,2022-04-17,6191.152,6295.551
3452,2022-04-18,6625.4194,6658.3315
3453,2022-04-19,6677.1426,6654.384
3454,2022-04-20,6657.1064,6655.99
3455,2022-04-21,6626.819,6500.921
3456,2022-04-22,6599.792,6644.343
3457,2022-04-23,6289.467,6375.6694
3458,2022-04-11,6538.111,6548.464
3459,2022-04-12,6586.109,6651.454
3460,2022-04-13,6579.584,6708.0503
3461,2022-04-14,6559.547,6742.73
3462,2022-04-15,6522.735,6299.3975
3463,2022-04-16,6200.279,6364.963
3464,2022-04-17,6123.392,6295.551
3465,2022-04-18,6590.3013,6658.3315
3466,2022-04-19,6625.7163,6654.384
3467,2022-04-20,6638.763,6655.99
3468,2022-04-21,6635.0356,6500.921
3469,2022-04-22,6605.213,6644.343
3470,2022-04-23,6298.6006,6375.6694
3471,2022-04-24,6219.384,6222.334
3472,2022-04-12,6651.464,6651.454
3473,2022-04-13,6626.7637,6708.0503
3474,2022-04-14,6582.95,6742.73
3475,2022-04-15,6572.228,6299.3975
3476,2022-04-16,6240.3813,6364.963
3477,2022-04-17,6133.6455,6295.551
3478,2022-04-18,6570.831,6658.3315
3479,2022-04-19,6631.8877,6654.384
3480,2022-04-20,6620.2373,6655.99
3481,2022-04-21,6624.8965,6500.921
3482,2022-04-22,6614.6445,6644.343
3483,2022-04-23,6298.176,6375.6694
3484,2022-04-24,6207.756,6222.334
3485,2022-04-25,6656.591,6761.1636
3486,2022-04-13,6645.3945,6708.0503
3487,2022-04-14,6607.6377,6742.73
3488,2022-04-15,6589.9243,6299.3975
3489,2022-04-16,6267.817,6364.963
3490,2022-04-17,6154.542,6295.551
3491,2022-04-18,6608.1035,6658.3315
3492,2022-04-19,6660.312,6654.384
3493,2022-04-20,6654.25,6655.99
3494,2022-04-21,6634.676,6500.921
3495,2022-04-22,6610.4346,6644.343
3496,2022-04-23,6312.1006,6375.6694
3497,2022-04-24,6208.616,6222.334
3498,2022-04-25,6637.938,6761.1636
3499,2022-04-26,6664.507,6758.191
3500,2022-04-14,6652.7705,6742.73
3501,2022-04-15,6634.5894,6299.3975
3502,2022-04-16,6310.5825,6364.963
3503,2022-04-17,6185.1694,6295.551
3504,2022-04-18,6647.6436,6658.3315
3505,2022-04-19,6691.4683,6654.384
3506,2022-04-20,6696.1294,6655.99
3507,2022-04-21,6688.2046,6500.921
3508,2022-04-22,6658.8345,6644.343
3509,2022-04-23,6345.544,6375.6694
3510,2022-04-24,6228.063,6222.334
3511,2022-04-25,6650.9087,6761.1636
3512,2022-04-26,6708.717,6758.191
3513,2022-04-27,6704.0566,6753.6226
3514,2022-04-15,6709.558,6299.3975
3515,2022-04-16,6367.783,6364.963
3516,2022-04-17,6202.256,6295.551
3517,2022-04-18,6660.1333,6658.3315
3518,2022-04-19,6715.619,6654.384
3519,2022-04-20,6727.74,6655.99
3520,2022-04-21,6697.9004,6500.921
3521,2022-04-22,6676.4526,6644.343
3522,2022-04-23,6374.7754,6375.6694
3523,2022-04-24,6244.687,6222.334
3524,2022-04-25,6644.746,6761.1636
3525,2022-04-26,6704.428,6758.191
3526,2022-04-27,6708.1577,6753.6226
3527,2022-04-28,6701.1626,6734.1855
3528,2022-04-16,6101.991,6364.963
3529,2022-04-17,6508.1035,6295.551
3530,2022-04-18,6651.244,6658.3315
3531,2022-04-19,6648.447,6654.384
3532,2022-04-20,6639.588,6655.99
3533,2022-04-21,6623.2686,6500.921
3534,2022-04-22,6333.2583,6644.343
3535,2022-04-23,6169.1343,6375.6694
3536,2022-04-24,6538.4106,6222.334
3537,2022-04-25,6647.049,6761.1636
3538,2022-04-26,6651.244,6758.191
3539,2022-04-27,6656.3735,6753.6226
3540,2022-04-28,6626.533,6734.1855
3541,2022-04-29,6371.957,6743.184
3542,2022-04-17,6223.3794,6295.551
3543,2022-04-18,6643.495,6658.3315
3544,2022-04-19,6690.5894,6654.384
3545,2022-04-20,6698.0483,6655.99
3546,2022-04-21,6682.195,6500.921
3547,2022-04-22,6629.5083,6644.343
3548,2022-04-23,6302.6465,6375.6694
3549,2022-04-24,6222.9126,6222.334
3550,2022-04-25,6652.3545,6761.1636
3551,2022-04-26,6678.4663,6758.191
3552,2022-04-27,6691.5215,6753.6226
3553,2022-04-28,6682.195,6734.1855
3554,2022-04-29,6648.158,6743.184
3555,2022-04-30,6361.8657,6314.255
3556,2022-04-18,6625.2095,6658.3315
3557,2022-04-19,6667.18,6654.384
3558,2022-04-20,6662.984,6655.99
3559,2022-04-21,6634.0693,6500.921
3560,2022-04-22,6571.1143,6644.343
3561,2022-04-23,6272.1943,6375.6694
3562,2022-04-24,6231.1567,6222.334
3563,2022-04-25,6654.1206,6761.1636
3564,2022-04-26,6685.3677,6758.191
3565,2022-04-27,6672.3076,6753.6226
3566,2022-04-28,6669.976,6734.1855
3567,2022-04-29,6615.416,6743.184
3568,2022-04-30,6323.49,6314.255
3569,2022-05-01,6262.8667,6138.287
3570,2022-04-19,6698.654,6654.384
3571,2022-04-20,6670.1987,6655.99
3572,2022-04-21,6631.948,6500.921
3573,2022-04-22,6618.8867,6644.343
3574,2022-04-23,6283.4883,6375.6694
3575,2022-04-24,6208.3823,6222.334
3576,2022-04-25,6656.672,6761.1636
3577,2022-04-26,6684.1914,6758.191
3578,2022-04-27,6684.1924,6753.6226
3579,2022-04-28,6671.1313,6734.1855
3580,2022-04-29,6631.947,6743.184
3581,2022-04-30,6313.8076,6314.255
3582,2022-05-01,6248.0317,6138.287
3583,2022-05-02,6664.1357,6171.72
3584,2022-04-20,6682.5527,6655.99
3585,2022-04-21,6660.625,6500.921
3586,2022-04-22,6592.505,6644.343
3587,2022-04-23,6290.1724,6375.6694
3588,2022-04-24,6226.721,6222.334
3589,2022-04-25,6633.563,6761.1636
3590,2022-04-26,6679.754,6758.191
3591,2022-04-27,6647.0933,6753.6226
3592,2022-04-28,6648.96,6734.1855
3593,2022-04-29,6602.304,6743.184
3594,2022-04-30,6307.9033,6314.255
3595,2022-05-01,6218.323,6138.287
3596,2022-05-02,6636.3633,6171.72
3597,2022-05-03,6660.625,6223.852
3598,2022-04-21,6650.685,6500.921
3599,2022-04-22,6578.35,6644.343
3600,2022-04-23,6273.1626,6375.6694
3601,2022-04-24,6198.4985,6222.334
3602,2022-04-25,6617.55,6761.1636
3603,2022-04-26,6654.4146,6758.191
3604,2022-04-27,6672.1465,6753.6226
3605,2022-04-28,6652.08,6734.1855
3606,2022-04-29,6623.615,6743.184
3607,2022-04-30,6295.095,6314.255
3608,2022-05-01,6216.2324,6138.287
3609,2022-05-02,6644.614,6171.72
3610,2022-05-03,6667.9463,6223.852
3611,2022-05-04,6687.5464,6764.3076
3612,2022-04-22,6391.585,6644.343
3613,2022-04-23,6145.6323,6375.6694
3614,2022-04-24,6182.502,6222.334
3615,2022-04-25,6559.6006,6761.1636
3616,2022-04-26,6601.1387,6758.191
3617,2022-04-27,6593.6704,6753.6226
3618,2022-04-28,6575.47,6734.1855
3619,2022-04-29,6459.727,6743.184
3620,2022-04-30,6211.4355,6314.255
3621,2022-05-01,6248.773,6138.287
3622,2022-05-02,6598.803,6171.72
3623,2022-05-03,6638.0083,6223.852
3624,2022-05-04,6654.81,6764.3076
3625,2022-05-05,6621.6733,6869.4707
3626,2022-04-23,6254.5186,6375.6694
3627,2022-04-24,6170.031,6222.334
3628,2022-04-25,6623.75,6761.1636
3629,2022-04-26,6654.09,6758.191
3630,2022-04-27,6646.622,6753.6226
3631,2022-04-28,6633.0845,6734.1855
3632,2022-04-29,6593.8755,6743.184
3633,2022-04-30,6300.7295,6314.255
3634,2022-05-01,6193.8345,6138.287
3635,2022-05-02,6633.553,6171.72
3636,2022-05-03,6666.6943,6223.852
3637,2022-05-04,6673.695,6764.3076
3638,2022-05-05,6644.288,6869.4707
3639,2022-05-06,6605.5444,6928.258
3640,2022-04-24,6205.0176,6222.334
3641,2022-04-25,6641.03,6761.1636
3642,2022-04-26,6673.707,6758.191
3643,2022-04-27,6671.8394,6753.6226
3644,2022-04-28,6671.841,6734.1855
3645,2022-04-29,6658.7686,6743.184
3646,2022-04-30,6343.667,6314.255
3647,2022-05-01,6233.493,6138.287
3648,2022-05-02,6668.1064,6171.72
3649,2022-05-03,6701.7163,6223.852
3650,2022-05-04,6696.115,6764.3076
3651,2022-05-05,6664.837,6869.4707
3652,2022-05-06,6629.3594,6928.258
3653,2022-05-07,6340.8643,6462.505
3654,2022-04-25,6622.9,6761.1636
3655,2022-04-26,6665.857,6758.191
3656,2022-04-27,6651.3823,6753.6226
3657,2022-04-28,6610.297,6734.1855
3658,2022-04-29,6590.681,6743.184
3659,2022-04-30,6287.201,6314.255
3660,2022-05-01,6196.156,6138.287
3661,2022-05-02,6626.1694,6171.72
3662,2022-05-03,6660.253,6223.852
3663,2022-05-04,6664.4546,6764.3076
3664,2022-05-05,6643.4424,6869.4707
3665,2022-05-06,6612.627,6928.258
3666,2022-05-07,6308.6787,6462.505
3667,2022-05-08,6205.9624,6204.3804
3668,2022-04-26,6731.2676,6758.191
3669,2022-04-27,6722.8623,6753.6226
3670,2022-04-28,6690.6333,6734.1855
3671,2022-04-29,6650.0005,6743.184
3672,2022-04-30,6328.6606,6314.255
3673,2022-05-01,6217.502,6138.287
3674,2022-05-02,6664.945,6171.72
3675,2022-05-03,6701.8433,6223.852
3676,2022-05-04,6692.5024,6764.3076
3677,2022-05-05,6660.2744,6869.4707
3678,2022-05-06,6605.6274,6928.258
3679,2022-05-07,6298.7715,6462.505
3680,2022-05-08,6195.549,6204.3804
3681,2022-05-09,6633.6523,6883.0767
3682,2022-04-27,6733.7993,6753.6226
3683,2022-04-28,6708.5737,6734.1855
3684,2022-04-29,6665.5967,6743.184
3685,2022-04-30,6327.388,6314.255
3686,2022-05-01,6224.1514,6138.287
3687,2022-05-02,6669.334,6171.72
3688,2022-05-03,6696.8945,6223.852
3689,2022-05-04,6697.361,6764.3076
3690,2022-05-05,6668.4,6869.4707
3691,2022-05-06,6635.233,6928.258
3692,2022-05-07,6313.84,6462.505
3693,2022-05-08,6191.918,6204.3804
3694,2022-05-09,6651.114,6883.0767
3695,2022-05-10,6676.341,6997.5327
3696,2022-04-28,6719.2485,6734.1855
3697,2022-04-29,6704.297,6743.184
3698,2022-04-30,6380.53,6314.255
3699,2022-05-01,6246.446,6138.287
3700,2022-05-02,6691.6836,6171.72
3701,2022-05-03,6739.805,6223.852
3702,2022-05-04,6748.216,6764.3076
3703,2022-05-05,6706.634,6869.4707
3704,2022-05-06,6677.6675,6928.258
3705,2022-05-07,6364.647,6462.505
3706,2022-05-08,6218.4146,6204.3804
3707,2022-05-09,6635.1533,6883.0767
3708,2022-05-10,6684.676,6997.5327
3709,2022-05-11,6680.473,6763.599
3710,2022-04-29,6655.9927,6743.184
3711,2022-04-30,6309.2905,6314.255
3712,2022-05-01,6196.6816,6138.287
3713,2022-05-02,6670.476,6171.72
3714,2022-05-03,6710.1943,6223.852
3715,2022-05-04,6720.4736,6764.3076
3716,2022-05-05,6684.495,6869.4707
3717,2022-05-06,6630.293,6928.258
3718,2022-05-07,6323.7773,6462.505
3719,2022-05-08,6209.3013,6204.3804
3720,2022-05-09,6653.6567,6883.0767
3721,2022-05-10,6687.764,6997.5327
3722,2022-05-11,6686.8296,6763.599
3723,2022-05-12,6644.3105,6886.712
3724,2022-04-30,6358.2725,6314.255
3725,2022-05-01,6221.3477,6138.287
3726,2022-05-02,6667.6333,6171.72
3727,2022-05-03,6728.8535,6223.852
3728,2022-05-04,6734.928,6764.3076
3729,2022-05-05,6725.581,6869.4707
3730,2022-05-06,6669.036,6928.258
3731,2022-05-07,6363.882,6462.505
3732,2022-05-08,6247.0527,6204.3804
3733,2022-05-09,6640.061,6883.0767
3734,2022-05-10,6706.889,6997.5327
3735,2022-05-11,6712.496,6763.599
3736,2022-05-12,6702.2173,6886.712
3737,2022-05-13,6658.2876,6894.8184
3738,2022-05-01,6188.3574,6138.287
3739,2022-05-02,6662.226,6171.72
3740,2022-05-03,6698.214,6223.852
3741,2022-05-04,6704.754,6764.3076
3742,2022-05-05,6688.397,6869.4707
3743,2022-05-06,6654.7515,6928.258
3744,2022-05-07,6315.003,6462.505
3745,2022-05-08,6196.3,6204.3804
3746,2022-05-09,6631.851,6883.0767
3747,2022-05-10,6657.5527,6997.5327
3748,2022-05-11,6673.4434,6763.599
3749,2022-05-12,6665.4995,6886.712
3750,2022-05-13,6599.1367,6894.8184
3751,2022-05-14,6279.4873,6648.1865
3752,2022-05-02,6610.946,6171.72
3753,2022-05-03,6667.9663,6223.852
3754,2022-05-04,6664.6943,6764.3076
3755,2022-05-05,6635.25,6869.4707
3756,2022-05-06,6592.2515,6928.258
3757,2022-05-07,6282.8545,6462.505
3758,2022-05-08,6167.88,6204.3804
3759,2022-05-09,6622.1646,6883.0767
3760,2022-05-10,6661.4233,6997.5327
3761,2022-05-11,6663.292,6763.599
3762,2022-05-12,6632.9126,6886.712
3763,2022-05-13,6588.9795,6894.8184
3764,2022-05-14,6289.397,6648.1865
3765,2022-05-15,6178.631,6364.372
3766,2022-05-03,6548.2114,6223.852
3767,2022-05-04,6598.2275,6764.3076
3768,2022-05-05,6566.9106,6869.4707
3769,2022-05-06,6557.5625,6928.258
3770,2022-05-07,6337.4014,6462.505
3771,2022-05-08,6159.31,6204.3804
3772,2022-05-09,6506.1436,6883.0767
3773,2022-05-10,6631.4155,6997.5327
3774,2022-05-11,6633.752,6763.599
3775,2022-05-12,6619.261,6886.712
3776,2022-05-13,6581.869,6894.8184
3777,2022-05-14,6332.7305,6648.1865
3778,2022-05-15,6167.2563,6364.372
3779,2022-05-16,6510.3486,6268.8813
3780,2022-05-04,6304.0195,6764.3076
3781,2022-05-05,6397.0317,6869.4707
3782,2022-05-06,6455.927,6928.258
3783,2022-05-07,6312.899,6462.505
3784,2022-05-08,6130.14,6204.3804
3785,2022-05-09,6306.822,6883.0767
3786,2022-05-10,6483.5044,6997.5327
3787,2022-05-11,6495.192,6763.599
3788,2022-05-12,6501.2676,6886.712
3789,2022-05-13,6478.3643,6894.8184
3790,2022-05-14,6329.725,6648.1865
3791,2022-05-15,6188.1,6364.372
3792,2022-05-16,6343.748,6268.8813
3793,2022-05-17,6512.9536,6822.7114
3794,2022-05-05,6757.273,6869.4707
3795,2022-05-06,6704.915,6928.258
3796,2022-05-07,6653.025,6462.505
3797,2022-05-08,6335.6143,6204.3804
3798,2022-05-09,6223.89,6883.0767
3799,2022-05-10,6631.5215,6997.5327
3800,2022-05-11,6680.1387,6763.599
3801,2022-05-12,6653.4927,6886.712
3802,2022-05-13,6648.3506,6894.8184
3803,2022-05-14,6600.6675,6648.1865
3804,2022-05-15,6292.139,6364.372
3805,2022-05-16,6199.5806,6268.8813
3806,2022-05-17,6619.366,6822.7114
3807,2022-05-18,6646.4805,6987.74
3808,2022-05-06,6764.833,6928.258
3809,2022-05-07,6688.158,6462.505
3810,2022-05-08,6378.6504,6204.3804
3811,2022-05-09,6240.257,6883.0767
3812,2022-05-10,6625.977,6997.5327
3813,2022-05-11,6691.431,6763.599
3814,2022-05-12,6695.64,6886.712
3815,2022-05-13,6677.405,6894.8184
3816,2022-05-14,6632.9893,6648.1865
3817,2022-05-15,6330.0264,6364.372
3818,2022-05-16,6229.5015,6268.8813
3819,2022-05-17,6621.301,6822.7114
3820,2022-05-18,6674.1333,6987.74
3821,2022-05-19,6661.5093,6847.247
3822,2022-05-07,6814.76,6462.505
3823,2022-05-08,6505.19,6204.3804
3824,2022-05-09,6301.7686,6883.0767
3825,2022-05-10,6614.6157,6997.5327
3826,2022-05-11,6731.523,6763.599
3827,2022-05-12,6742.7476,6886.712
3828,2022-05-13,6734.7974,6894.8184
3829,2022-05-14,6702.996,6648.1865
3830,2022-05-15,6431.305,6364.372
3831,2022-05-16,6263.4263,6268.8813
3832,2022-05-17,6572.0625,6822.7114
3833,2022-05-18,6692.708,6987.74
3834,2022-05-19,6698.788,6847.247
3835,2022-05-20,6696.451,6763.4644
3836,2022-05-08,6240.362,6204.3804
3837,2022-05-09,6575.6655,6883.0767
3838,2022-05-10,6662.18,6997.5327
3839,2022-05-11,6661.7144,6763.599
3840,2022-05-12,6646.747,6886.712
3841,2022-05-13,6644.8774,6894.8184
3842,2022-05-14,6374.578,6648.1865
3843,2022-05-15,6225.3965,6364.372
3844,2022-05-16,6578.94,6268.8813
3845,2022-05-17,6668.727,6822.7114
3846,2022-05-18,6668.7256,6987.74
3847,2022-05-19,6657.9707,6847.247
3848,2022-05-20,6619.1567,6763.4644
3849,2022-05-21,6348.388,6449.54
3850,2022-05-09,6255.772,6883.0767
3851,2022-05-10,6602.3296,6997.5327
3852,2022-05-11,6637.873,6763.599
3853,2022-05-12,6639.273,6886.712
3854,2022-05-13,6617.2925,6894.8184
3855,2022-05-14,6520.951,6648.1865
3856,2022-05-15,6238.0015,6364.372
3857,2022-05-16,6293.187,6268.8813
3858,2022-05-17,6646.7583,6822.7114
3859,2022-05-18,6664.0625,6987.74
3860,2022-05-19,6657.5137,6847.247
3861,2022-05-20,6621.034,6763.4644
3862,2022-05-21,6504.1133,6449.54
3863,2022-05-22,6252.967,6342.958
3864,2022-05-10,6828.775,6997.5327
3865,2022-05-11,6806.317,6763.599
3866,2022-05-12,6767.955,6886.712
3867,2022-05-13,6723.041,6894.8184
3868,2022-05-14,6383.38,6648.1865
3869,2022-05-15,6270.627,6364.372
3870,2022-05-16,6699.1816,6268.8813
3871,2022-05-17,6745.498,6822.7114
3872,2022-05-18,6758.5967,6987.74
3873,2022-05-19,6736.1406,6847.247
3874,2022-05-20,6699.1816,6763.4644
3875,2022-05-21,6388.0586,6449.54
3876,2022-05-22,6249.108,6342.958
3877,2022-05-23,6658.945,6885.347
3878,2022-05-11,6940.8076,6763.599
3879,2022-05-12,6863.5938,6886.712
3880,2022-05-13,6815.8613,6894.8184
3881,2022-05-14,6496.2437,6648.1865
3882,2022-05-15,6349.768,6364.372
3883,2022-05-16,6757.835,6268.8813
3884,2022-05-17,6799.95,6822.7114
3885,2022-05-18,6800.8867,6987.74
3886,2022-05-19,6799.4814,6847.247
3887,2022-05-20,6783.102,6763.4644
3888,2022-05-21,6474.247,6449.54
3889,2022-05-22,6334.7944,6342.958
3890,2022-05-23,6742.3906,6885.347
3891,2022-05-24,6796.207,6958.534
3892,2022-05-12,6781.824,6886.712
3893,2022-05-13,6720.98,6894.8184
3894,2022-05-14,6389.6113,6648.1865
3895,2022-05-15,6239.3726,6364.372
3896,2022-05-16,6675.11,6268.8813
3897,2022-05-17,6755.1445,6822.7114
3898,2022-05-18,6741.572,6987.74
3899,2022-05-19,6735.9556,6847.247
3900,2022-05-20,6681.1963,6763.4644
3901,2022-05-21,6356.848,6449.54
3902,2022-05-22,6221.1167,6342.958
3903,2022-05-23,6672.3037,6885.347
3904,2022-05-24,6724.2544,6958.534
3905,2022-05-25,6736.426,6836.7407
3906,2022-05-13,6777.575,6894.8184
3907,2022-05-14,6411.498,6648.1865
3908,2022-05-15,6242.9717,6364.372
3909,2022-05-16,6698.929,6268.8813
3910,2022-05-17,6749.487,6822.7114
3911,2022-05-18,6738.72,6987.74
3912,2022-05-19,6741.529,6847.247
3913,2022-05-20,6687.226,6763.4644
3914,2022-05-21,6355.791,6449.54
3915,2022-05-22,6195.223,6342.958
3916,2022-05-23,6642.754,6885.347
3917,2022-05-24,6718.591,6958.534
3918,2022-05-25,6715.7817,6836.7407
3919,2022-05-26,6696.588,6774.118
3920,2022-05-14,6453.132,6648.1865
3921,2022-05-15,6261.158,6364.372
3922,2022-05-16,6695.2095,6268.8813
3923,2022-05-17,6754.6724,6822.7114
3924,2022-05-18,6759.8223,6987.74
3925,2022-05-19,6746.2437,6847.247
3926,2022-05-20,6728.45,6763.4644
3927,2022-05-21,6381.4937,6449.54
3928,2022-05-22,6228.8496,6342.958
3929,2022-05-23,6661.494,6885.347
3930,2022-05-24,6716.744,6958.534
3931,2022-05-25,6708.786,6836.7407
3932,2022-05-26,6689.119,6774.118
3933,2022-05-27,6649.3193,6884.5874
3934,2022-05-15,6322.13,6364.372
3935,2022-05-16,6742.6704,6268.8813
3936,2022-05-17,6800.272,6822.7114
3937,2022-05-18,6774.983,6987.74
3938,2022-05-19,6739.39,6847.247
3939,2022-05-20,6706.611,6763.4644
3940,2022-05-21,6398.936,6449.54
3941,2022-05-22,6256.1006,6342.958
3942,2022-05-23,6678.98,6885.347
3943,2022-05-24,6763.2754,6958.534
3944,2022-05-25,6750.631,6836.7407
3945,2022-05-26,6721.5977,6774.118
3946,2022-05-27,6678.5137,6884.5874
3947,2022-05-28,6360.9985,6498.261
3948,2022-05-16,6721.8735,6268.8813
3949,2022-05-17,6778.5513,6822.7114
3950,2022-05-18,6774.803,6987.74
3951,2022-05-19,6763.561,6847.247
3952,2022-05-20,6703.6074,6763.4644
3953,2022-05-21,6378.544,6449.54
3954,2022-05-22,6236.621,6342.958
3955,2022-05-23,6672.227,6885.347
3956,2022-05-24,6748.5723,6958.534
3957,2022-05-25,6742.0186,6836.7407
3958,2022-05-26,6713.445,6774.118
3959,2022-05-27,6659.578,6884.5874
3960,2022-05-28,6384.166,6498.261
3961,2022-05-29,6269.4087,6377.7505
3962,2022-05-17,6679.544,6822.7114
3963,2022-05-18,6707.6543,6987.74
3964,2022-05-19,6698.753,6847.247
3965,2022-05-20,6666.427,6763.4644
3966,2022-05-21,6484.6587,6449.54
3967,2022-05-22,6232.1504,6342.958
3968,2022-05-23,6359.1064,6885.347
3969,2022-05-24,6649.5645,6958.534
3970,2022-05-25,6680.951,6836.7407
3971,2022-05-26,6672.517,6774.118
3972,2022-05-27,6618.174,6884.5874
3973,2022-05-28,6466.3877,6498.261
3974,2022-05-29,6228.87,6377.7505
3975,2022-05-30,6375.971,6981.6167
3976,2022-05-18,6848.169,6987.74
3977,2022-05-19,6811.619,6847.247
3978,2022-05-20,6775.54,6763.4644
3979,2022-05-21,6671.984,6449.54
3980,2022-05-22,6345.86,6342.958
3981,2022-05-23,6312.122,6885.347
3982,2022-05-24,6748.3613,6958.534
3983,2022-05-25,6773.6646,6836.7407
3984,2022-05-26,6758.2017,6774.118
3985,2022-05-27,6711.814,6884.5874
3986,2022-05-28,6636.371,6498.261
3987,2022-05-29,6346.3276,6377.7505
3988,2022-05-30,6314.933,6981.6167
3989,2022-05-31,6703.846,7030.879
3990,2022-05-19,6899.402,6847.247
3991,2022-05-20,6857.689,6763.4644
3992,2022-05-21,6742.395,6449.54
3993,2022-05-22,6394.635,6342.958
3994,2022-05-23,6357.61,6885.347
3995,2022-05-24,6747.5513,6958.534
3996,2022-05-25,6777.0786,6836.7407
3997,2022-05-26,6775.203,6774.118
3998,2022-05-27,6755.9883,6884.5874
3999,2022-05-28,6654.7544,6498.261
4000,2022-05-29,6363.235,6377.7505
4001,2022-05-30,6352.925,6981.6167
4002,2022-05-31,6733.024,7030.879
4003,2022-06-01,6791.6064,6927.8315
4004,2022-05-20,6816.1987,6763.4644
4005,2022-05-21,6780.573,6449.54
4006,2022-05-22,6419.1626,6342.958
4007,2022-05-23,6298.6914,6885.347
4008,2022-05-24,6743.542,6958.534
4009,2022-05-25,6804.011,6836.7407
4010,2022-05-26,6789.48,6774.118
4011,2022-05-27,6770.7285,6884.5874
4012,2022-05-28,6730.416,6498.261
4013,2022-05-29,6385.881,6377.7505
4014,2022-05-30,6274.314,6981.6167
4015,2022-05-31,6706.5093,7030.879
4016,2022-06-01,6759.0107,6927.8315
4017,2022-06-02,6740.26,6821.3877
4018,2022-05-21,6654.2993,6449.54
4019,2022-05-22,6324.2344,6342.958
4020,2022-05-23,6251.5654,6885.347
4021,2022-05-24,6689.463,6958.534
4022,2022-05-25,6745.2544,6836.7407
4023,2022-05-26,6724.628,6774.118
4024,2022-05-27,6709.155,6884.5874
4025,2022-05-28,6634.1387,6498.261
4026,2022-05-29,6315.325,6377.7505
4027,2022-05-30,6218.744,6981.6167
4028,2022-05-31,6640.233,7030.879
4029,2022-06-01,6699.777,6927.8315
4030,2022-06-02,6693.6816,6821.3877
4031,2022-06-03,6660.395,6713.927
4032,2022-05-22,6222.195,6342.958
4033,2022-05-23,6660.645,6885.347
4034,2022-05-24,6755.834,6958.534
4035,2022-05-25,6774.5923,6836.7407
4036,2022-05-26,6725.357,6774.118
4037,2022-05-27,6688.7812,6884.5874
4038,2022-05-28,6370.845,6498.261
4039,2022-05-29,6204.844,6377.7505
4040,2022-05-30,6621.252,6981.6167
4041,2022-05-31,6711.287,7030.879
4042,2022-06-01,6710.35,6927.8315
4043,2022-06-02,6670.9604,6821.3877
4044,2022-06-03,6634.3857,6713.927
4045,2022-06-04,6324.422,6374.575
4046,2022-05-23,6604.259,6885.347
4047,2022-05-24,6788.102,6958.534
4048,2022-05-25,6790.915,6836.7407
4049,2022-05-26,6776.3765,6774.118
4050,2022-05-27,6749.643,6884.5874
4051,2022-05-28,6475.757,6498.261
4052,2022-05-29,6259.0864,6377.7505
4053,2022-05-30,6577.525,6981.6167
4054,2022-05-31,6756.2104,7030.879
4055,2022-06-01,6762.7773,6927.8315
4056,2022-06-02,6744.4844,6821.3877
4057,2022-06-03,6712.5938,6713.927
4058,2022-06-04,6452.777,6374.575
4059,2022-06-05,6271.7485,6229.9946
4060,2022-05-24,6905.9805,6958.534
4061,2022-05-25,6880.6455,6836.7407
4062,2022-05-26,6844.052,6774.118
4063,2022-05-27,6735.677,6884.5874
4064,2022-05-28,6398.8213,6498.261
4065,2022-05-29,6299.36,6377.7505
4066,2022-05-30,6753.0356,6981.6167
4067,2022-05-31,6825.7544,7030.879
4068,2022-06-01,6834.201,6927.8315
4069,2022-06-02,6794.7896,6821.3877
4070,2022-06-03,6738.962,6713.927
4071,2022-06-04,6413.3677,6374.575
4072,2022-06-05,6343.93,6229.9946
4073,2022-06-06,6749.7515,6698.9053
4074,2022-05-25,6889.175,6836.7407
4075,2022-05-26,6855.86,6774.118
4076,2022-05-27,6782.1846,6884.5874
4077,2022-05-28,6429.774,6498.261
4078,2022-05-29,6316.681,6377.7505
4079,2022-05-30,6764.352,6981.6167
4080,2022-05-31,6820.194,7030.879
4081,2022-06-01,6813.6245,6927.8315
4082,2022-06-02,6793.9155,6821.3877
4083,2022-06-03,6721.6504,6713.927
4084,2022-06-04,6403.963,6374.575
4085,2022-06-05,6327.007,6229.9946
4086,2022-06-06,6775.145,6698.9053
4087,2022-06-07,6846.4736,6733.6265
4088,2022-05-26,6813.0513,6774.118
4089,2022-05-27,6765.178,6884.5874
4090,2022-05-28,6416.449,6498.261
4091,2022-05-29,6290.661,6377.7505
4092,2022-05-30,6745.9346,6981.6167
4093,2022-05-31,6806.482,7030.879
4094,2022-06-01,6806.949,6927.8315
4095,2022-06-02,6781.1333,6821.3877
4096,2022-06-03,6716.833,6713.927
4097,2022-06-04,6387.3486,6374.575
4098,2022-06-05,6290.663,6229.9946
4099,2022-06-06,6718.712,6698.9053
4100,2022-06-07,6810.7036,6733.6265
4101,2022-06-08,6810.2324,6650.0415
4102,2022-05-27,6710.9907,6884.5874
4103,2022-05-28,6369.71,6498.261
4104,2022-05-29,6228.884,6377.7505
4105,2022-05-30,6702.5405,6981.6167
4106,2022-05-31,6779.5283,7030.879
4107,2022-06-01,6775.3013,6927.8315
4108,2022-06-02,6764.0337,6821.3877
4109,2022-06-03,6736.8066,6713.927
4110,2022-06-04,6400.695,6374.575
4111,2022-06-05,6279.112,6229.9946
4112,2022-06-06,6728.8267,6698.9053
4113,2022-06-07,6764.9736,6733.6265
4114,2022-06-08,6755.585,6650.0415
4115,2022-06-09,6733.0527,6711.8936
4116,2022-05-28,6467.1187,6498.261
4117,2022-05-29,6308.4106,6377.7505
4118,2022-05-30,6763.8735,6981.6167
4119,2022-05-31,6839.4727,7030.879
4120,2022-06-01,6823.9775,6927.8315
4121,2022-06-02,6782.658,6821.3877
4122,2022-06-03,6754.014,6713.927
4123,2022-06-04,6406.5483,6374.575
4124,2022-06-05,6297.141,6229.9946
4125,2022-06-06,6719.7383,6698.9053
4126,2022-06-07,6786.882,6733.6265
4127,2022-06-08,6778.4336,6650.0415
4128,2022-06-09,6748.8496,6711.8936
4129,2022-06-10,6738.5186,6301.578
4130,2022-05-29,6248.681,6377.7505
4131,2022-05-30,6741.8413,6981.6167
4132,2022-05-31,6828.2637,7030.879
4133,2022-06-01,6819.3413,6927.8315
4134,2022-06-02,6783.643,6821.3877
4135,2022-06-03,6749.8267,6713.927
4136,2022-06-04,6401.7974,6374.575
4137,2022-06-05,6273.1055,6229.9946
4138,2022-06-06,6754.9917,6698.9053
4139,2022-06-07,6803.841,6733.6265
4140,2022-06-08,6802.902,6650.0415
4141,2022-06-09,6740.435,6711.8936
4142,2022-06-10,6714.132,6301.578
4143,2022-06-11,6360.9355,6063.304
4144,2022-05-30,6846.97,6981.6167
4145,2022-05-31,6880.797,7030.879
4146,2022-06-01,6851.666,6927.8315
4147,2022-06-02,6818.7793,6821.3877
4148,2022-06-03,6751.1294,6713.927
4149,2022-06-04,6408.6377,6374.575
4150,2022-06-05,6309.9795,6229.9946
4151,2022-06-06,6769.45,6698.9053
4152,2022-06-07,6854.4844,6733.6265
4153,2022-06-08,6848.848,6650.0415
4154,2022-06-09,6836.6323,6711.8936
4155,2022-06-10,6770.859,6301.578
4156,2022-06-11,6438.706,6063.304
4157,2022-06-12,6345.213,6229.9946
4158,2022-05-31,6982.4077,7030.879
4159,2022-06-01,6918.4795,6927.8315
4160,2022-06-02,6865.8345,6821.3877
4161,2022-06-03,6819.3,6713.927
4162,2022-06-04,6458.7817,6374.575
4163,2022-06-05,6380.284,6229.9946
4164,2022-06-06,6853.1436,6698.9053
4165,2022-06-07,6893.0977,6733.6265
4166,2022-06-08,6878.056,6650.0415
4167,2022-06-09,6846.5654,6711.8936
4168,2022-06-10,6779.348,6301.578
4169,2022-06-11,6446.558,6063.304
4170,2022-06-12,6346.913,6229.9946
4171,2022-06-13,6776.997,6607.771
4172,2022-06-01,6943.9106,6927.8315
4173,2022-06-02,6879.4927,6821.3877
4174,2022-06-03,6791.094,6713.927
4175,2022-06-04,6461.0156,6374.575
4176,2022-06-05,6358.5117,6229.9946
4177,2022-06-06,6845.169,6698.9053
4178,2022-06-07,6909.587,6733.6265
4179,2022-06-08,6885.6064,6650.0415
4180,2022-06-09,6844.23,6711.8936
4181,2022-06-10,6778.4004,6301.578
4182,2022-06-11,6451.142,6063.304
4183,2022-06-12,6351.929,6229.9946
4184,2022-06-13,6807.0825,6607.771
4185,2022-06-14,6878.553,6668.43
4186,2022-06-02,6837.0557,6821.3877
4187,2022-06-03,6766.506,6713.927
4188,2022-06-04,6441.049,6374.575
4189,2022-06-05,6327.23,6229.9946
4190,2022-06-06,6786.2617,6698.9053
4191,2022-06-07,6862.4517,6733.6265
4192,2022-06-08,6848.3433,6650.0415
4193,2022-06-09,6806.9556,6711.8936
4194,2022-06-10,6756.631,6301.578
4195,2022-06-11,6427.4077,6063.304
4196,2022-06-12,6347.926,6229.9946
4197,2022-06-13,6791.4346,6607.771
4198,2022-06-14,6853.5156,6668.43
4199,2022-06-15,6830.942,6746.6987
4200,2022-06-03,6751.931,6713.927
4201,2022-06-04,6396.2954,6374.575
4202,2022-06-05,6313.5044,6229.9946
4203,2022-06-06,6786.2725,6698.9053
4204,2022-06-07,6852.602,6733.6265
4205,2022-06-08,6837.0796,6650.0415
4206,2022-06-09,6801.7983,6711.8936
4207,2022-06-10,6728.412,6301.578
4208,2022-06-11,6390.6523,6063.304
4209,2022-06-12,6316.7944,6229.9946
4210,2022-06-13,6765.575,6607.771
4211,2022-06-14,6832.844,6668.43
4212,2022-06-15,6828.1387,6746.6987
4213,2022-06-16,6813.5576,6619.94
4214,2022-06-04,6362.392,6374.575
4215,2022-06-05,6293.697,6229.9946
4216,2022-06-06,6781.1577,6698.9053
4217,2022-06-07,6846.0894,6733.6265
4218,2022-06-08,6841.3843,6650.0415
4219,2022-06-09,6814.092,6711.8936
4220,2022-06-10,6750.101,6301.578
4221,2022-06-11,6418.8535,6063.304
4222,2022-06-12,6330.8667,6229.9946
4223,2022-06-13,6782.098,6607.771
4224,2022-06-14,6842.325,6668.43
4225,2022-06-15,6824.917,6746.6987
4226,2022-06-16,6812.21,6619.94
4227,2022-06-17,6745.398,6567.1587
4228,2022-06-05,6293.399,6229.9946
4229,2022-06-06,6805.378,6698.9053
4230,2022-06-07,6858.5537,6733.6265
4231,2022-06-08,6840.2026,6650.0415
4232,2022-06-09,6807.2637,6711.8936
4233,2022-06-10,6747.969,6301.578
4234,2022-06-11,6378.101,6063.304
4235,2022-06-12,6292.4556,6229.9946
4236,2022-06-13,6778.0864,6607.771
4237,2022-06-14,6833.6123,6668.43
4238,2022-06-15,6827.4956,6746.6987
4239,2022-06-16,6815.7324,6619.94
4240,2022-06-17,6740.4414,6567.1587
4241,2022-06-18,6395.044,6276.1724
4242,2022-06-06,6735.3438,6698.9053
4243,2022-06-07,6813.002,6733.6265
4244,2022-06-08,6794.6445,6650.0415
4245,2022-06-09,6772.527,6711.8936
4246,2022-06-10,6722.6367,6301.578
4247,2022-06-11,6370.5923,6063.304
4248,2022-06-12,6254.817,6229.9946
4249,2022-06-13,6720.2837,6607.771
4250,2022-06-14,6763.1133,6668.43
4251,2022-06-15,6780.0566,6746.6987
4252,2022-06-16,6764.0557,6619.94
4253,2022-06-17,6713.225,6567.1587
4254,2022-06-18,6389.893,6276.1724
4255,2022-06-19,6299.9995,6147.3833
4256,2022-06-07,6834.6914,6733.6265
4257,2022-06-08,6825.2764,6650.0415
4258,2022-06-09,6774.428,6711.8936
4259,2022-06-10,6724.524,6301.578
4260,2022-06-11,6390.7217,6063.304
4261,2022-06-12,6280.083,6229.9946
4262,2022-06-13,6751.8286,6607.771
4263,2022-06-14,6821.98,6668.43
4264,2022-06-15,6800.323,6746.6987
4265,2022-06-16,6785.7275,6619.94
4266,2022-06-17,6732.527,6567.1587
4267,2022-06-18,6392.1343,6276.1724
4268,2022-06-19,6277.7295,6147.3833
4269,2022-06-20,6715.5786,6500.2524
4270,2022-06-08,6762.768,6650.0415
4271,2022-06-09,6739.2236,6711.8936
4272,2022-06-10,6707.6733,6301.578
4273,2022-06-11,6349.3096,6063.304
4274,2022-06-12,6224.044,6229.9946
4275,2022-06-13,6714.736,6607.771
4276,2022-06-14,6746.7563,6668.43
4277,2022-06-15,6735.9243,6746.6987
4278,2022-06-16,6702.491,6619.94
4279,2022-06-17,6666.23,6567.1587
4280,2022-06-18,6343.6577,6276.1724
4281,2022-06-19,6239.1133,6147.3833
4282,2022-06-20,6707.2017,6500.2524
4283,2022-06-21,6766.065,6574.184
4284,2022-06-09,6680.293,6711.8936
4285,2022-06-10,6665.6914,6301.578
4286,2022-06-11,6328.449,6063.304
4287,2022-06-12,6218.235,6229.9946
4288,2022-06-13,6676.5254,6607.771
4289,2022-06-14,6725.98,6668.43
4290,2022-06-15,6699.1323,6746.6987
4291,2022-06-16,6710.4375,6619.94
4292,2022-06-17,6672.283,6567.1587
4293,2022-06-18,6337.399,6276.1724
4294,2022-06-19,6229.067,6147.3833
4295,2022-06-20,6701.959,6500.2524
4296,2022-06-21,6728.335,6574.184
4297,2022-06-22,6734.93,6625.063
4298,2022-06-10,6637.5312,6301.578
4299,2022-06-11,6307.28,6063.304
4300,2022-06-12,6184.3193,6229.9946
4301,2022-06-13,6662.4985,6607.771
4302,2022-06-14,6694.536,6668.43
4303,2022-06-15,7611.3237,6746.6987
4304,2022-06-16,7622.16,6619.94
4305,2022-06-17,7580.2314,6567.1587
4306,2022-06-18,7283.9,6276.1724
4307,2022-06-19,7147.748,6147.3833
4308,2022-06-20,7572.6924,6500.2524
4309,2022-06-21,7619.805,6574.184
4310,2022-06-22,7619.805,6625.063
4311,2022-06-23,7629.698,6634.1035
4312,2022-06-11,6147.2563,6063.304
4313,2022-06-12,6404.0376,6229.9946
4314,2022-06-13,6642.447,6607.771
4315,2022-06-14,6655.6377,6668.43
4316,2022-06-15,6653.756,6746.6987
4317,2022-06-16,6612.765,6619.94
4318,2022-06-17,6408.28,6567.1587
4319,2022-06-18,6216.989,6276.1724
4320,2022-06-19,6441.7324,6147.3833
4321,2022-06-20,6672.1294,6500.2524
4322,2022-06-21,6664.121,6574.184
4323,2022-06-22,6667.888,6625.063
4324,2022-06-23,6633.0215,6634.1035
4325,2022-06-24,6476.5977,6594.271
4326,2022-06-12,6139.304,6229.9946
4327,2022-06-13,6561.467,6607.771
4328,2022-06-14,6630.7285,6668.43
4329,2022-06-15,6663.71,6746.6987
4330,2022-06-16,6631.6704,6619.94
4331,2022-06-17,6531.31,6567.1587
4332,2022-06-18,6250.0264,6276.1724
4333,2022-06-19,6253.7964,6147.3833
4334,2022-06-20,6636.384,6500.2524
4335,2022-06-21,6690.0957,6574.184
4336,2022-06-22,6700.9316,6625.063
4337,2022-06-23,6684.9126,6634.1035
4338,2022-06-24,6611.882,6594.271
4339,2022-06-25,6336.25,6191.5137
4340,2022-06-13,6647.5483,6607.771
4341,2022-06-14,6677.7075,6668.43
4342,2022-06-15,6676.293,6746.6987
4343,2022-06-16,6663.0986,6619.94
4344,2022-06-17,6557.0713,6567.1587
4345,2022-06-18,6265.3843,6276.1724
4346,2022-06-19,6304.497,6147.3833
4347,2022-06-20,6661.214,6500.2524
4348,2022-06-21,6694.2007,6574.184
4349,2022-06-22,6706.4517,6625.063
4350,2022-06-23,6685.7188,6634.1035
4351,2022-06-24,6582.049,6594.271
4352,2022-06-25,6315.805,6191.5137
4353,2022-06-26,6312.036,6163.2227
4354,2022-06-14,6710.219,6668.43
4355,2022-06-15,6697.4907,6746.6987
4356,2022-06-16,6665.4434,6619.94
4357,2022-06-17,6574.942,6567.1587
4358,2022-06-18,6293.071,6276.1724
4359,2022-06-19,6236.9795,6147.3833
4360,2022-06-20,6650.8296,6500.2524
4361,2022-06-21,6700.793,6574.184
4362,2022-06-22,6733.3164,6625.063
4363,2022-06-23,6707.8633,6634.1035
4364,2022-06-24,6649.885,6594.271
4365,2022-06-25,6359.53,6191.5137
4366,2022-06-26,6307.2114,6163.2227
4367,2022-06-27,6661.6714,6762.432
4368,2022-06-15,6662.865,6746.6987
4369,2022-06-16,6641.65,6619.94
4370,2022-06-17,6545.006,6567.1587
4371,2022-06-18,6258.841,6276.1724
4372,2022-06-19,6247.524,6147.3833
4373,2022-06-20,6630.3364,6500.2524
4374,2022-06-21,7573.216,6574.184
4375,2022-06-22,6698.2227,6625.063
4376,2022-06-23,6684.551,6634.1035
4377,2022-06-24,6602.991,6594.271
4378,2022-06-25,6308.3433,6191.5137
4379,2022-06-26,6325.785,6163.2227
4380,2022-06-27,6677.009,6762.432
4381,2022-06-28,6734.5225,6775.724
4382,2022-06-16,6699.9927,6619.94
4383,2022-06-17,6593.4263,6567.1587
4384,2022-06-18,6293.529,6276.1724
4385,2022-06-19,6242.1343,6147.3833
4386,2022-06-20,6666.5117,6500.2524
4387,2022-06-21,6722.625,6574.184
4388,2022-06-22,6724.5093,6625.063
4389,2022-06-23,6677.8286,6634.1035
4390,2022-06-24,6601.911,6594.271
4391,2022-06-25,6309.5625,6191.5137
4392,2022-06-26,6277.9707,6163.2227
4393,2022-06-27,6693.391,6762.432
4394,2022-06-28,6740.0723,6775.724
4395,2022-06-29,6744.786,6761.1084
4396,2022-06-17,6427.4517,6567.1587
4397,2022-06-18,6157.695,6276.1724
4398,2022-06-19,6212.8726,6147.3833
4399,2022-06-20,6557.6133,6500.2524
4400,2022-06-21,6616.0933,6574.184
4401,2022-06-22,6633.544,6625.063
4402,2022-06-23,6601.473,6634.1035
4403,2022-06-24,6472.7246,6594.271
4404,2022-06-25,6239.2827,6191.5137
4405,2022-06-26,6290.2144,6163.2227
4406,2022-06-27,6638.73,6762.432
4407,2022-06-28,6663.252,6775.724
4408,2022-06-29,6658.535,6761.1084
4409,2022-06-30,6628.8257,6673.4194
4410,2022-06-18,6228.788,6276.1724
4411,2022-06-19,6152.3774,6147.3833
4412,2022-06-20,6604.703,6500.2524
4413,2022-06-21,6648.569,6574.184
4414,2022-06-22,6657.531,6625.063
4415,2022-06-23,6649.04,6634.1035
4416,2022-06-24,6625.4575,6594.271
4417,2022-06-25,6297.652,6191.5137
4418,2022-06-26,6187.753,6163.2227
4419,2022-06-27,6656.5894,6762.432
4420,2022-06-28,6726.3955,6775.724
4421,2022-06-29,6716.962,6761.1084
4422,2022-06-30,6707.0566,6673.4194
4423,2022-07-01,6677.8125,6740.2935
4424,2022-06-19,6169.6064,6147.3833
4425,2022-06-20,6637.0454,6500.2524
4426,2022-06-21,6705.4395,6574.184
4427,2022-06-22,6689.872,6625.063
4428,2022-06-23,6675.252,6634.1035
4429,2022-06-24,6623.366,6594.271
4430,2022-06-25,6323.846,6191.5137
4431,2022-06-26,6228.0977,6163.2227
4432,2022-06-27,6639.4033,6762.432
4433,2022-06-28,6701.666,6775.724
4434,2022-06-29,6714.8735,6761.1084
4435,2022-06-30,6694.1177,6673.4194
4436,2022-07-01,6633.745,6740.2935
4437,2022-07-02,6317.715,6448.956
4438,2022-06-20,6611.324,6500.2524
4439,2022-06-21,6652.837,6574.184
4440,2022-06-22,6647.6494,6625.063
4441,2022-06-23,6622.1733,6634.1035
4442,2022-06-24,6577.359,6594.271
4443,2022-06-25,6287.7183,6191.5137
4444,2022-06-26,6189.1245,6163.2227
4445,2022-06-27,6650.948,6762.432
4446,2022-06-28,6679.2544,6775.724
4447,2022-06-29,6671.235,6761.1084
4448,2022-06-30,6670.291,6673.4194
4449,2022-07-01,6620.287,6740.2935
4450,2022-07-02,6310.832,6448.956
4451,2022-07-03,6213.1816,6325.6724
4452,2022-06-21,6655.0674,6574.184
4453,2022-06-22,6660.728,6625.063
4454,2022-06-23,6617.7905,6634.1035
4455,2022-06-24,6584.288,6594.271
4456,2022-06-25,6277.1045,6191.5137
4457,2022-06-26,6188.865,6163.2227
4458,2022-06-27,6627.7007,6762.432
4459,2022-06-28,6681.0195,6775.724
4460,2022-06-29,6695.6465,6761.1084
4461,2022-06-30,6683.3774,6673.4194
4462,2022-07-01,6625.811,6740.2935
4463,2022-07-02,6308.2476,6448.956
4464,2022-07-03,6213.4033,6325.6724
4465,2022-07-04,6632.889,6921.0845
4466,2022-06-22,6597.7817,6625.063
4467,2022-06-23,6578.4346,6634.1035
4468,2022-06-24,6551.065,6594.271
4469,2022-06-25,6258.0073,6191.5137
4470,2022-06-26,6185.8037,6163.2227
4471,2022-06-27,6621.3774,6762.432
4472,2022-06-28,6655.826,6775.724
4473,2022-06-29,6653.4663,6761.1084
4474,2022-06-30,6652.994,6673.4194
4475,2022-07-01,6607.2207,6740.2935
4476,2022-07-02,6291.04,6448.956
4477,2022-07-03,6199.018,6325.6724
4478,2022-07-04,6596.838,6921.0845
4479,2022-07-05,6637.895,6814.7407
4480,2022-06-23,6622.658,6634.1035
4481,2022-06-24,6591.5083,6594.271
4482,2022-06-25,6302.194,6191.5137
4483,2022-06-26,6223.846,6163.2227
4484,2022-06-27,6622.1875,6762.432
4485,2022-06-28,6687.7886,6775.724
4486,2022-06-29,6682.5977,6761.1084
4487,2022-06-30,6691.092,6673.4194
4488,2022-07-01,6653.8066,6740.2935
4489,2022-07-02,6371.1,6448.956
4490,2022-07-03,6260.1855,6325.6724
4491,2022-07-04,6629.7383,6921.0845
4492,2022-07-05,6693.4526,6814.7407
4493,2022-07-06,6712.331,6808.6333
4494,2022-06-24,6579.1465,6594.271
4495,2022-06-25,6247.7837,6191.5137
4496,2022-06-26,6151.9604,6163.2227
4497,2022-06-27,6581.0356,6762.432
4498,2022-06-28,6626.8213,6775.724
4499,2022-06-29,6640.984,6761.1084
4500,2022-06-30,6620.213,6673.4194
4501,2022-07-01,6571.595,6740.2935
4502,2022-07-02,6295.929,6448.956
4503,2022-07-03,6190.1963,6325.6724
4504,2022-07-04,6576.7876,6921.0845
4505,2022-07-05,6644.7583,6814.7407
4506,2022-07-06,6656.089,6808.6333
4507,2022-07-07,6647.592,6933.0884
4508,2022-06-25,6248.5654,6191.5137
4509,2022-06-26,6154.1475,6163.2227
4510,2022-06-27,6582.333,6762.432
4511,2022-06-28,6629.069,6775.724
4512,2022-06-29,6637.0933,6761.1084
4513,2022-06-30,6640.872,6673.4194
4514,2022-07-01,6595.0786,6740.2935
4515,2022-07-02,6283.973,6448.956
4516,2022-07-03,6165.4795,6325.6724
4517,2022-07-04,6604.0464,6921.0845
4518,2022-07-05,6651.7295,6814.7407
4519,2022-07-06,6666.835,6808.6333
4520,2022-07-07,6661.6445,6933.0884
4521,2022-07-08,6626.2363,6809.908
4522,2022-06-26,6079.102,6163.2227
4523,2022-06-27,6529.4785,6762.432
4524,2022-06-28,6583.767,6775.724
4525,2022-06-29,6588.016,6761.1084
4526,2022-06-30,6582.35,6673.4194
4527,2022-07-01,6570.5464,6740.2935
4528,2022-07-02,6248.5845,6448.956
4529,2022-07-03,6152.748,6325.6724
4530,2022-07-04,6587.0723,6921.0845
4531,2022-07-05,6622.0063,6814.7407
4532,2022-07-06,6652.6914,6808.6333
4533,2022-07-07,6663.076,6933.0884
4534,2022-07-08,6611.6206,6809.908
4535,2022-07-09,6297.68,6526.326
4536,2022-06-27,6583.4795,6762.432
4537,2022-06-28,6626.918,6775.724
4538,2022-06-29,6638.7188,6761.1084
4539,2022-06-30,6618.891,6673.4194
4540,2022-07-01,6575.925,6740.2935
4541,2022-07-02,6281.7837,6448.956
4542,2022-07-03,6198.689,6325.6724
4543,2022-07-04,6610.8633,6921.0845
4544,2022-07-05,6653.355,6814.7407
4545,2022-07-06,6646.273,6808.6333
4546,2022-07-07,6645.8013,6933.0884
4547,2022-07-08,6600.4756,6809.908
4548,2022-07-09,6308.2246,6526.326
4549,2022-07-10,6219.9336,6207.7886
4550,2022-06-28,6749.0576,6775.724
4551,2022-06-29,6735.83,6761.1084
4552,2022-06-30,6717.8843,6673.4194
4553,2022-07-01,6675.378,6740.2935
4554,2022-07-02,6318.3257,6448.956
4555,2022-07-03,6214.4224,6325.6724
4556,2022-07-04,6674.4336,6921.0845
4557,2022-07-05,6706.0796,6814.7407
4558,2022-07-06,6714.1055,6808.6333
4559,2022-07-07,6723.082,6933.0884
4560,2022-07-08,6670.656,6809.908
4561,2022-07-09,6339.578,6526.326
4562,2022-07-10,6215.839,6207.7886
4563,2022-07-11,6643.734,6254.9844
4564,2022-06-29,6705.35,6761.1084
4565,2022-06-30,6672.755,6673.4194
4566,2022-07-01,6651.97,6740.2935
4567,2022-07-02,6319.42,6448.956
4568,2022-07-03,6213.6074,6325.6724
4569,2022-07-04,6655.2783,6921.0845
4570,2022-07-05,6696.3745,6814.7407
4571,2022-07-06,6699.6816,6808.6333
4572,2022-07-07,6697.3184,6933.0884
4573,2022-07-08,6671.338,6809.908
4574,2022-07-09,6327.451,6526.326
4575,2022-07-10,6197.075,6207.7886
4576,2022-07-11,6647.2476,6254.9844
4577,2022-07-12,6675.1167,6832.9814
4578,2022-06-30,6698.808,6673.4194
4579,2022-07-01,6667.6265,6740.2935
4580,2022-07-02,6324.158,6448.956
4581,2022-07-03,6210.772,6325.6724
4582,2022-07-04,6680.855,6921.0845
4583,2022-07-05,6724.792,6814.7407
4584,2022-07-06,6723.8477,6808.6333
4585,2022-07-07,6719.123,6933.0884
4586,2022-07-08,6687.4683,6809.908
4587,2022-07-09,6352.0317,6526.326
4588,2022-07-10,6224.0005,6207.7886
4589,2022-07-11,6669.0444,6254.9844
4590,2022-07-12,6724.79,6832.9814
4591,2022-07-13,6712.98,6819.6787
4592,2022-07-01,6611.8037,6740.2935
4593,2022-07-02,6270.6514,6448.956
4594,2022-07-03,6164.8086,6325.6724
4595,2022-07-04,6611.803,6921.0845
4596,2022-07-05,6667.0874,6814.7407
4597,2022-07-06,6682.208,6808.6333
4598,2022-07-07,6672.284,6933.0884
4599,2022-07-08,6634.484,6809.908
4600,2022-07-09,6299.947,6526.326
4601,2022-07-10,6172.369,6207.7886
4602,2022-07-11,6654.3286,6254.9844
4603,2022-07-12,6698.745,6832.9814
4604,2022-07-13,6711.031,6819.6787
4605,2022-07-14,6667.5605,6878.2627
4606,2022-07-02,6331.7256,6448.956
4607,2022-07-03,6187.112,6325.6724
4608,2022-07-04,6637.4873,6921.0845
4609,2022-07-05,6697.036,6814.7407
4610,2022-07-06,6681.912,6808.6333
4611,2022-07-07,6688.5283,6933.0884
4612,2022-07-08,6643.1606,6809.908
4613,2022-07-09,6286.359,6526.326
4614,2022-07-10,6169.155,6207.7886
4615,2022-07-11,6617.169,6254.9844
4616,2022-07-12,6669.6255,6832.9814
4617,2022-07-13,6657.338,6819.6787
4618,2022-07-14,6639.3794,6878.2627
4619,2022-07-15,6603.9375,6869.5234
4620,2022-07-03,6218.6167,6325.6724
4621,2022-07-04,6672.7964,6921.0845
4622,2022-07-05,6721.003,6814.7407
4623,2022-07-06,6742.7437,6808.6333
4624,2022-07-07,6714.86,6933.0884
4625,2022-07-08,6697.8457,6809.908
4626,2022-07-09,6364.1807,6526.326
4627,2022-07-10,6226.6523,6207.7886
4628,2022-07-11,6684.6133,6254.9844
4629,2022-07-12,6720.5312,6832.9814
4630,2022-07-13,6699.2637,6819.6787
4631,2022-07-14,6681.305,6878.2627
4632,2022-07-15,6646.803,6869.5234
4633,2022-07-16,6326.8438,6493.7876
4634,2022-07-04,6714.0713,6921.0845
4635,2022-07-05,6731.5596,6814.7407
4636,2022-07-06,6754.2485,6808.6333
4637,2022-07-07,6733.45,6933.0884
4638,2022-07-08,6710.2886,6809.908
4639,2022-07-09,6363.361,6526.326
4640,2022-07-10,6239.0527,6207.7886
4641,2022-07-11,6690.911,6254.9844
4642,2022-07-12,6723.5244,6832.9814
4643,2022-07-13,6710.7627,6819.6787
4644,2022-07-14,6670.115,6878.2627
4645,2022-07-15,6629.466,6869.5234
4646,2022-07-16,6291.516,6493.7876
4647,2022-07-17,6176.6626,6472.99
4648,2022-07-05,6859.944,6814.7407
4649,2022-07-06,6861.362,6808.6333
4650,2022-07-07,6826.8486,6933.0884
4651,2022-07-08,6778.6206,6809.908
4652,2022-07-09,6420.7056,6526.326
4653,2022-07-10,6308.177,6207.7886
4654,2022-07-11,6748.361,6254.9844
4655,2022-07-12,6767.748,6832.9814
4656,2022-07-13,6760.1826,6819.6787
4657,2022-07-14,6737.958,6878.2627
4658,2022-07-15,6678.3857,6869.5234
4659,2022-07-16,6342.2188,6493.7876
4660,2022-07-17,6256.6406,6472.99
4661,2022-07-18,6707.2275,7015.568
4662,2022-07-06,6806.438,6808.6333
4663,2022-07-07,6792.253,6933.0884
4664,2022-07-08,6761.515,6809.908
4665,2022-07-09,6415.85,6526.326
4666,2022-07-10,6293.378,6207.7886
4667,2022-07-11,6718.957,6254.9844
4668,2022-07-12,6769.555,6832.9814
4669,2022-07-13,6767.1895,6819.6787
4670,2022-07-14,6741.654,6878.2627
4671,2022-07-15,6717.5405,6869.5234
4672,2022-07-16,6376.131,6493.7876
4673,2022-07-17,6251.767,6472.99
4674,2022-07-18,6689.639,7015.568
4675,2022-07-19,6747.8027,7069.656
4676,2022-07-07,6783.6313,6933.0884
4677,2022-07-08,6757.62,6809.908
4678,2022-07-09,6391.575,6526.326
4679,2022-07-10,6248.281,6207.7886
4680,2022-07-11,6718.3667,6254.9844
4681,2022-07-12,6751.9463,6832.9814
4682,2022-07-13,6734.9204,6819.6787
4683,2022-07-14,6710.328,6878.2627
4684,2022-07-15,6654.052,6869.5234
4685,2022-07-16,6320.1655,6493.7876
4686,2022-07-17,6204.7715,6472.99
4687,2022-07-18,6651.2114,7015.568
4688,2022-07-19,6704.179,7069.656
4689,2022-07-20,6692.3555,6760.8687
4690,2022-07-08,6820.7983,6809.908
4691,2022-07-09,6426.78,6526.326
4692,2022-07-10,6304.7437,6207.7886
4693,2022-07-11,6795.727,6254.9844
4694,2022-07-12,6828.365,6832.9814
4695,2022-07-13,6803.295,6819.6787
4696,2022-07-14,6763.088,6878.2627
4697,2022-07-15,6699.233,6869.5234
4698,2022-07-16,6351.0977,6493.7876
4699,2022-07-17,6241.36,6472.99
4700,2022-07-18,6696.866,7015.568
4701,2022-07-19,6741.803,7069.656
4702,2022-07-20,6740.8594,6760.8687
4703,2022-07-21,6703.016,6812.969
4704,2022-07-09,6386.206,6526.326
4705,2022-07-10,6251.369,6207.7886
4706,2022-07-11,6744.831,6254.9844
4707,2022-07-12,6771.7993,6832.9814
4708,2022-07-13,6766.595,6819.6787
4709,2022-07-14,6733.003,6878.2627
4710,2022-07-15,6674.3364,6869.5234
4711,2022-07-16,6323.2817,6493.7876
4712,2022-07-17,6198.855,6472.99
4713,2022-07-18,6646.4224,7015.568
4714,2022-07-19,6697.52,7069.656
4715,2022-07-20,6692.3154,6760.8687
4716,2022-07-21,6689.004,6812.969
4717,2022-07-22,6616.6167,6728.701
4718,2022-07-10,6310.3037,6207.7886
4719,2022-07-11,6778.82,6254.9844
4720,2022-07-12,6799.643,6832.9814
4721,2022-07-13,6775.034,6819.6787
4722,2022-07-14,6768.8813,6878.2627
4723,2022-07-15,6713.0405,6869.5234
4724,2022-07-16,6359.047,6493.7876
4725,2022-07-17,6236.476,6472.99
4726,2022-07-18,6711.6206,7015.568
4727,2022-07-19,6740.4883,7069.656
4728,2022-07-20,6718.72,6760.8687
4729,2022-07-21,6684.17,6812.969
4730,2022-07-22,6598.0396,6728.701
4731,2022-07-23,6289.9546,6382.6753
4732,2022-07-11,6686.767,6254.9844
4733,2022-07-12,6751.614,6832.9814
4734,2022-07-13,6743.565,6819.6787
4735,2022-07-14,6712.801,6878.2627
4736,2022-07-15,6674.458,6869.5234
4737,2022-07-16,6324.195,6493.7876
4738,2022-07-17,6194.4995,6472.99
4739,2022-07-18,6629.0186,7015.568
4740,2022-07-19,6669.2524,7069.656
4741,2022-07-20,6674.933,6760.8687
4742,2022-07-21,6658.839,6812.969
4743,2022-07-22,6581.6855,6728.701
4744,2022-07-23,6276.859,6382.6753
4745,2022-07-24,6193.0786,6172.3145
4746,2022-07-12,6656.2705,6832.9814
4747,2022-07-13,6696.982,6819.6787
4748,2022-07-14,6696.982,6878.2627
4749,2022-07-15,6665.7383,6869.5234
4750,2022-07-16,6439.4434,6493.7876
4751,2022-07-17,6215.042,6472.99
4752,2022-07-18,6401.0957,7015.568
4753,2022-07-19,6624.078,7069.656
4754,2022-07-20,6657.6904,6760.8687
4755,2022-07-21,6659.1094,6812.969
4756,2022-07-22,6619.8154,6728.701
4757,2022-07-23,6411.51,6382.6753
4758,2022-07-24,6211.727,6172.3145
4759,2022-07-25,6429.0273,6641.335
4760,2022-07-13,6828.8735,6819.6787
4761,2022-07-14,6815.615,6878.2627
4762,2022-07-15,6783.888,6869.5234
4763,2022-07-16,6589.265,6493.7876
4764,2022-07-17,6274.8364,6472.99
4765,2022-07-18,6330.716,7015.568
4766,2022-07-19,6694.3887,7069.656
4767,2022-07-20,6705.2812,6760.8687
4768,2022-07-21,6693.918,6812.969
4769,2022-07-22,6663.612,6728.701
4770,2022-07-23,6503.555,6382.6753
4771,2022-07-24,6247.3706,6172.3145
4772,2022-07-25,6301.3535,6641.335
4773,2022-07-26,6642.7744,6571.5923
4774,2022-07-14,6804.198,6878.2627
4775,2022-07-15,6777.676,6869.5234
4776,2022-07-16,6585.853,6493.7876
4777,2022-07-17,6291.7295,6472.99
4778,2022-07-18,6368.4556,7015.568
4779,2022-07-19,7640.1587,7069.656
4780,2022-07-20,7673.3145,6760.8687
4781,2022-07-21,6743.1,6812.969
4782,2022-07-22,6689.5786,6728.701
4783,2022-07-23,6542.7544,6382.6753
4784,2022-07-24,6276.098,6172.3145
4785,2022-07-25,6322.514,6641.335
4786,2022-07-26,6662.5825,6571.5923
4787,2022-07-27,6673.9487,6749.6733
4788,2022-07-15,6817.918,6869.5234
4789,2022-07-16,6688.5913,6493.7876
4790,2022-07-17,6366.9307,6472.99
4791,2022-07-18,6293.0317,7015.568
4792,2022-07-19,6717.4883,7069.656
4793,2022-07-20,6764.861,6760.8687
4794,2022-07-21,6739.279,6812.969
4795,2022-07-22,6703.7495,6728.701
4796,2022-07-23,6593.371,6382.6753
4797,2022-07-24,6302.031,6172.3145
4798,2022-07-25,6241.3955,6641.335
4799,2022-07-26,6646.9033,6571.5923
4800,2022-07-27,6699.487,6749.6733
4801,2022-07-28,6702.3296,6847.575
4802,2022-07-16,6639.741,6493.7876
4803,2022-07-17,6329.3843,6472.99
4804,2022-07-18,6293.846,7015.568
4805,2022-07-19,6705.132,7069.656
4806,2022-07-20,6750.618,6760.8687
4807,2022-07-21,6747.301,6812.969
4808,2022-07-22,6711.7637,6728.701
4809,2022-07-23,6561.562,6382.6753
4810,2022-07-24,6263.9976,6172.3145
4811,2022-07-25,6225.143,6641.335
4812,2022-07-26,6629.317,6571.5923
4813,2022-07-27,6685.7026,6749.6733
4814,2022-07-28,6667.2236,6847.575
4815,2022-07-29,6646.3735,6734.085
4816,2022-07-17,6237.9614,6472.99
4817,2022-07-18,6658.2817,7015.568
4818,2022-07-19,6786.698,7069.656
4819,2022-07-20,6754.4756,6760.8687
4820,2022-07-21,6733.1504,6812.969
4821,2022-07-22,6677.2363,6728.701
4822,2022-07-23,6348.8467,6382.6753
4823,2022-07-24,6211.4263,6172.3145
4824,2022-07-25,6617.5293,6641.335
4825,2022-07-26,6729.3623,6571.5923
4826,2022-07-27,6713.7236,6749.6733
4827,2022-07-28,6669.1807,6847.575
4828,2022-07-29,6592.888,6734.085
4829,2022-07-30,6306.6733,6325.5728
4830,2022-07-18,6808.2095,7015.568
4831,2022-07-19,6875.509,7069.656
4832,2022-07-20,6871.245,6760.8687
4833,2022-07-21,6848.9688,6812.969
4834,2022-07-22,6754.179,6728.701
4835,2022-07-23,6408.675,6382.6753
4836,2022-07-24,6284.0264,6172.3145
4837,2022-07-25,6733.3257,6641.335
4838,2022-07-26,6810.5776,6571.5923
4839,2022-07-27,6766.976,6749.6733
4840,2022-07-28,6734.2744,6847.575
4841,2022-07-29,6638.063,6734.085
4842,2022-07-30,6344.6904,6325.5728
4843,2022-07-31,6250.375,6235.814
4844,2022-07-19,6972.4346,7069.656
4845,2022-07-20,6929.7617,6760.8687
4846,2022-07-21,6894.678,6812.969
4847,2022-07-22,6794.638,6728.701
4848,2022-07-23,6418.659,6382.6753
4849,2022-07-24,6292.07,6172.3145
4850,2022-07-25,6773.7754,6641.335
4851,2022-07-26,6817.869,6571.5923
4852,2022-07-27,6796.5356,6749.6733
4853,2022-07-28,6784.68,6847.575
4854,2022-07-29,6681.797,6734.085
4855,2022-07-30,6343.2754,6325.5728
4856,2022-07-31,6236.1235,6235.814
4857,2022-08-01,6668.049,6703.5215
4858,2022-07-20,6939.957,6760.8687
4859,2022-07-21,6899.172,6812.969
4860,2022-07-22,6808.116,6728.701
4861,2022-07-23,6462.399,6382.6753
4862,2022-07-24,6329.6123,6172.3145
4863,2022-07-25,6797.685,6641.335
4864,2022-07-26,6867.87,6571.5923
4865,2022-07-27,6847.9546,6749.6733
4866,2022-07-28,6793.889,6847.575
4867,2022-07-29,6701.8887,6734.085
4868,2022-07-30,6354.2725,6325.5728
4869,2022-07-31,6276.498,6235.814
4870,2022-08-01,6722.755,6703.5215
4871,2022-08-02,6797.6816,6674.616
4872,2022-07-21,6779.147,6812.969
4873,2022-07-22,6733.141,6728.701
4874,2022-07-23,6412.5156,6382.6753
4875,2022-07-24,6278.7617,6172.3145
4876,2022-07-25,6709.902,6641.335
4877,2022-07-26,6783.42,6571.5923
4878,2022-07-27,6756.857,6749.6733
4879,2022-07-28,6713.697,6847.575
4880,2022-07-29,6612.6704,6734.085
4881,2022-07-30,6288.248,6325.5728
4882,2022-07-31,6227.063,6235.814
4883,2022-08-01,6621.681,6703.5215
4884,2022-08-02,6713.6973,6674.616
4885,2022-08-03,6698.518,6535.162
4886,2022-07-22,6732.737,6728.701
4887,2022-07-23,6385.9717,6382.6753
4888,2022-07-24,6268.3276,6172.3145
4889,2022-07-25,6748.392,6641.335
4890,2022-07-26,6800.5723,6571.5923
4891,2022-07-27,6765.9434,6749.6733
4892,2022-07-28,6708.5444,6847.575
4893,2022-07-29,6630.273,6734.085
4894,2022-07-30,6318.136,6325.5728
4895,2022-07-31,6224.2104,6235.814
4896,2022-08-01,6684.3506,6703.5215
4897,2022-08-02,6739.8525,6674.616
4898,2022-08-03,6713.7617,6535.162
4899,2022-08-04,6683.4023,6481.2036
4900,2022-07-23,6332.08,6382.6753
4901,2022-07-24,6249.055,6172.3145
4902,2022-07-25,6753.362,6641.335
4903,2022-07-26,6783.7275,6571.5923
4904,2022-07-27,6738.6577,6749.6733
4905,2022-07-28,6701.1787,6847.575
4906,2022-07-29,6571.661,6734.085
4907,2022-07-30,6234.822,6325.5728
4908,2022-07-31,6180.263,6235.814
4909,2022-08-01,6663.2236,6703.5215
4910,2022-08-02,6690.265,6674.616
4911,2022-08-03,6666.545,6535.162
4912,2022-08-04,6609.1406,6481.2036
4913,2022-08-05,6492.4346,6494.644
4914,2022-07-24,6258.5273,6172.3145
4915,2022-07-25,6755.7217,6641.335
4916,2022-07-26,6796.0474,6571.5923
4917,2022-07-27,6784.186,6749.6733
4918,2022-07-28,6738.643,6847.575
4919,2022-07-29,6623.36,6734.085
4920,2022-07-30,6324.95,6325.5728
4921,2022-07-31,6246.1963,6235.814
4922,2022-08-01,6695.4727,6703.5215
4923,2022-08-02,6715.872,6674.616
4924,2022-08-03,6707.3325,6535.162
4925,2022-08-04,6667.9556,6481.2036
4926,2022-08-05,6583.034,6494.644
4927,2022-08-06,6288.42,6221.2593
4928,2022-07-25,6681.8506,6641.335
4929,2022-07-26,6723.129,6571.5923
4930,2022-07-27,6674.7373,6749.6733
4931,2022-07-28,6633.4624,6847.575
4932,2022-07-29,6514.38,6734.085
4933,2022-07-30,6205.525,6325.5728
4934,2022-07-31,6153.814,6235.814
4935,2022-08-01,6617.8057,6703.5215
4936,2022-08-02,6651.964,6674.616
4937,2022-08-03,6633.4624,6535.162
4938,2022-08-04,6617.331,6481.2036
4939,2022-08-05,6512.483,6494.644
4940,2022-08-06,6212.1675,6221.2593
4941,2022-08-07,6200.306,6134.0005
4942,2022-07-26,6764.8965,6571.5923
4943,2022-07-27,6720.766,6749.6733
4944,2022-07-28,6667.6187,6847.575
4945,2022-07-29,6576.033,6734.085
4946,2022-07-30,6260.4707,6325.5728
4947,2022-07-31,6184.5454,6235.814
4948,2022-08-01,6632.0283,6703.5215
4949,2022-08-02,6684.6987,6674.616
4950,2022-08-03,6679.4805,6535.162
4951,2022-08-04,6649.109,6481.2036
4952,2022-08-05,6548.037,6494.644
4953,2022-08-06,6240.065,6221.2593
4954,2022-08-07,6185.4937,6134.0005
4955,2022-08-08,6610.1987,6706.776
4956,2022-07-27,6566.713,6749.6733
4957,2022-07-28,6550.103,6847.575
4958,2022-07-29,6496.956,6734.085
4959,2022-07-30,6221.247,6325.5728
4960,2022-07-31,6166.197,6235.814
4961,2022-08-01,6578.575,6703.5215
4962,2022-08-02,6615.5894,6674.616
4963,2022-08-03,6602.3037,6535.162
4964,2022-08-04,6576.2017,6481.2036
4965,2022-08-05,6513.563,6494.644
4966,2022-08-06,6235.006,6221.2593
4967,2022-08-07,6182.806,6134.0005
4968,2022-08-08,6584.7437,6706.776
4969,2022-08-09,6643.114,6331.053
4970,2022-07-28,6711.478,6847.575
4971,2022-07-29,6623.207,6734.085
4972,2022-07-30,6296.697,6325.5728
4973,2022-07-31,6199.8813,6235.814
4974,2022-08-01,6643.1357,6703.5215
4975,2022-08-02,6666.8677,6674.616
4976,2022-08-03,6683.0024,6535.162
4977,2022-08-04,6644.563,6481.2036
4978,2022-08-05,6576.6963,6494.644
4979,2022-08-06,6272.495,6221.2593
4980,2022-08-07,6207.9507,6134.0005
4981,2022-08-08,6603.2725,6706.776
4982,2022-08-09,6663.0713,6331.053
4983,2022-08-10,6645.5127,6896.6816
4984,2022-07-29,6676.0576,6734.085
4985,2022-07-30,6333.8555,6325.5728
4986,2022-07-31,6222.3154,6235.814
4987,2022-08-01,6676.058,6703.5215
4988,2022-08-02,6733.0137,6674.616
4989,2022-08-03,6708.8076,6535.162
4990,2022-08-04,6697.89,6481.2036
4991,2022-08-05,6593.4746,6494.644
4992,2022-08-06,6268.8325,6221.2593
4993,2022-08-07,6199.536,6134.0005
4994,2022-08-08,6623.8496,6706.776
4995,2022-08-09,6670.362,6331.053
4996,2022-08-10,6669.8877,6896.6816
4997,2022-08-11,6648.054,7002.168
4998,2022-07-30,6343.5625,6325.5728
4999,2022-07-31,6205.4414,6235.814
5000,2022-08-01,6672.9595,6703.5215
5001,2022-08-02,6715.6777,6674.616
5002,2022-08-03,6700.49,6535.162
5003,2022-08-04,6673.435,6481.2036
5004,2022-08-05,6614.5786,6494.644
5005,2022-08-06,6292.3027,6221.2593
5006,2022-08-07,6168.893,6134.0005
5007,2022-08-08,6608.409,6706.776
5008,2022-08-09,6677.2314,6331.053
5009,2022-08-10,6686.7256,6896.6816
5010,2022-08-11,6649.7026,7002.168
5011,2022-08-12,6565.2188,7050.8447
5012,2022-07-31,6183.4805,6235.814
5013,2022-08-01,6665.668,6703.5215
5014,2022-08-02,6718.3486,6674.616
5015,2022-08-03,6693.1943,6535.162
5016,2022-08-04,6678.01,6481.2036
5017,2022-08-05,6595.9033,6494.644
5018,2022-08-06,6282.1963,6221.2593
5019,2022-08-07,6206.735,6134.0005
5020,2022-08-08,6678.9575,6706.776
5021,2022-08-09,6705.0566,6331.053
5022,2022-08-10,6696.0425,6896.6816
5023,2022-08-11,6680.378,7002.168
5024,2022-08-12,6617.736,7050.8447
5025,2022-08-13,6284.567,6501.6016
5026,2022-08-01,6647.072,6703.5215
5027,2022-08-02,6696.4307,6674.616
5028,2022-08-03,6690.259,6535.162
5029,2022-08-04,6668.428,6481.2036
5030,2022-08-05,6589.172,6494.644
5031,2022-08-06,6256.9604,6221.2593
5032,2022-08-07,6168.212,6134.0005
5033,2022-08-08,6648.0215,6706.776
5034,2022-08-09,6685.513,6331.053
5035,2022-08-10,6670.8013,6896.6816
5036,2022-08-11,6669.377,7002.168
5037,2022-08-12,6592.9673,7050.8447
5038,2022-08-13,6295.8765,6501.6016
5039,2022-08-14,6224.689,6308.7007
5040,2022-08-02,6718.839,6674.616
5041,2022-08-03,6695.102,6535.162
5042,2022-08-04,6691.3066,6481.2036
5043,2022-08-05,6620.574,6494.644
5044,2022-08-06,6291.135,6221.2593
5045,2022-08-07,6193.822,6134.0005
5046,2022-08-08,6610.6064,6706.776
5047,2022-08-09,6672.791,6331.053
5048,2022-08-10,6676.5894,6896.6816
5049,2022-08-11,6665.669,7002.168
5050,2022-08-12,6616.3027,7050.8447
5051,2022-08-13,6304.426,6501.6016
5052,2022-08-14,6220.405,6308.7007
5053,2022-08-15,6634.341,6894.875
5054,2022-08-03,6723.21,6535.162
5055,2022-08-04,6672.412,6481.2036
5056,2022-08-05,6602.1533,6494.644
5057,2022-08-06,6271.26,6221.2593
5058,2022-08-07,6191.0293,6134.0005
5059,2022-08-08,6647.253,6706.776
5060,2022-08-09,6680.0083,6331.053
5061,2022-08-10,6706.5938,6896.6816
5062,2022-08-11,6689.0283,7002.168
5063,2022-08-12,6643.9307,7050.8447
5064,2022-08-13,6290.725,6501.6016
5065,2022-08-14,6243.7256,6308.7007
5066,2022-08-15,6681.9087,6894.875
5067,2022-08-16,6707.544,6832.37
5068,2022-08-04,6571.97,6481.2036
5069,2022-08-05,6544.4336,6494.644
5070,2022-08-06,6243.444,6221.2593
5071,2022-08-07,6139.948,6134.0005
5072,2022-08-08,6543.0093,6706.776
5073,2022-08-09,6592.859,6331.053
5074,2022-08-10,6601.878,6896.6816
5075,2022-08-11,6576.7173,7002.168
5076,2022-08-12,6548.234,7050.8447
5077,2022-08-13,6254.3623,6501.6016
5078,2022-08-14,6179.8276,6308.7007
5079,2022-08-15,6613.7495,6894.875
5080,2022-08-16,6671.6694,6832.37
5081,2022-08-17,6665.494,6919.016
5082,2022-08-05,6508.417,6494.644
5083,2022-08-06,6197.928,6221.2593
5084,2022-08-07,6118.6436,6134.0005
5085,2022-08-08,6527.8823,6706.776
5086,2022-08-09,6585.326,6331.053
5087,2022-08-10,6593.398,6896.6816
5088,2022-08-11,6593.398,7002.168
5089,2022-08-12,6545.92,7050.8447
5090,2022-08-13,6228.787,6501.6016
5091,2022-08-14,6175.6143,6308.7007
5092,2022-08-15,6602.4175,6894.875
5093,2022-08-16,6619.9844,6832.37
5094,2022-08-17,6631.852,6919.016
5095,2022-08-18,6649.419,6906.066
5096,2022-08-06,6168.531,6221.2593
5097,2022-08-07,6112.5073,6134.0005
5098,2022-08-08,6554.0337,6706.776
5099,2022-08-09,6592.013,6331.053
5100,2022-08-10,6595.8125,6896.6816
5101,2022-08-11,6604.8325,7002.168
5102,2022-08-12,6559.73,7050.8447
5103,2022-08-13,6229.2993,6501.6016
5104,2022-08-14,6164.7314,6308.7007
5105,2022-08-15,6636.165,6894.875
5106,2022-08-16,6689.814,6832.37
5107,2022-08-17,6700.2607,6919.016
5108,2022-08-18,6697.409,6906.066
5109,2022-08-19,6662.2764,6860.7544
5110,2022-08-07,6093.5957,6134.0005
5111,2022-08-08,6563.1,6706.776
5112,2022-08-09,6611.0483,6331.053
5113,2022-08-10,6623.8677,6896.6816
5114,2022-08-11,6597.756,7002.168
5115,2022-08-12,6558.353,7050.8447
5116,2022-08-13,6231.2676,6501.6016
5117,2022-08-14,6159.107,6308.7007
5118,2022-08-15,6611.522,6894.875
5119,2022-08-16,6639.5327,6832.37
5120,2022-08-17,6652.3506,6919.016
5121,2022-08-18,6644.754,6906.066
5122,2022-08-19,6607.7246,6860.7544
5123,2022-08-20,6309.5967,6497.6953
5124,2022-08-08,6563.256,6706.776
5125,2022-08-09,6614.055,6331.053
5126,2022-08-10,6612.6274,6896.6816
5127,2022-08-11,6610.7295,7002.168
5128,2022-08-12,6549.0127,7050.8447
5129,2022-08-13,6245.1816,6501.6016
5130,2022-08-14,6168.75,6308.7007
5131,2022-08-15,6629.245,6894.875
5132,2022-08-16,6669.121,6832.37
5133,2022-08-17,6670.5464,6919.016
5134,2022-08-18,6646.335,6906.066
5135,2022-08-19,6592.6904,6860.7544
5136,2022-08-20,6300.2524,6497.6953
5137,2022-08-21,6234.2617,6135.005
5138,2022-08-09,6679.295,6331.053
5139,2022-08-10,6675.497,6896.6816
5140,2022-08-11,6651.2773,7002.168
5141,2022-08-12,6602.8423,7050.8447
5142,2022-08-13,6268.5464,6501.6016
5143,2022-08-14,6218.2124,6308.7007
5144,2022-08-15,6684.9917,6894.875
5145,2022-08-16,6702.562,6832.37
5146,2022-08-17,6687.842,6919.016
5147,2022-08-18,6673.5957,6906.066
5148,2022-08-19,6637.982,6860.7544
5149,2022-08-20,6334.076,6497.6953
5150,2022-08-21,6269.495,6135.005
5151,2022-08-22,6738.176,6695.5205
5152,2022-08-10,6488.7344,6896.6816
5153,2022-08-11,6514.3745,7002.168
5154,2022-08-12,6527.197,7050.8447
5155,2022-08-13,6253.686,6501.6016
5156,2022-08-14,6158.243,6308.7007
5157,2022-08-15,6594.1494,6894.875
5158,2022-08-16,6632.1357,6832.37
5159,2022-08-17,6643.0586,6919.016
5160,2022-08-18,6638.3096,6906.066
5161,2022-08-19,6603.6455,6860.7544
5162,2022-08-20,6304.0195,6497.6953
5163,2022-08-21,6222.8223,6135.005
5164,2022-08-22,6676.7725,6695.5205
5165,2022-08-23,6717.1333,6685.1035
5166,2022-08-11,6781.2324,7002.168
5167,2022-08-12,6676.279,7050.8447
5168,2022-08-13,6364.263,6501.6016
5169,2022-08-14,6273.0796,6308.7007
5170,2022-08-15,6695.7495,6894.875
5171,2022-08-16,6738.0156,6832.37
5172,2022-08-17,6729.9443,6919.016
5173,2022-08-18,6739.916,6906.066
5174,2022-08-19,6685.7773,6860.7544
5175,2022-08-20,6399.406,6497.6953
5176,2022-08-21,6292.5513,6135.005
5177,2022-08-22,6724.243,6695.5205
5178,2022-08-23,6775.533,6685.1035
5179,2022-08-24,6779.808,6685.166
5180,2022-08-12,6776.265,7050.8447
5181,2022-08-13,6458.967,6501.6016
5182,2022-08-14,6376.792,6308.7007
5183,2022-08-15,6792.4136,6894.875
5184,2022-08-16,6838.49,6832.37
5185,2022-08-17,6850.3643,6919.016
5186,2022-08-18,6804.7656,6906.066
5187,2022-08-19,6744.915,6860.7544
5188,2022-08-20,6463.717,6497.6953
5189,2022-08-21,6353.9927,6135.005
5190,2022-08-22,6781.965,6695.5205
5191,2022-08-23,6825.1904,6685.1035
5192,2022-08-24,6846.089,6685.166
5193,2022-08-25,6828.0396,6690.763
5194,2022-08-13,6730.1035,6501.6016
5195,2022-08-14,6459.7793,6308.7007
5196,2022-08-15,6603.73,6894.875
5197,2022-08-16,6830.822,6832.37
5198,2022-08-17,6812.2954,6919.016
5199,2022-08-18,6833.198,6906.066
5200,2022-08-19,6792.8154,6860.7544
5201,2022-08-20,6592.328,6497.6953
5202,2022-08-21,6398.9673,6135.005
5203,2022-08-22,6585.2026,6695.5205
5204,2022-08-23,6827.022,6685.1035
5205,2022-08-24,6834.1494,6685.166
5206,2022-08-25,6815.6206,6690.763
5207,2022-08-26,6779.515,6530.3525
5208,2022-08-14,6339.701,6308.7007
5209,2022-08-15,6835.2295,6894.875
5210,2022-08-16,6840.455,6832.37
5211,2022-08-17,6800.0713,6919.016
5212,2022-08-18,6795.7954,6906.066
5213,2022-08-19,6773.942,6860.7544
5214,2022-08-20,6434.2476,6497.6953
5215,2022-08-21,6319.75,6135.005
5216,2022-08-22,6768.716,6695.5205
5217,2022-08-23,6810.049,6685.1035
5218,2022-08-24,6816.226,6685.166
5219,2022-08-25,6811.473,6690.763
5220,2022-08-26,6760.6387,6530.3525
5221,2022-08-27,6428.5454,6197.1304
5222,2022-08-15,6748.638,6894.875
5223,2022-08-16,6808.0273,6832.37
5224,2022-08-17,6777.143,6919.016
5225,2022-08-18,6748.163,6906.066
5226,2022-08-19,6696.3735,6860.7544
5227,2022-08-20,6406.072,6497.6953
5228,2022-08-21,6302.9717,6135.005
5229,2022-08-22,6760.515,6695.5205
5230,2022-08-23,6824.1816,6685.1035
5231,2022-08-24,6811.8276,6685.166
5232,2022-08-25,6824.1826,6690.763
5233,2022-08-26,6752.438,6530.3525
5234,2022-08-27,6442.183,6197.1304
5235,2022-08-28,6333.38,6036.984
5236,2022-08-16,6896.409,6832.37
5237,2022-08-17,6813.714,6919.016
5238,2022-08-18,6814.6646,6906.066
5239,2022-08-19,6779.9727,6860.7544
5240,2022-08-20,6449.672,6497.6953
5241,2022-08-21,6338.459,6135.005
5242,2022-08-22,6796.6035,6695.5205
5243,2022-08-23,6828.9224,6685.1035
5244,2022-08-24,6832.2495,6685.166
5245,2022-08-25,6831.2974,6690.763
5246,2022-08-26,6773.794,6530.3525
5247,2022-08-27,6432.087,6197.1304
5248,2022-08-28,6308.043,6036.984
5249,2022-08-29,6775.2183,6538.454
5250,2022-08-17,6799.17,6919.016
5251,2022-08-18,6794.418,6906.066
5252,2022-08-19,6768.279,6860.7544
5253,2022-08-20,6432.7163,6497.6953
5254,2022-08-21,6303.435,6135.005
5255,2022-08-22,6774.9316,6695.5205
5256,2022-08-23,6807.727,6685.1035
5257,2022-08-24,6805.826,6685.166
5258,2022-08-25,6796.795,6690.763
5259,2022-08-26,6754.4937,6530.3525
5260,2022-08-27,6413.2305,6197.1304
5261,2022-08-28,6289.6523,6036.984
5262,2022-08-29,6760.1987,6538.454
5263,2022-08-30,6814.8555,6561.5044
5264,2022-08-18,6908.412,6906.066
5265,2022-08-19,6878.9414,6860.7544
5266,2022-08-20,6533.353,6497.6953
5267,2022-08-21,6363.6514,6135.005
5268,2022-08-22,6786.246,6695.5205
5269,2022-08-23,6862.304,6685.1035
5270,2022-08-24,6863.73,6685.166
5271,2022-08-25,6847.5684,6690.763
5272,2022-08-26,6816.1934,6530.3525
5273,2022-08-27,6491.5225,6197.1304
5274,2022-08-28,6320.8677,6036.984
5275,2022-08-29,6739.6606,6538.454
5276,2022-08-30,6833.7817,6561.5044
5277,2022-08-31,6817.6187,6660.3345
5278,2022-08-19,6830.0796,6860.7544
5279,2022-08-20,6491.0957,6497.6953
5280,2022-08-21,6336.1055,6135.005
5281,2022-08-22,6791.5693,6695.5205
5282,2022-08-23,6840.0654,6685.1035
5283,2022-08-24,6825.326,6685.166
5284,2022-08-25,6829.605,6690.763
5285,2022-08-26,6785.39,6530.3525
5286,2022-08-27,6454.962,6197.1304
5287,2022-08-28,6298.0693,6036.984
5288,2022-08-29,6726.911,6538.454
5289,2022-08-30,6804.4062,6561.5044
5290,2022-08-31,6798.227,6660.3345
5291,2022-09-01,6765.4214,6696.0244
5292,2022-08-20,7373.2485,6497.6953
5293,2022-08-21,7225.842,6135.005
5294,2022-08-22,6819.757,6695.5205
5295,2022-08-23,6848.763,6685.1035
5296,2022-08-24,6840.2046,6685.166
5297,2022-08-25,6823.5605,6690.763
5298,2022-08-26,6771.73,6530.3525
5299,2022-08-27,6428.4106,6197.1304
5300,2022-08-28,6294.319,6036.984
5301,2022-08-29,6739.872,6538.454
5302,2022-08-30,6771.254,6561.5044
5303,2022-08-31,6778.8623,6660.3345
5304,2022-09-01,6767.4517,6696.0244
5305,2022-09-02,6705.635,6572.655
5306,2022-08-21,6303.041,6135.005
5307,2022-08-22,6797.109,6695.5205
5308,2022-08-23,6865.1074,6685.1035
5309,2022-08-24,6859.4004,6685.166
5310,2022-08-25,6834.2,6690.763
5311,2022-08-26,6792.3545,6530.3525
5312,2022-08-27,6436.1855,6197.1304
5313,2022-08-28,6309.2236,6036.984
5314,2022-08-29,6804.241,6538.454
5315,2022-08-30,6847.5127,6561.5044
5316,2022-08-31,6857.024,6660.3345
5317,2022-09-01,6800.912,6696.0244
5318,2022-09-02,6751.456,6572.655
5319,2022-09-03,6429.0537,6276.3657
5320,2022-08-22,6563.338,6695.5205
5321,2022-08-23,6710.755,6685.1035
5322,2022-08-24,6728.826,6685.166
5323,2022-08-25,6734.5312,6690.763
5324,2022-08-26,6687.93,6530.3525
5325,2022-08-27,6421.63,6197.1304
5326,2022-08-28,6241.4043,6036.984
5327,2022-08-29,6635.1455,6538.454
5328,2022-08-30,6764.4917,6561.5044
5329,2022-08-31,6769.721,6660.3345
5330,2022-09-01,6740.2383,6696.0244
5331,2022-09-02,6676.042,6572.655
5332,2022-09-03,6407.365,6276.3657
5333,2022-09-04,6260.9,6152.961
5334,2022-08-23,6796.993,6685.1035
5335,2022-08-24,6806.506,6685.166
5336,2022-08-25,6789.3823,6690.763
5337,2022-08-26,6763.698,6530.3525
5338,2022-08-27,6436.928,6197.1304
5339,2022-08-28,6275.6836,6036.984
5340,2022-08-29,6748.0015,6538.454
5341,2022-08-30,6778.918,6561.5044
5342,2022-08-31,6787.4795,6660.3345
5343,2022-09-01,6754.6606,6696.0244
5344,2022-09-02,6711.853,6572.655
5345,2022-09-03,6382.2305,6276.3657
5346,2022-09-04,6253.328,6152.961
5347,2022-09-05,6708.9995,6605.1196
5348,2022-08-24,6748.1523,6685.166
5349,2022-08-25,6751.9575,6690.763
5350,2022-08-26,6734.833,6530.3525
5351,2022-08-27,6421.8276,6197.1304
5352,2022-08-28,6273.8887,6036.984
5353,2022-08-29,6707.245,6538.454
5354,2022-08-30,6743.395,6561.5044
5355,2022-08-31,6741.491,6660.3345
5356,2022-09-01,6738.6387,6696.0244
5357,2022-09-02,6691.5454,6572.655
5358,2022-09-03,6398.995,6276.3657
5359,2022-09-04,6259.615,6152.961
5360,2022-09-05,6692.0205,6605.1196
5361,2022-09-06,6721.037,6681.0586
5362,2022-08-25,6730.1313,6690.763
5363,2022-08-26,6706.8213,6530.3525
5364,2022-08-27,6391.412,6197.1304
5365,2022-08-28,6241.084,6036.984
5366,2022-08-29,6698.257,6538.454
5367,2022-08-30,6750.1113,6561.5044
5368,2022-08-31,6745.3545,6660.3345
5369,2022-09-01,6742.025,6696.0244
5370,2022-09-02,6692.55,6572.655
5371,2022-09-03,6374.287,6276.3657
5372,2022-09-04,6264.869,6152.961
5373,2022-09-05,6683.986,6605.1196
5374,2022-09-06,6728.7046,6681.0586
5375,2022-09-07,6722.5195,6638.207
5376,2022-08-26,6687.4346,6530.3525
5377,2022-08-27,6362.007,6197.1304
5378,2022-08-28,6217.373,6036.984
5379,2022-08-29,6673.636,6538.454
5380,2022-08-30,6716.457,6561.5044
5381,2022-08-31,6721.6895,6660.3345
5382,2022-09-01,6708.842,6696.0244
5383,2022-09-02,6665.5483,6572.655
5384,2022-09-03,6362.482,6276.3657
5385,2022-09-04,6237.355,6152.961
5386,2022-09-05,6669.353,6605.1196
5387,2022-09-06,6711.2246,6681.0586
5388,2022-09-07,6706.94,6638.207
5389,2022-09-08,6674.5874,6668.6255
5390,2022-08-27,6228.7563,6197.1304
5391,2022-08-28,6189.2686,6036.984
5392,2022-08-29,6675.503,6538.454
5393,2022-08-30,6711.662,6561.5044
5394,2022-08-31,6705.4756,6660.3345
5395,2022-09-01,6693.105,6696.0244
5396,2022-09-02,6633.636,6572.655
5397,2022-09-03,6298.2183,6276.3657
5398,2022-09-04,6223.524,6152.961
5399,2022-09-05,6691.2017,6605.1196
5400,2022-09-06,6711.663,6681.0586
5401,2022-09-07,6704.525,6638.207
5402,2022-09-08,6664.5586,6668.6255
5403,2022-09-09,6599.379,6614.516
5404,2022-08-28,6115.5083,6036.984
5405,2022-08-29,6618.397,6538.454
5406,2022-08-30,6651.6973,6561.5044
5407,2022-08-31,6664.545,6660.3345
5408,2022-09-01,6657.4067,6696.0244
5409,2022-09-02,6618.87,6572.655
5410,2022-09-03,6283.9307,6276.3657
5411,2022-09-04,6219.2275,6152.961
5412,2022-09-05,6678.8174,6605.1196
5413,2022-09-06,6694.041,6681.0586
5414,2022-09-07,6695.4683,6638.207
5415,2022-09-08,6650.7485,6668.6255
5416,2022-09-09,6606.5024,6614.516
5417,2022-09-10,6308.669,6296.271
5418,2022-08-29,6580.0312,6538.454
5419,2022-08-30,6641.402,6561.5044
5420,2022-08-31,6647.5874,6660.3345
5421,2022-09-01,6631.412,6696.0244
5422,2022-09-02,6579.08,6572.655
5423,2022-09-03,6274.603,6276.3657
5424,2022-09-04,6172.793,6152.961
5425,2022-09-05,6629.9844,6605.1196
5426,2022-09-06,6668.047,6681.0586
5427,2022-09-07,6661.3843,6638.207
5428,2022-09-08,6665.1904,6668.6255
5429,2022-09-09,6612.3823,6614.516
5430,2022-09-10,6300.295,6296.271
5431,2022-09-11,6206.5723,6122.2437
5432,2022-08-30,6633.007,6561.5044
5433,2022-08-31,6640.145,6660.3345
5434,2022-09-01,6639.6675,6696.0244
5435,2022-09-02,6591.6113,6572.655
5436,2022-09-03,6289.937,6276.3657
5437,2022-09-04,6175.7363,6152.961
5438,2022-09-05,6643.0,6605.1196
5439,2022-09-06,6668.2173,6681.0586
5440,2022-09-07,6666.79,6638.207
5441,2022-09-08,6657.75,6668.6255
5442,2022-09-09,6632.053,6614.516
5443,2022-09-10,6307.542,6296.271
5444,2022-09-11,6211.4243,6122.2437
5445,2022-09-12,6669.6455,6661.7607
5446,2022-08-31,6598.5,6660.3345
5447,2022-09-01,6604.687,6696.0244
5448,2022-09-02,6562.335,6572.655
5449,2022-09-03,6275.4004,6276.3657
5450,2022-09-04,6198.3164,6152.961
5451,2022-09-05,6630.857,6605.1196
5452,2022-09-06,6662.263,6681.0586
5453,2022-09-07,6644.179,6638.207
5454,2022-09-08,6658.933,6668.6255
5455,2022-09-09,6630.8574,6614.516
5456,2022-09-10,6315.3745,6296.271
5457,2022-09-11,6233.5293,6122.2437
5458,2022-09-12,6677.013,6661.7607
5459,2022-09-13,6687.958,6690.286
5460,2022-09-01,6682.186,6696.0244
5461,2022-09-02,6635.552,6572.655
5462,2022-09-03,6321.9546,6276.3657
5463,2022-09-04,6210.5996,6152.961
5464,2022-09-05,6658.395,6605.1196
5465,2022-09-06,6688.85,6681.0586
5466,2022-09-07,6681.235,6638.207
5467,2022-09-08,6673.6206,6668.6255
5468,2022-09-09,6620.799,6614.516
5469,2022-09-10,6310.055,6296.271
5470,2022-09-11,6211.073,6122.2437
5471,2022-09-12,6653.159,6661.7607
5472,2022-09-13,6683.139,6690.286
5473,2022-09-14,6689.3223,6598.0693
5474,2022-09-02,6640.2437,6572.655
5475,2022-09-03,6320.4395,6276.3657
5476,2022-09-04,6190.043,6152.961
5477,2022-09-05,6640.244,6605.1196
5478,2022-09-06,6697.8276,6681.0586
5479,2022-09-07,6696.4,6638.207
5480,2022-09-08,6676.8887,6668.6255
5481,2022-09-09,6649.7607,6614.516
5482,2022-09-10,6328.5293,6296.271
5483,2022-09-11,6206.6973,6122.2437
5484,2022-09-12,6654.5205,6661.7607
5485,2022-09-13,6704.014,6690.286
5486,2022-09-14,6708.2974,6598.0693
5487,2022-09-15,6702.112,6655.694
5488,2022-09-03,6225.909,6276.3657
5489,2022-09-04,6127.8726,6152.961
5490,2022-09-05,6588.56,6605.1196
5491,2022-09-06,6598.554,6681.0586
5492,2022-09-07,6614.735,6638.207
5493,2022-09-08,6627.109,6668.6255
5494,2022-09-09,6580.9443,6614.516
5495,2022-09-10,6243.5225,6296.271
5496,2022-09-11,6135.4893,6122.2437
5497,2022-09-12,6615.209,6661.7607
5498,2022-09-13,6649.4746,6690.286
5499,2022-09-14,6657.0913,6598.0693
5500,2022-09-15,6634.2476,6655.694
5501,2022-09-16,6604.264,6783.464
5502,2022-09-04,6120.285,6152.961
5503,2022-09-05,6584.746,6605.1196
5504,2022-09-06,6615.201,6681.0586
5505,2022-09-07,6634.712,6638.207
5506,2022-09-08,6609.0137,6668.6255
5507,2022-09-09,6577.13,6614.516
5508,2022-09-10,6255.4375,6296.271
5509,2022-09-11,6166.9214,6122.2437
5510,2022-09-12,6643.2783,6661.7607
5511,2022-09-13,6672.3057,6690.286
5512,2022-09-14,6673.733,6598.0693
5513,2022-09-15,6672.7817,6655.694
5514,2022-09-16,6641.8506,6783.464
5515,2022-09-17,6326.3433,6437.4614
5516,2022-09-05,6587.439,6605.1196
5517,2022-09-06,6625.5073,6681.0586
5518,2022-09-07,6620.7495,6638.207
5519,2022-09-08,6599.334,6668.6255
5520,2022-09-09,6551.748,6614.516
5521,2022-09-10,6244.3374,6296.271
5522,2022-09-11,6158.2056,6122.2437
5523,2022-09-12,6612.6606,6661.7607
5524,2022-09-13,6663.578,6690.286
5525,2022-09-14,6649.7783,6598.0693
5526,2022-09-15,6642.1636,6655.694
5527,2022-09-16,6596.4814,6783.464
5528,2022-09-17,6270.986,6437.4614
5529,2022-09-18,6175.3374,6100.54
5530,2022-09-06,6641.669,6681.0586
5531,2022-09-07,6626.438,6638.207
5532,2022-09-08,6606.9263,6668.6255
5533,2022-09-09,6577.8945,6614.516
5534,2022-09-10,6252.355,6296.271
5535,2022-09-11,6180.49,6122.2437
5536,2022-09-12,6644.5244,6661.7607
5537,2022-09-13,6673.0796,6690.286
5538,2022-09-14,6687.3594,6598.0693
5539,2022-09-15,6679.744,6655.694
5540,2022-09-16,6639.765,6783.464
5541,2022-09-17,6296.1406,6437.4614
5542,2022-09-18,6181.4404,6100.54
5543,2022-09-19,6660.7056,6544.195
5544,2022-09-07,6647.044,6638.207
5545,2022-09-08,6626.578,6668.6255
5546,2022-09-09,6588.978,6614.516
5547,2022-09-10,6277.235,6296.271
5548,2022-09-11,6196.3237,6122.2437
5549,2022-09-12,6645.139,6661.7607
5550,2022-09-13,6654.1826,6690.286
5551,2022-09-14,6680.3574,6598.0693
5552,2022-09-15,6683.213,6655.694
5553,2022-09-16,6639.9043,6783.464
5554,2022-09-17,6310.074,6437.4614
5555,2022-09-18,6215.84,6100.54
5556,2022-09-19,6676.0757,6544.195
5557,2022-09-20,6706.536,6563.9985
5558,2022-09-08,6595.1055,6668.6255
5559,2022-09-09,6539.4204,6614.516
5560,2022-09-10,6259.09,6296.271
5561,2022-09-11,6156.287,6122.2437
5562,2022-09-12,6627.945,6661.7607
5563,2022-09-13,6659.357,6690.286
5564,2022-09-14,6676.49,6598.0693
5565,2022-09-15,6650.313,6655.694
5566,2022-09-16,6616.9976,6783.464
5567,2022-09-17,6311.9194,6437.4614
5568,2022-09-18,6203.882,6100.54
5569,2022-09-19,6630.801,6544.195
5570,2022-09-20,6682.2017,6563.9985
5571,2022-09-21,6676.4907,6707.543
5572,2022-09-09,6604.1475,6614.516
5573,2022-09-10,6285.741,6296.271
5574,2022-09-11,6178.181,6122.2437
5575,2022-09-12,6650.79,6661.7607
5576,2022-09-13,6666.496,6690.286
5577,2022-09-14,6681.7256,6598.0693
5578,2022-09-15,6675.5376,6655.694
5579,2022-09-16,6611.7637,6783.464
5580,2022-09-17,6293.833,6437.4614
5581,2022-09-18,6210.0674,6100.54
5582,2022-09-19,6656.0254,6544.195
5583,2022-09-20,6676.4907,6563.9985
5584,2022-09-21,6676.0156,6707.543
5585,2022-09-22,6651.741,6599.5947
5586,2022-09-10,6256.8086,6296.271
5587,2022-09-11,6152.1,6122.2437
5588,2022-09-12,6648.043,6661.7607
5589,2022-09-13,6674.2207,6690.286
5590,2022-09-14,6683.739,6598.0693
5591,2022-09-15,6691.3545,6655.694
5592,2022-09-16,6643.759,6783.464
5593,2022-09-17,6296.313,6437.4614
5594,2022-09-18,6181.61,6100.54
5595,2022-09-19,6670.411,6544.195
5596,2022-09-20,6689.9243,6563.9985
5597,2022-09-21,6690.4014,6707.543
5598,2022-09-22,6656.608,6599.5947
5599,2022-09-23,6612.821,6654.368
5600,2022-09-11,6138.3843,6122.2437
5601,2022-09-12,6639.045,6661.7607
5602,2022-09-13,6644.756,6690.286
5603,2022-09-14,6659.034,6598.0693
5604,2022-09-15,6656.6543,6655.694
5605,2022-09-16,6596.213,6783.464
5606,2022-09-17,6260.694,6437.4614
5607,2022-09-18,6178.8345,6100.54
5608,2022-09-19,6628.576,6544.195
5609,2022-09-20,6664.747,6563.9985
5610,2022-09-21,6650.469,6707.543
5611,2022-09-22,6621.439,6599.5947
5612,2022-09-23,6581.4614,6654.368
5613,2022-09-24,6284.9644,6330.1553
5614,2022-09-12,6573.458,6661.7607
5615,2022-09-13,6596.781,6690.286
5616,2022-09-14,6592.0215,6598.0693
5617,2022-09-15,6602.97,6655.694
5618,2022-09-16,6568.7026,6783.464
5619,2022-09-17,6261.728,6437.4614
5620,2022-09-18,6169.875,6100.54
5621,2022-09-19,6609.1562,6544.195
5622,2022-09-20,6614.8667,6563.9985
5623,2022-09-21,6619.15,6707.543
5624,2022-09-22,6607.2524,6599.5947
5625,2022-09-23,6563.9443,6654.368
5626,2022-09-24,6277.91,6330.1553
5627,2022-09-25,6179.3945,6051.0
5628,2022-09-13,6653.0186,6690.286
5629,2022-09-14,6659.207,6598.0693
5630,2022-09-15,6654.4463,6655.694
5631,2022-09-16,6600.6567,6783.464
5632,2022-09-17,6285.047,6437.4614
5633,2022-09-18,6199.837,6100.54
5634,2022-09-19,6647.3057,6544.195
5635,2022-09-20,6672.0576,6563.9985
5636,2022-09-21,6662.5396,6707.543
5637,2022-09-22,6656.8237,6599.5947
5638,2022-09-23,6578.2817,6654.368
5639,2022-09-24,6283.143,6330.1553
5640,2022-09-25,6210.785,6051.0
5641,2022-09-26,6645.8794,6602.634
5642,2022-09-14,6677.755,6598.0693
5643,2022-09-15,6673.469,6655.694
5644,2022-09-16,6628.719,6783.464
5645,2022-09-17,6302.615,6437.4614
5646,2022-09-18,6201.6904,6100.54
5647,2022-09-19,6688.7036,6544.195
5648,2022-09-20,6690.1323,6563.9985
5649,2022-09-21,6688.2285,6707.543
5650,2022-09-22,6677.2773,6599.5947
5651,2022-09-23,6619.6763,6654.368
5652,2022-09-24,6289.286,6330.1553
5653,2022-09-25,6207.88,6051.0
5654,2022-09-26,6672.5195,6602.634
5655,2022-09-27,6708.698,6671.586
5656,2022-09-15,6615.5757,6655.694
5657,2022-09-16,6598.911,6783.464
5658,2022-09-17,6294.698,6437.4614
5659,2022-09-18,6177.584,6100.54
5660,2022-09-19,6645.5684,6544.195
5661,2022-09-20,6675.5586,6563.9985
5662,2022-09-21,6691.2725,6707.543
5663,2022-09-22,6651.7583,6599.5947
5664,2022-09-23,6601.7676,6654.368
5665,2022-09-24,6293.2715,6330.1553
5666,2022-09-25,6187.5806,6051.0
5667,2022-09-26,6630.8086,6602.634
5668,2022-09-27,6665.0854,6671.586
5669,2022-09-28,6674.132,6712.845
5670,2022-09-16,6596.5586,6783.464
5671,2022-09-17,6277.5845,6437.4614
5672,2022-09-18,6149.5215,6100.54
5673,2022-09-19,6634.1714,6544.195
5674,2022-09-20,6674.159,6563.9985
5675,2022-09-21,6657.495,6707.543
5676,2022-09-22,6647.975,6599.5947
5677,2022-09-23,6602.7485,6654.368
5678,2022-09-24,6299.9595,6330.1553
5679,2022-09-25,6181.8936,6051.0
5680,2022-09-26,6617.983,6602.634
5681,2022-09-27,6674.636,6671.586
5682,2022-09-28,6676.54,6712.845
5683,2022-09-29,6654.163,6695.323
5684,2022-09-17,6349.925,6437.4614
5685,2022-09-18,6198.998,6100.54
5686,2022-09-19,6668.9204,6544.195
5687,2022-09-20,6690.823,6563.9985
5688,2022-09-21,6659.8755,6707.543
5689,2022-09-22,6646.0674,6599.5947
5690,2022-09-23,6620.3574,6654.368
5691,2022-09-24,6297.078,6330.1553
5692,2022-09-25,6191.3813,6051.0
5693,2022-09-26,6627.0244,6602.634
5694,2022-09-27,6664.159,6671.586
5695,2022-09-28,6656.542,6712.845
5696,2022-09-29,6632.737,6695.323
5697,2022-09-30,6600.36,6756.9385
5698,2022-09-18,6174.1465,6100.54
5699,2022-09-19,6673.109,6544.195
5700,2022-09-20,6709.2886,6563.9985
5701,2022-09-21,6696.9126,6707.543
5702,2022-09-22,6681.2,6599.5947
5703,2022-09-23,6655.4907,6654.368
5704,2022-09-24,6327.4526,6330.1553
5705,2022-09-25,6192.715,6051.0
5706,2022-09-26,6669.297,6602.634
5707,2022-09-27,6682.1504,6671.586
5708,2022-09-28,6691.6724,6712.845
5709,2022-09-29,6686.9126,6695.323
5710,2022-09-30,6644.0645,6756.9385
5711,2022-10-01,6333.167,6314.0166
5712,2022-09-19,6557.9087,6544.195
5713,2022-09-20,6621.2305,6563.9985
5714,2022-09-21,6616.9463,6707.543
5715,2022-09-22,6592.666,6599.5947
5716,2022-09-23,6569.811,6654.368
5717,2022-09-24,6272.244,6330.1553
5718,2022-09-25,6141.7905,6051.0
5719,2022-09-26,6564.098,6602.634
5720,2022-09-27,6647.417,6671.586
5721,2022-09-28,6664.0796,6712.845
5722,2022-09-29,6673.127,6695.323
5723,2022-09-30,6632.656,6756.9385
5724,2022-10-01,6323.663,6314.0166
5725,2022-10-02,6208.922,6058.759
5726,2022-09-20,6632.7393,6563.9985
5727,2022-09-21,6624.6436,6707.543
5728,2022-09-22,6635.5957,6599.5947
5729,2022-09-23,6600.8345,6654.368
5730,2022-09-24,6294.6504,6330.1553
5731,2022-09-25,6132.2686,6051.0
5732,2022-09-26,6577.9775,6602.634
5733,2022-09-27,6639.881,6671.586
5734,2022-09-28,6650.8325,6712.845
5735,2022-09-29,6634.1675,6695.323
5736,2022-09-30,6603.689,6756.9385
5737,2022-10-01,6323.697,6314.0166
5738,2022-10-02,6188.937,6058.759
5739,2022-10-03,6625.596,6559.828
5740,2022-09-21,6596.071,6707.543
5741,2022-09-22,6589.8774,6599.5947
5742,2022-09-23,6576.5444,6654.368
5743,2022-09-24,6286.5513,6330.1553
5744,2022-09-25,6155.125,6051.0
5745,2022-09-26,6575.116,6602.634
5746,2022-09-27,6620.3525,6671.586
5747,2022-09-28,6634.1626,6712.845
5748,2022-09-29,6634.162,6695.323
5749,2022-09-30,6616.069,6756.9385
5750,2022-10-01,6320.835,6314.0166
5751,2022-10-02,6201.7896,6058.759
5752,2022-10-03,6612.259,6559.828
5753,2022-10-04,6669.8765,6504.0215
5754,2022-09-22,6699.7344,6599.5947
5755,2022-09-23,6679.2563,6654.368
5756,2022-09-24,6400.6743,6330.1553
5757,2022-09-25,6189.2427,6051.0
5758,2022-09-26,6590.2046,6602.634
5759,2022-09-27,6655.4434,6671.586
5760,2022-09-28,6671.1587,6712.845
5761,2022-09-29,6675.445,6695.323
5762,2022-09-30,6655.444,6756.9385
5763,2022-10-01,6380.6743,6314.0166
5764,2022-10-02,6220.67,6058.759
5765,2022-10-03,6619.2524,6559.828
5766,2022-10-04,6688.7793,6504.0215
5767,2022-10-05,6704.969,6498.7183
5768,2022-09-23,6607.8867,6654.368
5769,2022-09-24,6316.4487,6330.1553
5770,2022-09-25,6148.348,6051.0
5771,2022-09-26,6500.264,6602.634
5772,2022-09-27,6606.9336,6671.586
5773,2022-09-28,6633.6025,6712.845
5774,2022-09-29,6637.8887,6695.323
5775,2022-09-30,6593.6,6756.9385
5776,2022-10-01,6348.3545,6314.0166
5777,2022-10-02,6222.636,6058.759
5778,2022-10-03,6579.7896,6559.828
5779,2022-10-04,6661.2217,6504.0215
5780,2022-10-05,6665.9844,6498.7183
5781,2022-10-06,6652.1763,6533.431
5782,2022-09-24,6376.0405,6330.1553
5783,2022-09-25,6169.3623,6051.0
5784,2022-09-26,6514.14,6602.634
5785,2022-09-27,6651.765,6671.586
5786,2022-09-28,6663.195,6712.845
5787,2022-09-29,6646.0513,6695.323
5788,2022-09-30,6617.955,6756.9385
5789,2022-10-01,6362.7056,6314.0166
5790,2022-10-02,6208.89,6058.759
5791,2022-10-03,6553.666,6559.828
5792,2022-10-04,6679.3857,6504.0215
5793,2022-10-05,6684.6235,6498.7183
5794,2022-10-06,6690.8154,6533.431
5795,2022-10-07,6693.6743,6415.063
5796,2022-09-25,6108.953,6051.0
5797,2022-09-26,6583.228,6602.634
5798,2022-09-27,6624.181,6671.586
5799,2022-09-28,6641.801,6712.845
5800,2022-09-29,6635.1333,6695.323
5801,2022-09-30,6612.277,6756.9385
5802,2022-10-01,6287.0444,6314.0166
5803,2022-10-02,6167.0444,6058.759
5804,2022-10-03,6651.7993,6559.828
5805,2022-10-04,6675.609,6504.0215
5806,2022-10-05,6678.9434,6498.7183
5807,2022-10-06,6671.8,6533.431
5808,2022-10-07,6659.8936,6415.063
5809,2022-10-08,6331.33,6169.821
5810,2022-09-26,6479.8887,6602.634
5811,2022-09-27,6578.459,6671.586
5812,2022-09-28,6604.648,6712.845
5813,2022-09-29,6597.0293,6695.323
5814,2022-09-30,6578.459,6756.9385
5815,2022-10-01,6291.7964,6314.0166
5816,2022-10-02,6170.369,6058.759
5817,2022-10-03,6587.0293,6559.828
5818,2022-10-04,6637.98,6504.0215
5819,2022-10-05,6649.409,6498.7183
5820,2022-10-06,6635.1235,6533.431
5821,2022-10-07,6621.3145,6415.063
5822,2022-10-08,6319.891,6169.821
5823,2022-10-09,6174.1787,6043.838
5824,2022-09-27,6657.575,6671.586
5825,2022-09-28,6658.051,6712.845
5826,2022-09-29,6650.9087,6695.323
5827,2022-09-30,6613.759,6756.9385
5828,2022-10-01,6302.285,6314.0166
5829,2022-10-02,6192.2715,6058.759
5830,2022-10-03,6656.6206,6559.828
5831,2022-10-04,6681.8643,6504.0215
5832,2022-10-05,6685.6743,6498.7183
5833,2022-10-06,6684.2456,6533.431
5834,2022-10-07,6639.476,6415.063
5835,2022-10-08,6334.67,6169.821
5836,2022-10-09,6192.2705,6043.838
5837,2022-10-10,6649.9536,6473.5625
5838,2022-09-28,6670.5337,6712.845
5839,2022-09-29,6676.2485,6695.323
5840,2022-09-30,6631.478,6756.9385
5841,2022-10-01,6326.6694,6314.0166
5842,2022-10-02,6209.0337,6058.759
5843,2022-10-03,6676.7256,6559.828
5844,2022-10-04,6692.9194,6504.0215
5845,2022-10-05,6704.3496,6498.7183
5846,2022-10-06,6696.2524,6533.431
5847,2022-10-07,6675.773,6415.063
5848,2022-10-08,6348.5786,6169.821
5849,2022-10-09,6219.511,6043.838
5850,2022-10-10,6661.4844,6473.5625
5851,2022-10-11,6670.535,6594.278
5852,2022-09-29,6681.558,6695.323
5853,2022-09-30,6639.647,6756.9385
5854,2022-10-01,6348.6465,6314.0166
5855,2022-10-02,6190.0483,6058.759
5856,2022-10-03,6648.219,6559.828
5857,2022-10-04,6688.225,6504.0215
5858,2022-10-05,6696.3213,6498.7183
5859,2022-10-06,6705.37,6533.431
5860,2022-10-07,6675.366,6415.063
5861,2022-10-08,6363.8877,6169.821
5862,2022-10-09,6218.148,6043.838
5863,2022-10-10,6629.169,6473.5625
5864,2022-10-11,6680.6045,6594.278
5865,2022-10-12,6694.417,6488.9277
5866,2022-09-30,6644.5986,6756.9385
5867,2022-10-01,6332.6367,6314.0166
5868,2022-10-02,6178.3193,6058.759
5869,2022-10-03,6618.405,6559.828
5870,2022-10-04,6673.177,6504.0215
5871,2022-10-05,6676.987,6498.7183
5872,2022-10-06,6686.511,6533.431
5873,2022-10-07,6634.12,6415.063
5874,2022-10-08,6319.2983,6169.821
5875,2022-10-09,6196.42,6043.838
5876,2022-10-10,6634.5977,6473.5625
5877,2022-10-11,6677.462,6594.278
5878,2022-10-12,6707.4673,6488.9277
5879,2022-10-13,6686.9873,6625.597
5880,2022-10-01,6411.709,6314.0166
5881,2022-10-02,6234.993,6058.759
5882,2022-10-03,6673.2046,6559.828
5883,2022-10-04,6733.2207,6504.0215
5884,2022-10-05,6742.748,6498.7183
5885,2022-10-06,6741.3193,6533.431
5886,2022-10-07,6697.0215,6415.063
5887,2022-10-08,6378.3633,6169.821
5888,2022-10-09,6211.177,6043.838
5889,2022-10-10,6638.9087,6473.5625
5890,2022-10-11,6687.495,6594.278
5891,2022-10-12,6692.7344,6488.9277
5892,2022-10-13,6671.7764,6625.597
5893,2022-10-14,6642.2456,6649.6763
5894,2022-10-02,6142.631,6058.759
5895,2022-10-03,6666.061,6559.828
5896,2022-10-04,6694.1655,6504.0215
5897,2022-10-05,6698.928,6498.7183
5898,2022-10-06,6687.4956,6533.431
5899,2022-10-07,6653.2017,6415.063
5900,2022-10-08,6334.092,6169.821
5901,2022-10-09,6186.447,6043.838
5902,2022-10-10,6676.54,6473.5625
5903,2022-10-11,6683.208,6594.278
5904,2022-10-12,6698.449,6488.9277
5905,2022-10-13,6691.7817,6625.597
5906,2022-10-14,6659.3955,6649.6763
5907,2022-10-15,6330.2817,6342.8145
5908,2022-10-03,6559.6406,6559.828
5909,2022-10-04,6617.2676,6504.0215
5910,2022-10-05,6620.125,6498.7183
5911,2022-10-06,6610.1235,6533.431
5912,2022-10-07,6601.0757,6415.063
5913,2022-10-08,6284.8354,6169.821
5914,2022-10-09,6160.051,6043.838
5915,2022-10-10,6654.4155,6473.5625
5916,2022-10-11,6672.99,6594.278
5917,2022-10-12,6682.0386,6488.9277
5918,2022-10-13,6690.611,6625.597
5919,2022-10-14,6642.985,6649.6763
5920,2022-10-15,6323.413,6342.8145
5921,2022-10-16,6158.147,6093.174
5922,2022-10-04,6654.092,6504.0215
5923,2022-10-05,6676.4795,6498.7183
5924,2022-10-06,6666.475,6533.431
5925,2022-10-07,6619.3154,6415.063
5926,2022-10-08,6289.6855,6169.821
5927,2022-10-09,6172.98,6043.838
5928,2022-10-10,6644.0874,6473.5625
5929,2022-10-11,6669.8096,6594.278
5930,2022-10-12,6691.2437,6488.9277
5931,2022-10-13,6680.7656,6625.597
5932,2022-10-14,6667.906,6649.6763
5933,2022-10-15,6337.7964,6342.8145
5934,2022-10-16,6186.793,6093.174
5935,2022-10-17,6623.1274,6593.1313
5936,2022-10-05,6595.2417,6498.7183
5937,2022-10-06,6602.8623,6533.431
5938,2022-10-07,6581.429,6415.063
5939,2022-10-08,6248.0015,6169.821
5940,2022-10-09,6127.489,6043.838
5941,2022-10-10,6595.244,6473.5625
5942,2022-10-11,6630.49,6594.278
5943,2022-10-12,6647.1636,6488.9277
5944,2022-10-13,6650.975,6625.597
5945,2022-10-14,6636.6816,6649.6763
5946,2022-10-15,6311.3525,6342.8145
5947,2022-10-16,6145.5894,6093.174
5948,2022-10-17,6588.1,6593.1313
5949,2022-10-18,6635.255,6667.147
5950,2022-10-06,6515.5986,6533.431
5951,2022-10-07,6538.46,6415.063
5952,2022-10-08,6241.259,6169.821
5953,2022-10-09,6091.7046,6043.838
5954,2022-10-10,6559.892,6473.5625
5955,2022-10-11,6609.9004,6594.278
5956,2022-10-12,6642.2886,6488.9277
5957,2022-10-13,6638.955,6625.597
5958,2022-10-14,6608.473,6649.6763
5959,2022-10-15,6280.7925,6342.8145
5960,2022-10-16,6140.2856,6093.174
5961,2022-10-17,6537.9824,6593.1313
5962,2022-10-18,6582.753,6667.147
5963,2022-10-19,6612.759,6748.9507
5964,2022-10-07,6542.4736,6415.063
5965,2022-10-08,6227.1816,6169.821
5966,2022-10-09,6083.351,6043.838
5967,2022-10-10,6565.335,6473.5625
5968,2022-10-11,6597.244,6594.278
5969,2022-10-12,6610.1035,6488.9277
5970,2022-10-13,6626.774,6625.597
5971,2022-10-14,6607.245,6649.6763
5972,2022-10-15,6283.3813,6342.8145
5973,2022-10-16,6124.7856,6093.174
5974,2022-10-17,6575.337,6593.1313
5975,2022-10-18,6612.485,6667.147
5976,2022-10-19,6610.1045,6748.9507
5977,2022-10-20,6609.629,6827.74
5978,2022-10-08,6134.1934,6169.821
5979,2022-10-09,6077.515,6043.838
5980,2022-10-10,6545.7163,6473.5625
5981,2022-10-11,6577.627,6594.278
5982,2022-10-12,6586.6777,6488.9277
5983,2022-10-13,6595.2505,6625.597
5984,2022-10-14,6548.0957,6649.6763
5985,2022-10-15,6214.2104,6342.8145
5986,2022-10-16,6108.4736,6093.174
5987,2022-10-17,6539.523,6593.1313
5988,2022-10-18,6565.2437,6667.147
5989,2022-10-19,6581.437,6748.9507
5990,2022-10-20,6568.5767,6827.74
5991,2022-10-21,6533.8066,6615.3354
5992,2022-10-09,6043.794,6043.838
5993,2022-10-10,6533.359,6473.5625
5994,2022-10-11,6578.1245,6594.278
5995,2022-10-12,6580.03,6488.9277
5996,2022-10-13,6587.1733,6625.597
5997,2022-10-14,6584.7925,6649.6763
5998,2022-10-15,6249.5215,6342.8145
5999,2022-10-16,6099.0337,6093.174
6000,2022-10-17,6550.0273,6593.1313
6001,2022-10-18,6581.9346,6667.147
6002,2022-10-19,6591.935,6748.9507
6003,2022-10-20,6576.219,6827.74
6004,2022-10-21,6545.264,6615.3354
6005,2022-10-22,6235.2344,6184.5835
6006,2022-10-10,6522.1006,6473.5625
6007,2022-10-11,6550.674,6594.278
6008,2022-10-12,6556.3887,6488.9277
6009,2022-10-13,6542.578,6625.597
6010,2022-10-14,6517.34,6649.6763
6011,2022-10-15,6195.9033,6342.8145
6012,2022-10-16,6074.4727,6093.174
6013,2022-10-17,6518.7676,6593.1313
6014,2022-10-18,6554.0063,6667.147
6015,2022-10-19,6559.7217,6748.9507
6016,2022-10-20,6571.1533,6827.74
6017,2022-10-21,6521.625,6615.3354
6018,2022-10-22,6228.2856,6184.5835
6019,2022-10-23,6113.045,5907.6646
6020,2022-10-11,6555.1914,6594.278
6021,2022-10-12,6570.4307,6488.9277
6022,2022-10-13,6559.477,6625.597
6023,2022-10-14,6543.285,6649.6763
6024,2022-10-15,6241.817,6342.8145
6025,2022-10-16,6113.705,6093.174
6026,2022-10-17,6537.57,6593.1313
6027,2022-10-18,6571.86,6667.147
6028,2022-10-19,6602.34,6748.9507
6029,2022-10-20,6593.291,6827.74
6030,2022-10-21,6560.9062,6615.3354
6031,2022-10-22,6256.581,6184.5835
6032,2022-10-23,6138.9463,5907.6646
6033,2022-10-24,6570.4307,6002.525
6034,2022-10-12,6581.859,6488.9277
6035,2022-10-13,6597.5757,6625.597
6036,2022-10-14,6589.955,6649.6763
6037,2022-10-15,6283.2495,6342.8145
6038,2022-10-16,6118.465,6093.174
6039,2022-10-17,6549.4736,6593.1313
6040,2022-10-18,6584.7163,6667.147
6041,2022-10-19,6605.672,6748.9507
6042,2022-10-20,6599.0044,6827.74
6043,2022-10-21,6563.761,6615.3354
6044,2022-10-22,6279.4395,6184.5835
6045,2022-10-23,6131.324,5907.6646
6046,2022-10-24,6550.902,6002.525
6047,2022-10-25,6581.8594,6489.485
6048,2022-10-13,6513.009,6625.597
6049,2022-10-14,6514.44,6649.6763
6050,2022-10-15,6245.8213,6342.8145
6051,2022-10-16,6091.5083,6093.174
6052,2022-10-17,6491.5776,6593.1313
6053,2022-10-18,6548.253,6667.147
6054,2022-10-19,6579.213,6748.9507
6055,2022-10-20,6555.8755,6827.74
6056,2022-10-21,6550.6367,6615.3354
6057,2022-10-22,6292.9727,6184.5835
6058,2022-10-23,6155.805,5907.6646
6059,2022-10-24,6573.975,6002.525
6060,2022-10-25,6618.2676,6489.485
6061,2022-10-26,6595.4062,6444.6543
6062,2022-10-14,6597.277,6649.6763
6063,2022-10-15,6272.435,6342.8145
6064,2022-10-16,6115.259,6093.174
6065,2022-10-17,6551.076,6593.1313
6066,2022-10-18,6593.9443,6667.147
6067,2022-10-19,6599.1826,6748.9507
6068,2022-10-20,6591.561,6827.74
6069,2022-10-21,6573.464,6615.3354
6070,2022-10-22,6277.6743,6184.5835
6071,2022-10-23,6129.5454,5907.6646
6072,2022-10-24,6564.888,6002.525
6073,2022-10-25,6614.4243,6489.485
6074,2022-10-26,6596.325,6444.6543
6075,2022-10-27,6581.5596,6531.5986
6076,2022-10-15,6288.45,6342.8145
6077,2022-10-16,6124.115,6093.174
6078,2022-10-17,6559.951,6593.1313
6079,2022-10-18,6581.386,6667.147
6080,2022-10-19,6599.01,6748.9507
6081,2022-10-20,6598.5356,6827.74
6082,2022-10-21,6579.957,6615.3354
6083,2022-10-22,6265.1074,6184.5835
6084,2022-10-23,6126.497,5907.6646
6085,2022-10-24,6541.377,6002.525
6086,2022-10-25,6566.62,6489.485
6087,2022-10-26,6567.572,6444.6543
6088,2022-10-27,6566.1445,6531.5986
6089,2022-10-28,6554.7114,6609.753
6090,2022-10-16,6086.6855,6093.174
6091,2022-10-17,6551.0825,6593.1313
6092,2022-10-18,6601.095,6667.147
6093,2022-10-19,6601.57,6748.9507
6094,2022-10-20,6602.0454,6827.74
6095,2022-10-21,6587.7583,6615.3354
6096,2022-10-22,6286.257,6184.5835
6097,2022-10-23,6126.696,5907.6646
6098,2022-10-24,6577.757,6002.525
6099,2022-10-25,6594.4263,6489.485
6100,2022-10-26,6592.997,6444.6543
6101,2022-10-27,6599.666,6531.5986
6102,2022-10-28,6572.04,6609.753
6103,2022-10-29,6269.5854,6262.985
6104,2022-10-17,6523.0024,6593.1313
6105,2022-10-18,6567.7764,6667.147
6106,2022-10-19,6570.635,6748.9507
6107,2022-10-20,6567.3,6827.74
6108,2022-10-21,6538.245,6615.3354
6109,2022-10-22,6248.178,6184.5835
6110,2022-10-23,6092.9,5907.6646
6111,2022-10-24,6551.107,6002.525
6112,2022-10-25,6599.6895,6489.485
6113,2022-10-26,6611.595,6444.6543
6114,2022-10-27,6619.2163,6531.5986
6115,2022-10-28,6577.305,6609.753
6116,2022-10-29,6259.6074,6262.985
6117,2022-10-30,6128.6226,6117.405
6118,2022-10-18,6607.426,6667.147
6119,2022-10-19,6620.288,6748.9507
6120,2022-10-20,6601.707,6827.74
6121,2022-10-21,6558.835,6615.3354
6122,2022-10-22,6268.7183,6184.5835
6123,2022-10-23,6134.855,5907.6646
6124,2022-10-24,6575.984,6002.525
6125,2022-10-25,6605.5205,6489.485
6126,2022-10-26,6618.382,6444.6543
6127,2022-10-27,6615.523,6531.5986
6128,2022-10-28,6561.216,6609.753
6129,2022-10-29,6261.575,6262.985
6130,2022-10-30,6151.5273,6117.405
6131,2022-10-31,6560.2637,6540.742
6132,2022-10-19,6667.855,6748.9507
6133,2022-10-20,6657.3735,6827.74
6134,2022-10-21,6616.404,6615.3354
6135,2022-10-22,6320.0967,6184.5835
6136,2022-10-23,6163.845,5907.6646
6137,2022-10-24,6601.6367,6002.525
6138,2022-10-25,6630.695,6489.485
6139,2022-10-26,6616.8794,6444.6543
6140,2022-10-27,6615.4526,6531.5986
6141,2022-10-28,6580.676,6609.753
6142,2022-10-29,6279.6035,6262.985
6143,2022-10-30,6152.41,6117.405
6144,2022-10-31,6578.2944,6540.742
6145,2022-11-01,6620.6934,6571.828
6146,2022-10-20,6706.78,6827.74
6147,2022-10-21,6683.9155,6615.3354
6148,2022-10-22,6374.7524,6184.5835
6149,2022-10-23,6176.5825,5907.6646
6150,2022-10-24,6612.4595,6002.525
6151,2022-10-25,6665.3364,6489.485
6152,2022-10-26,6682.486,6444.6543
6153,2022-10-27,6695.826,6531.5986
6154,2022-10-28,6672.957,6609.753
6155,2022-10-29,6384.755,6262.985
6156,2022-10-30,6203.2593,6117.405
6157,2022-10-31,6626.2754,6540.742
6158,2022-11-01,6676.2944,6571.828
6159,2022-11-02,6677.246,6617.0713
6160,2022-10-21,6749.619,6615.3354
6161,2022-10-22,6422.31,6184.5835
6162,2022-10-23,6206.963,5907.6646
6163,2022-10-24,6617.172,6002.525
6164,2022-10-25,6689.114,6489.485
6165,2022-10-26,6691.4956,6444.6543
6166,2022-10-27,6685.302,6531.5986
6167,2022-10-28,6643.377,6609.753
6168,2022-10-29,6339.413,6262.985
6169,2022-10-30,6183.1426,6117.405
6170,2022-10-31,6609.0723,6540.742
6171,2022-11-01,6668.1494,6571.828
6172,2022-11-02,6669.103,6617.0713
6173,2022-11-03,6690.541,6581.3594
6174,2022-10-22,6281.5825,6184.5835
6175,2022-10-23,6128.178,5907.6646
6176,2022-10-24,6591.2563,6002.525
6177,2022-10-25,6641.28,6489.485
6178,2022-10-26,6645.092,6444.6543
6179,2022-10-27,6654.1426,6531.5986
6180,2022-10-28,6601.2593,6609.753
6181,2022-10-29,6279.2007,6262.985
6182,2022-10-30,6128.6533,6117.405
6183,2022-10-31,6584.5845,6540.742
6184,2022-11-01,6632.228,6571.828
6185,2022-11-02,6652.2373,6617.0713
6186,2022-11-03,6661.765,6581.3594
6187,2022-11-04,6622.223,6627.7446
6188,2022-10-23,6069.1567,5907.6646
6189,2022-10-24,6552.176,6002.525
6190,2022-10-25,6585.5225,6489.485
6191,2022-10-26,6590.7617,6444.6543
6192,2022-10-27,6607.9106,6531.5986
6193,2022-10-28,6570.2773,6609.753
6194,2022-10-29,6250.648,6262.985
6195,2022-10-30,6109.649,6117.405
6196,2022-10-31,6556.9414,6540.742
6197,2022-11-01,6597.9067,6571.828
6198,2022-11-02,6611.2456,6617.0713
6199,2022-11-03,6605.0527,6581.3594
6200,2022-11-04,6573.1367,6627.7446
6201,2022-11-05,6240.643,6096.711
6202,2022-10-24,6436.658,6002.525
6203,2022-10-25,6527.6313,6489.485
6204,2022-10-26,6535.2524,6444.6543
6205,2022-10-27,6538.108,6531.5986
6206,2022-10-28,6501.911,6609.753
6207,2022-10-29,6208.9883,6262.985
6208,2022-10-30,6064.669,6117.405
6209,2022-10-31,6521.9136,6540.742
6210,2022-11-01,6587.6426,6571.828
6211,2022-11-02,6592.406,6617.0713
6212,2022-11-03,6595.74,6581.3594
6213,2022-11-04,6560.018,6627.7446
6214,2022-11-05,6258.524,6096.711
6215,2022-11-06,6116.108,5948.134
6216,2022-10-25,6432.536,6489.485
6217,2022-10-26,6509.692,6444.6543
6218,2022-10-27,6525.409,6531.5986
6219,2022-10-28,6512.551,6609.753
6220,2022-10-29,6332.042,6262.985
6221,2022-10-30,6093.427,6117.405
6222,2022-10-31,6338.2324,6540.742
6223,2022-11-01,6546.3643,6571.828
6224,2022-11-02,6580.179,6617.0713
6225,2022-11-03,6583.037,6581.3594
6226,2022-11-04,6559.7,6627.7446
6227,2022-11-05,6350.615,6096.711
6228,2022-11-06,6137.246,5948.134
6229,2022-11-07,6361.0933,6454.57
6230,2022-10-26,6599.8677,6444.6543
6231,2022-10-27,6610.3457,6531.5986
6232,2022-10-28,6588.438,6609.753
6233,2022-10-29,6358.411,6262.985
6234,2022-10-30,6111.7144,6117.405
6235,2022-10-31,6373.174,6540.742
6236,2022-11-01,6574.627,6571.828
6237,2022-11-02,6597.0107,6617.0713
6238,2022-11-03,6607.4873,6581.3594
6239,2022-11-04,6593.677,6627.7446
6240,2022-11-05,6366.9824,6096.711
6241,2022-11-06,6153.148,5948.134
6242,2022-11-07,6414.1313,6454.57
6243,2022-11-08,6603.6777,6529.7163
6244,2022-10-27,6490.3545,6531.5986
6245,2022-10-28,6504.639,6609.753
6246,2022-10-29,6342.2505,6262.985
6247,2022-10-30,6105.092,6117.405
6248,2022-10-31,6273.6733,6540.742
6249,2022-11-01,6532.7363,6571.828
6250,2022-11-02,6544.1646,6617.0713
6251,2022-11-03,6553.69,6581.3594
6252,2022-11-04,6548.9287,6627.7446
6253,2022-11-05,6394.6333,6096.711
6254,2022-11-06,6153.1914,5948.134
6255,2022-11-07,6298.913,6454.57
6256,2022-11-08,6573.216,6529.7163
6257,2022-11-09,6581.787,6520.0156
6258,2022-10-28,6555.781,6609.753
6259,2022-10-29,6484.826,6262.985
6260,2022-10-30,6189.1123,6117.405
6261,2022-10-31,6108.634,6540.742
6262,2022-11-01,6549.5894,6571.828
6263,2022-11-02,6594.828,6617.0713
6264,2022-11-03,6615.305,6581.3594
6265,2022-11-04,6615.3037,6627.7446
6266,2022-11-05,6547.209,6096.711
6267,2022-11-06,6245.7773,5948.134
6268,2022-11-07,6143.398,6454.57
6269,2022-11-08,6570.5425,6529.7163
6270,2022-11-09,6618.638,6520.0156
6271,2022-11-10,6612.448,6521.867
6272,2022-10-29,6469.306,6262.985
6273,2022-10-30,6169.312,6117.405
6274,2022-10-31,6231.2163,6540.742
6275,2022-11-01,6567.397,6571.828
6276,2022-11-02,6586.4414,6617.0713
6277,2022-11-03,6607.3936,6581.3594
6278,2022-11-04,6599.777,6627.7446
6279,2022-11-05,6447.3994,6096.711
6280,2022-11-06,6175.027,5948.134
6281,2022-11-07,6230.739,6454.57
6282,2022-11-08,6536.9204,6529.7163
6283,2022-11-09,6579.302,6520.0156
6284,2022-11-10,6574.061,6521.867
6285,2022-11-11,6576.444,6541.366
6286,2022-10-30,6026.8936,6117.405
6287,2022-10-31,6480.1367,6540.742
6288,2022-11-01,6556.312,6571.828
6289,2022-11-02,6562.4995,6617.0713
6290,2022-11-03,6571.547,6581.3594
6291,2022-11-04,6546.3125,6627.7446
6292,2022-11-05,6232.565,6096.711
6293,2022-11-06,6087.3564,5948.134
6294,2022-11-07,6523.937,6454.57
6295,2022-11-08,6585.8286,6529.7163
6296,2022-11-09,6602.016,6520.0156
6297,2022-11-10,6573.928,6521.867
6298,2022-11-11,6543.459,6541.366
6299,2022-11-12,6212.5713,6196.548
6300,2022-10-31,6459.563,6540.742
6301,2022-11-01,6549.0596,6571.828
6302,2022-11-02,6552.871,6617.0713
6303,2022-11-03,6557.63,6581.3594
6304,2022-11-04,6533.8257,6627.7446
6305,2022-11-05,6267.713,6096.711
6306,2022-11-06,6096.3345,5948.134
6307,2022-11-07,6483.365,6454.57
6308,2022-11-08,6582.384,6529.7163
6309,2022-11-09,6599.0464,6520.0156
6310,2022-11-10,6596.665,6521.867
6311,2022-11-11,6550.965,6541.366
6312,2022-11-12,6269.6187,6196.548
6313,2022-11-13,6120.6133,6011.5566
6314,2022-11-01,6586.8154,6571.828
6315,2022-11-02,6594.4326,6617.0713
6316,2022-11-03,6617.761,6581.3594
6317,2022-11-04,6577.293,6627.7446
6318,2022-11-05,6238.314,6096.711
6319,2022-11-06,6090.723,5948.134
6320,2022-11-07,6535.8735,6454.57
6321,2022-11-08,6597.766,6529.7163
6322,2022-11-09,6606.335,6520.0156
6323,2022-11-10,6600.1455,6521.867
6324,2022-11-11,6566.819,6541.366
6325,2022-11-12,6248.7856,6196.548
6326,2022-11-13,6113.0996,6011.5566
6327,2022-11-14,6551.109,6542.3687
6328,2022-11-02,6573.6465,6617.0713
6329,2022-11-03,6568.886,6581.3594
6330,2022-11-04,6539.846,6627.7446
6331,2022-11-05,6251.3457,6096.711
6332,2022-11-06,6109.9473,5948.134
6333,2022-11-07,6514.6133,6454.57
6334,2022-11-08,6588.405,6529.7163
6335,2022-11-09,6617.4443,6520.0156
6336,2022-11-10,6621.256,6521.867
6337,2022-11-11,6579.361,6541.366
6338,2022-11-12,6268.0063,6196.548
6339,2022-11-13,6120.4214,6011.5566
6340,2022-11-14,6513.1836,6542.3687
6341,2022-11-15,6566.9805,6616.1646
6342,2022-11-03,6624.014,6581.3594
6343,2022-11-04,6576.4087,6627.7446
6344,2022-11-05,6262.2026,6096.711
6345,2022-11-06,6098.9126,5948.134
6346,2022-11-07,6541.6543,6454.57
6347,2022-11-08,6593.07,6529.7163
6348,2022-11-09,6613.5405,6520.0156
6349,2022-11-10,6626.393,6521.867
6350,2022-11-11,6563.554,6541.366
6351,2022-11-12,6253.1587,6196.548
6352,2022-11-13,6107.96,6011.5566
6353,2022-11-14,6519.2812,6542.3687
6354,2022-11-15,6577.837,6616.1646
6355,2022-11-16,6588.31,6667.4526
6356,2022-11-04,6560.938,6627.7446
6357,2022-11-05,6244.365,6096.711
6358,2022-11-06,6069.6543,5948.134
6359,2022-11-07,6487.1504,6454.57
6360,2022-11-08,6562.366,6529.7163
6361,2022-11-09,6567.125,6520.0156
6362,2022-11-10,6568.0796,6521.867
6363,2022-11-11,6525.708,6541.366
6364,2022-11-12,6224.369,6196.548
6365,2022-11-13,6095.3623,6011.5566
6366,2022-11-14,6489.529,6542.3687
6367,2022-11-15,6549.99,6616.1646
6368,2022-11-16,6571.411,6667.4526
6369,2022-11-17,6540.945,6627.141
6370,2022-11-05,6281.931,6096.711
6371,2022-11-06,6110.08,5948.134
6372,2022-11-07,6536.142,6454.57
6373,2022-11-08,6590.41,6529.7163
6374,2022-11-09,6597.55,6520.0156
6375,2022-11-10,6581.3677,6521.867
6376,2022-11-11,6539.949,6541.366
6377,2022-11-12,6204.3354,6196.548
6378,2022-11-13,6066.2827,6011.5566
6379,2022-11-14,6478.5386,6542.3687
6380,2022-11-15,6553.2793,6616.1646
6381,2022-11-16,6560.418,6667.4526
6382,2022-11-17,6549.946,6627.141
6383,2022-11-18,6505.1973,6704.058
6384,2022-11-06,6005.3965,5948.134
6385,2022-11-07,6499.458,6454.57
6386,2022-11-08,6552.2896,6529.7163
6387,2022-11-09,6568.473,6520.0156
6388,2022-11-10,6555.1465,6521.867
6389,2022-11-11,6511.3564,6541.366
6390,2022-11-12,6154.8506,6196.548
6391,2022-11-13,6066.7944,6011.5566
6392,2022-11-14,6506.1226,6542.3687
6393,2022-11-15,6550.3857,6616.1646
6394,2022-11-16,6552.292,6667.4526
6395,2022-11-17,6552.2905,6627.141
6396,2022-11-18,6521.8276,6704.058
6397,2022-11-19,6198.165,6219.927
6398,2022-11-07,6468.128,6454.57
6399,2022-11-08,6517.623,6529.7163
6400,2022-11-09,6539.9893,6520.0156
6401,2022-11-10,6543.323,6521.867
6402,2022-11-11,6489.544,6541.366
6403,2022-11-12,6150.2207,6196.548
6404,2022-11-13,6039.3325,6011.5566
6405,2022-11-14,6506.2,6542.3687
6406,2022-11-15,6548.081,6616.1646
6407,2022-11-16,6571.4014,6667.4526
6408,2022-11-17,6572.828,6627.141
6409,2022-11-18,6516.196,6704.058
6410,2022-11-19,6181.631,6219.927
6411,2022-11-20,6084.0684,6089.8613
6412,2022-11-08,6562.45,6529.7163
6413,2022-11-09,6589.1035,6520.0156
6414,2022-11-10,6588.6274,6521.867
6415,2022-11-11,6550.0757,6541.366
6416,2022-11-12,6212.627,6196.548
6417,2022-11-13,6070.321,6011.5566
6418,2022-11-14,6525.328,6542.3687
6419,2022-11-15,6573.3994,6616.1646
6420,2022-11-16,6592.436,6667.4526
6421,2022-11-17,6595.2925,6627.141
6422,2022-11-18,6565.308,6704.058
6423,2022-11-19,6219.766,6219.927
6424,2022-11-20,6091.26,6089.8613
6425,2022-11-21,6537.227,6707.4023
6426,2022-11-09,6548.39,6520.0156
6427,2022-11-10,6549.3413,6521.867
6428,2022-11-11,6530.303,6541.366
6429,2022-11-12,6207.142,6196.548
6430,2022-11-13,6073.88,6011.5566
6431,2022-11-14,6543.6294,6542.3687
6432,2022-11-15,6574.089,6616.1646
6433,2022-11-16,6592.175,6667.4526
6434,2022-11-17,6586.9395,6627.141
6435,2022-11-18,6532.2056,6704.058
6436,2022-11-19,6188.5806,6219.927
6437,2022-11-20,6081.496,6089.8613
6438,2022-11-21,6533.635,6707.4023
6439,2022-11-22,6577.8965,6892.1484
6440,2022-11-10,6549.639,6521.867
6441,2022-11-11,6539.168,6541.366
6442,2022-11-12,6218.873,6196.548
6443,2022-11-13,6055.635,6011.5566
6444,2022-11-14,6510.1357,6542.3687
6445,2022-11-15,6548.2114,6616.1646
6446,2022-11-16,6578.6694,6667.4526
6447,2022-11-17,6577.719,6627.141
6448,2022-11-18,6534.886,6704.058
6449,2022-11-19,6191.2715,6219.927
6450,2022-11-20,6061.822,6089.8613
6451,2022-11-21,6507.757,6707.4023
6452,2022-11-22,6547.735,6892.1484
6453,2022-11-23,6534.8857,6729.9565
6454,2022-11-11,6524.3955,6541.366
6455,2022-11-12,6176.4976,6196.548
6456,2022-11-13,6019.9175,6011.5566
6457,2022-11-14,6465.3843,6542.3687
6458,2022-11-15,6534.8657,6616.1646
6459,2022-11-16,6538.6724,6667.4526
6460,2022-11-17,6533.4375,6627.141
6461,2022-11-18,6508.6895,6704.058
6462,2022-11-19,6185.5405,6219.927
6463,2022-11-20,6053.709,6089.8613
6464,2022-11-21,6465.3813,6707.4023
6465,2022-11-22,6513.4507,6892.1484
6466,2022-11-23,6537.2437,6729.9565
6467,2022-11-24,6536.7686,6800.706
6468,2022-11-12,6182.0464,6196.548
6469,2022-11-13,6061.1646,6011.5566
6470,2022-11-14,6504.2324,6542.3687
6471,2022-11-15,6565.6245,6616.1646
6472,2022-11-16,6575.62,6667.4526
6473,2022-11-17,6582.76,6627.141
6474,2022-11-18,6548.016,6704.058
6475,2022-11-19,6176.3354,6219.927
6476,2022-11-20,6053.55,6089.8613
6477,2022-11-21,6489.957,6707.4023
6478,2022-11-22,6554.203,6892.1484
6479,2022-11-23,6571.8105,6729.9565
6480,2022-11-24,6566.1,6800.706
6481,2022-11-25,6532.3105,6701.8877
6482,2022-11-13,5997.922,6011.5566
6483,2022-11-14,6493.7827,6542.3687
6484,2022-11-15,6539.467,6616.1646
6485,2022-11-16,6549.4595,6667.4526
6486,2022-11-17,6546.1294,6627.141
6487,2022-11-18,6497.587,6704.058
6488,2022-11-19,6154.0093,6219.927
6489,2022-11-20,6047.41,6089.8613
6490,2022-11-21,6494.734,6707.4023
6491,2022-11-22,6525.187,6892.1484
6492,2022-11-23,6548.9824,6729.9565
6493,2022-11-24,6545.652,6800.706
6494,2022-11-25,6506.154,6701.8877
6495,2022-11-26,6180.6562,6441.3516
6496,2022-11-14,6467.845,6542.3687
6497,2022-11-15,6524.4727,6616.1646
6498,2022-11-16,6535.892,6667.4526
6499,2022-11-17,6537.32,6627.141
6500,2022-11-18,6506.8657,6704.058
6501,2022-11-19,6166.6294,6219.927
6502,2022-11-20,6015.305,6089.8613
6503,2022-11-21,6491.1626,6707.4023
6504,2022-11-22,6532.561,6892.1484
6505,2022-11-23,6543.03,6729.9565
6506,2022-11-24,6538.7485,6800.706
6507,2022-11-25,6510.6743,6701.8877
6508,2022-11-26,6186.6133,6441.3516
6509,2022-11-27,6059.5566,6125.7915
6510,2022-11-15,6566.0923,6616.1646
6511,2022-11-16,6565.6157,6667.4526
6512,2022-11-17,6567.0425,6627.141
6513,2022-11-18,6550.385,6704.058
6514,2022-11-19,6210.562,6219.927
6515,2022-11-20,6071.588,6089.8613
6516,2022-11-21,6546.101,6707.4023
6517,2022-11-22,6560.381,6892.1484
6518,2022-11-23,6567.043,6729.9565
6519,2022-11-24,6572.279,6800.706
6520,2022-11-25,6544.198,6701.8877
6521,2022-11-26,6209.136,6441.3516
6522,2022-11-27,6073.969,6125.7915
6523,2022-11-28,6531.3477,6594.6416
6524,2022-11-16,6605.3413,6667.4526
6525,2022-11-17,6593.918,6627.141
6526,2022-11-18,6576.7827,6704.058
6527,2022-11-19,6242.662,6219.927
6528,2022-11-20,6079.4067,6089.8613
6529,2022-11-21,6516.3374,6707.4023
6530,2022-11-22,6570.5967,6892.1484
6531,2022-11-23,6572.977,6729.9565
6532,2022-11-24,6589.6343,6800.706
6533,2022-11-25,6569.169,6701.8877
6534,2022-11-26,6241.7104,6441.3516
6535,2022-11-27,6100.826,6125.7915
6536,2022-11-28,6533.947,6594.6416
6537,2022-11-29,6565.8354,6595.9434
6538,2022-11-17,6615.998,6627.141
6539,2022-11-18,6582.2036,6704.058
6540,2022-11-19,6244.739,6219.927
6541,2022-11-20,6066.728,6089.8613
6542,2022-11-21,6531.275,6707.4023
6543,2022-11-22,6564.594,6892.1484
6544,2022-11-23,6581.254,6729.9565
6545,2022-11-24,6580.777,6800.706
6546,2022-11-25,6562.214,6701.8877
6547,2022-11-26,6229.0312,6441.3516
6548,2022-11-27,6086.7183,6125.7915
6549,2022-11-28,6547.4575,6594.6416
6550,2022-11-29,6591.723,6595.9434
6551,2022-11-30,6609.3345,6582.043
6552,2022-11-18,6565.6514,6704.058
6553,2022-11-19,6229.132,6219.927
6554,2022-11-20,6054.449,6089.8613
6555,2022-11-21,6475.69,6707.4023
6556,2022-11-22,6547.088,6892.1484
6557,2022-11-23,6556.129,6729.9565
6558,2022-11-24,6556.132,6800.706
6559,2022-11-25,6514.244,6701.8877
6560,2022-11-26,6200.098,6441.3516
6561,2022-11-27,6066.3506,6125.7915
6562,2022-11-28,6514.721,6594.6416
6563,2022-11-29,6558.9873,6595.9434
6564,2022-11-30,6572.3125,6582.043
6565,2022-12-01,6574.2183,6516.2476
6566,2022-11-19,6298.187,6219.927
6567,2022-11-20,6105.89,6089.8613
6568,2022-11-21,6530.9434,6707.4023
6569,2022-11-22,6582.3477,6892.1484
6570,2022-11-23,6594.723,6729.9565
6571,2022-11-24,6587.1094,6800.706
6572,2022-11-25,6569.498,6701.8877
6573,2022-11-26,6234.88,6441.3516
6574,2022-11-27,6099.7056,6125.7915
6575,2022-11-28,6526.658,6594.6416
6576,2022-11-29,6581.871,6595.9434
6577,2022-11-30,6580.9204,6582.043
6578,2022-12-01,6585.2036,6516.2476
6579,2022-12-02,6546.175,6423.5996
6580,2022-11-20,6023.7485,6089.8613
6581,2022-11-21,6530.603,6707.4023
6582,2022-11-22,6567.25,6892.1484
6583,2022-11-23,6559.158,6729.9565
6584,2022-11-24,6563.918,6800.706
6585,2022-11-25,6534.8857,6701.8877
6586,2022-11-26,6194.605,6441.3516
6587,2022-11-27,6068.0093,6125.7915
6588,2022-11-28,6522.035,6594.6416
6589,2022-11-29,6562.013,6595.9434
6590,2022-11-30,6591.996,6582.043
6591,2022-12-01,6590.57,6516.2476
6592,2022-12-02,6558.207,6423.5996
6593,2022-12-03,6220.78,6112.821
6594,2022-11-21,6516.511,6707.4023
6595,2022-11-22,6554.583,6892.1484
6596,2022-11-23,6568.8594,6729.9565
6597,2022-11-24,6553.631,6800.706
6598,2022-11-25,6496.0464,6701.8877
6599,2022-11-26,6174.339,6441.3516
6600,2022-11-27,6070.591,6125.7915
6601,2022-11-28,6505.5645,6594.6416
6602,2022-11-29,6572.1914,6595.9434
6603,2022-11-30,6585.0405,6582.043
6604,2022-12-01,6582.662,6516.2476
6605,2022-12-02,6536.4985,6423.5996
6606,2022-12-03,6210.9814,6112.821
6607,2022-12-04,6081.536,6017.0815
6608,2022-11-22,6660.155,6892.1484
6609,2022-11-23,6661.583,6729.9565
6610,2022-11-24,6635.881,6800.706
6611,2022-11-25,6581.136,6701.8877
6612,2022-11-26,6226.045,6441.3516
6613,2022-11-27,6101.3345,6125.7915
6614,2022-11-28,6557.339,6594.6416
6615,2022-11-29,6600.177,6595.9434
6616,2022-11-30,6623.027,6582.043
6617,2022-12-01,6629.69,6516.2476
6618,2022-12-02,6590.6587,6423.5996
6619,2022-12-03,6246.037,6112.821
6620,2022-12-04,6127.516,6017.0815
6621,2022-12-05,6569.717,6495.0215
6622,2022-11-23,6819.277,6729.9565
6623,2022-11-24,6790.7144,6800.706
6624,2022-11-25,6736.922,6701.8877
6625,2022-11-26,6362.754,6441.3516
6626,2022-11-27,6172.337,6125.7915
6627,2022-11-28,6626.4785,6594.6416
6628,2022-11-29,6669.3257,6595.9434
6629,2022-11-30,6665.5176,6582.043
6630,2022-12-01,6663.6123,6516.2476
6631,2022-12-02,6626.956,6423.5996
6632,2022-12-03,6287.5396,6112.821
6633,2022-12-04,6144.727,6017.0815
6634,2022-12-05,6591.728,6495.0215
6635,2022-12-06,6628.86,6500.2812
6636,2022-11-24,6672.485,6800.706
6637,2022-11-25,6648.6816,6701.8877
6638,2022-11-26,6299.2505,6441.3516
6639,2022-11-27,6100.2573,6125.7915
6640,2022-11-28,6578.2236,6594.6416
6641,2022-11-29,6636.7793,6595.9434
6642,2022-11-30,6629.161,6582.043
6643,2022-12-01,6628.2114,6516.2476
6644,2022-12-02,6608.6924,6423.5996
6645,2022-12-03,6275.925,6112.821
6646,2022-12-04,6113.5874,6017.0815
6647,2022-12-05,6561.563,6495.0215
6648,2022-12-06,6612.5005,6500.2812
6649,2022-12-07,6613.4526,6567.2314
6650,2022-11-25,6725.399,6701.8877
6651,2022-11-26,6342.6094,6441.3516
6652,2022-11-27,6148.8394,6125.7915
6653,2022-11-28,6616.368,6594.6416
6654,2022-11-29,6667.312,6595.9434
6655,2022-11-30,6668.7407,6582.043
6656,2022-12-01,6678.74,6516.2476
6657,2022-12-02,6628.748,6423.5996
6658,2022-12-03,6273.5757,6112.821
6659,2022-12-04,6132.65,6017.0815
6660,2022-12-05,6567.3306,6495.0215
6661,2022-12-06,6625.891,6500.2812
6662,2022-12-07,6641.1265,6567.2314
6663,2022-12-08,6620.6543,6547.2847
6664,2022-11-26,6294.1523,6441.3516
6665,2022-11-27,6122.75,6125.7915
6666,2022-11-28,6581.7188,6594.6416
6667,2022-11-29,6615.997,6595.9434
6668,2022-11-30,6629.3267,6582.043
6669,2022-12-01,6616.951,6516.2476
6670,2022-12-02,6576.007,6423.5996
6671,2022-12-03,6224.162,6112.821
6672,2022-12-04,6092.28,6017.0815
6673,2022-12-05,6537.9175,6495.0215
6674,2022-12-06,6584.574,6500.2812
6675,2022-12-07,6594.573,6567.2314
6676,2022-12-08,6587.43,6547.2847
6677,2022-12-09,6539.3433,6409.413
6678,2022-11-27,6172.81,6125.7915
6679,2022-11-28,6656.5015,6594.6416
6680,2022-11-29,6694.1133,6595.9434
6681,2022-11-30,6690.7783,6582.043
6682,2022-12-01,6686.97,6516.2476
6683,2022-12-02,6657.455,6423.5996
6684,2022-12-03,6293.733,6112.821
6685,2022-12-04,6141.3867,6017.0815
6686,2022-12-05,6604.6113,6495.0215
6687,2022-12-06,6653.6465,6500.2812
6688,2022-12-07,6653.645,6567.2314
6689,2022-12-08,6643.1733,6547.2847
6690,2022-12-09,6597.4707,6409.413
6691,2022-12-10,6242.7925,6079.926
6692,2022-11-28,6554.766,6594.6416
6693,2022-11-29,6632.3623,6595.9434
6694,2022-11-30,6632.8374,6582.043
6695,2022-12-01,6638.551,6516.2476
6696,2022-12-02,6599.9893,6423.5996
6697,2022-12-03,6268.6587,6112.821
6698,2022-12-04,6103.946,6017.0815
6699,2022-12-05,6548.5767,6495.0215
6700,2022-12-06,6619.0327,6500.2812
6701,2022-12-07,6643.312,6567.2314
6702,2022-12-08,6639.0273,6547.2847
6703,2022-12-09,6593.804,6409.413
6704,2022-12-10,6287.226,6079.926
6705,2022-12-11,6133.458,5893.915
6706,2022-11-29,6694.105,6595.9434
6707,2022-11-30,6701.248,6582.043
6708,2022-12-01,6685.06,6516.2476
6709,2022-12-02,6626.97,6423.5996
6710,2022-12-03,6276.054,6112.821
6711,2022-12-04,6116.5454,6017.0815
6712,2022-12-05,6568.884,6495.0215
6713,2022-12-06,6641.2544,6500.2812
6714,2022-12-07,6637.924,6567.2314
6715,2022-12-08,6629.8286,6547.2847
6716,2022-12-09,6574.1206,6409.413
6717,2022-12-10,6248.4375,6079.926
6718,2022-12-11,6112.7383,5893.915
6719,2022-12-12,6571.2637,6329.459
6720,2022-11-30,6651.967,6582.043
6721,2022-12-01,6648.1567,6516.2476
6722,2022-12-02,6609.112,6423.5996
6723,2022-12-03,6279.6074,6112.821
6724,2022-12-04,6102.953,6017.0815
6725,2022-12-05,6561.971,6495.0215
6726,2022-12-06,6623.871,6500.2812
6727,2022-12-07,6644.823,6567.2314
6728,2022-12-08,6638.6343,6547.2847
6729,2022-12-09,6603.8726,6409.413
6730,2022-12-10,6263.8945,6079.926
6731,2022-12-11,6126.76,5893.915
6732,2022-12-12,6573.8765,6329.459
6733,2022-12-13,6621.4907,6369.502
6734,2022-12-01,6578.7954,6516.2476
6735,2022-12-02,6576.4146,6423.5996
6736,2022-12-03,6254.0454,6112.821
6737,2022-12-04,6094.5254,6017.0815
6738,2022-12-05,6563.081,6495.0215
6739,2022-12-06,6595.9375,6500.2812
6740,2022-12-07,6599.2705,6567.2314
6741,2022-12-08,6575.937,6547.2847
6742,2022-12-09,6546.891,6409.413
6743,2022-12-10,6234.5215,6079.926
6744,2022-12-11,6092.1465,5893.915
6745,2022-12-12,6527.846,6329.459
6746,2022-12-13,6582.6055,6369.502
6747,2022-12-14,6581.6523,6324.4077
6748,2022-12-02,6533.9785,6423.5996
6749,2022-12-03,6214.9463,6112.821
6750,2022-12-04,6064.0,6017.0815
6751,2022-12-05,6532.5493,6495.0215
6752,2022-12-06,6582.0737,6500.2812
6753,2022-12-07,6585.4077,6567.2314
6754,2022-12-08,6575.8823,6547.2847
6755,2022-12-09,6531.6,6409.413
6756,2022-12-10,6208.756,6079.926
6757,2022-12-11,6077.8096,5893.915
6758,2022-12-12,6513.505,6329.459
6759,2022-12-13,6563.0264,6369.502
6760,2022-12-14,6571.5977,6324.4077
6761,2022-12-15,6556.835,6311.111
6762,2022-12-03,6120.774,6112.821
6763,2022-12-04,6034.5977,6017.0815
6764,2022-12-05,6511.2104,6495.0215
6765,2022-12-06,6563.1094,6500.2812
6766,2022-12-07,6596.44,6567.2314
6767,2022-12-08,6602.63,6547.2847
6768,2022-12-09,6539.3027,6409.413
6769,2022-12-10,6192.6724,6079.926
6770,2022-12-11,6066.0205,5893.915
6771,2022-12-12,6537.3965,6329.459
6772,2022-12-13,6578.346,6369.502
6773,2022-12-14,6565.965,6324.4077
6774,2022-12-15,6542.1587,6311.111
6775,2022-12-16,6515.97,6344.681
6776,2022-12-04,6007.893,6017.0815
6777,2022-12-05,6499.663,6495.0215
6778,2022-12-06,6559.648,6500.2812
6779,2022-12-07,6572.502,6567.2314
6780,2022-12-08,6563.456,6547.2847
6781,2022-12-09,6528.7017,6409.413
6782,2022-12-10,6196.4126,6079.926
6783,2022-12-11,6093.583,5893.915
6784,2022-12-12,6548.2236,6329.459
6785,2022-12-13,6584.402,6369.502
6786,2022-12-14,6576.785,6324.4077
6787,2022-12-15,6570.1206,6311.111
6788,2022-12-16,6541.556,6344.681
6789,2022-12-17,7132.3506,6104.9385
6790,2022-12-05,6479.023,6495.0215
6791,2022-12-06,6542.3354,6500.2812
6792,2022-12-07,6550.4307,6567.2314
6793,2022-12-08,6553.763,6547.2847
6794,2022-12-09,6529.957,6409.413
6795,2022-12-10,6191.965,6079.926
6796,2022-12-11,6075.3325,5893.915
6797,2022-12-12,6543.7637,6329.459
6798,2022-12-13,6577.087,6369.502
6799,2022-12-14,6559.95,6324.4077
6800,2022-12-15,6551.38,6311.111
6801,2022-12-16,6488.0654,6344.681
6802,2022-12-17,6170.0674,6104.9385
6803,2022-12-18,6078.19,5942.305
6804,2022-12-06,6567.8394,6500.2812
6805,2022-12-07,6579.2686,6567.2314
6806,2022-12-08,6583.553,6547.2847
6807,2022-12-09,6554.9844,6409.413
6808,2022-12-10,6229.7837,6079.926
6809,2022-12-11,6081.23,5893.915
6810,2022-12-12,6537.368,6329.459
6811,2022-12-13,6576.413,6369.502
6812,2022-12-14,6579.745,6324.4077
6813,2022-12-15,6572.125,6311.111
6814,2022-12-16,6549.7495,6344.681
6815,2022-12-17,6239.306,6104.9385
6816,2022-12-18,6093.134,5942.305
6817,2022-12-19,6550.2236,6349.409
6818,2022-12-07,6559.0933,6567.2314
6819,2022-12-08,6546.7114,6547.2847
6820,2022-12-09,6511.0005,6409.413
6821,2022-12-10,6188.1636,6079.926
6822,2022-12-11,6089.598,5893.915
6823,2022-12-12,6531.9473,6329.459
6824,2022-12-13,6556.7104,6369.502
6825,2022-12-14,6571.9487,6324.4077
6826,2022-12-15,6564.806,6311.111
6827,2022-12-16,6516.715,6344.681
6828,2022-12-17,6199.592,6104.9385
6829,2022-12-18,6086.264,5942.305
6830,2022-12-19,6520.522,6349.409
6831,2022-12-20,6570.995,6379.0117
6832,2022-12-08,6573.0933,6547.2847
6833,2022-12-09,6540.2344,6409.413
6834,2022-12-10,6227.841,6079.926
6835,2022-12-11,6076.406,5893.915
6836,2022-12-12,6527.377,6329.459
6837,2022-12-13,6583.5674,6369.502
6838,2022-12-14,6572.615,6324.4077
6839,2022-12-15,6548.328,6311.111
6840,2022-12-16,6523.5654,6344.681
6841,2022-12-17,6214.983,6104.9385
6842,2022-12-18,6081.168,5942.305
6843,2022-12-19,6544.9937,6349.409
6844,2022-12-20,6584.998,6379.0117
6845,2022-12-21,6580.7104,6384.044
6846,2022-12-09,6481.7637,6409.413
6847,2022-12-10,6165.534,6079.926
6848,2022-12-11,6040.28,5893.915
6849,2022-12-12,6474.1436,6329.459
6850,2022-12-13,6532.7227,6369.502
6851,2022-12-14,6543.6763,6324.4077
6852,2022-12-15,6549.8677,6311.111
6853,2022-12-16,6505.576,6344.681
6854,2022-12-17,6198.872,6104.9385
6855,2022-12-18,6079.8096,5942.305
6856,2022-12-19,6521.7686,6349.409
6857,2022-12-20,6573.2036,6379.0117
6858,2022-12-21,6589.8726,6384.044
6859,2022-12-22,6584.634,6307.7495
6860,2022-12-10,6112.7896,6079.926
6861,2022-12-11,6016.585,5893.915
6862,2022-12-12,6482.8394,6329.459
6863,2022-12-13,6525.7026,6369.502
6864,2022-12-14,6517.13,6324.4077
6865,2022-12-15,6519.034,6311.111
6866,2022-12-16,6486.6494,6344.681
6867,2022-12-17,6151.3667,6104.9385
6868,2022-12-18,6049.447,5942.305
6869,2022-12-19,6499.0317,6349.409
6870,2022-12-20,6537.1323,6379.0117
6871,2022-12-21,6560.9443,6384.044
6872,2022-12-22,6557.6113,6307.7495
6873,2022-12-23,6531.8936,6232.6724
6874,2022-12-11,6005.27,5893.915
6875,2022-12-12,6489.083,6329.459
6876,2022-12-13,6533.844,6369.502
6877,2022-12-14,6560.509,6324.4077
6878,2022-12-15,6548.6035,6311.111
6879,2022-12-16,6518.6064,6344.681
6880,2022-12-17,6191.9375,6104.9385
6881,2022-12-18,6080.031,5942.305
6882,2022-12-19,6552.891,6349.409
6883,2022-12-20,6587.6533,6379.0117
6884,2022-12-21,6590.035,6384.044
6885,2022-12-22,6589.0825,6307.7495
6886,2022-12-23,6555.272,6232.6724
6887,2022-12-24,6241.9375,5943.0234
6888,2022-12-12,6451.2017,6329.459
6889,2022-12-13,6520.714,6369.502
6890,2022-12-14,6512.1465,6324.4077
6891,2022-12-15,6503.0996,6311.111
6892,2022-12-16,6456.9146,6344.681
6893,2022-12-17,6138.8525,6104.9385
6894,2022-12-18,6045.054,5942.305
6895,2022-12-19,6501.194,6349.409
6896,2022-12-20,6556.8994,6379.0117
6897,2022-12-21,6543.57,6384.044
6898,2022-12-22,6550.2363,6307.7495
6899,2022-12-23,6512.6206,6232.6724
6900,2022-12-24,6195.9917,5943.0234
6901,2022-12-25,6093.1445,5778.2866
6902,2022-12-13,6511.0293,6369.502
6903,2022-12-14,6522.937,6324.4077
6904,2022-12-15,6505.794,6311.111
6905,2022-12-16,6481.984,6344.681
6906,2022-12-17,6185.3345,6104.9385
6907,2022-12-18,6073.437,5942.305
6908,2022-12-19,6531.98,6349.409
6909,2022-12-20,6552.9326,6379.0117
6910,2022-12-21,6560.5493,6384.044
6911,2022-12-22,6570.551,6307.7495
6912,2022-12-23,6527.2183,6232.6724
6913,2022-12-24,6211.05,5943.0234
6914,2022-12-25,6102.0083,5778.2866
6915,2022-12-26,6528.6504,5849.017
6916,2022-12-14,6465.3765,6324.4077
6917,2022-12-15,6475.375,6311.111
6918,2022-12-16,6447.2837,6344.681
6919,2022-12-17,6145.893,6104.9385
6920,2022-12-18,6037.3354,5942.305
6921,2022-12-19,6483.946,6349.409
6922,2022-12-20,6519.181,6379.0117
6923,2022-12-21,6532.5093,6384.044
6924,2022-12-22,6536.7944,6307.7495
6925,2022-12-23,6507.275,6232.6724
6926,2022-12-24,6183.0327,5943.0234
6927,2022-12-25,6074.947,5778.2866
6928,2022-12-26,6509.6562,5849.017
6929,2022-12-27,6561.5557,6305.5522
6930,2022-12-15,6389.478,6311.111
6931,2022-12-16,6415.667,6344.681
6932,2022-12-17,6140.925,6104.9385
6933,2022-12-18,6038.554,5942.305
6934,2022-12-19,6461.852,6349.409
6935,2022-12-20,6504.2314,6379.0117
6936,2022-12-21,6496.612,6384.044
6937,2022-12-22,6515.6577,6307.7495
6938,2022-12-23,6478.042,6232.6724
6939,2022-12-24,6182.351,5943.0234
6940,2022-12-25,6079.9785,5778.2866
6941,2022-12-26,6496.136,5849.017
6942,2022-12-27,6537.0854,6305.5522
6943,2022-12-28,6527.5625,6342.2563
6944,2022-12-16,6364.412,6344.681
6945,2022-12-17,6091.1323,6104.9385
6946,2022-12-18,5973.5396,5942.305
6947,2022-12-19,6417.7324,6349.409
6948,2022-12-20,6481.053,6379.0117
6949,2022-12-21,6487.245,6384.044
6950,2022-12-22,6492.0024,6307.7495
6951,2022-12-23,6470.5806,6232.6724
6952,2022-12-24,6148.264,5943.0234
6953,2022-12-25,6041.619,5778.2866
6954,2022-12-26,6482.007,5849.017
6955,2022-12-27,6522.4746,6305.5522
6956,2022-12-28,6536.28,6342.2563
6957,2022-12-29,6524.8535,6371.3276
