,date,pred,true
0,2021-08-07,6228.1377,6298.0215
1,2021-08-08,6065.473,5977.038
2,2021-08-09,6574.642,5975.9326
3,2021-08-10,6629.1646,6635.174
4,2021-08-11,6591.313,6613.616
5,2021-08-12,6585.0044,6582.2583
6,2021-08-13,6575.0933,6528.778
7,2021-08-14,6235.346,6198.8223
8,2021-08-15,6091.608,5983.757
9,2021-08-16,6543.101,6471.06
10,2021-08-17,6596.723,6417.69
11,2021-08-18,6587.7114,6299.402
12,2021-08-19,6630.9673,6290.715
13,2021-08-20,6602.5806,6312.497
14,2021-08-21,6222.279,6028.5933
15,2021-08-22,6113.687,5871.773
16,2021-08-23,6582.3013,6335.6367
17,2021-08-24,6642.6826,6306.076
18,2021-08-25,6634.573,6286.873
19,2021-08-26,6625.5605,6360.3623
20,2021-08-27,6603.931,6458.062
21,2021-08-28,6229.0376,6254.0283
22,2021-08-29,6106.0273,6040.195
23,2021-08-30,6574.6426,6356.2
24,2021-08-31,6623.306,6423.1323
25,2021-09-01,6648.991,6493.1084
26,2021-09-02,6646.2896,6298.5425
27,2021-09-03,6615.197,6362.3506
28,2021-09-04,6233.543,6188.2095
29,2021-09-05,6139.3706,6039.7646
30,2021-08-08,6016.944,5977.038
31,2021-08-09,6501.76,5975.9326
32,2021-08-10,6539.1577,6635.174
33,2021-08-11,6517.529,6613.616
34,2021-08-12,6543.2114,6582.2583
35,2021-08-13,6537.3535,6528.778
36,2021-08-14,6180.0513,6198.8223
37,2021-08-15,6052.5376,5983.757
38,2021-08-16,6534.65,6471.06
39,2021-08-17,6573.4,6417.69
40,2021-08-18,6568.444,6299.402
41,2021-08-19,6581.5107,6290.715
42,2021-08-20,6546.3667,6312.497
43,2021-08-21,6180.05,6028.5933
44,2021-08-22,6064.255,5871.773
45,2021-08-23,6546.366,6335.6367
46,2021-08-24,6579.7075,6306.076
47,2021-08-25,6573.852,6286.873
48,2021-08-26,6599.084,6360.3623
49,2021-08-27,6554.0254,6458.062
50,2021-08-28,6188.6113,6254.0283
51,2021-08-29,6057.0444,6040.195
52,2021-08-30,6542.7617,6356.2
53,2021-08-31,6573.852,6423.1323
54,2021-09-01,6570.696,6493.1084
55,2021-09-02,6588.72,6298.5425
56,2021-09-03,6567.993,6362.3506
57,2021-09-04,6188.612,6188.2095
58,2021-09-05,6107.959,6039.7646
59,2021-09-06,6574.304,6537.5215
60,2021-08-09,6432.0566,5975.9326
61,2021-08-10,6481.1675,6635.174
62,2021-08-11,6498.288,6613.616
63,2021-08-12,6509.553,6582.2583
64,2021-08-13,6511.3545,6528.778
65,2021-08-14,6152.2656,6198.8223
66,2021-08-15,6058.55,5983.757
67,2021-08-16,6507.2993,6471.06
68,2021-08-17,6551.002,6417.69
69,2021-08-18,6567.221,6299.402
70,2021-08-19,6560.916,6290.715
71,2021-08-20,6525.7725,6312.497
72,2021-08-21,6192.3643,6028.5933
73,2021-08-22,6070.7144,5871.773
74,2021-08-23,6484.322,6335.6367
75,2021-08-24,6537.936,6306.076
76,2021-08-25,6536.585,6286.873
77,2021-08-26,6550.5513,6360.3623
78,2021-08-27,6505.9473,6458.062
79,2021-08-28,6173.8926,6254.0283
80,2021-08-29,6037.8237,6040.195
81,2021-08-30,6478.915,6356.2
82,2021-08-31,6524.4204,6423.1323
83,2021-09-01,6529.3765,6493.1084
84,2021-09-02,6555.9575,6298.5425
85,2021-09-03,6514.958,6362.3506
86,2021-09-04,6182.451,6188.2095
87,2021-09-05,6090.089,6039.7646
88,2021-09-06,6534.3306,6537.5215
89,2021-09-07,6586.5938,6451.408
90,2021-08-10,6394.715,6635.174
91,2021-08-11,6438.8706,6613.616
92,2021-08-12,6437.969,6582.2583
93,2021-08-13,6429.8574,6528.778
94,2021-08-14,6341.1,6198.8223
95,2021-08-15,6086.989,5983.757
96,2021-08-16,6054.9976,6471.06
97,2021-08-17,6487.9824,6417.69
98,2021-08-18,6531.233,6299.402
99,2021-08-19,6506.904,6290.715
100,2021-08-20,6541.1475,6312.497
101,2021-08-21,6458.695,6028.5933
102,2021-08-22,6148.714,5871.773
103,2021-08-23,6069.8677,6335.6367
104,2021-08-24,6469.5073,6306.076
105,2021-08-25,6498.341,6286.873
106,2021-08-26,6479.4204,6360.3623
107,2021-08-27,6475.365,6458.062
108,2021-08-28,6392.0117,6254.0283
109,2021-08-29,6104.5576,6040.195
110,2021-08-30,6071.2173,6356.2
111,2021-08-31,6446.0776,6423.1323
112,2021-09-01,6474.464,6493.1084
113,2021-09-02,6459.595,6298.5425
114,2021-09-03,6474.464,6362.3506
115,2021-09-04,6390.2104,6188.2095
116,2021-09-05,6113.571,6039.7646
117,2021-09-06,6095.096,6537.5215
118,2021-09-07,6495.188,6451.408
119,2021-09-08,6538.8906,6505.1514
120,2021-08-11,6588.3086,6613.616
121,2021-08-12,6557.2207,6582.2583
122,2021-08-13,6557.67,6528.778
123,2021-08-14,6505.4014,6198.8223
124,2021-08-15,6141.7896,5983.757
125,2021-08-16,6081.412,6471.06
126,2021-08-17,6567.131,6417.69
127,2021-08-18,6581.551,6299.402
128,2021-08-19,6559.0225,6290.715
129,2021-08-20,6551.814,6312.497
130,2021-08-21,6513.063,6028.5933
131,2021-08-22,6169.726,5871.773
132,2021-08-23,6097.6333,6335.6367
133,2021-08-24,6556.7695,6306.076
134,2021-08-25,6585.156,6286.873
135,2021-08-26,6594.1675,6360.3623
136,2021-08-27,6588.31,6458.062
137,2021-08-28,6509.459,6254.0283
138,2021-08-29,6164.7715,6040.195
139,2021-08-30,6091.325,6356.2
140,2021-08-31,6550.0107,6423.1323
141,2021-09-01,6566.23,6493.1084
142,2021-09-02,6561.274,6298.5425
143,2021-09-03,6571.1875,6362.3506
144,2021-09-04,6528.3833,6188.2095
145,2021-09-05,6193.6045,6039.7646
146,2021-09-06,6160.263,6537.5215
147,2021-09-07,6581.1025,6451.408
148,2021-09-08,6630.2144,6505.1514
149,2021-09-09,6650.4883,6636.3926
150,2021-08-12,6609.3906,6582.2583
151,2021-08-13,6613.4463,6528.778
152,2021-08-14,6570.6377,6198.8223
153,2021-08-15,6185.3745,5983.757
154,2021-08-16,6072.7246,6471.06
155,2021-08-17,6565.681,6417.69
156,2021-08-18,6589.5625,6299.402
157,2021-08-19,6564.781,6290.715
158,2021-08-20,6563.4277,6312.497
159,2021-08-21,6560.275,6028.5933
160,2021-08-22,6184.9233,5871.773
161,2021-08-23,6066.8687,6335.6367
162,2021-08-24,6562.978,6306.076
163,2021-08-25,6589.114,6286.873
164,2021-08-26,6585.5083,6360.3623
165,2021-08-27,6586.4087,6458.062
166,2021-08-28,6532.7876,6254.0283
167,2021-08-29,6152.48,6040.195
168,2021-08-30,6077.6826,6356.2
169,2021-08-31,6530.534,6423.1323
170,2021-09-01,6548.5596,6493.1084
171,2021-09-02,6562.0786,6298.5425
172,2021-09-03,6579.201,6362.3506
173,2021-09-04,6553.9663,6188.2095
174,2021-09-05,6179.9663,6039.7646
175,2021-09-06,6133.1055,6537.5215
176,2021-09-07,6589.564,6451.408
177,2021-09-08,6597.6743,6505.1514
178,2021-09-09,6605.3345,6636.3926
179,2021-09-10,6612.5444,6510.4546
180,2021-08-13,6590.287,6528.778
181,2021-08-14,6563.25,6198.8223
182,2021-08-15,6150.9346,5983.757
183,2021-08-16,6042.338,6471.06
184,2021-08-17,6556.9414,6417.69
185,2021-08-18,6597.0464,6299.402
186,2021-08-19,6602.9043,6290.715
187,2021-08-20,6619.5767,6312.497
188,2021-08-21,6564.601,6028.5933
189,2021-08-22,6177.5225,5871.773
190,2021-08-23,6051.35,6335.6367
191,2021-08-24,6557.8433,6306.076
192,2021-08-25,6575.417,6286.873
193,2021-08-26,6554.689,6360.3623
194,2021-08-27,6569.5586,6458.062
195,2021-08-28,6546.127,6254.0283
196,2021-08-29,6147.7793,6040.195
197,2021-08-30,6054.9536,6356.2
198,2021-08-31,6546.127,6423.1323
199,2021-09-01,6570.0093,6493.1084
200,2021-09-02,6553.3364,6298.5425
201,2021-09-03,6586.2314,6362.3506
202,2021-09-04,6558.7437,6188.2095
203,2021-09-05,6180.675,6039.7646
204,2021-09-06,6105.875,6537.5215
205,2021-09-07,6590.737,6451.408
206,2021-09-08,6635.799,6505.1514
207,2021-09-09,6638.9526,6636.3926
208,2021-09-10,6633.996,6510.4546
209,2021-09-11,6605.1567,6253.585
210,2021-08-14,6412.1655,6198.8223
211,2021-08-15,6071.03,5983.757
212,2021-08-16,6004.785,6471.06
213,2021-08-17,6513.11,6417.69
214,2021-08-18,6538.345,6299.402
215,2021-08-19,6516.263,6290.715
216,2021-08-20,6516.263,6312.497
217,2021-08-21,6440.5557,6028.5933
218,2021-08-22,6107.983,5871.773
219,2021-08-23,6013.7983,6335.6367
220,2021-08-24,6493.2817,6306.076
221,2021-08-25,6512.6606,6286.873
222,2021-08-26,6514.9126,6360.3623
223,2021-08-27,6509.504,6458.062
224,2021-08-28,6421.178,6254.0283
225,2021-08-29,6068.7744,6040.195
226,2021-08-30,6003.8823,6356.2
227,2021-08-31,6441.456,6423.1323
228,2021-09-01,6455.8755,6493.1084
229,2021-09-02,6449.5684,6298.5425
230,2021-09-03,6474.805,6362.3506
231,2021-09-04,6433.3438,6188.2095
232,2021-09-05,6115.1924,6039.7646
233,2021-09-06,6080.9443,6537.5215
234,2021-09-07,6509.053,6451.408
235,2021-09-08,6562.68,6505.1514
236,2021-09-09,6550.962,6636.3926
237,2021-09-10,6563.13,6510.4546
238,2021-09-11,6516.2637,6253.585
239,2021-09-12,6177.8306,6152.053
240,2021-08-15,5949.1445,5983.757
241,2021-08-16,6156.877,6471.06
242,2021-08-17,6479.969,6417.69
243,2021-08-18,6494.3887,6299.402
244,2021-08-19,6489.4316,6290.715
245,2021-08-20,6481.772,6312.497
246,2021-08-21,6283.0483,6028.5933
247,2021-08-22,6029.802,5871.773
248,2021-08-23,6185.267,6335.6367
249,2021-08-24,6478.166,6306.076
250,2021-08-25,6493.037,6286.873
251,2021-08-26,6505.6543,6360.3623
252,2021-08-27,6492.5874,6458.062
253,2021-08-28,6316.845,6254.0283
254,2021-08-29,6050.9814,6040.195
255,2021-08-30,6189.3213,6356.2
256,2021-08-31,6488.5312,6423.1323
257,2021-09-01,6495.291,6493.1084
258,2021-09-02,6501.148,6298.5425
259,2021-09-03,6502.051,6362.3506
260,2021-09-04,6353.7974,6188.2095
261,2021-09-05,6106.859,6039.7646
262,2021-09-06,6244.7476,6537.5215
263,2021-09-07,6550.267,6451.408
264,2021-09-08,6591.273,6505.1514
265,2021-09-09,6579.5566,6636.3926
266,2021-09-10,6566.94,6510.4546
267,2021-09-11,6377.228,6253.585
268,2021-09-12,6133.895,6152.053
269,2021-09-13,6285.753,6474.404
270,2021-08-16,6052.2627,6471.06
271,2021-08-17,6472.241,6417.69
272,2021-08-18,6501.9824,6299.402
273,2021-08-19,6495.674,6290.715
274,2021-08-20,6495.223,6312.497
275,2021-08-21,6378.5117,6028.5933
276,2021-08-22,6065.3306,5871.773
277,2021-08-23,6074.793,6335.6367
278,2021-08-24,6490.266,6306.076
279,2021-08-25,6506.038,6286.873
280,2021-08-26,6489.365,6360.3623
281,2021-08-27,6458.7227,6458.062
282,2021-08-28,6384.37,6254.0283
283,2021-08-29,6078.8496,6040.195
284,2021-08-30,6089.665,6356.2
285,2021-08-31,6478.0986,6423.1323
286,2021-09-01,6509.192,6493.1084
287,2021-09-02,6512.7964,6298.5425
288,2021-09-03,6501.9814,6362.3506
289,2021-09-04,6404.197,6188.2095
290,2021-09-05,6139.6836,6039.7646
291,2021-09-06,6164.016,6537.5215
292,2021-09-07,6535.7783,6451.408
293,2021-09-08,6578.5874,6505.1514
294,2021-09-09,6569.1245,6636.3926
295,2021-09-10,6551.551,6510.4546
296,2021-09-11,6406.9014,6253.585
297,2021-09-12,6118.0537,6152.053
298,2021-09-13,6168.522,6474.404
299,2021-09-14,6560.1133,6517.15
300,2021-08-17,6579.056,6417.69
301,2021-08-18,6547.058,6299.402
302,2021-08-19,6573.648,6290.715
303,2021-08-20,6552.014,6312.497
304,2021-08-21,6183.7817,6028.5933
305,2021-08-22,6018.8213,5871.773
306,2021-08-23,6520.015,6335.6367
307,2021-08-24,6565.9844,6306.076
308,2021-08-25,6550.2114,6286.873
309,2021-08-26,6559.227,6360.3623
310,2021-08-27,6521.3667,6458.062
311,2021-08-28,6172.966,6254.0283
312,2021-08-29,6027.835,6040.195
313,2021-08-30,6491.6187,6356.2
314,2021-08-31,6540.746,6423.1323
315,2021-09-01,6548.8594,6493.1084
316,2021-09-02,6585.366,6298.5425
317,2021-09-03,6542.5474,6362.3506
318,2021-09-04,6196.4014,6188.2095
319,2021-09-05,6075.611,6039.7646
320,2021-09-06,6511.9004,6537.5215
321,2021-09-07,6541.648,6451.408
322,2021-09-08,6533.082,6505.1514
323,2021-09-09,6561.4785,6636.3926
324,2021-09-10,6542.55,6510.4546
325,2021-09-11,6202.7104,6253.585
326,2021-09-12,6115.7236,6152.053
327,2021-09-13,6528.1245,6474.404
328,2021-09-14,6597.536,6517.15
329,2021-09-15,6587.172,6618.6665
330,2021-08-18,6450.0786,6299.402
331,2021-08-19,6492.448,6290.715
332,2021-08-20,6496.956,6312.497
333,2021-08-21,6125.545,6028.5933
334,2021-08-22,5975.9004,5871.773
335,2021-08-23,6437.9087,6335.6367
336,2021-08-24,6465.855,6306.076
337,2021-08-25,6475.3213,6286.873
338,2021-08-26,6499.2075,6360.3623
339,2021-08-27,6479.3755,6458.062
340,2021-08-28,6118.785,6254.0283
341,2021-08-29,6002.946,6040.195
342,2021-08-30,6456.8413,6356.2
343,2021-08-31,6510.477,6423.1323
344,2021-09-01,6506.422,6493.1084
345,2021-09-02,6529.8594,6298.5425
346,2021-09-03,6493.799,6362.3506
347,2021-09-04,6154.392,6188.2095
348,2021-09-05,6063.3423,6039.7646
349,2021-09-06,6486.5874,6537.5215
350,2021-09-07,6535.7173,6451.408
351,2021-09-08,6560.0586,6505.1514
352,2021-09-09,6545.6357,6636.3926
353,2021-09-10,6511.382,6510.4546
354,2021-09-11,6162.9556,6253.585
355,2021-09-12,6073.709,6152.053
356,2021-09-13,6502.364,6474.404
357,2021-09-14,6567.27,6517.15
358,2021-09-15,6569.9736,6618.6665
359,2021-09-16,6555.1,6681.2217
360,2021-08-19,6420.3936,6290.715
361,2021-08-20,6419.9424,6312.497
362,2021-08-21,6080.084,6028.5933
363,2021-08-22,5943.958,5871.773
364,2021-08-23,6388.3906,6335.6367
365,2021-08-24,6430.7607,6306.076
366,2021-08-25,6422.1973,6286.873
367,2021-08-26,6455.101,6360.3623
368,2021-08-27,6443.3833,6458.062
369,2021-08-28,6090.4487,6254.0283
370,2021-08-29,5982.721,6040.195
371,2021-08-30,6416.3364,6356.2
372,2021-08-31,6481.244,6423.1323
373,2021-09-01,6474.0327,6493.1084
374,2021-09-02,6511.8945,6298.5425
375,2021-09-03,6494.767,6362.3506
376,2021-09-04,6138.6787,6188.2095
377,2021-09-05,6058.447,6039.7646
378,2021-09-06,6464.565,6537.5215
379,2021-09-07,6525.8687,6451.408
380,2021-09-08,6538.4883,6505.1514
381,2021-09-09,6557.4214,6636.3926
382,2021-09-10,6512.795,6510.4546
383,2021-09-11,6166.172,6253.585
384,2021-09-12,6097.2124,6152.053
385,2021-09-13,6477.639,6474.404
386,2021-09-14,6562.8286,6517.15
387,2021-09-15,6554.717,6618.6665
388,2021-09-16,6572.295,6681.2217
389,2021-09-17,6514.149,6699.5693
390,2021-08-20,6354.9824,6312.497
391,2021-08-21,6056.141,6028.5933
392,2021-08-22,5918.2144,5871.773
393,2021-08-23,6385.18,6335.6367
394,2021-08-24,6444.226,6306.076
395,2021-08-25,6431.156,6286.873
396,2021-08-26,6456.848,6360.3623
397,2021-08-27,6405.465,6458.062
398,2021-08-28,6070.563,6254.0283
399,2021-08-29,5938.047,6040.195
400,2021-08-30,6378.8687,6356.2
401,2021-08-31,6419.8877,6423.1323
402,2021-09-01,6403.6606,6493.1084
403,2021-09-02,6404.563,6298.5425
404,2021-09-03,6394.1973,6362.3506
405,2021-09-04,6064.706,6188.2095
406,2021-09-05,5977.263,6039.7646
407,2021-09-06,6429.805,6537.5215
408,2021-09-07,6443.7793,6451.408
409,2021-09-08,6464.9624,6505.1514
410,2021-09-09,6459.5537,6636.3926
411,2021-09-10,6411.775,6510.4546
412,2021-09-11,6098.058,6253.585
413,2021-09-12,6007.4614,6152.053
414,2021-09-13,6451.438,6474.404
415,2021-09-14,6511.837,6517.15
416,2021-09-15,6518.601,6618.6665
417,2021-09-16,6519.052,6681.2217
418,2021-09-17,6478.4844,6699.5693
419,2021-09-18,6112.4844,6359.7954
420,2021-08-21,6003.2793,6028.5933
421,2021-08-22,5904.571,5871.773
422,2021-08-23,6397.669,6335.6367
423,2021-08-24,6418.4004,6306.076
424,2021-08-25,6424.2617,6286.873
425,2021-08-26,6442.7407,6360.3623
426,2021-08-27,6417.9517,6458.062
427,2021-08-28,6072.2393,6254.0283
428,2021-08-29,5971.2764,6040.195
429,2021-08-30,6421.1064,6356.2
430,2021-08-31,6468.433,6423.1323
431,2021-09-01,6476.9976,6493.1084
432,2021-09-02,6504.0405,6298.5425
433,2021-09-03,6468.884,6362.3506
434,2021-09-04,6121.37,6188.2095
435,2021-09-05,6039.788,6039.7646
436,2021-09-06,6457.1636,6537.5215
437,2021-09-07,6525.6743,6451.408
438,2021-09-08,6507.6465,6505.1514
439,2021-09-09,6537.3936,6636.3926
440,2021-09-10,6520.267,6510.4546
441,2021-09-11,6194.3867,6253.585
442,2021-09-12,6090.2695,6152.053
443,2021-09-13,6504.9395,6474.404
444,2021-09-14,6567.1426,6517.15
445,2021-09-15,6577.5083,6618.6665
446,2021-09-16,6567.595,6681.2217
447,2021-09-17,6518.014,6699.5693
448,2021-09-18,6181.768,6359.7954
449,2021-09-19,6082.6074,6085.813
450,2021-08-22,5915.194,5871.773
451,2021-08-23,6435.73,6335.6367
452,2021-08-24,6465.4756,6306.076
453,2021-08-25,6451.054,6286.873
454,2021-08-26,6485.3066,6360.3623
455,2021-08-27,6453.306,6458.062
456,2021-08-28,6101.3223,6254.0283
457,2021-08-29,5975.1333,6040.195
458,2021-08-30,6457.3613,6356.2
459,2021-08-31,6491.163,6423.1323
460,2021-09-01,6497.924,6493.1084
461,2021-09-02,6512.344,6298.5425
462,2021-09-03,6494.3164,6362.3506
463,2021-09-04,6152.25,6188.2095
464,2021-09-05,6058.9595,6039.7646
465,2021-09-06,6506.035,6537.5215
466,2021-09-07,6539.3867,6451.408
467,2021-09-08,6556.062,6505.1514
468,2021-09-09,6571.835,6636.3926
469,2021-09-10,6534.428,6510.4546
470,2021-09-11,6167.574,6253.585
471,2021-09-12,6064.3687,6152.053
472,2021-09-13,6513.246,6474.404
473,2021-09-14,6600.2285,6517.15
474,2021-09-15,6589.4126,6618.6665
475,2021-09-16,6593.9204,6681.2217
476,2021-09-17,6552.456,6699.5693
477,2021-09-18,6201.3745,6359.7954
478,2021-09-19,6080.592,6085.813
479,2021-09-20,6512.7964,6575.688
480,2021-08-23,6373.826,6335.6367
481,2021-08-24,6401.319,6306.076
482,2021-08-25,6410.781,6286.873
483,2021-08-26,6409.43,6360.3623
484,2021-08-27,6395.91,6458.062
485,2021-08-28,6060.1606,6254.0283
486,2021-08-29,5945.2393,6040.195
487,2021-08-30,6431.0625,6356.2
488,2021-08-31,6468.4673,6423.1323
489,2021-09-01,6466.665,6493.1084
490,2021-09-02,6488.2974,6298.5425
491,2021-09-03,6456.75,6362.3506
492,2021-09-04,6137.2275,6188.2095
493,2021-09-05,6047.9937,6039.7646
494,2021-09-06,6479.285,6537.5215
495,2021-09-07,6512.1836,6451.408
496,2021-09-08,6515.338,6505.1514
497,2021-09-09,6527.958,6636.3926
498,2021-09-10,6514.436,6510.4546
499,2021-09-11,6164.7163,6253.585
500,2021-09-12,6096.215,6152.053
501,2021-09-13,6522.5483,6474.404
502,2021-09-14,6573.475,6517.15
503,2021-09-15,6575.277,6618.6665
504,2021-09-16,6573.4756,6681.2217
505,2021-09-17,6546.885,6699.5693
506,2021-09-18,6197.6157,6359.7954
507,2021-09-19,6106.13,6085.813
508,2021-09-20,6534.7163,6575.688
509,2021-09-21,6614.486,6606.545
510,2021-08-24,6419.201,6306.076
511,2021-08-25,6404.3276,6286.873
512,2021-08-26,7291.411,6360.3623
513,2021-08-27,6422.8086,6458.062
514,2021-08-28,6084.2896,6254.0283
515,2021-08-29,5958.5273,6040.195
516,2021-08-30,6434.5254,6356.2
517,2021-08-31,6479.1514,6423.1323
518,2021-09-01,6451.205,6493.1084
519,2021-09-02,6489.069,6298.5425
520,2021-09-03,6446.248,6362.3506
521,2021-09-04,6107.2793,6188.2095
522,2021-09-05,6020.734,6039.7646
523,2021-09-06,6491.773,6537.5215
524,2021-09-07,6515.6636,6451.408
525,2021-09-08,6513.859,6505.1514
526,2021-09-09,6517.466,6636.3926
527,2021-09-10,6494.929,6510.4546
528,2021-09-11,6144.24,6253.585
529,2021-09-12,6029.2974,6152.053
530,2021-09-13,6498.987,6474.404
531,2021-09-14,6548.1177,6517.15
532,2021-09-15,6547.666,6618.6665
533,2021-09-16,6530.0864,6681.2217
534,2021-09-17,6507.55,6699.5693
535,2021-09-18,6152.3555,6359.7954
536,2021-09-19,6044.623,6085.813
537,2021-09-20,6514.3105,6575.688
538,2021-09-21,6574.2607,6606.545
539,2021-09-22,6568.4033,6620.951
540,2021-08-25,6331.794,6286.873
541,2021-08-26,6395.3486,6360.3623
542,2021-08-27,6374.6157,6458.062
543,2021-08-28,6061.34,6254.0283
544,2021-08-29,5931.52,6040.195
545,2021-08-30,6424.6494,6356.2
546,2021-08-31,6446.285,6423.1323
547,2021-09-01,6444.484,6493.1084
548,2021-09-02,6480.5464,6298.5425
549,2021-09-03,6442.228,6362.3506
550,2021-09-04,6125.7983,6188.2095
551,2021-09-05,6031.139,6039.7646
552,2021-09-06,6477.388,6537.5215
553,2021-09-07,6512.0967,6451.408
554,2021-09-08,6509.3926,6505.1514
555,2021-09-09,6516.1533,6636.3926
556,2021-09-10,6491.812,6510.4546
557,2021-09-11,6168.619,6253.585
558,2021-09-12,6090.186,6152.053
559,2021-09-13,6528.7754,6474.404
560,2021-09-14,6569.3423,6517.15
561,2021-09-15,6574.7515,6618.6665
562,2021-09-16,6579.26,6681.2217
563,2021-09-17,6522.013,6699.5693
564,2021-09-18,6197.918,6359.7954
565,2021-09-19,6106.8657,6085.813
566,2021-09-20,6540.0454,6575.688
567,2021-09-21,6606.757,6606.545
568,2021-09-22,6583.3164,6620.951
569,2021-09-23,6578.358,6656.3955
570,2021-08-26,6313.1943,6360.3623
571,2021-08-27,6316.3457,6458.062
572,2021-08-28,6004.88,6254.0283
573,2021-08-29,5885.88,6040.195
574,2021-08-30,6337.9844,6356.2
575,2021-08-31,6372.2407,6423.1323
576,2021-09-01,6371.7905,6493.1084
577,2021-09-02,6388.4663,6298.5425
578,2021-09-03,6370.4355,6362.3506
579,2021-09-04,6064.8306,6188.2095
580,2021-09-05,5973.7783,6039.7646
581,2021-09-06,6411.9067,6537.5215
582,2021-09-07,6453.826,6451.408
583,2021-09-08,6456.9824,6505.1514
584,2021-09-09,6467.799,6636.3926
585,2021-09-10,6452.926,6510.4546
586,2021-09-11,6111.2563,6253.585
587,2021-09-12,6025.162,6152.053
588,2021-09-13,6463.29,6474.404
589,2021-09-14,6499.802,6517.15
590,2021-09-15,6516.931,6618.6665
591,2021-09-16,6519.1855,6681.2217
592,2021-09-17,6477.264,6699.5693
593,2021-09-18,6168.9526,6359.7954
594,2021-09-19,6075.647,6085.813
595,2021-09-20,6502.959,6575.688
596,2021-09-21,6546.2314,6606.545
597,2021-09-22,6547.581,6620.951
598,2021-09-23,6535.861,6656.3955
599,2021-09-24,6472.7563,6735.366
600,2021-08-27,6336.5176,6458.062
601,2021-08-28,6030.462,6254.0283
602,2021-08-29,5929.496,6040.195
603,2021-08-30,6406.382,6356.2
604,2021-08-31,6408.6343,6423.1323
605,2021-09-01,6391.0586,6493.1084
606,2021-09-02,6412.69,6298.5425
607,2021-09-03,6402.3237,6362.3506
608,2021-09-04,6077.34,6188.2095
609,2021-09-05,5977.7236,6039.7646
610,2021-09-06,6465.8794,6537.5215
611,2021-09-07,6475.7954,6451.408
612,2021-09-08,6483.46,6505.1514
613,2021-09-09,6479.4004,6636.3926
614,2021-09-10,6425.7627,6510.4546
615,2021-09-11,6098.073,6253.585
616,2021-09-12,6007.476,6152.053
617,2021-09-13,6499.2344,6474.404
618,2021-09-14,6518.6157,6517.15
619,2021-09-15,6510.9546,6618.6665
620,2021-09-16,6516.3623,6681.2217
621,2021-09-17,6465.88,6699.5693
622,2021-09-18,6103.03,6359.7954
623,2021-09-19,6020.9956,6085.813
624,2021-09-20,6499.2344,6575.688
625,2021-09-21,6526.279,6606.545
626,2021-09-22,6499.6846,6620.951
627,2021-09-23,6521.319,6656.3955
628,2021-09-24,6457.315,6735.366
629,2021-09-25,6105.736,6355.463
630,2021-08-28,6093.616,6254.0283
631,2021-08-29,5950.732,6040.195
632,2021-08-30,6438.4355,6356.2
633,2021-08-31,6462.326,6423.1323
634,2021-09-01,6442.494,6493.1084
635,2021-09-02,6455.1143,6298.5425
636,2021-09-03,6461.8735,6362.3506
637,2021-09-04,6119.76,6188.2095
638,2021-09-05,6002.5664,6039.7646
639,2021-09-06,6482.159,6537.5215
640,2021-09-07,6532.6426,6451.408
641,2021-09-08,6513.2607,6505.1514
642,2021-09-09,6515.515,6636.3926
643,2021-09-10,6504.245,6510.4546
644,2021-09-11,6146.805,6253.585
645,2021-09-12,6053.5015,6152.053
646,2021-09-13,6522.7275,6474.404
647,2021-09-14,6570.956,6517.15
648,2021-09-15,6558.337,6618.6665
649,2021-09-16,6563.7437,6681.2217
650,2021-09-17,6558.334,6699.5693
651,2021-09-18,6202.247,6359.7954
652,2021-09-19,6094.518,6085.813
653,2021-09-20,6535.7983,6575.688
654,2021-09-21,6588.536,6606.545
655,2021-09-22,6570.054,6620.951
656,2021-09-23,6596.1987,6656.3955
657,2021-09-24,6561.4917,6735.366
658,2021-09-25,6215.7695,6355.463
659,2021-09-26,6114.8027,6186.116
660,2021-08-29,5978.6045,6040.195
661,2021-08-30,6397.3423,6356.2
662,2021-08-31,6447.375,6423.1323
663,2021-09-01,6460.445,6493.1084
664,2021-09-02,6486.5894,6298.5425
665,2021-09-03,6475.7705,6362.3506
666,2021-09-04,6178.7324,6188.2095
667,2021-09-05,6043.51,6039.7646
668,2021-09-06,6465.4033,6537.5215
669,2021-09-07,6520.3926,6451.408
670,2021-09-08,6519.4927,6505.1514
671,2021-09-09,6530.759,6636.3926
672,2021-09-10,6524.9023,6510.4546
673,2021-09-11,6203.523,6253.585
674,2021-09-12,6075.062,6152.053
675,2021-09-13,6484.334,6474.404
676,2021-09-14,6564.116,6517.15
677,2021-09-15,6568.623,6618.6665
678,2021-09-16,6561.861,6681.2217
679,2021-09-17,6535.7173,6699.5693
680,2021-09-18,6263.9224,6359.7954
681,2021-09-19,6099.8506,6085.813
682,2021-09-20,6478.925,6575.688
683,2021-09-21,6576.737,6606.545
684,2021-09-22,6581.695,6620.951
685,2021-09-23,6571.3267,6656.3955
686,2021-09-24,6544.2827,6735.366
687,2021-09-25,6251.752,6355.463
688,2021-09-26,6098.951,6186.116
689,2021-09-27,6515.435,6522.6646
690,2021-08-30,6443.3687,6356.2
691,2021-08-31,6468.6123,6423.1323
692,2021-09-01,6449.681,6493.1084
693,2021-09-02,6471.7656,6298.5425
694,2021-09-03,6459.5967,6362.3506
695,2021-09-04,6146.7827,6188.2095
696,2021-09-05,6057.533,6039.7646
697,2021-09-06,6487.991,6537.5215
698,2021-09-07,6510.08,6451.408
699,2021-09-08,6507.825,6505.1514
700,2021-09-09,6509.629,6636.3926
701,2021-09-10,6465.005,6510.4546
702,2021-09-11,6171.119,6253.585
703,2021-09-12,6097.6494,6152.053
704,2021-09-13,6512.3325,6474.404
705,2021-09-14,6548.395,6517.15
706,2021-09-15,6557.858,6618.6665
707,2021-09-16,6547.4917,6681.2217
708,2021-09-17,6517.29,6699.5693
709,2021-09-18,6200.871,6359.7954
710,2021-09-19,6122.44,6085.813
711,2021-09-20,6533.5186,6575.688
712,2021-09-21,6592.114,6606.545
713,2021-09-22,6570.928,6620.951
714,2021-09-23,6564.1675,6656.3955
715,2021-09-24,6509.177,6735.366
716,2021-09-25,6166.161,6355.463
717,2021-09-26,6124.2427,6186.116
718,2021-09-27,6542.983,6522.6646
719,2021-09-28,6593.918,6454.898
720,2021-08-31,6398.0425,6423.1323
721,2021-09-01,6439.07,6493.1084
722,2021-09-02,6442.2236,6298.5425
723,2021-09-03,6435.9126,6362.3506
724,2021-09-04,6114.4795,6188.2095
725,2021-09-05,5996.815,6039.7646
726,2021-09-06,6458.906,6537.5215
727,2021-09-07,6490.462,6451.408
728,2021-09-08,6493.6167,6505.1514
729,2021-09-09,6490.9146,6636.3926
730,2021-09-10,6469.274,6510.4546
731,2021-09-11,6162.715,6253.585
732,2021-09-12,6087.429,6152.053
733,2021-09-13,6513.455,6474.404
734,2021-09-14,6525.625,6517.15
735,2021-09-15,6510.7495,6618.6665
736,2021-09-16,6535.095,6681.2217
737,2021-09-17,6500.3794,6699.5693
738,2021-09-18,6169.928,6359.7954
739,2021-09-19,6065.7896,6085.813
740,2021-09-20,6513.9033,6575.688
741,2021-09-21,6543.209,6606.545
742,2021-09-22,6520.6675,6620.951
743,2021-09-23,6546.815,6656.3955
744,2021-09-24,6518.4126,6735.366
745,2021-09-25,6178.945,6355.463
746,2021-09-26,6107.715,6186.116
747,2021-09-27,6560.7905,6522.6646
748,2021-09-28,6575.666,6454.898
749,2021-09-29,6551.3237,6529.6504
750,2021-09-01,6397.989,6493.1084
751,2021-09-02,6432.7036,6298.5425
752,2021-09-03,6443.0723,6362.3506
753,2021-09-04,6159.0405,6188.2095
754,2021-09-05,6030.9995,6039.7646
755,2021-09-06,6457.5,6537.5215
756,2021-09-07,6493.1167,6451.408
757,2021-09-08,6497.175,6505.1514
758,2021-09-09,6511.6025,6636.3926
759,2021-09-10,6488.6094,6510.4546
760,2021-09-11,6180.6816,6253.585
761,2021-09-12,6074.28,6152.053
762,2021-09-13,6494.018,6474.404
763,2021-09-14,6549.0244,6517.15
764,2021-09-15,6560.295,6618.6665
765,2021-09-16,6565.2544,6681.2217
766,2021-09-17,6535.498,6699.5693
767,2021-09-18,6183.3857,6359.7954
768,2021-09-19,6081.043,6085.813
769,2021-09-20,6525.1294,6575.688
770,2021-09-21,6563.0,6606.545
771,2021-09-22,6561.196,6620.951
772,2021-09-23,6551.2764,6656.3955
773,2021-09-24,6518.815,6735.366
774,2021-09-25,6197.361,6355.463
775,2021-09-26,6087.355,6186.116
776,2021-09-27,6554.8833,6522.6646
777,2021-09-28,6609.4375,6454.898
778,2021-09-29,6610.7905,6529.6504
779,2021-09-30,6587.3457,6377.2363
780,2021-09-02,6520.94,6298.5425
781,2021-09-03,6529.9595,6362.3506
782,2021-09-04,6230.088,6188.2095
783,2021-09-05,6054.6777,6039.7646
784,2021-09-06,6453.7515,6537.5215
785,2021-09-07,6525.9004,6451.408
786,2021-09-08,6535.37,6505.1514
787,2021-09-09,6557.0156,6636.3926
788,2021-09-10,6573.248,6510.4546
789,2021-09-11,6263.007,6253.585
790,2021-09-12,6103.8276,6152.053
791,2021-09-13,6498.846,6474.404
792,2021-09-14,6581.8184,6517.15
793,2021-09-15,6597.1475,6618.6665
794,2021-09-16,6585.424,6681.2217
795,2021-09-17,6574.1514,6699.5693
796,2021-09-18,6272.477,6359.7954
797,2021-09-19,6109.6895,6085.813
798,2021-09-20,6515.9814,6575.688
799,2021-09-21,6605.7163,6606.545
800,2021-09-22,6581.8164,6620.951
801,2021-09-23,6588.581,6656.3955
802,2021-09-24,6532.214,6735.366
803,2021-09-25,6241.814,6355.463
804,2021-09-26,6096.161,6186.116
805,2021-09-27,6495.688,6522.6646
806,2021-09-28,6582.719,6454.898
807,2021-09-29,6560.1694,6529.6504
808,2021-09-30,6569.1904,6377.2363
809,2021-10-01,6525.9014,6364.8223
810,2021-09-03,6352.132,6362.3506
811,2021-09-04,6136.56,6188.2095
812,2021-09-05,5971.0483,6039.7646
813,2021-09-06,6258.3276,6537.5215
814,2021-09-07,6393.1724,6451.408
815,2021-09-08,6421.1333,6505.1514
816,2021-09-09,6423.84,6636.3926
817,2021-09-10,6421.5845,6510.4546
818,2021-09-11,6199.7,6253.585
819,2021-09-12,6043.2056,6152.053
820,2021-09-13,6320.112,6474.404
821,2021-09-14,6493.2925,6517.15
822,2021-09-15,6500.0557,6618.6665
823,2021-09-16,6507.2725,6681.2217
824,2021-09-17,6482.9194,6699.5693
825,2021-09-18,6238.9336,6359.7954
826,2021-09-19,6089.6567,6085.813
827,2021-09-20,6368.3677,6575.688
828,2021-09-21,6523.958,6606.545
829,2021-09-22,6532.5264,6620.951
830,2021-09-23,6518.096,6656.3955
831,2021-09-24,6494.6436,6735.366
832,2021-09-25,6252.915,6355.463
833,2021-09-26,6091.462,6186.116
834,2021-09-27,6380.5454,6522.6646
835,2021-09-28,6525.7617,6454.898
836,2021-09-29,6523.507,6529.6504
837,2021-09-30,6518.9976,6377.2363
838,2021-10-01,6486.5254,6364.8223
839,2021-10-02,6243.8955,5990.2646
840,2021-09-04,6216.3867,6188.2095
841,2021-09-05,6003.0405,6039.7646
842,2021-09-06,6196.0913,6537.5215
843,2021-09-07,6456.801,6451.408
844,2021-09-08,6465.368,6505.1514
845,2021-09-09,6468.9795,6636.3926
846,2021-09-10,6443.7173,6510.4546
847,2021-09-11,6267.359,6253.585
848,2021-09-12,6057.6187,6152.053
849,2021-09-13,6234.4307,6474.404
850,2021-09-14,6487.4707,6517.15
851,2021-09-15,6502.805,6618.6665
852,2021-09-16,6498.7456,6681.2217
853,2021-09-17,6501.4526,6699.5693
854,2021-09-18,6320.583,6359.7954
855,2021-09-19,6081.5225,6085.813
856,2021-09-20,6284.0474,6575.688
857,2021-09-21,6523.105,6606.545
858,2021-09-22,6533.9287,6620.951
859,2021-09-23,6545.655,6656.3955
860,2021-09-24,6520.8486,6735.366
861,2021-09-25,6349.898,6355.463
862,2021-09-26,6127.0796,6186.116
863,2021-09-27,6298.0283,6522.6646
864,2021-09-28,6539.34,6454.898
865,2021-09-29,6556.0293,6529.6504
866,2021-09-30,6556.9326,6377.2363
867,2021-10-01,6528.0674,6364.8223
868,2021-10-02,6356.216,5990.2646
869,2021-10-03,6132.041,5949.3384
870,2021-09-05,5941.055,6039.7646
871,2021-09-06,6269.4844,6537.5215
872,2021-09-07,6406.629,6451.408
873,2021-09-08,6421.516,6505.1514
874,2021-09-09,6401.667,6636.3926
875,2021-09-10,6396.252,6510.4546
876,2021-09-11,6159.8564,6253.585
877,2021-09-12,6004.214,6152.053
878,2021-09-13,6355.1987,6474.404
879,2021-09-14,6480.162,6517.15
880,2021-09-15,6496.857,6618.6665
881,2021-09-16,6504.9785,6681.2217
882,2021-09-17,6486.4824,6699.5693
883,2021-09-18,6192.788,6359.7954
884,2021-09-19,6033.9893,6085.813
885,2021-09-20,6398.9604,6575.688
886,2021-09-21,6499.564,6606.545
887,2021-09-22,6505.4287,6620.951
888,2021-09-23,6490.09,6656.3955
889,2021-09-24,6484.225,6735.366
890,2021-09-25,6204.969,6355.463
891,2021-09-26,6050.2295,6186.116
892,2021-09-27,6427.3823,6522.6646
893,2021-09-28,6544.2236,6454.898
894,2021-09-29,6536.5566,6529.6504
895,2021-09-30,6529.79,6377.2363
896,2021-10-01,6495.0527,6364.8223
897,2021-10-02,6198.205,5990.2646
898,2021-10-03,6066.0186,5949.3384
899,2021-10-04,6421.517,6535.559
900,2021-09-06,6385.295,6537.5215
901,2021-09-07,6439.4404,6451.408
902,2021-09-08,6453.4263,6505.1514
903,2021-09-09,6448.4644,6636.3926
904,2021-09-10,6432.2217,6510.4546
905,2021-09-11,6159.7,6253.585
906,2021-09-12,6063.1436,6152.053
907,2021-09-13,6466.5107,6474.404
908,2021-09-14,6533.2876,6517.15
909,2021-09-15,6533.7383,6618.6665
910,2021-09-16,6532.3867,6681.2217
911,2021-09-17,6518.85,6699.5693
912,2021-09-18,6228.7314,6359.7954
913,2021-09-19,6075.326,6085.813
914,2021-09-20,6470.1206,6575.688
915,2021-09-21,6529.227,6606.545
916,2021-09-22,6520.6523,6620.951
917,2021-09-23,6503.51,6656.3955
918,2021-09-24,6484.108,6735.366
919,2021-09-25,6197.15,6355.463
920,2021-09-26,6054.1187,6186.116
921,2021-09-27,6442.5977,6522.6646
922,2021-09-28,6546.825,6454.898
923,2021-09-29,6532.385,6529.6504
924,2021-09-30,6524.716,6377.2363
925,2021-10-01,6498.0938,6364.8223
926,2021-10-02,6207.978,5990.2646
927,2021-10-03,6104.2007,5949.3384
928,2021-10-04,6485.912,6535.559
929,2021-10-05,6563.969,6482.915
930,2021-09-07,6544.3765,6451.408
931,2021-09-08,6546.6323,6505.1514
932,2021-09-09,6531.288,6636.3926
933,2021-09-10,6511.881,6510.4546
934,2021-09-11,6218.0596,6253.585
935,2021-09-12,6140.4307,6152.053
936,2021-09-13,6578.6777,6474.404
937,2021-09-14,6595.3774,6517.15
938,2021-09-15,6600.7925,6618.6665
939,2021-09-16,6589.51,6681.2217
940,2021-09-17,6570.5537,6699.5693
941,2021-09-18,6240.6265,6359.7954
942,2021-09-19,6121.927,6085.813
943,2021-09-20,6549.34,6575.688
944,2021-09-21,6545.7295,6606.545
945,2021-09-22,6544.3755,6620.951
946,2021-09-23,6544.375,6656.3955
947,2021-09-24,6508.7207,6735.366
948,2021-09-25,6174.732,6355.463
949,2021-09-26,6099.811,6186.116
950,2021-09-27,6526.773,6522.6646
951,2021-09-28,6593.571,6454.898
952,2021-09-29,6586.35,6529.6504
953,2021-09-30,6585.448,6377.2363
954,2021-10-01,6538.509,6364.8223
955,2021-10-02,6223.0244,5990.2646
956,2021-10-03,6132.7583,5949.3384
957,2021-10-04,6551.5967,6535.559
958,2021-10-05,6580.0312,6482.915
959,2021-10-06,6573.261,6573.054
960,2021-09-08,6455.618,6505.1514
961,2021-09-09,6447.946,6636.3926
962,2021-09-10,6441.625,6510.4546
963,2021-09-11,6134.668,6253.585
964,2021-09-12,6041.6763,6152.053
965,2021-09-13,6474.576,6474.404
966,2021-09-14,6508.886,6517.15
967,2021-09-15,6495.794,6618.6665
968,2021-09-16,6492.6343,6681.2217
969,2021-09-17,6463.7427,6699.5693
970,2021-09-18,6170.3276,6359.7954
971,2021-09-19,6072.825,6085.813
972,2021-09-20,6517.9146,6575.688
973,2021-09-21,6542.288,6606.545
974,2021-09-22,6526.49,6620.951
975,2021-09-23,6523.33,6656.3955
976,2021-09-24,6484.5093,6735.366
977,2021-09-25,6175.292,6355.463
978,2021-09-26,6055.2183,6186.116
979,2021-09-27,6499.857,6522.6646
980,2021-09-28,6548.6064,6454.898
981,2021-09-29,6535.518,6529.6504
982,2021-09-30,6517.0107,6377.2363
983,2021-10-01,6469.162,6364.8223
984,2021-10-02,6157.2393,5990.2646
985,2021-10-03,6098.1025,5949.3384
986,2021-10-04,6527.392,6535.559
987,2021-10-05,6569.375,6482.915
988,2021-10-06,6581.109,6573.054
989,2021-10-07,6548.6094,6612.238
990,2021-09-09,6488.4194,6636.3926
991,2021-09-10,6475.3237,6510.4546
992,2021-09-11,6172.373,6253.585
993,2021-09-12,6053.1787,6152.053
994,2021-09-13,6496.0933,6474.404
995,2021-09-14,6511.445,6517.15
996,2021-09-15,6520.9263,6618.6665
997,2021-09-16,6529.9556,6681.2217
998,2021-09-17,6512.7974,6699.5693
999,2021-09-18,6235.131,6359.7954
1000,2021-09-19,6110.97,6085.813
1001,2021-09-20,6513.7017,6575.688
1002,2021-09-21,6544.855,6606.545
1003,2021-09-22,6538.0806,6620.951
1004,2021-09-23,6536.728,6656.3955
1005,2021-09-24,6479.388,6735.366
1006,2021-09-25,6205.3296,6355.463
1007,2021-09-26,6110.0664,6186.116
1008,2021-09-27,6494.7373,6522.6646
1009,2021-09-28,6542.1455,6454.898
1010,2021-09-29,6537.6323,6529.6504
1011,2021-09-30,6523.635,6377.2363
1012,2021-10-01,6480.292,6364.8223
1013,2021-10-02,6211.6523,5990.2646
1014,2021-10-03,6126.7715,5949.3384
1015,2021-10-04,6495.6426,6535.559
1016,2021-10-05,6552.9814,6482.915
1017,2021-10-06,6558.851,6573.054
1018,2021-10-07,6560.6567,6612.238
1019,2021-10-08,6526.795,6713.7734
1020,2021-09-10,6498.8037,6510.4546
1021,2021-09-11,6188.1094,6253.585
1022,2021-09-12,6184.496,6152.053
1023,2021-09-13,6606.281,6474.404
1024,2021-09-14,6618.4746,6517.15
1025,2021-09-15,6628.409,6618.6665
1026,2021-09-16,6637.44,6681.2217
1027,2021-09-17,6560.217,6699.5693
1028,2021-09-18,6234.174,6359.7954
1029,2021-09-19,6203.4624,6085.813
1030,2021-09-20,6605.8296,6575.688
1031,2021-09-21,6644.214,6606.545
1032,2021-09-22,6620.7324,6620.951
1033,2021-09-23,6618.9233,6656.3955
1034,2021-09-24,6516.865,6735.366
1035,2021-09-25,6204.3677,6355.463
1036,2021-09-26,6189.0127,6186.116
1037,2021-09-27,6604.4746,6522.6646
1038,2021-09-28,6629.3086,6454.898
1039,2021-09-29,6612.6025,6529.6504
1040,2021-09-30,6575.57,6377.2363
1041,2021-10-01,6501.9614,6364.8223
1042,2021-10-02,6216.5576,5990.2646
1043,2021-10-03,6212.494,5949.3384
1044,2021-10-04,6575.572,6535.559
1045,2021-10-05,6585.0537,6482.915
1046,2021-10-06,6559.766,6573.054
1047,2021-10-07,6555.25,6612.238
1048,2021-10-08,6471.7056,6713.7734
1049,2021-10-09,6189.463,6439.4873
1050,2021-09-11,6123.632,6253.585
1051,2021-09-12,6051.3667,6152.053
1052,2021-09-13,6535.095,6474.404
1053,2021-09-14,6545.0317,6517.15
1054,2021-09-15,6544.5796,6618.6665
1055,2021-09-16,6546.3877,6681.2217
1056,2021-09-17,6520.1914,6699.5693
1057,2021-09-18,6150.732,6359.7954
1058,2021-09-19,6052.72,6085.813
1059,2021-09-20,6523.805,6575.688
1060,2021-09-21,6543.2275,6606.545
1061,2021-09-22,6544.1294,6620.951
1062,2021-09-23,6517.031,6656.3955
1063,2021-09-24,6500.319,6735.366
1064,2021-09-25,6136.7305,6355.463
1065,2021-09-26,6064.9155,6186.116
1066,2021-09-27,6510.2544,6522.6646
1067,2021-09-28,6554.0664,6454.898
1068,2021-09-29,6515.223,6529.6504
1069,2021-09-30,6520.6426,6377.2363
1070,2021-10-01,6482.253,6364.8223
1071,2021-10-02,6147.12,5990.2646
1072,2021-10-03,6090.21,5949.3384
1073,2021-10-04,6518.8354,6535.559
1074,2021-10-05,6526.514,6482.915
1075,2021-10-06,6524.257,6573.054
1076,2021-10-07,6539.163,6612.238
1077,2021-10-08,6486.7686,6713.7734
1078,2021-10-09,6170.152,6439.4873
1079,2021-10-10,6109.179,6257.1685
1080,2021-09-12,6065.456,6152.053
1081,2021-09-13,6547.422,6474.404
1082,2021-09-14,6562.326,6517.15
1083,2021-09-15,6556.9087,6618.6665
1084,2021-09-16,6563.683,6681.2217
1085,2021-09-17,6526.6436,6699.5693
1086,2021-09-18,6195.5464,6359.7954
1087,2021-09-19,6100.239,6085.813
1088,2021-09-20,6548.326,6575.688
1089,2021-09-21,6553.746,6606.545
1090,2021-09-22,6556.4575,6620.951
1091,2021-09-23,6538.39,6656.3955
1092,2021-09-24,6495.4756,6735.366
1093,2021-09-25,6174.767,6355.463
1094,2021-09-26,6081.7188,6186.116
1095,2021-09-27,6531.162,6522.6646
1096,2021-09-28,6563.6846,6454.898
1097,2021-09-29,6553.747,6529.6504
1098,2021-09-30,6530.71,6377.2363
1099,2021-10-01,6487.3477,6364.8223
1100,2021-10-02,6195.9985,5990.2646
1101,2021-10-03,6123.725,5949.3384
1102,2021-10-04,6537.035,6535.559
1103,2021-10-05,6571.362,6482.915
1104,2021-10-06,6581.3,6573.054
1105,2021-10-07,6569.556,6612.238
1106,2021-10-08,6483.2812,6713.7734
1107,2021-10-09,6206.3857,6439.4873
1108,2021-10-10,6153.9907,6257.1685
1109,2021-10-11,6552.8423,6658.779
1110,2021-09-13,6558.259,6474.404
1111,2021-09-14,6572.715,6517.15
1112,2021-09-15,6565.4844,6618.6665
1113,2021-09-16,6567.744,6681.2217
1114,2021-09-17,6539.733,6699.5693
1115,2021-09-18,6190.5215,6359.7954
1116,2021-09-19,6054.5396,6085.813
1117,2021-09-20,6522.5693,6575.688
1118,2021-09-21,6543.3486,6606.545
1119,2021-09-22,6548.3164,6620.951
1120,2021-09-23,6546.0625,6656.3955
1121,2021-09-24,6512.178,6735.366
1122,2021-09-25,6174.2583,6355.463
1123,2021-09-26,6056.3477,6186.116
1124,2021-09-27,6514.436,6522.6646
1125,2021-09-28,6565.4863,6454.898
1126,2021-09-29,6537.477,6529.6504
1127,2021-09-30,6524.3745,6377.2363
1128,2021-10-01,6487.7827,6364.8223
1129,2021-10-02,6186.4575,5990.2646
1130,2021-10-03,6097.007,5949.3384
1131,2021-10-04,6517.1465,6535.559
1132,2021-10-05,6551.4805,6482.915
1133,2021-10-06,6561.42,6573.054
1134,2021-10-07,6543.3506,6612.238
1135,2021-10-08,6490.0405,6713.7734
1136,2021-10-09,6191.425,6439.4873
1137,2021-10-10,6090.681,6257.1685
1138,2021-10-11,6507.6606,6658.779
1139,2021-10-12,6560.9663,6885.4077
1140,2021-09-14,6493.1406,6517.15
1141,2021-09-15,6493.1406,6618.6665
1142,2021-09-16,6520.2544,6681.2217
1143,2021-09-17,6501.727,6699.5693
1144,2021-09-18,6150.6113,6359.7954
1145,2021-09-19,6060.685,6085.813
1146,2021-09-20,6516.1875,6575.688
1147,2021-09-21,6523.869,6606.545
1148,2021-09-22,6509.4087,6620.951
1149,2021-09-23,6497.208,6656.3955
1150,2021-09-24,6480.489,6735.366
1151,2021-09-25,6148.351,6355.463
1152,2021-09-26,6049.84,6186.116
1153,2021-09-27,6470.5454,6522.6646
1154,2021-09-28,6485.459,6454.898
1155,2021-09-29,6456.087,6529.6504
1156,2021-09-30,6453.375,6377.2363
1157,2021-10-01,6446.145,6364.8223
1158,2021-10-02,6128.017,5990.2646
1159,2021-10-03,6025.4375,5949.3384
1160,2021-10-04,7335.9067,6535.559
1161,2021-10-05,7354.886,6482.915
1162,2021-10-06,7349.9155,6573.054
1163,2021-10-07,7351.7227,6612.238
1164,2021-10-08,7327.774,6713.7734
1165,2021-10-09,7014.163,6439.4873
1166,2021-10-10,6917.459,6257.1685
1167,2021-10-11,7352.1733,6658.779
1168,2021-10-12,7391.4883,6885.4077
1169,2021-10-13,7377.48,6904.2583
1170,2021-09-15,6498.5527,6618.6665
1171,2021-09-16,6485.898,6681.2217
1172,2021-09-17,6470.983,6699.5693
1173,2021-09-18,6174.0513,6359.7954
1174,2021-09-19,6056.0957,6085.813
1175,2021-09-20,6478.666,6575.688
1176,2021-09-21,6497.196,6606.545
1177,2021-09-22,6496.2925,6620.951
1178,2021-09-23,6494.9346,6656.3955
1179,2021-09-24,6475.049,6735.366
1180,2021-09-25,6159.5923,6355.463
1181,2021-09-26,6066.491,6186.116
1182,2021-09-27,6483.636,6522.6646
1183,2021-09-28,6516.176,6454.898
1184,2021-09-29,6495.8394,6529.6504
1185,2021-09-30,6478.666,6377.2363
1186,2021-10-01,6429.405,6364.8223
1187,2021-10-02,6135.638,5990.2646
1188,2021-10-03,6079.145,5949.3384
1189,2021-10-04,6487.2524,6535.559
1190,2021-10-05,6517.985,6482.915
1191,2021-10-06,6517.082,6573.054
1192,2021-10-07,6494.936,6612.238
1193,2021-10-08,6452.905,6713.7734
1194,2021-10-09,6157.3325,6439.4873
1195,2021-10-10,6086.3755,6257.1685
1196,2021-10-11,6503.0693,6658.779
1197,2021-10-12,6530.188,6885.4077
1198,2021-10-13,6523.8613,6904.2583
1199,2021-10-14,6513.919,6975.4473
1200,2021-09-16,6609.0957,6681.2217
1201,2021-09-17,6576.5493,6699.5693
1202,2021-09-18,6232.105,6359.7954
1203,2021-09-19,6108.2456,6085.813
1204,2021-09-20,6543.1006,6575.688
1205,2021-09-21,6580.618,6606.545
1206,2021-09-22,6567.96,6620.951
1207,2021-09-23,6571.5776,6656.3955
1208,2021-09-24,6544.4556,6735.366
1209,2021-09-25,6195.489,6355.463
1210,2021-09-26,6096.042,6186.116
1211,2021-09-27,6518.6895,6522.6646
1212,2021-09-28,6564.3457,6454.898
1213,2021-09-29,6556.6606,6529.6504
1214,2021-09-30,6544.9067,6377.2363
1215,2021-10-01,6501.513,6364.8223
1216,2021-10-02,6191.8735,5990.2646
1217,2021-10-03,6116.3843,5949.3384
1218,2021-10-04,6533.156,6535.559
1219,2021-10-05,6545.8125,6482.915
1220,2021-10-06,6546.7163,6573.054
1221,2021-10-07,6547.1675,6612.238
1222,2021-10-08,6506.485,6713.7734
1223,2021-10-09,6187.804,6439.4873
1224,2021-10-10,6122.259,6257.1685
1225,2021-10-11,6537.221,6658.779
1226,2021-10-12,6576.549,6885.4077
1227,2021-10-13,6574.7407,6904.2583
1228,2021-10-14,6570.2207,6975.4473
1229,2021-10-15,6544.9067,6928.0503
1230,2021-09-17,6637.0923,6699.5693
1231,2021-09-18,6269.9717,6359.7954
1232,2021-09-19,6143.378,6085.813
1233,2021-09-20,6549.8354,6575.688
1234,2021-09-21,6568.372,6606.545
1235,2021-09-22,6551.641,6620.951
1236,2021-09-23,6564.755,6656.3955
1237,2021-09-24,6551.642,6735.366
1238,2021-09-25,6241.94,6355.463
1239,2021-09-26,6133.8843,6186.116
1240,2021-09-27,6533.5566,6522.6646
1241,2021-09-28,6587.36,6454.898
1242,2021-09-29,6590.523,6529.6504
1243,2021-09-30,6558.424,6377.2363
1244,2021-10-01,6518.186,6364.8223
1245,2021-10-02,6207.5806,5990.2646
1246,2021-10-03,6097.7163,5949.3384
1247,2021-10-04,6488.7983,6535.559
1248,2021-10-05,6523.159,6482.915
1249,2021-10-06,6502.815,6573.054
1250,2021-10-07,6495.58,6612.238
1251,2021-10-08,6441.7783,6713.7734
1252,2021-10-09,6152.4214,6439.4873
1253,2021-10-10,6065.614,6257.1685
1254,2021-10-11,6438.6123,6658.779
1255,2021-10-12,6493.319,6885.4077
1256,2021-10-13,6504.1704,6904.2583
1257,2021-10-14,6514.1157,6975.4473
1258,2021-10-15,6459.864,6928.0503
1259,2021-10-16,6194.9233,6626.86
1260,2021-09-18,6328.3975,6359.7954
1261,2021-09-19,6138.464,6085.813
1262,2021-09-20,6541.393,6575.688
1263,2021-09-21,6611.489,6606.545
1264,2021-09-22,6606.062,6620.951
1265,2021-09-23,6619.6294,6656.3955
1266,2021-09-24,6587.5205,6735.366
1267,2021-09-25,6285.436,6355.463
1268,2021-09-26,6134.848,6186.116
1269,2021-09-27,6535.967,6522.6646
1270,2021-09-28,6625.9604,6454.898
1271,2021-09-29,6626.4126,6529.6504
1272,2021-09-30,6609.679,6377.2363
1273,2021-10-01,6581.641,6364.8223
1274,2021-10-02,6266.8945,5990.2646
1275,2021-10-03,6146.6045,5949.3384
1276,2021-10-04,6526.471,6535.559
1277,2021-10-05,6608.323,6482.915
1278,2021-10-06,6592.4956,6573.054
1279,2021-10-07,6591.1387,6612.238
1280,2021-10-08,6568.98,6713.7734
1281,2021-10-09,6284.5317,6439.4873
1282,2021-10-10,6156.5537,6257.1685
1283,2021-10-11,6517.4277,6658.779
1284,2021-10-12,6615.56,6885.4077
1285,2021-10-13,6617.8174,6904.2583
1286,2021-10-14,6629.5776,6975.4473
1287,2021-10-15,6610.132,6928.0503
1288,2021-10-16,6318.449,6626.86
1289,2021-10-17,6197.2524,6271.2397
1290,2021-09-19,6122.355,6085.813
1291,2021-09-20,6571.0376,6575.688
1292,2021-09-21,6585.962,6606.545
1293,2021-09-22,6575.108,6620.951
1294,2021-09-23,6561.5396,6656.3955
1295,2021-09-24,6546.6133,6735.366
1296,2021-09-25,6226.3857,6355.463
1297,2021-09-26,6091.5996,6186.116
1298,2021-09-27,6504.096,6522.6646
1299,2021-09-28,6565.608,6454.898
1300,2021-09-29,6541.6377,6529.6504
1301,2021-09-30,6535.3076,6377.2363
1302,2021-10-01,6508.6206,6364.8223
1303,2021-10-02,6211.91,5990.2646
1304,2021-10-03,6106.9756,5949.3384
1305,2021-10-04,6529.4263,6535.559
1306,2021-10-05,6541.185,6482.915
1307,2021-10-06,6511.787,6573.054
1308,2021-10-07,6507.2637,6612.238
1309,2021-10-08,6480.578,6713.7734
1310,2021-10-09,6189.747,6439.4873
1311,2021-10-10,6106.975,6257.1685
1312,2021-10-11,6507.264,6658.779
1313,2021-10-12,6549.3276,6885.4077
1314,2021-10-13,6547.9707,6904.2583
1315,2021-10-14,6538.47,6975.4473
1316,2021-10-15,6497.765,6928.0503
1317,2021-10-16,6236.787,6626.86
1318,2021-10-17,6160.8013,6271.2397
1319,2021-10-18,6551.589,6581.867
1320,2021-09-20,6521.5825,6575.688
1321,2021-09-21,6576.7725,6606.545
1322,2021-09-22,6566.3687,6620.951
1323,2021-09-23,6575.8687,6656.3955
1324,2021-09-24,6567.7275,6735.366
1325,2021-09-25,6249.2485,6355.463
1326,2021-09-26,6105.389,6186.116
1327,2021-09-27,6517.0586,6522.6646
1328,2021-09-28,6595.3237,6454.898
1329,2021-09-29,6594.869,6529.6504
1330,2021-09-30,6581.2983,6377.2363
1331,2021-10-01,6553.252,6364.8223
1332,2021-10-02,6241.1055,5990.2646
1333,2021-10-03,6104.936,5949.3384
1334,2021-10-04,6506.2007,6535.559
1335,2021-10-05,6557.775,6482.915
1336,2021-10-06,6551.8945,6573.054
1337,2021-10-07,6549.177,6612.238
1338,2021-10-08,6536.06,6713.7734
1339,2021-10-09,6231.152,6439.4873
1340,2021-10-10,6101.7705,6257.1685
1341,2021-10-11,6483.5825,6658.779
1342,2021-10-12,6550.0825,6885.4077
1343,2021-10-13,6555.0605,6904.2583
1344,2021-10-14,6573.6074,6975.4473
1345,2021-10-15,6554.608,6928.0503
1346,2021-10-16,6251.9604,6626.86
1347,2021-10-17,6135.6963,6271.2397
1348,2021-10-18,6545.5605,6581.867
1349,2021-10-19,6613.418,6684.4634
1350,2021-09-21,6587.922,6606.545
1351,2021-09-22,6567.1055,6620.951
1352,2021-09-23,6609.1924,6656.3955
1353,2021-09-24,6571.1787,6735.366
1354,2021-09-25,6252.575,6355.463
1355,2021-09-26,6102.325,6186.116
1356,2021-09-27,6533.1626,6522.6646
1357,2021-09-28,6579.7773,6454.898
1358,2021-09-29,6572.9873,6529.6504
1359,2021-09-30,6580.228,6377.2363
1360,2021-10-01,6544.4775,6364.8223
1361,2021-10-02,6226.328,5990.2646
1362,2021-10-03,6108.2095,5949.3384
1363,2021-10-04,6527.281,6535.559
1364,2021-10-05,6563.484,6482.915
1365,2021-10-06,6551.2656,6573.054
1366,2021-10-07,6573.4424,6612.238
1367,2021-10-08,6530.9,6713.7734
1368,2021-10-09,6202.7964,6439.4873
1369,2021-10-10,6098.706,6257.1685
1370,2021-10-11,6487.9067,6658.779
1371,2021-10-12,6542.214,6885.4077
1372,2021-10-13,6543.12,6904.2583
1373,2021-10-14,6548.098,6975.4473
1374,2021-10-15,6507.8213,6928.0503
1375,2021-10-16,6208.678,6626.86
1376,2021-10-17,6100.064,6271.2397
1377,2021-10-18,6506.4644,6581.867
1378,2021-10-19,6570.274,6684.4634
1379,2021-10-20,6563.0337,6550.5884
1380,2021-09-22,6601.2075,6620.951
1381,2021-09-23,6612.5254,6656.3955
1382,2021-09-24,6583.5513,6735.366
1383,2021-09-25,6257.161,6355.463
1384,2021-09-26,6075.631,6186.116
1385,2021-09-27,6546.4326,6522.6646
1386,2021-09-28,6600.305,6454.898
1387,2021-09-29,6574.9517,6529.6504
1388,2021-09-30,6585.364,6377.2363
1389,2021-10-01,6566.8037,6364.8223
1390,2021-10-02,6239.507,5990.2646
1391,2021-10-03,6099.1714,5949.3384
1392,2021-10-04,6548.243,6535.559
1393,2021-10-05,6587.176,6482.915
1394,2021-10-06,6578.573,6573.054
1395,2021-10-07,6578.5737,6612.238
1396,2021-10-08,6554.129,6713.7734
1397,2021-10-09,6236.788,6439.4873
1398,2021-10-10,6110.487,6257.1685
1399,2021-10-11,6530.5894,6658.779
1400,2021-10-12,6578.5737,6885.4077
1401,2021-10-13,6579.48,6904.2583
1402,2021-10-14,6584.007,6975.4473
1403,2021-10-15,6564.541,6928.0503
1404,2021-10-16,6266.215,6626.86
1405,2021-10-17,6124.9727,6271.2397
1406,2021-10-18,6547.79,6581.867
1407,2021-10-19,6613.8867,6684.4634
1408,2021-10-20,6599.851,6550.5884
1409,2021-10-21,6597.5874,6475.0454
1410,2021-09-23,6640.177,6656.3955
1411,2021-09-24,6598.0654,6735.366
1412,2021-09-25,6254.375,6355.463
1413,2021-09-26,6090.906,6186.116
1414,2021-09-27,6528.783,6522.6646
1415,2021-09-28,6565.0093,6454.898
1416,2021-09-29,6549.162,6529.6504
1417,2021-09-30,6545.087,6377.2363
1418,2021-10-01,6506.142,6364.8223
1419,2021-10-02,6195.509,5990.2646
1420,2021-10-03,6060.5684,5949.3384
1421,2021-10-04,6480.785,6535.559
1422,2021-10-05,6529.237,6482.915
1423,2021-10-06,6513.389,6573.054
1424,2021-10-07,6502.0674,6612.238
1425,2021-10-08,6483.9556,6713.7734
1426,2021-10-09,6184.641,6439.4873
1427,2021-10-10,6043.814,6257.1685
1428,2021-10-11,6484.408,6658.779
1429,2021-10-12,6526.9727,6885.4077
1430,2021-10-13,6507.5015,6904.2583
1431,2021-10-14,6497.5396,6975.4473
1432,2021-10-15,6477.163,6928.0503
1433,2021-10-16,6186.9043,6626.86
1434,2021-10-17,6075.058,6271.2397
1435,2021-10-18,6465.8413,6581.867
1436,2021-10-19,6537.8413,6684.4634
1437,2021-10-20,6534.2183,6550.5884
1438,2021-10-21,6529.2363,6475.0454
1439,2021-10-22,6522.8975,6528.918
1440,2021-09-24,6624.315,6735.366
1441,2021-09-25,6283.247,6355.463
1442,2021-09-26,6078.514,6186.116
1443,2021-09-27,6527.3823,6522.6646
1444,2021-09-28,6584.4517,6454.898
1445,2021-09-29,6579.018,6529.6504
1446,2021-09-30,6583.094,6377.2363
1447,2021-10-01,6546.4062,6364.8223
1448,2021-10-02,6217.115,5990.2646
1449,2021-10-03,6083.949,5949.3384
1450,2021-10-04,7363.518,6535.559
1451,2021-10-05,7405.642,6482.915
1452,2021-10-06,7390.6963,6573.054
1453,2021-10-07,7387.977,6612.238
1454,2021-10-08,7361.7046,6713.7734
1455,2021-10-09,6199.9033,6439.4873
1456,2021-10-10,6056.319,6257.1685
1457,2021-10-11,6474.8413,6658.779
1458,2021-10-12,6537.3457,6885.4077
1459,2021-10-13,6509.7173,6904.2583
1460,2021-10-14,6524.2114,6975.4473
1461,2021-10-15,6518.323,6928.0503
1462,2021-10-16,6211.227,6626.86
1463,2021-10-17,6093.007,6271.2397
1464,2021-10-18,6501.5645,6581.867
1465,2021-10-19,6561.8057,6684.4634
1466,2021-10-20,6558.1826,6550.5884
1467,2021-10-21,6548.6714,6475.0454
1468,2021-10-22,6532.8164,6528.918
1469,2021-10-23,6245.198,6229.809
1470,2021-09-25,6383.445,6355.463
1471,2021-09-26,6127.9067,6186.116
1472,2021-09-27,6484.484,6522.6646
1473,2021-09-28,6629.4707,6454.898
1474,2021-09-29,6636.265,6529.6504
1475,2021-09-30,6632.1846,6377.2363
1476,2021-10-01,6614.969,6364.8223
1477,2021-10-02,6325.4487,5990.2646
1478,2021-10-03,6128.3594,5949.3384
1479,2021-10-04,6451.4087,6535.559
1480,2021-10-05,6583.254,6482.915
1481,2021-10-06,6594.582,6573.054
1482,2021-10-07,6593.6733,6612.238
1483,2021-10-08,6570.1143,6713.7734
1484,2021-10-09,6299.172,6439.4873
1485,2021-10-10,6145.5776,6257.1685
1486,2021-10-11,6457.2964,6658.779
1487,2021-10-12,6583.2524,6885.4077
1488,2021-10-13,6600.017,6904.2583
1489,2021-10-14,6601.83,6975.4473
1490,2021-10-15,6586.424,6928.0503
1491,2021-10-16,6321.8267,6626.86
1492,2021-10-17,6164.607,6271.2397
1493,2021-10-18,6495.8096,6581.867
1494,2021-10-19,6648.044,6684.4634
1495,2021-10-20,6650.3096,6550.5884
1496,2021-10-21,6643.513,6475.0454
1497,2021-10-22,6634.904,6528.918
1498,2021-10-23,6370.7583,6229.809
1499,2021-10-24,6220.7886,6056.3564
1500,2021-09-26,6066.783,6186.116
1501,2021-09-27,6544.9287,6522.6646
1502,2021-09-28,6571.67,6454.898
1503,2021-09-29,6555.3545,6529.6504
1504,2021-09-30,6546.29,6377.2363
1505,2021-10-01,6513.656,6364.8223
1506,2021-10-02,6177.3677,5990.2646
1507,2021-10-03,6059.531,5949.3384
1508,2021-10-04,6539.036,6535.559
1509,2021-10-05,6559.8857,6482.915
1510,2021-10-06,6568.496,6573.054
1511,2021-10-07,6541.304,6612.238
1512,2021-10-08,6500.0596,6713.7734
1513,2021-10-09,6151.0825,6439.4873
1514,2021-10-10,6058.6255,6257.1685
1515,2021-10-11,6523.175,6658.779
1516,2021-10-12,6552.1816,6885.4077
1517,2021-10-13,6544.0225,6904.2583
1518,2021-10-14,6566.23,6975.4473
1519,2021-10-15,6538.128,6928.0503
1520,2021-10-16,6243.538,6626.86
1521,2021-10-17,6134.763,6271.2397
1522,2021-10-18,6577.56,6581.867
1523,2021-10-19,6617.898,6684.4634
1524,2021-10-20,6605.2075,6550.5884
1525,2021-10-21,6608.833,6475.0454
1526,2021-10-22,6586.6235,6528.918
1527,2021-10-23,6272.5444,6229.809
1528,2021-10-24,6190.0566,6056.3564
1529,2021-10-25,6613.3643,6580.954
1530,2021-09-27,6584.9346,6522.6646
1531,2021-09-28,6622.1074,6454.898
1532,2021-09-29,6605.334,6529.6504
1533,2021-09-30,6590.8286,6377.2363
1534,2021-10-01,6557.283,6364.8223
1535,2021-10-02,6210.4927,5990.2646
1536,2021-10-03,6105.779,5949.3384
1537,2021-10-04,6551.8433,6535.559
1538,2021-10-05,6590.3765,6482.915
1539,2021-10-06,6603.069,6573.054
1540,2021-10-07,6584.484,6612.238
1541,2021-10-08,6545.0444,6713.7734
1542,2021-10-09,6215.027,6439.4873
1543,2021-10-10,6121.645,6257.1685
1544,2021-10-11,6556.3765,6658.779
1545,2021-10-12,6584.484,6885.4077
1546,2021-10-13,6565.898,6904.2583
1547,2021-10-14,6574.963,6975.4473
1548,2021-10-15,6542.7773,6928.0503
1549,2021-10-16,6232.7075,6626.86
1550,2021-10-17,6139.7773,6271.2397
1551,2021-10-18,6611.228,6581.867
1552,2021-10-19,6633.897,6684.4634
1553,2021-10-20,6623.4707,6550.5884
1554,2021-10-21,6632.9893,6475.0454
1555,2021-10-22,6589.924,6528.918
1556,2021-10-23,6269.878,6229.809
1557,2021-10-24,6214.574,6056.3564
1558,2021-10-25,6625.7373,6580.954
1559,2021-10-26,6646.589,6681.8013
1560,2021-09-28,6576.8657,6454.898
1561,2021-09-29,6574.145,6529.6504
1562,2021-09-30,6556.46,6377.2363
1563,2021-10-01,6519.2744,6364.8223
1564,2021-10-02,6182.7886,5990.2646
1565,2021-10-03,6063.9756,5949.3384
1566,2021-10-04,6523.3545,6535.559
1567,2021-10-05,6555.5513,6482.915
1568,2021-10-06,6560.5405,6573.054
1569,2021-10-07,6560.088,6612.238
1570,2021-10-08,6528.3438,6713.7734
1571,2021-10-09,6212.7183,6439.4873
1572,2021-10-10,6119.7524,6257.1685
1573,2021-10-11,6525.17,6658.779
1574,2021-10-12,6551.469,6885.4077
1575,2021-10-13,6535.598,6904.2583
1576,2021-10-14,6553.741,6975.4473
1577,2021-10-15,6518.82,6928.0503
1578,2021-10-16,6225.4155,6626.86
1579,2021-10-17,6115.219,6271.2397
1580,2021-10-18,6541.4937,6581.867
1581,2021-10-19,6548.2974,6684.4634
1582,2021-10-20,6550.112,6550.5884
1583,2021-10-21,6553.2856,6475.0454
1584,2021-10-22,6518.8193,6528.918
1585,2021-10-23,6207.7314,6229.809
1586,2021-10-24,6132.4507,6056.3564
1587,2021-10-25,6557.365,6580.954
1588,2021-10-26,6577.7725,6681.8013
1589,2021-10-27,6589.109,6704.128
1590,2021-09-29,6477.156,6529.6504
1591,2021-09-30,6497.1143,6377.2363
1592,2021-10-01,6470.352,6364.8223
1593,2021-10-02,6131.5254,5990.2646
1594,2021-10-03,6022.6655,5949.3384
1595,2021-10-04,6468.9883,6535.559
1596,2021-10-05,6485.7715,6482.915
1597,2021-10-06,6492.1235,6573.054
1598,2021-10-07,6496.66,6612.238
1599,2021-10-08,6453.114,6713.7734
1600,2021-10-09,6137.8765,6439.4873
1601,2021-10-10,6044.892,6257.1685
1602,2021-10-11,6490.3086,6658.779
1603,2021-10-12,6496.66,6885.4077
1604,2021-10-13,6493.484,6904.2583
1605,2021-10-14,6500.288,6975.4473
1606,2021-10-15,6461.281,6928.0503
1607,2021-10-16,6147.8545,6626.86
1608,2021-10-17,6045.344,6271.2397
1609,2021-10-18,6482.596,6581.867
1610,2021-10-19,6506.183,6684.4634
1611,2021-10-20,6499.8345,6550.5884
1612,2021-10-21,6498.4736,6475.0454
1613,2021-10-22,6467.1777,6528.918
1614,2021-10-23,6170.0806,6229.809
1615,2021-10-24,6083.9,6056.3564
1616,2021-10-25,6500.2876,6580.954
1617,2021-10-26,6527.051,6681.8013
1618,2021-10-27,6523.419,6704.128
1619,2021-10-28,6535.669,6654.5933
1620,2021-09-30,6550.8164,6377.2363
1621,2021-10-01,6509.9824,6364.8223
1622,2021-10-02,6198.297,5990.2646
1623,2021-10-03,6063.553,5949.3384
1624,2021-10-04,6511.797,6535.559
1625,2021-10-05,6514.065,6482.915
1626,2021-10-06,6506.351,6573.054
1627,2021-10-07,6489.564,6612.238
1628,2021-10-08,6469.15,6713.7734
1629,2021-10-09,6170.623,6439.4873
1630,2021-10-10,6065.3657,6257.1685
1631,2021-10-11,6493.649,6658.779
1632,2021-10-12,6519.5093,6885.4077
1633,2021-10-13,6488.205,6904.2583
1634,2021-10-14,6479.132,6975.4473
1635,2021-10-15,6454.631,6928.0503
1636,2021-10-16,6158.8276,6626.86
1637,2021-10-17,6076.255,6271.2397
1638,2021-10-18,6498.187,6581.867
1639,2021-10-19,6522.685,6684.4634
1640,2021-10-20,6512.25,6550.5884
1641,2021-10-21,6509.5273,6475.0454
1642,2021-10-22,6480.494,6528.918
1643,2021-10-23,6198.752,6229.809
1644,2021-10-24,6128.884,6056.3564
1645,2021-10-25,6516.7876,6580.954
1646,2021-10-26,6543.5537,6681.8013
1647,2021-10-27,6556.259,6704.128
1648,2021-10-28,6567.1475,6654.5933
1649,2021-10-29,6544.462,6712.5684
1650,2021-10-01,6406.74,6364.8223
1651,2021-10-02,6157.1636,5990.2646
1652,2021-10-03,5997.891,5949.3384
1653,2021-10-04,6363.63,6535.559
1654,2021-10-05,6436.687,6482.915
1655,2021-10-06,6416.267,6573.054
1656,2021-10-07,6437.594,6612.238
1657,2021-10-08,6396.3013,6713.7734
1658,2021-10-09,6147.18,6439.4873
1659,2021-10-10,6016.042,6257.1685
1660,2021-10-11,6385.4106,6658.779
1661,2021-10-12,6461.643,6885.4077
1662,2021-10-13,6458.9214,6904.2583
1663,2021-10-14,6464.82,6975.4473
1664,2021-10-15,6442.5854,6928.0503
1665,2021-10-16,6200.272,6626.86
1666,2021-10-17,6065.049,6271.2397
1667,2021-10-18,6428.065,6581.867
1668,2021-10-19,6499.306,6684.4634
1669,2021-10-20,6499.7607,6550.5884
1670,2021-10-21,6497.037,6475.0454
1671,2021-10-22,6465.726,6528.918
1672,2021-10-23,6208.4395,6229.809
1673,2021-10-24,6120.4077,6056.3564
1674,2021-10-25,6469.8105,6580.954
1675,2021-10-26,6553.7573,6681.8013
1676,2021-10-27,6561.471,6704.128
1677,2021-10-28,6559.2036,6654.5933
1678,2021-10-29,6521.995,6712.5684
1679,2021-10-30,6261.5317,6415.479
1680,2021-10-02,6090.4463,5990.2646
1681,2021-10-03,5974.256,5949.3384
1682,2021-10-04,6433.1133,6535.559
1683,2021-10-05,6448.5454,6482.915
1684,2021-10-06,6434.929,6573.054
1685,2021-10-07,6410.4214,6612.238
1686,2021-10-08,6352.3267,6713.7734
1687,2021-10-09,6078.1914,6439.4873
1688,2021-10-10,5980.1567,6257.1685
1689,2021-10-11,6379.5576,6658.779
1690,2021-10-12,6407.244,6885.4077
1691,2021-10-13,6413.5967,6904.2583
1692,2021-10-14,6403.161,6975.4473
1693,2021-10-15,6380.922,6928.0503
1694,2021-10-16,6112.686,6626.86
1695,2021-10-17,6014.65,6271.2397
1696,2021-10-18,6405.429,6581.867
1697,2021-10-19,6444.009,6684.4634
1698,2021-10-20,6458.5312,6550.5884
1699,2021-10-21,6449.0005,6475.0454
1700,2021-10-22,6421.315,6528.918
1701,2021-10-23,6168.9644,6229.809
1702,2021-10-24,6094.0767,6056.3564
1703,2021-10-25,6442.194,6580.954
1704,2021-10-26,6503.464,6681.8013
1705,2021-10-27,6523.89,6704.128
1706,2021-10-28,6515.7188,6654.5933
1707,2021-10-29,6487.58,6712.5684
1708,2021-10-30,6210.7207,6415.479
1709,2021-10-31,6148.9937,6160.9214
1710,2021-10-03,5894.9683,5949.3384
1711,2021-10-04,6389.6943,6535.559
1712,2021-10-05,6411.4814,6482.915
1713,2021-10-06,6393.3267,6573.054
1714,2021-10-07,6397.41,6612.238
1715,2021-10-08,6347.939,6713.7734
1716,2021-10-09,6037.9404,6439.4873
1717,2021-10-10,5941.2637,6257.1685
1718,2021-10-11,6375.172,6658.779
1719,2021-10-12,6387.4263,6885.4077
1720,2021-10-13,6379.2563,6904.2583
1721,2021-10-14,6400.1343,6975.4473
1722,2021-10-15,6370.6323,6928.0503
1723,2021-10-16,6072.435,6626.86
1724,2021-10-17,5985.7437,6271.2397
1725,2021-10-18,6400.1343,6581.867
1726,2021-10-19,6422.8286,6684.4634
1727,2021-10-20,6428.73,6550.5884
1728,2021-10-21,6424.6445,6475.0454
1729,2021-10-22,6408.304,6528.918
1730,2021-10-23,6127.8086,6229.809
1731,2021-10-24,6028.4077,6056.3564
1732,2021-10-25,6448.7,6580.954
1733,2021-10-26,6472.302,6681.8013
1734,2021-10-27,6482.287,6704.128
1735,2021-10-28,6478.6562,6654.5933
1736,2021-10-29,6463.678,6712.5684
1737,2021-10-30,6162.3027,6415.479
1738,2021-10-31,6089.228,6160.9214
1739,2021-11-01,6505.8887,6482.731
1740,2021-10-04,6399.014,6535.559
1741,2021-10-05,6414.446,6482.915
1742,2021-10-06,6381.766,6573.054
1743,2021-10-07,6379.497,6612.238
1744,2021-10-08,6329.5684,6713.7734
1745,2021-10-09,6041.3457,6439.4873
1746,2021-10-10,5931.9556,6257.1685
1747,2021-10-11,6400.3755,6658.779
1748,2021-10-12,6423.9775,6885.4077
1749,2021-10-13,6421.255,6904.2583
1750,2021-10-14,6424.8867,6975.4473
1751,2021-10-15,6410.362,6928.0503
1752,2021-10-16,6128.0376,6626.86
1753,2021-10-17,6052.237,6271.2397
1754,2021-10-18,6447.1265,6581.867
1755,2021-10-19,6473.4536,6684.4634
1756,2021-10-20,6453.0273,6550.5884
1757,2021-10-21,6466.6455,6475.0454
1758,2021-10-22,6442.1333,6528.918
1759,2021-10-23,6150.2793,6229.809
1760,2021-10-24,6078.108,6056.3564
1761,2021-10-25,6497.963,6580.954
1762,2021-10-26,6543.353,6681.8013
1763,2021-10-27,6545.168,6704.128
1764,2021-10-28,6546.074,6654.5933
1765,2021-10-29,6506.5854,6712.5684
1766,2021-10-30,6218.8184,6415.479
1767,2021-10-31,6153.909,6160.9214
1768,2021-11-01,6571.946,6482.731
1769,2021-11-02,6617.791,6462.4326
1770,2021-10-05,6497.335,6482.915
1771,2021-10-06,6456.4727,6573.054
1772,2021-10-07,6456.929,6612.238
1773,2021-10-08,6403.3555,6713.7734
1774,2021-10-09,6081.917,6439.4873
1775,2021-10-10,6016.537,6257.1685
1776,2021-10-11,6478.2656,6658.779
1777,2021-10-12,6477.812,6885.4077
1778,2021-10-13,6451.933,6904.2583
1779,2021-10-14,6459.1973,6975.4473
1780,2021-10-15,6453.7495,6928.0503
1781,2021-10-16,6144.5684,6626.86
1782,2021-10-17,6059.67,6271.2397
1783,2021-10-18,6518.6743,6581.867
1784,2021-10-19,6542.2812,6684.4634
1785,2021-10-20,6519.5825,6550.5884
1786,2021-10-21,6498.2437,6475.0454
1787,2021-10-22,6456.473,6528.918
1788,2021-10-23,6149.563,6229.809
1789,2021-10-24,6070.5654,6056.3564
1790,2021-10-25,6504.6,6580.954
1791,2021-10-26,6530.4785,6681.8013
1792,2021-10-27,6535.473,6704.128
1793,2021-10-28,6538.195,6654.5933
1794,2021-10-29,6476.9023,6712.5684
1795,2021-10-30,6198.1426,6415.479
1796,2021-10-31,6136.398,6160.9214
1797,2021-11-01,6541.3726,6482.731
1798,2021-11-02,6566.7983,6462.4326
1799,2021-11-03,6574.0625,6431.2437
1800,2021-10-06,6453.334,6573.054
1801,2021-10-07,6451.971,6612.238
1802,2021-10-08,6401.115,6713.7734
1803,2021-10-09,6076.4517,6439.4873
1804,2021-10-10,5997.898,6257.1685
1805,2021-10-11,6456.0576,6658.779
1806,2021-10-12,6448.34,6885.4077
1807,2021-10-13,6451.065,6904.2583
1808,2021-10-14,6465.5957,6975.4473
1809,2021-10-15,6444.7075,6928.0503
1810,2021-10-16,6120.0425,6626.86
1811,2021-10-17,6028.775,6271.2397
1812,2021-10-18,6492.3867,6581.867
1813,2021-10-19,6488.7544,6684.4634
1814,2021-10-20,6494.6562,6550.5884
1815,2021-10-21,6479.6724,6475.0454
1816,2021-10-22,6451.065,6528.918
1817,2021-10-23,6165.4517,6229.809
1818,2021-10-24,6095.071,6056.3564
1819,2021-10-25,6506.462,6580.954
1820,2021-10-26,6509.1875,6681.8013
1821,2021-10-27,6509.641,6704.128
1822,2021-10-28,6518.723,6654.5933
1823,2021-10-29,6483.759,6712.5684
1824,2021-10-30,6191.334,6415.479
1825,2021-10-31,6145.4727,6160.9214
1826,2021-11-01,6547.3296,6482.731
1827,2021-11-02,6558.228,6462.4326
1828,2021-11-03,6565.038,6431.2437
1829,2021-11-04,6558.6826,6063.2866
1830,2021-10-07,6544.634,6612.238
1831,2021-10-08,6460.161,6713.7734
1832,2021-10-09,6150.439,6439.4873
1833,2021-10-10,6055.5225,6257.1685
1834,2021-10-11,6483.3223,6658.779
1835,2021-10-12,6475.149,6885.4077
1836,2021-10-13,6475.602,6904.2583
1837,2021-10-14,6475.602,6975.4473
1838,2021-10-15,6475.603,6928.0503
1839,2021-10-16,6196.7583,6626.86
1840,2021-10-17,6072.325,6271.2397
1841,2021-10-18,6501.9424,6581.867
1842,2021-10-19,6520.563,6684.4634
1843,2021-10-20,6515.567,6550.5884
1844,2021-10-21,6503.305,6475.0454
1845,2021-10-22,6497.8555,6528.918
1846,2021-10-23,6207.66,6229.809
1847,2021-10-24,6135.451,6056.3564
1848,2021-10-25,6508.3013,6580.954
1849,2021-10-26,6540.0894,6681.8013
1850,2021-10-27,6554.622,6704.128
1851,2021-10-28,6550.0825,6654.5933
1852,2021-10-29,6521.471,6712.5684
1853,2021-10-30,6244.445,6415.479
1854,2021-10-31,6149.0757,6160.9214
1855,2021-11-01,6532.8237,6482.731
1856,2021-11-02,6570.0645,6462.4326
1857,2021-11-03,6576.8774,6431.2437
1858,2021-11-04,6589.14,6063.2866
1859,2021-11-05,6552.3525,6435.461
1860,2021-10-08,6523.8374,6713.7734
1861,2021-10-09,6187.2417,6439.4873
1862,2021-10-10,6079.5864,6257.1685
1863,2021-10-11,6530.197,6658.779
1864,2021-10-12,6527.4717,6885.4077
1865,2021-10-13,6519.7495,6904.2583
1866,2021-10-14,6515.6587,6975.4473
1867,2021-10-15,6483.409,6928.0503
1868,2021-10-16,6171.344,6626.86
1869,2021-10-17,6071.409,6271.2397
1870,2021-10-18,6507.94,6581.867
1871,2021-10-19,6512.935,6684.4634
1872,2021-10-20,6523.8374,6550.5884
1873,2021-10-21,6502.489,6475.0454
1874,2021-10-22,6476.141,6528.918
1875,2021-10-23,6183.6074,6229.809
1876,2021-10-24,6104.5723,6056.3564
1877,2021-10-25,6549.7295,6580.954
1878,2021-10-26,6561.5386,6681.8013
1879,2021-10-27,6561.9937,6704.128
1880,2021-10-28,6572.8945,6654.5933
1881,2021-10-29,6525.6533,6712.5684
1882,2021-10-30,6204.0483,6415.479
1883,2021-10-31,6164.074,6160.9214
1884,2021-11-01,6594.698,6482.731
1885,2021-11-02,6608.7793,6462.4326
1886,2021-11-03,6627.858,6431.2437
1887,2021-11-04,6626.4976,6063.2866
1888,2021-11-05,6596.0625,6435.461
1889,2021-11-06,6251.745,6202.514
1890,2021-10-09,6318.6626,6439.4873
1891,2021-10-10,6148.284,6257.1685
1892,2021-10-11,6574.005,6658.779
1893,2021-10-12,6575.369,6885.4077
1894,2021-10-13,6574.9155,6904.2583
1895,2021-10-14,6577.6387,6975.4473
1896,2021-10-15,6564.0093,6928.0503
1897,2021-10-16,6240.5156,6626.86
1898,2021-10-17,6130.1074,6271.2397
1899,2021-10-18,6540.3843,6581.867
1900,2021-10-19,6567.19,6684.4634
1901,2021-10-20,6578.5483,6550.5884
1902,2021-10-21,6577.1875,6475.0454
1903,2021-10-22,6572.6426,6528.918
1904,2021-10-23,6253.692,6229.809
1905,2021-10-24,6159.6406,6056.3564
1906,2021-10-25,6581.73,6580.954
1907,2021-10-26,6602.175,6681.8013
1908,2021-10-27,6629.89,6704.128
1909,2021-10-28,6631.253,6654.5933
1910,2021-10-29,6615.806,6712.5684
1911,2021-10-30,6328.658,6415.479
1912,2021-10-31,6211.8906,6160.9214
1913,2021-11-01,6601.7217,6482.731
1914,2021-11-02,6641.2485,6462.4326
1915,2021-11-03,6671.236,6431.2437
1916,2021-11-04,6670.3286,6063.2866
1917,2021-11-05,6656.2417,6435.461
1918,2021-11-06,6333.6562,6202.514
1919,2021-11-07,6191.4443,6066.5063
1920,2021-10-10,6164.456,6257.1685
1921,2021-10-11,6607.958,6658.779
1922,2021-10-12,6614.774,6885.4077
1923,2021-10-13,6627.497,6904.2583
1924,2021-10-14,6603.413,6975.4473
1925,2021-10-15,6587.5093,6928.0503
1926,2021-10-16,6294.8706,6626.86
1927,2021-10-17,6202.1733,6271.2397
1928,2021-10-18,6607.959,6581.867
1929,2021-10-19,6622.0454,6684.4634
1930,2021-10-20,6628.861,6550.5884
1931,2021-10-21,6631.1333,6475.0454
1932,2021-10-22,6637.949,6528.918
1933,2021-10-23,6302.598,6229.809
1934,2021-10-24,6228.072,6056.3564
1935,2021-10-25,6651.1245,6580.954
1936,2021-10-26,6683.8423,6681.8013
1937,2021-10-27,6686.5693,6704.128
1938,2021-10-28,6663.8496,6654.5933
1939,2021-10-29,6634.766,6712.5684
1940,2021-10-30,6308.9595,6415.479
1941,2021-10-31,6248.976,6160.9214
1942,2021-11-01,6662.486,6482.731
1943,2021-11-02,6696.5654,6462.4326
1944,2021-11-03,6685.66,6431.2437
1945,2021-11-04,6706.561,6063.2866
1946,2021-11-05,6692.476,6435.461
1947,2021-11-06,6371.6655,6202.514
1948,2021-11-07,6278.514,6066.5063
1949,2021-11-08,6682.4795,6505.1714
1950,2021-10-11,6564.6567,6658.779
1951,2021-10-12,6592.3765,6885.4077
1952,2021-10-13,6585.1064,6904.2583
1953,2021-10-14,6569.201,6975.4473
1954,2021-10-15,6561.0215,6928.0503
1955,2021-10-16,6288.344,6626.86
1956,2021-10-17,6150.6445,6271.2397
1957,2021-10-18,6540.5674,6581.867
1958,2021-10-19,6602.8296,6684.4634
1959,2021-10-20,6631.9146,6550.5884
1960,2021-10-21,6625.551,6475.0454
1961,2021-10-22,6593.74,6528.918
1962,2021-10-23,6326.518,6229.809
1963,2021-10-24,6245.6235,6056.3564
1964,2021-10-25,6586.926,6580.954
1965,2021-10-26,6636.9155,6681.8013
1966,2021-10-27,6651.003,6704.128
1967,2021-10-28,6634.1895,6654.5933
1968,2021-10-29,6634.64,6712.5684
1969,2021-10-30,6370.6006,6415.479
1970,2021-10-31,6236.536,6160.9214
1971,2021-11-01,6616.9175,6482.731
1972,2021-11-02,6680.5425,6462.4326
1973,2021-11-03,6690.0864,6431.2437
1974,2021-11-04,6688.7217,6063.2866
1975,2021-11-05,6667.3613,6435.461
1976,2021-11-06,6385.145,6202.514
1977,2021-11-07,6277.892,6066.5063
1978,2021-11-08,6638.2773,6505.1714
1979,2021-11-09,6690.541,6540.7446
1980,2021-10-12,6589.4336,6885.4077
1981,2021-10-13,6585.34,6904.2583
1982,2021-10-14,6572.156,6975.4473
1983,2021-10-15,6533.517,6928.0503
1984,2021-10-16,6213.0215,6626.86
1985,2021-10-17,6103.9175,6271.2397
1986,2021-10-18,6542.607,6581.867
1987,2021-10-19,6574.429,6684.4634
1988,2021-10-20,6564.428,6550.5884
1989,2021-10-21,6567.6133,6475.0454
1990,2021-10-22,6561.2476,6528.918
1991,2021-10-23,6245.2974,6229.809
1992,2021-10-24,6180.746,6056.3564
1993,2021-10-25,6601.7056,6580.954
1994,2021-10-26,6615.7993,6681.8013
1995,2021-10-27,6633.529,6704.128
1996,2021-10-28,6621.255,6654.5933
1997,2021-10-29,6600.3423,6712.5684
1998,2021-10-30,6287.1206,6415.479
1999,2021-10-31,6210.2954,6160.9214
2000,2021-11-01,6590.797,6482.731
2001,2021-11-02,6607.6167,6462.4326
2002,2021-11-03,6634.8926,6431.2437
2003,2021-11-04,6618.527,6063.2866
2004,2021-11-05,6599.4336,6435.461
2005,2021-11-06,6291.6675,6202.514
2006,2021-11-07,6214.385,6066.5063
2007,2021-11-08,6613.5254,6505.1714
2008,2021-11-09,6645.3477,6540.7446
2009,2021-11-10,6640.3477,6417.857
2010,2021-10-13,6769.084,6904.2583
2011,2021-10-14,6718.1562,6975.4473
2012,2021-10-15,6721.794,6928.0503
2013,2021-10-16,6425.313,6626.86
2014,2021-10-17,6267.522,6271.2397
2015,2021-10-18,6660.406,6581.867
2016,2021-10-19,6699.513,6684.4634
2017,2021-10-20,6701.7856,6550.5884
2018,2021-10-21,6712.698,6475.0454
2019,2021-10-22,6695.8735,6528.918
2020,2021-10-23,6393.933,6229.809
2021,2021-10-24,6293.4395,6056.3564
2022,2021-10-25,6688.5977,6580.954
2023,2021-10-26,6767.721,6681.8013
2024,2021-10-27,6761.357,6704.128
2025,2021-10-28,6740.438,6654.5933
2026,2021-10-29,6726.7954,6712.5684
2027,2021-10-30,6422.129,6415.479
2028,2021-10-31,6322.998,6160.9214
2029,2021-11-01,6696.784,6482.731
2030,2021-11-02,6751.352,6462.4326
2031,2021-11-03,6762.264,6431.2437
2032,2021-11-04,6764.5396,6063.2866
2033,2021-11-05,6749.5317,6435.461
2034,2021-11-06,6443.5,6202.514
2035,2021-11-07,6346.6426,6066.5063
2036,2021-11-08,6700.878,6505.1714
2037,2021-11-09,6761.8096,6540.7446
2038,2021-11-10,6775.453,6417.857
2039,2021-11-11,6756.806,6485.3022
2040,2021-10-14,6820.246,6975.4473
2041,2021-10-15,6806.1465,6928.0503
2042,2021-10-16,6456.831,6626.86
2043,2021-10-17,6293.089,6271.2397
2044,2021-10-18,6696.53,6581.867
2045,2021-10-19,6730.187,6684.4634
2046,2021-10-20,6712.448,6550.5884
2047,2021-10-21,6703.353,6475.0454
2048,2021-10-22,6700.6226,6528.918
2049,2021-10-23,6401.7964,6229.809
2050,2021-10-24,6269.4414,6056.3564
2051,2021-10-25,6669.6924,6580.954
2052,2021-10-26,6708.357,6681.8013
2053,2021-10-27,6700.625,6704.128
2054,2021-10-28,6697.4404,6654.5933
2055,2021-10-29,6678.7905,6712.5684
2056,2021-10-30,6376.3276,6415.479
2057,2021-10-31,6271.715,6160.9214
2058,2021-11-01,6663.78,6482.731
2059,2021-11-02,6737.4644,6462.4326
2060,2021-11-03,6727.9146,6431.2437
2061,2021-11-04,6731.5513,6063.2866
2062,2021-11-05,6717.908,6435.461
2063,2021-11-06,6432.7256,6202.514
2064,2021-11-07,6330.385,6066.5063
2065,2021-11-08,6680.1562,6505.1714
2066,2021-11-09,6766.5723,6540.7446
2067,2021-11-10,6774.3076,6417.857
2068,2021-11-11,6788.4077,6485.3022
2069,2021-11-12,6759.7524,6537.6636
2070,2021-10-15,6889.228,6928.0503
2071,2021-10-16,6506.588,6626.86
2072,2021-10-17,6326.4214,6271.2397
2073,2021-10-18,6741.813,6581.867
2074,2021-10-19,6790.951,6684.4634
2075,2021-10-20,6799.1406,6550.5884
2076,2021-10-21,6790.0405,6475.0454
2077,2021-10-22,6775.4805,6528.918
2078,2021-10-23,6469.281,6229.809
2079,2021-10-24,6323.6924,6056.3564
2080,2021-10-25,6753.186,6580.954
2081,2021-10-26,6774.5713,6681.8013
2082,2021-10-27,6791.4043,6704.128
2083,2021-10-28,6798.683,6654.5933
2084,2021-10-29,6741.811,6712.5684
2085,2021-10-30,6449.2637,6415.479
2086,2021-10-31,6321.418,6160.9214
2087,2021-11-01,6702.6836,6482.731
2088,2021-11-02,6770.477,6462.4326
2089,2021-11-03,6780.9414,6431.2437
2090,2021-11-04,6780.9395,6063.2866
2091,2021-11-05,6750.456,6435.461
2092,2021-11-06,6456.089,6202.514
2093,2021-11-07,6389.2075,6066.5063
2094,2021-11-08,6743.6323,6505.1714
2095,2021-11-09,6818.7036,6540.7446
2096,2021-11-10,6823.2524,6417.857
2097,2021-11-11,6824.163,6485.3022
2098,2021-11-12,6760.92,6537.6636
2099,2021-11-13,6470.649,6180.2104
2100,2021-10-16,6570.7905,6626.86
2101,2021-10-17,6310.9243,6271.2397
2102,2021-10-18,6613.57,6581.867
2103,2021-10-19,6756.928,6684.4634
2104,2021-10-20,6762.389,6550.5884
2105,2021-10-21,6769.2173,6475.0454
2106,2021-10-22,6771.4937,6528.918
2107,2021-10-23,6487.96,6229.809
2108,2021-10-24,6307.741,6056.3564
2109,2021-10-25,6597.643,6580.954
2110,2021-10-26,6731.899,6681.8013
2111,2021-10-27,6746.0073,6704.128
2112,2021-10-28,6751.0127,6654.5933
2113,2021-10-29,6741.455,6712.5684
2114,2021-10-30,6460.2026,6415.479
2115,2021-10-31,6305.467,6160.9214
2116,2021-11-01,6588.54,6482.731
2117,2021-11-02,6722.3394,6462.4326
2118,2021-11-03,6739.181,6431.2437
2119,2021-11-04,6770.581,6063.2866
2120,2021-11-05,6770.5806,6435.461
2121,2021-11-06,6510.7183,6202.514
2122,2021-11-07,6345.514,6066.5063
2123,2021-11-08,6604.4688,6505.1714
2124,2021-11-09,6751.013,6540.7446
2125,2021-11-10,6792.8833,6417.857
2126,2021-11-11,6792.4263,6485.3022
2127,2021-11-12,6769.2163,6537.6636
2128,2021-11-13,6511.629,6180.2104
2129,2021-11-14,6349.1567,6101.277
2130,2021-10-17,6333.183,6271.2397
2131,2021-10-18,6721.0127,6581.867
2132,2021-10-19,6789.294,6684.4634
2133,2021-10-20,6795.2114,6550.5884
2134,2021-10-21,6795.667,6475.0454
2135,2021-10-22,6813.4194,6528.918
2136,2021-10-23,6482.945,6229.809
2137,2021-10-24,6354.1226,6056.3564
2138,2021-10-25,6762.436,6580.954
2139,2021-10-26,6836.178,6681.8013
2140,2021-10-27,6841.1855,6704.128
2141,2021-10-28,6845.281,6654.5933
2142,2021-10-29,6824.7974,6712.5684
2143,2021-10-30,6492.0474,6415.479
2144,2021-10-31,6407.3794,6160.9214
2145,2021-11-01,6809.3213,6482.731
2146,2021-11-02,6875.781,6462.4326
2147,2021-11-03,6874.415,6431.2437
2148,2021-11-04,6882.608,6063.2866
2149,2021-11-05,6878.967,6435.461
2150,2021-11-06,6561.695,6202.514
2151,2021-11-07,6456.998,6066.5063
2152,2021-11-08,6817.969,6505.1714
2153,2021-11-09,6892.6235,6540.7446
2154,2021-11-10,6904.458,6417.857
2155,2021-11-11,6901.2705,6485.3022
2156,2021-11-12,6893.0796,6537.6636
2157,2021-11-13,6561.239,6180.2104
2158,2021-11-14,6460.1846,6101.277
2159,2021-11-15,6868.496,6600.199
2160,2021-10-18,6530.766,6581.867
2161,2021-10-19,6714.248,6684.4634
2162,2021-10-20,6726.089,6550.5884
2163,2021-10-21,6747.4873,6475.0454
2164,2021-10-22,6736.1045,6528.918
2165,2021-10-23,6520.7505,6229.809
2166,2021-10-24,6305.3965,6056.3564
2167,2021-10-25,6563.5474,6580.954
2168,2021-10-26,6745.665,6681.8013
2169,2021-10-27,6757.0493,6704.128
2170,2021-10-28,6772.984,6654.5933
2171,2021-10-29,6784.8213,6712.5684
2172,2021-10-30,6584.0376,6415.479
2173,2021-10-31,6410.1143,6160.9214
2174,2021-11-01,6644.135,6482.731
2175,2021-11-02,6803.0327,6462.4326
2176,2021-11-03,6846.7417,6431.2437
2177,2021-11-04,6863.5874,6063.2866
2178,2021-11-05,6862.675,6435.461
2179,2021-11-06,6670.0864,6202.514
2180,2021-11-07,6479.319,6066.5063
2181,2021-11-08,6662.8013,6505.1714
2182,2021-11-09,6852.205,6540.7446
2183,2021-11-10,6884.0767,6417.857
2184,2021-11-11,6864.5,6485.3022
2185,2021-11-12,6844.92,6537.6636
2186,2021-11-13,6641.4043,6180.2104
2187,2021-11-14,6442.4404,6101.277
2188,2021-11-15,6671.9077,6600.199
2189,2021-11-16,6826.253,6658.95
2190,2021-10-19,6742.3813,6684.4634
2191,2021-10-20,6751.946,6550.5884
2192,2021-10-21,6741.471,6475.0454
2193,2021-10-22,6751.9443,6528.918
2194,2021-10-23,6454.085,6229.809
2195,2021-10-24,6277.8286,6056.3564
2196,2021-10-25,6671.3325,6580.954
2197,2021-10-26,6759.687,6681.8013
2198,2021-10-27,6770.6167,6704.128
2199,2021-10-28,6782.003,6654.5933
2200,2021-10-29,6769.252,6712.5684
2201,2021-10-30,6482.325,6415.479
2202,2021-10-31,6348.8774,6160.9214
2203,2021-11-01,6700.4805,6482.731
2204,2021-11-02,6739.1934,6462.4326
2205,2021-11-03,6736.4604,6431.2437
2206,2021-11-04,6743.748,6063.2866
2207,2021-11-05,6725.5293,6435.461
2208,2021-11-06,6469.1133,6202.514
2209,2021-11-07,6363.9077,6066.5063
2210,2021-11-08,6691.8267,6505.1714
2211,2021-11-09,6762.875,6540.7446
2212,2021-11-10,6785.1904,6417.857
2213,2021-11-11,6813.885,6485.3022
2214,2021-11-12,6795.2124,6537.6636
2215,2021-11-13,6498.7173,6180.2104
2216,2021-11-14,6360.72,6101.277
2217,2021-11-15,6718.2427,6600.199
2218,2021-11-16,6772.4395,6658.95
2219,2021-11-17,6797.0327,6725.549
2220,2021-10-20,6735.303,6550.5884
2221,2021-10-21,6711.6113,6475.0454
2222,2021-10-22,6702.5,6528.918
2223,2021-10-23,6411.8413,6229.809
2224,2021-10-24,6242.3643,6056.3564
2225,2021-10-25,6596.8076,6580.954
2226,2021-10-26,6672.8877,6681.8013
2227,2021-10-27,6704.7812,6704.128
2228,2021-10-28,6692.025,6654.5933
2229,2021-10-29,6674.2544,6712.5684
2230,2021-10-30,6388.15,6415.479
2231,2021-10-31,6271.0654,6160.9214
2232,2021-11-01,6605.918,6482.731
2233,2021-11-02,6696.5776,6462.4326
2234,2021-11-03,6714.346,6431.2437
2235,2021-11-04,6699.7676,6063.2866
2236,2021-11-05,6687.9204,6435.461
2237,2021-11-06,6446.009,6202.514
2238,2021-11-07,6302.956,6066.5063
2239,2021-11-08,6601.817,6505.1714
2240,2021-11-09,6695.6675,6540.7446
2241,2021-11-10,6716.166,6417.857
2242,2021-11-11,6715.2573,6485.3022
2243,2021-11-12,6715.2544,6537.6636
2244,2021-11-13,6451.9316,6180.2104
2245,2021-11-14,6310.7007,6101.277
2246,2021-11-15,6610.473,6600.199
2247,2021-11-16,6720.723,6658.95
2248,2021-11-17,6735.302,6725.549
2249,2021-11-18,6732.5684,6604.0933
2250,2021-10-21,6577.2407,6475.0454
2251,2021-10-22,6616.884,6528.918
2252,2021-10-23,6338.4814,6229.809
2253,2021-10-24,6188.116,6056.3564
2254,2021-10-25,6533.953,6580.954
2255,2021-10-26,6623.7183,6681.8013
2256,2021-10-27,6627.819,6704.128
2257,2021-10-28,6632.83,6654.5933
2258,2021-10-29,6624.174,6712.5684
2259,2021-10-30,6377.668,6415.479
2260,2021-10-31,6260.109,6160.9214
2261,2021-11-01,6575.8735,6482.731
2262,2021-11-02,6673.3823,6462.4326
2263,2021-11-03,6681.585,6431.2437
2264,2021-11-04,6679.761,6063.2866
2265,2021-11-05,6666.5474,6435.461
2266,2021-11-06,6430.978,6202.514
2267,2021-11-07,6297.018,6066.5063
2268,2021-11-08,6589.5425,6505.1714
2269,2021-11-09,6702.543,6540.7446
2270,2021-11-10,6706.6436,6417.857
2271,2021-11-11,6732.6167,6485.3022
2272,2021-11-12,6699.8096,6537.6636
2273,2021-11-13,6463.3286,6180.2104
2274,2021-11-14,6320.253,6101.277
2275,2021-11-15,6587.719,6600.199
2276,2021-11-16,6693.431,6658.95
2277,2021-11-17,6700.721,6725.549
2278,2021-11-18,6694.342,6604.0933
2279,2021-11-19,6653.7896,6621.789
2280,2021-10-22,6484.4175,6528.918
2281,2021-10-23,6215.0874,6229.809
2282,2021-10-24,6095.233,6056.3564
2283,2021-10-25,6471.2007,6580.954
2284,2021-10-26,6553.2285,6681.8013
2285,2021-10-27,6558.7,6704.128
2286,2021-10-28,6545.483,6654.5933
2287,2021-10-29,6545.4844,6712.5684
2288,2021-10-30,6320.359,6415.479
2289,2021-10-31,6221.01,6160.9214
2290,2021-11-01,6525.4316,6482.731
2291,2021-11-02,6632.0693,6462.4326
2292,2021-11-03,6645.7407,6431.2437
2293,2021-11-04,6655.7676,6063.2866
2294,2021-11-05,6636.627,6435.461
2295,2021-11-06,6406.034,6202.514
2296,2021-11-07,6276.1533,6066.5063
2297,2021-11-08,6559.611,6505.1714
2298,2021-11-09,6668.072,6540.7446
2299,2021-11-10,6671.7188,6417.857
2300,2021-11-11,6688.58,6485.3022
2301,2021-11-12,6666.7046,6537.6636
2302,2021-11-13,6406.9424,6180.2104
2303,2021-11-14,6277.064,6101.277
2304,2021-11-15,6552.319,6600.199
2305,2021-11-16,6654.3994,6658.95
2306,2021-11-17,6646.652,6725.549
2307,2021-11-18,6644.8267,6604.0933
2308,2021-11-19,6600.169,6621.789
2309,2021-11-20,6341.3213,6226.407
2310,2021-10-23,6249.725,6229.809
2311,2021-10-24,6127.1187,6056.3564
2312,2021-10-25,6493.5674,6580.954
2313,2021-10-26,6573.3296,6681.8013
2314,2021-10-27,6598.855,6704.128
2315,2021-10-28,6599.764,6654.5933
2316,2021-10-29,6558.2876,6712.5684
2317,2021-10-30,6305.33,6415.479
2318,2021-10-31,6192.752,6160.9214
2319,2021-11-01,6518.636,6482.731
2320,2021-11-02,6603.868,6462.4326
2321,2021-11-03,6612.0723,6431.2437
2322,2021-11-04,6620.2754,6063.2866
2323,2021-11-05,6601.1333,6435.461
2324,2021-11-06,6322.65,6202.514
2325,2021-11-07,6224.1987,6066.5063
2326,2021-11-08,6562.391,6505.1714
2327,2021-11-09,6642.608,6540.7446
2328,2021-11-10,6653.0933,6417.857
2329,2021-11-11,6656.7383,6485.3022
2330,2021-11-12,6634.8613,6537.6636
2331,2021-11-13,6323.561,6180.2104
2332,2021-11-14,6231.4927,6101.277
2333,2021-11-15,6553.2744,6600.199
2334,2021-11-16,6608.4243,6658.95
2335,2021-11-17,6608.426,6725.549
2336,2021-11-18,6601.1323,6604.0933
2337,2021-11-19,6562.389,6621.789
2338,2021-11-20,6299.86,6226.407
2339,2021-11-21,6225.5654,6122.0024
2340,2021-10-24,6098.781,6056.3564
2341,2021-10-25,6540.463,6580.954
2342,2021-10-26,6605.6445,6681.8013
2343,2021-10-27,6598.8066,6704.128
2344,2021-10-28,6614.7607,6654.5933
2345,2021-10-29,6571.4614,6712.5684
2346,2021-10-30,6271.533,6415.479
2347,2021-10-31,6199.9707,6160.9214
2348,2021-11-01,6596.5283,6482.731
2349,2021-11-02,6634.8164,6462.4326
2350,2021-11-03,6638.007,6431.2437
2351,2021-11-04,6644.845,6063.2866
2352,2021-11-05,6623.88,6435.461
2353,2021-11-06,6314.3794,6202.514
2354,2021-11-07,6226.408,6066.5063
2355,2021-11-08,6612.939,6505.1714
2356,2021-11-09,6655.784,6540.7446
2357,2021-11-10,6646.668,6417.857
2358,2021-11-11,6656.697,6485.3022
2359,2021-11-12,6635.7285,6537.6636
2360,2021-11-13,6302.9863,6180.2104
2361,2021-11-14,6222.761,6101.277
2362,2021-11-15,6607.9224,6600.199
2363,2021-11-16,6642.11,6658.95
2364,2021-11-17,6635.274,6725.549
2365,2021-11-18,6628.437,6604.0933
2366,2021-11-19,6584.2227,6621.789
2367,2021-11-20,6281.1074,6226.407
2368,2021-11-21,6218.2017,6122.0024
2369,2021-11-22,6600.63,6590.2397
2370,2021-10-25,6471.8237,6580.954
2371,2021-10-26,6490.0586,6681.8013
2372,2021-10-27,6503.734,6704.128
2373,2021-10-28,6511.483,6654.5933
2374,2021-10-29,6485.9546,6712.5684
2375,2021-10-30,6194.2046,6415.479
2376,2021-10-31,6110.326,6160.9214
2377,2021-11-01,6539.29,6482.731
2378,2021-11-02,6560.2607,6462.4326
2379,2021-11-03,6583.9644,6431.2437
2380,2021-11-04,6609.4927,6063.2866
2381,2021-11-05,6574.846,6435.461
2382,2021-11-06,6300.8765,6202.514
2383,2021-11-07,6193.7495,6066.5063
2384,2021-11-08,6586.6987,6505.1714
2385,2021-11-09,6611.3154,6540.7446
2386,2021-11-10,6604.477,6417.857
2387,2021-11-11,6625.447,6485.3022
2388,2021-11-12,6598.552,6537.6636
2389,2021-11-13,6302.7,6180.2104
2390,2021-11-14,6195.115,6101.277
2391,2021-11-15,6567.554,6600.199
2392,2021-11-16,6596.27,6658.95
2393,2021-11-17,6581.685,6725.549
2394,2021-11-18,6575.7583,6604.0933
2395,2021-11-19,6541.57,6621.789
2396,2021-11-20,6230.6743,6226.407
2397,2021-11-21,6171.8667,6122.0024
2398,2021-11-22,6574.392,6590.2397
2399,2021-11-23,6591.715,6618.4697
2400,2021-10-26,6575.0757,6681.8013
2401,2021-10-27,6594.6816,6704.128
2402,2021-10-28,6605.6274,6654.5933
2403,2021-10-29,6574.1626,6712.5684
2404,2021-10-30,6256.3306,6415.479
2405,2021-10-31,6149.6235,6160.9214
2406,2021-11-01,6575.985,6482.731
2407,2021-11-02,6602.435,6462.4326
2408,2021-11-03,6620.2183,6431.2437
2409,2021-11-04,6622.4995,6063.2866
2410,2021-11-05,6611.098,6435.461
2411,2021-11-06,6309.6807,6202.514
2412,2021-11-07,6223.951,6066.5063
2413,2021-11-08,6627.971,6505.1714
2414,2021-11-09,6649.406,6540.7446
2415,2021-11-10,6659.4355,6417.857
2416,2021-11-11,6679.045,6485.3022
2417,2021-11-12,6641.649,6537.6636
2418,2021-11-13,6324.73,6180.2104
2419,2021-11-14,6209.36,6101.277
2420,2021-11-15,6613.8345,6600.199
2421,2021-11-16,6635.721,6658.95
2422,2021-11-17,6640.7393,6725.549
2423,2021-11-18,6627.9707,6604.0933
2424,2021-11-19,6574.1636,6621.789
2425,2021-11-20,6275.4824,6226.407
2426,2021-11-21,6202.0654,6122.0024
2427,2021-11-22,6618.3936,6590.2397
2428,2021-11-23,6648.0356,6618.4697
2429,2021-11-24,6659.8926,6477.9897
2430,2021-10-27,6661.5723,6704.128
2431,2021-10-28,6672.5176,6654.5933
2432,2021-10-29,6686.201,6712.5684
2433,2021-10-30,6374.219,6415.479
2434,2021-10-31,6232.8237,6160.9214
2435,2021-11-01,6627.8193,6482.731
2436,2021-11-02,6693.045,6462.4326
2437,2021-11-03,6724.9727,6431.2437
2438,2021-11-04,6730.9023,6063.2866
2439,2021-11-05,6735.007,6435.461
2440,2021-11-06,6396.1123,6202.514
2441,2021-11-07,6272.506,6066.5063
2442,2021-11-08,6673.888,6505.1714
2443,2021-11-09,6741.3936,6540.7446
2444,2021-11-10,6761.0044,6417.857
2445,2021-11-11,6772.864,6485.3022
2446,2021-11-12,6752.795,6537.6636
2447,2021-11-13,6398.395,6180.2104
2448,2021-11-14,6262.015,6101.277
2449,2021-11-15,6641.9595,6600.199
2450,2021-11-16,6683.0107,6658.95
2451,2021-11-17,6689.8506,6725.549
2452,2021-11-18,6648.801,6604.0933
2453,2021-11-19,6639.221,6621.789
2454,2021-11-20,6298.5044,6226.407
2455,2021-11-21,6201.352,6122.0024
2456,2021-11-22,6615.504,6590.2397
2457,2021-11-23,6690.308,6618.4697
2458,2021-11-24,6716.7617,6477.9897
2459,2021-11-25,6713.572,6530.0786
2460,2021-10-28,6701.732,6654.5933
2461,2021-10-29,6662.4976,6712.5684
2462,2021-10-30,6366.412,6415.479
2463,2021-10-31,6251.904,6160.9214
2464,2021-11-01,6635.1235,6482.731
2465,2021-11-02,6696.257,6462.4326
2466,2021-11-03,6702.186,6431.2437
2467,2021-11-04,6718.609,6063.2866
2468,2021-11-05,6700.3633,6435.461
2469,2021-11-06,6396.067,6202.514
2470,2021-11-07,6281.102,6066.5063
2471,2021-11-08,6665.692,6505.1714
2472,2021-11-09,6737.772,6540.7446
2473,2021-11-10,6735.034,6417.857
2474,2021-11-11,6740.0537,6485.3022
2475,2021-11-12,6735.0337,6537.6636
2476,2021-11-13,6395.1543,6180.2104
2477,2021-11-14,6278.821,6101.277
2478,2021-11-15,6629.649,6600.199
2479,2021-11-16,6660.6704,6658.95
2480,2021-11-17,6664.321,6725.549
2481,2021-11-18,6648.351,6604.0933
2482,2021-11-19,6593.1494,6621.789
2483,2021-11-20,6312.581,6226.407
2484,2021-11-21,6220.884,6122.0024
2485,2021-11-22,6590.87,6590.2397
2486,2021-11-23,6666.601,6618.4697
2487,2021-11-24,6670.7056,6477.9897
2488,2021-11-25,6672.5317,6530.0786
2489,2021-11-26,6625.997,6612.006
2490,2021-10-29,6611.188,6712.5684
2491,2021-10-30,6307.3027,6415.479
2492,2021-10-31,6187.7544,6160.9214
2493,2021-11-01,6578.3374,6482.731
2494,2021-11-02,6625.7886,6462.4326
2495,2021-11-03,6662.7505,6431.2437
2496,2021-11-04,6662.294,6063.2866
2497,2021-11-05,6654.9937,6435.461
2498,2021-11-06,6364.7925,6202.514
2499,2021-11-07,6232.47,6066.5063
2500,2021-11-08,6636.285,6505.1714
2501,2021-11-09,6695.601,6540.7446
2502,2021-11-10,6693.32,6417.857
2503,2021-11-11,6680.089,6485.3022
2504,2021-11-12,6665.9443,6537.6636
2505,2021-11-13,6356.123,6180.2104
2506,2021-11-14,6223.3433,6101.277
2507,2021-11-15,6631.7227,6600.199
2508,2021-11-16,6708.38,6658.95
2509,2021-11-17,6714.311,6725.549
2510,2021-11-18,6685.1074,6604.0933
2511,2021-11-19,6643.5854,6621.789
2512,2021-11-20,6346.0874,6226.407
2513,2021-11-21,6234.7515,6122.0024
2514,2021-11-22,6660.924,6590.2397
2515,2021-11-23,6726.63,6618.4697
2516,2021-11-24,6760.3965,6477.9897
2517,2021-11-25,6759.0273,6530.0786
2518,2021-11-26,6729.369,6612.006
2519,2021-11-27,6435.518,6319.2026
2520,2021-10-30,6408.467,6415.479
2521,2021-10-31,6246.909,6160.9214
2522,2021-11-01,6593.757,6482.731
2523,2021-11-02,6682.75,6462.4326
2524,2021-11-03,6700.5483,6431.2437
2525,2021-11-04,6716.9785,6063.2866
2526,2021-11-05,6702.3755,6435.461
2527,2021-11-06,6397.9717,6202.514
2528,2021-11-07,6257.405,6066.5063
2529,2021-11-08,6616.119,6505.1714
2530,2021-11-09,6692.334,6540.7446
2531,2021-11-10,6716.523,6417.857
2532,2021-11-11,6724.2827,6485.3022
2533,2021-11-12,6712.8706,6537.6636
2534,2021-11-13,6415.7695,6180.2104
2535,2021-11-14,6288.442,6101.277
2536,2021-11-15,6614.2925,6600.199
2537,2021-11-16,6707.3945,6658.95
2538,2021-11-17,6716.5205,6725.549
2539,2021-11-18,6706.483,6604.0933
2540,2021-11-19,6662.67,6621.789
2541,2021-11-20,6361.004,6226.407
2542,2021-11-21,6219.525,6122.0024
2543,2021-11-22,6571.8506,6590.2397
2544,2021-11-23,6685.489,6618.4697
2545,2021-11-24,6714.6973,6477.9897
2546,2021-11-25,6709.6763,6530.0786
2547,2021-11-26,6673.6226,6612.006
2548,2021-11-27,6391.1255,6319.2026
2549,2021-11-28,6273.8354,6150.5464
2550,2021-10-31,6202.065,6160.9214
2551,2021-11-01,6624.2715,6482.731
2552,2021-11-02,6672.6523,6462.4326
2553,2021-11-03,6702.3213,6431.2437
2554,2021-11-04,6706.4307,6063.2866
2555,2021-11-05,6689.5405,6435.461
2556,2021-11-06,6375.9688,6202.514
2557,2021-11-07,6251.817,6066.5063
2558,2021-11-08,6668.089,6505.1714
2559,2021-11-09,6700.0396,6540.7446
2560,2021-11-10,6717.3857,6417.857
2561,2021-11-11,6709.168,6485.3022
2562,2021-11-12,6688.6274,6537.6636
2563,2021-11-13,6373.232,6180.2104
2564,2021-11-14,6260.4907,6101.277
2565,2021-11-15,6666.72,6600.199
2566,2021-11-16,6687.26,6658.95
2567,2021-11-17,6684.067,6725.549
2568,2021-11-18,6667.176,6604.0933
2569,2021-11-19,6640.2485,6621.789
2570,2021-11-20,6302.482,6226.407
2571,2021-11-21,6223.5195,6122.0024
2572,2021-11-22,6644.812,6590.2397
2573,2021-11-23,6680.4126,6618.4697
2574,2021-11-24,6682.695,6477.9897
2575,2021-11-25,6687.2607,6530.0786
2576,2021-11-26,6625.1836,6612.006
2577,2021-11-27,6323.935,6319.2026
2578,2021-11-28,6265.054,6150.5464
2579,2021-11-29,6643.898,6719.57
2580,2021-11-01,6564.7324,6482.731
2581,2021-11-02,6602.6235,6462.4326
2582,2021-11-03,6621.3413,6431.2437
2583,2021-11-04,6614.4937,6063.2866
2584,2021-11-05,6598.0576,6435.461
2585,2021-11-06,6292.6475,6202.514
2586,2021-11-07,6182.627,6066.5063
2587,2021-11-08,6591.2104,6505.1714
2588,2021-11-09,6663.339,6540.7446
2589,2021-11-10,6679.3184,6417.857
2590,2021-11-11,6693.9287,6485.3022
2591,2021-11-12,6701.232,6537.6636
2592,2021-11-13,6374.365,6180.2104
2593,2021-11-14,6236.9556,6101.277
2594,2021-11-15,6619.5176,6600.199
2595,2021-11-16,6661.5156,6658.95
2596,2021-11-17,6658.777,6725.549
2597,2021-11-18,6655.5796,6604.0933
2598,2021-11-19,6633.2114,6621.789
2599,2021-11-20,6319.582,6226.407
2600,2021-11-21,6223.7124,6122.0024
2601,2021-11-22,6617.234,6590.2397
2602,2021-11-23,6673.8394,6618.4697
2603,2021-11-24,6673.8423,6477.9897
2604,2021-11-25,6668.3623,6530.0786
2605,2021-11-26,6633.6655,6612.006
2606,2021-11-27,6311.3643,6319.2026
2607,2021-11-28,6222.801,6150.5464
2608,2021-11-29,6619.515,6719.57
2609,2021-11-30,6682.97,6828.828
2610,2021-11-02,6588.089,6462.4326
2611,2021-11-03,6592.655,6431.2437
2612,2021-11-04,6604.529,6063.2866
2613,2021-11-05,6592.6562,6435.461
2614,2021-11-06,6288.5283,6202.514
2615,2021-11-07,6173.451,6066.5063
2616,2021-11-08,6594.9404,6505.1714
2617,2021-11-09,6633.756,6540.7446
2618,2021-11-10,6643.8,6417.857
2619,2021-11-11,6644.2573,6485.3022
2620,2021-11-12,6636.0396,6537.6636
2621,2021-11-13,6332.822,6180.2104
2622,2021-11-14,6188.9785,6101.277
2623,2021-11-15,6574.3906,6600.199
2624,2021-11-16,6614.573,6658.95
2625,2021-11-17,6613.661,6725.549
2626,2021-11-18,6627.3613,6604.0933
2627,2021-11-19,6590.8276,6621.789
2628,2021-11-20,6310.445,6226.407
2629,2021-11-21,6193.0894,6122.0024
2630,2021-11-22,6582.154,6590.2397
2631,2021-11-23,6627.8174,6618.4697
2632,2021-11-24,6650.194,6477.9897
2633,2021-11-25,6642.431,6530.0786
2634,2021-11-26,6594.025,6612.006
2635,2021-11-27,6319.122,6319.2026
2636,2021-11-28,6232.8154,6150.5464
2637,2021-11-29,6594.027,6719.57
2638,2021-11-30,6649.7373,6828.828
2639,2021-12-01,6667.09,6916.207
2640,2021-11-03,6547.2417,6431.2437
2641,2021-11-04,6558.203,6063.2866
2642,2021-11-05,6560.0312,6435.461
2643,2021-11-06,6233.948,6202.514
2644,2021-11-07,6122.055,6066.5063
2645,2021-11-08,6525.779,6505.1714
2646,2021-11-09,6561.4004,6540.7446
2647,2021-11-10,6578.3,6417.857
2648,2021-11-11,6582.4077,6485.3022
2649,2021-11-12,6576.4727,6537.6636
2650,2021-11-13,6252.214,6180.2104
2651,2021-11-14,6131.647,6101.277
2652,2021-11-15,6532.1714,6600.199
2653,2021-11-16,6557.291,6658.95
2654,2021-11-17,6571.9033,6725.549
2655,2021-11-18,6573.2744,6604.0933
2656,2021-11-19,6530.3486,6621.789
2657,2021-11-20,6238.515,6226.407
2658,2021-11-21,6137.5845,6122.0024
2659,2021-11-22,6577.3857,6590.2397
2660,2021-11-23,6607.07,6618.4697
2661,2021-11-24,6613.9233,6477.9897
2662,2021-11-25,6578.755,6530.0786
2663,2021-11-26,6529.889,6612.006
2664,2021-11-27,6244.453,6319.2026
2665,2021-11-28,6175.4883,6150.5464
2666,2021-11-29,6567.339,6719.57
2667,2021-11-30,6622.142,6828.828
2668,2021-12-01,6632.645,6916.207
2669,2021-12-02,6629.4507,6703.6147
2670,2021-11-04,6477.756,6063.2866
2671,2021-11-05,6475.015,6435.461
2672,2021-11-06,6181.7925,6202.514
2673,2021-11-07,6085.425,6066.5063
2674,2021-11-08,6514.2925,6505.1714
2675,2021-11-09,6543.067,6540.7446
2676,2021-11-10,6565.902,6417.857
2677,2021-11-11,6570.013,6485.3022
2678,2021-11-12,6559.966,6537.6636
2679,2021-11-13,6260.806,6180.2104
2680,2021-11-14,6140.6895,6101.277
2681,2021-11-15,6546.264,6600.199
2682,2021-11-16,6593.763,6658.95
2683,2021-11-17,6576.864,6725.549
2684,2021-11-18,6563.163,6604.0933
2685,2021-11-19,6517.0312,6621.789
2686,2021-11-20,6226.5527,6226.407
2687,2021-11-21,6132.4663,6122.0024
2688,2021-11-22,6539.413,6590.2397
2689,2021-11-23,6576.8633,6618.4697
2690,2021-11-24,6573.209,6477.9897
2691,2021-11-25,6553.571,6530.0786
2692,2021-11-26,6507.4404,6612.006
2693,2021-11-27,6203.2593,6319.2026
2694,2021-11-28,6141.602,6150.5464
2695,2021-11-29,6538.042,6719.57
2696,2021-11-30,6599.2417,6828.828
2697,2021-12-01,6600.612,6916.207
2698,2021-12-02,6615.2275,6703.6147
2699,2021-12-03,6578.689,6558.849
2700,2021-11-05,6071.345,6435.461
2701,2021-11-06,6016.995,6202.514
2702,2021-11-07,6047.139,6066.5063
2703,2021-11-08,6293.299,6505.1714
2704,2021-11-09,6358.1514,6540.7446
2705,2021-11-10,6376.42,6417.857
2706,2021-11-11,6361.346,6485.3022
2707,2021-11-12,6307.9136,6537.6636
2708,2021-11-13,6158.1177,6180.2104
2709,2021-11-14,6174.0996,6101.277
2710,2021-11-15,6413.8677,6600.199
2711,2021-11-16,6503.3813,6658.95
2712,2021-11-17,6479.175,6725.549
2713,2021-11-18,6446.75,6604.0933
2714,2021-11-19,6371.8506,6621.789
2715,2021-11-20,6217.0317,6226.407
2716,2021-11-21,6216.574,6122.0024
2717,2021-11-22,6451.7744,6590.2397
2718,2021-11-23,6534.893,6618.4697
2719,2021-11-24,6533.5225,6477.9897
2720,2021-11-25,6515.71,6530.0786
2721,2021-11-26,6425.7427,6612.006
2722,2021-11-27,6251.283,6319.2026
2723,2021-11-28,6262.2417,6150.5464
2724,2021-11-29,6511.143,6719.57
2725,2021-11-30,6591.065,6828.828
2726,2021-12-01,6590.156,6916.207
2727,2021-12-02,6584.6743,6703.6147
2728,2021-12-03,6512.515,6558.849
2729,2021-12-04,6326.6406,6265.8486
2730,2021-11-06,6316.273,6202.514
2731,2021-11-07,6133.12,6066.5063
2732,2021-11-08,6394.3765,6505.1714
2733,2021-11-09,6546.014,6540.7446
2734,2021-11-10,6547.3857,6417.857
2735,2021-11-11,6557.89,6485.3022
2736,2021-11-12,6545.558,6537.6636
2737,2021-11-13,6359.2095,6180.2104
2738,2021-11-14,6168.748,6101.277
2739,2021-11-15,6415.846,6600.199
2740,2021-11-16,6567.0264,6658.95
2741,2021-11-17,6569.765,6725.549
2742,2021-11-18,6555.1504,6604.0933
2743,2021-11-19,6507.194,6621.789
2744,2021-11-20,6317.189,6226.407
2745,2021-11-21,6151.8496,6122.0024
2746,2021-11-22,6411.734,6590.2397
2747,2021-11-23,6567.9375,6618.4697
2748,2021-11-24,6585.294,6477.9897
2749,2021-11-25,6578.444,6530.0786
2750,2021-11-26,6553.777,6612.006
2751,2021-11-27,6364.69,6319.2026
2752,2021-11-28,6223.5557,6150.5464
2753,2021-11-29,6490.7485,6719.57
2754,2021-11-30,6642.845,6828.828
2755,2021-12-01,6666.5967,6916.207
2756,2021-12-02,6664.77,6703.6147
2757,2021-12-03,6631.8843,6558.849
2758,2021-12-04,6394.377,6265.8486
2759,2021-12-05,6235.8906,6114.6274
2760,2021-11-07,6014.0474,6066.5063
2761,2021-11-08,6449.788,6505.1714
2762,2021-11-09,6508.2505,6540.7446
2763,2021-11-10,6515.561,6417.857
2764,2021-11-11,6510.081,6485.3022
2765,2021-11-12,6509.623,6537.6636
2766,2021-11-13,6225.067,6180.2104
2767,2021-11-14,6080.277,6101.277
2768,2021-11-15,6487.7007,6600.199
2769,2021-11-16,6569.913,6658.95
2770,2021-11-17,6568.543,6725.549
2771,2021-11-18,6561.234,6604.0933
2772,2021-11-19,6535.6577,6621.789
2773,2021-11-20,6249.7314,6226.407
2774,2021-11-21,6134.63,6122.0024
2775,2021-11-22,6510.535,6590.2397
2776,2021-11-23,6564.89,6618.4697
2777,2021-11-24,6575.852,6477.9897
2778,2021-11-25,6560.322,6530.0786
2779,2021-11-26,6535.6567,6612.006
2780,2021-11-27,6264.3477,6319.2026
2781,2021-11-28,6139.654,6150.5464
2782,2021-11-29,6495.9194,6719.57
2783,2021-11-30,6583.159,6828.828
2784,2021-12-01,6606.4556,6916.207
2785,2021-12-02,6594.122,6703.6147
2786,2021-12-03,6565.8027,6558.849
2787,2021-12-04,6281.7036,6265.8486
2788,2021-12-05,6145.5923,6114.6274
2789,2021-12-06,6521.041,6531.9136
2790,2021-11-08,6398.6855,6505.1714
2791,2021-11-09,6473.605,6540.7446
2792,2021-11-10,6490.051,6417.857
2793,2021-11-11,6502.384,6485.3022
2794,2021-11-12,6476.3457,6537.6636
2795,2021-11-13,6232.8564,6180.2104
2796,2021-11-14,6125.0483,6101.277
2797,2021-11-15,6466.752,6600.199
2798,2021-11-16,6545.7817,6658.95
2799,2021-11-17,6555.3745,6725.549
2800,2021-11-18,6522.94,6604.0933
2801,2021-11-19,6462.6387,6621.789
2802,2021-11-20,6223.723,6226.407
2803,2021-11-21,6149.716,6122.0024
2804,2021-11-22,6473.6035,6590.2397
2805,2021-11-23,6567.252,6618.4697
2806,2021-11-24,6580.955,6477.9897
2807,2021-11-25,6575.0176,6530.0786
2808,2021-11-26,6523.8535,6612.006
2809,2021-11-27,6282.6514,6319.2026
2810,2021-11-28,6212.3013,6150.5464
2811,2021-11-29,6527.9673,6719.57
2812,2021-11-30,6607.908,6828.828
2813,2021-12-01,6621.156,6916.207
2814,2021-12-02,6617.5015,6703.6147
2815,2021-12-03,6587.351,6558.849
2816,2021-12-04,6326.507,6265.8486
2817,2021-12-05,6236.5117,6114.6274
2818,2021-12-06,6557.2,6531.9136
2819,2021-12-07,6639.4287,6636.739
2820,2021-11-09,6542.37,6540.7446
2821,2021-11-10,6550.1377,6417.857
2822,2021-11-11,6559.735,6485.3022
2823,2021-11-12,6552.4233,6537.6636
2824,2021-11-13,6272.761,6180.2104
2825,2021-11-14,6125.1626,6101.277
2826,2021-11-15,6525.005,6600.199
2827,2021-11-16,6575.2695,6658.95
2828,2021-11-17,6561.1064,6725.549
2829,2021-11-18,6561.563,6604.0933
2830,2021-11-19,6522.7207,6621.789
2831,2021-11-20,6242.143,6226.407
2832,2021-11-21,6164.9175,6122.0024
2833,2021-11-22,6535.515,6590.2397
2834,2021-11-23,6578.014,6618.4697
2835,2021-11-24,6561.107,6477.9897
2836,2021-11-25,6548.7676,6530.0786
2837,2021-11-26,6526.834,6612.006
2838,2021-11-27,6271.39,6319.2026
2839,2021-11-28,6175.8843,6150.5464
2840,2021-11-29,6540.9985,6719.57
2841,2021-11-30,6600.405,6828.828
2842,2021-12-01,6609.0874,6916.207
2843,2021-12-02,6609.087,6703.6147
2844,2021-12-03,6577.5576,6558.849
2845,2021-12-04,6315.2573,6265.8486
2846,2021-12-05,6226.605,6114.6274
2847,2021-12-06,6581.668,6531.9136
2848,2021-12-07,6650.6704,6636.739
2849,2021-12-08,6636.9624,6668.687
2850,2021-11-10,6545.9443,6417.857
2851,2021-11-11,6530.4043,6485.3022
2852,2021-11-12,6540.0024,6537.6636
2853,2021-11-13,6263.5044,6180.2104
2854,2021-11-14,6109.031,6101.277
2855,2021-11-15,6513.496,6600.199
2856,2021-11-16,6552.7993,6658.95
2857,2021-11-17,6550.515,6725.549
2858,2021-11-18,6541.8296,6604.0933
2859,2021-11-19,6529.9487,6621.789
2860,2021-11-20,6243.8535,6226.407
2861,2021-11-21,6142.3955,6122.0024
2862,2021-11-22,6538.1743,6590.2397
2863,2021-11-23,6589.3623,6618.4697
2864,2021-11-24,6590.2754,6477.9897
2865,2021-11-25,6576.109,6530.0786
2866,2021-11-26,6543.2036,6612.006
2867,2021-11-27,6245.6807,6319.2026
2868,2021-11-28,6156.5625,6150.5464
2869,2021-11-29,6507.098,6719.57
2870,2021-11-30,6562.8545,6828.828
2871,2021-12-01,6567.4263,6916.207
2872,2021-12-02,6588.9062,6703.6147
2873,2021-12-03,6578.395,6558.849
2874,2021-12-04,6293.2114,6265.8486
2875,2021-12-05,6180.3276,6114.6274
2876,2021-12-06,6548.686,6531.9136
2877,2021-12-07,6605.815,6636.739
2878,2021-12-08,6608.1,6668.687
2879,2021-12-09,6598.9595,6680.9844
2880,2021-11-11,6400.7783,6485.3022
2881,2021-11-12,6419.5156,6537.6636
2882,2021-11-13,6179.5586,6180.2104
2883,2021-11-14,6059.8066,6101.277
2884,2021-11-15,6464.7656,6600.199
2885,2021-11-16,6497.2188,6658.95
2886,2021-11-17,6490.8213,6725.549
2887,2021-11-18,6483.5073,6604.0933
2888,2021-11-19,6478.937,6621.789
2889,2021-11-20,6240.804,6226.407
2890,2021-11-21,6123.794,6122.0024
2891,2021-11-22,6503.159,6590.2397
2892,2021-11-23,6536.07,6618.4697
2893,2021-11-24,6542.9263,6477.9897
2894,2021-11-25,6528.299,6530.0786
2895,2021-11-26,6504.5327,6612.006
2896,2021-11-27,6254.973,6319.2026
2897,2021-11-28,6180.9287,6150.5464
2898,2021-11-29,6548.411,6719.57
2899,2021-11-30,6592.7476,6828.828
2900,2021-12-01,6610.115,6916.207
2901,2021-12-02,6601.43,6703.6147
2902,2021-12-03,6564.8643,6558.849
2903,2021-12-04,6324.448,6265.8486
2904,2021-12-05,6220.692,6114.6274
2905,2021-12-06,6579.948,6531.9136
2906,2021-12-07,6641.1973,6636.739
2907,2021-12-08,6651.705,6668.687
2908,2021-12-09,6641.195,6680.9844
2909,2021-12-10,6619.2563,6599.399
2910,2021-11-12,6503.279,6537.6636
2911,2021-11-13,6223.5073,6180.2104
2912,2021-11-14,6083.623,6101.277
2913,2021-11-15,6476.763,6600.199
2914,2021-11-16,6526.592,6658.95
2915,2021-11-17,6541.679,6725.549
2916,2021-11-18,6527.5073,6604.0933
2917,2021-11-19,6506.4795,6621.789
2918,2021-11-20,6216.6514,6226.407
2919,2021-11-21,6092.766,6122.0024
2920,2021-11-22,6456.6494,6590.2397
2921,2021-11-23,6532.078,6618.4697
2922,2021-11-24,6524.7627,6477.9897
2923,2021-11-25,6498.25,6530.0786
2924,2021-11-26,6468.078,6612.006
2925,2021-11-27,6194.253,6319.2026
2926,2021-11-28,6091.395,6150.5464
2927,2021-11-29,6476.7637,6719.57
2928,2021-11-30,6548.078,6828.828
2929,2021-12-01,6527.964,6916.207
2930,2021-12-02,6547.623,6703.6147
2931,2021-12-03,6533.448,6558.849
2932,2021-12-04,6248.1924,6265.8486
2933,2021-12-05,6121.5654,6114.6274
2934,2021-12-06,6487.736,6531.9136
2935,2021-12-07,6565.45,6636.739
2936,2021-12-08,6572.306,6668.687
2937,2021-12-09,6579.622,6680.9844
2938,2021-12-10,6560.8774,6599.399
2939,2021-12-11,6274.2524,6268.572
2940,2021-11-13,6212.1733,6180.2104
2941,2021-11-14,6075.9224,6101.277
2942,2021-11-15,6493.8154,6600.199
2943,2021-11-16,6520.3345,6658.95
2944,2021-11-17,6531.7637,6725.549
2945,2021-11-18,6520.3364,6604.0933
2946,2021-11-19,6483.301,6621.789
2947,2021-11-20,6225.8877,6226.407
2948,2021-11-21,6111.585,6122.0024
2949,2021-11-22,6493.8145,6590.2397
2950,2021-11-23,6537.252,6618.4697
2951,2021-11-24,6534.965,6477.9897
2952,2021-11-25,6556.457,6530.0786
2953,2021-11-26,6541.8257,6612.006
2954,2021-11-27,6256.9775,6319.2026
2955,2021-11-28,6145.418,6150.5464
2956,2021-11-29,6529.9355,6719.57
2957,2021-11-30,6577.0293,6828.828
2958,2021-12-01,6584.801,6916.207
2959,2021-12-02,6593.0312,6703.6147
2960,2021-12-03,6583.4307,6558.849
2961,2021-12-04,6299.5015,6265.8486
2962,2021-12-05,6194.7993,6114.6274
2963,2021-12-06,6557.368,6531.9136
2964,2021-12-07,6614.064,6636.739
2965,2021-12-08,6629.609,6668.687
2966,2021-12-09,6634.64,6680.9844
2967,2021-12-10,6582.973,6599.399
2968,2021-12-11,6296.2993,6268.572
2969,2021-12-12,6214.002,6030.913
2970,2021-11-14,6070.147,6101.277
2971,2021-11-15,6497.6514,6600.199
2972,2021-11-16,6512.283,6658.95
2973,2021-11-17,6526.916,6725.549
2974,2021-11-18,6515.4863,6604.0933
2975,2021-11-19,6496.737,6621.789
2976,2021-11-20,6196.7964,6226.407
2977,2021-11-21,6123.641,6122.0024
2978,2021-11-22,6510.4546,6590.2397
2979,2021-11-23,6539.7173,6618.4697
2980,2021-11-24,6539.72,6477.9897
2981,2021-11-25,6539.7173,6530.0786
2982,2021-11-26,6526.9146,6612.006
2983,2021-11-27,6236.119,6319.2026
2984,2021-11-28,6142.845,6150.5464
2985,2021-11-29,6545.2046,6719.57
2986,2021-11-30,6600.071,6828.828
2987,2021-12-01,6590.469,6916.207
2988,2021-12-02,6600.9863,6703.6147
2989,2021-12-03,6613.331,6558.849
2990,2021-12-04,6302.8726,6265.8486
2991,2021-12-05,6180.338,6114.6274
2992,2021-12-06,6586.3535,6531.9136
2993,2021-12-07,6613.79,6636.739
2994,2021-12-08,6613.332,6668.687
2995,2021-12-09,6616.074,6680.9844
2996,2021-12-10,6578.582,6599.399
2997,2021-12-11,6271.7812,6268.572
2998,2021-12-12,6168.9062,6030.913
2999,2021-12-13,6576.754,6482.4165
3000,2021-11-15,6479.2744,6600.199
3001,2021-11-16,6489.333,6658.95
3002,2021-11-17,6487.963,6725.549
3003,2021-11-18,6463.268,6604.0933
3004,2021-11-19,6432.175,6621.789
3005,2021-11-20,6159.6343,6226.407
3006,2021-11-21,6069.547,6122.0024
3007,2021-11-22,6493.449,6590.2397
3008,2021-11-23,6525.46,6618.4697
3009,2021-11-24,6518.1436,6477.9897
3010,2021-11-25,6516.7715,6530.0786
3011,2021-11-26,6480.188,6612.006
3012,2021-11-27,6208.1035,6319.2026
3013,2021-11-28,6134.9404,6150.5464
3014,2021-11-29,6498.9355,6719.57
3015,2021-11-30,6530.4907,6828.828
3016,2021-12-01,6549.2363,6916.207
3017,2021-12-02,6555.1836,6703.6147
3018,2021-12-03,6526.8296,6558.849
3019,2021-12-04,6267.5513,6265.8486
3020,2021-12-05,6184.3257,6114.6274
3021,2021-12-06,6538.264,6531.9136
3022,2021-12-07,6565.2437,6636.739
3023,2021-12-08,6571.1875,6668.687
3024,2021-12-09,6592.681,6680.9844
3025,2021-12-10,6535.9805,6599.399
3026,2021-12-11,6276.24,6268.572
3027,2021-12-12,6219.08,6030.913
3028,2021-12-13,6580.335,6482.4165
3029,2021-12-14,6621.0337,6583.9097
3030,2021-11-16,6585.899,6658.95
3031,2021-11-17,6577.666,6725.549
3032,2021-11-18,6543.3574,6604.0933
3033,2021-11-19,6482.5176,6621.789
3034,2021-11-20,6179.6826,6226.407
3035,2021-11-21,6126.619,6122.0024
3036,2021-11-22,6558.911,6590.2397
3037,2021-11-23,6571.2607,6618.4697
3038,2021-11-24,6565.77,6477.9897
3039,2021-11-25,6553.42,6530.0786
3040,2021-11-26,6512.2505,6612.006
3041,2021-11-27,6213.5356,6319.2026
3042,2021-11-28,6135.7686,6150.5464
3043,2021-11-29,6537.8667,6719.57
3044,2021-11-30,6592.3037,6828.828
3045,2021-12-01,6584.071,6916.207
3046,2021-12-02,6577.2095,6703.6147
3047,2021-12-03,6537.409,6558.849
3048,2021-12-04,6234.5767,6265.8486
3049,2021-12-05,6138.056,6114.6274
3050,2021-12-06,6522.7715,6531.9136
3051,2021-12-07,6546.5596,6636.739
3052,2021-12-08,6550.677,6668.687
3053,2021-12-09,6541.5254,6680.9844
3054,2021-12-10,6479.3154,6599.399
3055,2021-12-11,6175.109,6268.572
3056,2021-12-12,6128.9077,6030.913
3057,2021-12-13,6536.9536,6482.4165
3058,2021-12-14,6554.338,6583.9097
3059,2021-12-15,6548.845,6599.98
3060,2021-11-17,6652.4126,6725.549
3061,2021-11-18,6598.879,6604.0933
3062,2021-11-19,6599.3354,6621.789
3063,2021-11-20,6294.1455,6226.407
3064,2021-11-21,6201.2607,6122.0024
3065,2021-11-22,6601.6235,6590.2397
3066,2021-11-23,6639.142,6618.4697
3067,2021-11-24,6656.5317,6477.9897
3068,2021-11-25,6635.0264,6530.0786
3069,2021-11-26,6629.534,6612.006
3070,2021-11-27,6314.7363,6319.2026
3071,2021-11-28,6207.2095,6150.5464
3072,2021-11-29,6633.1963,6719.57
3073,2021-11-30,6667.054,6828.828
3074,2021-12-01,6686.2705,6916.207
3075,2021-12-02,6681.2393,6703.6147
3076,2021-12-03,6663.853,6558.849
3077,2021-12-04,6351.797,6265.8486
3078,2021-12-05,6234.6636,6114.6274
3079,2021-12-06,6632.281,6531.9136
3080,2021-12-07,6656.531,6636.739
3081,2021-12-08,6669.3423,6668.687
3082,2021-12-09,6653.328,6680.9844
3083,2021-12-10,6621.2993,6599.399
3084,2021-12-11,6340.8184,6268.572
3085,2021-12-12,6294.147,6030.913
3086,2021-12-13,6671.631,6482.4165
3087,2021-12-14,6716.929,6583.9097
3088,2021-12-15,6710.523,6599.98
3089,2021-12-16,6688.102,6661.4575
3090,2021-11-18,6693.592,6604.0933
3091,2021-11-19,6665.674,6621.789
3092,2021-11-20,6314.174,6226.407
3093,2021-11-21,6213.94,6122.0024
3094,2021-11-22,6635.465,6590.2397
3095,2021-11-23,6672.997,6618.4697
3096,2021-11-24,6669.333,6477.9897
3097,2021-11-25,6671.6226,6530.0786
3098,2021-11-26,6643.247,6612.006
3099,2021-11-27,6294.9517,6319.2026
3100,2021-11-28,6222.177,6150.5464
3101,2021-11-29,6675.7417,6719.57
3102,2021-11-30,6695.8794,6828.828
3103,2021-12-01,6695.8794,6916.207
3104,2021-12-02,6683.523,6703.6147
3105,2021-12-03,6646.449,6558.849
3106,2021-12-04,6308.68,6265.8486
3107,2021-12-05,6224.009,6114.6274
3108,2021-12-06,6641.8745,6531.9136
3109,2021-12-07,6678.946,6636.739
3110,2021-12-08,6682.6074,6668.687
3111,2021-12-09,6689.4717,6680.9844
3112,2021-12-10,6650.1113,6599.399
3113,2021-12-11,6329.7344,6268.572
3114,2021-12-12,6269.7773,6030.913
3115,2021-12-13,6651.0312,6482.4165
3116,2021-12-14,6696.797,6583.9097
3117,2021-12-15,6708.237,6599.98
3118,2021-12-16,6695.88,6661.4575
3119,2021-12-17,6642.3306,6637.34
3120,2021-11-19,6524.46,6621.789
3121,2021-11-20,6220.9414,6226.407
3122,2021-11-21,6117.937,6122.0024
3123,2021-11-22,6546.4326,6590.2397
3124,2021-11-23,6554.6733,6618.4697
3125,2021-11-24,6574.817,6477.9897
3126,2021-11-25,6553.7573,6530.0786
3127,2021-11-26,6523.0864,6612.006
3128,2021-11-27,6236.507,6319.2026
3129,2021-11-28,6132.1313,6150.5464
3130,2021-11-29,6539.1094,6719.57
3131,2021-11-30,6583.5137,6828.828
3132,2021-12-01,6595.875,6916.207
3133,2021-12-02,6583.5127,6703.6147
3134,2021-12-03,6546.4326,6558.849
3135,2021-12-04,6253.444,6265.8486
3136,2021-12-05,6149.0693,6114.6274
3137,2021-12-06,6532.7,6531.9136
3138,2021-12-07,6567.035,6636.739
3139,2021-12-08,6578.0215,6668.687
3140,2021-12-09,6586.7188,6680.9844
3141,2021-12-10,6562.456,6599.399
3142,2021-12-11,6260.311,6268.572
3143,2021-12-12,6182.0283,6030.913
3144,2021-12-13,6571.6113,6482.4165
3145,2021-12-14,6641.655,6583.9097
3146,2021-12-15,6657.22,6599.98
3147,2021-12-16,6640.281,6661.4575
3148,2021-12-17,6597.705,6637.34
3149,2021-12-18,6311.1255,6287.321
3150,2021-11-20,6350.995,6226.407
3151,2021-11-21,6177.4517,6122.0024
3152,2021-11-22,6540.105,6590.2397
3153,2021-11-23,6634.8936,6618.4697
3154,2021-11-24,6643.5913,6477.9897
3155,2021-11-25,6629.8545,6530.0786
3156,2021-11-26,6633.9756,6612.006
3157,2021-11-27,6357.8643,6319.2026
3158,2021-11-28,6219.581,6150.5464
3159,2021-11-29,6563.0,6719.57
3160,2021-11-30,6663.7383,6828.828
3161,2021-12-01,6677.0176,6916.207
3162,2021-12-02,6665.1113,6703.6147
3163,2021-12-03,6655.04,6558.849
3164,2021-12-04,6359.2383,6265.8486
3165,2021-12-05,6201.7227,6114.6274
3166,2021-12-06,6552.9277,6531.9136
3167,2021-12-07,6660.991,6636.739
3168,2021-12-08,6652.2905,6668.687
3169,2021-12-09,6635.35,6680.9844
3170,2021-12-10,6633.518,6599.399
3171,2021-12-11,6355.5737,6268.572
3172,2021-12-12,6225.991,6030.913
3173,2021-12-13,6566.208,6482.4165
3174,2021-12-14,6664.196,6583.9097
3175,2021-12-15,6686.176,6599.98
3176,2021-12-16,6660.991,6661.4575
3177,2021-12-17,6651.3745,6637.34
3178,2021-12-18,6375.7227,6287.321
3179,2021-12-19,6251.632,6057.9443
3180,2021-11-21,6088.5283,6122.0024
3181,2021-11-22,6559.7305,6590.2397
3182,2021-11-23,6583.0854,6618.4697
3183,2021-11-24,6588.122,6477.9897
3184,2021-11-25,6558.815,6530.0786
3185,2021-11-26,6573.9263,6612.006
3186,2021-11-27,6224.9883,6319.2026
3187,2021-11-28,6149.89,6150.5464
3188,2021-11-29,6573.01,6719.57
3189,2021-11-30,6612.8496,6828.828
3190,2021-12-01,6622.0073,6916.207
3191,2021-12-02,6621.092,6703.6147
3192,2021-12-03,6620.6343,6558.849
3193,2021-12-04,6283.1445,6265.8486
3194,2021-12-05,6203.4663,6114.6274
3195,2021-12-06,6623.84,6531.9136
3196,2021-12-07,6665.051,6636.739
3197,2021-12-08,6662.7617,6668.687
3198,2021-12-09,6660.015,6680.9844
3199,2021-12-10,6652.6895,6599.399
3200,2021-12-11,6332.6,6268.572
3201,2021-12-12,6231.3994,6030.913
3202,2021-12-13,6663.6787,6482.4165
3203,2021-12-14,6713.136,6583.9097
3204,2021-12-15,6699.3975,6599.98
3205,2021-12-16,6676.503,6661.4575
3206,2021-12-17,6648.5684,6637.34
3207,2021-12-18,6332.143,6287.321
3208,2021-12-19,6244.2227,6057.9443
3209,2021-12-20,6645.8193,6524.5938
3210,2021-11-22,6528.7925,6590.2397
3211,2021-11-23,6550.317,6618.4697
3212,2021-11-24,6553.5244,6477.9897
3213,2021-11-25,6527.877,6530.0786
3214,2021-11-26,6517.8013,6612.006
3215,2021-11-27,6220.5825,6319.2026
3216,2021-11-28,6124.4067,6150.5464
3217,2021-11-29,6552.148,6719.57
3218,2021-11-30,6573.672,6828.828
3219,2021-12-01,6579.625,6916.207
3220,2021-12-02,6575.0474,6703.6147
3221,2021-12-03,6571.3833,6558.849
3222,2021-12-04,6281.03,6265.8486
3223,2021-12-05,6177.5293,6114.6274
3224,2021-12-06,6578.253,6531.9136
3225,2021-12-07,6607.565,6636.739
3226,2021-12-08,6605.7324,6668.687
3227,2021-12-09,6585.123,6680.9844
3228,2021-12-10,6549.859,6599.399
3229,2021-12-11,6268.6655,6268.572
3230,2021-12-12,6175.6987,6030.913
3231,2021-12-13,6580.0845,6482.4165
3232,2021-12-14,6636.4146,6583.9097
3233,2021-12-15,6655.1904,6599.98
3234,2021-12-16,6645.118,6661.4575
3235,2021-12-17,6602.984,6637.34
3236,2021-12-18,6299.8086,6287.321
3237,2021-12-19,6248.975,6057.9443
3238,2021-12-20,6619.4688,6524.5938
3239,2021-12-21,6665.723,6667.921
3240,2021-11-23,6592.169,6618.4697
3241,2021-11-24,6594.46,6477.9897
3242,2021-11-25,6580.259,6530.0786
3243,2021-11-26,6552.313,6612.006
3244,2021-11-27,6239.8833,6319.2026
3245,2021-11-28,6134.9775,6150.5464
3246,2021-11-29,6565.14,6719.57
3247,2021-11-30,6592.6265,6828.828
3248,2021-12-01,6602.7056,6916.207
3249,2021-12-02,6612.784,6703.6147
3250,2021-12-03,6615.533,6558.849
3251,2021-12-04,6324.6313,6265.8486
3252,2021-12-05,6219.726,6114.6274
3253,2021-12-06,6626.0693,6531.9136
3254,2021-12-07,6648.9756,6636.739
3255,2021-12-08,6651.267,6668.687
3256,2021-12-09,6626.5273,6680.9844
3257,2021-12-10,6589.4204,6599.399
3258,2021-12-11,6286.1514,6268.572
3259,2021-12-12,6216.977,6030.913
3260,2021-12-13,6582.5483,6482.4165
3261,2021-12-14,6616.45,6583.9097
3262,2021-12-15,6624.2373,6599.98
3263,2021-12-16,6592.169,6661.4575
3264,2021-12-17,6584.839,6637.34
3265,2021-12-18,6272.865,6287.321
3266,2021-12-19,6193.614,6057.9443
3267,2021-12-20,6591.252,6524.5938
3268,2021-12-21,6615.074,6667.921
3269,2021-12-22,6626.985,6679.466
3270,2021-11-24,6574.814,6477.9897
3271,2021-11-25,6536.783,6530.0786
3272,2021-11-26,6530.368,6612.006
3273,2021-11-27,6194.9893,6319.2026
3274,2021-11-28,6136.3394,6150.5464
3275,2021-11-29,6581.687,6719.57
3276,2021-11-30,6601.389,6828.828
3277,2021-12-01,6606.886,6916.207
3278,2021-12-02,6586.7246,6703.6147
3279,2021-12-03,6567.482,6558.849
3280,2021-12-04,6269.669,6265.8486
3281,2021-12-05,6198.1924,6114.6274
3282,2021-12-06,6632.545,6531.9136
3283,2021-12-07,6661.409,6636.739
3284,2021-12-08,6652.705,6668.687
3285,2021-12-09,6634.377,6680.9844
3286,2021-12-10,6624.2954,6599.399
3287,2021-12-11,6298.533,6268.572
3288,2021-12-12,6233.473,6030.913
3289,2021-12-13,6633.0015,6482.4165
3290,2021-12-14,6629.3345,6583.9097
3291,2021-12-15,6624.7544,6599.98
3292,2021-12-16,6605.9688,6661.4575
3293,2021-12-17,6554.6533,6637.34
3294,2021-12-18,6244.928,6287.321
3295,2021-12-19,6218.81,6057.9443
3296,2021-12-20,6611.925,6524.5938
3297,2021-12-21,6632.543,6667.921
3298,2021-12-22,6634.8345,6679.466
3299,2021-12-23,6622.9204,6570.552
3300,2021-11-25,6469.5386,6530.0786
3301,2021-11-26,6448.4575,6612.006
3302,2021-11-27,6173.9907,6319.2026
3303,2021-11-28,6103.4224,6150.5464
3304,2021-11-29,6530.938,6719.57
3305,2021-11-30,6557.515,6828.828
3306,2021-12-01,6571.721,6916.207
3307,2021-12-02,6570.8037,6703.6147
3308,2021-12-03,6542.8506,6558.849
3309,2021-12-04,6242.2637,6265.8486
3310,2021-12-05,6183.611,6114.6274
3311,2021-12-06,6590.5063,6531.9136
3312,2021-12-07,6606.543,6636.739
3313,2021-12-08,6584.09,6668.687
3314,2021-12-09,6574.4688,6680.9844
3315,2021-12-10,6543.31,6599.399
3316,2021-12-11,6242.721,6268.572
3317,2021-12-12,6210.6465,6030.913
3318,2021-12-13,6602.42,6482.4165
3319,2021-12-14,6627.622,6583.9097
3320,2021-12-15,6623.955,6599.98
3321,2021-12-16,6628.5376,6661.4575
3322,2021-12-17,6577.2173,6637.34
3323,2021-12-18,6259.6743,6287.321
3324,2021-12-19,6209.272,6057.9443
3325,2021-12-20,6605.627,6524.5938
3326,2021-12-21,6639.075,6667.921
3327,2021-12-22,6632.2036,6679.466
3328,2021-12-23,6629.453,6570.552
3329,2021-12-24,6580.884,6497.8086
3330,2021-11-26,6481.275,6612.006
3331,2021-11-27,6187.9863,6319.2026
3332,2021-11-28,6109.163,6150.5464
3333,2021-11-29,6529.853,6719.57
3334,2021-11-30,6539.476,6828.828
3335,2021-12-01,6546.3506,6916.207
3336,2021-12-02,6542.226,6703.6147
3337,2021-12-03,6539.0186,6558.849
3338,2021-12-04,6271.8477,6265.8486
3339,2021-12-05,6185.6943,6114.6274
3340,2021-12-06,6575.679,6531.9136
3341,2021-12-07,6601.3423,6636.739
3342,2021-12-08,6602.259,6668.687
3343,2021-12-09,6575.2207,6680.9844
3344,2021-12-10,6547.2656,6599.399
3345,2021-12-11,6251.6846,6268.572
3346,2021-12-12,6171.0312,6030.913
3347,2021-12-13,6561.0137,6482.4165
3348,2021-12-14,6610.965,6583.9097
3349,2021-12-15,6602.259,6599.98
3350,2021-12-16,6596.76,6661.4575
3351,2021-12-17,6549.0996,6637.34
3352,2021-12-18,6269.5576,6287.321
3353,2021-12-19,6217.314,6057.9443
3354,2021-12-20,6600.8843,6524.5938
3355,2021-12-21,6633.4214,6667.921
3356,2021-12-22,6651.2944,6679.466
3357,2021-12-23,6645.7954,6570.552
3358,2021-12-24,6591.2607,6497.8086
3359,2021-12-25,6308.51,6085.1455
3360,2021-11-27,6198.882,6319.2026
3361,2021-11-28,6132.8823,6150.5464
3362,2021-11-29,6573.7944,6719.57
3363,2021-11-30,6605.419,6828.828
3364,2021-12-01,6598.5444,6916.207
3365,2021-12-02,6588.46,6703.6147
3366,2021-12-03,6593.9604,6558.849
3367,2021-12-04,6279.089,6265.8486
3368,2021-12-05,6182.3823,6114.6274
3369,2021-12-06,6599.0024,6531.9136
3370,2021-12-07,6652.625,6636.739
3371,2021-12-08,6649.8755,6668.687
3372,2021-12-09,6619.6245,6680.9844
3373,2021-12-10,6607.71,6599.399
3374,2021-12-11,6270.381,6268.572
3375,2021-12-12,6189.259,6030.913
3376,2021-12-13,6615.502,6482.4165
3377,2021-12-14,6647.5845,6583.9097
3378,2021-12-15,6630.168,6599.98
3379,2021-12-16,6609.085,6661.4575
3380,2021-12-17,6573.337,6637.34
3381,2021-12-18,6266.7163,6287.321
3382,2021-12-19,6201.632,6057.9443
3383,2021-12-20,6604.5024,6524.5938
3384,2021-12-21,6657.667,6667.921
3385,2021-12-22,6668.21,6679.466
3386,2021-12-23,6656.293,6570.552
3387,2021-12-24,6628.793,6497.8086
3388,2021-12-25,6336.3813,6085.1455
3389,2021-12-26,6247.4663,6043.734
3390,2021-11-28,6130.7563,6150.5464
3391,2021-11-29,6587.7227,6719.57
3392,2021-11-30,6607.4316,6828.828
3393,2021-12-01,6616.139,6916.207
3394,2021-12-02,6601.4756,6703.6147
3395,2021-12-03,6596.4326,6558.849
3396,2021-12-04,6287.052,6265.8486
3397,2021-12-05,6181.1733,6114.6274
3398,2021-12-06,6600.0996,6531.9136
3399,2021-12-07,6615.2246,6636.739
3400,2021-12-08,6629.889,6668.687
3401,2021-12-09,6631.725,6680.9844
3402,2021-12-10,6602.8496,6599.399
3403,2021-12-11,6319.135,6268.572
3404,2021-12-12,6224.2583,6030.913
3405,2021-12-13,6639.976,6482.4165
3406,2021-12-14,6667.933,6583.9097
3407,2021-12-15,6667.0186,6599.98
3408,2021-12-16,6639.5186,6661.4575
3409,2021-12-17,6626.683,6637.34
3410,2021-12-18,6338.3843,6287.321
3411,2021-12-19,6236.1763,6057.9443
3412,2021-12-20,6624.3926,6524.5938
3413,2021-12-21,6679.8506,6667.921
3414,2021-12-22,6701.3936,6679.466
3415,2021-12-23,6682.142,6570.552
3416,2021-12-24,6651.433,6497.8086
3417,2021-12-25,6366.802,6085.1455
3418,2021-12-26,6274.675,6043.734
3419,2021-12-27,6671.1426,6466.6216
3420,2021-11-29,6527.3276,6719.57
3421,2021-11-30,6543.828,6828.828
3422,2021-12-01,6530.0776,6916.207
3423,2021-12-02,6552.078,6703.6147
3424,2021-12-03,6538.784,6558.849
3425,2021-12-04,6269.259,6265.8486
3426,2021-12-05,6180.791,6114.6274
3427,2021-12-06,6592.417,6531.9136
3428,2021-12-07,6624.9604,6636.739
3429,2021-12-08,6642.381,6668.687
3430,2021-12-09,6659.799,6680.9844
3431,2021-12-10,6628.1704,6599.399
3432,2021-12-11,6345.35,6268.572
3433,2021-12-12,6261.467,6030.913
3434,2021-12-13,6667.592,6482.4165
3435,2021-12-14,6688.217,6583.9097
3436,2021-12-15,6702.8843,6599.98
3437,2021-12-16,6686.8433,6661.4575
3438,2021-12-17,6659.7983,6637.34
3439,2021-12-18,6391.645,6287.321
3440,2021-12-19,6293.553,6057.9443
3441,2021-12-20,6657.9644,6524.5938
3442,2021-12-21,6702.8867,6667.921
3443,2021-12-22,6695.551,6679.466
3444,2021-12-23,6694.1763,6570.552
3445,2021-12-24,6648.797,6497.8086
3446,2021-12-25,6351.3076,6085.1455
3447,2021-12-26,6254.1333,6043.734
3448,2021-12-27,6664.84,6466.6216
3449,2021-12-28,6719.3887,6550.1025
3450,2021-11-30,6689.6064,6828.828
3451,2021-12-01,6673.0996,6916.207
3452,2021-12-02,6680.8936,6703.6147
3453,2021-12-03,6673.558,6558.849
3454,2021-12-04,6341.5767,6265.8486
3455,2021-12-05,6220.064,6114.6274
3456,2021-12-06,6656.1333,6531.9136
3457,2021-12-07,6688.689,6636.739
3458,2021-12-08,6678.142,6668.687
3459,2021-12-09,6678.601,6680.9844
3460,2021-12-10,6660.26,6599.399
3461,2021-12-11,6367.255,6268.572
3462,2021-12-12,6274.631,6030.913
3463,2021-12-13,6668.0557,6482.4165
3464,2021-12-14,6715.285,6583.9097
3465,2021-12-15,6717.5776,6599.98
3466,2021-12-16,6696.4844,6661.4575
3467,2021-12-17,6672.1836,6637.34
3468,2021-12-18,6366.339,6287.321
3469,2021-12-19,6291.595,6057.9443
3470,2021-12-20,6656.592,6524.5938
3471,2021-12-21,6705.198,6667.921
3472,2021-12-22,6702.9043,6679.466
3473,2021-12-23,6682.7295,6570.552
3474,2021-12-24,6653.84,6497.8086
3475,2021-12-25,6351.6636,6085.1455
3476,2021-12-26,6281.05,6043.734
3477,2021-12-27,6648.795,6466.6216
3478,2021-12-28,6712.5317,6550.1025
3479,2021-12-29,6726.291,6549.389
3480,2021-12-01,6802.4375,6916.207
3481,2021-12-02,6768.9536,6703.6147
3482,2021-12-03,6753.3633,6558.849
3483,2021-12-04,6416.267,6265.8486
3484,2021-12-05,6300.6914,6114.6274
3485,2021-12-06,6726.304,6531.9136
3486,2021-12-07,6761.6187,6636.739
3487,2021-12-08,6758.4077,6668.687
3488,2021-12-09,6751.9863,6680.9844
3489,2021-12-10,6743.2715,6599.399
3490,2021-12-11,6404.802,6268.572
3491,2021-12-12,6306.655,6030.913
3492,2021-12-13,6729.9746,6482.4165
3493,2021-12-14,6776.7544,6583.9097
3494,2021-12-15,6764.8286,6599.98
3495,2021-12-16,6745.1074,6661.4575
3496,2021-12-17,6733.641,6637.34
3497,2021-12-18,6372.24,6287.321
3498,2021-12-19,6298.3994,6057.9443
3499,2021-12-20,6720.799,6524.5938
3500,2021-12-21,6772.1655,6667.921
3501,2021-12-22,6757.947,6679.466
3502,2021-12-23,6758.4062,6570.552
3503,2021-12-24,6719.884,6497.8086
3504,2021-12-25,6405.261,6085.1455
3505,2021-12-26,6323.623,6043.734
3506,2021-12-27,6744.6504,6466.6216
3507,2021-12-28,6812.067,6550.1025
3508,2021-12-29,6818.4883,6549.389
3509,2021-12-30,6811.6094,6524.4844
3510,2021-12-02,6871.5527,6703.6147
3511,2021-12-03,6832.1006,6558.849
3512,2021-12-04,6472.4414,6265.8486
3513,2021-12-05,6294.447,6114.6274
3514,2021-12-06,6721.542,6531.9136
3515,2021-12-07,6776.1333,6636.739
3516,2021-12-08,6778.427,6668.687
3517,2021-12-09,6754.1133,6680.9844
3518,2021-12-10,6732.0933,6599.399
3519,2021-12-11,6397.665,6268.572
3520,2021-12-12,6272.8857,6030.913
3521,2021-12-13,6691.723,6482.4165
3522,2021-12-14,6746.3145,6583.9097
3523,2021-12-15,6734.845,6599.98
3524,2021-12-16,6716.036,6661.4575
3525,2021-12-17,6689.429,6637.34
3526,2021-12-18,6382.0674,6287.321
3527,2021-12-19,6260.4995,6057.9443
3528,2021-12-20,6683.9243,6524.5938
3529,2021-12-21,6755.9473,6667.921
3530,2021-12-22,6754.1123,6679.466
3531,2021-12-23,6762.8286,6570.552
3532,2021-12-24,6727.505,6497.8086
3533,2021-12-25,6418.3086,6085.1455
3534,2021-12-26,6320.136,6043.734
3535,2021-12-27,6733.01,6466.6216
3536,2021-12-28,6787.601,6550.1025
3537,2021-12-29,6807.3276,6549.389
3538,2021-12-30,6797.2344,6524.4844
3539,2021-12-31,6788.9775,6268.829
3540,2021-12-03,6631.197,6558.849
3541,2021-12-04,6294.4043,6265.8486
3542,2021-12-05,6189.328,6114.6274
3543,2021-12-06,6614.678,6531.9136
3544,2021-12-07,6669.7383,6636.739
3545,2021-12-08,6662.3965,6668.687
3546,2021-12-09,6666.984,6680.9844
3547,2021-12-10,6620.1846,6599.399
3548,2021-12-11,6325.6055,6268.572
3549,2021-12-12,6201.7183,6030.913
3550,2021-12-13,6607.795,6482.4165
3551,2021-12-14,6672.033,6583.9097
3552,2021-12-15,6668.821,6599.98
3553,2021-12-16,6655.9717,6661.4575
3554,2021-12-17,6644.043,6637.34
3555,2021-12-18,6340.747,6287.321
3556,2021-12-19,6243.473,6057.9443
3557,2021-12-20,6654.5967,6524.5938
3558,2021-12-21,6697.2686,6667.921
3559,2021-12-22,6696.3506,6679.466
3560,2021-12-23,6701.859,6570.552
3561,2021-12-24,6672.4917,6497.8086
3562,2021-12-25,6365.9844,6085.1455
3563,2021-12-26,6259.5317,6043.734
3564,2021-12-27,6654.5967,6466.6216
3565,2021-12-28,6711.9526,6550.1025
3566,2021-12-29,6696.351,6549.389
3567,2021-12-30,6695.4346,6524.4844
3568,2021-12-31,6663.7715,6268.829
3569,2022-01-01,6379.291,5824.3525
3570,2021-12-04,6263.596,6265.8486
3571,2021-12-05,6178.233,6114.6274
3572,2021-12-06,6590.359,6531.9136
3573,2021-12-07,6661.4956,6636.739
3574,2021-12-08,6668.379,6668.687
3575,2021-12-09,6647.2656,6680.9844
3576,2021-12-10,6612.388,6599.399
3577,2021-12-11,6288.379,6268.572
3578,2021-12-12,6191.54,6030.913
3579,2021-12-13,6610.095,6482.4165
3580,2021-12-14,6678.0176,6583.9097
3581,2021-12-15,6686.2773,6599.98
3582,2021-12-16,6659.658,6661.4575
3583,2021-12-17,6626.1562,6637.34
3584,2021-12-18,6287.002,6287.321
3585,2021-12-19,6194.2964,6057.9443
3586,2021-12-20,6588.983,6524.5938
3587,2021-12-21,6645.4326,6667.921
3588,2021-12-22,6660.116,6679.466
3589,2021-12-23,6645.89,6570.552
3590,2021-12-24,6631.6636,6497.8086
3591,2021-12-25,6312.2427,6085.1455
3592,2021-12-26,6232.388,6043.734
3593,2021-12-27,6636.254,6466.6216
3594,2021-12-28,6708.3057,6550.1025
3595,2021-12-29,6704.178,6549.389
3596,2021-12-30,6696.834,6524.4844
3597,2021-12-31,6668.839,6268.829
3598,2022-01-01,6359.514,5824.3525
3599,2022-01-02,6254.877,5773.3154
3600,2021-12-05,6161.3667,6114.6274
3601,2021-12-06,6628.2183,6531.9136
3602,2021-12-07,6686.06,6636.739
3603,2021-12-08,6676.881,6668.687
3604,2021-12-09,6665.4023,6680.9844
3605,2021-12-10,6652.5513,6599.399
3606,2021-12-11,6311.4736,6268.572
3607,2021-12-12,6222.877,6030.913
3608,2021-12-13,6658.058,6482.4165
3609,2021-12-14,6720.489,6583.9097
3610,2021-12-15,6705.3394,6599.98
3611,2021-12-16,6695.24,6661.4575
3612,2021-12-17,6662.1895,6637.34
3613,2021-12-18,6342.2295,6287.321
3614,2021-12-19,6238.946,6057.9443
3615,2021-12-20,6658.0576,6524.5938
3616,2021-12-21,6731.966,6667.921
3617,2021-12-22,6735.638,6679.466
3618,2021-12-23,6731.047,6570.552
3619,2021-12-24,6705.342,6497.8086
3620,2021-12-25,6378.495,6085.1455
3621,2021-12-26,6286.2275,6043.734
3622,2021-12-27,6706.716,6466.6216
3623,2021-12-28,6781.083,6550.1025
3624,2021-12-29,6809.545,6549.389
3625,2021-12-30,6787.971,6524.4844
3626,2021-12-31,6720.031,6268.829
3627,2022-01-01,6374.8223,5824.3525
3628,2022-01-02,6263.275,5773.3154
3629,2022-01-03,6691.111,6162.769
3630,2021-12-06,6551.121,6531.9136
3631,2021-12-07,6584.18,6636.739
3632,2021-12-08,6586.017,6668.687
3633,2021-12-09,6579.5874,6680.9844
3634,2021-12-10,6549.2856,6599.399
3635,2021-12-11,6226.0684,6268.572
3636,2021-12-12,6138.3755,6030.913
3637,2021-12-13,6574.0796,6482.4165
3638,2021-12-14,6623.6636,6583.9097
3639,2021-12-15,6637.8955,6599.98
3640,2021-12-16,6621.8257,6661.4575
3641,2021-12-17,6604.84,6637.34
3642,2021-12-18,6292.181,6287.321
3643,2021-12-19,6177.4023,6057.9443
3644,2021-12-20,6620.451,6524.5938
3645,2021-12-21,6654.881,6667.921
3646,2021-12-22,6661.312,6679.466
3647,2021-12-23,6640.6504,6570.552
3648,2021-12-24,6632.385,6497.8086
3649,2021-12-25,6326.156,6085.1455
3650,2021-12-26,6205.8677,6043.734
3651,2021-12-27,6642.4883,6466.6216
3652,2021-12-28,6698.0396,6550.1025
3653,2021-12-29,6688.859,6549.389
3654,2021-12-30,6695.744,6524.4844
3655,2021-12-31,6668.6567,6268.829
3656,2022-01-01,6339.471,5824.3525
3657,2022-01-02,6230.2026,5773.3154
3658,2022-01-03,6686.5605,6162.769
3659,2022-01-04,6750.8354,6336.896
3660,2021-12-07,6623.365,6636.739
3661,2021-12-08,6627.957,6668.687
3662,2021-12-09,6611.426,6680.9844
3663,2021-12-10,6600.8623,6599.399
3664,2021-12-11,6261.014,6268.572
3665,2021-12-12,6154.007,6030.913
3666,2021-12-13,6604.994,6482.4165
3667,2021-12-14,6662.404,6583.9097
3668,2021-12-15,6664.239,6599.98
3669,2021-12-16,6635.3066,6661.4575
3670,2021-12-17,6594.4326,6637.34
3671,2021-12-18,6271.1177,6287.321
3672,2021-12-19,6185.696,6057.9443
3673,2021-12-20,6593.975,6524.5938
3674,2021-12-21,6663.7827,6667.921
3675,2021-12-22,6662.4033,6679.466
3676,2021-12-23,6630.2544,6570.552
3677,2021-12-24,6592.5957,6497.8086
3678,2021-12-25,6294.5405,6085.1455
3679,2021-12-26,6216.007,6043.734
3680,2021-12-27,6588.4604,6466.6216
3681,2021-12-28,6650.003,6550.1025
3682,2021-12-29,6661.945,6549.389
3683,2021-12-30,6654.5938,6524.4844
3684,2021-12-31,6632.552,6268.829
3685,2022-01-01,6328.984,5824.3525
3686,2022-01-02,6270.6587,5773.3154
3687,2022-01-03,6662.861,6162.769
3688,2022-01-04,6731.7485,6336.896
3689,2022-01-05,6721.187,6497.7144
3690,2021-12-08,6642.6235,6668.687
3691,2021-12-09,6616.898,6680.9844
3692,2021-12-10,6583.824,6599.399
3693,2021-12-11,6248.5015,6268.572
3694,2021-12-12,6144.226,6030.913
3695,2021-12-13,6598.5244,6482.4165
3696,2021-12-14,6655.483,6583.9097
3697,2021-12-15,6651.35,6599.98
3698,2021-12-16,6636.1904,6661.4575
3699,2021-12-17,6610.0083,6637.34
3700,2021-12-18,6324.2944,6287.321
3701,2021-12-19,6202.5654,6057.9443
3702,2021-12-20,6638.0273,6524.5938
3703,2021-12-21,6684.422,6667.921
3704,2021-12-22,6679.8296,6679.466
3705,2021-12-23,6674.7764,6570.552
3706,2021-12-24,6621.951,6497.8086
3707,2021-12-25,6317.8623,6085.1455
3708,2021-12-26,6222.777,6043.734
3709,2021-12-27,6613.683,6466.6216
3710,2021-12-28,6669.2637,6550.1025
3711,2021-12-29,6666.507,6549.389
3712,2021-12-30,6672.0205,6524.4844
3713,2021-12-31,6624.708,6268.829
3714,2022-01-01,6324.291,5824.3525
3715,2022-01-02,6247.122,5773.3154
3716,2022-01-03,6655.023,6162.769
3717,2022-01-04,6718.873,6336.896
3718,2022-01-05,6728.518,6497.7144
3719,2022-01-06,6710.145,6556.6016
3720,2021-12-09,6656.053,6680.9844
3721,2021-12-10,6632.1626,6599.399
3722,2021-12-11,6280.685,6268.572
3723,2021-12-12,6172.7144,6030.913
3724,2021-12-13,6617.92,6482.4165
3725,2021-12-14,6661.57,6583.9097
3726,2021-12-15,6656.055,6599.98
3727,2021-12-16,6628.0283,6661.4575
3728,2021-12-17,6624.353,6637.34
3729,2021-12-18,6311.4683,6287.321
3730,2021-12-19,6201.2007,6057.9443
3731,2021-12-20,6639.517,6524.5938
3732,2021-12-21,6691.893,6667.921
3733,2021-12-22,6690.9756,6679.466
3734,2021-12-23,6664.7856,6570.552
3735,2021-12-24,6670.7573,6497.8086
3736,2021-12-25,6377.629,6085.1455
3737,2021-12-26,6240.2544,6043.734
3738,2021-12-27,6667.082,6466.6216
3739,2021-12-28,6718.081,6550.1025
3740,2021-12-29,6708.8936,6549.389
3741,2021-12-30,6706.1343,6524.4844
3742,2021-12-31,6704.297,6268.829
3743,2022-01-01,6384.5195,5824.3525
3744,2022-01-02,6296.767,5773.3154
3745,2022-01-03,6699.7026,6162.769
3746,2022-01-04,6737.8374,6336.896
3747,2022-01-05,6737.3794,6497.7144
3748,2022-01-06,6713.4863,6556.6016
3749,2022-01-07,6680.8667,6576.179
3750,2021-12-10,6622.0093,6599.399
3751,2021-12-11,6267.2427,6268.572
3752,2021-12-12,6162.925,6030.913
3753,2021-12-13,6600.4106,6482.4165
3754,2021-12-14,6641.31,6583.9097
3755,2021-12-15,6651.88,6599.98
3756,2021-12-16,6639.4727,6661.4575
3757,2021-12-17,6606.385,6637.34
3758,2021-12-18,6275.975,6287.321
3759,2021-12-19,6182.6875,6057.9443
3760,2021-12-20,6591.2188,6524.5938
3761,2021-12-21,6641.31,6667.921
3762,2021-12-22,6633.9575,6679.466
3763,2021-12-23,6612.3594,6570.552
3764,2021-12-24,6561.3506,6497.8086
3765,2021-12-25,6259.89,6085.1455
3766,2021-12-26,6185.446,6043.734
3767,2021-12-27,6599.949,6466.6216
3768,2021-12-28,6654.1787,6550.1025
3769,2021-12-29,6680.371,6549.389
3770,2021-12-30,6670.7227,6524.4844
3771,2021-12-31,6635.7954,6268.829
3772,2022-01-01,6316.8735,5824.3525
3773,2022-01-02,6230.4805,5773.3154
3774,2022-01-03,6612.361,6162.769
3775,2022-01-04,6677.156,6336.896
3776,2022-01-05,6693.237,6497.7144
3777,2022-01-06,6688.6436,6556.6016
3778,2022-01-07,6636.255,6576.179
3779,2022-01-08,6318.2515,6262.3086
3780,2021-12-11,6246.18,6268.572
3781,2021-12-12,6162.0723,6030.913
3782,2021-12-13,6595.0317,6482.4165
3783,2021-12-14,6646.9688,6583.9097
3784,2021-12-15,6643.7515,6599.98
3785,2021-12-16,6619.852,6661.4575
3786,2021-12-17,6577.1064,6637.34
3787,2021-12-18,6241.5864,6287.321
3788,2021-12-19,6153.3394,6057.9443
3789,2021-12-20,6561.9424,6524.5938
3790,2021-12-21,6617.095,6667.921
3791,2021-12-22,6618.0127,6679.466
3792,2021-12-23,6602.8457,6570.552
3793,2021-12-24,6570.674,6497.8086
3794,2021-12-25,6238.828,6085.1455
3795,2021-12-26,6168.9688,6043.734
3796,2021-12-27,6589.516,6466.6216
3797,2021-12-28,6643.7515,6550.1025
3798,2021-12-29,6629.965,6549.389
3799,2021-12-30,6644.212,6524.4844
3800,2021-12-31,6591.8145,6268.829
3801,2022-01-01,6261.351,5824.3525
3802,2022-01-02,6188.2725,5773.3154
3803,2022-01-03,6609.279,6162.769
3804,2022-01-04,6662.5957,6336.896
3805,2022-01-05,6674.085,6497.7144
3806,2022-01-06,6664.433,6556.6016
3807,2022-01-07,6636.8564,6576.179
3808,2022-01-08,6305.9326,6262.3086
3809,2022-01-09,6242.5063,6114.0522
3810,2021-12-12,6130.554,6030.913
3811,2021-12-13,6599.3735,6482.4165
3812,2021-12-14,6654.0737,6583.9097
3813,2021-12-15,6650.857,6599.98
3814,2021-12-16,6631.0938,6661.4575
3815,2021-12-17,6604.892,6637.34
3816,2021-12-18,6274.877,6287.321
3817,2021-12-19,6193.0645,6057.9443
3818,2021-12-20,6618.6807,6524.5938
3819,2021-12-21,6663.2656,6667.921
3820,2021-12-22,6650.855,6679.466
3821,2021-12-23,6663.7256,6570.552
3822,2021-12-24,6628.792,6497.8086
3823,2021-12-25,6288.2075,6085.1455
3824,2021-12-26,6195.822,6043.734
3825,2021-12-27,6637.985,6466.6216
3826,2021-12-28,6679.3525,6550.1025
3827,2021-12-29,6695.439,6549.389
3828,2021-12-30,6676.594,6524.4844
3829,2021-12-31,6649.937,6268.829
3830,2022-01-01,6320.382,5824.3525
3831,2022-01-02,6261.089,5773.3154
3832,2022-01-03,6701.4146,6162.769
3833,2022-01-04,6740.023,6336.896
3834,2022-01-05,6746.0005,6497.7144
3835,2022-01-06,6721.639,6556.6016
3836,2022-01-07,6680.73,6576.179
3837,2022-01-08,6317.6235,6262.3086
3838,2022-01-09,6260.17,6114.0522
3839,2022-01-10,6692.681,6585.077
3840,2021-12-13,6505.578,6482.4165
3841,2021-12-14,6557.5215,6583.9097
3842,2021-12-15,6550.1636,6599.98
3843,2021-12-16,6524.8843,6661.4575
3844,2021-12-17,6478.457,6637.34
3845,2021-12-18,6169.564,6287.321
3846,2021-12-19,6080.389,6057.9443
3847,2021-12-20,6523.044,6524.5938
3848,2021-12-21,6567.632,6667.921
3849,2021-12-22,6556.139,6679.466
3850,2021-12-23,6554.761,6570.552
3851,2021-12-24,6543.728,6497.8086
3852,2021-12-25,6267.471,6085.1455
3853,2021-12-26,6164.0474,6043.734
3854,2021-12-27,6562.115,6466.6216
3855,2021-12-28,6609.0005,6550.1025
3856,2021-12-29,6599.806,6549.389
3857,2021-12-30,6597.509,6524.4844
3858,2021-12-31,6574.5254,6268.829
3859,2022-01-01,6261.037,5824.3525
3860,2022-01-02,6172.323,5773.3154
3861,2022-01-03,6576.3643,6162.769
3862,2022-01-04,6612.2173,6336.896
3863,2022-01-05,6623.7075,6497.7144
3864,2022-01-06,6604.404,6556.6016
3865,2022-01-07,6563.0337,6576.179
3866,2022-01-08,6268.85,6262.3086
3867,2022-01-09,6187.0327,6114.0522
3868,2022-01-10,6570.848,6585.077
3869,2022-01-11,6620.0327,6584.598
3870,2021-12-14,6603.8237,6583.9097
3871,2021-12-15,6611.18,6599.98
3872,2021-12-16,6593.7075,6661.4575
3873,2021-12-17,6575.3154,6637.34
3874,2021-12-18,6253.471,6287.321
3875,2021-12-19,6155.997,6057.9443
3876,2021-12-20,6604.283,6524.5938
3877,2021-12-21,6639.2246,6667.921
3878,2021-12-22,6625.89,6679.466
3879,2021-12-23,6634.167,6570.552
3880,2021-12-24,6603.8223,6497.8086
3881,2021-12-25,6296.2305,6085.1455
3882,2021-12-26,6196.457,6043.734
3883,2021-12-27,6600.145,6466.6216
3884,2021-12-28,6641.9844,6550.1025
3885,2021-12-29,6646.121,6549.389
3886,2021-12-30,6648.881,6524.4844
3887,2021-12-31,6621.2944,6268.829
3888,2022-01-01,6309.103,5824.3525
3889,2022-01-02,6198.756,5773.3154
3890,2022-01-03,6594.625,6162.769
3891,2022-01-04,6641.5244,6336.896
3892,2022-01-05,6630.03,6497.7144
3893,2022-01-06,6629.109,6556.6016
3894,2022-01-07,6608.4194,6576.179
3895,2022-01-08,6307.2627,6262.3086
3896,2022-01-09,6208.411,6114.0522
3897,2022-01-10,6620.375,6585.077
3898,2022-01-11,6653.937,6584.598
3899,2022-01-12,6656.2363,6577.644
3900,2021-12-15,6603.96,6599.98
3901,2021-12-16,6591.0864,6661.4575
3902,2021-12-17,6577.7505,6637.34
3903,2021-12-18,6256.3354,6287.321
3904,2021-12-19,6116.0894,6057.9443
3905,2021-12-20,6538.665,6524.5938
3906,2021-12-21,6594.302,6667.921
3907,2021-12-22,6594.3037,6679.466
3908,2021-12-23,6615.4546,6570.552
3909,2021-12-24,6576.37,6497.8086
3910,2021-12-25,6248.978,6085.1455
3911,2021-12-26,6133.561,6043.734
3912,2021-12-27,6566.716,6466.6216
3913,2021-12-28,6620.513,6550.1025
3914,2021-12-29,6613.616,6549.389
3915,2021-12-30,6586.0244,6524.4844
3916,2021-12-31,6549.2417,6268.829
3917,2022-01-01,6237.0215,5824.3525
3918,2022-01-02,6131.2627,5773.3154
3919,2022-01-03,6538.206,6162.769
3920,2022-01-04,6582.35,6336.896
3921,2022-01-05,6572.694,6497.7144
3922,2022-01-06,6588.326,6556.6016
3923,2022-01-07,6531.768,6576.179
3924,2022-01-08,6225.5254,6262.3086
3925,2022-01-09,6134.483,6114.0522
3926,2022-01-10,6563.0386,6585.077
3927,2022-01-11,6614.537,6584.598
3928,2022-01-12,6620.9736,6577.644
3929,2022-01-13,6627.4126,6565.6304
3930,2021-12-16,6598.159,6661.4575
3931,2021-12-17,6573.7856,6637.34
3932,2021-12-18,6248.66,6287.321
3933,2021-12-19,6118.9775,6057.9443
3934,2021-12-20,6566.4277,6524.5938
3935,2021-12-21,6627.5923,6667.921
3936,2021-12-22,6656.1006,6679.466
3937,2021-12-23,6657.9414,6570.552
3938,2021-12-24,6611.494,6497.8086
3939,2021-12-25,6267.053,6085.1455
3940,2021-12-26,6148.411,6043.734
3941,2021-12-27,6590.34,6466.6216
3942,2021-12-28,6651.0425,6550.1025
3943,2021-12-29,6662.998,6549.389
3944,2021-12-30,6635.4077,6524.4844
3945,2021-12-31,6612.4136,6268.829
3946,2022-01-01,6264.756,5824.3525
3947,2022-01-02,6153.0083,5773.3154
3948,2022-01-03,6576.0864,6162.769
3949,2022-01-04,6612.8765,6336.896
3950,2022-01-05,6612.8735,6497.7144
3951,2022-01-06,6622.0713,6556.6016
3952,2022-01-07,6576.0854,6576.179
3953,2022-01-08,6250.0396,6262.3086
3954,2022-01-09,6137.3726,6114.0522
3955,2022-01-10,6569.1875,6585.077
3956,2022-01-11,6625.7505,6584.598
3957,2022-01-12,6645.5264,6577.644
3958,2022-01-13,6652.4224,6565.6304
3959,2022-01-14,6615.174,6523.569
3960,2021-12-17,6611.9873,6637.34
3961,2021-12-18,6264.7383,6287.321
3962,2021-12-19,6146.5356,6057.9443
3963,2021-12-20,6580.2524,6524.5938
3964,2021-12-21,6638.6646,6667.921
3965,2021-12-22,6649.703,6679.466
3966,2021-12-23,6642.3423,6570.552
3967,2021-12-24,6614.288,6497.8086
3968,2021-12-25,6294.6333,6085.1455
3969,2021-12-26,6186.088,6043.734
3970,2021-12-27,6616.5854,6466.6216
3971,2021-12-28,6662.121,6550.1025
3972,2021-12-29,6677.2974,6549.389
3973,2021-12-30,6661.661,6524.4844
3974,2021-12-31,6628.545,6268.829
3975,2022-01-01,6270.7183,5824.3525
3976,2022-01-02,6165.3926,5773.3154
3977,2022-01-03,6584.392,6162.769
3978,2022-01-04,6619.806,6336.896
3979,2022-01-05,6630.3857,6497.7144
3980,2022-01-06,6627.6245,6556.6016
3981,2022-01-07,6575.6514,6576.179
3982,2022-01-08,6252.781,6262.3086
3983,2022-01-09,6166.7705,6114.0522
3984,2022-01-10,6588.9893,6585.077
3985,2022-01-11,6634.984,6584.598
3986,2022-01-12,6655.2217,6577.644
3987,2022-01-13,6658.4414,6565.6304
3988,2022-01-14,6597.73,6523.569
3989,2022-01-15,6272.558,6218.0947
3990,2021-12-18,6218.3354,6287.321
3991,2021-12-19,6113.913,6057.9443
3992,2021-12-20,6567.937,6524.5938
3993,2021-12-21,6613.017,6667.921
3994,2021-12-22,6626.3574,6679.466
3995,2021-12-23,6620.377,6570.552
3996,2021-12-24,6590.0176,6497.8086
3997,2021-12-25,6249.6143,6085.1455
3998,2021-12-26,6136.4517,6043.734
3999,2021-12-27,6585.8774,6466.6216
4000,2021-12-28,6636.4775,6550.1025
4001,2021-12-29,6633.2573,6549.389
4002,2021-12-30,6636.937,6524.4844
4003,2021-12-31,6602.897,6268.829
4004,2022-01-01,6259.736,5824.3525
4005,2022-01-02,6154.853,5773.3154
4006,2022-01-03,6599.217,6162.769
4007,2022-01-04,6651.6567,6336.896
4008,2022-01-05,6651.6577,6497.7144
4009,2022-01-06,6628.6567,6556.6016
4010,2022-01-07,6578.517,6576.179
4011,2022-01-08,6254.2144,6262.3086
4012,2022-01-09,6167.2725,6114.0522
4013,2022-01-10,6597.837,6585.077
4014,2022-01-11,6623.5967,6584.598
4015,2022-01-12,6641.0776,6577.644
4016,2022-01-13,6634.177,6565.6304
4017,2022-01-14,6587.2573,6523.569
4018,2022-01-15,6256.9736,6218.0947
4019,2022-01-16,6168.1924,6101.2817
4020,2021-12-19,6092.5464,6057.9443
4021,2021-12-20,6550.2607,6524.5938
4022,2021-12-21,6578.7856,6667.921
4023,2021-12-22,6593.0444,6679.466
4024,2021-12-23,6589.3643,6570.552
4025,2021-12-24,6594.4243,6497.8086
4026,2021-12-25,6264.5923,6085.1455
4027,2021-12-26,6143.147,6043.734
4028,2021-12-27,6588.4434,6466.6216
4029,2021-12-28,6654.228,6550.1025
4030,2021-12-29,6645.948,6549.389
4031,2021-12-30,6646.8667,6524.4844
4032,2021-12-31,6604.545,6268.829
4033,2022-01-01,6267.812,5824.3525
4034,2022-01-02,6142.227,5773.3154
4035,2022-01-03,6592.585,6162.769
4036,2022-01-04,6617.4277,6336.896
4037,2022-01-05,6633.9883,6497.7144
4038,2022-01-06,6622.487,6556.6016
4039,2022-01-07,6578.7837,6576.179
4040,2022-01-08,6251.7114,6262.3086
4041,2022-01-09,6150.047,6114.0522
4042,2022-01-10,6583.845,6585.077
4043,2022-01-11,6642.728,6584.598
4044,2022-01-12,6650.5483,6577.644
4045,2022-01-13,6633.0674,6565.6304
4046,2022-01-14,6587.984,6523.569
4047,2022-01-15,6261.8306,6218.0947
4048,2022-01-16,6164.308,6101.2817
4049,2022-01-17,6593.504,6562.487
4050,2021-12-20,6515.851,6524.5938
4051,2021-12-21,6575.66,6667.921
4052,2021-12-22,6572.44,6679.466
4053,2021-12-23,6567.38,6570.552
4054,2021-12-24,6500.208,6497.8086
4055,2021-12-25,6201.1704,6085.1455
4056,2021-12-26,6111.918,6043.734
4057,2021-12-27,6543.4556,6466.6216
4058,2021-12-28,6593.602,6550.1025
4059,2021-12-29,6606.483,6549.389
4060,2021-12-30,6585.78,6524.4844
4061,2021-12-31,6563.2393,6268.829
4062,2022-01-01,6243.956,5824.3525
4063,2022-01-02,6146.8833,5773.3154
4064,2022-01-03,6553.1157,6162.769
4065,2022-01-04,6605.1025,6336.896
4066,2022-01-05,6606.483,6497.7144
4067,2022-01-06,6599.584,6556.6016
4068,2022-01-07,6548.0566,6576.179
4069,2022-01-08,6239.3555,6262.3086
4070,2022-01-09,6135.381,6114.0522
4071,2022-01-10,6558.178,6585.077
4072,2022-01-11,6609.7046,6584.598
4073,2022-01-12,6608.785,6577.644
4074,2022-01-13,6614.764,6565.6304
4075,2022-01-14,6554.0376,6523.569
4076,2022-01-15,6244.8755,6218.0947
4077,2022-01-16,6150.1035,6101.2817
4078,2022-01-17,6582.5605,6562.487
4079,2022-01-18,6647.889,6537.7173
4080,2021-12-21,6603.748,6667.921
4081,2021-12-22,6609.7314,6679.466
4082,2021-12-23,6590.4043,6570.552
4083,2021-12-24,6540.7036,6497.8086
4084,2021-12-25,6208.445,6085.1455
4085,2021-12-26,6093.3965,6043.734
4086,2021-12-27,6532.4204,6466.6216
4087,2021-12-28,6589.4805,6550.1025
4088,2021-12-29,6595.005,6549.389
4089,2021-12-30,6603.7485,6524.4844
4090,2021-12-31,6562.791,6268.829
4091,2022-01-01,6231.9136,5824.3525
4092,2022-01-02,6126.5327,5773.3154
4093,2022-01-03,6541.625,6162.769
4094,2022-01-04,6581.198,6336.896
4095,2022-01-05,6596.388,6497.7144
4096,2022-01-06,6596.3867,6556.6016
4097,2022-01-07,6543.463,6576.179
4098,2022-01-08,6251.7046,6262.3086
4099,2022-01-09,6156.902,6114.0522
4100,2022-01-10,6590.404,6585.077
4101,2022-01-11,6635.0425,6584.598
4102,2022-01-12,6637.3438,6577.644
4103,2022-01-13,6631.36,6565.6304
4104,2022-01-14,6569.2344,6523.569
4105,2022-01-15,6265.047,6218.0947
4106,2022-01-16,6196.0186,6101.2817
4107,2022-01-17,6623.5356,6562.487
4108,2022-01-18,6671.8564,6537.7173
4109,2022-01-19,6676.458,6488.8696
4110,2021-12-22,6668.986,6679.466
4111,2021-12-23,6673.5864,6570.552
4112,2021-12-24,6656.098,6497.8086
4113,2021-12-25,6340.803,6085.1455
4114,2021-12-26,6192.596,6043.734
4115,2021-12-27,6615.1333,6466.6216
4116,2021-12-28,6657.0176,6550.1025
4117,2021-12-29,6666.681,6549.389
4118,2021-12-30,6677.73,6524.4844
4119,2021-12-31,6652.415,6268.829
4120,2022-01-01,6316.41,5824.3525
4121,2022-01-02,6167.7393,5773.3154
4122,2022-01-03,6597.6406,6162.769
4123,2022-01-04,6643.2104,6336.896
4124,2022-01-05,6652.4146,6497.7144
4125,2022-01-06,6634.0024,6556.6016
4126,2022-01-07,6601.3237,6576.179
4127,2022-01-08,6285.5713,6262.3086
4128,2022-01-09,6165.898,6114.0522
4129,2022-01-10,6582.4526,6585.077
4130,2022-01-11,6630.78,6584.598
4131,2022-01-12,6651.493,6577.644
4132,2022-01-13,6651.0327,6565.6304
4133,2022-01-14,6608.228,6523.569
4134,2022-01-15,6285.5723,6218.0947
4135,2022-01-16,6185.69,6101.2817
4136,2022-01-17,6605.9243,6562.487
4137,2022-01-18,6669.905,6537.7173
4138,2022-01-19,6691.5386,6488.8696
4139,2022-01-20,6693.841,6536.92
4140,2021-12-23,6655.92,6570.552
4141,2021-12-24,6634.284,6497.8086
4142,2021-12-25,6318.936,6085.1455
4143,2021-12-26,6166.0957,6043.734
4144,2021-12-27,6592.392,6466.6216
4145,2021-12-28,6666.052,6550.1025
4146,2021-12-29,6678.942,6549.389
4147,2021-12-30,6662.8276,6524.4844
4148,2021-12-31,6636.1245,6268.829
4149,2022-01-01,6306.045,5824.3525
4150,2022-01-02,6173.0005,5773.3154
4151,2022-01-03,6586.8667,6162.769
4152,2022-01-04,6651.781,6336.896
4153,2022-01-05,6658.687,6497.7144
4154,2022-01-06,6646.256,6556.6016
4155,2022-01-07,6603.4414,6576.179
4156,2022-01-08,6290.393,6262.3086
4157,2022-01-09,6155.5063,6114.0522
4158,2022-01-10,6570.755,6585.077
4159,2022-01-11,6642.1094,6584.598
4160,2022-01-12,6655.9233,6577.644
4161,2022-01-13,6643.0317,6565.6304
4162,2022-01-14,6603.44,6523.569
4163,2022-01-15,6273.361,6218.0947
4164,2022-01-16,6155.0464,6101.2817
4165,2022-01-17,6552.8,6562.487
4166,2022-01-18,6629.2207,6537.7173
4167,2022-01-19,6636.5874,6488.8696
4168,2022-01-20,6636.1245,6536.92
4169,2022-01-21,6605.2817,6563.8765
4170,2021-12-24,6545.666,6497.8086
4171,2021-12-25,6236.709,6085.1455
4172,2021-12-26,6103.643,6043.734
4173,2021-12-27,6543.3643,6466.6216
4174,2021-12-28,6593.0923,6550.1025
4175,2021-12-29,6597.6973,6549.389
4176,2021-12-30,6599.078,6524.4844
4177,2021-12-31,6557.1763,6268.829
4178,2022-01-01,6242.694,5824.3525
4179,2022-01-02,6102.7207,5773.3154
4180,2022-01-03,6546.589,6162.769
4181,2022-01-04,6612.431,6336.896
4182,2022-01-05,6605.525,6497.7144
4183,2022-01-06,6587.1045,6556.6016
4184,2022-01-07,6541.5215,6576.179
4185,2022-01-08,6232.105,6262.3086
4186,2022-01-09,6128.9644,6114.0522
4187,2022-01-10,6561.7817,6585.077
4188,2022-01-11,6605.525,6584.598
4189,2022-01-12,6631.7695,6577.644
4190,2022-01-13,6606.905,6565.6304
4191,2022-01-14,6558.558,6523.569
4192,2022-01-15,6256.509,6218.0947
4193,2022-01-16,6138.6343,6101.2817
4194,2022-01-17,6571.9126,6562.487
4195,2022-01-18,6627.6245,6537.7173
4196,2022-01-19,6636.373,6488.8696
4197,2022-01-20,6623.4805,6536.92
4198,2022-01-21,6578.3555,6563.8765
4199,2022-01-22,6276.7676,6280.66
4200,2021-12-25,6195.15,6085.1455
4201,2021-12-26,6083.2485,6043.734
4202,2021-12-27,6550.198,6466.6216
4203,2021-12-28,6592.1064,6550.1025
4204,2021-12-29,6600.855,6549.389
4205,2021-12-30,6591.6436,6524.4844
4206,2021-12-31,6554.8037,6268.829
4207,2022-01-01,6226.925,5824.3525
4208,2022-01-02,6128.379,5773.3154
4209,2022-01-03,6564.0156,6162.769
4210,2022-01-04,6614.6714,6336.896
4211,2022-01-05,6599.0137,6497.7144
4212,2022-01-06,6600.3945,6556.6016
4213,2022-01-07,6545.134,6576.179
4214,2022-01-08,6235.2144,6262.3086
4215,2022-01-09,6128.379,6114.0522
4216,2022-01-10,6585.1973,6585.077
4217,2022-01-11,6631.2476,6584.598
4218,2022-01-12,6626.6445,6577.644
4219,2022-01-13,6614.67,6565.6304
4220,2022-01-14,6602.6973,6523.569
4221,2022-01-15,6275.279,6218.0947
4222,2022-01-16,6184.0986,6101.2817
4223,2022-01-17,6622.4985,6562.487
4224,2022-01-18,6667.629,6537.7173
4225,2022-01-19,6670.851,6488.8696
4226,2022-01-20,6658.8774,6536.92
4227,2022-01-21,6615.5894,6563.8765
4228,2022-01-22,6287.2524,6280.66
4229,2022-01-23,6191.928,6133.292
4230,2021-12-26,6008.505,6043.734
4231,2021-12-27,6491.1777,6466.6216
4232,2021-12-28,6554.2725,6550.1025
4233,2021-12-29,6564.4062,6549.389
4234,2021-12-30,6553.8125,6524.4844
4235,2021-12-31,6490.254,6268.829
4236,2022-01-01,6165.096,5824.3525
4237,2022-01-02,6081.2744,5773.3154
4238,2022-01-03,6545.9824,6162.769
4239,2022-01-04,6580.985,6336.896
4240,2022-01-05,6596.643,6497.7144
4241,2022-01-06,6580.523,6556.6016
4242,2022-01-07,6522.9526,6576.179
4243,2022-01-08,6206.088,6262.3086
4244,2022-01-09,6118.5806,6114.0522
4245,2022-01-10,6578.223,6585.077
4246,2022-01-11,6631.1895,6584.598
4247,2022-01-12,6621.976,6577.644
4248,2022-01-13,6622.8975,6565.6304
4249,2022-01-14,6572.235,6523.569
4250,2022-01-15,6243.8545,6218.0947
4251,2022-01-16,6155.886,6101.2817
4252,2022-01-17,6591.1177,6562.487
4253,2022-01-18,6647.7676,6537.7173
4254,2022-01-19,6643.1606,6488.8696
4255,2022-01-20,6627.5024,6536.92
4256,2022-01-21,6584.2114,6563.8765
4257,2022-01-22,6253.064,6280.66
4258,2022-01-23,6162.335,6133.292
4259,2022-01-24,6610.002,6626.406
4260,2021-12-27,6504.6562,6466.6216
4261,2021-12-28,6549.3354,6550.1025
4262,2021-12-29,6546.5713,6549.389
4263,2021-12-30,6535.9785,6524.4844
4264,2021-12-31,6489.456,6268.829
4265,2022-01-01,6170.259,5824.3525
4266,2022-01-02,6060.177,5773.3154
4267,2022-01-03,6507.42,6162.769
4268,2022-01-04,6556.245,6336.896
4269,2022-01-05,6563.614,6497.7144
4270,2022-01-06,6572.8257,6556.6016
4271,2022-01-07,6535.977,6576.179
4272,2022-01-08,6243.9556,6262.3086
4273,2022-01-09,6137.558,6114.0522
4274,2022-01-10,6576.97,6585.077
4275,2022-01-11,6629.9404,6584.598
4276,2022-01-12,6628.0967,6577.644
4277,2022-01-13,6642.8364,6565.6304
4278,2022-01-14,6574.2075,6523.569
4279,2022-01-15,6249.9424,6218.0947
4280,2022-01-16,6154.1387,6101.2817
4281,2022-01-17,6596.3154,6562.487
4282,2022-01-18,6631.7817,6537.7173
4283,2022-01-19,6635.0073,6488.8696
4284,2022-01-20,6638.2314,6536.92
4285,2022-01-21,6588.486,6563.8765
4286,2022-01-22,6252.707,6280.66
4287,2022-01-23,6171.642,6133.292
4288,2022-01-24,6606.449,6626.406
4289,2022-01-25,6663.1045,6630.1963
4290,2021-12-28,6562.8706,6550.1025
4291,2021-12-29,6567.0176,6549.389
4292,2021-12-30,6550.4326,6524.4844
4293,2021-12-31,6510.35,6268.829
4294,2022-01-01,6184.625,5824.3525
4295,2022-01-02,6098.931,5773.3154
4296,2022-01-03,6544.442,6162.769
4297,2022-01-04,6590.514,6336.896
4298,2022-01-05,6575.3105,6497.7144
4299,2022-01-06,6567.018,6556.6016
4300,2022-01-07,6520.485,6576.179
4301,2022-01-08,6204.8955,6262.3086
4302,2022-01-09,6136.709,6114.0522
4303,2022-01-10,6556.881,6585.077
4304,2022-01-11,6607.5625,6584.598
4305,2022-01-12,6608.9404,6577.644
4306,2022-01-13,6610.783,6565.6304
4307,2022-01-14,6576.6914,6523.569
4308,2022-01-15,6246.359,6218.0947
4309,2022-01-16,6173.569,6101.2817
4310,2022-01-17,6566.5566,6562.487
4311,2022-01-18,6616.3145,6537.7173
4312,2022-01-19,6625.5273,6488.8696
4313,2022-01-20,6622.3037,6536.92
4314,2022-01-21,6579.916,6563.8765
4315,2022-01-22,6266.17,6280.66
4316,2022-01-23,6203.053,6133.292
4317,2022-01-24,6590.052,6626.406
4318,2022-01-25,6635.6636,6630.1963
4319,2022-01-26,6652.2495,6677.717
4320,2021-12-29,6573.485,6549.389
4321,2021-12-30,6568.4155,6524.4844
4322,2021-12-31,6520.5,6268.829
4323,2022-01-01,6181.8496,5824.3525
4324,2022-01-02,6061.596,5773.3154
4325,2022-01-03,6529.714,6162.769
4326,2022-01-04,6583.6206,6336.896
4327,2022-01-05,6595.602,6497.7144
4328,2022-01-06,6578.091,6556.6016
4329,2022-01-07,6528.792,6576.179
4330,2022-01-08,6193.3687,6262.3086
4331,2022-01-09,6097.072,6114.0522
4332,2022-01-10,6556.897,6585.077
4333,2022-01-11,6606.6587,6584.598
4334,2022-01-12,6610.803,6577.644
4335,2022-01-13,6594.6777,6565.6304
4336,2022-01-14,6537.5464,6523.569
4337,2022-01-15,6221.015,6218.0947
4338,2022-01-16,6102.601,6101.2817
4339,2022-01-17,6544.919,6562.487
4340,2022-01-18,6590.5312,6537.7173
4341,2022-01-19,6602.052,6488.8696
4342,2022-01-20,6585.926,6536.92
4343,2022-01-21,6523.725,6563.8765
4344,2022-01-22,6203.5044,6280.66
4345,2022-01-23,6122.413,6133.292
4346,2022-01-24,6555.515,6626.406
4347,2022-01-25,6595.6006,6630.1963
4348,2022-01-26,6613.1094,6677.717
4349,2022-01-27,6609.4243,6652.3604
4350,2021-12-30,6575.949,6524.4844
4351,2021-12-31,6516.0444,6268.829
4352,2022-01-01,6197.638,5824.3525
4353,2022-01-02,6077.835,5773.3154
4354,2022-01-03,6516.967,6162.769
4355,2022-01-04,6575.9487,6336.896
4356,2022-01-05,6589.314,6497.7144
4357,2022-01-06,6590.235,6556.6016
4358,2022-01-07,6563.9707,6576.179
4359,2022-01-08,6242.797,6262.3086
4360,2022-01-09,6106.8643,6114.0522
4361,2022-01-10,6556.136,6585.077
4362,2022-01-11,6615.1187,6584.598
4363,2022-01-12,6623.4106,6577.644
4364,2022-01-13,6604.9785,6565.6304
4365,2022-01-14,6577.333,6523.569
4366,2022-01-15,6240.9546,6218.0947
4367,2022-01-16,6122.0693,6101.2817
4368,2022-01-17,6564.429,6562.487
4369,2022-01-18,6634.009,6537.7173
4370,2022-01-19,6637.6973,6488.8696
4371,2022-01-20,6632.1675,6536.92
4372,2022-01-21,6581.0195,6563.8765
4373,2022-01-22,6253.8555,6280.66
4374,2022-01-23,6128.5205,6133.292
4375,2022-01-24,6577.792,6626.406
4376,2022-01-25,6644.6074,6630.1963
4377,2022-01-26,6651.9824,6677.717
4378,2022-01-27,6639.0757,6652.3604
4379,2022-01-28,6590.6963,6644.965
4380,2021-12-31,6499.384,6268.829
4381,2022-01-01,6160.686,5824.3525
4382,2022-01-02,6047.784,5773.3154
4383,2022-01-03,6505.837,6162.769
4384,2022-01-04,6579.108,6336.896
4385,2022-01-05,6568.0483,6497.7144
4386,2022-01-06,6553.303,6556.6016
4387,2022-01-07,6504.9175,6576.179
4388,2022-01-08,6194.3257,6262.3086
4389,2022-01-09,6083.7285,6114.0522
4390,2022-01-10,6538.556,6585.077
4391,2022-01-11,6597.0806,6584.598
4392,2022-01-12,6601.6875,6577.644
4393,2022-01-13,6596.1577,6565.6304
4394,2022-01-14,6555.1445,6523.569
4395,2022-01-15,6230.2686,6218.0947
4396,2022-01-16,6129.81,6101.2817
4397,2022-01-17,6570.351,6562.487
4398,2022-01-18,6618.277,6537.7173
4399,2022-01-19,6614.5933,6488.8696
4400,2022-01-20,6603.9917,6536.92
4401,2022-01-21,6573.5776,6563.8765
4402,2022-01-22,6231.188,6280.66
4403,2022-01-23,6149.165,6133.292
4404,2022-01-24,6582.7925,6626.406
4405,2022-01-25,6620.58,6630.1963
4406,2022-01-26,6625.1904,6677.717
4407,2022-01-27,6623.8076,6652.3604
4408,2022-01-28,6576.3423,6644.965
4409,2022-01-29,6226.121,6309.009
4410,2022-01-01,6011.6187,5824.3525
4411,2022-01-02,5984.433,5773.3154
4412,2022-01-03,6459.058,6162.769
4413,2022-01-04,6514.352,6336.896
4414,2022-01-05,6524.951,6497.7144
4415,2022-01-06,6512.51,6556.6016
4416,2022-01-07,6449.84,6576.179
4417,2022-01-08,6115.2983,6262.3086
4418,2022-01-09,6052.631,6114.0522
4419,2022-01-10,6496.3833,6585.077
4420,2022-01-11,6554.904,6584.598
4421,2022-01-12,6565.9624,6577.644
4422,2022-01-13,6537.8545,6565.6304
4423,2022-01-14,6488.5474,6523.569
4424,2022-01-15,6154.9287,6218.0947
4425,2022-01-16,6077.5156,6101.2817
4426,2022-01-17,6512.511,6562.487
4427,2022-01-18,6567.3477,6537.7173
4428,2022-01-19,6559.9736,6488.8696
4429,2022-01-20,6568.728,6536.92
4430,2022-01-21,6514.3545,6563.8765
4431,2022-01-22,6202.851,6280.66
4432,2022-01-23,6146.6343,6133.292
4433,2022-01-24,6575.179,6626.406
4434,2022-01-25,6620.8,6630.1963
4435,2022-01-26,6639.692,6677.717
4436,2022-01-27,6623.564,6652.3604
4437,2022-01-28,6564.1235,6644.965
4438,2022-01-29,6221.748,6309.009
4439,2022-01-30,6157.694,6131.7935
4440,2022-01-02,5928.0225,5773.3154
4441,2022-01-03,6413.154,6162.769
4442,2022-01-04,6452.7754,6336.896
4443,2022-01-05,6462.4526,6497.7144
4444,2022-01-06,6474.4307,6556.6016
4445,2022-01-07,6409.0063,6576.179
4446,2022-01-08,6080.9795,6262.3086
4447,2022-01-09,6045.044,6114.0522
4448,2022-01-10,6486.4087,6585.077
4449,2022-01-11,6523.266,6584.598
4450,2022-01-12,6526.49,6577.644
4451,2022-01-13,6520.5015,6565.6304
4452,2022-01-14,6458.766,6523.569
4453,2022-01-15,6133.0405,6218.0947
4454,2022-01-16,6068.078,6101.2817
4455,2022-01-17,6514.053,6562.487
4456,2022-01-18,6570.2593,6537.7173
4457,2022-01-19,6586.845,6488.8696
4458,2022-01-20,6571.6426,6536.92
4459,2022-01-21,6506.68,6563.8765
4460,2022-01-22,6156.995,6280.66
4461,2022-01-23,6096.6426,6133.292
4462,2022-01-24,6522.8057,6626.406
4463,2022-01-25,6563.808,6630.1963
4464,2022-01-26,6572.101,6677.717
4465,2022-01-27,6556.8975,6652.3604
4466,2022-01-28,6460.147,6644.965
4467,2022-01-29,6124.286,6309.009
4468,2022-01-30,6080.056,6131.7935
4469,2022-01-31,6520.962,6265.909
4470,2022-01-03,6364.114,6162.769
4471,2022-01-04,6429.99,6336.896
4472,2022-01-05,6447.959,6497.7144
4473,2022-01-06,6443.3506,6556.6016
4474,2022-01-07,6369.18,6576.179
4475,2022-01-08,6055.4688,6262.3086
4476,2022-01-09,5977.6187,6114.0522
4477,2022-01-10,6432.292,6585.077
4478,2022-01-11,6483.427,6584.598
4479,2022-01-12,6479.7417,6577.644
4480,2022-01-13,6472.3726,6565.6304
4481,2022-01-14,6434.596,6523.569
4482,2022-01-15,6105.6826,6218.0947
4483,2022-01-16,6031.054,6101.2817
4484,2022-01-17,6468.2256,6562.487
4485,2022-01-18,6521.665,6537.7173
4486,2022-01-19,6535.944,6488.8696
4487,2022-01-20,6541.0117,6536.92
4488,2022-01-21,6474.2124,6563.8765
4489,2022-01-22,6142.9956,6280.66
4490,2022-01-23,6048.5596,6133.292
4491,2022-01-24,6502.3145,6626.406
4492,2022-01-25,6538.2476,6630.1963
4493,2022-01-26,6535.944,6677.717
4494,2022-01-27,6542.8545,6652.3604
4495,2022-01-28,6492.18,6644.965
4496,2022-01-29,6168.3325,6309.009
4497,2022-01-30,6098.772,6131.7935
4498,2022-01-31,6546.0786,6265.909
4499,2022-02-01,6584.315,5908.9185
4500,2022-01-04,6406.02,6336.896
4501,2022-01-05,6457.619,6497.7144
4502,2022-01-06,6455.315,6556.6016
4503,2022-01-07,6414.312,6576.179
4504,2022-01-08,6060.955,6262.3086
4505,2022-01-09,5974.3438,6114.0522
4506,2022-01-10,6416.155,6585.077
4507,2022-01-11,6471.899,6584.598
4508,2022-01-12,6473.741,6577.644
4509,2022-01-13,6480.1904,6565.6304
4510,2022-01-14,6460.3823,6523.569
4511,2022-01-15,6148.49,6218.0947
4512,2022-01-16,6048.0566,6101.2817
4513,2022-01-17,6467.293,6562.487
4514,2022-01-18,6531.331,6537.7173
4515,2022-01-19,6538.24,6488.8696
4516,2022-01-20,6523.497,6536.92
4517,2022-01-21,6468.2124,6563.8765
4518,2022-01-22,6147.105,6280.66
4519,2022-01-23,6044.8306,6133.292
4520,2022-01-24,6441.491,6626.406
4521,2022-01-25,6525.8013,6630.1963
4522,2022-01-26,6534.5527,6677.717
4523,2022-01-27,6520.2725,6652.3604
4524,2022-01-28,6472.361,6644.965
4525,2022-01-29,6158.163,6309.009
4526,2022-01-30,6070.17,6131.7935
4527,2022-01-31,6496.3174,6265.909
4528,2022-02-01,6557.59,5908.9185
4529,2022-02-02,6566.3438,5949.6616
4530,2022-01-05,6424.584,6497.7144
4531,2022-01-06,6420.8975,6556.6016
4532,2022-01-07,6382.195,6576.179
4533,2022-01-08,6077.6436,6262.3086
4534,2022-01-09,5999.317,6114.0522
4535,2022-01-10,6440.2505,6585.077
4536,2022-01-11,6503.371,6584.598
4537,2022-01-12,6510.741,6577.644
4538,2022-01-13,6504.753,6565.6304
4539,2022-01-14,6470.197,6523.569
4540,2022-01-15,6151.3633,6218.0947
4541,2022-01-16,6075.341,6101.2817
4542,2022-01-17,6520.418,6562.487
4543,2022-01-18,6562.346,6537.7173
4544,2022-01-19,6563.727,6488.8696
4545,2022-01-20,6555.8945,6536.92
4546,2022-01-21,6496.4575,6563.8765
4547,2022-01-22,6157.3525,6280.66
4548,2022-01-23,6067.047,6133.292
4549,2022-01-24,6503.3706,6626.406
4550,2022-01-25,6550.8276,6630.1963
4551,2022-01-26,6554.9736,6677.717
4552,2022-01-27,6543.916,6652.3604
4553,2022-01-28,6512.5845,6644.965
4554,2022-01-29,6173.94,6309.009
4555,2022-01-30,6097.4546,6131.7935
4556,2022-01-31,6531.0137,6265.909
4557,2022-02-01,6598.2837,5908.9185
4558,2022-02-02,6593.216,5949.6616
4559,2022-02-03,6577.0894,6456.346
4560,2022-01-06,6511.8857,6556.6016
4561,2022-01-07,6498.986,6576.179
4562,2022-01-08,6193.063,6262.3086
4563,2022-01-09,6064.5244,6114.0522
4564,2022-01-10,6474.5654,6585.077
4565,2022-01-11,6543.2144,6584.598
4566,2022-01-12,6545.9805,6577.644
4567,2022-01-13,6546.9,6565.6304
4568,2022-01-14,6499.446,6523.569
4569,2022-01-15,6201.8193,6218.0947
4570,2022-01-16,6085.257,6101.2817
4571,2022-01-17,6490.6914,6562.487
4572,2022-01-18,6572.7017,6537.7173
4573,2022-01-19,6590.2075,6488.8696
4574,2022-01-20,6582.375,6536.92
4575,2022-01-21,6550.1265,6563.8765
4576,2022-01-22,6227.619,6280.66
4577,2022-01-23,6108.7515,6133.292
4578,2022-01-24,6505.895,6626.406
4579,2022-01-25,6587.9043,6630.1963
4580,2022-01-26,6610.018,6677.717
4581,2022-01-27,6588.3657,6652.3604
4582,2022-01-28,6531.6973,6644.965
4583,2022-01-29,6222.551,6309.009
4584,2022-01-30,6125.339,6131.7935
4585,2022-01-31,6507.277,6265.909
4586,2022-02-01,6559.3394,5908.9185
4587,2022-02-02,6588.3667,5949.6616
4588,2022-02-03,6561.643,6456.346
4589,2022-02-04,6522.4814,6584.6704
4590,2022-01-07,6526.515,6576.179
4591,2022-01-08,6203.99,6262.3086
4592,2022-01-09,6043.65,6114.0522
4593,2022-01-10,6426.991,6585.077
4594,2022-01-11,6536.19,6584.598
4595,2022-01-12,6568.905,6577.644
4596,2022-01-13,6559.688,6565.6304
4597,2022-01-14,6519.603,6523.569
4598,2022-01-15,6227.9487,6218.0947
4599,2022-01-16,6096.635,6101.2817
4600,2022-01-17,6458.785,6562.487
4601,2022-01-18,6556.0015,6537.7173
4602,2022-01-19,6558.764,6488.8696
4603,2022-01-20,6556.0005,6536.92
4604,2022-01-21,6500.252,6563.8765
4605,2022-01-22,6191.089,6280.66
4606,2022-01-23,6066.687,6133.292
4607,2022-01-24,6444.0386,6626.406
4608,2022-01-25,6533.425,6630.1963
4609,2022-01-26,6536.649,6677.717
4610,2022-01-27,6536.6504,6652.3604
4611,2022-01-28,6498.8706,6644.965
4612,2022-01-29,6200.3057,6309.009
4613,2022-01-30,6077.285,6131.7935
4614,2022-01-31,6460.6274,6265.909
4615,2022-02-01,6562.453,5908.9185
4616,2022-02-02,6551.393,5949.6616
4617,2022-02-03,6527.4355,6456.346
4618,2022-02-04,6479.5176,6584.6704
4619,2022-02-05,6186.944,6286.3784
4620,2022-01-08,6254.3594,6262.3086
4621,2022-01-09,6068.659,6114.0522
4622,2022-01-10,6463.5605,6585.077
4623,2022-01-11,6574.1504,6584.598
4624,2022-01-12,6573.69,6577.644
4625,2022-01-13,6553.4146,6565.6304
4626,2022-01-14,6539.129,6523.569
4627,2022-01-15,6248.3706,6218.0947
4628,2022-01-16,6093.543,6101.2817
4629,2022-01-17,6450.658,6562.487
4630,2022-01-18,6565.857,6537.7173
4631,2022-01-19,6587.053,6488.8696
4632,2022-01-20,6563.552,6536.92
4633,2022-01-21,6534.06,6563.8765
4634,2022-01-22,6252.514,6280.66
4635,2022-01-23,6109.669,6133.292
4636,2022-01-24,6457.5684,6626.406
4637,2022-01-25,6575.534,6630.1963
4638,2022-01-26,6583.3677,6677.717
4639,2022-01-27,6575.994,6652.3604
4640,2022-01-28,6537.2876,6644.965
4641,2022-01-29,6239.614,6309.009
4642,2022-01-30,6126.2583,6131.7935
4643,2022-01-31,6487.522,6265.909
4644,2022-02-01,6608.71,5908.9185
4645,2022-02-02,6623.918,5949.6616
4646,2022-02-03,6595.346,6456.346
4647,2022-02-04,6535.9067,6584.6704
4648,2022-02-05,6270.948,6286.3784
4649,2022-02-06,6152.5244,6029.987
4650,2022-01-09,6063.3955,6114.0522
4651,2022-01-10,6492.8735,6585.077
4652,2022-01-11,6556.006,6584.598
4653,2022-01-12,6582.273,6577.644
4654,2022-01-13,6564.302,6565.6304
4655,2022-01-14,6553.24,6523.569
4656,2022-01-15,6232.516,6218.0947
4657,2022-01-16,6100.7227,6101.2817
4658,2022-01-17,6551.398,6562.487
4659,2022-01-18,6596.098,6537.7173
4660,2022-01-19,6596.096,6488.8696
4661,2022-01-20,6589.6465,6536.92
4662,2022-01-21,6550.4785,6563.8765
4663,2022-01-22,6231.132,6280.66
4664,2022-01-23,6121.92,6133.292
4665,2022-01-24,6541.7217,6626.406
4666,2022-01-25,6589.647,6630.1963
4667,2022-01-26,6609.464,6677.717
4668,2022-01-27,6583.6567,6652.3604
4669,2022-01-28,6525.1333,6644.965
4670,2022-01-29,6203.944,6309.009
4671,2022-01-30,6132.9795,6131.7935
4672,2022-01-31,6555.0845,6265.909
4673,2022-02-01,6615.9136,5908.9185
4674,2022-02-02,6622.3643,5949.6616
4675,2022-02-03,6609.9224,6456.346
4676,2022-02-04,6560.155,6584.6704
4677,2022-02-05,6242.6533,6286.3784
4678,2022-02-06,6158.324,6029.987
4679,2022-02-07,6588.7227,6448.8633
4680,2022-01-10,6495.344,6585.077
4681,2022-01-11,6560.3237,6584.598
4682,2022-01-12,6548.8037,6577.644
4683,2022-01-13,6520.6914,6565.6304
4684,2022-01-14,6477.3726,6523.569
4685,2022-01-15,6169.9824,6218.0947
4686,2022-01-16,6068.592,6101.2817
4687,2022-01-17,6497.189,6562.487
4688,2022-01-18,6569.542,6537.7173
4689,2022-01-19,6571.386,6488.8696
4690,2022-01-20,6543.735,6536.92
4691,2022-01-21,6501.337,6563.8765
4692,2022-01-22,6185.65,6280.66
4693,2022-01-23,6097.165,6133.292
4694,2022-01-24,6526.685,6626.406
4695,2022-01-25,6581.9883,6630.1963
4696,2022-01-26,6583.3706,6677.717
4697,2022-01-27,6575.9976,6652.3604
4698,2022-01-28,6528.067,6644.965
4699,2022-01-29,6192.101,6309.009
4700,2022-01-30,6122.051,6131.7935
4701,2022-01-31,6552.493,6265.909
4702,2022-02-01,6595.813,5908.9185
4703,2022-02-02,6597.1963,5949.6616
4704,2022-02-03,6569.081,6456.346
4705,2022-02-04,6517.467,6584.6704
4706,2022-02-05,6199.936,6286.3784
4707,2022-02-06,6166.2925,6029.987
4708,2022-02-07,6559.8657,6448.8633
4709,2022-02-08,6609.18,6450.566
4710,2022-01-11,6623.0376,6584.598
4711,2022-01-12,6610.5913,6577.644
4712,2022-01-13,6575.095,6565.6304
4713,2022-01-14,6527.154,6523.569
4714,2022-01-15,6204.4604,6218.0947
4715,2022-01-16,6102.122,6101.2817
4716,2022-01-17,6547.437,6562.487
4717,2022-01-18,6608.287,6537.7173
4718,2022-01-19,6627.188,6488.8696
4719,2022-01-20,6632.721,6536.92
4720,2022-01-21,6573.714,6563.8765
4721,2022-01-22,6242.723,6280.66
4722,2022-01-23,6151.9062,6133.292
4723,2022-01-24,6573.713,6626.406
4724,2022-01-25,6616.585,6630.1963
4725,2022-01-26,6629.0312,6677.717
4726,2022-01-27,6619.813,6652.3604
4727,2022-01-28,6553.892,6644.965
4728,2022-01-29,6209.5317,6309.009
4729,2022-01-30,6120.1,6131.7935
4730,2022-01-31,6550.2036,6265.909
4731,2022-02-01,6586.6226,5908.9185
4732,2022-02-02,6600.4517,5949.6616
4733,2022-02-03,6594.459,6456.346
4734,2022-02-04,6509.175,6584.6704
4735,2022-02-05,6202.156,6286.3784
4736,2022-02-06,6144.53,6029.987
4737,2022-02-07,6564.0337,6448.8633
4738,2022-02-08,6616.1245,6450.566
4739,2022-02-09,6618.43,6440.9097
4740,2022-01-12,6594.406,6577.644
4741,2022-01-13,6583.802,6565.6304
4742,2022-01-14,6546.4556,6523.569
4743,2022-01-15,6207.5845,6218.0947
4744,2022-01-16,6129.207,6101.2817
4745,2022-01-17,6534.0073,6562.487
4746,2022-01-18,6593.4824,6537.7173
4747,2022-01-19,6592.1,6488.8696
4748,2022-01-20,6607.3154,6536.92
4749,2022-01-21,6563.055,6563.8765
4750,2022-01-22,6236.631,6280.66
4751,2022-01-23,6131.9727,6133.292
4752,2022-01-24,6561.2095,6626.406
4753,2022-01-25,6619.7627,6630.1963
4754,2022-01-26,6616.9956,6677.717
4755,2022-01-27,6581.955,6652.3604
4756,2022-01-28,7418.303,6644.965
4757,2022-01-29,7102.9487,6309.009
4758,2022-01-30,7011.1963,6131.7935
4759,2022-01-31,7434.439,6265.909
4760,2022-02-01,7471.3237,5908.9185
4761,2022-02-02,7475.937,5949.6616
4762,2022-02-03,7462.103,6456.346
4763,2022-02-04,6522.942,6584.6704
4764,2022-02-05,6232.9434,6286.3784
4765,2022-02-06,6141.6567,6029.987
4766,2022-02-07,6541.385,6448.8633
4767,2022-02-08,6611.465,6450.566
4768,2022-02-09,6624.8345,6440.9097
4769,2022-02-10,6596.25,6285.4385
4770,2022-01-13,6566.308,6565.6304
4771,2022-01-14,6543.25,6523.569
4772,2022-01-15,6212.1675,6218.0947
4773,2022-01-16,6110.72,6101.2817
4774,2022-01-17,6550.6274,6562.487
4775,2022-01-18,6604.58,6537.7173
4776,2022-01-19,6609.6504,6488.8696
4777,2022-01-20,6601.812,6536.92
4778,2022-01-21,6569.534,6563.8765
4779,2022-01-22,6239.8345,6280.66
4780,2022-01-23,6127.323,6133.292
4781,2022-01-24,6551.55,6626.406
4782,2022-01-25,6610.1123,6630.1963
4783,2022-01-26,6611.034,6677.717
4784,2022-01-27,6590.7437,6652.3604
4785,2022-01-28,6541.406,6644.965
4786,2022-01-29,6210.783,6309.009
4787,2022-01-30,6114.8726,6131.7935
4788,2022-01-31,6529.8794,6265.909
4789,2022-02-01,6593.0513,5908.9185
4790,2022-02-02,6593.051,5949.6616
4791,2022-02-03,6571.838,6456.346
4792,2022-02-04,6518.811,6584.6704
4793,2022-02-05,6183.1157,6286.3784
4794,2022-02-06,6119.0215,6029.987
4795,2022-02-07,6544.6323,6448.8633
4796,2022-02-08,6593.052,6450.566
4797,2022-02-09,6586.594,6440.9097
4798,2022-02-10,6555.7,6285.4385
4799,2022-02-11,6510.5107,6267.331
4800,2022-01-14,6510.4106,6523.569
4801,2022-01-15,6180.67,6218.0947
4802,2022-01-16,6077.3667,6101.2817
4803,2022-01-17,6510.8726,6562.487
4804,2022-01-18,6577.281,6537.7173
4805,2022-01-19,6594.3457,6488.8696
4806,2022-01-20,6580.05,6536.92
4807,2022-01-21,6544.5396,6563.8765
4808,2022-01-22,6198.656,6280.66
4809,2022-01-23,6093.5073,6133.292
4810,2022-01-24,6521.017,6626.406
4811,2022-01-25,6573.5933,6630.1963
4812,2022-01-26,6580.0513,6677.717
4813,2022-01-27,6571.748,6652.3604
4814,2022-01-28,6529.781,6644.965
4815,2022-01-29,6212.951,6309.009
4816,2022-01-30,6099.966,6131.7935
4817,2022-01-31,6526.551,6265.909
4818,2022-02-01,6564.83,5908.9185
4819,2022-02-02,6570.826,5949.6616
4820,2022-02-03,6541.311,6456.346
4821,2022-02-04,6517.7886,6584.6704
4822,2022-02-05,6190.3545,6286.3784
4823,2022-02-06,6078.2896,6029.987
4824,2022-02-07,6510.4106,6448.8633
4825,2022-02-08,6571.2876,6450.566
4826,2022-02-09,6568.0596,6440.9097
4827,2022-02-10,6576.36,6285.4385
4828,2022-02-11,6531.625,6267.331
4829,2022-02-12,6198.655,6054.2056
4830,2022-01-15,6159.5967,6218.0947
4831,2022-01-16,6061.819,6101.2817
4832,2022-01-17,6497.668,6562.487
4833,2022-01-18,6559.469,6537.7173
4834,2022-01-19,6576.997,6488.8696
4835,2022-01-20,6562.2373,6536.92
4836,2022-01-21,6522.575,6563.8765
4837,2022-01-22,6184.964,6280.66
4838,2022-01-23,6065.0483,6133.292
4839,2022-01-24,6514.273,6626.406
4840,2022-01-25,6559.01,6630.1963
4841,2022-01-26,6565.467,6677.717
4842,2022-01-27,6552.5527,6652.3604
4843,2022-01-28,6523.957,6644.965
4844,2022-01-29,6176.2017,6309.009
4845,2022-01-30,6067.3535,6131.7935
4846,2022-01-31,6520.7295,6265.909
4847,2022-02-01,6560.8545,5908.9185
4848,2022-02-02,6563.622,5949.6616
4849,2022-02-03,6539.177,6456.346
4850,2022-02-04,6511.505,6584.6704
4851,2022-02-05,6163.7476,6286.3784
4852,2022-02-06,6086.725,6029.987
4853,2022-02-07,6524.881,6448.8633
4854,2022-02-08,6564.084,6450.566
4855,2022-02-09,6571.9243,6440.9097
4856,2022-02-10,6571.0024,6285.4385
4857,2022-02-11,6536.4106,6267.331
4858,2022-02-12,6207.102,6054.2056
4859,2022-02-13,6100.561,5970.6265
4860,2022-01-16,6069.467,6101.2817
4861,2022-01-17,6501.6157,6562.487
4862,2022-01-18,6565.2627,6537.7173
4863,2022-01-19,6588.783,6488.8696
4864,2022-01-20,6586.016,6536.92
4865,2022-01-21,6539.8955,6563.8765
4866,2022-01-22,6208.7485,6280.66
4867,2022-01-23,6081.9175,6133.292
4868,2022-01-24,6533.9,6626.406
4869,2022-01-25,6601.237,6630.1963
4870,2022-01-26,6609.998,6677.717
4871,2022-01-27,6588.783,6652.3604
4872,2022-01-28,6510.3794,6644.965
4873,2022-01-29,6183.3823,6309.009
4874,2022-01-30,6104.5156,6131.7935
4875,2022-01-31,6529.7495,6265.909
4876,2022-02-01,6567.105,5908.9185
4877,2022-02-02,6589.2437,5949.6616
4878,2022-02-03,6569.413,6456.346
4879,2022-02-04,6523.292,6584.6704
4880,2022-02-05,6200.447,6286.3784
4881,2022-02-06,6132.188,6029.987
4882,2022-02-07,6564.34,6448.8633
4883,2022-02-08,6629.371,6450.566
4884,2022-02-09,6629.3687,6440.9097
4885,2022-02-10,6603.0806,6285.4385
4886,2022-02-11,6542.2007,6267.331
4887,2022-02-12,6222.5854,6054.2056
4888,2022-02-13,6148.792,5970.6265
4889,2022-02-14,6573.564,6525.6577
4890,2022-01-17,6480.287,6562.487
4891,2022-01-18,6537.9424,6537.7173
4892,2022-01-19,6541.1704,6488.8696
4893,2022-01-20,6513.4956,6536.92
4894,2022-01-21,6465.0674,6563.8765
4895,2022-01-22,6141.746,6280.66
4896,2022-01-23,6052.73,6133.292
4897,2022-01-24,6488.588,6626.406
4898,2022-01-25,6546.2417,6630.1963
4899,2022-01-26,6564.2305,6677.717
4900,2022-01-27,6561.9224,6652.3604
4901,2022-01-28,6503.8076,6644.965
4902,2022-01-29,6169.4194,6309.009
4903,2022-01-30,6092.3945,6131.7935
4904,2022-01-31,6529.6357,6265.909
4905,2022-02-01,6581.7544,5908.9185
4906,2022-02-02,6589.5957,5949.6616
4907,2022-02-03,6569.764,6456.346
4908,2022-02-04,6507.0376,6584.6704
4909,2022-02-05,6187.4067,6286.3784
4910,2022-02-06,6112.228,6029.987
4911,2022-02-07,6522.719,6448.8633
4912,2022-02-08,6582.6787,6450.566
4913,2022-02-09,6587.7544,6440.9097
4914,2022-02-10,6556.3906,6285.4385
4915,2022-02-11,6497.3525,6267.331
4916,2022-02-12,6175.8745,6054.2056
4917,2022-02-13,6122.834,5970.6265
4918,2022-02-14,6550.3936,6525.6577
4919,2022-02-15,6603.4346,6634.7534
4920,2022-01-18,6628.1035,6537.7173
4921,2022-01-19,6626.72,6488.8696
4922,2022-01-20,6595.808,6536.92
4923,2022-01-21,6550.1313,6563.8765
4924,2022-01-22,6227.1714,6280.66
4925,2022-01-23,6119.6704,6133.292
4926,2022-01-24,6542.288,6626.406
4927,2022-01-25,6589.3486,6630.1963
4928,2022-01-26,6594.426,6677.717
4929,2022-01-27,6582.8887,6652.3604
4930,2022-01-28,6527.0645,6644.965
4931,2022-01-29,6218.404,6309.009
4932,2022-01-30,6102.6,6131.7935
4933,2022-01-31,6518.7593,6265.909
4934,2022-02-01,6569.509,5908.9185
4935,2022-02-02,6562.589,5949.6616
4936,2022-02-03,6542.29,6456.346
4937,2022-02-04,6499.38,6584.6704
4938,2022-02-05,6208.716,6286.3784
4939,2022-02-06,6111.8257,6029.987
4940,2022-02-07,6515.9907,6448.8633
4941,2022-02-08,6576.89,6450.566
4942,2022-02-09,6576.8926,6440.9097
4943,2022-02-10,6559.821,6285.4385
4944,2022-02-11,6533.984,6267.331
4945,2022-02-12,6225.326,6054.2056
4946,2022-02-13,6158.4263,5970.6265
4947,2022-02-14,6550.594,6525.6577
4948,2022-02-15,6617.9546,6634.7534
4949,2022-02-16,6609.6504,6452.063
4950,2022-01-19,6561.069,6488.8696
4951,2022-01-20,6550.9175,6536.92
4952,2022-01-21,6502.928,6563.8765
4953,2022-01-22,6175.312,6280.66
4954,2022-01-23,6088.563,6133.292
4955,2022-01-24,6502.9287,6626.406
4956,2022-01-25,6559.6846,6630.1963
4957,2022-01-26,6557.3755,6677.717
4958,2022-01-27,6545.379,6652.3604
4959,2022-01-28,6505.235,6644.965
4960,2022-01-29,6178.5425,6309.009
4961,2022-01-30,6105.1743,6131.7935
4962,2022-01-31,6534.765,6265.909
4963,2022-02-01,6583.676,5908.9185
4964,2022-02-02,6571.68,5949.6616
4965,2022-02-03,6540.303,6456.346
4966,2022-02-04,6481.241,6584.6704
4967,2022-02-05,6162.8535,6286.3784
4968,2022-02-06,6092.716,6029.987
4969,2022-02-07,6504.774,6448.8633
4970,2022-02-08,6555.9917,6450.566
4971,2022-02-09,6557.3755,6440.9097
4972,2022-02-10,6522.7676,6285.4385
4973,2022-02-11,6469.7036,6267.331
4974,2022-02-12,6170.2363,6054.2056
4975,2022-02-13,6095.4844,5970.6265
4976,2022-02-14,6519.0776,6525.6577
4977,2022-02-15,6565.221,6634.7534
4978,2022-02-16,6585.0625,6452.063
4979,2022-02-17,6580.4463,6492.4053
4980,2022-01-20,6522.4507,6536.92
4981,2022-01-21,6476.303,6563.8765
4982,2022-01-22,6175.884,6280.66
4983,2022-01-23,6072.0537,6133.292
4984,2022-01-24,6506.761,6626.406
4985,2022-01-25,6555.6763,6630.1963
4986,2022-01-26,6544.14,6677.717
4987,2022-01-27,6532.6025,6652.3604
4988,2022-01-28,6499.839,6644.965
4989,2022-01-29,6192.959,6309.009
4990,2022-01-30,6107.5864,6131.7935
4991,2022-01-31,6522.911,6265.909
4992,2022-02-01,6563.5215,5908.9185
4993,2022-02-02,6561.214,5949.6616
4994,2022-02-03,6536.294,6456.346
4995,2022-02-04,6472.1494,6584.6704
4996,2022-02-05,6160.194,6286.3784
4997,2022-02-06,6073.439,6029.987
4998,2022-02-07,6505.8364,6448.8633
4999,2022-02-08,6537.2163,6450.566
5000,2022-02-09,6543.678,6440.9097
5001,2022-02-10,6531.2173,6285.4385
5002,2022-02-11,6478.6113,6267.331
5003,2022-02-12,6178.652,6054.2056
5004,2022-02-13,6089.128,5970.6265
5005,2022-02-14,6521.5273,6525.6577
5006,2022-02-15,6576.9033,6634.7534
5007,2022-02-16,6593.5186,6452.063
5008,2022-02-17,6570.904,6492.4053
5009,2022-02-18,6507.2207,6645.8525
5010,2022-01-21,6502.0967,6563.8765
5011,2022-01-22,6170.717,6280.66
5012,2022-01-23,6076.561,6133.292
5013,2022-01-24,6516.8657,6626.406
5014,2022-01-25,6570.866,6630.1963
5015,2022-01-26,6575.942,6677.717
5016,2022-01-27,6568.0977,6652.3604
5017,2022-01-28,6488.713,6644.965
5018,2022-01-29,6171.6387,6309.009
5019,2022-01-30,6083.947,6131.7935
5020,2022-01-31,6513.636,6265.909
5021,2022-02-01,6579.1733,5908.9185
5022,2022-02-02,6579.174,5949.6616
5023,2022-02-03,6570.865,6456.346
5024,2022-02-04,6508.0967,6584.6704
5025,2022-02-05,6173.947,6286.3784
5026,2022-02-06,6106.562,6029.987
5027,2022-02-07,6535.3276,6448.8633
5028,2022-02-08,6594.866,6450.566
5029,2022-02-09,6610.5576,6440.9097
5030,2022-02-10,6579.6357,6285.4385
5031,2022-02-11,6514.558,6267.331
5032,2022-02-12,6181.792,6054.2056
5033,2022-02-13,6133.331,5970.6265
5034,2022-02-14,6563.02,6525.6577
5035,2022-02-15,6605.9434,6634.7534
5036,2022-02-16,6605.9434,6452.063
5037,2022-02-17,6598.0967,6492.4053
5038,2022-02-18,6510.406,6645.8525
5039,2022-02-19,6185.485,6300.391
5040,2022-01-22,6184.9976,6280.66
5041,2022-01-23,6089.9062,6133.292
5042,2022-01-24,6529.8164,6626.406
5043,2022-01-25,6557.973,6630.1963
5044,2022-01-26,6559.8193,6677.717
5045,2022-01-27,6553.357,6652.3604
5046,2022-01-28,6488.73,6644.965
5047,2022-01-29,6163.302,6309.009
5048,2022-01-30,6068.6733,6131.7935
5049,2022-01-31,6511.811,6265.909
5050,2022-02-01,6540.4316,5908.9185
5051,2022-02-02,6529.814,5949.6616
5052,2022-02-03,6496.58,6456.346
5053,2022-02-04,6449.9575,6584.6704
5054,2022-02-05,6138.8374,6286.3784
5055,2022-02-06,6075.5977,6029.987
5056,2022-02-07,6497.5024,6448.8633
5057,2022-02-08,6540.893,6450.566
5058,2022-02-09,6530.275,6440.9097
5059,2022-02-10,6515.9663,6285.4385
5060,2022-02-11,6484.116,6267.331
5061,2022-02-12,6169.7637,6054.2056
5062,2022-02-13,6107.91,5970.6265
5063,2022-02-14,6529.814,6525.6577
5064,2022-02-15,6566.281,6634.7534
5065,2022-02-16,6567.2046,6452.063
5066,2022-02-17,6562.127,6492.4053
5067,2022-02-18,6515.9663,6645.8525
5068,2022-02-19,6203.9243,6300.391
5069,2022-02-20,6135.1455,6125.728
5070,2022-01-23,6090.6167,6133.292
5071,2022-01-24,6518.54,6626.406
5072,2022-01-25,6573.9336,6630.1963
5073,2022-01-26,6605.7876,6677.717
5074,2022-01-27,6577.625,6652.3604
5075,2022-01-28,6525.927,6644.965
5076,2022-01-29,6215.2563,6309.009
5077,2022-01-30,6088.77,6131.7935
5078,2022-01-31,6522.695,6265.909
5079,2022-02-01,6588.245,5908.9185
5080,2022-02-02,6598.86,5949.6616
5081,2022-02-03,6561.0083,6456.346
5082,2022-02-04,6505.6123,6584.6704
5083,2022-02-05,6215.256,6286.3784
5084,2022-02-06,6123.8545,6029.987
5085,2022-02-07,6549.93,6448.8633
5086,2022-02-08,6604.402,6450.566
5087,2022-02-09,6601.63,6440.9097
5088,2022-02-10,6603.0156,6285.4385
5089,2022-02-11,6556.855,6267.331
5090,2022-02-12,6236.9517,6054.2056
5091,2022-02-13,6145.5513,5970.6265
5092,2022-02-14,6564.701,6525.6577
5093,2022-02-15,6621.942,6634.7534
5094,2022-02-16,6620.095,6452.063
5095,2022-02-17,6607.1714,6492.4053
5096,2022-02-18,6552.2393,6645.8525
5097,2022-02-19,6249.4146,6300.391
5098,2022-02-20,6176.9404,6125.728
5099,2022-02-21,6588.244,6587.924
5100,2022-01-24,6519.69,6626.406
5101,2022-01-25,6563.087,6630.1963
5102,2022-01-26,6575.09,6677.717
5103,2022-01-27,6557.084,6652.3604
5104,2022-01-28,6515.073,6644.965
5105,2022-01-29,6204.83,6309.009
5106,2022-01-30,6102.802,6131.7935
5107,2022-01-31,6515.9956,6265.909
5108,2022-02-01,6571.397,5908.9185
5109,2022-02-02,6586.6313,5949.6616
5110,2022-02-03,6585.708,6456.346
5111,2022-02-04,6516.92,6584.6704
5112,2022-02-05,6228.837,6286.3784
5113,2022-02-06,6142.044,6029.987
5114,2022-02-07,6553.391,6448.8633
5115,2022-02-08,6598.1733,6450.566
5116,2022-02-09,6585.2456,6440.9097
5117,2022-02-10,6586.632,6285.4385
5118,2022-02-11,6537.2324,6267.331
5119,2022-02-12,6226.9893,6054.2056
5120,2022-02-13,6154.51,5970.6265
5121,2022-02-14,6548.315,6525.6577
5122,2022-02-15,6588.94,6634.7534
5123,2022-02-16,6589.4014,6452.063
5124,2022-02-17,6587.556,6492.4053
5125,2022-02-18,6529.3833,6645.8525
5126,2022-02-19,6242.6875,6300.391
5127,2022-02-20,6191.906,6125.728
5128,2022-02-21,6588.4785,6587.924
5129,2022-02-22,6654.498,6617.263
5130,2022-01-25,6622.7363,6630.1963
5131,2022-01-26,6621.811,6677.717
5132,2022-01-27,6592.7183,6652.3604
5133,2022-01-28,6543.305,6644.965
5134,2022-01-29,6215.884,6309.009
5135,2022-01-30,6102.7437,6131.7935
5136,2022-01-31,6536.3755,6265.909
5137,2022-02-01,6594.102,5908.9185
5138,2022-02-02,6611.189,5949.6616
5139,2022-02-03,6595.9487,6456.346
5140,2022-02-04,6540.534,6584.6704
5141,2022-02-05,6231.1245,6286.3784
5142,2022-02-06,6145.6914,6029.987
5143,2022-02-07,6567.3184,6448.8633
5144,2022-02-08,6618.115,6450.566
5145,2022-02-09,6634.7393,6440.9097
5146,2022-02-10,6634.2773,6285.4385
5147,2022-02-11,6571.9346,6267.331
5148,2022-02-12,6267.605,6054.2056
5149,2022-02-13,6172.013,5970.6265
5150,2022-02-14,6587.175,6525.6577
5151,2022-02-15,6628.7383,6634.7534
5152,2022-02-16,6608.4194,6452.063
5153,2022-02-17,6606.572,6492.4053
5154,2022-02-18,6535.916,6645.8525
5155,2022-02-19,6160.469,6300.391
5156,2022-02-20,6113.3633,6125.728
5157,2022-02-21,6531.7607,6587.924
5158,2022-02-22,6576.0913,6617.263
5159,2022-02-23,6586.713,6638.067
5160,2022-01-26,6634.0044,6677.717
5161,2022-01-27,6616.4546,6652.3604
5162,2022-01-28,6575.8145,6644.965
5163,2022-01-29,6264.527,6309.009
5164,2022-01-30,6136.5967,6131.7935
5165,2022-01-31,6543.0225,6265.909
5166,2022-02-01,6597.9824,5908.9185
5167,2022-02-02,6595.21,5949.6616
5168,2022-02-03,6579.969,6456.346
5169,2022-02-04,6531.4756,6584.6704
5170,2022-02-05,6216.036,6286.3784
5171,2022-02-06,6111.1943,6029.987
5172,2022-02-07,6522.7,6448.8633
5173,2022-02-08,6562.418,6450.566
5174,2022-02-09,6567.9614,6440.9097
5175,2022-02-10,6544.869,6285.4385
5176,2022-02-11,6507.458,6267.331
5177,2022-02-12,6205.8774,6054.2056
5178,2022-02-13,6129.6694,5970.6265
5179,2022-02-14,6535.17,6525.6577
5180,2022-02-15,6572.1187,6634.7534
5181,2022-02-16,6571.6562,6452.063
5182,2022-02-17,6581.8174,6492.4053
5183,2022-02-18,6513.9263,6645.8525
5184,2022-02-19,6214.189,6300.391
5185,2022-02-20,6155.071,6125.728
5186,2022-02-21,6572.12,6587.924
5187,2022-02-22,6610.453,6617.263
5188,2022-02-23,6612.7617,6638.067
5189,2022-02-24,6593.365,6415.2485
5190,2022-01-27,6638.8096,6652.3604
5191,2022-01-28,6602.78,6644.965
5192,2022-01-29,6292.385,6309.009
5193,2022-01-30,6145.963,6131.7935
5194,2022-01-31,6556.59,6265.909
5195,2022-02-01,6621.255,5908.9185
5196,2022-02-02,6632.8027,5949.6616
5197,2022-02-03,6601.3936,6456.346
5198,2022-02-04,6578.299,6584.6704
5199,2022-02-05,6267.9043,6286.3784
5200,2022-02-06,6151.5083,6029.987
5201,2022-02-07,6569.061,6448.8633
5202,2022-02-08,6621.254,6450.566
5203,2022-02-09,6633.264,6440.9097
5204,2022-02-10,6633.727,6285.4385
5205,2022-02-11,6587.075,6267.331
5206,2022-02-12,6291.0005,6054.2056
5207,2022-02-13,6192.6143,5970.6265
5208,2022-02-14,6601.857,6525.6577
5209,2022-02-15,6670.2183,6634.7534
5210,2022-02-16,6674.375,6452.063
5211,2022-02-17,6677.147,6492.4053
5212,2022-02-18,6594.005,6645.8525
5213,2022-02-19,6271.1387,6300.391
5214,2022-02-20,6192.1533,6125.728
5215,2022-02-21,6589.8477,6587.924
5216,2022-02-22,6674.8374,6617.263
5217,2022-02-23,6679.919,6638.067
5218,2022-02-24,6687.7705,6415.2485
5219,2022-02-25,6621.7188,6455.2783
5220,2022-01-28,6575.695,6644.965
5221,2022-01-29,6265.2744,6309.009
5222,2022-01-30,6129.4624,6131.7935
5223,2022-01-31,6530.425,6265.909
5224,2022-02-01,6600.641,5908.9185
5225,2022-02-02,6617.272,5949.6616
5226,2022-02-03,6606.185,6456.346
5227,2022-02-04,6563.6855,6584.6704
5228,2022-02-05,6249.1025,6286.3784
5229,2022-02-06,6132.697,6029.987
5230,2022-02-07,6549.364,6448.8633
5231,2022-02-08,6602.029,6450.566
5232,2022-02-09,6606.645,6440.9097
5233,2022-02-10,6586.321,6285.4385
5234,2022-02-11,6528.576,6267.331
5235,2022-02-12,6211.226,6054.2056
5236,2022-02-13,6120.223,5970.6265
5237,2022-02-14,6540.588,6525.6577
5238,2022-02-15,6602.949,6634.7534
5239,2022-02-16,6608.029,6452.063
5240,2022-02-17,6621.426,6492.4053
5241,2022-02-18,6550.2876,6645.8525
5242,2022-02-19,6247.257,6300.391
5243,2022-02-20,6165.4907,6125.728
5244,2022-02-21,6590.477,6587.924
5245,2022-02-22,6647.757,6617.263
5246,2022-02-23,6650.991,6638.067
5247,2022-02-24,6646.373,6415.2485
5248,2022-02-25,6589.0933,6455.2783
5249,2022-02-26,6284.6743,6133.1367
5250,2022-01-29,6311.3438,6309.009
5251,2022-01-30,6149.647,6131.7935
5252,2022-01-31,6546.965,6265.909
5253,2022-02-01,6617.6494,5908.9185
5254,2022-02-02,6629.661,5949.6616
5255,2022-02-03,6613.031,6456.346
5256,2022-02-04,6568.2173,6584.6704
5257,2022-02-05,6269.3037,6286.3784
5258,2022-02-06,6150.57,6029.987
5259,2022-02-07,6532.643,6448.8633
5260,2022-02-08,6593.627,6450.566
5261,2022-02-09,6587.158,6440.9097
5262,2022-02-10,6572.3745,6285.4385
5263,2022-02-11,6545.116,6267.331
5264,2022-02-12,6222.1787,6054.2056
5265,2022-02-13,6109.9136,5970.6265
5266,2022-02-14,6503.075,6525.6577
5267,2022-02-15,6583.924,6634.7534
5268,2022-02-16,6596.3994,6452.063
5269,2022-02-17,6595.013,6492.4053
5270,2022-02-18,6556.2036,6645.8525
5271,2022-02-19,6259.1387,6300.391
5272,2022-02-20,6162.121,6125.728
5273,2022-02-21,7420.1406,6587.924
5274,2022-02-22,6647.2183,6617.263
5275,2022-02-23,6644.9087,6638.067
5276,2022-02-24,6622.2705,6415.2485
5277,2022-02-25,6577.9194,6455.2783
5278,2022-02-26,6301.181,6133.1367
5279,2022-02-27,6184.2954,5984.863
5280,2022-01-30,6116.6562,6131.7935
5281,2022-01-31,6527.8525,6265.909
5282,2022-02-01,6586.99,5908.9185
5283,2022-02-02,6591.149,5949.6616
5284,2022-02-03,6594.382,6456.346
5285,2022-02-04,6554.6494,6584.6704
5286,2022-02-05,6259.8833,6286.3784
5287,2022-02-06,6132.366,6029.987
5288,2022-02-07,6545.409,6448.8633
5289,2022-02-08,6587.916,6450.566
5290,2022-02-09,6575.4404,6440.9097
5291,2022-02-10,6566.2026,6285.4385
5292,2022-02-11,6533.3965,6267.331
5293,2022-02-12,6224.7705,6054.2056
5294,2022-02-13,6133.2886,5970.6265
5295,2022-02-14,6543.561,6525.6577
5296,2022-02-15,6605.9336,6634.7534
5297,2022-02-16,6592.9956,6452.063
5298,2022-02-17,6593.4614,6492.4053
5299,2022-02-18,6537.5557,6645.8525
5300,2022-02-19,6253.875,6300.391
5301,2022-02-20,6158.7017,6125.728
5302,2022-02-21,6589.7637,6587.924
5303,2022-02-22,6647.517,6617.263
5304,2022-02-23,6659.991,6638.067
5305,2022-02-24,6645.6675,6415.2485
5306,2022-02-25,6591.614,6455.2783
5307,2022-02-26,6291.7637,6133.1367
5308,2022-02-27,6203.5156,5984.863
5309,2022-02-28,6618.409,6511.946
5310,2022-01-31,6534.7407,6265.909
5311,2022-02-01,6583.7227,5908.9185
5312,2022-02-02,6586.4956,5949.6616
5313,2022-02-03,6573.095,6456.346
5314,2022-02-04,6530.12,6584.6704
5315,2022-02-05,6236.2383,6286.3784
5316,2022-02-06,6123.9507,6029.987
5317,2022-02-07,6535.667,6448.8633
5318,2022-02-08,6572.1704,6450.566
5319,2022-02-09,6570.7837,6440.9097
5320,2022-02-10,6560.6177,6285.4385
5321,2022-02-11,6506.092,6267.331
5322,2022-02-12,6210.8237,6054.2056
5323,2022-02-13,6114.7114,5970.6265
5324,2022-02-14,6520.4175,6525.6577
5325,2022-02-15,6558.7715,6634.7534
5326,2022-02-16,6551.8394,6452.063
5327,2022-02-17,6559.695,6492.4053
5328,2022-02-18,6526.4224,6645.8525
5329,2022-02-19,6227.456,6300.391
5330,2022-02-20,6122.1035,6125.728
5331,2022-02-21,6528.2715,6587.924
5332,2022-02-22,6590.6523,6617.263
5333,2022-02-23,6600.819,6638.067
5334,2022-02-24,6574.478,6415.2485
5335,2022-02-25,6535.668,6455.2783
5336,2022-02-26,6262.576,6133.1367
5337,2022-02-27,6163.69,5984.863
5338,2022-02-28,6591.115,6511.946
5339,2022-03-01,6636.3994,6552.6157
5340,2022-02-01,6540.9487,5908.9185
5341,2022-02-02,6565.444,5949.6616
5342,2022-02-03,6549.2676,6456.346
5343,2022-02-04,6522.922,6584.6704
5344,2022-02-05,6236.3633,6286.3784
5345,2022-02-06,6090.7725,6029.987
5346,2022-02-07,6477.6274,6448.8633
5347,2022-02-08,6556.1987,6450.566
5348,2022-02-09,6545.5693,6440.9097
5349,2022-02-10,6548.804,6285.4385
5350,2022-02-11,6520.148,6267.331
5351,2022-02-12,6205.397,6054.2056
5352,2022-02-13,6093.083,5970.6265
5353,2022-02-14,6478.5527,6525.6577
5354,2022-02-15,6533.09,6634.7534
5355,2022-02-16,6537.7124,6452.063
5356,2022-02-17,6525.695,6492.4053
5357,2022-02-18,6491.4937,6645.8525
5358,2022-02-19,6204.0093,6300.391
5359,2022-02-20,6100.9404,6125.728
5360,2022-02-21,6481.324,6587.924
5361,2022-02-22,6537.713,6617.263
5362,2022-02-23,6552.0396,6638.067
5363,2022-02-24,6520.1494,6415.2485
5364,2022-02-25,6476.7046,6455.2783
5365,2022-02-26,6206.321,6133.1367
5366,2022-02-27,6127.287,5984.863
5367,2022-02-28,6518.761,6511.946
5368,2022-03-01,6583.0063,6552.6157
5369,2022-03-02,6613.049,6556.565
5370,2022-02-02,6064.143,5949.6616
5371,2022-02-03,6242.082,6456.346
5372,2022-02-04,6291.995,6584.6704
5373,2022-02-05,6218.9736,6286.3784
5374,2022-02-06,6185.6963,6029.987
5375,2022-02-07,6282.291,6448.8633
5376,2022-02-08,6262.879,6450.566
5377,2022-02-09,6294.3057,6440.9097
5378,2022-02-10,6372.8745,6285.4385
5379,2022-02-11,6407.5376,6267.331
5380,2022-02-12,6325.2725,6054.2056
5381,2022-02-13,6267.5015,5970.6265
5382,2022-02-14,6363.1704,6525.6577
5383,2022-02-15,6358.0845,6634.7534
5384,2022-02-16,6368.7163,6452.063
5385,2022-02-17,6441.2773,6492.4053
5386,2022-02-18,6470.8564,6645.8525
5387,2022-02-19,6380.733,6300.391
5388,2022-02-20,6328.5063,6125.728
5389,2022-02-21,6420.478,6587.924
5390,2022-02-22,6412.621,6617.263
5391,2022-02-23,6422.328,6638.067
5392,2022-02-24,6477.7886,6415.2485
5393,2022-02-25,6495.3506,6455.2783
5394,2022-02-26,6419.554,6133.1367
5395,2022-02-27,6377.497,5984.863
5396,2022-02-28,6435.732,6511.946
5397,2022-03-01,6429.26,6552.6157
5398,2022-03-02,6462.074,6556.565
5399,2022-03-03,6524.469,6520.5806
5400,2022-02-03,6197.3394,6456.346
5401,2022-02-04,6265.7383,6584.6704
5402,2022-02-05,6252.7974,6286.3784
5403,2022-02-06,6280.9883,6029.987
5404,2022-02-07,6268.5107,6448.8633
5405,2022-02-08,6163.6055,6450.566
5406,2022-02-09,6206.122,6440.9097
5407,2022-02-10,6353.0825,6285.4385
5408,2022-02-11,6358.6274,6267.331
5409,2022-02-12,6341.529,6054.2056
5410,2022-02-13,6356.7793,5970.6265
5411,2022-02-14,6323.9683,6525.6577
5412,2022-02-15,6220.9106,6634.7534
5413,2022-02-16,6277.291,6452.063
5414,2022-02-17,6413.162,6492.4053
5415,2022-02-18,6406.6914,6645.8525
5416,2022-02-19,6380.351,6300.391
5417,2022-02-20,6394.214,6125.728
5418,2022-02-21,6363.2524,6587.924
5419,2022-02-22,6257.4194,6617.263
5420,2022-02-23,6312.878,6638.067
5421,2022-02-24,6424.717,6415.2485
5422,2022-02-25,6414.085,6455.2783
5423,2022-02-26,6398.3726,6133.1367
5424,2022-02-27,6404.381,5984.863
5425,2022-02-28,6383.5845,6511.946
5426,2022-03-01,6322.581,6552.6157
5427,2022-03-02,6378.04,6556.565
5428,2022-03-03,6487.1045,6520.5806
5429,2022-03-04,6465.3843,6591.069
5430,2022-02-04,6521.4404,6584.6704
5431,2022-02-05,6493.2495,6286.3784
5432,2022-02-06,6474.301,6029.987
5433,2022-02-07,6303.753,6448.8633
5434,2022-02-08,6113.3306,6450.566
5435,2022-02-09,6343.0386,6440.9097
5436,2022-02-10,6497.4087,6285.4385
5437,2022-02-11,6507.1157,6267.331
5438,2022-02-12,6496.9463,6054.2056
5439,2022-02-13,6460.8945,5970.6265
5440,2022-02-14,6296.8193,6525.6577
5441,2022-02-15,6153.541,6634.7534
5442,2022-02-16,6367.5337,6452.063
5443,2022-02-17,6530.2246,6492.4053
5444,2022-02-18,6545.015,6645.8525
5445,2022-02-19,6528.3765,6300.391
5446,2022-02-20,6498.7954,6125.728
5447,2022-02-21,6322.7017,6587.924
5448,2022-02-22,6172.4907,6617.263
5449,2022-02-23,6380.9375,6638.067
5450,2022-02-24,6542.7036,6415.2485
5451,2022-02-25,6550.5605,6455.2783
5452,2022-02-26,6541.7793,6133.1367
5453,2022-02-27,6515.8965,5984.863
5454,2022-02-28,6355.9785,6511.946
5455,2022-03-01,6214.0874,6552.6157
5456,2022-03-02,6398.502,6556.565
5457,2022-03-03,6576.4434,6520.5806
5458,2022-03-04,6572.2827,6591.069
5459,2022-03-05,6564.889,6267.2925
5460,2022-02-05,6515.4893,6286.3784
5461,2022-02-06,6470.188,6029.987
5462,2022-02-07,6311.1743,6448.8633
5463,2022-02-08,6120.2627,6450.566
5464,2022-02-09,6341.22,6440.9097
5465,2022-02-10,6507.1704,6285.4385
5466,2022-02-11,6520.5723,6267.331
5467,2022-02-12,6487.754,6054.2056
5468,2022-02-13,6453.5474,5970.6265
5469,2022-02-14,6284.3633,6525.6577
5470,2022-02-15,6152.158,6634.7534
5471,2022-02-16,6373.115,6452.063
5472,2022-02-17,6548.7715,6492.4053
5473,2022-02-18,6565.8755,6645.8525
5474,2022-02-19,6559.8677,6300.391
5475,2022-02-20,6515.9536,6125.728
5476,2022-02-21,6337.524,6587.924
5477,2022-02-22,6226.118,6617.263
5478,2022-02-23,6438.294,6638.067
5479,2022-02-24,6609.328,6415.2485
5480,2022-02-25,6617.65,6455.2783
5481,2022-02-26,6583.4414,6133.1367
5482,2022-02-27,6565.8745,5984.863
5483,2022-02-28,6406.859,6511.946
5484,2022-03-01,6288.984,6552.6157
5485,2022-03-02,6494.69,6556.565
5486,2022-03-03,6660.1763,6520.5806
5487,2022-03-04,6670.346,6591.069
5488,2022-03-05,6656.017,6267.2925
5489,2022-03-06,6612.563,6072.3906
5490,2022-02-06,6241.714,6029.987
5491,2022-02-07,6364.2188,6448.8633
5492,2022-02-08,6238.942,6450.566
5493,2022-02-09,6171.447,6440.9097
5494,2022-02-10,6407.21,6285.4385
5495,2022-02-11,6439.572,6267.331
5496,2022-02-12,6367.4546,6054.2056
5497,2022-02-13,6331.862,5970.6265
5498,2022-02-14,6370.6914,6525.6577
5499,2022-02-15,6263.4434,6634.7534
5500,2022-02-16,6238.48,6452.063
5501,2022-02-17,6447.4307,6492.4053
5502,2022-02-18,6484.873,6645.8525
5503,2022-02-19,6428.014,6300.391
5504,2022-02-20,6367.918,6125.728
5505,2022-02-21,6407.674,6587.924
5506,2022-02-22,6310.1333,6617.263
5507,2022-02-23,6263.9043,6638.067
5508,2022-02-24,6463.61,6415.2485
5509,2022-02-25,6506.1387,6455.2783
5510,2022-02-26,6433.5605,6133.1367
5511,2022-02-27,6409.06,5984.863
5512,2022-02-28,6418.7676,6511.946
5513,2022-03-01,6329.089,6552.6157
5514,2022-03-02,6299.9604,6556.565
5515,2022-03-03,6476.0923,6520.5806
5516,2022-03-04,6477.4785,6591.069
5517,2022-03-05,6437.26,6267.2925
5518,2022-03-06,6406.7495,6072.3906
5519,2022-03-07,6443.2686,6556.843
5520,2022-02-07,6201.201,6448.8633
5521,2022-02-08,6345.909,6450.566
5522,2022-02-09,6345.9077,6440.9097
5523,2022-02-10,6378.27,6285.4385
5524,2022-02-11,6378.2725,6267.331
5525,2022-02-12,6210.4463,6054.2056
5526,2022-02-13,6099.0264,5970.6265
5527,2022-02-14,6283.9575,6525.6577
5528,2022-02-15,6427.279,6634.7534
5529,2022-02-16,6441.612,6452.063
5530,2022-02-17,6447.6226,6492.4053
5531,2022-02-18,6433.291,6645.8525
5532,2022-02-19,6275.636,6300.391
5533,2022-02-20,6148.497,6125.728
5534,2022-02-21,6350.5337,6587.924
5535,2022-02-22,6458.255,6617.263
5536,2022-02-23,6455.0186,6638.067
5537,2022-02-24,6457.794,6415.2485
5538,2022-02-25,6479.0605,6455.2783
5539,2022-02-26,6296.4414,6133.1367
5540,2022-02-27,6180.3975,5984.863
5541,2022-02-28,6355.6167,6511.946
5542,2022-03-01,6464.728,6552.6157
5543,2022-03-02,6485.0723,6556.565
5544,2022-03-03,6512.348,6520.5806
5545,2022-03-04,6507.7246,6591.069
5546,2022-03-05,6323.7183,6267.2925
5547,2022-03-06,6206.287,6072.3906
5548,2022-03-07,6381.5093,6556.843
5549,2022-03-08,6496.6294,6563.279
5550,2022-02-08,6473.7637,6450.566
5551,2022-02-09,6454.341,6440.9097
5552,2022-02-10,6442.317,6285.4385
5553,2022-02-11,6420.5786,6267.331
5554,2022-02-12,6144.4785,6054.2056
5555,2022-02-13,6039.035,5970.6265
5556,2022-02-14,6405.7793,6525.6577
5557,2022-02-15,6467.2896,6634.7534
5558,2022-02-16,6493.189,6452.063
5559,2022-02-17,6483.9395,6492.4053
5560,2022-02-18,6450.1777,6645.8525
5561,2022-02-19,6162.0537,6300.391
5562,2022-02-20,6095.4575,6125.728
5563,2022-02-21,6469.6025,6587.924
5564,2022-02-22,6532.5,6617.263
5565,2022-02-23,6530.1875,6638.067
5566,2022-02-24,6504.7515,6415.2485
5567,2022-02-25,6459.8906,6455.2783
5568,2022-02-26,6206.4517,6133.1367
5569,2022-02-27,6143.095,5984.863
5570,2022-02-28,6478.852,6511.946
5571,2022-03-01,6545.45,6552.6157
5572,2022-03-02,6553.312,6556.565
5573,2022-03-03,6528.337,6520.5806
5574,2022-03-04,6489.0254,6591.069
5575,2022-03-05,6237.899,6267.2925
5576,2022-03-06,6168.993,6072.3906
5577,2022-03-07,6514.0005,6556.843
5578,2022-03-08,6581.0596,6563.279
5579,2022-03-09,6590.773,6613.21
5580,2022-02-09,6438.871,6440.9097
5581,2022-02-10,6428.2314,6285.4385
5582,2022-02-11,6425.918,6267.331
5583,2022-02-12,6168.734,6054.2056
5584,2022-02-13,6066.5073,5970.6265
5585,2022-02-14,6437.946,6525.6577
5586,2022-02-15,6486.9775,6634.7534
5587,2022-02-16,6492.991,6452.063
5588,2022-02-17,6485.1255,6492.4053
5589,2022-02-18,6458.2974,6645.8525
5590,2022-02-19,6204.353,6300.391
5591,2022-02-20,6108.1387,6125.728
5592,2022-02-21,6474.487,6587.924
5593,2022-02-22,6543.41,6617.263
5594,2022-02-23,6563.7607,6638.067
5595,2022-02-24,6541.5596,6415.2485
5596,2022-02-25,6510.1045,6455.2783
5597,2022-02-26,6252.9214,6133.1367
5598,2022-02-27,6184.4614,5984.863
5599,2022-02-28,6517.506,6511.946
5600,2022-03-01,6553.584,6552.6157
5601,2022-03-02,6554.049,6556.565
5602,2022-03-03,6571.627,6520.5806
5603,2022-03-04,6537.397,6591.069
5604,2022-03-05,6268.648,6267.2925
5605,2022-03-06,6198.8,6072.3906
5606,2022-03-07,6543.873,6556.843
5607,2022-03-08,6579.0254,6563.279
5608,2022-03-09,6591.5156,6613.21
5609,2022-03-10,6592.44,6538.1963
5610,2022-02-10,6420.2876,6285.4385
5611,2022-02-11,6400.395,6267.331
5612,2022-02-12,6182.0376,6054.2056
5613,2022-02-13,6051.5776,5970.6265
5614,2022-02-14,6390.2188,6525.6577
5615,2022-02-15,6500.322,6634.7534
5616,2022-02-16,6485.516,6452.063
5617,2022-02-17,6481.3545,6492.4053
5618,2022-02-18,6441.567,6645.8525
5619,2022-02-19,6220.4346,6300.391
5620,2022-02-20,6102.0024,6125.728
5621,2022-02-21,6411.4985,6587.924
5622,2022-02-22,6497.547,6617.263
5623,2022-02-23,6524.3774,6638.067
5624,2022-02-24,6499.3955,6415.2485
5625,2022-02-25,6479.503,6455.2783
5626,2022-02-26,6269.011,6133.1367
5627,2022-02-27,6176.485,5984.863
5628,2022-02-28,6480.427,6511.946
5629,2022-03-01,6573.8794,6552.6157
5630,2022-03-02,6561.8486,6556.565
5631,2022-03-03,6534.091,6520.5806
5632,2022-03-04,6507.7236,6591.069
5633,2022-03-05,6293.5293,6267.2925
5634,2022-03-06,6199.616,6072.3906
5635,2022-03-07,6478.5796,6556.843
5636,2022-03-08,6577.5796,6563.279
5637,2022-03-09,6596.5474,6613.21
5638,2022-03-10,6584.98,6538.1963
5639,2022-03-11,6547.5093,6596.886
5640,2022-02-11,6322.902,6267.331
5641,2022-02-12,6147.547,6054.2056
5642,2022-02-13,6005.9707,5970.6265
5643,2022-02-14,6268.3057,6525.6577
5644,2022-02-15,6441.81,6634.7534
5645,2022-02-16,6462.6294,6452.063
5646,2022-02-17,6455.2275,6492.4053
5647,2022-02-18,6427.466,6645.8525
5648,2022-02-19,6235.457,6300.391
5649,2022-02-20,6135.5186,6125.728
5650,2022-02-21,6358.527,6587.924
5651,2022-02-22,6489.0015,6617.263
5652,2022-02-23,6515.375,6638.067
5653,2022-02-24,6508.897,6415.2485
5654,2022-02-25,6483.448,6455.2783
5655,2022-02-26,6288.201,6133.1367
5656,2022-02-27,6176.2324,5984.863
5657,2022-02-28,6402.482,6511.946
5658,2022-03-01,6537.583,6552.6157
5659,2022-03-02,6562.1045,6556.565
5660,2022-03-03,6540.8213,6520.5806
5661,2022-03-04,6511.6743,6591.069
5662,2022-03-05,6313.187,6267.2925
5663,2022-03-06,6210.473,6072.3906
5664,2022-03-07,6433.945,6556.843
5665,2022-03-08,6563.9546,6563.279
5666,2022-03-09,6563.9556,6613.21
5667,2022-03-10,6568.583,6538.1963
5668,2022-03-11,6513.524,6596.886
5669,2022-03-12,6312.7246,6260.308
5670,2022-02-12,6061.8164,6054.2056
5671,2022-02-13,5965.574,5970.6265
5672,2022-02-14,6288.536,6525.6577
5673,2022-02-15,6406.0645,6634.7534
5674,2022-02-16,6421.7964,6452.063
5675,2022-02-17,6434.2886,6492.4053
5676,2022-02-18,6396.812,6645.8525
5677,2022-02-19,6142.788,6300.391
5678,2022-02-20,6033.592,6125.728
5679,2022-02-21,6351.005,6587.924
5680,2022-02-22,6481.484,6617.263
5681,2022-02-23,6496.7524,6638.067
5682,2022-02-24,6496.29,6415.2485
5683,2022-02-25,6445.857,6455.2783
5684,2022-02-26,6218.672,6133.1367
5685,2022-02-27,6115.951,5984.863
5686,2022-02-28,6443.0796,6511.946
5687,2022-03-01,6562.456,6552.6157
5688,2022-03-02,6583.2773,6556.565
5689,2022-03-03,6571.7095,6520.5806
5690,2022-03-04,6531.9155,6591.069
5691,2022-03-05,6285.7637,6267.2925
5692,2022-03-06,6169.162,6072.3906
5693,2022-03-07,6469.9175,6556.843
5694,2022-03-08,6579.1113,6563.279
5695,2022-03-09,6586.977,6613.21
5696,2022-03-10,6586.053,6538.1963
5697,2022-03-11,6557.3667,6596.886
5698,2022-03-12,6307.0454,6260.308
5699,2022-03-13,6188.595,6143.8823
5700,2022-02-13,5917.6133,5970.6265
5701,2022-02-14,6331.7046,6525.6577
5702,2022-02-15,6412.6743,6634.7534
5703,2022-02-16,6426.5537,6452.063
5704,2022-02-17,6422.8525,6492.4053
5705,2022-02-18,6397.4043,6645.8525
5706,2022-02-19,6120.264,6300.391
5707,2022-02-20,6030.043,6125.728
5708,2022-02-21,6450.6113,6587.924
5709,2022-02-22,6500.578,6617.263
5710,2022-02-23,6520.9375,6638.067
5711,2022-02-24,6515.851,6415.2485
5712,2022-02-25,6487.6235,6455.2783
5713,2022-02-26,6202.621,6133.1367
5714,2022-02-27,6120.2637,5984.863
5715,2022-02-28,6512.1475,6511.946
5716,2022-03-01,6569.983,6552.6157
5717,2022-03-02,6589.8774,6556.565
5718,2022-03-03,6575.0723,6520.5806
5719,2022-03-04,6549.1636,6591.069
5720,2022-03-05,6263.695,6267.2925
5721,2022-03-06,6170.696,6072.3906
5722,2022-03-07,6532.9688,6556.843
5723,2022-03-08,6575.0713,6563.279
5724,2022-03-09,6592.1904,6613.21
5725,2022-03-10,6593.58,6538.1963
5726,2022-03-11,6545.4604,6596.886
5727,2022-03-12,6282.2007,6260.308
5728,2022-03-13,6193.828,6143.8823
5729,2022-03-14,6547.311,6690.907
5730,2022-02-14,6335.695,6525.6577
5731,2022-02-15,6418.516,6634.7534
5732,2022-02-16,6425.9214,6452.063
5733,2022-02-17,6406.025,6492.4053
5734,2022-02-18,6377.799,6645.8525
5735,2022-02-19,6112.675,6300.391
5736,2022-02-20,6046.9707,6125.728
5737,2022-02-21,6436.0986,6587.924
5738,2022-02-22,6487.46,6617.263
5739,2022-02-23,6502.265,6638.067
5740,2022-02-24,6491.623,6415.2485
5741,2022-02-25,6448.592,6455.2783
5742,2022-02-26,6193.647,6133.1367
5743,2022-02-27,6125.169,5984.863
5744,2022-02-28,6458.31,6511.946
5745,2022-03-01,6525.4,6552.6157
5746,2022-03-02,6525.864,6556.565
5747,2022-03-03,6521.6987,6520.5806
5748,2022-03-04,6479.131,6591.069
5749,2022-03-05,6238.067,6267.2925
5750,2022-03-06,6161.7207,6072.3906
5751,2022-03-07,6502.266,6556.843
5752,2022-03-08,6555.4727,6563.279
5753,2022-03-09,6564.7275,6613.21
5754,2022-03-10,6545.295,6538.1963
5755,2022-03-11,6483.294,6596.886
5756,2022-03-12,6237.602,6260.308
5757,2022-03-13,6192.2583,6143.8823
5758,2022-03-14,6515.221,6690.907
5759,2022-03-15,6576.2974,6565.485
5760,2022-02-15,6539.957,6634.7534
5761,2022-02-16,6533.4795,6452.063
5762,2022-02-17,6498.768,6492.4053
5763,2022-02-18,6450.174,6645.8525
5764,2022-02-19,6166.938,6300.391
5765,2022-02-20,6101.217,6125.728
5766,2022-02-21,6502.01,6587.924
5767,2022-02-22,6533.017,6617.263
5768,2022-02-23,6519.5957,6638.067
5769,2022-02-24,6527.4604,6415.2485
5770,2022-02-25,6492.753,6455.2783
5771,2022-02-26,6210.4404,6133.1367
5772,2022-02-27,6150.7383,5984.863
5773,2022-02-28,6541.8105,6511.946
5774,2022-03-01,6570.502,6552.6157
5775,2022-03-02,6574.205,6556.565
5776,2022-03-03,6558.4688,6520.5806
5777,2022-03-04,6501.081,6591.069
5778,2022-03-05,6213.2183,6267.2925
5779,2022-03-06,6138.2417,6072.3906
5780,2022-03-07,6520.522,6556.843
5781,2022-03-08,6554.768,6563.279
5782,2022-03-09,6535.794,6613.21
5783,2022-03-10,6529.7773,6538.1963
5784,2022-03-11,6490.9004,6596.886
5785,2022-03-12,6221.5483,6260.308
5786,2022-03-13,6158.142,6143.8823
5787,2022-03-14,6533.9424,6690.907
5788,2022-03-15,6591.33,6565.485
5789,2022-03-16,6584.8496,6543.825
5790,2022-02-16,6596.641,6452.063
5791,2022-02-17,6570.2563,6492.4053
5792,2022-02-18,6523.506,6645.8525
5793,2022-02-19,6224.014,6300.391
5794,2022-02-20,6127.7344,6125.728
5795,2022-02-21,6530.447,6587.924
5796,2022-02-22,6568.868,6617.263
5797,2022-02-23,6589.7007,6638.067
5798,2022-02-24,6592.477,6415.2485
5799,2022-02-25,6556.3687,6455.2783
5800,2022-02-26,6257.806,6133.1367
5801,2022-02-27,6163.3774,5984.863
5802,2022-02-28,6574.4233,6511.946
5803,2022-03-01,6640.154,6552.6157
5804,2022-03-02,6634.5986,6556.565
5805,2022-03-03,6630.433,6520.5806
5806,2022-03-04,6580.442,6591.069
5807,2022-03-05,6279.0986,6267.2925
5808,2022-03-06,6183.744,6072.3906
5809,2022-03-07,6539.244,6556.843
5810,2022-03-08,6599.4194,6563.279
5811,2022-03-09,6611.455,6613.21
5812,2022-03-10,6627.6543,6538.1963
5813,2022-03-11,6599.4175,6596.886
5814,2022-03-12,6303.1704,6260.308
5815,2022-03-13,6215.683,6143.8823
5816,2022-03-14,6585.071,6690.907
5817,2022-03-15,6642.004,6565.485
5818,2022-03-16,6644.7817,6543.825
5819,2022-03-17,6640.616,6593.7437
5820,2022-02-17,6390.405,6492.4053
5821,2022-02-18,6360.7764,6645.8525
5822,2022-02-19,6141.8066,6300.391
5823,2022-02-20,6060.3286,6125.728
5824,2022-02-21,6448.272,6587.924
5825,2022-02-22,6529.287,6617.263
5826,2022-02-23,6527.4346,6638.067
5827,2022-02-24,6531.138,6415.2485
5828,2022-02-25,6499.658,6455.2783
5829,2022-02-26,6207.0806,6133.1367
5830,2022-02-27,6156.621,5984.863
5831,2022-02-28,6514.0073,6511.946
5832,2022-03-01,6573.2656,6552.6157
5833,2022-03-02,6560.767,6556.565
5834,2022-03-03,6570.023,6520.5806
5835,2022-03-04,6522.804,6591.069
5836,2022-03-05,6251.522,6267.2925
5837,2022-03-06,6205.692,6072.3906
5838,2022-03-07,6530.2114,6556.843
5839,2022-03-08,6601.502,6563.279
5840,2022-03-09,6596.8745,6613.21
5841,2022-03-10,6590.3936,6538.1963
5842,2022-03-11,6520.9526,6596.886
5843,2022-03-12,6251.5225,6260.308
5844,2022-03-13,6183.469,6143.8823
5845,2022-03-14,6504.2856,6690.907
5846,2022-03-15,6557.525,6565.485
5847,2022-03-16,6567.71,6543.825
5848,2022-03-17,6569.561,6593.7437
5849,2022-03-18,6512.1577,6617.016
5850,2022-02-18,6462.3296,6645.8525
5851,2022-02-19,6161.848,6300.391
5852,2022-02-20,6080.3643,6125.728
5853,2022-02-21,6502.142,6587.924
5854,2022-02-22,6557.7017,6617.263
5855,2022-02-23,6560.944,6638.067
5856,2022-02-24,6545.6626,6415.2485
5857,2022-02-25,6506.3105,6455.2783
5858,2022-02-26,6230.8325,6133.1367
5859,2022-02-27,6157.6836,5984.863
5860,2022-02-28,6540.57,6511.946
5861,2022-03-01,6584.555,6552.6157
5862,2022-03-02,6589.6475,6556.565
5863,2022-03-03,6593.815,6520.5806
5864,2022-03-04,6536.8657,6591.069
5865,2022-03-05,6241.02,6267.2925
5866,2022-03-06,6168.33,6072.3906
5867,2022-03-07,6564.6455,6556.843
5868,2022-03-08,6614.1846,6563.279
5869,2022-03-09,6621.592,6613.21
5870,2022-03-10,6608.628,6538.1963
5871,2022-03-11,6540.5713,6596.886
5872,2022-03-12,6252.1313,6260.308
5873,2022-03-13,6186.8506,6143.8823
5874,2022-03-14,6569.737,6690.907
5875,2022-03-15,6640.5757,6565.485
5876,2022-03-16,6653.5386,6543.825
5877,2022-03-17,6630.3887,6593.7437
5878,2022-03-18,6574.831,6617.016
5879,2022-03-19,6287.3184,6395.61
5880,2022-02-19,6345.6523,6300.391
5881,2022-02-20,6177.5664,6125.728
5882,2022-02-21,6529.945,6587.924
5883,2022-02-22,6589.216,6617.263
5884,2022-02-23,6579.0293,6638.067
5885,2022-02-24,6589.678,6415.2485
5886,2022-02-25,6571.1562,6455.2783
5887,2022-02-26,6290.5493,6133.1367
5888,2022-02-27,6173.8613,5984.863
5889,2022-02-28,6519.295,6511.946
5890,2022-03-01,6598.9424,6552.6157
5891,2022-03-02,6608.2036,6556.565
5892,2022-03-03,6622.5576,6520.5806
5893,2022-03-04,6595.239,6591.069
5894,2022-03-05,6329.9087,6267.2925
5895,2022-03-06,6225.259,6072.3906
5896,2022-03-07,6564.6743,6556.843
5897,2022-03-08,6644.7827,6563.279
5898,2022-03-09,6646.1704,6613.21
5899,2022-03-10,6659.1367,6538.1963
5900,2022-03-11,6613.294,6596.886
5901,2022-03-12,6348.8936,6260.308
5902,2022-03-13,6250.2627,6143.8823
5903,2022-03-14,6576.2495,6690.907
5904,2022-03-15,6673.955,6565.485
5905,2022-03-16,6684.6045,6543.825
5906,2022-03-17,6669.787,6593.7437
5907,2022-03-18,6633.6675,6617.016
5908,2022-03-19,6374.362,6395.61
5909,2022-03-20,6281.2896,6241.7964
5910,2022-02-20,6130.065,6125.728
5911,2022-02-21,6520.8955,6587.924
5912,2022-02-22,6566.275,6617.263
5913,2022-02-23,6572.293,6638.067
5914,2022-02-24,6582.4814,6415.2485
5915,2022-02-25,6544.9736,6455.2783
5916,2022-02-26,6240.7393,6133.1367
5917,2022-02-27,6152.2925,5984.863
5918,2022-02-28,6551.9204,6511.946
5919,2022-03-01,6611.656,6552.6157
5920,2022-03-02,6606.0986,6556.565
5921,2022-03-03,6594.5205,6520.5806
5922,2022-03-04,6548.6777,6591.069
5923,2022-03-05,6269.4507,6267.2925
5924,2022-03-06,6178.225,6072.3906
5925,2022-03-07,6547.29,6556.843
5926,2022-03-08,6618.601,6563.279
5927,2022-03-09,6617.2114,6613.21
5928,2022-03-10,6609.3413,6538.1963
5929,2022-03-11,6568.59,6596.886
5930,2022-03-12,6277.32,6260.308
5931,2022-03-13,6182.392,6143.8823
5932,2022-03-14,6578.7764,6690.907
5933,2022-03-15,6608.8765,6565.485
5934,2022-03-16,6623.6934,6543.825
5935,2022-03-17,6601.004,6593.7437
5936,2022-03-18,6535.7124,6617.016
5937,2022-03-19,6250.0,6395.61
5938,2022-03-20,6193.5063,6241.7964
5939,2022-03-21,6598.2256,6668.931
5940,2022-02-21,6487.5723,6587.924
5941,2022-02-22,6534.348,6617.263
5942,2022-02-23,6537.591,6638.067
5943,2022-02-24,6522.7705,6415.2485
5944,2022-02-25,6474.6045,6455.2783
5945,2022-02-26,6179.584,6133.1367
5946,2022-02-27,6095.7563,5984.863
5947,2022-02-28,6506.561,6511.946
5948,2022-03-01,6559.358,6552.6157
5949,2022-03-02,6571.8623,6556.565
5950,2022-03-03,6559.8213,6520.5806
5951,2022-03-04,6514.433,6591.069
5952,2022-03-05,6243.033,6267.2925
5953,2022-03-06,6171.2476,6072.3906
5954,2022-03-07,6554.727,6556.843
5955,2022-03-08,6608.913,6563.279
5956,2022-03-09,6602.893,6613.21
5957,2022-03-10,6609.3765,6538.1963
5958,2022-03-11,6560.285,6596.886
5959,2022-03-12,6272.2104,6260.308
5960,2022-03-13,6181.899,6143.8823
5961,2022-03-14,6566.305,6690.907
5962,2022-03-15,6600.1143,6565.485
5963,2022-03-16,6603.3555,6543.825
5964,2022-03-17,6615.861,6593.7437
5965,2022-03-18,6534.812,6617.016
5966,2022-03-19,6262.0215,6395.61
5967,2022-03-20,6185.603,6241.7964
5968,2022-03-21,6570.01,6668.931
5969,2022-03-22,6615.3975,6790.505
5970,2022-02-22,6621.094,6617.263
5971,2022-02-23,6605.341,6638.067
5972,2022-02-24,6569.2046,6415.2485
5973,2022-02-25,6507.583,6455.2783
5974,2022-02-26,6224.9673,6133.1367
5975,2022-02-27,6132.3076,5984.863
5976,2022-02-28,6531.213,6511.946
5977,2022-03-01,6586.8105,6552.6157
5978,2022-03-02,6597.0005,6556.565
5979,2022-03-03,6590.052,6520.5806
5980,2022-03-04,6553.9146,6591.069
5981,2022-03-05,6272.688,6267.2925
5982,2022-03-06,6193.0005,6072.3906
5983,2022-03-07,6553.9155,6556.843
5984,2022-03-08,6615.998,6563.279
5985,2022-03-09,6618.7783,6613.21
5986,2022-03-10,6597.4673,6538.1963
5987,2022-03-11,6531.2124,6596.886
5988,2022-03-12,6241.1816,6260.308
5989,2022-03-13,6177.7104,6143.8823
5990,2022-03-14,6559.4746,6690.907
5991,2022-03-15,6610.439,6565.485
5992,2022-03-16,6612.2905,6543.825
5993,2022-03-17,6593.2954,6593.7437
5994,2022-03-18,6523.8,6617.016
5995,2022-03-19,6236.5493,6395.61
5996,2022-03-20,6185.125,6241.7964
5997,2022-03-21,6554.84,6668.931
5998,2022-03-22,6625.726,6790.505
5999,2022-03-23,6613.219,6730.525
6000,2022-02-23,6606.53,6638.067
6001,2022-02-24,6588.457,6415.2485
6002,2022-02-25,6555.5576,6455.2783
6003,2022-02-26,6260.3774,6133.1367
6004,2022-02-27,6136.1895,5984.863
6005,2022-02-28,6541.1904,6511.946
6006,2022-03-01,6588.9194,6552.6157
6007,2022-03-02,6589.382,6556.565
6008,2022-03-03,6591.7007,6520.5806
6009,2022-03-04,6581.9683,6591.069
6010,2022-03-05,6281.692,6267.2925
6011,2022-03-06,6163.5293,6072.3906
6012,2022-03-07,6534.24,6556.843
6013,2022-03-08,6584.7485,6563.279
6014,2022-03-09,6561.5806,6613.21
6015,2022-03-10,6557.873,6538.1963
6016,2022-03-11,6523.584,6596.886
6017,2022-03-12,6246.0117,6260.308
6018,2022-03-13,6142.6763,6143.8823
6019,2022-03-14,6498.558,6690.907
6020,2022-03-15,6551.386,6565.485
6021,2022-03-16,6539.8,6543.825
6022,2022-03-17,6546.288,6593.7437
6023,2022-03-18,6491.1445,6617.016
6024,2022-03-19,6240.451,6395.61
6025,2022-03-20,6170.942,6241.7964
6026,2022-03-21,6534.2407,6668.931
6027,2022-03-22,6587.5293,6790.505
6028,2022-03-23,6583.823,6730.525
6029,2022-03-24,6580.578,6760.0454
6030,2022-02-24,6570.2104,6415.2485
6031,2022-02-25,6551.67,6455.2783
6032,2022-02-26,6268.49,6133.1367
6033,2022-02-27,6141.035,5984.863
6034,2022-02-28,6524.328,6511.946
6035,2022-03-01,6576.698,6552.6157
6036,2022-03-02,6579.9434,6556.565
6037,2022-03-03,6577.1626,6520.5806
6038,2022-03-04,6569.746,6591.069
6039,2022-03-05,6281.465,6267.2925
6040,2022-03-06,6162.817,6072.3906
6041,2022-03-07,6519.228,6556.843
6042,2022-03-08,6588.7515,6563.279
6043,2022-03-09,6580.869,6613.21
6044,2022-03-10,6570.674,6538.1963
6045,2022-03-11,6551.2075,6596.886
6046,2022-03-12,6274.98,6260.308
6047,2022-03-13,6176.2583,6143.8823
6048,2022-03-14,6544.7183,6690.907
6049,2022-03-15,6599.408,6565.485
6050,2022-03-16,6597.556,6543.825
6051,2022-03-17,6586.4326,6593.7437
6052,2022-03-18,6528.9604,6617.016
6053,2022-03-19,6262.463,6395.61
6054,2022-03-20,6172.55,6241.7964
6055,2022-03-21,6546.109,6668.931
6056,2022-03-22,6612.8486,6790.505
6057,2022-03-23,6600.3374,6730.525
6058,2022-03-24,6569.2817,6760.0454
6059,2022-03-25,6515.5205,6742.806
6060,2022-02-25,6373.8755,6455.2783
6061,2022-02-26,7009.825,6133.1367
6062,2022-02-27,6051.264,5984.863
6063,2022-02-28,6464.723,6511.946
6064,2022-03-01,6525.447,6552.6157
6065,2022-03-02,6504.5874,6556.565
6066,2022-03-03,6499.4883,6520.5806
6067,2022-03-04,6472.14,6591.069
6068,2022-03-05,6185.6836,6267.2925
6069,2022-03-06,6119.865,6072.3906
6070,2022-03-07,6512.9326,6556.843
6071,2022-03-08,6523.1274,6563.279
6072,2022-03-09,6516.174,6613.21
6073,2022-03-10,6510.6133,6538.1963
6074,2022-03-11,6471.215,6596.886
6075,2022-03-12,6187.074,6260.308
6076,2022-03-13,6129.5996,6143.8823
6077,2022-03-14,6550.0117,6690.907
6078,2022-03-15,6556.966,6565.485
6079,2022-03-16,6555.5737,6543.825
6080,2022-03-17,6552.7925,6593.7437
6081,2022-03-18,6510.614,6617.016
6082,2022-03-19,6212.105,6395.61
6083,2022-03-20,6150.4556,6241.7964
6084,2022-03-21,6559.2837,6668.931
6085,2022-03-22,6612.1235,6790.505
6086,2022-03-23,6607.0244,6730.525
6087,2022-03-24,6584.313,6760.0454
6088,2022-03-25,6528.6904,6742.806
6089,2022-03-26,6224.621,6400.602
6090,2022-02-26,6154.1055,6133.1367
6091,2022-02-27,6068.3433,5984.863
6092,2022-02-28,6478.6167,6511.946
6093,2022-03-01,6542.592,6552.6157
6094,2022-03-02,6546.763,6556.565
6095,2022-03-03,6518.484,6520.5806
6096,2022-03-04,6485.57,6591.069
6097,2022-03-05,6199.537,6267.2925
6098,2022-03-06,6105.892,6072.3906
6099,2022-03-07,6506.893,6556.843
6100,2022-03-08,6566.233,6563.279
6101,2022-03-09,6554.6445,6613.21
6102,2022-03-10,6529.611,6538.1963
6103,2022-03-11,6506.4316,6596.886
6104,2022-03-12,6226.889,6260.308
6105,2022-03-13,6134.1704,6143.8823
6106,2022-03-14,6523.12,6690.907
6107,2022-03-15,6574.115,6565.485
6108,2022-03-16,6565.7695,6543.825
6109,2022-03-17,6552.7896,6593.7437
6110,2022-03-18,6531.0015,6617.016
6111,2022-03-19,6243.578,6395.61
6112,2022-03-20,6149.4707,6241.7964
6113,2022-03-21,6566.697,6668.931
6114,2022-03-22,6630.6694,6790.505
6115,2022-03-23,6625.572,6730.525
6116,2022-03-24,6611.665,6760.0454
6117,2022-03-25,6572.723,6742.806
6118,2022-03-26,6270.929,6400.602
6119,2022-03-27,6191.655,6227.0767
6120,2022-02-27,6019.352,5984.863
6121,2022-02-28,6435.6606,6511.946
6122,2022-03-01,6507.5186,6552.6157
6123,2022-03-02,6509.8364,6556.565
6124,2022-03-03,6498.2456,6520.5806
6125,2022-03-04,6486.656,6591.069
6126,2022-03-05,6187.1743,6267.2925
6127,2022-03-06,6085.6455,6072.3906
6128,2022-03-07,6519.1064,6556.843
6129,2022-03-08,6575.2036,6563.279
6130,2022-03-09,6589.112,6613.21
6131,2022-03-10,6580.766,6538.1963
6132,2022-03-11,6546.462,6596.886
6133,2022-03-12,6232.6064,6260.308
6134,2022-03-13,6139.4233,6143.8823
6135,2022-03-14,6566.859,6690.907
6136,2022-03-15,6608.5825,6565.485
6137,2022-03-16,6620.1714,6543.825
6138,2022-03-17,6609.044,6593.7437
6139,2022-03-18,6584.0117,6617.016
6140,2022-03-19,6272.9375,6395.61
6141,2022-03-20,6183.928,6241.7964
6142,2022-03-21,6615.9976,6668.931
6143,2022-03-22,6673.0205,6790.505
6144,2022-03-23,6662.823,6730.525
6145,2022-03-24,6652.6245,6760.0454
6146,2022-03-25,6576.5938,6742.806
6147,2022-03-26,6284.9937,6400.602
6148,2022-03-27,6214.9893,6227.0767
6149,2022-03-28,6615.536,6706.202
6150,2022-02-28,6433.4795,6511.946
6151,2022-03-01,6486.3364,6552.6157
6152,2022-03-02,6481.235,6556.565
6153,2022-03-03,6458.0527,6520.5806
6154,2022-03-04,6420.498,6591.069
6155,2022-03-05,6177.5527,6267.2925
6156,2022-03-06,6119.132,6072.3906
6157,2022-03-07,6477.5264,6556.843
6158,2022-03-08,6523.425,6563.279
6159,2022-03-09,6536.8726,6613.21
6160,2022-03-10,6540.5825,6538.1963
6161,2022-03-11,6492.8257,6596.886
6162,2022-03-12,6218.352,6260.308
6163,2022-03-13,6164.107,6143.8823
6164,2022-03-14,6522.9624,6690.907
6165,2022-03-15,6557.2725,6565.485
6166,2022-03-16,6551.71,6543.825
6167,2022-03-17,6535.9443,6593.7437
6168,2022-03-18,6474.2812,6617.016
6169,2022-03-19,6185.8965,6395.61
6170,2022-03-20,6141.3887,6241.7964
6171,2022-03-21,6531.3076,6668.931
6172,2022-03-22,6569.3276,6790.505
6173,2022-03-23,6568.4004,6730.525
6174,2022-03-24,6541.5073,6760.0454
6175,2022-03-25,6480.308,6742.806
6176,2022-03-26,6227.6245,6400.602
6177,2022-03-27,6183.58,6227.0767
6178,2022-03-28,6554.955,6706.202
6179,2022-03-29,6585.554,6677.18
6180,2022-03-01,6575.3667,6552.6157
6181,2022-03-02,6566.555,6556.565
6182,2022-03-03,6525.744,6520.5806
6183,2022-03-04,6504.8745,6591.069
6184,2022-03-05,6225.225,6267.2925
6185,2022-03-06,6121.3394,6072.3906
6186,2022-03-07,6550.3237,6556.843
6187,2022-03-08,6614.3237,6563.279
6188,2022-03-09,6599.483,6613.21
6189,2022-03-10,6596.7017,6538.1963
6190,2022-03-11,6565.1646,6596.886
6191,2022-03-12,6279.9487,6260.308
6192,2022-03-13,6184.412,6143.8823
6193,2022-03-14,6576.2954,6690.907
6194,2022-03-15,6623.1357,6565.485
6195,2022-03-16,6633.3394,6543.825
6196,2022-03-17,6624.9893,6593.7437
6197,2022-03-18,6571.6567,6617.016
6198,2022-03-19,6262.7905,6395.61
6199,2022-03-20,6169.107,6241.7964
6200,2022-03-21,6582.786,6668.931
6201,2022-03-22,6647.716,6790.505
6202,2022-03-23,6664.8765,6730.525
6203,2022-03-24,6638.905,6760.0454
6204,2022-03-25,6559.1367,6742.806
6205,2022-03-26,6255.834,6400.602
6206,2022-03-27,6185.8027,6227.0767
6207,2022-03-28,6595.773,6706.202
6208,2022-03-29,6638.4414,6677.18
6209,2022-03-30,6629.1655,6715.227
6210,2022-03-02,6531.1133,6556.565
6211,2022-03-03,6501.8906,6520.5806
6212,2022-03-04,6482.8745,6591.069
6213,2022-03-05,6193.4463,6267.2925
6214,2022-03-06,6111.35,6072.3906
6215,2022-03-07,6517.198,6556.843
6216,2022-03-08,6559.8667,6563.279
6217,2022-03-09,6565.4336,6613.21
6218,2022-03-10,6550.127,6538.1963
6219,2022-03-11,6497.7163,6596.886
6220,2022-03-12,6220.3477,6260.308
6221,2022-03-13,6138.2505,6143.8823
6222,2022-03-14,6550.5933,6690.907
6223,2022-03-15,6600.685,6565.485
6224,2022-03-16,6584.915,6543.825
6225,2022-03-17,6564.0444,6593.7437
6226,2022-03-18,6525.0796,6617.016
6227,2022-03-19,6221.7383,6395.61
6228,2022-03-20,6139.641,6241.7964
6229,2022-03-21,6541.779,6668.931
6230,2022-03-22,6583.06,6790.505
6231,2022-03-23,6574.7104,6730.525
6232,2022-03-24,6541.7783,6760.0454
6233,2022-03-25,6512.5576,6742.806
6234,2022-03-26,6244.93,6400.602
6235,2022-03-27,6179.5317,6227.0767
6236,2022-03-28,6561.7236,6706.202
6237,2022-03-29,6584.45,6677.18
6238,2022-03-30,6588.1606,6715.227
6239,2022-03-31,6575.6367,6702.1265
6240,2022-03-03,6523.2974,6520.5806
6241,2022-03-04,6505.6704,6591.069
6242,2022-03-05,6212.976,6267.2925
6243,2022-03-06,6084.486,6072.3906
6244,2022-03-07,6497.7876,6556.843
6245,2022-03-08,6549.7393,6563.279
6246,2022-03-09,6537.679,6613.21
6247,2022-03-10,6531.6475,6538.1963
6248,2022-03-11,6501.9624,6596.886
6249,2022-03-12,6212.976,6260.308
6250,2022-03-13,6086.3413,6143.8823
6251,2022-03-14,6512.167,6690.907
6252,2022-03-15,6560.872,6565.485
6253,2022-03-16,6558.5537,6543.825
6254,2022-03-17,6537.215,6593.7437
6255,2022-03-18,6507.527,6617.016
6256,2022-03-19,6199.9883,6395.61
6257,2022-03-20,6103.0386,6241.7964
6258,2022-03-21,6526.5454,6668.931
6259,2022-03-22,6578.0356,6790.505
6260,2022-03-23,6568.7583,6730.525
6261,2022-03-24,6551.132,6760.0454
6262,2022-03-25,6501.962,6742.806
6263,2022-03-26,6221.788,6400.602
6264,2022-03-27,6133.6543,6227.0767
6265,2022-03-28,6534.4316,6706.202
6266,2022-03-29,6600.7637,6677.18
6267,2022-03-30,6581.281,6715.227
6268,2022-03-31,6556.697,6702.1265
6269,2022-04-01,6503.8164,6694.431
6270,2022-03-04,6498.3413,6591.069
6271,2022-03-05,6187.524,6267.2925
6272,2022-03-06,6096.1367,6072.3906
6273,2022-03-07,6518.29,6556.843
6274,2022-03-08,6564.6807,6563.279
6275,2022-03-09,6571.1763,6613.21
6276,2022-03-10,6572.103,6538.1963
6277,2022-03-11,6533.1323,6596.886
6278,2022-03-12,6235.3086,6260.308
6279,2022-03-13,6134.6406,6143.8823
6280,2022-03-14,6547.052,6690.907
6281,2022-03-15,6591.1226,6565.485
6282,2022-03-16,6577.205,6543.825
6283,2022-03-17,6542.877,6593.7437
6284,2022-03-18,6509.9395,6617.016
6285,2022-03-19,6215.824,6395.61
6286,2022-03-20,6129.0723,6241.7964
6287,2022-03-21,6549.371,6668.931
6288,2022-03-22,6580.4517,6790.505
6289,2022-03-23,6578.5967,6730.525
6290,2022-03-24,6560.967,6760.0454
6291,2022-03-25,6530.8125,6742.806
6292,2022-03-26,6226.493,6400.602
6293,2022-03-27,6149.485,6227.0767
6294,2022-03-28,6560.97,6706.202
6295,2022-03-29,6597.6167,6677.18
6296,2022-03-30,6577.207,6715.227
6297,2022-03-31,6582.7715,6702.1265
6298,2022-04-01,6558.185,6694.431
6299,2022-04-02,6249.225,6366.138
6300,2022-03-05,6214.7754,6267.2925
6301,2022-03-06,6100.641,6072.3906
6302,2022-03-07,6538.623,6556.843
6303,2022-03-08,6584.089,6563.279
6304,2022-03-09,6578.52,6613.21
6305,2022-03-10,6553.005,6538.1963
6306,2022-03-11,6519.136,6596.886
6307,2022-03-12,6196.6816,6260.308
6308,2022-03-13,6099.248,6143.8823
6309,2022-03-14,6518.6704,6690.907
6310,2022-03-15,6576.6675,6565.485
6311,2022-03-16,6575.7393,6543.825
6312,2022-03-17,6563.6743,6593.7437
6313,2022-03-18,6530.2695,6617.016
6314,2022-03-19,6218.9526,6395.61
6315,2022-03-20,6128.9424,6241.7964
6316,2022-03-21,6560.4287,6668.931
6317,2022-03-22,6597.543,6790.505
6318,2022-03-23,6598.0093,6730.525
6319,2022-03-24,6588.7314,6760.0454
6320,2022-03-25,6543.725,6742.806
6321,2022-03-26,6233.3345,6400.602
6322,2022-03-27,6159.1006,6227.0767
6323,2022-03-28,6577.1294,6706.202
6324,2022-03-29,6600.3267,6677.18
6325,2022-03-30,6592.4404,6715.227
6326,2022-03-31,6563.2144,6702.1265
6327,2022-04-01,6518.208,6694.431
6328,2022-04-02,6221.736,6366.138
6329,2022-04-03,6178.123,6104.8145
6330,2022-03-06,6096.72,6072.3906
6331,2022-03-07,6527.7593,6556.843
6332,2022-03-08,6566.733,6563.279
6333,2022-03-09,6560.2363,6613.21
6334,2022-03-10,6538.891,6538.1963
6335,2022-03-11,6528.6846,6596.886
6336,2022-03-12,6227.098,6260.308
6337,2022-03-13,6111.5664,6143.8823
6338,2022-03-14,6524.509,6690.907
6339,2022-03-15,7455.72,6565.485
6340,2022-03-16,6582.5073,6543.825
6341,2022-03-17,6569.516,6593.7437
6342,2022-03-18,6518.9434,6617.016
6343,2022-03-19,6218.2817,6395.61
6344,2022-03-20,6113.886,6241.7964
6345,2022-03-21,6529.149,6668.931
6346,2022-03-22,6569.0527,6790.505
6347,2022-03-23,6573.228,6730.525
6348,2022-03-24,6543.5327,6760.0454
6349,2022-03-25,6494.8154,6742.806
6350,2022-03-26,6205.757,6400.602
6351,2022-03-27,6125.95,6227.0767
6352,2022-03-28,6528.686,6706.202
6353,2022-03-29,6575.084,6677.18
6354,2022-03-30,6566.732,6715.227
6355,2022-03-31,6549.1,6702.1265
6356,2022-04-01,6493.8877,6694.431
6357,2022-04-02,6221.0664,6366.138
6358,2022-04-03,6138.013,6104.8145
6359,2022-04-04,6541.6763,6593.1597
6360,2022-03-07,6481.942,6556.843
6361,2022-03-08,6553.4,6563.279
6362,2022-03-09,6546.438,6613.21
6363,2022-03-10,6514.424,6538.1963
6364,2022-03-11,6494.005,6596.886
6365,2022-03-12,6210.949,6260.308
6366,2022-03-13,6086.594,6143.8823
6367,2022-03-14,6522.311,6690.907
6368,2022-03-15,6547.368,6565.485
6369,2022-03-16,6543.6567,6543.825
6370,2022-03-17,6533.909,6593.7437
6371,2022-03-18,6509.3174,6617.016
6372,2022-03-19,6219.3057,6395.61
6373,2022-03-20,6131.138,6241.7964
6374,2022-03-21,6529.2705,6668.931
6375,2022-03-22,6572.8906,6790.505
6376,2022-03-23,6566.393,6730.525
6377,2022-03-24,6521.3843,6760.0454
6378,2022-03-25,6469.877,6742.806
6379,2022-03-26,6189.6064,6400.602
6380,2022-03-27,6104.228,6227.0767
6381,2022-03-28,6511.174,6706.202
6382,2022-03-29,6581.241,6677.18
6383,2022-03-30,6586.81,6715.227
6384,2022-03-31,6566.857,6702.1265
6385,2022-04-01,6515.3525,6694.431
6386,2022-04-02,6213.2725,6366.138
6387,2022-04-03,6160.3726,6104.8145
6388,2022-04-04,6576.1387,6593.1597
6389,2022-04-05,6624.8613,6695.3447
6390,2022-03-08,6591.083,6563.279
6391,2022-03-09,6572.9824,6613.21
6392,2022-03-10,6518.2104,6538.1963
6393,2022-03-11,6490.36,6596.886
6394,2022-03-12,6184.9463,6260.308
6395,2022-03-13,6102.788,6143.8823
6396,2022-03-14,6541.4194,6690.907
6397,2022-03-15,6587.835,6565.485
6398,2022-03-16,6566.9473,6543.825
6399,2022-03-17,6522.8535,6593.7437
6400,2022-03-18,6496.397,6617.016
6401,2022-03-19,6210.937,6395.61
6402,2022-03-20,6127.853,6241.7964
6403,2022-03-21,6551.166,6668.931
6404,2022-03-22,6591.5474,6790.505
6405,2022-03-23,6587.372,6730.525
6406,2022-03-24,6563.7007,6760.0454
6407,2022-03-25,6502.43,6742.806
6408,2022-03-26,6232.754,6400.602
6409,2022-03-27,6177.9824,6227.0767
6410,2022-03-28,6554.8794,6706.202
6411,2022-03-29,6609.652,6677.18
6412,2022-03-30,6614.2925,6715.227
6413,2022-03-31,6604.545,6702.1265
6414,2022-04-01,6543.275,6694.431
6415,2022-04-02,6246.214,6366.138
6416,2022-04-03,6190.978,6104.8145
6417,2022-04-04,6572.0527,6593.1597
6418,2022-04-05,6640.2856,6695.3447
6419,2022-04-06,6626.362,6688.9204
6420,2022-03-09,6568.1157,6613.21
6421,2022-03-10,6545.835,6538.1963
6422,2022-03-11,6514.2695,6596.886
6423,2022-03-12,6219.963,6260.308
6424,2022-03-13,6102.978,6143.8823
6425,2022-03-14,6512.4126,6690.907
6426,2022-03-15,6558.37,6565.485
6427,2022-03-16,6571.3677,6543.825
6428,2022-03-17,6567.19,6593.7437
6429,2022-03-18,6553.2637,6617.016
6430,2022-03-19,6239.924,6395.61
6431,2022-03-20,6134.0825,6241.7964
6432,2022-03-21,6550.016,6668.931
6433,2022-03-22,6597.3623,6790.505
6434,2022-03-23,6602.9326,6730.525
6435,2022-03-24,6577.4033,6760.0454
6436,2022-03-25,6538.408,6742.806
6437,2022-03-26,6241.3154,6400.602
6438,2022-03-27,6154.9736,6227.0767
6439,2022-03-28,6548.1577,6706.202
6440,2022-03-29,6605.254,6677.18
6441,2022-03-30,6609.895,6715.227
6442,2022-03-31,6576.0107,6702.1265
6443,2022-04-01,6524.947,6694.431
6444,2022-04-02,6242.708,6366.138
6445,2022-04-03,6163.792,6104.8145
6446,2022-04-04,6565.7974,6593.1597
6447,2022-04-05,6617.326,6695.3447
6448,2022-04-06,6629.8613,6688.9204
6449,2022-04-07,6612.22,6532.8022
6450,2022-03-10,6560.976,6538.1963
6451,2022-03-11,6551.2275,6596.886
6452,2022-03-12,6272.207,6260.308
6453,2022-03-13,6120.8545,6143.8823
6454,2022-03-14,6532.1914,6690.907
6455,2022-03-15,6567.94,6565.485
6456,2022-03-16,6569.799,6543.825
6457,2022-03-17,6544.726,6593.7437
6458,2022-03-18,6525.228,6617.016
6459,2022-03-19,6245.7407,6395.61
6460,2022-03-20,6133.39,6241.7964
6461,2022-03-21,6521.05,6668.931
6462,2022-03-22,6584.188,6790.505
6463,2022-03-23,6571.6523,6730.525
6464,2022-03-24,6547.9756,6760.0454
6465,2022-03-25,6536.8364,6742.806
6466,2022-03-26,6252.706,6400.602
6467,2022-03-27,6132.927,6227.0767
6468,2022-03-28,6515.48,6706.202
6469,2022-03-29,6574.4424,6677.18
6470,2022-03-30,6583.726,6715.227
6471,2022-03-31,6582.333,6702.1265
6472,2022-04-01,6548.442,6694.431
6473,2022-04-02,6274.99,6366.138
6474,2022-04-03,6164.9595,6104.8145
6475,2022-04-04,6555.4062,6593.1597
6476,2022-04-05,6641.294,6695.3447
6477,2022-04-06,6643.1523,6688.9204
6478,2022-04-07,6632.0093,6532.8022
6479,2022-04-08,6604.616,6607.057
6480,2022-03-11,6522.437,6596.886
6481,2022-03-12,6227.145,6260.308
6482,2022-03-13,6092.964,6143.8823
6483,2022-03-14,6527.08,6690.907
6484,2022-03-15,6569.7974,6565.485
6485,2022-03-16,6595.334,6543.825
6486,2022-03-17,6571.19,6593.7437
6487,2022-03-18,6551.225,6617.016
6488,2022-03-19,6228.5386,6395.61
6489,2022-03-20,6133.823,6241.7964
6490,2022-03-21,6551.225,6668.931
6491,2022-03-22,6592.547,6790.505
6492,2022-03-23,6584.6543,6730.525
6493,2022-03-24,6550.7617,6760.0454
6494,2022-03-25,6529.405,6742.806
6495,2022-03-26,6216.933,6400.602
6496,2022-03-27,6101.3223,6227.0767
6497,2022-03-28,6517.3325,6706.202
6498,2022-03-29,6570.725,6677.18
6499,2022-03-30,6572.1167,6715.227
6500,2022-03-31,6548.44,6702.1265
6501,2022-04-01,6493.654,6694.431
6502,2022-04-02,6205.323,6366.138
6503,2022-04-03,6141.2505,6104.8145
6504,2022-04-04,6556.7974,6593.1597
6505,2022-04-05,6615.7607,6695.3447
6506,2022-04-06,6605.085,6688.9204
6507,2022-04-07,6580.0107,6532.8022
6508,2022-04-08,6541.9375,6607.057
6509,2022-04-09,6255.005,6185.182
6510,2022-03-12,6257.0566,6260.308
6511,2022-03-13,6116.3613,6143.8823
6512,2022-03-14,6539.8423,6690.907
6513,2022-03-15,6583.9517,6565.485
6514,2022-03-16,6584.417,6543.825
6515,2022-03-17,6572.808,6593.7437
6516,2022-03-18,6557.948,6617.016
6517,2022-03-19,6232.446,6395.61
6518,2022-03-20,6126.576,6241.7964
6519,2022-03-21,6523.1245,6668.931
6520,2022-03-22,6570.023,6790.505
6521,2022-03-23,6570.4873,6730.525
6522,2022-03-24,6539.3755,6760.0454
6523,2022-03-25,6490.6206,6742.806
6524,2022-03-26,6201.3354,6400.602
6525,2022-03-27,6120.5405,6227.0767
6526,2022-03-28,6518.4805,6706.202
6527,2022-03-29,6574.201,6677.18
6528,2022-03-30,6571.8813,6715.227
6529,2022-03-31,6538.448,6702.1265
6530,2022-04-01,6537.5195,6694.431
6531,2022-04-02,6233.841,6366.138
6532,2022-04-03,6146.0796,6104.8145
6533,2022-04-04,6543.09,6593.1597
6534,2022-04-05,6597.881,6695.3447
6535,2022-04-06,6581.1655,6688.9204
6536,2022-04-07,6572.8066,6532.8022
6537,2022-04-08,6533.803,6607.057
6538,2022-04-09,6243.127,6185.182
6539,2022-04-10,6181.37,6071.3223
6540,2022-03-13,6079.6025,6143.8823
6541,2022-03-14,6521.652,6690.907
6542,2022-03-15,6571.339,6565.485
6543,2022-03-16,6569.4805,6543.825
6544,2022-03-17,6556.9424,6593.7437
6545,2022-03-18,6532.333,6617.016
6546,2022-03-19,6230.05,6395.61
6547,2022-03-20,6107.4663,6241.7964
6548,2022-03-21,6552.7637,6668.931
6549,2022-03-22,6586.198,6790.505
6550,2022-03-23,6605.2363,6730.525
6551,2022-03-24,6575.983,6760.0454
6552,2022-03-25,6550.4443,6742.806
6553,2022-03-26,6238.41,6400.602
6554,2022-03-27,6122.325,6227.0767
6555,2022-03-28,6556.944,6706.202
6556,2022-03-29,6604.772,6677.18
6557,2022-03-30,6614.9873,6715.227
6558,2022-03-31,6590.378,6702.1265
6559,2022-04-01,6559.7314,6694.431
6560,2022-04-02,6256.052,6366.138
6561,2022-04-03,6150.1846,6104.8145
6562,2022-04-04,6581.5537,6593.1597
6563,2022-04-05,6628.917,6695.3447
6564,2022-04-06,6636.812,6688.9204
6565,2022-04-07,6614.523,6532.8022
6566,2022-04-08,6588.5186,6607.057
6567,2022-04-09,6278.3423,6185.182
6568,2022-04-10,6182.688,6071.3223
6569,2022-04-11,6607.5576,6548.464
6570,2022-03-14,6508.326,6690.907
6571,2022-03-15,6551.047,6565.485
6572,2022-03-16,6548.2607,6543.825
6573,2022-03-17,6538.0444,6593.7437
6574,2022-03-18,6527.826,6617.016
6575,2022-03-19,6218.11,6395.61
6576,2022-03-20,6110.382,6241.7964
6577,2022-03-21,6542.6875,6668.931
6578,2022-03-22,6577.9775,6790.505
6579,2022-03-23,6572.869,6730.525
6580,2022-03-24,6549.6523,6760.0454
6581,2022-03-25,6530.1504,6742.806
6582,2022-03-26,6206.966,6400.602
6583,2022-03-27,6129.8833,6227.0767
6584,2022-03-28,6546.4033,6706.202
6585,2022-03-29,6585.406,6677.18
6586,2022-03-30,6562.6533,6715.227
6587,2022-03-31,6568.6914,6702.1265
6588,2022-04-01,6554.2954,6694.431
6589,2022-04-02,6245.971,6366.138
6590,2022-04-03,6151.7075,6104.8145
6591,2022-04-04,6586.7993,6593.1597
6592,2022-04-05,6632.3057,6695.3447
6593,2022-04-06,6627.197,6688.9204
6594,2022-04-07,6599.8027,6532.8022
6595,2022-04-08,6581.2295,6607.057
6596,2022-04-09,6279.404,6185.182
6597,2022-04-10,6212.536,6071.3223
6598,2022-04-11,6627.198,6548.464
6599,2022-04-12,6684.7773,6651.454
6600,2022-03-15,6645.7124,6565.485
6601,2022-03-16,6657.7876,6543.825
6602,2022-03-17,6624.8105,6593.7437
6603,2022-03-18,6586.7236,6617.016
6604,2022-03-19,6254.16,6395.61
6605,2022-03-20,6153.368,6241.7964
6606,2022-03-21,6545.3877,6668.931
6607,2022-03-22,6590.9043,6790.505
6608,2022-03-23,6591.37,6730.525
6609,2022-03-24,6575.5767,6760.0454
6610,2022-03-25,6529.594,6742.806
6611,2022-03-26,6239.297,6400.602
6612,2022-03-27,6153.831,6227.0767
6613,2022-03-28,6563.5005,6706.202
6614,2022-03-29,6594.62,6677.18
6615,2022-03-30,6585.3306,6715.227
6616,2022-03-31,6567.2163,6702.1265
6617,2022-04-01,6540.7417,6694.431
6618,2022-04-02,6259.7344,6366.138
6619,2022-04-03,6189.598,6104.8145
6620,2022-04-04,6589.9775,6593.1597
6621,2022-04-05,6635.495,6695.3447
6622,2022-04-06,6637.8164,6688.9204
6623,2022-04-07,6630.8496,6532.8022
6624,2022-04-08,6564.431,6607.057
6625,2022-04-09,6279.708,6185.182
6626,2022-04-10,6239.2964,6071.3223
6627,2022-04-11,6655.0015,6548.464
6628,2022-04-12,6699.5913,6651.454
6629,2022-04-13,6694.018,6708.0503
6630,2022-03-16,6573.2925,6543.825
6631,2022-03-17,6570.04,6593.7437
6632,2022-03-18,6556.571,6617.016
6633,2022-03-19,6243.4873,6395.61
6634,2022-03-20,6137.578,6241.7964
6635,2022-03-21,6570.9688,6668.931
6636,2022-03-22,6591.4067,6790.505
6637,2022-03-23,6567.717,6730.525
6638,2022-03-24,6540.7744,6760.0454
6639,2022-03-25,6514.2993,6742.806
6640,2022-03-26,6201.6816,6400.602
6641,2022-03-27,6121.319,6227.0767
6642,2022-03-28,6546.3496,6706.202
6643,2022-03-29,6568.1807,6677.18
6644,2022-03-30,6571.4316,6715.227
6645,2022-03-31,6534.2705,6702.1265
6646,2022-04-01,6502.6836,6694.431
6647,2022-04-02,6209.5796,6366.138
6648,2022-04-03,6138.973,6104.8145
6649,2022-04-04,6558.4243,6593.1597
6650,2022-04-05,6588.618,6695.3447
6651,2022-04-06,6599.768,6688.9204
6652,2022-04-07,6555.1743,6532.8022
6653,2022-04-08,6533.806,6607.057
6654,2022-04-09,6256.959,6185.182
6655,2022-04-10,6169.632,6071.3223
6656,2022-04-11,6595.122,6548.464
6657,2022-04-12,6633.678,6651.454
6658,2022-04-13,6622.064,6708.0503
6659,2022-04-14,6597.446,6742.73
6660,2022-03-17,6550.9517,6593.7437
6661,2022-03-18,6521.219,6617.016
6662,2022-03-19,6215.5483,6395.61
6663,2022-03-20,6084.55,6241.7964
6664,2022-03-21,6523.0776,6668.931
6665,2022-03-22,6552.8096,6790.505
6666,2022-03-23,6551.4136,6730.525
6667,2022-03-24,6531.9043,6760.0454
6668,2022-03-25,6491.0225,6742.806
6669,2022-03-26,6187.6763,6400.602
6670,2022-03-27,6084.5493,6227.0767
6671,2022-03-28,6517.0386,6706.202
6672,2022-03-29,6545.375,6677.18
6673,2022-03-30,6540.728,6715.227
6674,2022-03-31,6496.1333,6702.1265
6675,2022-04-01,6480.8027,6694.431
6676,2022-04-02,6193.7144,6366.138
6677,2022-04-03,6123.1064,6104.8145
6678,2022-04-04,6518.4316,6593.1597
6679,2022-04-05,6539.3345,6695.3447
6680,2022-04-06,6541.66,6688.9204
6681,2022-04-07,6519.823,6532.8022
6682,2022-04-08,6464.08,6607.057
6683,2022-04-09,6178.8486,6185.182
6684,2022-04-10,6123.1055,6071.3223
6685,2022-04-11,6544.9106,6548.464
6686,2022-04-12,6581.61,6651.454
6687,2022-04-13,6583.0005,6708.0503
6688,2022-04-14,6557.4526,6742.73
6689,2022-04-15,6512.3945,6299.3975
6690,2022-03-18,6565.8394,6617.016
6691,2022-03-19,6225.7715,6395.61
6692,2022-03-20,6096.1567,6241.7964
6693,2022-03-21,6542.145,6668.931
6694,2022-03-22,6563.516,6790.505
6695,2022-03-23,6571.878,6730.525
6696,2022-03-24,6544.003,6760.0454
6697,2022-03-25,6524.0244,6742.806
6698,2022-03-26,6223.448,6400.602
6699,2022-03-27,6101.268,6227.0767
6700,2022-03-28,6534.7114,6706.202
6701,2022-03-29,6542.6094,6677.18
6702,2022-03-30,6524.4927,6715.227
6703,2022-03-31,6521.2393,6702.1265
6704,2022-04-01,6508.697,6694.431
6705,2022-04-02,6192.322,6366.138
6706,2022-04-03,6104.9824,6104.8145
6707,2022-04-04,6551.902,6593.1597
6708,2022-04-05,6566.7686,6695.3447
6709,2022-04-06,6556.5474,6688.9204
6710,2022-04-07,6555.6187,6532.8022
6711,2022-04-08,6509.627,6607.057
6712,2022-04-09,6218.8027,6185.182
6713,2022-04-10,6152.8345,6071.3223
6714,2022-04-11,6578.845,6548.464
6715,2022-04-12,6607.6494,6651.454
6716,2022-04-13,6612.761,6708.0503
6717,2022-04-14,6557.9414,6742.73
6718,2022-04-15,6504.0527,6299.3975
6719,2022-04-16,6225.7715,6364.963
6720,2022-03-19,6226.953,6395.61
6721,2022-03-20,6112.1895,6241.7964
6722,2022-03-21,6548.475,6668.931
6723,2022-03-22,6576.352,6790.505
6724,2022-03-23,6567.989,6730.525
6725,2022-03-24,6548.476,6760.0454
6726,2022-03-25,6517.8086,6742.806
6727,2022-03-26,6191.641,6400.602
6728,2022-03-27,6095.4624,6227.0767
6729,2022-03-28,6518.2744,6706.202
6730,2022-03-29,6554.98,6677.18
6731,2022-03-30,6536.86,6715.227
6732,2022-03-31,6531.7476,6702.1265
6733,2022-04-01,6491.7905,6694.431
6734,2022-04-02,6170.2705,6366.138
6735,2022-04-03,6113.1206,6104.8145
6736,2022-04-04,6545.223,6593.1597
6737,2022-04-05,6567.99,6695.3447
6738,2022-04-06,6548.01,6688.9204
6739,2022-04-07,6549.8677,6532.8022
6740,2022-04-08,6510.3774,6607.057
6741,2022-04-09,6209.2983,6185.182
6742,2022-04-10,6139.139,6071.3223
6743,2022-04-11,6547.0806,6548.464
6744,2022-04-12,6581.9277,6651.454
6745,2022-04-13,6573.5645,6708.0503
6746,2022-04-14,6563.808,6742.73
6747,2022-04-15,6526.638,6299.3975
6748,2022-04-16,6222.308,6364.963
6749,2022-04-17,6147.9663,6295.551
6750,2022-03-20,6151.8223,6241.7964
6751,2022-03-21,6562.5625,6668.931
6752,2022-03-22,6595.5527,6790.505
6753,2022-03-23,6576.502,6730.525
6754,2022-03-24,6537.936,6760.0454
6755,2022-03-25,6528.643,6742.806
6756,2022-03-26,6230.344,6400.602
6757,2022-03-27,6116.0444,6227.0767
6758,2022-03-28,6539.331,6706.202
6759,2022-03-29,6560.2383,6677.18
6760,2022-03-30,6549.552,6715.227
6761,2022-03-31,6533.29,6702.1265
6762,2022-04-01,6511.4526,6694.431
6763,2022-04-02,6205.7188,6366.138
6764,2022-04-03,6113.2563,6104.8145
6765,2022-04-04,6563.49,6593.1597
6766,2022-04-05,6601.1274,6695.3447
6767,2022-04-06,6605.7725,6688.9204
6768,2022-04-07,6592.761,6532.8022
6769,2022-04-08,6578.8237,6607.057
6770,2022-04-09,6280.061,6185.182
6771,2022-04-10,6175.053,6071.3223
6772,2022-04-11,6609.9556,6548.464
6773,2022-04-12,6646.197,6651.454
6774,2022-04-13,6623.428,6708.0503
6775,2022-04-14,6618.7837,6742.73
6776,2022-04-15,6591.8354,6299.3975
6777,2022-04-16,6294.0,6364.963
6778,2022-04-17,6198.7476,6295.551
6779,2022-04-18,6613.674,6658.3315
6780,2022-03-21,6537.189,6668.931
6781,2022-03-22,6572.969,6790.505
6782,2022-03-23,6587.8394,6730.525
6783,2022-03-24,6552.524,6760.0454
6784,2022-03-25,6518.1367,6742.806
6785,2022-03-26,6227.2456,6400.602
6786,2022-03-27,6129.663,6227.0767
6787,2022-03-28,6547.878,6706.202
6788,2022-03-29,6588.305,6677.18
6789,2022-03-30,6584.589,6715.227
6790,2022-03-31,6570.181,6702.1265
6791,2022-04-01,6531.1494,6694.431
6792,2022-04-02,6258.845,6366.138
6793,2022-04-03,6172.879,6104.8145
6794,2022-04-04,6560.8887,6593.1597
6795,2022-04-05,6594.81,6695.3447
6796,2022-04-06,6575.294,6688.9204
6797,2022-04-07,6577.1523,6532.8022
6798,2022-04-08,6530.6836,6607.057
6799,2022-04-09,6274.6445,6185.182
6800,2022-04-10,6197.5063,6071.3223
6801,2022-04-11,6585.9814,6548.464
6802,2022-04-12,6639.4204,6651.454
6803,2022-04-13,6641.744,6708.0503
6804,2022-04-14,6604.1035,6742.73
6805,2022-04-15,6573.4355,6299.3975
6806,2022-04-16,6310.8867,6364.963
6807,2022-04-17,6256.0576,6295.551
6808,2022-04-18,6634.3096,6658.3315
6809,2022-04-19,6683.5674,6654.384
6810,2022-03-22,6610.2373,6790.505
6811,2022-03-23,6607.9106,6730.525
6812,2022-03-24,6600.0083,6760.0454
6813,2022-03-25,6560.966,6742.806
6814,2022-03-26,6246.7427,6400.602
6815,2022-03-27,6110.5513,6227.0767
6816,2022-03-28,6549.8096,6706.202
6817,2022-03-29,6588.3877,6677.18
6818,2022-03-30,6576.3013,6715.227
6819,2022-03-31,6530.2856,6702.1265
6820,2022-04-01,6510.7637,6694.431
6821,2022-04-02,6233.265,6366.138
6822,2022-04-03,6146.8076,6104.8145
6823,2022-04-04,6560.5,6593.1597
6824,2022-04-05,6595.825,6695.3447
6825,2022-04-06,6586.9927,6688.9204
6826,2022-04-07,6583.74,6532.8022
6827,2022-04-08,6548.8794,6607.057
6828,2022-04-09,6256.0386,6185.182
6829,2022-04-10,6174.6963,6071.3223
6830,2022-04-11,6588.8545,6548.464
6831,2022-04-12,6636.73,6651.454
6832,2022-04-13,6644.1655,6708.0503
6833,2022-04-14,6609.3057,6742.73
6834,2022-04-15,6531.2163,6299.3975
6835,2022-04-16,6260.225,6364.963
6836,2022-04-17,6213.2773,6295.551
6837,2022-04-18,6606.515,6658.3315
6838,2022-04-19,6664.6167,6654.384
6839,2022-04-20,6660.435,6655.99
6840,2022-03-23,6739.7573,6730.525
6841,2022-03-24,6701.1704,6760.0454
6842,2022-03-25,6673.7393,6742.806
6843,2022-03-26,6345.516,6400.602
6844,2022-03-27,6186.0537,6227.0767
6845,2022-03-28,6615.6274,6706.202
6846,2022-03-29,6665.372,6677.18
6847,2022-03-30,6652.819,6715.227
6848,2022-03-31,6631.4336,6702.1265
6849,2022-04-01,6627.2495,6694.431
6850,2022-04-02,6274.851,6366.138
6851,2022-04-03,6146.0713,6104.8145
6852,2022-04-04,6596.103,6593.1597
6853,2022-04-05,6663.978,6695.3447
6854,2022-04-06,6640.266,6688.9204
6855,2022-04-07,6619.811,6532.8022
6856,2022-04-08,6604.9336,6607.057
6857,2022-04-09,6294.377,6185.182
6858,2022-04-10,6186.517,6071.3223
6859,2022-04-11,6605.4004,6548.464
6860,2022-04-12,6674.6704,6651.454
6861,2022-04-13,6653.7495,6708.0503
6862,2022-04-14,6610.0483,6742.73
6863,2022-04-15,6607.7246,6299.3975
6864,2022-04-16,6308.3237,6364.963
6865,2022-04-17,6189.306,6295.551
6866,2022-04-18,6631.9014,6658.3315
6867,2022-04-19,6708.1445,6654.384
6868,2022-04-20,6716.978,6655.99
6869,2022-04-21,6680.715,6500.921
6870,2022-03-24,6700.6074,6760.0454
6871,2022-03-25,6661.5513,6742.806
6872,2022-03-26,6347.2285,6400.602
6873,2022-03-27,6191.0044,6227.0767
6874,2022-03-28,6605.288,6706.202
6875,2022-03-29,6642.0205,6677.18
6876,2022-03-30,6645.74,6715.227
6877,2022-03-31,6630.397,6702.1265
6878,2022-04-01,6595.0576,6694.431
6879,2022-04-02,6291.8994,6366.138
6880,2022-04-03,7066.065,6104.8145
6881,2022-04-04,7503.5986,6593.1597
6882,2022-04-05,7545.4473,6695.3447
6883,2022-04-06,7532.893,6688.9204
6884,2022-04-07,7522.663,6532.8022
6885,2022-04-08,7497.09,6607.057
6886,2022-04-09,7203.694,6185.182
6887,2022-04-10,7110.24,6071.3223
6888,2022-04-11,7511.505,6548.464
6889,2022-04-12,7583.112,6651.454
6890,2022-04-13,7591.016,6708.0503
6891,2022-04-14,7547.7725,6742.73
6892,2022-04-15,7490.5806,6299.3975
6893,2022-04-16,7219.9673,6364.963
6894,2022-04-17,7135.344,6295.551
6895,2022-04-18,7548.237,6658.3315
6896,2022-04-19,7621.7046,6654.384
6897,2022-04-20,7604.0337,6655.99
6898,2022-04-21,7578.46,6500.921
6899,2022-04-22,7530.567,6644.343
6900,2022-03-25,6660.6255,6742.806
6901,2022-03-26,6339.7505,6400.602
6902,2022-03-27,6178.384,6227.0767
6903,2022-03-28,6593.1943,6706.202
6904,2022-03-29,6648.998,6677.18
6905,2022-03-30,6654.1123,6715.227
6906,2022-03-31,6622.956,6702.1265
6907,2022-04-01,6592.263,6694.431
6908,2022-04-02,6293.246,6366.138
6909,2022-04-03,6195.123,6104.8145
6910,2022-04-04,6584.3594,6593.1597
6911,2022-04-05,6644.814,6695.3447
6912,2022-04-06,6643.418,6688.9204
6913,2022-04-07,6594.1245,6532.8022
6914,2022-04-08,6561.5713,6607.057
6915,2022-04-09,6276.5044,6185.182
6916,2022-04-10,6197.9155,6071.3223
6917,2022-04-11,6569.9424,6548.464
6918,2022-04-12,6639.232,6651.454
6919,2022-04-13,6633.186,6708.0503
6920,2022-04-14,6611.33,6742.73
6921,2022-04-15,6566.221,6299.3975
6922,2022-04-16,6270.927,6364.963
6923,2022-04-17,6201.636,6295.551
6924,2022-04-18,6584.359,6658.3315
6925,2022-04-19,6653.649,6654.384
6926,2022-04-20,6647.6025,6655.99
6927,2022-04-21,6633.1855,6500.921
6928,2022-04-22,7485.5854,6644.343
6929,2022-04-23,7214.935,6375.6694
6930,2022-03-26,6397.3467,6400.602
6931,2022-03-27,6208.984,6227.0767
6932,2022-03-28,6602.915,6706.202
6933,2022-03-29,6640.125,6677.18
6934,2022-03-30,6647.102,6715.227
6935,2022-03-31,6625.241,6702.1265
6936,2022-04-01,6601.5225,6694.431
6937,2022-04-02,6301.538,6366.138
6938,2022-04-03,6163.8706,6104.8145
6939,2022-04-04,6590.358,6593.1597
6940,2022-04-05,6661.984,6695.3447
6941,2022-04-06,6642.4487,6688.9204
6942,2022-04-07,6605.2456,6532.8022
6943,2022-04-08,6570.828,6607.057
6944,2022-04-09,6275.959,6185.182
6945,2022-04-10,6171.311,6071.3223
6946,2022-04-11,6591.757,6548.464
6947,2022-04-12,6660.125,6651.454
6948,2022-04-13,6663.844,6708.0503
6949,2022-04-14,6642.448,6742.73
6950,2022-04-15,6615.4756,6299.3975
6951,2022-04-16,6308.049,6364.963
6952,2022-04-17,6203.87,6295.551
6953,2022-04-18,6644.775,6658.3315
6954,2022-04-19,6706.168,6654.384
6955,2022-04-20,6707.098,6655.99
6956,2022-04-21,6676.4033,6500.921
6957,2022-04-22,6621.0566,6644.343
6958,2022-04-23,6316.4214,6375.6694
6959,2022-04-24,6226.194,6222.334
6960,2022-03-27,6203.1377,6227.0767
6961,2022-03-28,6623.131,6706.202
6962,2022-03-29,6668.7104,6677.18
6963,2022-03-30,6649.643,6715.227
6964,2022-03-31,6620.804,6702.1265
6965,2022-04-01,6596.62,6694.431
6966,2022-04-02,6272.905,6366.138
6967,2022-04-03,6167.79,6104.8145
6968,2022-04-04,6602.2,6593.1597
6969,2022-04-05,6658.4795,6695.3447
6970,2022-04-06,6644.5254,6688.9204
6971,2022-04-07,6620.804,6532.8022
6972,2022-04-08,6599.41,6607.057
6973,2022-04-09,6303.1357,6185.182
6974,2022-04-10,6191.51,6071.3223
6975,2022-04-11,6628.246,6548.464
6976,2022-04-12,6694.2944,6651.454
6977,2022-04-13,6678.4785,6708.0503
6978,2022-04-14,6649.1777,6742.73
6979,2022-04-15,6628.713,6299.3975
6980,2022-04-16,6313.3677,6364.963
6981,2022-04-17,6220.8105,6295.551
6982,2022-04-18,6648.245,6658.3315
6983,2022-04-19,6695.221,6654.384
6984,2022-04-20,6686.385,6655.99
6985,2022-04-21,6671.502,6500.921
6986,2022-04-22,6640.8037,6644.343
6987,2022-04-23,6336.1587,6375.6694
6988,2022-04-24,6244.067,6222.334
6989,2022-04-25,6651.035,6761.1636
6990,2022-03-28,6600.4507,6706.202
6991,2022-03-29,6645.105,6677.18
6992,2022-03-30,6641.3843,6715.227
6993,2022-03-31,6637.197,6702.1265
6994,2022-04-01,6603.241,6694.431
6995,2022-04-02,6286.013,6366.138
6996,2022-04-03,6187.8677,6104.8145
6997,2022-04-04,6609.755,6593.1597
6998,2022-04-05,6639.524,6695.3447
6999,2022-04-06,6653.015,6688.9204
7000,2022-04-07,6637.1973,6532.8022
7001,2022-04-08,6590.6846,6607.057
7002,2022-04-09,6307.408,6185.182
7003,2022-04-10,6218.5674,6071.3223
7004,2022-04-11,6627.43,6548.464
7005,2022-04-12,6673.9463,6651.454
7006,2022-04-13,6666.038,6708.0503
7007,2022-04-14,6656.2686,6742.73
7008,2022-04-15,6605.102,6299.3975
7009,2022-04-16,6320.898,6364.963
7010,2022-04-17,6229.265,6295.551
7011,2022-04-18,6603.2437,6658.3315
7012,2022-04-19,6683.247,6654.384
7013,2022-04-20,6679.99,6655.99
7014,2022-04-21,6676.735,6500.921
7015,2022-04-22,6631.1523,6644.343
7016,2022-04-23,6349.272,6375.6694
7017,2022-04-24,6272.0576,6222.334
7018,2022-04-25,6626.966,6761.1636
7019,2022-04-26,6687.433,6758.191
7020,2022-03-29,6717.402,6677.18
7021,2022-03-30,6700.185,6715.227
7022,2022-03-31,6654.121,6702.1265
7023,2022-04-01,6608.5225,6694.431
7024,2022-04-02,6271.6514,6366.138
7025,2022-04-03,6182.3174,6104.8145
7026,2022-04-04,6641.556,6593.1597
7027,2022-04-05,6672.734,6695.3447
7028,2022-04-06,6675.991,6688.9204
7029,2022-04-07,6653.656,6532.8022
7030,2022-04-08,6604.335,6607.057
7031,2022-04-09,6280.958,6185.182
7032,2022-04-10,6198.1367,6071.3223
7033,2022-04-11,6625.2725,6548.464
7034,2022-04-12,6676.4536,6651.454
7035,2022-04-13,6665.754,6708.0503
7036,2022-04-14,6651.328,6742.73
7037,2022-04-15,6609.917,6299.3975
7038,2022-04-16,6305.6187,6364.963
7039,2022-04-17,6196.2754,6295.551
7040,2022-04-18,6630.8564,6658.3315
7041,2022-04-19,6677.8486,6654.384
7042,2022-04-20,6678.315,6655.99
7043,2022-04-21,6671.3364,6500.921
7044,2022-04-22,6633.1816,6644.343
7045,2022-04-23,6320.5063,6375.6694
7046,2022-04-24,6234.429,6222.334
7047,2022-04-25,6661.5625,6761.1636
7048,2022-04-26,6705.767,6758.191
7049,2022-04-27,6697.858,6753.6226
7050,2022-03-30,6652.2637,6715.227
7051,2022-03-31,6618.76,6702.1265
7052,2022-04-01,6574.551,6694.431
7053,2022-04-02,6256.247,6366.138
7054,2022-04-03,6136.6494,6104.8145
7055,2022-04-04,6574.085,6593.1597
7056,2022-04-05,6615.5005,6695.3447
7057,2022-04-06,6622.947,6688.9204
7058,2022-04-07,6612.7095,6532.8022
7059,2022-04-08,6581.5293,6607.057
7060,2022-04-09,6263.227,6185.182
7061,2022-04-10,6170.621,6071.3223
7062,2022-04-11,6617.3623,6548.464
7063,2022-04-12,6657.8486,6651.454
7064,2022-04-13,6633.649,6708.0503
7065,2022-04-14,6640.63,6742.73
7066,2022-04-15,6625.7407,6299.3975
7067,2022-04-16,6317.6733,6364.963
7068,2022-04-17,6214.8306,6295.551
7069,2022-04-18,6636.442,6658.3315
7070,2022-04-19,6671.344,6654.384
7071,2022-04-20,6663.433,6655.99
7072,2022-04-21,6662.5024,6500.921
7073,2022-04-22,6620.156,6644.343
7074,2022-04-23,6293.9404,6375.6694
7075,2022-04-24,6205.9893,6222.334
7076,2022-04-25,6639.7,6761.1636
7077,2022-04-26,6682.5137,6758.191
7078,2022-04-27,6682.0474,6753.6226
7079,2022-04-28,6662.5005,6734.1855
7080,2022-03-31,6683.989,6702.1265
7081,2022-04-01,6611.8467,6694.431
7082,2022-04-02,6300.0107,6366.138
7083,2022-04-03,6184.1187,6104.8145
7084,2022-04-04,6629.537,6593.1597
7085,2022-04-05,6676.5425,6695.3447
7086,2022-04-06,6645.3594,6688.9204
7087,2022-04-07,6634.6543,6532.8022
7088,2022-04-08,6607.1943,6607.057
7089,2022-04-09,6293.031,6185.182
7090,2022-04-10,6200.8745,6071.3223
7091,2022-04-11,6648.1504,6548.464
7092,2022-04-12,6669.095,6651.454
7093,2022-04-13,6668.629,6708.0503
7094,2022-04-14,6656.994,6742.73
7095,2022-04-15,6626.7407,6299.3975
7096,2022-04-16,6303.7363,6364.963
7097,2022-04-17,6199.01,6295.551
7098,2022-04-18,6651.411,6658.3315
7099,2022-04-19,6682.128,6654.384
7100,2022-04-20,6683.524,6655.99
7101,2022-04-21,6660.7173,6500.921
7102,2022-04-22,6613.243,6644.343
7103,2022-04-23,6312.112,6375.6694
7104,2022-04-24,6228.8013,6222.334
7105,2022-04-25,6669.0967,6761.1636
7106,2022-04-26,6719.8296,6758.191
7107,2022-04-27,6718.8955,6753.6226
7108,2022-04-28,6724.9473,6734.1855
7109,2022-04-29,6681.197,6743.184
7110,2022-04-01,6645.2593,6694.431
7111,2022-04-02,6308.694,6366.138
7112,2022-04-03,6170.4355,6104.8145
7113,2022-04-04,6625.241,6593.1597
7114,2022-04-05,6654.5693,6695.3447
7115,2022-04-06,6661.0874,6688.9204
7116,2022-04-07,6641.0713,6532.8022
7117,2022-04-08,6622.9136,6607.057
7118,2022-04-09,6299.384,6185.182
7119,2022-04-10,6192.7793,6071.3223
7120,2022-04-11,6648.982,6548.464
7121,2022-04-12,6670.8623,6651.454
7122,2022-04-13,6658.2954,6708.0503
7123,2022-04-14,6658.759,6742.73
7124,2022-04-15,6614.5356,6299.3975
7125,2022-04-16,6279.3633,6364.963
7126,2022-04-17,6178.814,6295.551
7127,2022-04-18,6623.8457,6658.3315
7128,2022-04-19,6666.208,6654.384
7129,2022-04-20,6635.4824,6655.99
7130,2022-04-21,6628.9663,6500.921
7131,2022-04-22,6604.294,6644.343
7132,2022-04-23,6291.4683,6375.6694
7133,2022-04-24,6203.9517,6222.334
7134,2022-04-25,6639.6743,6761.1636
7135,2022-04-26,6671.794,6758.191
7136,2022-04-27,6655.965,6753.6226
7137,2022-04-28,6654.105,6734.1855
7138,2022-04-29,6624.7783,6743.184
7139,2022-04-30,6318.002,6314.255
7140,2022-04-02,6317.267,6366.138
7141,2022-04-03,6185.9707,6104.8145
7142,2022-04-04,6639.926,6593.1597
7143,2022-04-05,6674.8438,6695.3447
7144,2022-04-06,6665.5327,6688.9204
7145,2022-04-07,6640.8555,6532.8022
7146,2022-04-08,6615.2476,6607.057
7147,2022-04-09,6270.709,6185.182
7148,2022-04-10,6173.8643,6071.3223
7149,2022-04-11,6622.233,6548.464
7150,2022-04-12,6662.7383,6651.454
7151,2022-04-13,6662.74,6708.0503
7152,2022-04-14,6630.6133,6742.73
7153,2022-04-15,6613.3867,6299.3975
7154,2022-04-16,6269.7764,6364.963
7155,2022-04-17,6163.6206,6295.551
7156,2022-04-18,6637.5967,6658.3315
7157,2022-04-19,6666.463,6654.384
7158,2022-04-20,6648.772,6655.99
7159,2022-04-21,6626.4224,6500.921
7160,2022-04-22,6597.0894,6644.343
7161,2022-04-23,6273.4995,6375.6694
7162,2022-04-24,6194.3506,6222.334
7163,2022-04-25,6634.3374,6761.1636
7164,2022-04-26,6679.0356,6758.191
7165,2022-04-27,6682.2964,6753.6226
7166,2022-04-28,6653.43,6734.1855
7167,2022-04-29,6615.2495,6743.184
7168,2022-04-30,6300.504,6314.255
7169,2022-05-01,6197.1445,6138.287
7170,2022-04-03,6200.075,6104.8145
7171,2022-04-04,6667.5527,6593.1597
7172,2022-04-05,6710.8535,6695.3447
7173,2022-04-06,6695.9556,6688.9204
7174,2022-04-07,6664.759,6532.8022
7175,2022-04-08,6650.791,6607.057
7176,2022-04-09,6333.2427,6185.182
7177,2022-04-10,6224.7524,6071.3223
7178,2022-04-11,6677.795,6548.464
7179,2022-04-12,6701.0757,6651.454
7180,2022-04-13,6696.886,6708.0503
7181,2022-04-14,6672.208,6742.73
7182,2022-04-15,6644.7373,6299.3975
7183,2022-04-16,6331.3794,6364.963
7184,2022-04-17,6236.393,6295.551
7185,2022-04-18,6664.291,6658.3315
7186,2022-04-19,6716.9067,6654.384
7187,2022-04-20,6687.107,6655.99
7188,2022-04-21,6661.4985,6500.921
7189,2022-04-22,6646.5986,6644.343
7190,2022-04-23,6354.1943,6375.6694
7191,2022-04-24,6265.261,6222.334
7192,2022-04-25,6683.3833,6761.1636
7193,2022-04-26,6717.839,6758.191
7194,2022-04-27,6719.699,6753.6226
7195,2022-04-28,6708.5244,6734.1855
7196,2022-04-29,6678.2607,6743.184
7197,2022-04-30,6377.475,6314.255
7198,2022-05-01,6279.23,6138.287
7199,2022-05-02,6681.52,6171.72
7200,2022-04-04,6582.3877,6593.1597
7201,2022-04-05,6613.585,6695.3447
7202,2022-04-06,6604.2725,6688.9204
7203,2022-04-07,6583.3193,6532.8022
7204,2022-04-08,6564.228,6607.057
7205,2022-04-09,6237.3457,6185.182
7206,2022-04-10,6149.803,6071.3223
7207,2022-04-11,6590.304,6548.464
7208,2022-04-12,6637.333,6651.454
7209,2022-04-13,6628.951,6708.0503
7210,2022-04-14,6612.6543,6742.73
7211,2022-04-15,6592.6313,6299.3975
7212,2022-04-16,6289.033,6364.963
7213,2022-04-17,6210.338,6295.551
7214,2022-04-18,6636.8687,6658.3315
7215,2022-04-19,6677.3794,6654.384
7216,2022-04-20,6667.6,6655.99
7217,2022-04-21,6659.6846,6500.921
7218,2022-04-22,6635.937,6644.343
7219,2022-04-23,6332.804,6375.6694
7220,2022-04-24,6227.102,6222.334
7221,2022-04-25,6652.234,6761.1636
7222,2022-04-26,6700.6606,6758.191
7223,2022-04-27,6690.417,6753.6226
7224,2022-04-28,6678.3105,6734.1855
7225,2022-04-29,6647.1123,6743.184
7226,2022-04-30,6359.3467,6314.255
7227,2022-05-01,6281.116,6138.287
7228,2022-05-02,6689.9517,6171.72
7229,2022-05-03,6721.15,6223.852
7230,2022-04-05,6650.9956,6695.3447
7231,2022-04-06,6619.791,6688.9204
7232,2022-04-07,6583.9233,6532.8022
7233,2022-04-08,6568.55,6607.057
7234,2022-04-09,6254.6133,6185.182
7235,2022-04-10,6142.358,6071.3223
7236,2022-04-11,6600.6895,6548.464
7237,2022-04-12,6642.612,6651.454
7238,2022-04-13,6650.53,6708.0503
7239,2022-04-14,6649.5986,6742.73
7240,2022-04-15,6597.8965,6299.3975
7241,2022-04-16,6299.3267,6364.963
7242,2022-04-17,6219.677,6295.551
7243,2022-04-18,6660.7773,6658.3315
7244,2022-04-19,6686.398,6654.384
7245,2022-04-20,6668.696,6655.99
7246,2022-04-21,6663.572,6500.921
7247,2022-04-22,6615.5967,6644.343
7248,2022-04-23,6309.574,6375.6694
7249,2022-04-24,6228.064,6222.334
7250,2022-04-25,6637.9536,6761.1636
7251,2022-04-26,6659.848,6758.191
7252,2022-04-27,6648.2036,6753.6226
7253,2022-04-28,6630.9683,6734.1855
7254,2022-04-29,6608.145,6743.184
7255,2022-04-30,6296.067,6314.255
7256,2022-05-01,6226.198,6138.287
7257,2022-05-02,6645.8726,6171.72
7258,2022-05-03,6678.9424,6223.852
7259,2022-05-04,6660.7783,6764.3076
7260,2022-04-06,6702.4175,6688.9204
7261,2022-04-07,6662.3564,6532.8022
7262,2022-04-08,6622.29,6607.057
7263,2022-04-09,6316.2183,6185.182
7264,2022-04-10,6177.8545,6071.3223
7265,2022-04-11,6612.5063,6548.464
7266,2022-04-12,6670.741,6651.454
7267,2022-04-13,6655.366,6708.0503
7268,2022-04-14,6633.938,6742.73
7269,2022-04-15,6601.3276,6299.3975
7270,2022-04-16,6290.5967,6364.963
7271,2022-04-17,6181.583,6295.551
7272,2022-04-18,6620.8936,6658.3315
7273,2022-04-19,6672.6045,6654.384
7274,2022-04-20,6655.834,6655.99
7275,2022-04-21,6639.062,6500.921
7276,2022-04-22,6612.5073,6644.343
7277,2022-04-23,6335.3174,6375.6694
7278,2022-04-24,6221.6475,6222.334
7279,2022-04-25,6636.2656,6761.1636
7280,2022-04-26,6686.5806,6758.191
7281,2022-04-27,6662.82,6753.6226
7282,2022-04-28,6662.8223,6734.1855
7283,2022-04-29,6633.4727,6743.184
7284,2022-04-30,6323.6714,6314.255
7285,2022-05-01,6231.898,6138.287
7286,2022-05-02,6665.6167,6171.72
7287,2022-05-03,6711.7373,6223.852
7288,2022-05-04,6706.1465,6764.3076
7289,2022-05-05,6682.8545,6869.4707
7290,2022-04-07,6688.063,6532.8022
7291,2022-04-08,6631.22,6607.057
7292,2022-04-09,6308.79,6185.182
7293,2022-04-10,6169.4756,6071.3223
7294,2022-04-11,6622.832,6548.464
7295,2022-04-12,6669.427,6651.454
7296,2022-04-13,6664.3,6708.0503
7297,2022-04-14,6645.662,6742.73
7298,2022-04-15,6620.967,6299.3975
7299,2022-04-16,6318.1094,6364.963
7300,2022-04-17,6201.6255,6295.551
7301,2022-04-18,6619.1055,6658.3315
7302,2022-04-19,6676.415,6654.384
7303,2022-04-20,6659.175,6655.99
7304,2022-04-21,6677.346,6500.921
7305,2022-04-22,6653.118,6644.343
7306,2022-04-23,6327.428,6375.6694
7307,2022-04-24,6216.07,6222.334
7308,2022-04-25,6644.7295,6761.1636
7309,2022-04-26,6692.723,6758.191
7310,2022-04-27,6699.245,6753.6226
7311,2022-04-28,6691.7905,6734.1855
7312,2022-04-29,6676.88,6743.184
7313,2022-04-30,6354.918,6314.255
7314,2022-05-01,6241.697,6138.287
7315,2022-05-02,6666.1636,6171.72
7316,2022-05-03,6717.8833,6223.852
7317,2022-05-04,6709.964,6764.3076
7318,2022-05-05,6695.0527,6869.4707
7319,2022-05-06,6653.584,6928.258
7320,2022-04-08,6529.674,6607.057
7321,2022-04-09,6246.8276,6185.182
7322,2022-04-10,6092.1274,6071.3223
7323,2022-04-11,6516.1606,6548.464
7324,2022-04-12,6604.695,6651.454
7325,2022-04-13,6599.103,6708.0503
7326,2022-04-14,6586.5225,6742.73
7327,2022-04-15,6563.6904,6299.3975
7328,2022-04-16,6286.437,6364.963
7329,2022-04-17,6170.4106,6295.551
7330,2022-04-18,6566.9507,6658.3315
7331,2022-04-19,6647.0977,6654.384
7332,2022-04-20,6633.12,6655.99
7333,2022-04-21,6645.234,6500.921
7334,2022-04-22,6613.084,6644.343
7335,2022-04-23,6333.965,6375.6694
7336,2022-04-24,6247.7617,6222.334
7337,2022-04-25,6630.325,6761.1636
7338,2022-04-26,6703.017,6758.191
7339,2022-04-27,6682.514,6753.6226
7340,2022-04-28,6689.0376,6734.1855
7341,2022-04-29,6654.0894,6743.184
7342,2022-04-30,6374.0386,6314.255
7343,2022-05-01,6265.467,6138.287
7344,2022-05-02,6621.47,6171.72
7345,2022-05-03,6699.753,6223.852
7346,2022-05-04,6703.0137,6764.3076
7347,2022-05-05,6698.3555,6869.4707
7348,2022-05-06,6657.8164,6928.258
7349,2022-05-07,6379.165,6462.505
7350,2022-04-09,6308.2036,6185.182
7351,2022-04-10,6127.3955,6071.3223
7352,2022-04-11,6516.0386,6548.464
7353,2022-04-12,6622.284,6651.454
7354,2022-04-13,6617.1606,6708.0503
7355,2022-04-14,6583.6055,6742.73
7356,2022-04-15,6577.0825,6299.3975
7357,2022-04-16,6307.7363,6364.963
7358,2022-04-17,6149.7656,6295.551
7359,2022-04-18,6547.2573,6658.3315
7360,2022-04-19,6643.7217,6654.384
7361,2022-04-20,6653.973,6655.99
7362,2022-04-21,6642.7886,6500.921
7363,2022-04-22,6622.7495,6644.343
7364,2022-04-23,6328.24,6375.6694
7365,2022-04-24,6180.055,6222.334
7366,2022-04-25,6568.2285,6761.1636
7367,2022-04-26,6663.2925,6758.191
7368,2022-04-27,6676.339,6753.6226
7369,2022-04-28,6674.4756,6734.1855
7370,2022-04-29,6657.233,6743.184
7371,2022-04-30,6357.1333,6314.255
7372,2022-05-01,6225.7246,6138.287
7373,2022-05-02,6612.0327,6171.72
7374,2022-05-03,6701.969,6223.852
7375,2022-05-04,6701.037,6764.3076
7376,2022-05-05,6692.1836,6869.4707
7377,2022-05-06,6655.8354,6928.258
7378,2022-05-07,6358.065,6462.505
7379,2022-05-08,6222.459,6204.3804
7380,2022-04-10,6063.4775,6071.3223
7381,2022-04-11,6551.3345,6548.464
7382,2022-04-12,6596.5327,6651.454
7383,2022-04-13,6592.337,6708.0503
7384,2022-04-14,6583.949,6742.73
7385,2022-04-15,6565.779,6299.3975
7386,2022-04-16,6243.339,6364.963
7387,2022-04-17,6134.3057,6295.551
7388,2022-04-18,6605.85,6658.3315
7389,2022-04-19,6646.39,6654.384
7390,2022-04-20,6639.866,6655.99
7391,2022-04-21,6616.101,6500.921
7392,2022-04-22,6576.9614,6644.343
7393,2022-04-23,6273.6265,6375.6694
7394,2022-04-24,6187.425,6222.334
7395,2022-04-25,6631.9414,6761.1636
7396,2022-04-26,6661.764,6758.191
7397,2022-04-27,6662.6963,6753.6226
7398,2022-04-28,6654.3105,6734.1855
7399,2022-04-29,6638.4663,6743.184
7400,2022-04-30,6316.0283,6314.255
7401,2022-05-01,6208.8574,6138.287
7402,2022-05-02,6655.7075,6171.72
7403,2022-05-03,6692.983,6223.852
7404,2022-05-04,6688.324,6764.3076
7405,2022-05-05,6678.0737,6869.4707
7406,2022-05-06,6627.7515,6928.258
7407,2022-05-07,6320.221,6462.505
7408,2022-05-08,6241.0093,6204.3804
7409,2022-05-09,6650.583,6883.0767
7410,2022-04-11,6548.3623,6548.464
7411,2022-04-12,6595.4263,6651.454
7412,2022-04-13,6575.389,6708.0503
7413,2022-04-14,6561.878,6742.73
7414,2022-04-15,6554.888,6299.3975
7415,2022-04-16,6249.672,6364.963
7416,2022-04-17,6162.5337,6295.551
7417,2022-04-18,6587.503,6658.3315
7418,2022-04-19,6635.966,6654.384
7419,2022-04-20,6643.4214,6655.99
7420,2022-04-21,6642.956,6500.921
7421,2022-04-22,6619.192,6644.343
7422,2022-04-23,6320.9663,6375.6694
7423,2022-04-24,6224.9746,6222.334
7424,2022-04-25,6667.1875,6761.1636
7425,2022-04-26,6700.7383,6758.191
7426,2022-04-27,6699.341,6753.6226
7427,2022-04-28,6684.8955,6734.1855
7428,2022-04-29,6656.004,6743.184
7429,2022-04-30,6349.392,6314.255
7430,2022-05-01,6245.011,6138.287
7431,2022-05-02,6669.983,6171.72
7432,2022-05-03,6721.2407,6223.852
7433,2022-05-04,6719.3765,6764.3076
7434,2022-05-05,6700.272,6869.4707
7435,2022-05-06,6650.8774,6928.258
7436,2022-05-07,6337.7417,6462.505
7437,2022-05-08,6231.4995,6204.3804
7438,2022-05-09,6642.0244,6883.0767
7439,2022-05-10,6694.6777,6997.5327
7440,2022-04-12,6651.0,6651.454
7441,2022-04-13,6631.888,6708.0503
7442,2022-04-14,6590.4067,6742.73
7443,2022-04-15,6577.823,6299.3975
7444,2022-04-16,6265.55,6364.963
7445,2022-04-17,6183.516,6295.551
7446,2022-04-18,6626.297,6658.3315
7447,2022-04-19,6670.5737,6654.384
7448,2022-04-20,6633.755,6655.99
7449,2022-04-21,6622.101,6500.921
7450,2022-04-22,6585.746,6644.343
7451,2022-04-23,6296.774,6375.6694
7452,2022-04-24,6223.1343,6222.334
7453,2022-04-25,6631.889,6761.1636
7454,2022-04-26,6671.9727,6758.191
7455,2022-04-27,6664.0493,6753.6226
7456,2022-04-28,6647.268,6734.1855
7457,2022-04-29,6620.237,6743.184
7458,2022-04-30,6339.6567,6314.255
7459,2022-05-01,6245.04,6138.287
7460,2022-05-02,6647.2715,6171.72
7461,2022-05-03,6696.6743,6223.852
7462,2022-05-04,6673.369,6764.3076
7463,2022-05-05,6649.6,6869.4707
7464,2022-05-06,6619.773,6928.258
7465,2022-05-07,6310.7583,6462.505
7466,2022-05-08,6247.372,6204.3804
7467,2022-05-09,6657.523,6883.0767
7468,2022-05-10,6689.216,6997.5327
7469,2022-05-11,6674.7695,6763.599
7470,2022-04-13,6639.3364,6708.0503
7471,2022-04-14,6609.5015,6742.73
7472,2022-04-15,6593.6533,6299.3975
7473,2022-04-16,6262.223,6364.963
7474,2022-04-17,6153.609,6295.551
7475,2022-04-18,6598.3145,6658.3315
7476,2022-04-19,6629.0806,6654.384
7477,2022-04-20,6626.2827,6655.99
7478,2022-04-21,6607.6367,6500.921
7479,2022-04-22,6614.1626,6644.343
7480,2022-04-23,6290.658,6375.6694
7481,2022-04-24,6202.5576,6222.334
7482,2022-04-25,6639.7993,6761.1636
7483,2022-04-26,6660.313,6758.191
7484,2022-04-27,6639.8013,6753.6226
7485,2022-04-28,6625.817,6734.1855
7486,2022-04-29,6606.706,6743.184
7487,2022-04-30,6311.169,6314.255
7488,2022-05-01,6215.6094,6138.287
7489,2022-05-02,6619.7583,6171.72
7490,2022-05-03,6665.904,6223.852
7491,2022-05-04,6682.685,6764.3076
7492,2022-05-05,6652.386,6869.4707
7493,2022-05-06,6632.3438,6928.258
7494,2022-05-07,6314.8975,6462.505
7495,2022-05-08,6216.541,6204.3804
7496,2022-05-09,6642.5967,6883.0767
7497,2022-05-10,6688.2812,6997.5327
7498,2022-05-11,6686.415,6763.599
7499,2022-05-12,6669.6343,6886.712
7500,2022-04-14,6640.65,6742.73
7501,2022-04-15,6620.136,6299.3975
7502,2022-04-16,6300.3237,6364.963
7503,2022-04-17,6182.8394,6295.551
7504,2022-04-18,6621.536,6658.3315
7505,2022-04-19,6671.4194,6654.384
7506,2022-04-20,6684.475,6655.99
7507,2022-04-21,6660.232,6500.921
7508,2022-04-22,6639.252,6644.343
7509,2022-04-23,6334.357,6375.6694
7510,2022-04-24,6201.951,6222.334
7511,2022-04-25,6613.6113,6761.1636
7512,2022-04-26,6682.1436,6758.191
7513,2022-04-27,6688.206,6753.6226
7514,2022-04-28,6673.754,6734.1855
7515,2022-04-29,6648.1113,6743.184
7516,2022-04-30,6352.538,6314.255
7517,2022-05-01,6212.6763,6138.287
7518,2022-05-02,6624.333,6171.72
7519,2022-05-03,6680.744,6223.852
7520,2022-05-04,6671.4224,6764.3076
7521,2022-05-05,6659.766,6869.4707
7522,2022-05-06,6620.605,6928.258
7523,2022-05-07,6325.0317,6462.505
7524,2022-05-08,6221.5337,6204.3804
7525,2022-05-09,6598.2256,6883.0767
7526,2022-05-10,6678.4136,6997.5327
7527,2022-05-11,6659.3013,6763.599
7528,2022-05-12,6645.314,6886.712
7529,2022-05-13,6594.497,6894.8184
7530,2022-04-15,6699.2974,6299.3975
7531,2022-04-16,6355.66,6364.963
7532,2022-04-17,6204.588,6295.551
7533,2022-04-18,6663.3936,6658.3315
7534,2022-04-19,6718.417,6654.384
7535,2022-04-20,6710.9575,6655.99
7536,2022-04-21,6710.4893,6500.921
7537,2022-04-22,6684.8457,6644.343
7538,2022-04-23,6376.642,6375.6694
7539,2022-04-24,6239.0938,6222.334
7540,2022-04-25,6660.1333,6761.1636
7541,2022-04-26,6709.5576,6758.191
7542,2022-04-27,6719.3496,6753.6226
7543,2022-04-28,6723.08,6734.1855
7544,2022-04-29,6696.9688,6743.184
7545,2022-04-30,6372.4443,6314.255
7546,2022-05-01,6226.0376,6138.287
7547,2022-05-02,6634.0225,6171.72
7548,2022-05-03,6706.2944,6223.852
7549,2022-05-04,6721.6816,6764.3076
7550,2022-05-05,6699.2993,6869.4707
7551,2022-05-06,6663.8623,6928.258
7552,2022-05-07,6342.1377,6462.505
7553,2022-05-08,6225.1045,6204.3804
7554,2022-05-09,6634.0225,6883.0767
7555,2022-05-10,6687.643,6997.5327
7556,2022-05-11,6668.06,6763.599
7557,2022-05-12,6667.594,6886.712
7558,2022-05-13,6623.297,6894.8184
7559,2022-05-14,6311.3633,6648.1865
7560,2022-04-16,6100.5923,6364.963
7561,2022-04-17,6476.398,6295.551
7562,2022-04-18,6613.944,6658.3315
7563,2022-04-19,6633.06,6654.384
7564,2022-04-20,6630.2627,6655.99
7565,2022-04-21,6612.0786,6500.921
7566,2022-04-22,6353.306,6644.343
7567,2022-04-23,6166.8027,6375.6694
7568,2022-04-24,6505.305,6222.334
7569,2022-04-25,6663.834,6761.1636
7570,2022-04-26,6654.975,6758.191
7571,2022-04-27,6669.428,6753.6226
7572,2022-04-28,6654.0425,6734.1855
7573,2022-04-29,6396.668,6743.184
7574,2022-04-30,6243.2695,6314.255
7575,2022-05-01,6532.348,6138.287
7576,2022-05-02,6675.9556,6171.72
7577,2022-05-03,6677.355,6223.852
7578,2022-05-04,6680.618,6764.3076
7579,2022-05-05,6669.428,6869.4707
7580,2022-05-06,6404.129,6928.258
7581,2022-05-07,6237.208,6462.505
7582,2022-05-08,6516.4956,6204.3804
7583,2022-05-09,6665.698,6883.0767
7584,2022-05-10,6674.5576,6997.5327
7585,2022-05-11,6674.0913,6763.599
7586,2022-05-12,6654.975,6886.712
7587,2022-05-13,6405.06,6894.8184
7588,2022-05-14,6235.3433,6648.1865
7589,2022-05-15,6530.017,6364.372
7590,2022-04-17,6234.103,6295.551
7591,2022-04-18,6647.2256,6658.3315
7592,2022-04-19,6691.9873,6654.384
7593,2022-04-20,6687.792,6655.99
7594,2022-04-21,6668.208,6500.921
7595,2022-04-22,6633.237,6644.343
7596,2022-04-23,6317.1025,6375.6694
7597,2022-04-24,6261.148,6222.334
7598,2022-04-25,6695.252,6761.1636
7599,2022-04-26,6713.9033,6758.191
7600,2022-04-27,6709.2393,6753.6226
7601,2022-04-28,6697.1157,6734.1855
7602,2022-04-29,6642.563,6743.184
7603,2022-04-30,6343.2124,6314.255
7604,2022-05-01,6263.478,6138.287
7605,2022-05-02,6697.116,6171.72
7606,2022-05-03,6746.542,6223.852
7607,2022-05-04,6743.2773,6764.3076
7608,2022-05-05,6710.6387,6869.4707
7609,2022-05-06,6657.018,6928.258
7610,2022-05-07,6341.8125,6462.505
7611,2022-05-08,6264.411,6204.3804
7612,2022-05-09,6675.669,6883.0767
7613,2022-05-10,6712.0376,6997.5327
7614,2022-05-11,6695.7183,6763.599
7615,2022-05-12,6687.325,6886.712
7616,2022-05-13,6636.9673,6894.8184
7617,2022-05-14,6316.6343,6648.1865
7618,2022-05-15,6229.4414,6364.372
7619,2022-05-16,6655.1523,6268.8813
7620,2022-04-18,6640.13,6658.3315
7621,2022-04-19,6677.905,6654.384
7622,2022-04-20,6656.4536,6655.99
7623,2022-04-21,6633.6025,6500.921
7624,2022-04-22,6593.0312,6644.343
7625,2022-04-23,6288.5156,6375.6694
7626,2022-04-24,6212.971,6222.334
7627,2022-04-25,6615.882,6761.1636
7628,2022-04-26,6664.846,6758.191
7629,2022-04-27,6648.9917,6753.6226
7630,2022-04-28,6646.6587,6734.1855
7631,2022-04-29,6600.493,6743.184
7632,2022-04-30,6316.4976,6314.255
7633,2022-05-01,6243.28,6138.287
7634,2022-05-02,6624.7427,6171.72
7635,2022-05-03,6684.4316,6223.852
7636,2022-05-04,6681.168,6764.3076
7637,2022-05-05,6676.9717,6869.4707
7638,2022-05-06,6612.6177,6928.258
7639,2022-05-07,6324.424,6462.505
7640,2022-05-08,6225.561,6204.3804
7641,2022-05-09,6593.4976,6883.0767
7642,2022-05-10,6655.0557,6997.5327
7643,2022-05-11,6656.92,6763.599
7644,2022-05-12,6636.8677,6886.712
7645,2022-05-13,6576.244,6894.8184
7646,2022-05-14,6285.252,6648.1865
7647,2022-05-15,6213.437,6364.372
7648,2022-05-16,6591.6323,6268.8813
7649,2022-05-17,6641.9976,6822.7114
7650,2022-04-19,6716.3794,6654.384
7651,2022-04-20,6699.587,6655.99
7652,2022-04-21,6666.0,6500.921
7653,2022-04-22,6603.493,6644.343
7654,2022-04-23,6287.683,6375.6694
7655,2022-04-24,6222.378,6222.334
7656,2022-04-25,6654.8037,6761.1636
7657,2022-04-26,6685.5938,6758.191
7658,2022-04-27,6686.9917,6753.6226
7659,2022-04-28,6689.325,6734.1855
7660,2022-04-29,6649.6733,6743.184
7661,2022-04-30,6335.265,6314.255
7662,2022-05-01,6227.042,6138.287
7663,2022-05-02,6654.8076,6171.72
7664,2022-05-03,6699.5874,6223.852
7665,2022-05-04,6695.388,6764.3076
7666,2022-05-05,6702.386,6869.4707
7667,2022-05-06,6651.0723,6928.258
7668,2022-05-07,6325.0024,6462.505
7669,2022-05-08,6201.852,6204.3804
7670,2022-05-09,6638.944,6883.0767
7671,2022-05-10,6673.465,6997.5327
7672,2022-05-11,6661.3374,6763.599
7673,2022-05-12,6649.2075,6886.712
7674,2022-05-13,6593.695,6894.8184
7675,2022-05-14,6273.69,6648.1865
7676,2022-05-15,6202.3174,6364.372
7677,2022-05-16,6628.215,6268.8813
7678,2022-05-17,6657.6035,6822.7114
7679,2022-05-18,6666.0024,6987.74
7680,2022-04-20,6671.3555,6655.99
7681,2022-04-21,6652.2246,6500.921
7682,2022-04-22,6536.5186,6644.343
7683,2022-04-23,6231.3867,6375.6694
7684,2022-04-24,6226.7217,6222.334
7685,2022-04-25,6607.9023,6761.1636
7686,2022-04-26,6636.83,6758.191
7687,2022-04-27,6645.695,6753.6226
7688,2022-04-28,6647.095,6734.1855
7689,2022-04-29,6583.175,6743.184
7690,2022-04-30,6285.5083,6314.255
7691,2022-05-01,6250.0493,6138.287
7692,2022-05-02,6652.226,6171.72
7693,2022-05-03,6697.949,6223.852
7694,2022-05-04,6697.017,6764.3076
7695,2022-05-05,6669.023,6869.4707
7696,2022-05-06,6607.9023,6928.258
7697,2022-05-07,6311.6343,6462.505
7698,2022-05-08,6242.584,6204.3804
7699,2022-05-09,6610.703,6883.0767
7700,2022-05-10,6666.2227,6997.5327
7701,2022-05-11,6650.8267,6763.599
7702,2022-05-12,6622.834,6886.712
7703,2022-05-13,6561.713,6894.8184
7704,2022-05-14,6268.7124,6648.1865
7705,2022-05-15,6213.1914,6364.372
7706,2022-05-16,6613.5015,6268.8813
7707,2022-05-17,6641.0283,6822.7114
7708,2022-05-18,6633.098,6987.74
7709,2022-05-19,6627.967,6847.247
7710,2022-04-21,6648.348,6500.921
7711,2022-04-22,6595.1504,6644.343
7712,2022-04-23,6285.2944,6375.6694
7713,2022-04-24,6183.0996,6222.334
7714,2022-04-25,6632.9487,6761.1636
7715,2022-04-26,6668.8794,6758.191
7716,2022-04-27,6649.28,6753.6226
7717,2022-04-28,6637.615,6734.1855
7718,2022-04-29,6604.483,6743.184
7719,2022-04-30,6296.497,6314.255
7720,2022-05-01,6196.166,6138.287
7721,2022-05-02,6636.216,6171.72
7722,2022-05-03,6672.148,6223.852
7723,2022-05-04,6661.8813,6764.3076
7724,2022-05-05,6642.748,6869.4707
7725,2022-05-06,6611.951,6928.258
7726,2022-05-07,6281.562,6462.505
7727,2022-05-08,6190.567,6204.3804
7728,2022-05-09,6624.081,6883.0767
7729,2022-05-10,6666.5464,6997.5327
7730,2022-05-11,6652.0806,6763.599
7731,2022-05-12,6618.0156,6886.712
7732,2022-05-13,6582.55,6894.8184
7733,2022-05-14,6268.497,6648.1865
7734,2022-05-15,6202.7007,6364.372
7735,2022-05-16,6616.147,6268.8813
7736,2022-05-17,6653.947,6822.7114
7737,2022-05-18,6632.947,6987.74
7738,2022-05-19,6615.6816,6847.247
7739,2022-05-20,6567.6157,6763.4644
7740,2022-04-22,6402.786,6644.343
7741,2022-04-23,6139.0977,6375.6694
7742,2022-04-24,6154.9644,6222.334
7743,2022-04-25,6539.533,6761.1636
7744,2022-04-26,6567.5356,6758.191
7745,2022-04-27,6547.9346,6753.6226
7746,2022-04-28,6540.9326,6734.1855
7747,2022-04-29,6476.061,6743.184
7748,2022-04-30,6211.438,6314.255
7749,2022-05-01,6210.037,6138.287
7750,2022-05-02,6580.601,6171.72
7751,2022-05-03,6615.1387,6223.852
7752,2022-05-04,6611.8735,6764.3076
7753,2022-05-05,6589.471,6869.4707
7754,2022-05-06,6495.196,6928.258
7755,2022-05-07,6228.24,6462.505
7756,2022-05-08,6240.372,6204.3804
7757,2022-05-09,6579.206,6883.0767
7758,2022-05-10,6604.873,6997.5327
7759,2022-05-11,6624.009,6763.599
7760,2022-05-12,6615.1406,6886.712
7761,2022-05-13,6508.265,6894.8184
7762,2022-05-14,6229.639,6648.1865
7763,2022-05-15,6246.4404,6364.372
7764,2022-05-16,6592.7363,6268.8813
7765,2022-05-17,6608.1387,6822.7114
7766,2022-05-18,6592.7373,6987.74
7767,2022-05-19,6583.869,6847.247
7768,2022-05-20,6482.5933,6763.4644
7769,2022-05-21,6244.1064,6449.54
7770,2022-04-23,6241.915,6375.6694
7771,2022-04-24,6162.5586,6222.334
7772,2022-04-25,6617.2144,6761.1636
7773,2022-04-26,6655.959,6758.191
7774,2022-04-27,6639.6206,6753.6226
7775,2022-04-28,6611.614,6734.1855
7776,2022-04-29,6583.6055,6743.184
7777,2022-04-30,6285.793,6314.255
7778,2022-05-01,6194.767,6138.287
7779,2022-05-02,6622.8154,6171.72
7780,2022-05-03,6663.4277,6223.852
7781,2022-05-04,6661.0938,6764.3076
7782,2022-05-05,6633.5513,6869.4707
7783,2022-05-06,6571.4673,6928.258
7784,2022-05-07,6247.9824,6462.505
7785,2022-05-08,6188.6987,6204.3804
7786,2022-05-09,6595.275,6883.0767
7787,2022-05-10,6625.1494,6997.5327
7788,2022-05-11,6633.084,6763.599
7789,2022-05-12,6625.148,6886.712
7790,2022-05-13,6560.267,6894.8184
7791,2022-05-14,6250.3164,6648.1865
7792,2022-05-15,6172.3623,6364.372
7793,2022-05-16,6603.6777,6268.8813
7794,2022-05-17,6632.618,6822.7114
7795,2022-05-18,6632.1523,6987.74
7796,2022-05-19,6628.882,6847.247
7797,2022-05-20,6573.802,6763.4644
7798,2022-05-21,6264.322,6449.54
7799,2022-05-22,6174.23,6342.958
7800,2022-04-24,6194.281,6222.334
7801,2022-04-25,6634.027,6761.1636
7802,2022-04-26,6674.6406,6758.191
7803,2022-04-27,6666.7046,6753.6226
7804,2022-04-28,6647.0986,6734.1855
7805,2022-04-29,6612.087,6743.184
7806,2022-04-30,6315.6567,6314.255
7807,2022-05-01,6202.685,6138.287
7808,2022-05-02,6644.765,6171.72
7809,2022-05-03,6669.04,6223.852
7810,2022-05-04,6654.5693,6764.3076
7811,2022-05-05,6649.9004,6869.4707
7812,2022-05-06,6614.422,6928.258
7813,2022-05-07,6324.0596,6462.505
7814,2022-05-08,6207.819,6204.3804
7815,2022-05-09,6640.0967,6883.0767
7816,2022-05-10,6692.3813,6997.5327
7817,2022-05-11,6694.715,6763.599
7818,2022-05-12,6655.503,6886.712
7819,2022-05-13,6612.556,6894.8184
7820,2022-05-14,6301.185,6648.1865
7821,2022-05-15,6239.095,6364.372
7822,2022-05-16,6641.966,6268.8813
7823,2022-05-17,6658.3013,6822.7114
7824,2022-05-18,6651.768,6987.74
7825,2022-05-19,6626.5586,6847.247
7826,2022-05-20,6542.5317,6763.4644
7827,2022-05-21,6261.97,6449.54
7828,2022-05-22,6183.076,6342.958
7829,2022-05-23,6585.0117,6885.347
7830,2022-04-25,6621.0337,6761.1636
7831,2022-04-26,6660.25,6758.191
7832,2022-04-27,6657.9175,6753.6226
7833,2022-04-28,6630.3706,6734.1855
7834,2022-04-29,6593.9517,6743.184
7835,2022-04-30,6284.866,6314.255
7836,2022-05-01,6197.0894,6138.287
7837,2022-05-02,6629.9023,6171.72
7838,2022-05-03,6663.518,6223.852
7839,2022-05-04,6657.451,6764.3076
7840,2022-05-05,6647.179,6869.4707
7841,2022-05-06,6622.8994,6928.258
7842,2022-05-07,6324.0864,6462.505
7843,2022-05-08,6219.502,6204.3804
7844,2022-05-09,6622.902,6883.0767
7845,2022-05-10,6664.457,6997.5327
7846,2022-05-11,6661.186,6763.599
7847,2022-05-12,6644.3765,6886.712
7848,2022-05-13,6615.8965,6894.8184
7849,2022-05-14,6310.5454,6648.1865
7850,2022-05-15,6214.8325,6364.372
7851,2022-05-16,6620.5654,6268.8813
7852,2022-05-17,6670.058,6822.7114
7853,2022-05-18,6661.6523,6987.74
7854,2022-05-19,6634.572,6847.247
7855,2022-05-20,6570.1426,6763.4644
7856,2022-05-21,6278.3306,6449.54
7857,2022-05-22,6175.612,6342.958
7858,2022-05-23,6581.348,6885.347
7859,2022-05-24,6639.2417,6958.534
7860,2022-04-26,6743.879,6758.191
7861,2022-04-27,6731.735,6753.6226
7862,2022-04-28,6685.9644,6734.1855
7863,2022-04-29,6647.1963,6743.184
7864,2022-04-30,6317.4517,6314.255
7865,2022-05-01,6230.1133,6138.287
7866,2022-05-02,6668.2144,6171.72
7867,2022-05-03,6692.502,6223.852
7868,2022-05-04,6691.0986,6764.3076
7869,2022-05-05,6675.2207,6869.4707
7870,2022-05-06,6614.969,6928.258
7871,2022-05-07,6310.4463,6462.505
7872,2022-05-08,6226.378,6204.3804
7873,2022-05-09,6626.6445,6883.0767
7874,2022-05-10,6652.8013,6997.5327
7875,2022-05-11,6645.7954,6763.599
7876,2022-05-12,6636.4536,6886.712
7877,2022-05-13,6568.2656,6894.8184
7878,2022-05-14,6276.8184,6648.1865
7879,2022-05-15,6191.3477,6364.372
7880,2022-05-16,6584.1455,6268.8813
7881,2022-05-17,6628.5137,6822.7114
7882,2022-05-18,6617.3057,6987.74
7883,2022-05-19,6559.39,6847.247
7884,2022-05-20,6473.918,6763.4644
7885,2022-05-21,6180.6035,6449.54
7886,2022-05-22,6118.017,6342.958
7887,2022-05-23,6510.815,6885.347
7888,2022-05-24,6595.821,6958.534
7889,2022-05-25,6576.6704,6836.7407
7890,2022-04-27,6740.8037,6753.6226
7891,2022-04-28,6691.757,6734.1855
7892,2022-04-29,6666.064,6743.184
7893,2022-04-30,6355.417,6314.255
7894,2022-05-01,6219.4795,6138.287
7895,2022-05-02,6663.2617,6171.72
7896,2022-05-03,6720.72,6223.852
7897,2022-05-04,6715.114,6764.3076
7898,2022-05-05,6702.9673,6869.4707
7899,2022-05-06,6666.5293,6928.258
7900,2022-05-07,6336.264,6462.505
7901,2022-05-08,6221.3486,6204.3804
7902,2022-05-09,6649.247,6883.0767
7903,2022-05-10,6689.419,6997.5327
7904,2022-05-11,6673.538,6763.599
7905,2022-05-12,6648.313,6886.712
7906,2022-05-13,6610.0093,6894.8184
7907,2022-05-14,6290.9517,6648.1865
7908,2022-05-15,6162.956,6364.372
7909,2022-05-16,6615.615,6268.8813
7910,2022-05-17,6652.984,6822.7114
7911,2022-05-18,6638.5044,6987.74
7912,2022-05-19,6630.095,6847.247
7913,2022-05-20,6608.14,6763.4644
7914,2022-05-21,6285.348,6449.54
7915,2022-05-22,6171.3657,6342.958
7916,2022-05-23,6604.8687,6885.347
7917,2022-05-24,6651.5825,6958.534
7918,2022-05-25,6647.845,6836.7407
7919,2022-05-26,6636.168,6774.118
7920,2022-04-28,6736.0693,6734.1855
7921,2022-04-29,6701.96,6743.184
7922,2022-04-30,6376.326,6314.255
7923,2022-05-01,6242.2407,6138.287
7924,2022-05-02,6694.0195,6171.72
7925,2022-05-03,6725.7896,6223.852
7926,2022-05-04,6728.1245,6764.3076
7927,2022-05-05,6711.773,6869.4707
7928,2022-05-06,6673.931,6928.258
7929,2022-05-07,6352.0317,6462.505
7930,2022-05-08,6227.29,6204.3804
7931,2022-05-09,6659.913,6883.0767
7932,2022-05-10,6691.6826,6997.5327
7933,2022-05-11,6690.7485,6763.599
7934,2022-05-12,6663.1836,6886.712
7935,2022-05-13,6615.998,6894.8184
7936,2022-05-14,6308.1143,6648.1865
7937,2022-05-15,6196.922,6364.372
7938,2022-05-16,6639.823,6268.8813
7939,2022-05-17,6661.3154,6822.7114
7940,2022-05-18,6658.9805,6987.74
7941,2022-05-19,6654.3076,6847.247
7942,2022-05-20,6601.513,6763.4644
7943,2022-05-21,6295.5005,6449.54
7944,2022-05-22,6195.054,6342.958
7945,2022-05-23,6616.9307,6885.347
7946,2022-05-24,6655.2427,6958.534
7947,2022-05-25,6666.9224,6836.7407
7948,2022-05-26,6651.9717,6774.118
7949,2022-05-27,6607.588,6884.5874
7950,2022-04-29,6652.255,6743.184
7951,2022-04-30,6316.7676,6314.255
7952,2022-05-01,6207.8975,6138.287
7953,2022-05-02,6673.2812,6171.72
7954,2022-05-03,6711.5957,6223.852
7955,2022-05-04,6719.538,6764.3076
7956,2022-05-05,6708.792,6869.4707
7957,2022-05-06,6655.9917,6928.258
7958,2022-05-07,6335.925,6462.505
7959,2022-05-08,6210.7017,6204.3804
7960,2022-05-09,6652.256,6883.0767
7961,2022-05-10,6684.963,6997.5327
7962,2022-05-11,6685.8965,6763.599
7963,2022-05-12,6659.7314,6886.712
7964,2022-05-13,6612.538,6894.8184
7965,2022-05-14,6293.405,6648.1865
7966,2022-05-15,6192.4805,6364.372
7967,2022-05-16,6630.7617,6268.8813
7968,2022-05-17,6674.2173,6822.7114
7969,2022-05-18,6667.674,6987.74
7970,2022-05-19,6648.985,6847.247
7971,2022-05-20,6594.7827,6763.4644
7972,2022-05-21,6279.853,6449.54
7973,2022-05-22,6199.487,6342.958
7974,2022-05-23,6624.219,6885.347
7975,2022-05-24,6673.7495,6958.534
7976,2022-05-25,6673.2812,6836.7407
7977,2022-05-26,6648.983,6774.118
7978,2022-05-27,6570.953,6884.5874
7979,2022-05-28,6276.116,6498.261
7980,2022-04-30,6367.6177,6314.255
7981,2022-05-01,6237.2393,6138.287
7982,2022-05-02,6698.475,6171.72
7983,2022-05-03,6727.4507,6223.852
7984,2022-05-04,6717.17,6764.3076
7985,2022-05-05,6700.3457,6869.4707
7986,2022-05-06,6651.2783,6928.258
7987,2022-05-07,6347.5264,6462.505
7988,2022-05-08,6226.49,6204.3804
7989,2022-05-09,6646.1387,6883.0767
7990,2022-05-10,6689.13,6997.5327
7991,2022-05-11,6691.0,6763.599
7992,2022-05-12,6667.6343,6886.712
7993,2022-05-13,6617.163,6894.8184
7994,2022-05-14,6307.3374,6648.1865
7995,2022-05-15,6231.163,6364.372
7996,2022-05-16,6652.2124,6268.8813
7997,2022-05-17,6684.457,6822.7114
7998,2022-05-18,6689.5996,6987.74
7999,2022-05-19,6665.2983,6847.247
8000,2022-05-20,6626.5093,6763.4644
8001,2022-05-21,6329.767,6449.54
8002,2022-05-22,6227.891,6342.958
8003,2022-05-23,6633.987,6885.347
8004,2022-05-24,6677.448,6958.534
8005,2022-05-25,6679.784,6836.7407
8006,2022-05-26,6672.3057,6774.118
8007,2022-05-27,6625.574,6884.5874
8008,2022-05-28,6323.6924,6498.261
8009,2022-05-29,6241.9106,6377.7505
8010,2022-05-01,6178.0757,6138.287
8011,2022-05-02,6672.041,6171.72
8012,2022-05-03,6715.9688,6223.852
8013,2022-05-04,6712.2305,6764.3076
8014,2022-05-05,6686.996,6869.4707
8015,2022-05-06,6648.6743,6928.258
8016,2022-05-07,6326.22,6462.505
8017,2022-05-08,6200.0396,6204.3804
8018,2022-05-09,6653.348,6883.0767
8019,2022-05-10,6686.529,6997.5327
8020,2022-05-11,6690.266,6763.599
8021,2022-05-12,6664.5645,6886.712
8022,2022-05-13,6624.8413,6894.8184
8023,2022-05-14,6298.647,6648.1865
8024,2022-05-15,6194.9,6364.372
8025,2022-05-16,6630.449,6268.8813
8026,2022-05-17,6658.9546,6822.7114
8027,2022-05-18,6663.628,6987.74
8028,2022-05-19,6632.319,6847.247
8029,2022-05-20,6606.1455,6763.4644
8030,2022-05-21,6276.681,6449.54
8031,2022-05-22,6180.412,6342.958
8032,2022-05-23,6612.688,6885.347
8033,2022-05-24,6658.4873,6958.534
8034,2022-05-25,6660.358,6836.7407
8035,2022-05-26,6642.5996,6774.118
8036,2022-05-27,6586.0513,6884.5874
8037,2022-05-28,6294.9077,6498.261
8038,2022-05-29,6190.6924,6377.7505
8039,2022-05-30,6624.8413,6981.6167
8040,2022-05-02,6593.186,6171.72
8041,2022-05-03,6641.791,6223.852
8042,2022-05-04,6635.2476,6764.3076
8043,2022-05-05,6626.368,6869.4707
8044,2022-05-06,6588.513,6928.258
8045,2022-05-07,6267.899,6462.505
8046,2022-05-08,6148.7163,6204.3804
8047,2022-05-09,6602.533,6883.0767
8048,2022-05-10,6654.878,6997.5327
8049,2022-05-11,6650.6724,6763.599
8050,2022-05-12,6637.585,6886.712
8051,2022-05-13,6604.4023,6894.8184
8052,2022-05-14,6288.9287,6648.1865
8053,2022-05-15,6181.9014,6364.372
8054,2022-05-16,6624.969,6268.8813
8055,2022-05-17,6668.433,6822.7114
8056,2022-05-18,6675.4424,6987.74
8057,2022-05-19,6652.543,6847.247
8058,2022-05-20,6608.1436,6763.4644
8059,2022-05-21,6285.655,6449.54
8060,2022-05-22,6172.554,6342.958
8061,2022-05-23,6595.522,6885.347
8062,2022-05-24,6642.728,6958.534
8063,2022-05-25,6669.3677,6836.7407
8064,2022-05-26,6627.772,6774.118
8065,2022-05-27,6571.221,6884.5874
8066,2022-05-28,6248.2686,6498.261
8067,2022-05-29,6159.936,6377.7505
8068,2022-05-30,6581.502,6981.6167
8069,2022-05-31,6624.9673,7030.879
8070,2022-05-03,6518.7656,6223.852
8071,2022-05-04,6571.1177,6764.3076
8072,2022-05-05,6557.561,6869.4707
8073,2022-05-06,6535.125,6928.258
8074,2022-05-07,6350.49,6462.505
8075,2022-05-08,6159.31,6204.3804
8076,2022-05-09,6417.7983,6883.0767
8077,2022-05-10,6617.391,6997.5327
8078,2022-05-11,6630.4814,6763.599
8079,2022-05-12,6612.248,6886.712
8080,2022-05-13,6594.485,6894.8184
8081,2022-05-14,6378.0684,6648.1865
8082,2022-05-15,6195.3013,6364.372
8083,2022-05-16,6470.1514,6268.8813
8084,2022-05-17,6612.2495,6822.7114
8085,2022-05-18,6628.142,6987.74
8086,2022-05-19,6609.913,6847.247
8087,2022-05-20,6615.5225,6763.4644
8088,2022-05-21,6380.4062,6449.54
8089,2022-05-22,6222.8823,6342.958
8090,2022-05-23,6444.91,6885.347
8091,2022-05-24,6591.2144,6958.534
8092,2022-05-25,6612.717,6836.7407
8093,2022-05-26,6611.7812,6774.118
8094,2022-05-27,6572.5176,6884.5874
8095,2022-05-28,6368.719,6498.261
8096,2022-05-29,6219.609,6377.7505
8097,2022-05-30,6465.9443,6981.6167
8098,2022-05-31,6645.9043,7030.879
8099,2022-06-01,6671.6143,6927.8315
8100,2022-05-04,6324.118,6764.3076
8101,2022-05-05,6395.6323,6869.4707
8102,2022-05-06,6487.243,6928.258
8103,2022-05-07,6375.5327,6462.505
8104,2022-05-08,6191.838,6204.3804
8105,2022-05-09,6298.409,6883.0767
8106,2022-05-10,6509.2104,6997.5327
8107,2022-05-11,6520.8975,6763.599
8108,2022-05-12,6510.148,6886.712
8109,2022-05-13,6530.7144,6894.8184
8110,2022-05-14,6404.9814,6648.1865
8111,2022-05-15,6249.797,6364.372
8112,2022-05-16,6362.444,6268.8813
8113,2022-05-17,6564.37,6822.7114
8114,2022-05-18,6587.2715,6987.74
8115,2022-05-19,6561.0967,6847.247
8116,2022-05-20,6580.7285,6763.4644
8117,2022-05-21,6432.5576,6449.54
8118,2022-05-22,6274.5713,6342.958
8119,2022-05-23,6378.805,6885.347
8120,2022-05-24,6567.639,6958.534
8121,2022-05-25,6577.9233,6836.7407
8122,2022-05-26,6576.52,6774.118
8123,2022-05-27,6575.587,6884.5874
8124,2022-05-28,6426.948,6498.261
8125,2022-05-29,6262.416,6377.7505
8126,2022-05-30,6367.1187,6981.6167
8127,2022-05-31,6560.6274,7030.879
8128,2022-06-01,6578.391,6927.8315
8129,2022-06-02,6556.892,6821.3877
8130,2022-05-05,6747.456,6869.4707
8131,2022-05-06,6695.5654,6928.258
8132,2022-05-07,6648.8184,6462.505
8133,2022-05-08,6308.0337,6204.3804
8134,2022-05-09,6216.877,6883.0767
8135,2022-05-10,6623.1064,6997.5327
8136,2022-05-11,6670.788,6763.599
8137,2022-05-12,6673.5933,6886.712
8138,2022-05-13,6650.6875,6894.8184
8139,2022-05-14,6619.834,6648.1865
8140,2022-05-15,6300.554,6364.372
8141,2022-05-16,6211.736,6268.8813
8142,2022-05-17,6620.3,6822.7114
8143,2022-05-18,6686.6826,6987.74
8144,2022-05-19,6680.6055,6847.247
8145,2022-05-20,6655.8306,6763.4644
8146,2022-05-21,6588.047,6449.54
8147,2022-05-22,6272.9746,6342.958
8148,2022-05-23,6206.5933,6885.347
8149,2022-05-24,6583.84,6958.534
8150,2022-05-25,6643.208,6836.7407
8151,2022-05-26,6640.4023,6774.118
8152,2022-05-27,6637.5986,6884.5874
8153,2022-05-28,6572.152,6498.261
8154,2022-05-29,6268.766,6377.7505
8155,2022-05-30,6182.283,6981.6167
8156,2022-05-31,6581.502,7030.879
8157,2022-06-01,6652.091,6927.8315
8158,2022-06-02,6631.9893,6821.3877
8159,2022-06-03,6624.5107,6713.927
8160,2022-05-06,6760.1587,6928.258
8161,2022-05-07,6672.7295,6462.505
8162,2022-05-08,6379.5854,6204.3804
8163,2022-05-09,6266.908,6883.0767
8164,2022-05-10,6655.897,6997.5327
8165,2022-05-11,6685.82,6763.599
8166,2022-05-12,6710.1333,6886.712
8167,2022-05-13,6690.964,6894.8184
8168,2022-05-14,6651.2246,6648.1865
8169,2022-05-15,6369.7676,6364.372
8170,2022-05-16,6269.247,6268.8813
8171,2022-05-17,6637.1963,6822.7114
8172,2022-05-18,6673.6655,6987.74
8173,2022-05-19,6668.524,6847.247
8174,2022-05-20,6664.7827,6763.4644
8175,2022-05-21,6590.9126,6449.54
8176,2022-05-22,6298.7,6342.958
8177,2022-05-23,6230.439,6885.347
8178,2022-05-24,6586.703,6958.534
8179,2022-05-25,6642.34,6836.7407
8180,2022-05-26,6648.418,6774.118
8181,2022-05-27,6627.8467,6884.5874
8182,2022-05-28,6564.261,6498.261
8183,2022-05-29,6294.0215,6377.7505
8184,2022-05-30,6246.3345,6981.6167
8185,2022-05-31,6578.288,7030.879
8186,2022-06-01,6627.846,6927.8315
8187,2022-06-02,6636.263,6821.3877
8188,2022-06-03,6616.1587,6713.927
8189,2022-06-04,6557.2495,6374.575
8190,2022-05-07,6779.6895,6462.505
8191,2022-05-08,6472.924,6204.3804
8192,2022-05-09,6295.2227,6883.0767
8193,2022-05-10,6594.5063,6997.5327
8194,2022-05-11,6713.7544,6763.599
8195,2022-05-12,6734.7954,6886.712
8196,2022-05-13,6748.3574,6894.8184
8197,2022-05-14,6691.3066,6648.1865
8198,2022-05-15,6435.513,6364.372
8199,2022-05-16,6293.3535,6268.8813
8200,2022-05-17,6616.9536,6822.7114
8201,2022-05-18,6712.82,6987.74
8202,2022-05-19,6716.0913,6847.247
8203,2022-05-20,6716.5586,6763.4644
8204,2022-05-21,6652.0264,6449.54
8205,2022-05-22,6389.2163,6342.958
8206,2022-05-23,6278.39,6885.347
8207,2022-05-24,6585.1543,6958.534
8208,2022-05-25,6671.665,6836.7407
8209,2022-05-26,6688.9683,6774.118
8210,2022-05-27,6666.5225,6884.5874
8211,2022-05-28,6632.3857,6498.261
8212,2022-05-29,6349.469,6377.7505
8213,2022-05-30,6244.252,6981.6167
8214,2022-05-31,6580.0107,7030.879
8215,2022-06-01,6688.034,6927.8315
8216,2022-06-02,6698.3213,6821.3877
8217,2022-06-03,6673.5356,6713.927
8218,2022-06-04,6630.5127,6374.575
8219,2022-06-05,6381.7363,6229.9946
8220,2022-05-08,6278.241,6204.3804
8221,2022-05-09,6621.963,6883.0767
8222,2022-05-10,6679.9526,6997.5327
8223,2022-05-11,6684.627,6763.599
8224,2022-05-12,6653.295,6886.712
8225,2022-05-13,6628.51,6894.8184
8226,2022-05-14,6327.3457,6648.1865
8227,2022-05-15,6211.368,6364.372
8228,2022-05-16,6594.371,6268.8813
8229,2022-05-17,6666.389,6822.7114
8230,2022-05-18,6657.973,6987.74
8231,2022-05-19,6648.15,6847.247
8232,2022-05-20,6590.63,6763.4644
8233,2022-05-21,6303.0273,6449.54
8234,2022-05-22,6198.741,6342.958
8235,2022-05-23,6584.549,6885.347
8236,2022-05-24,6649.555,6958.534
8237,2022-05-25,6675.2764,6836.7407
8238,2022-05-26,6656.1,6774.118
8239,2022-05-27,6585.0195,6884.5874
8240,2022-05-28,6301.625,6498.261
8241,2022-05-29,6218.852,6377.7505
8242,2022-05-30,6583.6167,6981.6167
8243,2022-05-31,6626.639,7030.879
8244,2022-06-01,6638.799,6927.8315
8245,2022-06-02,6639.264,6821.3877
8246,2022-06-03,6573.7944,6713.927
8247,2022-06-04,6298.8174,6374.575
8248,2022-06-05,6228.2026,6229.9946
8249,2022-06-06,6588.76,6698.9053
8250,2022-05-09,6331.5376,6883.0767
8251,2022-05-10,6626.647,6997.5327
8252,2022-05-11,6643.017,6763.599
8253,2022-05-12,6633.6636,6886.712
8254,2022-05-13,6610.2783,6894.8184
8255,2022-05-14,6470.9067,6648.1865
8256,2022-05-15,6221.6323,6364.372
8257,2022-05-16,6367.551,6268.8813
8258,2022-05-17,6650.0312,6822.7114
8259,2022-05-18,6669.6743,6987.74
8260,2022-05-19,6675.753,6847.247
8261,2022-05-20,6628.05,6763.4644
8262,2022-05-21,6474.1807,6449.54
8263,2022-05-22,6240.34,6342.958
8264,2022-05-23,6352.583,6885.347
8265,2022-05-24,6607.94,6958.534
8266,2022-05-25,6642.081,6836.7407
8267,2022-05-26,6606.0693,6774.118
8268,2022-05-27,6562.572,6884.5874
8269,2022-05-28,6424.6064,6498.261
8270,2022-05-29,7099.011,6377.7505
8271,2022-05-30,6314.234,6981.6167
8272,2022-05-31,6598.12,7030.879
8273,2022-06-01,6622.9062,6927.8315
8274,2022-06-02,6618.2295,6821.3877
8275,2022-06-03,6590.1675,6713.927
8276,2022-06-04,6418.06,6374.575
8277,2022-06-05,6203.86,6229.9946
8278,2022-06-06,6332.94,6698.9053
8279,2022-06-07,6594.3765,6733.6265
8280,2022-05-10,6813.3364,6997.5327
8281,2022-05-11,6799.768,6763.599
8282,2022-05-12,6744.561,6886.712
8283,2022-05-13,6705.73,6894.8184
8284,2022-05-14,6367.9404,6648.1865
8285,2022-05-15,6243.025,6364.372
8286,2022-05-16,6667.366,6268.8813
8287,2022-05-17,6709.005,6822.7114
8288,2022-05-18,6718.3633,6987.74
8289,2022-05-19,6702.9214,6847.247
8290,2022-05-20,6643.0386,6763.4644
8291,2022-05-21,6330.9814,6449.54
8292,2022-05-22,6225.7124,6342.958
8293,2022-05-23,6641.166,6885.347
8294,2022-05-24,6713.2163,6958.534
8295,2022-05-25,6709.007,6836.7407
8296,2022-05-26,6687.486,6774.118
8297,2022-05-27,6603.2705,6884.5874
8298,2022-05-28,6287.469,6498.261
8299,2022-05-29,6205.131,6377.7505
8300,2022-05-30,6624.7925,6981.6167
8301,2022-05-31,6687.0176,7030.879
8302,2022-06-01,6697.31,6927.8315
8303,2022-06-02,6666.4307,6821.3877
8304,2022-06-03,6612.16,6713.927
8305,2022-06-04,6301.036,6374.575
8306,2022-06-05,6236.9434,6229.9946
8307,2022-06-06,6623.3887,6698.9053
8308,2022-06-07,6681.4033,6733.6265
8309,2022-06-08,6686.551,6650.0415
8310,2022-05-11,6917.4106,6763.599
8311,2022-05-12,6869.209,6886.712
8312,2022-05-13,6813.99,6894.8184
8313,2022-05-14,6494.369,6648.1865
8314,2022-05-15,6322.1587,6364.372
8315,2022-05-16,6746.6035,6268.8813
8316,2022-05-17,6809.7773,6822.7114
8317,2022-05-18,6821.4756,6987.74
8318,2022-05-19,6800.42,6847.247
8319,2022-05-20,6776.5537,6763.4644
8320,2022-05-21,6410.1367,6449.54
8321,2022-05-22,6280.5117,6342.958
8322,2022-05-23,6707.293,6885.347
8323,2022-05-24,6782.1675,6958.534
8324,2022-05-25,6771.405,6836.7407
8325,2022-05-26,6743.3267,6774.118
8326,2022-05-27,6680.622,6884.5874
8327,2022-05-28,6365.68,6498.261
8328,2022-05-29,6252.4346,6377.7505
8329,2022-05-30,6674.536,6981.6167
8330,2022-05-31,6751.281,7030.879
8331,2022-06-01,6760.1733,6927.8315
8332,2022-06-02,6734.435,6821.3877
8333,2022-06-03,6701.209,6713.927
8334,2022-06-04,6393.2905,6374.575
8335,2022-06-05,6273.4917,6229.9946
8336,2022-06-06,6698.4004,6698.9053
8337,2022-06-07,6759.7046,6733.6265
8338,2022-06-08,6761.109,6650.0415
8339,2022-06-09,6727.4155,6711.8936
8340,2022-05-12,6774.3364,6886.712
8341,2022-05-13,6741.1064,6894.8184
8342,2022-05-14,6403.1836,6648.1865
8343,2022-05-15,6241.7124,6364.372
8344,2022-05-16,6683.5386,6268.8813
8345,2022-05-17,6765.4443,6822.7114
8346,2022-05-18,6764.9756,6987.74
8347,2022-05-19,6752.805,6847.247
8348,2022-05-20,6706.0015,6763.4644
8349,2022-05-21,6397.5693,6449.54
8350,2022-05-22,6231.8833,6342.958
8351,2022-05-23,6672.304,6885.347
8352,2022-05-24,6749.5293,6958.534
8353,2022-05-25,6756.549,6836.7407
8354,2022-05-26,6751.87,6774.118
8355,2022-05-27,6710.214,6884.5874
8356,2022-05-28,6370.89,6498.261
8357,2022-05-29,6233.2856,6377.7505
8358,2022-05-30,6679.3257,6981.6167
8359,2022-05-31,6728.469,7030.879
8360,2022-06-01,6755.1475,6927.8315
8361,2022-06-02,6737.359,6821.3877
8362,2022-06-03,6686.811,6713.927
8363,2022-06-04,6372.7637,6374.575
8364,2022-06-05,6248.265,6229.9946
8365,2022-06-06,6646.095,6698.9053
8366,2022-06-07,6713.959,6733.6265
8367,2022-06-08,6743.913,6650.0415
8368,2022-06-09,6720.044,6711.8936
8369,2022-06-10,6687.75,6301.578
8370,2022-05-13,6785.0645,6894.8184
8371,2022-05-14,6405.88,6648.1865
8372,2022-05-15,6244.377,6364.372
8373,2022-05-16,6686.2905,6268.8813
8374,2022-05-17,6725.1445,6822.7114
8375,2022-05-18,6737.3154,6987.74
8376,2022-05-19,6726.549,6847.247
8377,2022-05-20,6682.545,6763.4644
8378,2022-05-21,6337.5337,6449.54
8379,2022-05-22,6203.181,6342.958
8380,2022-05-23,6636.2,6885.347
8381,2022-05-24,6719.527,6958.534
8382,2022-05-25,6703.611,6836.7407
8383,2022-05-26,6698.4614,6774.118
8384,2022-05-27,6650.2437,6884.5874
8385,2022-05-28,6316.0,6498.261
8386,2022-05-29,6205.0537,6377.7505
8387,2022-05-30,6637.136,6981.6167
8388,2022-05-31,6701.2695,7030.879
8389,2022-06-01,6724.208,6927.8315
8390,2022-06-02,6713.9087,6821.3877
8391,2022-06-03,6655.8613,6713.927
8392,2022-06-04,6335.1934,6374.575
8393,2022-06-05,6223.3105,6229.9946
8394,2022-06-06,6620.2837,6698.9053
8395,2022-06-07,6677.395,6733.6265
8396,2022-06-08,6682.076,6650.0415
8397,2022-06-09,6678.7993,6711.8936
8398,2022-06-10,6653.9883,6301.578
8399,2022-06-11,6337.5337,6063.304
8400,2022-05-14,6451.7275,6648.1865
8401,2022-05-15,6277.5474,6364.372
8402,2022-05-16,6699.889,6268.8813
8403,2022-05-17,6755.608,6822.7114
8404,2022-05-18,6754.2036,6987.74
8405,2022-05-19,6727.515,6847.247
8406,2022-05-20,6688.6504,6763.4644
8407,2022-05-21,6370.2544,6449.54
8408,2022-05-22,6240.5566,6342.958
8409,2022-05-23,6640.424,6885.347
8410,2022-05-24,6707.848,6958.534
8411,2022-05-25,6700.3564,6836.7407
8412,2022-05-26,6677.882,6774.118
8413,2022-05-27,6649.322,6884.5874
8414,2022-05-28,6336.0767,6498.261
8415,2022-05-29,6209.6533,6377.7505
8416,2022-05-30,6622.1636,6981.6167
8417,2022-05-31,6669.4536,7030.879
8418,2022-06-01,6685.8438,6927.8315
8419,2022-06-02,6674.6064,6821.3877
8420,2022-06-03,6626.3755,6713.927
8421,2022-06-04,6315.4736,6374.575
8422,2022-06-05,6198.8843,6229.9946
8423,2022-06-06,6595.005,6698.9053
8424,2022-06-07,6678.819,6733.6265
8425,2022-06-08,6691.927,6650.0415
8426,2022-06-09,6657.7485,6711.8936
8427,2022-06-10,6628.2485,6301.578
8428,2022-06-11,6344.034,6063.304
8429,2022-06-12,6230.7236,6229.9946
8430,2022-05-15,6329.625,6364.372
8431,2022-05-16,6741.264,6268.8813
8432,2022-05-17,6791.8423,6822.7114
8433,2022-05-18,6773.11,6987.74
8434,2022-05-19,6758.1265,6847.247
8435,2022-05-20,6737.987,6763.4644
8436,2022-05-21,6403.6177,6449.54
8437,2022-05-22,6260.7827,6342.958
8438,2022-05-23,6695.3706,6885.347
8439,2022-05-24,6753.908,6958.534
8440,2022-05-25,6764.6826,6836.7407
8441,2022-05-26,6741.263,6774.118
8442,2022-05-27,6690.2207,6884.5874
8443,2022-05-28,6357.723,6498.261
8444,2022-05-29,6250.948,6377.7505
8445,2022-05-30,6660.25,6981.6167
8446,2022-05-31,6735.1777,7030.879
8447,2022-06-01,6763.2764,6927.8315
8448,2022-06-02,6746.884,6821.3877
8449,2022-06-03,6707.0796,6713.927
8450,2022-06-04,6391.9106,6374.575
8451,2022-06-05,6273.4277,6229.9946
8452,2022-06-06,6671.489,6698.9053
8453,2022-06-07,6740.797,6733.6265
8454,2022-06-08,6763.2764,6650.0415
8455,2022-06-09,6751.1006,6711.8936
8456,2022-06-10,6704.7373,6301.578
8457,2022-06-11,6380.6694,6063.304
8458,2022-06-12,6310.8926,6229.9946
8459,2022-06-13,6716.445,6607.771
8460,2022-05-16,6744.358,6268.8813
8461,2022-05-17,6795.88,6822.7114
8462,2022-05-18,6809.4644,6987.74
8463,2022-05-19,6795.88,6847.247
8464,2022-05-20,6743.89,6763.4644
8465,2022-05-21,6424.916,6449.54
8466,2022-05-22,6297.513,6342.958
8467,2022-05-23,6713.9126,6885.347
8468,2022-05-24,6790.7285,6958.534
8469,2022-05-25,6787.449,6836.7407
8470,2022-05-26,6778.082,6774.118
8471,2022-05-27,6714.381,6884.5874
8472,2022-05-28,6391.192,6498.261
8473,2022-05-29,6289.55,6377.7505
8474,2022-05-30,6663.7944,6981.6167
8475,2022-05-31,6742.953,7030.879
8476,2022-06-01,6751.852,6927.8315
8477,2022-06-02,6748.573,6821.3877
8478,2022-06-03,6686.748,6713.927
8479,2022-06-04,6392.5977,6374.575
8480,2022-06-05,6292.8296,6229.9946
8481,2022-06-06,6705.0117,6698.9053
8482,2022-06-07,6749.5107,6733.6265
8483,2022-06-08,6764.03,6650.0415
8484,2022-06-09,6757.4727,6711.8936
8485,2022-06-10,6685.341,6301.578
8486,2022-06-11,6389.317,6063.304
8487,2022-06-12,6322.338,6229.9946
8488,2022-06-13,6714.381,6607.771
8489,2022-06-14,6764.967,6668.43
8490,2022-05-17,6684.698,6822.7114
8491,2022-05-18,6713.275,6987.74
8492,2022-05-19,6696.41,6847.247
8493,2022-05-20,6665.022,6763.4644
8494,2022-05-21,6513.236,6449.54
8495,2022-05-22,6254.636,6342.958
8496,2022-05-23,6364.2593,6885.347
8497,2022-05-24,6637.852,6958.534
8498,2022-05-25,6686.1045,6836.7407
8499,2022-05-26,6656.591,6774.118
8500,2022-05-27,6641.6,6884.5874
8501,2022-05-28,6501.9927,6498.261
8502,2022-05-29,6269.627,6377.7505
8503,2022-05-30,6386.28,6981.6167
8504,2022-05-31,6641.5986,7030.879
8505,2022-06-01,6676.7363,6927.8315
8506,2022-06-02,6685.6357,6821.3877
8507,2022-06-03,6647.2188,6713.927
8508,2022-06-04,6492.1543,6374.575
8509,2022-06-05,6270.0957,6229.9946
8510,2022-06-06,6378.315,6698.9053
8511,2022-06-07,6636.9136,6733.6265
8512,2022-06-08,6661.275,6650.0415
8513,2022-06-09,6659.402,6711.8936
8514,2022-06-10,6648.625,6301.578
8515,2022-06-11,6485.5957,6063.304
8516,2022-06-12,6291.1787,6229.9946
8517,2022-06-13,6410.1675,6607.771
8518,2022-06-14,6649.0923,6668.43
8519,2022-06-15,6706.2476,6746.6987
8520,2022-05-18,6841.608,6987.74
8521,2022-05-19,6822.3965,6847.247
8522,2022-05-20,6769.917,6763.4644
8523,2022-05-21,6665.895,6449.54
8524,2022-05-22,6352.418,6342.958
8525,2022-05-23,6290.5684,6885.347
8526,2022-05-24,6711.3457,6958.534
8527,2022-05-25,6750.236,6836.7407
8528,2022-05-26,6733.8364,6774.118
8529,2022-05-27,6702.442,6884.5874
8530,2022-05-28,6614.352,6498.261
8531,2022-05-29,6318.213,6377.7505
8532,2022-05-30,6254.958,6981.6167
8533,2022-05-31,6667.3,7030.879
8534,2022-06-01,6729.619,6927.8315
8535,2022-06-02,6716.967,6821.3877
8536,2022-06-03,6705.7207,6713.927
8537,2022-06-04,6614.8193,6374.575
8538,2022-06-05,6330.865,6229.9946
8539,2022-06-06,6316.8086,6698.9053
8540,2022-06-07,6664.0195,6733.6265
8541,2022-06-08,6701.504,6650.0415
8542,2022-06-09,6696.351,6711.8936
8543,2022-06-10,6676.203,6301.578
8544,2022-06-11,6589.5156,6063.304
8545,2022-06-12,6324.773,6229.9946
8546,2022-06-13,6349.1377,6607.771
8547,2022-06-14,6679.014,6668.43
8548,2022-06-15,6718.842,6746.6987
8549,2022-06-16,6721.6533,6619.94
8550,2022-05-19,6908.777,6847.247
8551,2022-05-20,6840.3496,6763.4644
8552,2022-05-21,6749.427,6449.54
8553,2022-05-22,6385.7305,6342.958
8554,2022-05-23,6366.515,6885.347
8555,2022-05-24,6771.922,6958.534
8556,2022-05-25,6789.7314,6836.7407
8557,2022-05-26,6791.1387,6774.118
8558,2022-05-27,6762.549,6884.5874
8559,2022-05-28,6664.127,6498.261
8560,2022-05-29,6376.357,6377.7505
8561,2022-05-30,6333.241,6981.6167
8562,2022-05-31,6698.8086,7030.879
8563,2022-06-01,6760.674,6927.8315
8564,2022-06-02,6768.6426,6821.3877
8565,2022-06-03,6749.428,6713.927
8566,2022-06-04,6667.4077,6374.575
8567,2022-06-05,6355.735,6229.9946
8568,2022-06-06,6332.3037,6698.9053
8569,2022-06-07,6690.375,6733.6265
8570,2022-06-08,6762.08,6650.0415
8571,2022-06-09,6772.3926,6711.8936
8572,2022-06-10,6744.7417,6301.578
8573,2022-06-11,6663.1895,6063.304
8574,2022-06-12,6371.2026,6229.9946
8575,2022-06-13,6383.857,6607.771
8576,2022-06-14,6737.707,6668.43
8577,2022-06-15,6770.049,6746.6987
8578,2022-06-16,6770.986,6619.94
8579,2022-06-17,6770.516,6567.1587
8580,2022-05-20,6814.7925,6763.4644
8581,2022-05-21,6751.9785,6449.54
8582,2022-05-22,6400.4126,6342.958
8583,2022-05-23,6280.4087,6885.347
8584,2022-05-24,6728.5405,6958.534
8585,2022-05-25,6796.042,6836.7407
8586,2022-05-26,6786.198,6774.118
8587,2022-05-27,6763.698,6884.5874
8588,2022-05-28,6701.8223,6498.261
8589,2022-05-29,6366.6606,6377.7505
8590,2022-05-30,6256.502,6981.6167
8591,2022-05-31,6690.572,7030.879
8592,2022-06-01,6734.635,6927.8315
8593,2022-06-02,6752.448,6821.3877
8594,2022-06-03,6733.698,6713.927
8595,2022-06-04,6686.822,6374.575
8596,2022-06-05,6375.5674,6229.9946
8597,2022-06-06,6304.784,6698.9053
8598,2022-06-07,6713.54,6733.6265
8599,2022-06-08,6763.2285,6650.0415
8600,2022-06-09,6773.0723,6711.8936
8601,2022-06-10,6756.666,6301.578
8602,2022-06-11,6705.103,6063.304
8603,2022-06-12,6397.131,6229.9946
8604,2022-06-13,6312.753,6607.771
8605,2022-06-14,6690.103,6668.43
8606,2022-06-15,6767.917,6746.6987
8607,2022-06-16,6773.0737,6619.94
8608,2022-06-17,6748.6973,6567.1587
8609,2022-06-18,6701.822,6276.1724
8610,2022-05-21,6664.6157,6449.54
8611,2022-05-22,6344.3945,6342.958
8612,2022-05-23,6262.3477,6885.347
8613,2022-05-24,6718.0596,6958.534
8614,2022-05-25,6756.0386,6836.7407
8615,2022-05-26,6739.161,6774.118
8616,2022-05-27,6694.621,6884.5874
8617,2022-05-28,6624.7627,6498.261
8618,2022-05-29,6322.8276,6377.7505
8619,2022-05-30,6284.852,6981.6167
8620,2022-05-31,6689.464,7030.879
8621,2022-06-01,6725.095,6927.8315
8622,2022-06-02,6711.965,6821.3877
8623,2022-06-03,6700.714,6713.927
8624,2022-06-04,6636.486,6374.575
8625,2022-06-05,6362.212,6229.9946
8626,2022-06-06,6318.14,6698.9053
8627,2022-06-07,6686.1826,6733.6265
8628,2022-06-08,6757.915,6650.0415
8629,2022-06-09,6750.4146,6711.8936
8630,2022-06-10,6743.381,6301.578
8631,2022-06-11,6659.457,6063.304
8632,2022-06-12,6373.464,6229.9946
8633,2022-06-13,6350.96,6607.771
8634,2022-06-14,6699.7793,6668.43
8635,2022-06-15,6734.942,6746.6987
8636,2022-06-16,6729.314,6619.94
8637,2022-06-17,6735.878,6567.1587
8638,2022-06-18,6655.237,6276.1724
8639,2022-06-19,6337.3623,6147.3833
8640,2022-05-22,6216.1,6342.958
8641,2022-05-23,6648.9194,6885.347
8642,2022-05-24,6749.739,6958.534
8643,2022-05-25,6772.7163,6836.7407
8644,2022-05-26,6743.175,6774.118
8645,2022-05-27,6703.785,6884.5874
8646,2022-05-28,6381.6323,6498.261
8647,2022-05-29,6208.5977,6377.7505
8648,2022-05-30,6612.8125,6981.6167
8649,2022-05-31,6738.0156,7030.879
8650,2022-06-01,6743.176,6927.8315
8651,2022-06-02,6728.169,6821.3877
8652,2022-06-03,6685.0293,6713.927
8653,2022-06-04,6384.445,6374.575
8654,2022-06-05,6233.449,6229.9946
8655,2022-06-06,6632.509,6698.9053
8656,2022-06-07,6717.3813,6733.6265
8657,2022-06-08,6725.3564,6650.0415
8658,2022-06-09,6734.735,6711.8936
8659,2022-06-10,6684.5586,6301.578
8660,2022-06-11,6392.8857,6063.304
8661,2022-06-12,6276.1226,6229.9946
8662,2022-06-13,6641.4194,6607.771
8663,2022-06-14,6723.48,6668.43
8664,2022-06-15,6734.2676,6746.6987
8665,2022-06-16,6732.389,6619.94
8666,2022-06-17,6686.906,6567.1587
8667,2022-06-18,6374.1294,6276.1724
8668,2022-06-19,6244.7046,6147.3833
8669,2022-06-20,6618.4395,6500.2524
8670,2022-05-23,6565.3325,6885.347
8671,2022-05-24,6799.3555,6958.534
8672,2022-05-25,6804.5137,6836.7407
8673,2022-05-26,6796.072,6774.118
8674,2022-05-27,6751.5186,6884.5874
8675,2022-05-28,6475.7563,6498.261
8676,2022-05-29,6286.285,6377.7505
8677,2022-05-30,6576.589,6981.6167
8678,2022-05-31,6780.596,7030.879
8679,2022-06-01,6790.4443,6927.8315
8680,2022-06-02,6775.9062,6821.3877
8681,2022-06-03,6733.701,6713.927
8682,2022-06-04,6484.668,6374.575
8683,2022-06-05,6296.135,6229.9946
8684,2022-06-06,6583.623,6698.9053
8685,2022-06-07,6775.905,6733.6265
8686,2022-06-08,6779.192,6650.0415
8687,2022-06-09,6764.6514,6711.8936
8688,2022-06-10,6739.3257,6301.578
8689,2022-06-11,6492.639,6063.304
8690,2022-06-12,6318.647,6229.9946
8691,2022-06-13,6616.4517,6607.771
8692,2022-06-14,6752.458,6668.43
8693,2022-06-15,6775.4375,6746.6987
8694,2022-06-16,6754.8037,6619.94
8695,2022-06-17,6731.351,6567.1587
8696,2022-06-18,6477.1636,6276.1724
8697,2022-06-19,6290.5083,6147.3833
8698,2022-06-20,6572.835,6500.2524
8699,2022-06-21,6733.6973,6574.184
8700,2022-05-24,6916.301,6958.534
8701,2022-05-25,6877.3613,6836.7407
8702,2022-05-26,6836.5464,6774.118
8703,2022-05-27,6765.234,6884.5874
8704,2022-05-28,6424.6265,6498.261
8705,2022-05-29,6312.966,6377.7505
8706,2022-05-30,6771.3325,6981.6167
8707,2022-05-31,6824.3477,7030.879
8708,2022-06-01,6801.8286,6927.8315
8709,2022-06-02,6758.196,6821.3877
8710,2022-06-03,6707.527,6713.927
8711,2022-06-04,6380.9937,6374.575
8712,2022-06-05,6271.21,6229.9946
8713,2022-06-06,6716.4395,6698.9053
8714,2022-06-07,6764.7637,6733.6265
8715,2022-06-08,6744.5894,6650.0415
8716,2022-06-09,6713.627,6711.8936
8717,2022-06-10,6683.6,6301.578
8718,2022-06-11,6361.7573,6063.304
8719,2022-06-12,6296.5454,6229.9946
8720,2022-06-13,6695.7964,6607.771
8721,2022-06-14,6748.8125,6668.43
8722,2022-06-15,6723.01,6746.6987
8723,2022-06-16,6732.3906,6619.94
8724,2022-06-17,6697.674,6567.1587
8725,2022-06-18,6378.647,6276.1724
8726,2022-06-19,6302.6436,6147.3833
8727,2022-06-20,6733.8,6500.2524
8728,2022-06-21,6792.913,6574.184
8729,2022-06-22,6779.3105,6625.063
8730,2022-05-25,6887.7676,6836.7407
8731,2022-05-26,6841.311,6774.118
8732,2022-05-27,6779.3687,6884.5874
8733,2022-05-28,6418.042,6498.261
8734,2022-05-29,6297.911,6377.7505
8735,2022-05-30,6767.639,6981.6167
8736,2022-05-31,6828.6406,7030.879
8737,2022-06-01,6817.8486,6927.8315
8738,2022-06-02,6787.348,6821.3877
8739,2022-06-03,6754.4995,6713.927
8740,2022-06-04,6401.618,6374.575
8741,2022-06-05,6294.627,6229.9946
8742,2022-06-06,6733.3813,6698.9053
8743,2022-06-07,6794.385,6733.6265
8744,2022-06-08,6775.145,6650.0415
8745,2022-06-09,6752.621,6711.8936
8746,2022-06-10,6719.305,6301.578
8747,2022-06-11,6390.825,6063.304
8748,2022-06-12,6285.7095,6229.9946
8749,2022-06-13,6700.535,6607.771
8750,2022-06-14,6761.54,6668.43
8751,2022-06-15,6762.947,6746.6987
8752,2022-06-16,6754.03,6619.94
8753,2022-06-17,6695.3745,6567.1587
8754,2022-06-18,6387.54,6276.1724
8755,2022-06-19,6299.7876,6147.3833
8756,2022-06-20,6691.6167,6500.2524
8757,2022-06-21,6769.0454,6574.184
8758,2022-06-22,6792.976,6625.063
8759,2022-06-23,6763.8833,6634.1035
8760,2022-05-26,6806.95,6774.118
8761,2022-05-27,6729.037,6884.5874
8762,2022-05-28,6408.471,6498.261
8763,2022-05-29,6279.866,6377.7505
8764,2022-05-30,6738.892,6981.6167
8765,2022-05-31,6813.5186,7030.879
8766,2022-06-01,6794.2754,6927.8315
8767,2022-06-02,6773.155,6821.3877
8768,2022-06-03,6722.9336,6713.927
8769,2022-06-04,6396.7373,6374.575
8770,2022-06-05,6273.766,6229.9946
8771,2022-06-06,6726.6904,6698.9053
8772,2022-06-07,6778.7856,6733.6265
8773,2022-06-08,6773.6245,6650.0415
8774,2022-06-09,6767.5225,6711.8936
8775,2022-06-10,6714.0186,6301.578
8776,2022-06-11,6409.878,6063.304
8777,2022-06-12,6300.989,6229.9946
8778,2022-06-13,6715.895,6607.771
8779,2022-06-14,6790.5205,6668.43
8780,2022-06-15,6784.42,6746.6987
8781,2022-06-16,6771.2773,6619.94
8782,2022-06-17,6729.9746,6567.1587
8783,2022-06-18,6406.5933,6276.1724
8784,2022-06-19,6290.6626,6147.3833
8785,2022-06-20,6701.3457,6500.2524
8786,2022-06-21,6770.8076,6574.184
8787,2022-06-22,6770.8086,6625.063
8788,2022-06-23,6733.261,6634.1035
8789,2022-06-24,6679.285,6594.271
8790,2022-05-27,6658.415,6884.5874
8791,2022-05-28,6334.0337,6498.261
8792,2022-05-29,6244.373,6377.7505
8793,2022-05-30,6680.948,6981.6167
8794,2022-05-31,6733.522,7030.879
8795,2022-06-01,6749.013,6927.8315
8796,2022-06-02,6738.6895,6821.3877
8797,2022-06-03,6657.0073,6713.927
8798,2022-06-04,6349.0566,6374.575
8799,2022-06-05,6264.562,6229.9946
8800,2022-06-06,6700.6626,6698.9053
8801,2022-06-07,6744.32,6733.6265
8802,2022-06-08,6730.2363,6650.0415
8803,2022-06-09,6707.2344,6711.8936
8804,2022-06-10,6650.9,6301.578
8805,2022-06-11,6325.585,6063.304
8806,2022-06-12,6227.0073,6229.9946
8807,2022-06-13,6661.7,6607.771
8808,2022-06-14,6729.768,6668.43
8809,2022-06-15,6732.1133,6746.6987
8810,2022-06-16,6746.6655,6619.94
8811,2022-06-17,6677.1914,6567.1587
8812,2022-06-18,6352.3438,6276.1724
8813,2022-06-19,6264.092,6147.3833
8814,2022-06-20,6655.5977,6500.2524
8815,2022-06-21,6746.1973,6574.184
8816,2022-06-22,6750.422,6625.063
8817,2022-06-23,6751.3613,6634.1035
8818,2022-06-24,6669.6816,6594.271
8819,2022-06-25,6375.3467,6191.5137
8820,2022-05-28,6474.6333,6498.261
8821,2022-05-29,6307.0024,6377.7505
8822,2022-05-30,6750.728,6981.6167
8823,2022-05-31,6851.6816,7030.879
8824,2022-06-01,6830.5493,6927.8315
8825,2022-06-02,6793.458,6821.3877
8826,2022-06-03,6763.4062,6713.927
8827,2022-06-04,6424.39,6374.575
8828,2022-06-05,6274.603,6229.9946
8829,2022-06-06,6716.4517,6698.9053
8830,2022-06-07,6803.3193,6733.6265
8831,2022-06-08,6812.2407,6650.0415
8832,2022-06-09,6770.92,6711.8936
8833,2022-06-10,6742.2744,6301.578
8834,2022-06-11,6419.6943,6063.304
8835,2022-06-12,6278.361,6229.9946
8836,2022-06-13,6675.13,6607.771
8837,2022-06-14,6762.4673,6668.43
8838,2022-06-15,6767.1626,6746.6987
8839,2022-06-16,6755.424,6619.94
8840,2022-06-17,6730.536,6567.1587
8841,2022-06-18,6396.2163,6276.1724
8842,2022-06-19,6260.9863,6147.3833
8843,2022-06-20,6658.6973,6500.2524
8844,2022-06-21,6753.076,6574.184
8845,2022-06-22,6745.562,6625.063
8846,2022-06-23,6733.825,6634.1035
8847,2022-06-24,6690.625,6594.271
8848,2022-06-25,6393.869,6191.5137
8849,2022-06-26,6264.2754,6163.2227
8850,2022-05-29,6284.848,6377.7505
8851,2022-05-30,6765.3276,6981.6167
8852,2022-05-31,6835.781,7030.879
8853,2022-06-01,6814.1743,6927.8315
8854,2022-06-02,6767.6777,6821.3877
8855,2022-06-03,6729.161,6713.927
8856,2022-06-04,6391.465,6374.575
8857,2022-06-05,6309.7393,6229.9946
8858,2022-06-06,6762.038,6698.9053
8859,2022-06-07,6825.446,6733.6265
8860,2022-06-08,6813.236,6650.0415
8861,2022-06-09,6793.04,6711.8936
8862,2022-06-10,6717.4214,6301.578
8863,2022-06-11,6406.024,6063.304
8864,2022-06-12,6307.39,6229.9946
8865,2022-06-13,6715.5425,6607.771
8866,2022-06-14,6788.8105,6668.43
8867,2022-06-15,6795.8564,6746.6987
8868,2022-06-16,6800.5537,6619.94
8869,2022-06-17,6737.616,6567.1587
8870,2022-06-18,6421.0537,6276.1724
8871,2022-06-19,6341.6763,6147.3833
8872,2022-06-20,6728.2227,6500.2524
8873,2022-06-21,6801.9624,6574.184
8874,2022-06-22,6809.477,6625.063
8875,2022-06-23,6813.2344,6634.1035
8876,2022-06-24,6740.433,6594.271
8877,2022-06-25,6436.084,6191.5137
8878,2022-06-26,6354.3594,6163.2227
8879,2022-06-27,6715.5405,6762.432
8880,2022-05-30,6844.6206,6981.6167
8881,2022-05-31,6866.7,7030.879
8882,2022-06-01,6849.3164,6927.8315
8883,2022-06-02,6798.5776,6821.3877
8884,2022-06-03,6738.4434,6713.927
8885,2022-06-04,6398.302,6374.575
8886,2022-06-05,6292.5957,6229.9946
8887,2022-06-06,6784.4844,6698.9053
8888,2022-06-07,6850.7256,6733.6265
8889,2022-06-08,6837.5723,6650.0415
8890,2022-06-09,6796.2305,6711.8936
8891,2022-06-10,6740.323,6301.578
8892,2022-06-11,6401.5913,6063.304
8893,2022-06-12,6332.061,6229.9946
8894,2022-06-13,6780.727,6607.771
8895,2022-06-14,6828.6465,6668.43
8896,2022-06-15,6842.74,6746.6987
8897,2022-06-16,6818.779,6619.94
8898,2022-06-17,6769.4507,6567.1587
8899,2022-06-18,6440.585,6276.1724
8900,2022-06-19,6334.409,6147.3833
8901,2022-06-20,6767.1,6500.2524
8902,2022-06-21,6847.9067,6574.184
8903,2022-06-22,6852.1367,6625.063
8904,2022-06-23,6822.5396,6634.1035
8905,2022-06-24,6750.658,6594.271
8906,2022-06-25,6421.794,6191.5137
8907,2022-06-26,6340.047,6163.2227
8908,2022-06-27,6768.5117,6762.432
8909,2022-06-28,6856.8345,6775.724
8910,2022-05-31,6968.773,7030.879
8911,2022-06-01,6926.47,6927.8315
8912,2022-06-02,6869.5957,6821.3877
8913,2022-06-03,6764.774,6713.927
8914,2022-06-04,6417.8877,6374.575
8915,2022-06-05,6350.6733,6229.9946
8916,2022-06-06,6828.7007,6698.9053
8917,2022-06-07,6866.773,6733.6265
8918,2022-06-08,6851.733,6650.0415
8919,2022-06-09,6793.9204,6711.8936
8920,2022-06-10,6745.502,6301.578
8921,2022-06-11,6441.3887,6063.304
8922,2022-06-12,6378.875,6229.9946
8923,2022-06-13,6823.06,6607.771
8924,2022-06-14,6871.9463,6668.43
8925,2022-06-15,6848.911,6746.6987
8926,2022-06-16,6810.8374,6619.94
8927,2022-06-17,6741.741,6567.1587
8928,2022-06-18,6431.0474,6276.1724
8929,2022-06-19,6360.0723,6147.3833
8930,2022-06-20,6769.477,6500.2524
8931,2022-06-21,6823.0605,6574.184
8932,2022-06-22,6814.1294,6625.063
8933,2022-06-23,6804.7275,6634.1035
8934,2022-06-24,6739.393,6594.271
8935,2022-06-25,6438.0986,6191.5137
8936,2022-06-26,6358.192,6163.2227
8937,2022-06-27,6776.5254,6762.432
8938,2022-06-28,6837.631,6775.724
8939,2022-06-29,6817.4194,6761.1084
8940,2022-06-01,6950.965,6927.8315
8941,2022-06-02,6890.3076,6821.3877
8942,2022-06-03,6825.4214,6713.927
8943,2022-06-04,6477.4717,6374.575
8944,2022-06-05,6390.485,6229.9946
8945,2022-06-06,6827.773,6698.9053
8946,2022-06-07,6890.308,6733.6265
8947,2022-06-08,6856.4546,6650.0415
8948,2022-06-09,6816.958,6711.8936
8949,2022-06-10,6776.52,6301.578
8950,2022-06-11,6433.274,6063.304
8951,2022-06-12,6351.9316,6229.9946
8952,2022-06-13,6757.7114,6607.771
8953,2022-06-14,6857.8657,6668.43
8954,2022-06-15,6863.978,6746.6987
8955,2022-06-16,6830.5933,6619.94
8956,2022-06-17,6755.3613,6567.1587
8957,2022-06-18,6431.3945,6276.1724
8958,2022-06-19,6382.964,6147.3833
8959,2022-06-20,6777.9307,6500.2524
8960,2022-06-21,6871.97,6574.184
8961,2022-06-22,6874.323,6625.063
8962,2022-06-23,6842.35,6634.1035
8963,2022-06-24,6778.872,6594.271
8964,2022-06-25,6452.0825,6191.5137
8965,2022-06-26,6358.045,6163.2227
8966,2022-06-27,6742.195,6762.432
8967,2022-06-28,6839.056,6775.724
8968,2022-06-29,6858.333,6761.1084
8969,2022-06-30,6847.518,6673.4194
8970,2022-06-02,6837.995,6821.3877
8971,2022-06-03,6760.393,6713.927
8972,2022-06-04,6441.0474,6374.575
8973,2022-06-05,6339.929,6229.9946
8974,2022-06-06,6800.371,6698.9053
8975,2022-06-07,6870.9194,6733.6265
8976,2022-06-08,6871.39,6650.0415
8977,2022-06-09,6838.4663,6711.8936
8978,2022-06-10,6780.1465,6301.578
8979,2022-06-11,6446.692,6063.304
8980,2022-06-12,6342.28,6229.9946
8981,2022-06-13,6779.207,6607.771
8982,2022-06-14,6857.7515,6668.43
8983,2022-06-15,6844.5806,6746.6987
8984,2022-06-16,6835.6436,6619.94
8985,2022-06-17,6782.0283,6567.1587
8986,2022-06-18,6438.697,6276.1724
8987,2022-06-19,6366.2676,6147.3833
8988,2022-06-20,6779.206,6500.2524
8989,2022-06-21,6827.649,6574.184
8990,2022-06-22,6833.763,6625.063
8991,2022-06-23,6810.247,6634.1035
8992,2022-06-24,6773.0913,6594.271
8993,2022-06-25,6423.6455,6191.5137
8994,2022-06-26,6329.581,6163.2227
8995,2022-06-27,6737.8174,6762.432
8996,2022-06-28,6782.0273,6775.724
8997,2022-06-29,6786.2627,6761.1084
8998,2022-06-30,6767.9175,6673.4194
8999,2022-07-01,6717.1245,6740.2935
9000,2022-06-03,6762.283,6713.927
9001,2022-06-04,6403.351,6374.575
9002,2022-06-05,6285.748,6229.9946
9003,2022-06-06,6783.922,6698.9053
9004,2022-06-07,6850.7188,6733.6265
9005,2022-06-08,6839.4307,6650.0415
9006,2022-06-09,6804.6187,6711.8936
9007,2022-06-10,6766.044,6301.578
9008,2022-06-11,6416.9956,6063.304
9009,2022-06-12,6292.804,6229.9946
9010,2022-06-13,6772.1606,6607.771
9011,2022-06-14,6831.906,6668.43
9012,2022-06-15,6808.384,6746.6987
9013,2022-06-16,6790.034,6619.94
9014,2022-06-17,6773.1025,6567.1587
9015,2022-06-18,6394.4146,6276.1724
9016,2022-06-19,6278.692,6147.3833
9017,2022-06-20,6744.406,6500.2524
9018,2022-06-21,6816.382,6574.184
9019,2022-06-22,6815.909,6625.063
9020,2022-06-23,6799.915,6634.1035
9021,2022-06-24,6763.6924,6594.271
9022,2022-06-25,6416.525,6191.5137
9023,2022-06-26,6330.909,6163.2227
9024,2022-06-27,6783.4517,6762.432
9025,2022-06-28,6838.0176,6775.724
9026,2022-06-29,6824.3774,6761.1084
9027,2022-06-30,6805.5596,6673.4194
9028,2022-07-01,6758.5195,6740.2935
9029,2022-07-02,6416.9937,6448.956
9030,2022-06-04,6360.0405,6374.575
9031,2022-06-05,6269.2285,6229.9946
9032,2022-06-06,6752.455,6698.9053
9033,2022-06-07,6816.446,6733.6265
9034,2022-06-08,6800.919,6650.0415
9035,2022-06-09,6743.0454,6711.8936
9036,2022-06-10,6708.697,6301.578
9037,2022-06-11,6374.1543,6063.304
9038,2022-06-12,6276.2876,6229.9946
9039,2022-06-13,6725.6343,6607.771
9040,2022-06-14,6788.2144,6668.43
9041,2022-06-15,6772.6875,6746.6987
9042,2022-06-16,6753.397,6619.94
9043,2022-06-17,6700.695,6567.1587
9044,2022-06-18,6364.274,6276.1724
9045,2022-06-19,6283.346,6147.3833
9046,2022-06-20,6699.285,6500.2524
9047,2022-06-21,6776.9233,6574.184
9048,2022-06-22,6774.098,6625.063
9049,2022-06-23,6757.159,6634.1035
9050,2022-06-24,6701.167,6594.271
9051,2022-06-25,6365.216,6191.5137
9052,2022-06-26,6281.935,6163.2227
9053,2022-06-27,6702.5776,6762.432
9054,2022-06-28,6761.395,6775.724
9055,2022-06-29,6763.2754,6761.1084
9056,2022-06-30,6739.7515,6673.4194
9057,2022-07-01,6686.1113,6740.2935
9058,2022-07-02,6357.217,6448.956
9059,2022-07-03,6294.6367,6325.6724
9060,2022-06-05,6273.163,6229.9946
9061,2022-06-06,6776.203,6698.9053
9062,2022-06-07,6827.9673,6733.6265
9063,2022-06-08,6814.319,6650.0415
9064,2022-06-09,6791.2617,6711.8936
9065,2022-06-10,6723.971,6301.578
9066,2022-06-11,6381.3955,6063.304
9067,2022-06-12,6304.6934,6229.9946
9068,2022-06-13,6769.614,6607.771
9069,2022-06-14,6833.1426,6668.43
9070,2022-06-15,6815.7324,6746.6987
9071,2022-06-16,6771.4976,6619.94
9072,2022-06-17,6720.675,6567.1587
9073,2022-06-18,6374.338,6276.1724
9074,2022-06-19,6286.341,6147.3833
9075,2022-06-20,6739.497,6500.2524
9076,2022-06-21,6798.7905,6574.184
9077,2022-06-22,6803.495,6625.063
9078,2022-06-23,6769.143,6634.1035
9079,2022-06-24,6731.9683,6594.271
9080,2022-06-25,6383.2783,6191.5137
9081,2022-06-26,6305.163,6163.2227
9082,2022-06-27,6763.9688,6762.432
9083,2022-06-28,6830.79,6775.724
9084,2022-06-29,6835.495,6761.1084
9085,2022-06-30,6781.379,6673.4194
9086,2022-07-01,6724.911,6740.2935
9087,2022-07-02,6384.689,6448.956
9088,2022-07-03,6308.9263,6325.6724
9089,2022-07-04,6755.027,6921.0845
9090,2022-06-06,6718.4,6698.9053
9091,2022-06-07,6813.9434,6733.6265
9092,2022-06-08,6798.882,6650.0415
9093,2022-06-09,6765.9375,6711.8936
9094,2022-06-10,6707.1055,6301.578
9095,2022-06-11,6359.77,6063.304
9096,2022-06-12,6281.1743,6229.9946
9097,2022-06-13,6737.2285,6607.771
9098,2022-06-14,6810.649,6668.43
9099,2022-06-15,6819.5894,6746.6987
9100,2022-06-16,6772.5254,6619.94
9101,2022-06-17,6724.05,6567.1587
9102,2022-06-18,6401.6562,6276.1724
9103,2022-06-19,6322.119,6147.3833
9104,2022-06-20,6742.4043,6500.2524
9105,2022-06-21,6810.6494,6574.184
9106,2022-06-22,6807.3535,6625.063
9107,2022-06-23,6805.471,6634.1035
9108,2022-06-24,6724.991,6594.271
9109,2022-06-25,6398.834,6191.5137
9110,2022-06-26,6317.8823,6163.2227
9111,2022-06-27,6734.873,6762.432
9112,2022-06-28,6817.706,6775.724
9113,2022-06-29,6813.471,6761.1084
9114,2022-06-30,6789.94,6673.4194
9115,2022-07-01,6726.8735,6740.2935
9116,2022-07-02,6401.186,6448.956
9117,2022-07-03,6306.589,6325.6724
9118,2022-07-04,6746.64,6921.0845
9119,2022-07-05,6824.7676,6814.7407
9120,2022-06-07,6824.804,6733.6265
9121,2022-06-08,6805.9727,6650.0415
9122,2022-06-09,6760.3057,6711.8936
9123,2022-06-10,6738.6475,6301.578
9124,2022-06-11,6375.6562,6063.304
9125,2022-06-12,6269.254,6229.9946
9126,2022-06-13,6742.885,6607.771
9127,2022-06-14,6798.9106,6668.43
9128,2022-06-15,6813.505,6746.6987
9129,2022-06-16,6803.148,6619.94
9130,2022-06-17,6757.95,6567.1587
9131,2022-06-18,6402.02,6276.1724
9132,2022-06-19,6306.9175,6147.3833
9133,2022-06-20,6761.7163,6500.2524
9134,2022-06-21,6811.623,6574.184
9135,2022-06-22,6786.1987,6625.063
9136,2022-06-23,6768.779,6634.1035
9137,2022-06-24,6702.3936,6594.271
9138,2022-06-25,6400.609,6191.5137
9139,2022-06-26,6333.283,6163.2227
9140,2022-06-27,6740.0596,6762.432
9141,2022-06-28,6799.852,6775.724
9142,2022-06-29,6788.0806,6761.1084
9143,2022-06-30,6740.0586,6673.4194
9144,2022-07-01,6696.747,6740.2935
9145,2022-07-02,6391.1924,6448.956
9146,2022-07-03,6281.024,6325.6724
9147,2022-07-04,6691.5674,6921.0845
9148,2022-07-05,6754.6567,6814.7407
9149,2022-07-06,6741.473,6808.6333
9150,2022-06-08,6783.9595,6650.0415
9151,2022-06-09,6742.99,6711.8936
9152,2022-06-10,6722.741,6301.578
9153,2022-06-11,6374.265,6063.304
9154,2022-06-12,6263.6,6229.9946
9155,2022-06-13,6703.435,6607.771
9156,2022-06-14,6756.6475,6668.43
9157,2022-06-15,6750.524,6746.6987
9158,2022-06-16,6743.933,6619.94
9159,2022-06-17,6707.201,6567.1587
9160,2022-06-18,6378.0327,6276.1724
9161,2022-06-19,6275.845,6147.3833
9162,2022-06-20,6681.3,6500.2524
9163,2022-06-21,6742.9907,6574.184
9164,2022-06-22,6769.3613,6625.063
9165,2022-06-23,6767.4775,6634.1035
9166,2022-06-24,6726.0376,6594.271
9167,2022-06-25,6417.1206,6191.5137
9168,2022-06-26,6288.089,6163.2227
9169,2022-06-27,6714.2656,6762.432
9170,2022-06-28,6770.303,6775.724
9171,2022-06-29,6763.239,6761.1084
9172,2022-06-30,6754.763,6673.4194
9173,2022-07-01,6705.788,6740.2935
9174,2022-07-02,6383.6846,6448.956
9175,2022-07-03,6266.425,6325.6724
9176,2022-07-04,6718.5024,6921.0845
9177,2022-07-05,6790.5537,6814.7407
9178,2022-07-06,6788.669,6808.6333
9179,2022-07-07,6786.785,6933.0884
9180,2022-06-09,6667.1055,6711.8936
9181,2022-06-10,6657.6855,6301.578
9182,2022-06-11,6338.811,6063.304
9183,2022-06-12,6232.8345,6229.9946
9184,2022-06-13,6681.2344,6607.771
9185,2022-06-14,6737.755,6668.43
9186,2022-06-15,6736.8125,6746.6987
9187,2022-06-16,6713.7324,6619.94
9188,2022-06-17,6679.35,6567.1587
9189,2022-06-18,6359.064,6276.1724
9190,2022-06-19,6263.9214,6147.3833
9191,2022-06-20,6727.3926,6500.2524
9192,2022-06-21,6752.8276,6574.184
9193,2022-06-22,6760.362,6625.063
9194,2022-06-23,6741.0513,6634.1035
9195,2022-06-24,6690.1836,6594.271
9196,2022-06-25,6379.79,6191.5137
9197,2022-06-26,6297.364,6163.2227
9198,2022-06-27,6737.7544,6762.432
9199,2022-06-28,6774.022,6775.724
9200,2022-06-29,6765.543,6761.1084
9201,2022-06-30,6750.9414,6673.4194
9202,2022-07-01,6701.959,6740.2935
9203,2022-07-02,6376.964,6448.956
9204,2022-07-03,6289.3555,6325.6724
9205,2022-07-04,6710.908,6921.0845
9206,2022-07-05,6770.725,6814.7407
9207,2022-07-06,6778.7324,6808.6333
9208,2022-07-07,6752.8267,6933.0884
9209,2022-07-08,6695.835,6809.908
9210,2022-06-10,6641.77,6301.578
9211,2022-06-11,6304.924,6063.304
9212,2022-06-12,6196.5674,6229.9946
9213,2022-06-13,6647.8936,6607.771
9214,2022-06-14,6707.256,6668.43
9215,2022-06-15,6691.7104,6746.6987
9216,2022-06-16,6689.825,6619.94
9217,2022-06-17,6664.8555,6567.1587
9218,2022-06-18,6336.958,6276.1724
9219,2022-06-19,6236.142,6147.3833
9220,2022-06-20,6674.7495,6500.2524
9221,2022-06-21,6747.3,6574.184
9222,2022-06-22,6743.531,6625.063
9223,2022-06-23,6723.274,6634.1035
9224,2022-06-24,6664.3833,6594.271
9225,2022-06-25,6341.67,6191.5137
9226,2022-06-26,6238.025,6163.2227
9227,2022-06-27,6666.27,6762.432
9228,2022-06-28,6736.4644,6775.724
9229,2022-06-29,6742.59,6761.1084
9230,2022-06-30,6717.62,6673.4194
9231,2022-07-01,6681.3467,6740.2935
9232,2022-07-02,6366.168,6448.956
9233,2022-07-03,6243.2075,6325.6724
9234,2022-07-04,6670.038,6921.0845
9235,2022-07-05,6730.342,6814.7407
9236,2022-07-06,6733.638,6808.6333
9237,2022-07-07,6693.1235,6933.0884
9238,2022-07-08,6667.6826,6809.908
9239,2022-07-09,6343.083,6526.326
9240,2022-06-11,6131.7056,6063.304
9241,2022-06-12,6420.529,6229.9946
9242,2022-06-13,6649.985,6607.771
9243,2022-06-14,6657.5244,6668.43
9244,2022-06-15,6647.631,6746.6987
9245,2022-06-16,6639.62,6619.94
9246,2022-06-17,6423.355,6567.1587
9247,2022-06-18,6230.18,6276.1724
9248,2022-06-19,6464.819,6147.3833
9249,2022-06-20,6649.984,6500.2524
9250,2022-06-21,6666.477,6574.184
9251,2022-06-22,6671.658,6625.063
9252,2022-06-23,6659.881,6634.1035
9253,2022-06-24,6460.107,6594.271
9254,2022-06-25,6267.871,6191.5137
9255,2022-06-26,6495.9146,6163.2227
9256,2022-06-27,6699.9277,6762.432
9257,2022-06-28,6692.388,6775.724
9258,2022-06-29,6701.341,6761.1084
9259,2022-06-30,6712.652,6673.4194
9260,2022-07-01,6502.51,6740.2935
9261,2022-07-02,6298.9688,6448.956
9262,2022-07-03,6520.416,6325.6724
9263,2022-07-04,6741.391,6921.0845
9264,2022-07-05,6743.748,6814.7407
9265,2022-07-06,6758.825,6808.6333
9266,2022-07-07,6726.3145,6933.0884
9267,2022-07-08,6480.835,6809.908
9268,2022-07-09,6256.5654,6526.326
9269,2022-07-10,6478.011,6207.7886
9270,2022-06-12,6139.775,6229.9946
9271,2022-06-13,6577.015,6607.771
9272,2022-06-14,6637.325,6668.43
9273,2022-06-15,6624.602,6746.6987
9274,2022-06-16,6600.572,6619.94
9275,2022-06-17,6549.215,6567.1587
9276,2022-06-18,6268.404,6276.1724
9277,2022-06-19,6234.9487,6147.3833
9278,2022-06-20,6627.4316,6500.2524
9279,2022-06-21,6650.517,6574.184
9280,2022-06-22,6640.6226,6625.063
9281,2022-06-23,6663.2393,6634.1035
9282,2022-06-24,6558.639,6594.271
9283,2022-06-25,6291.489,6191.5137
9284,2022-06-26,6292.43,6163.2227
9285,2022-06-27,6653.815,6762.432
9286,2022-06-28,6686.326,6775.724
9287,2022-06-29,6690.567,6761.1084
9288,2022-06-30,6682.5566,6673.4194
9289,2022-07-01,6609.5254,6740.2935
9290,2022-07-02,6322.5854,6448.956
9291,2022-07-03,6311.2793,6325.6724
9292,2022-07-04,6662.295,6921.0845
9293,2022-07-05,6689.1523,6814.7407
9294,2022-07-06,6699.0483,6808.6333
9295,2022-07-07,6688.2114,6933.0884
9296,2022-07-08,6591.6235,6809.908
9297,2022-07-09,6306.0957,6526.326
9298,2022-07-10,6287.72,6207.7886
9299,2022-07-11,6654.7593,6254.9844
9300,2022-06-13,6637.6533,6607.771
9301,2022-06-14,6659.8,6668.43
9302,2022-06-15,6648.9624,6746.6987
9303,2022-06-16,6644.72,6619.94
9304,2022-06-17,6509.9487,6567.1587
9305,2022-06-18,6249.3623,6276.1724
9306,2022-06-19,6259.7285,6147.3833
9307,2022-06-20,6651.7896,6500.2524
9308,2022-06-21,6672.523,6574.184
9309,2022-06-22,6672.995,6625.063
9310,2022-06-23,6682.89,6634.1035
9311,2022-06-24,6589.1157,6594.271
9312,2022-06-25,6336.5386,6191.5137
9313,2022-06-26,6368.582,6163.2227
9314,2022-06-27,6727.1855,6762.432
9315,2022-06-28,6769.125,6775.724
9316,2022-06-29,6752.632,6761.1084
9317,2022-06-30,6722.473,6673.4194
9318,2022-07-01,6638.1235,6740.2935
9319,2022-07-02,6360.5713,6448.956
9320,2022-07-03,6360.573,6325.6724
9321,2022-07-04,6712.107,6921.0845
9322,2022-07-05,6745.0933,6814.7407
9323,2022-07-06,6733.312,6808.6333
9324,2022-07-07,6730.485,6933.0884
9325,2022-07-08,6598.5396,6809.908
9326,2022-07-09,6307.3223,6526.326
9327,2022-07-10,6314.392,6207.7886
9328,2022-07-11,6679.5923,6254.9844
9329,2022-07-12,6729.0713,6832.9814
9330,2022-06-14,6700.792,6668.43
9331,2022-06-15,6678.1655,6746.6987
9332,2022-06-16,6629.1455,6619.94
9333,2022-06-17,6552.3154,6567.1587
9334,2022-06-18,6269.033,6276.1724
9335,2022-06-19,6238.8643,6147.3833
9336,2022-06-20,6648.4727,6500.2524
9337,2022-06-21,6689.4805,6574.184
9338,2022-06-22,6683.3545,6625.063
9339,2022-06-23,6682.4106,6634.1035
9340,2022-06-24,6614.5337,6594.271
9341,2022-06-25,6322.766,6191.5137
9342,2022-06-26,6286.471,6163.2227
9343,2022-06-27,6650.8296,6762.432
9344,2022-06-28,6710.6924,6775.724
9345,2022-06-29,6710.6914,6761.1084
9346,2022-06-30,6692.7827,6673.4194
9347,2022-07-01,6615.0073,6740.2935
9348,2022-07-02,6317.1094,6448.956
9349,2022-07-03,6286.471,6325.6724
9350,2022-07-04,6671.098,6921.0845
9351,2022-07-05,6732.371,6814.7407
9352,2022-07-06,6725.7754,6808.6333
9353,2022-07-07,6705.507,6933.0884
9354,2022-07-08,6620.192,6809.908
9355,2022-07-09,6320.4087,6526.326
9356,2022-07-10,6272.8037,6207.7886
9357,2022-07-11,6684.7695,6254.9844
9358,2022-07-12,6726.246,6832.9814
9359,2022-07-13,6722.0015,6819.6787
9360,2022-06-15,6658.62,6746.6987
9361,2022-06-16,6652.0215,6619.94
9362,2022-06-17,6565.2764,6567.1587
9363,2022-06-18,6292.7837,6276.1724
9364,2022-06-19,6297.027,6147.3833
9365,2022-06-20,6663.335,6500.2524
9366,2022-06-21,6710.4795,6574.184
9367,2022-06-22,6684.081,6625.063
9368,2022-06-23,6657.2075,6634.1035
9369,2022-06-24,6592.6206,6594.271
9370,2022-06-25,6332.8564,6191.5137
9371,2022-06-26,6325.787,6163.2227
9372,2022-06-27,6684.551,6762.432
9373,2022-06-28,6719.909,6775.724
9374,2022-06-29,6714.2524,6761.1084
9375,2022-06-30,6689.2637,6673.4194
9376,2022-07-01,6614.306,6740.2935
9377,2022-07-02,6330.971,6448.956
9378,2022-07-03,6315.8843,6325.6724
9379,2022-07-04,6645.4214,6921.0845
9380,2022-07-05,6694.9233,6814.7407
9381,2022-07-06,6693.509,6808.6333
9382,2022-07-07,6652.964,6933.0884
9383,2022-07-08,6575.176,6809.908
9384,2022-07-09,6322.957,6526.326
9385,2022-07-10,6318.2427,6207.7886
9386,2022-07-11,6670.4062,6254.9844
9387,2022-07-12,6704.8237,6832.9814
9388,2022-07-13,6692.5654,6819.6787
9389,2022-07-14,6660.509,6878.2627
9390,2022-06-16,6717.91,6619.94
9391,2022-06-17,6633.976,6567.1587
9392,2022-06-18,6325.1245,6276.1724
9393,2022-06-19,6252.0356,6147.3833
9394,2022-06-20,6680.189,6500.2524
9395,2022-06-21,6719.324,6574.184
9396,2022-06-22,6723.5684,6625.063
9397,2022-06-23,6714.139,6634.1035
9398,2022-06-24,6651.897,6594.271
9399,2022-06-25,6353.415,6191.5137
9400,2022-06-26,6281.7417,6163.2227
9401,2022-06-27,6694.803,6762.432
9402,2022-06-28,6717.9087,6775.724
9403,2022-06-29,6728.755,6761.1084
9404,2022-06-30,6725.4536,6673.4194
9405,2022-07-01,6646.2363,6740.2935
9406,2022-07-02,6334.0825,6448.956
9407,2022-07-03,6271.3687,6325.6724
9408,2022-07-04,6677.8286,6921.0845
9409,2022-07-05,6713.196,6814.7407
9410,2022-07-06,6719.323,6808.6333
9411,2022-07-07,6715.552,6933.0884
9412,2022-07-08,6635.862,6809.908
9413,2022-07-09,6336.4395,6526.326
9414,2022-07-10,6255.3374,6207.7886
9415,2022-07-11,6675.942,6254.9844
9416,2022-07-12,6720.266,6832.9814
9417,2022-07-13,6704.705,6819.6787
9418,2022-07-14,6677.3574,6878.2627
9419,2022-07-15,6586.823,6869.5234
9420,2022-06-17,6451.0327,6567.1587
9421,2022-06-18,6203.912,6276.1724
9422,2022-06-19,6234.5664,6147.3833
9423,2022-06-20,6617.0337,6500.2524
9424,2022-06-21,6666.554,6574.184
9425,2022-06-22,6675.986,6625.063
9426,2022-06-23,6651.464,6634.1035
9427,2022-06-24,6534.035,6594.271
9428,2022-06-25,6274.654,6191.5137
9429,2022-06-26,6305.7783,6163.2227
9430,2022-06-27,6650.0464,6762.432
9431,2022-06-28,6707.1113,6775.724
9432,2022-06-29,6702.868,6761.1084
9433,2022-06-30,6700.038,6673.4194
9434,2022-07-01,6582.608,6740.2935
9435,2022-07-02,6304.365,6448.956
9436,2022-07-03,6337.845,6325.6724
9437,2022-07-04,6697.2075,6921.0845
9438,2022-07-05,6718.9014,6814.7407
9439,2022-07-06,6721.7324,6808.6333
9440,2022-07-07,6701.925,6933.0884
9441,2022-07-08,6590.627,6809.908
9442,2022-07-09,6307.665,6526.326
9443,2022-07-10,6335.0176,6207.7886
9444,2022-07-11,6675.5137,6254.9844
9445,2022-07-12,6704.284,6832.9814
9446,2022-07-13,6692.964,6819.6787
9447,2022-07-14,6660.4233,6878.2627
9448,2022-07-15,6534.977,6869.5234
9449,2022-07-16,6253.4316,6493.7876
9450,2022-06-18,6227.845,6276.1724
9451,2022-06-19,6173.6025,6147.3833
9452,2022-06-20,6619.797,6500.2524
9453,2022-06-21,6669.324,6574.184
9454,2022-06-22,6665.078,6625.063
9455,2022-06-23,6642.436,6634.1035
9456,2022-06-24,6595.2715,6594.271
9457,2022-06-25,6264.6323,6191.5137
9458,2022-06-26,6180.6777,6163.2227
9459,2022-06-27,6628.759,6762.432
9460,2022-06-28,6672.152,6775.724
9461,2022-06-29,6666.9644,6761.1084
9462,2022-06-30,6659.418,6673.4194
9463,2022-07-01,6597.159,6740.2935
9464,2022-07-02,6276.425,6448.956
9465,2022-07-03,6186.8096,6325.6724
9466,2022-07-04,6621.685,6921.0845
9467,2022-07-05,6672.6265,6814.7407
9468,2022-07-06,6687.245,6808.6333
9469,2022-07-07,6675.4556,6933.0884
9470,2022-07-08,6617.909,6809.908
9471,2022-07-09,6284.915,6526.326
9472,2022-07-10,6195.3027,6207.7886
9473,2022-07-11,6621.2124,6254.9844
9474,2022-07-12,6652.342,6832.9814
9475,2022-07-13,6657.058,6819.6787
9476,2022-07-14,6658.4736,6878.2627
9477,2022-07-15,6576.406,6869.5234
9478,2022-07-16,6264.635,6493.7876
9479,2022-07-17,6179.263,6472.99
9480,2022-06-19,6153.571,6147.3833
9481,2022-06-20,6600.7256,6500.2524
9482,2022-06-21,6654.497,6574.184
9483,2022-06-22,6648.8374,6625.063
9484,2022-06-23,6616.2896,6634.1035
9485,2022-06-24,6591.2905,6594.271
9486,2022-06-25,6278.5654,6191.5137
9487,2022-06-26,6177.155,6163.2227
9488,2022-06-27,6588.4614,6762.432
9489,2022-06-28,6647.4204,6775.724
9490,2022-06-29,6677.1377,6761.1084
9491,2022-06-30,6643.649,6673.4194
9492,2022-07-01,6609.2163,6740.2935
9493,2022-07-02,6309.226,6448.956
9494,2022-07-03,6208.7563,6325.6724
9495,2022-07-04,6645.063,6921.0845
9496,2022-07-05,6698.362,6814.7407
9497,2022-07-06,6710.158,6808.6333
9498,2022-07-07,6697.4204,6933.0884
9499,2022-07-08,6657.797,6809.908
9500,2022-07-09,6351.205,6526.326
9501,2022-07-10,6234.6987,6207.7886
9502,2022-07-11,6660.628,6254.9844
9503,2022-07-12,6697.892,6832.9814
9504,2022-07-13,6707.326,6819.6787
9505,2022-07-14,6700.721,6878.2627
9506,2022-07-15,6640.3457,6869.5234
9507,2022-07-16,6328.0913,6493.7876
9508,2022-07-17,6213.946,6472.99
9509,2022-07-18,6649.3096,7015.568
9510,2022-06-20,6568.868,6500.2524
9511,2022-06-21,6648.12,6574.184
9512,2022-06-22,6630.1963,6625.063
9513,2022-06-23,6620.759,6634.1035
9514,2022-06-24,6581.1323,6594.271
9515,2022-06-25,6291.963,6191.5137
9516,2022-06-26,6210.8237,6163.2227
9517,2022-06-27,6638.6836,6762.432
9518,2022-06-28,6683.969,6775.724
9519,2022-06-29,6701.8955,6761.1084
9520,2022-06-30,6691.047,6673.4194
9521,2022-07-01,6637.74,6740.2935
9522,2022-07-02,6332.5327,6448.956
9523,2022-07-03,6216.4844,6325.6724
9524,2022-07-04,6641.986,6921.0845
9525,2022-07-05,6709.915,6814.7407
9526,2022-07-06,6702.3677,6808.6333
9527,2022-07-07,6703.312,6933.0884
9528,2022-07-08,6642.458,6809.908
9529,2022-07-09,6316.02,6526.326
9530,2022-07-10,6191.484,6207.7886
9531,2022-07-11,6617.456,6254.9844
9532,2022-07-12,6673.121,6832.9814
9533,2022-07-13,6690.103,6819.6787
9534,2022-07-14,6674.065,6878.2627
9535,2022-07-15,6608.022,6869.5234
9536,2022-07-16,6279.2246,6493.7876
9537,2022-07-17,6182.0483,6472.99
9538,2022-07-18,6616.04,7015.568
9539,2022-07-19,6655.6655,7069.656
9540,2022-06-21,6647.0464,6574.184
9541,2022-06-22,6657.898,6625.063
9542,2022-06-23,6620.621,6634.1035
9543,2022-06-24,6576.267,6594.271
9544,2022-06-25,6273.8013,6191.5137
9545,2022-06-26,6193.112,6163.2227
9546,2022-06-27,6622.0376,6762.432
9547,2022-06-28,6672.996,6775.724
9548,2022-06-29,6681.017,6761.1084
9549,2022-06-30,6681.49,6673.4194
9550,2022-07-01,6625.812,6740.2935
9551,2022-07-02,6317.6855,6448.956
9552,2022-07-03,6248.3213,6325.6724
9553,2022-07-04,6659.314,6921.0845
9554,2022-07-05,6709.3296,6814.7407
9555,2022-07-06,6714.5195,6808.6333
9556,2022-07-07,6708.386,6933.0884
9557,2022-07-08,6630.058,6809.908
9558,2022-07-09,6330.8975,6526.326
9559,2022-07-10,6233.6924,6207.7886
9560,2022-07-11,6637.6094,6254.9844
9561,2022-07-12,6688.0977,6832.9814
9562,2022-07-13,6672.9976,6819.6787
9563,2022-07-14,6662.1445,6878.2627
9564,2022-07-15,6589.007,6869.5234
9565,2022-07-16,6280.4087,6493.7876
9566,2022-07-17,6192.1694,6472.99
9567,2022-07-18,6608.824,7015.568
9568,2022-07-19,6655.0664,7069.656
9569,2022-07-20,6646.1006,6760.8687
9570,2022-06-22,6610.524,6625.063
9571,2022-06-23,6607.2207,6634.1035
9572,2022-06-24,6574.187,6594.271
9573,2022-06-25,6293.402,6191.5137
9574,2022-06-26,6187.6914,6163.2227
9575,2022-06-27,6598.727,6762.432
9576,2022-06-28,6655.355,6775.724
9577,2022-06-29,6666.68,6761.1084
9578,2022-06-30,6665.265,6673.4194
9579,2022-07-01,6652.9956,6740.2935
9580,2022-07-02,6343.895,6448.956
9581,2022-07-03,6221.6704,6325.6724
9582,2022-07-04,6630.8164,6921.0845
9583,2022-07-05,6712.9277,6814.7407
9584,2022-07-06,6713.8706,6808.6333
9585,2022-07-07,6692.1606,6933.0884
9586,2022-07-08,6665.265,6809.908
9587,2022-07-09,6349.0874,6526.326
9588,2022-07-10,6203.266,6207.7886
9589,2022-07-11,6613.8267,6254.9844
9590,2022-07-12,6688.86,6832.9814
9591,2022-07-13,6702.547,6819.6787
9592,2022-07-14,6671.399,6878.2627
9593,2022-07-15,6623.7373,6869.5234
9594,2022-07-16,6308.503,6493.7876
9595,2022-07-17,6166.455,6472.99
9596,2022-07-18,6582.6826,7015.568
9597,2022-07-19,6672.8154,7069.656
9598,2022-07-20,6679.8965,6760.8687
9599,2022-07-21,6648.2773,6812.969
9600,2022-06-23,6629.734,6634.1035
9601,2022-06-24,6578.7637,6594.271
9602,2022-06-25,6276.7036,6191.5137
9603,2022-06-26,6179.0107,6163.2227
9604,2022-06-27,6609.9155,6762.432
9605,2022-06-28,6670.326,6775.724
9606,2022-06-29,6658.5273,6761.1084
9607,2022-06-30,6659.945,6673.4194
9608,2022-07-01,6617.4663,6740.2935
9609,2022-07-02,6327.208,6448.956
9610,2022-07-03,6190.337,6325.6724
9611,2022-07-04,6601.4194,6921.0845
9612,2022-07-05,6659.0,6814.7407
9613,2022-07-06,6674.575,6808.6333
9614,2022-07-07,6680.712,6933.0884
9615,2022-07-08,6623.1294,6809.908
9616,2022-07-09,6328.622,6526.326
9617,2022-07-10,6189.865,6207.7886
9618,2022-07-11,6624.0737,6254.9844
9619,2022-07-12,6693.926,6832.9814
9620,2022-07-13,6700.06,6819.6787
9621,2022-07-14,6692.038,6878.2627
9622,2022-07-15,6628.3223,6869.5234
9623,2022-07-16,6314.935,6493.7876
9624,2022-07-17,6182.786,6472.99
9625,2022-07-18,6591.509,7015.568
9626,2022-07-19,6679.767,7069.656
9627,2022-07-20,6666.551,6760.8687
9628,2022-07-21,6643.8965,6812.969
9629,2022-07-22,6588.205,6728.701
9630,2022-06-24,6560.7383,6594.271
9631,2022-06-25,6256.279,6191.5137
9632,2022-06-26,6176.9795,6163.2227
9633,2022-06-27,6582.45,6762.432
9634,2022-06-28,6637.6787,6775.724
9635,2022-06-29,6651.3667,6761.1084
9636,2022-06-30,6631.071,6673.4194
9637,2022-07-01,6592.3623,6740.2935
9638,2022-07-02,6278.9375,6448.956
9639,2022-07-03,6180.2827,6325.6724
9640,2022-07-04,6607.4688,6921.0845
9641,2022-07-05,6640.511,6814.7407
9642,2022-07-06,6651.8394,6808.6333
9643,2022-07-07,6663.17,6933.0884
9644,2022-07-08,6603.219,6809.908
9645,2022-07-09,6288.8496,6526.326
9646,2022-07-10,6192.5566,6207.7886
9647,2022-07-11,6586.7,6254.9844
9648,2022-07-12,6657.0317,6832.9814
9649,2022-07-13,6674.027,6819.6787
9650,2022-07-14,6657.977,6878.2627
9651,2022-07-15,6594.2515,6869.5234
9652,2022-07-16,6275.6343,6493.7876
9653,2022-07-17,6175.091,6472.99
9654,2022-07-18,6598.9717,7015.568
9655,2022-07-19,6640.0396,7069.656
9656,2022-07-20,6626.822,6760.8687
9657,2022-07-21,6615.965,6812.969
9658,2022-07-22,6559.323,6728.701
9659,2022-07-23,6261.0015,6382.6753
9660,2022-06-25,6246.6777,6191.5137
9661,2022-06-26,6139.513,6163.2227
9662,2022-06-27,6546.9243,6762.432
9663,2022-06-28,6600.7437,6775.724
9664,2022-06-29,6630.485,6761.1084
9665,2022-06-30,6636.1523,6673.4194
9666,2022-07-01,6605.466,6740.2935
9667,2022-07-02,6304.7417,6448.956
9668,2022-07-03,6174.92,6325.6724
9669,2022-07-04,6591.301,6921.0845
9670,2022-07-05,6639.4546,6814.7407
9671,2022-07-06,6644.649,6808.6333
9672,2022-07-07,6645.1187,6933.0884
9673,2022-07-08,6634.2627,6809.908
9674,2022-07-09,6298.605,6526.326
9675,2022-07-10,6161.6987,6207.7886
9676,2022-07-11,6599.799,6254.9844
9677,2022-07-12,6647.0073,6832.9814
9678,2022-07-13,6660.6987,6819.6787
9679,2022-07-14,6650.314,6878.2627
9680,2022-07-15,6610.186,6869.5234
9681,2022-07-16,6277.3613,6493.7876
9682,2022-07-17,6166.8945,6472.99
9683,2022-07-18,6591.774,7015.568
9684,2022-07-19,6643.232,7069.656
9685,2022-07-20,6647.951,6760.8687
9686,2022-07-21,6642.7593,6812.969
9687,2022-07-22,6570.058,6728.701
9688,2022-07-23,6252.3413,6382.6753
9689,2022-07-24,6157.4517,6172.3145
9690,2022-06-26,6104.122,6163.2227
9691,2022-06-27,6543.6387,6762.432
9692,2022-06-28,6575.2686,6775.724
9693,2022-06-29,6612.563,6761.1084
9694,2022-06-30,6600.763,6673.4194
9695,2022-07-01,6556.8574,6740.2935
9696,2022-07-02,6240.5576,6448.956
9697,2022-07-03,6159.828,6325.6724
9698,2022-07-04,6588.016,6921.0845
9699,2022-07-05,6639.4736,6814.7407
9700,2022-07-06,6649.3877,6808.6333
9701,2022-07-07,6633.8076,6933.0884
9702,2022-07-08,6583.295,6809.908
9703,2022-07-09,6280.686,6526.326
9704,2022-07-10,6208.456,6207.7886
9705,2022-07-11,6610.678,6254.9844
9706,2022-07-12,6656.4673,6832.9814
9707,2022-07-13,6658.8286,6819.6787
9708,2022-07-14,6649.86,6878.2627
9709,2022-07-15,6594.6235,6869.5234
9710,2022-07-16,6272.6587,6493.7876
9711,2022-07-17,6189.5713,6472.99
9712,2022-07-18,6604.0664,7015.568
9713,2022-07-19,6624.368,7069.656
9714,2022-07-20,6637.114,6760.8687
9715,2022-07-21,6627.197,6812.969
9716,2022-07-22,6578.574,6728.701
9717,2022-07-23,6267.937,6382.6753
9718,2022-07-24,6166.438,6172.3145
9719,2022-07-25,6592.265,6641.335
9720,2022-06-27,6608.5024,6762.432
9721,2022-06-28,6649.5796,6775.724
9722,2022-06-29,6652.8857,6761.1084
9723,2022-06-30,6658.549,6673.4194
9724,2022-07-01,6588.675,6740.2935
9725,2022-07-02,6279.4224,6448.956
9726,2022-07-03,6216.6294,6325.6724
9727,2022-07-04,6646.747,6921.0845
9728,2022-07-05,6673.186,6814.7407
9729,2022-07-06,6687.8213,6808.6333
9730,2022-07-07,6662.3276,6933.0884
9731,2022-07-08,6621.2505,6809.908
9732,2022-07-09,6312.473,6526.326
9733,2022-07-10,6216.6274,6207.7886
9734,2022-07-11,6633.9976,6254.9844
9735,2022-07-12,6678.38,6832.9814
9736,2022-07-13,6697.263,6819.6787
9737,2022-07-14,6693.959,6878.2627
9738,2022-07-15,6629.279,6869.5234
9739,2022-07-16,6312.473,6493.7876
9740,2022-07-17,6224.1846,6472.99
9741,2022-07-18,6630.6943,7015.568
9742,2022-07-19,6651.9375,7069.656
9743,2022-07-20,6645.802,6760.8687
9744,2022-07-21,6636.83,6812.969
9745,2022-07-22,6562.234,6728.701
9746,2022-07-23,6254.872,6382.6753
9747,2022-07-24,6182.1626,6172.3145
9748,2022-07-25,6574.509,6641.335
9749,2022-07-26,6627.8594,6571.5923
9750,2022-06-28,6737.2476,6775.724
9751,2022-06-29,6728.2744,6761.1084
9752,2022-06-30,6694.741,6673.4194
9753,2022-07-01,6661.2095,6740.2935
9754,2022-07-02,6325.8823,6448.956
9755,2022-07-03,6206.866,6325.6724
9756,2022-07-04,6658.848,6921.0845
9757,2022-07-05,6696.632,6814.7407
9758,2022-07-06,6695.6875,6808.6333
9759,2022-07-07,6672.543,6933.0884
9760,2022-07-08,6632.4004,6809.908
9761,2022-07-09,6316.9106,6526.326
9762,2022-07-10,6175.221,6207.7886
9763,2022-07-11,6591.783,6254.9844
9764,2022-07-12,6667.8223,6832.9814
9765,2022-07-13,6673.4907,6819.6787
9766,2022-07-14,6634.7617,6878.2627
9767,2022-07-15,6582.8096,6869.5234
9768,2022-07-16,6273.9307,6493.7876
9769,2022-07-17,6168.1377,6472.99
9770,2022-07-18,6588.0063,7015.568
9771,2022-07-19,6634.2876,7069.656
9772,2022-07-20,6646.096,6760.8687
9773,2022-07-21,6613.0356,6812.969
9774,2022-07-22,6554.4727,6728.701
9775,2022-07-23,6261.178,6382.6753
9776,2022-07-24,6183.721,6172.3145
9777,2022-07-25,6583.754,6641.335
9778,2022-07-26,6647.984,6571.5923
9779,2022-07-27,6668.765,6749.6733
9780,2022-06-29,6725.661,6761.1084
9781,2022-06-30,6712.4355,6673.4194
9782,2022-07-01,6680.7876,6740.2935
9783,2022-07-02,6330.285,6448.956
9784,2022-07-03,6226.835,6325.6724
9785,2022-07-04,6660.9443,6921.0845
9786,2022-07-05,6692.1226,6814.7407
9787,2022-07-06,6710.5464,6808.6333
9788,2022-07-07,6698.263,6933.0884
9789,2022-07-08,6676.061,6809.908
9790,2022-07-09,6311.389,6526.326
9791,2022-07-10,6185.7373,6207.7886
9792,2022-07-11,6625.9917,6254.9844
9793,2022-07-12,6677.0083,6832.9814
9794,2022-07-13,6674.6455,6819.6787
9795,2022-07-14,6659.529,6878.2627
9796,2022-07-15,6608.986,6869.5234
9797,2022-07-16,6293.44,6493.7876
9798,2022-07-17,6198.0195,6472.99
9799,2022-07-18,6620.797,7015.568
9800,2022-07-19,6663.7793,7069.656
9801,2022-07-20,6633.55,6760.8687
9802,2022-07-21,6630.7144,6812.969
9803,2022-07-22,6568.8325,6728.701
9804,2022-07-23,6267.457,6382.6753
9805,2022-07-24,6177.236,6172.3145
9806,2022-07-25,6584.4224,6641.335
9807,2022-07-26,6639.689,6571.5923
9808,2022-07-27,6640.1606,6749.6733
9809,2022-07-28,6635.911,6847.575
9810,2022-06-30,6718.1787,6673.4194
9811,2022-07-01,6670.9346,6740.2935
9812,2022-07-02,6338.332,6448.956
9813,2022-07-03,6216.913,6325.6724
9814,2022-07-04,6672.3506,6921.0845
9815,2022-07-05,6715.3423,6814.7407
9816,2022-07-06,6711.091,6808.6333
9817,2022-07-07,6699.753,6933.0884
9818,2022-07-08,6660.0674,6809.908
9819,2022-07-09,6325.102,6526.326
9820,2022-07-10,6195.6533,6207.7886
9821,2022-07-11,6639.2793,6254.9844
9822,2022-07-12,6698.806,6832.9814
9823,2022-07-13,6677.547,6819.6787
9824,2022-07-14,6665.737,6878.2627
9825,2022-07-15,6625.1064,6869.5234
9826,2022-07-16,6303.372,6493.7876
9827,2022-07-17,6183.37,6472.99
9828,2022-07-18,6609.5117,7015.568
9829,2022-07-19,6668.57,7069.656
9830,2022-07-20,6684.161,6760.8687
9831,2022-07-21,6664.792,6812.969
9832,2022-07-22,6591.5625,6728.701
9833,2022-07-23,6290.1406,6382.6753
9834,2022-07-24,6173.9214,6172.3145
9835,2022-07-25,6564.632,6641.335
9836,2022-07-26,6633.1367,6571.5923
9837,2022-07-27,6602.8994,6749.6733
9838,2022-07-28,6587.31,6847.575
9839,2022-07-29,6532.035,6734.085
9840,2022-07-01,6604.7144,6740.2935
9841,2022-07-02,6252.2236,6448.956
9842,2022-07-03,6151.5786,6325.6724
9843,2022-07-04,6608.9673,6921.0845
9844,2022-07-05,6639.2095,6814.7407
9845,2022-07-06,6644.878,6808.6333
9846,2022-07-07,6617.945,6933.0884
9847,2022-07-08,6586.288,6809.908
9848,2022-07-09,6270.1787,6526.326
9849,2022-07-10,6170.4785,6207.7886
9850,2022-07-11,6599.5176,6254.9844
9851,2022-07-12,6645.351,6832.9814
9852,2022-07-13,6636.3745,6819.6787
9853,2022-07-14,6608.9688,6878.2627
9854,2022-07-15,6557.9375,6869.5234
9855,2022-07-16,6245.136,6493.7876
9856,2022-07-17,6160.5566,6472.99
9857,2022-07-18,6587.233,7015.568
9858,2022-07-19,6611.803,7069.656
9859,2022-07-20,6619.837,6760.8687
9860,2022-07-21,6608.497,6812.969
9861,2022-07-22,6537.6206,6728.701
9862,2022-07-23,6238.0483,6382.6753
9863,2022-07-24,6164.8096,6172.3145
9864,2022-07-25,6591.0117,6641.335
9865,2022-07-26,6619.362,6571.5923
9866,2022-07-27,6586.7593,6749.6733
9867,2022-07-28,6582.98,6847.575
9868,2022-07-29,6521.082,6734.085
9869,2022-07-30,6229.543,6325.5728
9870,2022-07-02,6325.581,6448.956
9871,2022-07-03,6191.3657,6325.6724
9872,2022-07-04,6637.489,6921.0845
9873,2022-07-05,6665.3726,6814.7407
9874,2022-07-06,6679.078,6808.6333
9875,2022-07-07,6666.319,6933.0884
9876,2022-07-08,6659.7026,6809.908
9877,2022-07-09,6305.26,6526.326
9878,2022-07-10,6161.122,6207.7886
9879,2022-07-11,6620.475,6254.9844
9880,2022-07-12,6664.9,6832.9814
9881,2022-07-13,6659.7007,6819.6787
9882,2022-07-14,6653.0854,6878.2627
9883,2022-07-15,6602.0454,6869.5234
9884,2022-07-16,6266.0376,6493.7876
9885,2022-07-17,6124.732,6472.99
9886,2022-07-18,6572.272,7015.568
9887,2022-07-19,6637.963,7069.656
9888,2022-07-20,6635.1274,6760.8687
9889,2022-07-21,6621.4214,6812.969
9890,2022-07-22,6566.5986,6728.701
9891,2022-07-23,6215.9395,6382.6753
9892,2022-07-24,6103.939,6172.3145
9893,2022-07-25,6551.0044,6641.335
9894,2022-07-26,6608.1895,6571.5923
9895,2022-07-27,6600.628,6749.6733
9896,2022-07-28,6583.615,6847.575
9897,2022-07-29,6536.8296,6734.085
9898,2022-07-30,6226.81,6325.5728
9899,2022-07-31,6125.677,6235.814
9900,2022-07-03,6226.6523,6325.6724
9901,2022-07-04,6686.9736,6921.0845
9902,2022-07-05,6730.93,6814.7407
9903,2022-07-06,6720.531,6808.6333
9904,2022-07-07,6706.351,6933.0884
9905,2022-07-08,6692.648,6809.908
9906,2022-07-09,6334.4062,6526.326
9907,2022-07-10,6194.9873,6207.7886
9908,2022-07-11,6641.1313,6254.9844
9909,2022-07-12,6692.6465,6832.9814
9910,2022-07-13,6699.261,6819.6787
9911,2022-07-14,6666.652,6878.2627
9912,2022-07-15,6633.096,6869.5234
9913,2022-07-16,6298.9595,6493.7876
9914,2022-07-17,6169.467,6472.99
9915,2022-07-18,6607.105,7015.568
9916,2022-07-19,6649.166,7069.656
9917,2022-07-20,6663.8174,6760.8687
9918,2022-07-21,6650.1133,6812.969
9919,2022-07-22,6617.0273,6728.701
9920,2022-07-23,6291.873,6382.6753
9921,2022-07-24,6171.83,6172.3145
9922,2022-07-25,6632.1514,6641.335
9923,2022-07-26,6683.666,6571.5923
9924,2022-07-27,6692.647,6749.6733
9925,2022-07-28,6659.563,6847.575
9926,2022-07-29,6609.94,6734.085
9927,2022-07-30,6304.6323,6325.5728
9928,2022-07-31,6198.7676,6235.814
9929,2022-08-01,6635.9326,6703.5215
9930,2022-07-04,6724.9424,6921.0845
9931,2022-07-05,6738.649,6814.7407
9932,2022-07-06,6725.4136,6808.6333
9933,2022-07-07,6709.817,6933.0884
9934,2022-07-08,6650.736,6809.908
9935,2022-07-09,6329.328,6526.326
9936,2022-07-10,6236.688,6207.7886
9937,2022-07-11,6659.2417,6254.9844
9938,2022-07-12,6704.1465,6832.9814
9939,2022-07-13,6683.348,6819.6787
9940,2022-07-14,6672.4775,6878.2627
9941,2022-07-15,6602.525,6869.5234
9942,2022-07-16,6296.7173,6493.7876
9943,2022-07-17,6199.823,6472.99
9944,2022-07-18,6610.5586,7015.568
9945,2022-07-19,6668.2236,7069.656
9946,2022-07-20,6643.6455,6760.8687
9947,2022-07-21,6631.3555,6812.969
9948,2022-07-22,6565.1846,6728.701
9949,2022-07-23,6285.372,6382.6753
9950,2022-07-24,6196.0405,6172.3145
9951,2022-07-25,6595.9067,6641.335
9952,2022-07-26,6653.0996,6571.5923
9953,2022-07-27,6643.172,6749.6733
9954,2022-07-28,6625.6855,6847.575
9955,2022-07-29,6560.4575,6734.085
9956,2022-07-30,6265.994,6325.5728
9957,2022-07-31,6194.1504,6235.814
9958,2022-08-01,6582.675,6703.5215
9959,2022-08-02,6662.5513,6674.616
9960,2022-07-05,6868.4526,6814.7407
9961,2022-07-06,6848.596,6808.6333
9962,2022-07-07,6817.862,6933.0884
9963,2022-07-08,6758.7617,6809.908
9964,2022-07-09,6387.607,6526.326
9965,2022-07-10,6263.7324,6207.7886
9966,2022-07-11,6741.2695,6254.9844
9967,2022-07-12,6786.6587,6832.9814
9968,2022-07-13,6777.201,6819.6787
9969,2022-07-14,6766.801,6878.2627
9970,2022-07-15,6719.0464,6869.5234
9971,2022-07-16,6356.4023,6493.7876
9972,2022-07-17,6238.6743,6472.99
9973,2022-07-18,6702.9707,7015.568
9974,2022-07-19,6760.1807,7069.656
9975,2022-07-20,6762.545,6760.8687
9976,2022-07-21,6735.1226,6812.969
9977,2022-07-22,6670.3477,6728.701
9978,2022-07-23,6331.8164,6382.6753
9979,2022-07-24,6207.94,6172.3145
9980,2022-07-25,6653.3257,6641.335
9981,2022-07-26,6696.3506,6571.5923
9982,2022-07-27,6684.531,6749.6733
9983,2022-07-28,6651.4336,6847.575
9984,2022-07-29,6593.281,6734.085
9985,2022-07-30,6290.2095,6325.5728
9986,2022-07-31,6207.9414,6235.814
9987,2022-08-01,6641.5063,6703.5215
9988,2022-08-02,6688.787,6674.616
9989,2022-08-03,6685.9487,6535.162
9990,2022-07-06,6794.1445,6808.6333
9991,2022-07-07,6773.8086,6933.0884
9992,2022-07-08,6759.623,6809.908
9993,2022-07-09,6409.701,6526.326
9994,2022-07-10,6281.558,6207.7886
9995,2022-07-11,6746.3823,6254.9844
9996,2022-07-12,6782.793,6832.9814
9997,2022-07-13,6769.554,6819.6787
9998,2022-07-14,6750.639,6878.2627
9999,2022-07-15,6719.902,6869.5234
10000,2022-07-16,6350.123,6493.7876
10001,2022-07-17,6221.0283,6472.99
10002,2022-07-18,6679.709,7015.568
10003,2022-07-19,6736.4526,7069.656
10004,2022-07-20,6719.9023,6760.8687
10005,2022-07-21,6710.9194,6812.969
10006,2022-07-22,6666.4673,6728.701
10007,2022-07-23,6321.752,6382.6753
10008,2022-07-24,6197.3867,6172.3145
10009,2022-07-25,6663.632,6641.335
10010,2022-07-26,6706.662,6571.5923
10011,2022-07-27,6686.802,6749.6733
10012,2022-07-28,6683.018,6847.575
10013,2022-07-29,6646.1333,6734.085
10014,2022-07-30,6306.1426,6325.5728
10015,2022-07-31,6186.983,6235.814
10016,2022-08-01,6623.437,6703.5215
10017,2022-08-02,6673.5605,6674.616
10018,2022-08-03,6662.213,6535.162
10019,2022-08-04,6648.5015,6481.2036
10020,2022-07-07,6777.0107,6933.0884
10021,2022-07-08,6754.3105,6809.908
10022,2022-07-09,6385.428,6526.326
10023,2022-07-10,6242.134,6207.7886
10024,2022-07-11,6725.9346,6254.9844
10025,2022-07-12,6774.647,6832.9814
10026,2022-07-13,6760.456,6819.6787
10027,2022-07-14,6726.4062,6878.2627
10028,2022-07-15,6680.5327,6869.5234
10029,2022-07-16,6355.6343,6493.7876
10030,2022-07-17,6215.65,6472.99
10031,2022-07-18,6670.128,7015.568
10032,2022-07-19,6726.4062,7069.656
10033,2022-07-20,6711.746,6760.8687
10034,2022-07-21,6669.1826,6812.969
10035,2022-07-22,6627.091,6728.701
10036,2022-07-23,6304.0864,6382.6753
10037,2022-07-24,6189.638,6172.3145
10038,2022-07-25,6612.431,6641.335
10039,2022-07-26,6649.794,6571.5923
10040,2022-07-27,6661.147,6749.6733
10041,2022-07-28,6627.0923,6847.575
10042,2022-07-29,6588.313,6734.085
10043,2022-07-30,6283.2773,6325.5728
10044,2022-07-31,6191.531,6235.814
10045,2022-08-01,6617.162,6703.5215
10046,2022-08-02,6659.727,6674.616
10047,2022-08-03,6653.5776,6535.162
10048,2022-08-04,6638.4424,6481.2036
10049,2022-08-05,6601.555,6494.644
10050,2022-07-08,6824.109,6809.908
10051,2022-07-09,6440.9683,6526.326
10052,2022-07-10,6309.9443,6207.7886
10053,2022-07-11,6782.9556,6254.9844
10054,2022-07-12,6826.4746,6832.9814
10055,2022-07-13,6797.1465,6819.6787
10056,2022-07-14,6774.915,6878.2627
10057,2022-07-15,6738.0205,6869.5234
10058,2022-07-16,6377.114,6493.7876
10059,2022-07-17,6250.821,6472.99
10060,2022-07-18,6713.8965,7015.568
10061,2022-07-19,6766.8726,7069.656
10062,2022-07-20,6739.911,6760.8687
10063,2022-07-21,6706.3267,6812.969
10064,2022-07-22,6625.4463,6728.701
10065,2022-07-23,6309.9463,6382.6753
10066,2022-07-24,6222.439,6172.3145
10067,2022-07-25,6657.1357,6641.335
10068,2022-07-26,6696.392,6571.5923
10069,2022-07-27,6674.163,6749.6733
10070,2022-07-28,6635.3745,6847.575
10071,2022-07-29,6555.9106,6734.085
10072,2022-07-30,6249.4014,6325.5728
10073,2022-07-31,6178.924,6235.814
10074,2022-08-01,6625.4434,6703.5215
10075,2022-08-02,6685.042,6674.616
10076,2022-08-03,6672.7417,6535.162
10077,2022-08-04,6630.647,6481.2036
10078,2022-08-05,6592.803,6494.644
10079,2022-08-06,6300.011,6221.2593
10080,2022-07-09,6385.261,6526.326
10081,2022-07-10,6272.661,6207.7886
10082,2022-07-11,6741.0464,6254.9844
10083,2022-07-12,6760.9175,6832.9814
10084,2022-07-13,6750.036,6819.6787
10085,2022-07-14,6732.53,6878.2627
10086,2022-07-15,6674.81,6869.5234
10087,2022-07-16,6332.746,6493.7876
10088,2022-07-17,6208.317,6472.99
10089,2022-07-18,6660.143,7015.568
10090,2022-07-19,6714.078,7069.656
10091,2022-07-20,6679.0674,6760.8687
10092,2022-07-21,6649.733,6812.969
10093,2022-07-22,6607.6255,6728.701
10094,2022-07-23,6284.959,6382.6753
10095,2022-07-24,6181.8223,6172.3145
10096,2022-07-25,6603.3677,6641.335
10097,2022-07-26,6653.0454,6571.5923
10098,2022-07-27,6659.6694,6749.6733
10099,2022-07-28,6636.013,6847.575
10100,2022-07-29,6576.4004,6734.085
10101,2022-07-30,6284.4873,6325.5728
10102,2022-07-31,6179.929,6235.814
10103,2022-08-01,6591.5405,6703.5215
10104,2022-08-02,6640.2715,6674.616
10105,2022-08-03,6639.325,6535.162
10106,2022-08-04,6624.658,6481.2036
10107,2022-08-05,6568.83,6494.644
10108,2022-08-06,6257.0474,6221.2593
10109,2022-08-07,6176.6177,6134.0005
10110,2022-07-10,6322.1333,6207.7886
10111,2022-07-11,6774.5625,6254.9844
10112,2022-07-12,6821.4146,6832.9814
10113,2022-07-13,6819.993,6819.6787
10114,2022-07-14,6791.5986,6878.2627
10115,2022-07-15,6732.918,6869.5234
10116,2022-07-16,6402.114,6493.7876
10117,2022-07-17,6274.337,6472.99
10118,2022-07-18,6731.9688,7015.568
10119,2022-07-19,6787.811,7069.656
10120,2022-07-20,6766.044,6760.8687
10121,2022-07-21,6735.2827,6812.969
10122,2022-07-22,6674.705,6728.701
10123,2022-07-23,6335.859,6382.6753
10124,2022-07-24,6233.1626,6172.3145
10125,2022-07-25,6657.6694,6641.335
10126,2022-07-26,6718.7183,6571.5923
10127,2022-07-27,6708.7812,6749.6733
10128,2022-07-28,6684.1704,6847.575
10129,2022-07-29,6591.8877,6734.085
10130,2022-07-30,6276.228,6325.5728
10131,2022-07-31,6192.467,6235.814
10132,2022-08-01,6649.6235,6703.5215
10133,2022-08-02,6687.956,6674.616
10134,2022-08-03,6685.59,6535.162
10135,2022-08-04,6669.4985,6481.2036
10136,2022-08-05,6601.3506,6494.644
10137,2022-08-06,6310.3013,6221.2593
10138,2022-08-07,6228.4307,6134.0005
10139,2022-08-08,6670.4463,6706.776
10140,2022-07-11,6680.611,6254.9844
10141,2022-07-12,6750.6636,6832.9814
10142,2022-07-13,6755.873,6819.6787
10143,2022-07-14,6711.378,6878.2627
10144,2022-07-15,6673.987,6869.5234
10145,2022-07-16,6346.913,6493.7876
10146,2022-07-17,6183.14,6472.99
10147,2022-07-18,6611.0327,7015.568
10148,2022-07-19,6704.279,7069.656
10149,2022-07-20,6700.491,6760.8687
10150,2022-07-21,6681.558,6812.969
10151,2022-07-22,6617.187,6728.701
10152,2022-07-23,6306.68,6382.6753
10153,2022-07-24,6194.0273,6172.3145
10154,2022-07-25,6618.1323,6641.335
10155,2022-07-26,6693.391,6571.5923
10156,2022-07-27,6702.8594,6749.6733
10157,2022-07-28,6671.619,6847.575
10158,2022-07-29,6613.4,6734.085
10159,2022-07-30,6326.085,6325.5728
10160,2022-07-31,6200.1807,6235.814
10161,2022-08-01,6621.9175,6703.5215
10162,2022-08-02,6679.6636,6674.616
10163,2022-08-03,6675.404,6535.162
10164,2022-08-04,6641.3257,6481.2036
10165,2022-08-05,6576.0044,6494.644
10166,2022-08-06,6300.0527,6221.2593
10167,2022-08-07,6205.859,6134.0005
10168,2022-08-08,6611.507,6706.776
10169,2022-08-09,6673.0396,6331.053
10170,2022-07-12,6635.9126,6832.9814
10171,2022-07-13,6659.111,6819.6787
10172,2022-07-14,6617.4487,6878.2627
10173,2022-07-15,6588.096,6869.5234
10174,2022-07-16,6402.517,6493.7876
10175,2022-07-17,6183.795,6472.99
10176,2022-07-18,6337.1836,7015.568
10177,2022-07-19,6610.822,7069.656
10178,2022-07-20,6643.0137,6760.8687
10179,2022-07-21,6651.0625,6812.969
10180,2022-07-22,6602.773,6728.701
10181,2022-07-23,6437.5493,6382.6753
10182,2022-07-24,6226.878,6172.3145
10183,2022-07-25,6332.4517,6641.335
10184,2022-07-26,6589.991,6571.5923
10185,2022-07-27,6609.8755,6749.6733
10186,2022-07-28,6608.455,6847.575
10187,2022-07-29,6569.16,6734.085
10188,2022-07-30,6417.192,6325.5728
10189,2022-07-31,6216.935,6235.814
10190,2022-08-01,6324.875,6703.5215
10191,2022-08-02,6577.209,6674.616
10192,2022-08-03,6596.145,6535.162
10193,2022-08-04,6616.027,6481.2036
10194,2022-08-05,6569.1606,6494.644
10195,2022-08-06,6420.0327,6221.2593
10196,2022-08-07,6227.3486,6134.0005
10197,2022-08-08,6373.636,6706.776
10198,2022-08-09,6607.0337,6331.053
10199,2022-08-10,6626.917,6896.6816
10200,2022-07-13,6823.192,6819.6787
10201,2022-07-14,6784.3613,6878.2627
10202,2022-07-15,6733.6943,6869.5234
10203,2022-07-16,6567.9546,6493.7876
10204,2022-07-17,6289.516,6472.99
10205,2022-07-18,6330.24,7015.568
10206,2022-07-19,6694.391,7069.656
10207,2022-07-20,6724.6963,6760.8687
10208,2022-07-21,6694.864,6812.969
10209,2022-07-22,6655.085,6728.701
10210,2022-07-23,6502.6074,6382.6753
10211,2022-07-24,6246.8975,6172.3145
10212,2022-07-25,6324.083,6641.335
10213,2022-07-26,6643.2476,6571.5923
10214,2022-07-27,6674.9756,6749.6733
10215,2022-07-28,6638.5127,6847.575
10216,2022-07-29,6598.736,6734.085
10217,2022-07-30,6468.5117,6325.5728
10218,2022-07-31,6229.8496,6235.814
10219,2022-08-01,6278.6245,6703.5215
10220,2022-08-02,6622.413,6674.616
10221,2022-08-03,6660.2944,6535.162
10222,2022-08-04,6638.5107,6481.2036
10223,2022-08-05,6586.8965,6494.644
10224,2022-08-06,6455.2524,6221.2593
10225,2022-08-07,6231.745,6134.0005
10226,2022-08-08,6302.302,6706.776
10227,2022-08-09,6610.573,6331.053
10228,2022-08-10,6666.9243,6896.6816
10229,2022-08-11,6658.8745,7002.168
10230,2022-07-14,6807.04,6878.2627
10231,2022-07-15,6751.6255,6869.5234
10232,2022-07-16,6565.0156,6493.7876
10233,2022-07-17,6288.412,6472.99
10234,2022-07-18,6354.246,7015.568
10235,2022-07-19,6725.5757,7069.656
10236,2022-07-20,6761.0986,6760.8687
10237,2022-07-21,6749.259,6812.969
10238,2022-07-22,6710.422,6728.701
10239,2022-07-23,6569.752,6382.6753
10240,2022-07-24,6291.2563,6172.3145
10241,2022-07-25,6325.357,6641.335
10242,2022-07-26,6674.424,6571.5923
10243,2022-07-27,6726.9976,6749.6733
10244,2022-07-28,6712.314,6847.575
10245,2022-07-29,6677.264,6734.085
10246,2022-07-30,6533.281,6325.5728
10247,2022-07-31,6263.3105,6235.814
10248,2022-08-01,6315.409,6703.5215
10249,2022-08-02,6654.531,6674.616
10250,2022-08-03,6688.6343,6535.162
10251,2022-08-04,6676.3184,6481.2036
10252,2022-08-05,6635.5854,6494.644
10253,2022-08-06,6517.1787,6221.2593
10254,2022-08-07,6256.681,6134.0005
10255,2022-08-08,6319.6724,6706.776
10256,2022-08-09,6631.3237,6331.053
10257,2022-08-10,6678.214,6896.6816
10258,2022-08-11,6678.215,7002.168
10259,2022-08-12,6653.111,7050.8447
10260,2022-07-15,6823.603,6869.5234
10261,2022-07-16,6704.696,6493.7876
10262,2022-07-17,6356.9844,6472.99
10263,2022-07-18,6258.4487,7015.568
10264,2022-07-19,6730.2793,7069.656
10265,2022-07-20,6794.2324,6760.8687
10266,2022-07-21,6779.5483,6812.969
10267,2022-07-22,6749.7017,6728.701
10268,2022-07-23,6663.958,6382.6753
10269,2022-07-24,6319.0864,6172.3145
10270,2022-07-25,6221.498,6641.335
10271,2022-07-26,6659.694,6571.5923
10272,2022-07-27,6709.9087,6749.6733
10273,2022-07-28,6706.1187,6847.575
10274,2022-07-29,6665.8525,6734.085
10275,2022-07-30,6599.056,6325.5728
10276,2022-07-31,6299.1895,6235.814
10277,2022-08-01,6237.1313,6703.5215
10278,2022-08-02,6646.9033,6674.616
10279,2022-08-03,6698.5405,6535.162
10280,2022-08-04,6696.172,6481.2036
10281,2022-08-05,6671.064,6494.644
10282,2022-08-06,6586.266,6221.2593
10283,2022-08-07,6301.082,6134.0005
10284,2022-08-08,6234.288,6706.776
10285,2022-08-09,6643.589,6331.053
10286,2022-08-10,6718.4375,6896.6816
10287,2022-08-11,6707.542,7002.168
10288,2022-08-12,6676.7495,7050.8447
10289,2022-08-13,6615.1636,6501.6016
10290,2022-07-16,6657.2725,6493.7876
10291,2022-07-17,6327.4893,6472.99
10292,2022-07-18,6271.101,7015.568
10293,2022-07-19,6719.8193,7069.656
10294,2022-07-20,6758.1987,6760.8687
10295,2022-07-21,6745.406,6812.969
10296,2022-07-22,6729.7705,6728.701
10297,2022-07-23,6601.8345,6382.6753
10298,2022-07-24,6295.7437,6172.3145
10299,2022-07-25,6244.569,6641.335
10300,2022-07-26,6630.2637,6571.5923
10301,2022-07-27,6686.177,6749.6733
10302,2022-07-28,6662.484,6847.575
10303,2022-07-29,6635.002,6734.085
10304,2022-07-30,6527.917,6325.5728
10305,2022-07-31,6252.6235,6235.814
10306,2022-08-01,6225.142,6703.5215
10307,2022-08-02,6607.995,6674.616
10308,2022-08-03,6654.4277,6535.162
10309,2022-08-04,6663.4326,6481.2036
10310,2022-08-05,6650.163,6494.644
10311,2022-08-06,6548.7656,6221.2593
10312,2022-08-07,6269.208,6134.0005
10313,2022-08-08,6248.362,6706.776
10314,2022-08-09,6643.531,6331.053
10315,2022-08-10,6690.4414,6896.6816
10316,2022-08-11,6678.121,7002.168
10317,2022-08-12,6671.9624,7050.8447
10318,2022-08-13,6585.2515,6501.6016
10319,2022-08-14,6293.8486,6308.7007
10320,2022-07-17,6224.6943,6472.99
10321,2022-07-18,6650.226,7015.568
10322,2022-07-19,6776.746,7069.656
10323,2022-07-20,6759.689,6760.8687
10324,2022-07-21,6753.529,6812.969
10325,2022-07-22,6713.252,6728.701
10326,2022-07-23,6394.337,6382.6753
10327,2022-07-24,6199.1074,6172.3145
10328,2022-07-25,6618.9507,6641.335
10329,2022-07-26,6724.6226,6571.5923
10330,2022-07-27,6732.2036,6749.6733
10331,2022-07-28,6682.4487,6847.575
10332,2022-07-29,6617.5283,6734.085
10333,2022-07-30,6323.7314,6325.5728
10334,2022-07-31,6210.4795,6235.814
10335,2022-08-01,6603.3125,6703.5215
10336,2022-08-02,6717.9893,6674.616
10337,2022-08-03,6702.3496,6535.162
10338,2022-08-04,6665.8643,6481.2036
10339,2022-08-05,6605.2095,6494.644
10340,2022-08-06,6315.6763,6221.2593
10341,2022-08-07,6205.265,6134.0005
10342,2022-08-08,6592.888,6706.776
10343,2022-08-09,6694.294,6331.053
10344,2022-08-10,6699.0356,6896.6816
10345,2022-08-11,6682.4507,7002.168
10346,2022-08-12,6627.9536,7050.8447
10347,2022-08-13,6349.323,6501.6016
10348,2022-08-14,6254.0723,6308.7007
10349,2022-08-15,6646.4346,6894.875
10350,2022-07-18,6795.412,7015.568
10351,2022-07-19,6849.442,7069.656
10352,2022-07-20,6829.535,6760.8687
10353,2022-07-21,6825.2705,6812.969
10354,2022-07-22,6734.7485,6728.701
10355,2022-07-23,6409.6226,6382.6753
10356,2022-07-24,6303.9326,6172.3145
10357,2022-07-25,6742.804,6641.335
10358,2022-07-26,6793.991,6571.5923
10359,2022-07-27,6788.3037,6749.6733
10360,2022-07-28,6762.2373,6847.575
10361,2022-07-29,6653.7036,6734.085
10362,2022-07-30,6356.065,6325.5728
10363,2022-07-31,6258.4316,6235.814
10364,2022-08-01,6674.0825,6703.5215
10365,2022-08-02,6735.695,6674.616
10366,2022-08-03,6734.748,6535.162
10367,2022-08-04,6713.4194,6481.2036
10368,2022-08-05,6629.058,6494.644
10369,2022-08-06,6333.317,6221.2593
10370,2022-08-07,6267.4375,6134.0005
10371,2022-08-08,6663.1826,6706.776
10372,2022-08-09,6721.951,6331.053
10373,2022-08-10,6747.544,6896.6816
10374,2022-08-11,6694.936,7002.168
10375,2022-08-12,6616.2627,7050.8447
10376,2022-08-13,6329.525,6501.6016
10377,2022-08-14,6265.0684,6308.7007
10378,2022-08-15,6659.8643,6894.875
10379,2022-08-16,6731.905,6832.37
10380,2022-07-19,6952.045,7069.656
10381,2022-07-20,6906.5312,6760.8687
10382,2022-07-21,6873.341,6812.969
10383,2022-07-22,6776.148,6728.701
10384,2022-07-23,6406.806,6382.6753
10385,2022-07-24,6295.3887,6172.3145
10386,2022-07-25,6760.977,6641.335
10387,2022-07-26,6801.7495,6571.5923
10388,2022-07-27,6779.466,6749.6733
10389,2022-07-28,6745.8037,6847.575
10390,2022-07-29,6646.7104,6734.085
10391,2022-07-30,6330.0,6325.5728
10392,2022-07-31,6275.949,6235.814
10393,2022-08-01,6744.8535,6703.5215
10394,2022-08-02,6780.8887,6674.616
10395,2022-08-03,6752.9136,6535.162
10396,2022-08-04,6733.4736,6481.2036
10397,2022-08-05,6633.437,6494.644
10398,2022-08-06,6304.87,6221.2593
10399,2022-08-07,6245.1323,6134.0005
10400,2022-08-08,6712.141,6706.776
10401,2022-08-09,6739.639,6331.053
10402,2022-08-10,6730.1567,6896.6816
10403,2022-08-11,6701.236,7002.168
10404,2022-08-12,6617.3184,7050.8447
10405,2022-08-13,6297.286,6501.6016
10406,2022-08-14,6280.6895,6308.7007
10407,2022-08-15,6725.8906,6894.875
10408,2022-08-16,6749.594,6832.37
10409,2022-08-17,6741.062,6919.016
10410,2022-07-20,6943.275,6760.8687
10411,2022-07-21,6900.596,6812.969
10412,2022-07-22,6838.942,6728.701
10413,2022-07-23,6458.6064,6382.6753
10414,2022-07-24,6304.004,6172.3145
10415,2022-07-25,6785.3535,6641.335
10416,2022-07-26,6853.643,6571.5923
10417,2022-07-27,6851.7476,6749.6733
10418,2022-07-28,6804.322,6847.575
10419,2022-07-29,6707.103,6734.085
10420,2022-07-30,6342.892,6325.5728
10421,2022-07-31,6258.0044,6235.814
10422,2022-08-01,6714.6904,6703.5215
10423,2022-08-02,6765.4346,6674.616
10424,2022-08-03,6753.58,6535.162
10425,2022-08-04,6726.5474,6481.2036
10426,2022-08-05,6633.6,6494.644
10427,2022-08-06,6295.4688,6221.2593
10428,2022-08-07,6232.3945,6134.0005
10429,2022-08-08,6676.2793,6706.776
10430,2022-08-09,6732.2407,6331.053
10431,2022-08-10,6737.931,6896.6816
10432,2022-08-11,6688.6094,7002.168
10433,2022-08-12,6586.177,7050.8447
10434,2022-08-13,6287.8813,6501.6016
10435,2022-08-14,6236.663,6308.7007
10436,2022-08-15,6694.302,6894.875
10437,2022-08-16,6732.714,6832.37
10438,2022-08-17,6725.1274,6919.016
10439,2022-08-18,6716.115,6906.066
10440,2022-07-21,6759.227,6812.969
10441,2022-07-22,6712.746,6728.701
10442,2022-07-23,6394.0156,6382.6753
10443,2022-07-24,6296.787,6172.3145
10444,2022-07-25,6700.888,6641.335
10445,2022-07-26,6767.2905,6571.5923
10446,2022-07-27,6737.8857,6749.6733
10447,2022-07-28,6711.324,6847.575
10448,2022-07-29,6608.4,6734.085
10449,2022-07-30,6294.4146,6325.5728
10450,2022-07-31,6246.9863,6235.814
10451,2022-08-01,6621.68,6703.5215
10452,2022-08-02,6697.096,6674.616
10453,2022-08-03,6680.9683,6535.162
10454,2022-08-04,6648.7173,6481.2036
10455,2022-08-05,6552.4326,6494.644
10456,2022-08-06,6292.5186,6221.2593
10457,2022-08-07,6277.342,6134.0005
10458,2022-08-08,6638.7563,6706.776
10459,2022-08-09,6692.826,6331.053
10460,2022-08-10,6678.1235,6896.6816
10461,2022-08-11,6641.602,7002.168
10462,2022-08-12,6541.5254,7050.8447
10463,2022-08-13,6292.042,6501.6016
10464,2022-08-14,6276.391,6308.7007
10465,2022-08-15,6641.128,6894.875
10466,2022-08-16,6684.764,6832.37
10467,2022-08-17,6698.9917,6919.016
10468,2022-08-18,6670.5337,6906.066
10469,2022-08-19,6603.183,6860.7544
10470,2022-07-22,6758.828,6728.701
10471,2022-07-23,6410.165,6382.6753
10472,2022-07-24,6305.8027,6172.3145
10473,2022-07-25,6752.186,6641.335
10474,2022-07-26,6803.419,6571.5923
10475,2022-07-27,6762.6226,6749.6733
10476,2022-07-28,6717.5576,6847.575
10477,2022-07-29,6612.247,6734.085
10478,2022-07-30,6310.5464,6325.5728
10479,2022-07-31,6225.159,6235.814
10480,2022-08-01,6648.2993,6703.5215
10481,2022-08-02,6695.2617,6674.616
10482,2022-08-03,6694.314,6535.162
10483,2022-08-04,6650.1963,6481.2036
10484,2022-08-05,6544.886,6494.644
10485,2022-08-06,6280.186,6221.2593
10486,2022-08-07,6246.5063,6134.0005
10487,2022-08-08,6646.8755,6706.776
10488,2022-08-09,6690.518,6331.053
10489,2022-08-10,6687.672,6896.6816
10490,2022-08-11,6668.2227,7002.168
10491,2022-08-12,6574.297,7050.8447
10492,2022-08-13,6295.841,6501.6016
10493,2022-08-14,6260.7373,6308.7007
10494,2022-08-15,6657.786,6894.875
10495,2022-08-16,6730.3657,6832.37
10496,2022-08-17,6716.608,6919.016
10497,2022-08-18,6694.3125,6906.066
10498,2022-08-19,6628.3755,6860.7544
10499,2022-08-20,6353.24,6497.6953
10500,2022-07-23,6361.493,6382.6753
10501,2022-07-24,6243.837,6172.3145
10502,2022-07-25,6740.078,6641.335
10503,2022-07-26,6788.944,6571.5923
10504,2022-07-27,6776.61,6749.6733
10505,2022-07-28,6750.991,6847.575
10506,2022-07-29,6645.196,6734.085
10507,2022-07-30,6311.679,6325.5728
10508,2022-07-31,6202.0864,6235.814
10509,2022-08-01,6668.442,6703.5215
10510,2022-08-02,6712.563,6674.616
10511,2022-08-03,6699.753,6535.162
10512,2022-08-04,6683.6245,6481.2036
10513,2022-08-05,6595.8564,6494.644
10514,2022-08-06,6293.177,6221.2593
10515,2022-08-07,6199.2417,6134.0005
10516,2022-08-08,6648.517,6706.776
10517,2022-08-09,6710.1914,6331.053
10518,2022-08-10,6703.55,6896.6816
10519,2022-08-11,6686.4707,7002.168
10520,2022-08-12,6645.672,7050.8447
10521,2022-08-13,6330.1807,6501.6016
10522,2022-08-14,6251.9023,6308.7007
10523,2022-08-15,6690.741,6894.875
10524,2022-08-16,6754.7856,6832.37
10525,2022-08-17,6746.2476,6919.016
10526,2022-08-18,6715.886,6906.066
10527,2022-08-19,6671.288,6860.7544
10528,2022-08-20,6360.545,6497.6953
10529,2022-08-21,6282.267,6135.005
10530,2022-07-24,6258.5273,6172.3145
10531,2022-07-25,6769.4785,6641.335
10532,2022-07-26,6818.8193,6571.5923
10533,2022-07-27,6798.4204,6749.6733
10534,2022-07-28,6749.555,6847.575
10535,2022-07-29,6659.416,6734.085
10536,2022-07-30,6319.7285,6325.5728
10537,2022-07-31,6226.7427,6235.814
10538,2022-08-01,6680.291,6703.5215
10539,2022-08-02,6728.207,6674.616
10540,2022-08-03,6722.04,6535.162
10541,2022-08-04,6665.111,6481.2036
10542,2022-08-05,6555.5195,6494.644
10543,2022-08-06,6266.121,6221.2593
10544,2022-08-07,6211.561,6134.0005
10545,2022-08-08,6675.5483,6706.776
10546,2022-08-09,6732.478,6331.053
10547,2022-08-10,6717.77,6896.6816
10548,2022-08-11,6704.011,7002.168
10549,2022-08-12,6611.9756,7050.8447
10550,2022-08-13,6301.7026,6501.6016
10551,2022-08-14,6264.698,6308.7007
10552,2022-08-15,6716.346,6894.875
10553,2022-08-16,6754.7754,6832.37
10554,2022-08-17,6749.5566,6919.016
10555,2022-08-18,6747.6587,6906.066
10556,2022-08-19,6667.956,6860.7544
10557,2022-08-20,6367.6465,6497.6953
10558,2022-08-21,6335.3843,6135.005
10559,2022-08-22,6788.4575,6695.5205
10560,2022-07-25,6670.464,6641.335
10561,2022-07-26,6747.3223,6571.5923
10562,2022-07-27,6719.332,6749.6733
10563,2022-07-28,6686.122,6847.575
10564,2022-07-29,6566.0933,6734.085
10565,2022-07-30,6257.2373,6325.5728
10566,2022-07-31,6181.3267,6235.814
10567,2022-08-01,6616.857,6703.5215
10568,2022-08-02,6695.6113,6674.616
10569,2022-08-03,6679.4814,6535.162
10570,2022-08-04,6629.19,6481.2036
10571,2022-08-05,6545.2188,6494.644
10572,2022-08-06,6248.2256,6221.2593
10573,2022-08-07,6187.496,6134.0005
10574,2022-08-08,6614.959,6706.776
10575,2022-08-09,6678.5317,6331.053
10576,2022-08-10,6684.225,6896.6816
10577,2022-08-11,6661.9277,7002.168
10578,2022-08-12,6574.6333,7050.8447
10579,2022-08-13,6288.0767,6501.6016
10580,2022-08-14,6238.26,6308.7007
10581,2022-08-15,6663.824,6894.875
10582,2022-08-16,6703.201,6832.37
10583,2022-08-17,6727.872,6919.016
10584,2022-08-18,6701.305,6906.066
10585,2022-08-19,6629.1914,6860.7544
10586,2022-08-20,6345.483,6497.6953
10587,2022-08-21,6265.302,6135.005
10588,2022-08-22,6688.0186,6695.5205
10589,2022-08-23,6735.4624,6685.1035
10590,2022-07-26,6762.9995,6571.5923
10591,2022-07-27,6724.087,6749.6733
10592,2022-07-28,6695.615,6847.575
10593,2022-07-29,6593.592,6734.085
10594,2022-07-30,6264.7393,6325.5728
10595,2022-07-31,6170.7837,6235.814
10596,2022-08-01,6649.111,6703.5215
10597,2022-08-02,6704.1567,6674.616
10598,2022-08-03,6688.496,6535.162
10599,2022-08-04,6651.0093,6481.2036
10600,2022-08-05,6567.493,6494.644
10601,2022-08-06,6259.996,6221.2593
10602,2022-08-07,6204.478,6134.0005
10603,2022-08-08,6626.3354,6706.776
10604,2022-08-09,6688.0215,6331.053
10605,2022-08-10,6687.55,6896.6816
10606,2022-08-11,6659.5537,7002.168
10607,2022-08-12,6563.223,7050.8447
10608,2022-08-13,6269.9624,6501.6016
10609,2022-08-14,6232.9487,6308.7007
10610,2022-08-15,6651.9595,6894.875
10611,2022-08-16,6694.1924,6832.37
10612,2022-08-17,6670.9375,6919.016
10613,2022-08-18,6660.025,6906.066
10614,2022-08-19,6573.187,6860.7544
10615,2022-08-20,6291.3164,6497.6953
10616,2022-08-21,6277.554,6135.005
10617,2022-08-22,6709.8506,6695.5205
10618,2022-08-23,6768.2188,6685.1035
10619,2022-08-24,6781.5063,6685.166
10620,2022-07-27,6606.0986,6749.6733
10621,2022-07-28,6590.438,6847.575
10622,2022-07-29,6501.701,6734.085
10623,2022-07-30,6217.9224,6325.5728
10624,2022-07-31,6171.89,6235.814
10625,2022-08-01,6574.306,6703.5215
10626,2022-08-02,6600.879,6674.616
10627,2022-08-03,6601.8267,6535.162
10628,2022-08-04,6572.4062,6481.2036
10629,2022-08-05,6526.3765,6494.644
10630,2022-08-06,6244.023,6221.2593
10631,2022-08-07,6221.2456,6134.0005
10632,2022-08-08,6577.1504,6706.776
10633,2022-08-09,6623.1836,6331.053
10634,2022-08-10,6634.0957,6896.6816
10635,2022-08-11,6603.7256,7002.168
10636,2022-08-12,6536.815,7050.8447
10637,2022-08-13,6251.616,6501.6016
10638,2022-08-14,6234.5327,6308.7007
10639,2022-08-15,6629.351,6894.875
10640,2022-08-16,6653.0786,6832.37
10641,2022-08-17,6656.875,6919.016
10642,2022-08-18,6647.3843,6906.066
10643,2022-08-19,6590.439,6860.7544
10644,2022-08-20,6324.6963,6497.6953
10645,2022-08-21,6292.4263,6135.005
10646,2022-08-22,6702.9023,6695.5205
10647,2022-08-23,6747.0386,6685.1035
10648,2022-08-24,6734.6987,6685.166
10649,2022-08-25,6722.8354,6690.763
10650,2022-07-28,6737.5767,6847.575
10651,2022-07-29,6627.477,6734.085
10652,2022-07-30,6296.2236,6325.5728
10653,2022-07-31,6214.119,6235.814
10654,2022-08-01,6623.681,6703.5215
10655,2022-08-02,6683.951,6674.616
10656,2022-08-03,6665.919,6535.162
10657,2022-08-04,6645.9863,6481.2036
10658,2022-08-05,6583.815,6494.644
10659,2022-08-06,6273.4414,6221.2593
10660,2022-08-07,6220.2876,6134.0005
10661,2022-08-08,6627.4775,6706.776
10662,2022-08-09,6679.2056,6331.053
10663,2022-08-10,6682.5283,6896.6816
10664,2022-08-11,6669.241,7002.168
10665,2022-08-12,6589.037,7050.8447
10666,2022-08-13,6286.257,6501.6016
10667,2022-08-14,6251.6113,6308.7007
10668,2022-08-15,6635.0693,6894.875
10669,2022-08-16,6709.578,6832.37
10670,2022-08-17,6717.1714,6919.016
10671,2022-08-18,6681.1045,6906.066
10672,2022-08-19,6620.358,6860.7544
10673,2022-08-20,6334.6636,6497.6953
10674,2022-08-21,6262.5283,6135.005
10675,2022-08-22,6693.919,6695.5205
10676,2022-08-23,6735.2056,6685.1035
10677,2022-08-24,6748.4927,6685.166
10678,2022-08-25,6755.6133,6690.763
10679,2022-08-26,6683.4775,6530.3525
10680,2022-07-29,6686.9736,6734.085
10681,2022-07-30,6337.6504,6325.5728
10682,2022-07-31,6230.386,6235.814
10683,2022-08-01,6662.295,6703.5215
10684,2022-08-02,6715.451,6674.616
10685,2022-08-03,6718.2993,6535.162
10686,2022-08-04,6695.042,6481.2036
10687,2022-08-05,6617.6787,6494.644
10688,2022-08-06,6296.832,6221.2593
10689,2022-08-07,6215.6733,6134.0005
10690,2022-08-08,6610.5605,6706.776
10691,2022-08-09,6678.9067,6331.053
10692,2022-08-10,6675.11,6896.6816
10693,2022-08-11,6640.462,7002.168
10694,2022-08-12,6563.5713,7050.8447
10695,2022-08-13,6287.341,6501.6016
10696,2022-08-14,6243.2007,6308.7007
10697,2022-08-15,6658.9707,6894.875
10698,2022-08-16,6723.9956,6832.37
10699,2022-08-17,6717.3506,6919.016
10700,2022-08-18,6687.9233,6906.066
10701,2022-08-19,6605.8125,6860.7544
10702,2022-08-20,6321.0376,6497.6953
10703,2022-08-21,6280.2217,6135.005
10704,2022-08-22,6705.958,6695.5205
10705,2022-08-23,6759.592,6685.1035
10706,2022-08-24,6756.2705,6685.166
10707,2022-08-25,6737.76,6690.763
10708,2022-08-26,6688.398,6530.3525
10709,2022-08-27,6384.638,6197.1304
10710,2022-07-30,6366.819,6325.5728
10711,2022-07-31,6205.915,6235.814
10712,2022-08-01,6637.362,6703.5215
10713,2022-08-02,6695.7437,6674.616
10714,2022-08-03,6686.2524,6535.162
10715,2022-08-04,6681.978,6481.2036
10716,2022-08-05,6612.206,6494.644
10717,2022-08-06,6293.7246,6221.2593
10718,2022-08-07,6200.696,6134.0005
10719,2022-08-08,6604.6123,6706.776
10720,2022-08-09,6692.4204,6331.053
10721,2022-08-10,6689.5713,6896.6816
10722,2022-08-11,6671.063,7002.168
10723,2022-08-12,6612.681,7050.8447
10724,2022-08-13,6301.794,6501.6016
10725,2022-08-14,6205.442,6308.7007
10726,2022-08-15,6600.34,6894.875
10727,2022-08-16,6699.067,6832.37
10728,2022-08-17,6699.5405,6919.016
10729,2022-08-18,6701.4414,6906.066
10730,2022-08-19,6651.127,6860.7544
10731,2022-08-20,6347.833,6497.6953
10732,2022-08-21,6253.378,6135.005
10733,2022-08-22,6652.0767,6695.5205
10734,2022-08-23,6756.497,6685.1035
10735,2022-08-24,6775.956,6685.166
10736,2022-08-25,6765.991,6690.763
10737,2022-08-26,6704.287,6530.3525
10738,2022-08-27,6408.588,6197.1304
10739,2022-08-28,6289.928,6036.984
10740,2022-07-31,6169.7183,6235.814
10741,2022-08-01,6642.4106,6703.5215
10742,2022-08-02,6700.788,6674.616
10743,2022-08-03,6676.1064,6535.162
10744,2022-08-04,6658.075,6481.2036
10745,2022-08-05,6579.294,6494.644
10746,2022-08-06,6253.7183,6221.2593
10747,2022-08-07,6156.4287,6134.0005
10748,2022-08-08,6609.1924,6706.776
10749,2022-08-09,6641.9404,6331.053
10750,2022-08-10,6668.99,6896.6816
10751,2022-08-11,6630.0737,7002.168
10752,2022-08-12,6563.1562,7050.8447
10753,2022-08-13,6265.11,6501.6016
10754,2022-08-14,6211.007,6308.7007
10755,2022-08-15,6643.8354,6894.875
10756,2022-08-16,6700.7896,6832.37
10757,2022-08-17,6689.8726,6919.016
10758,2022-08-18,6679.9043,6906.066
10759,2022-08-19,6631.973,6860.7544
10760,2022-08-20,6332.9785,6497.6953
10761,2022-08-21,6266.534,6135.005
10762,2022-08-22,6702.212,6695.5205
10763,2022-08-23,6750.619,6685.1035
10764,2022-08-24,6759.163,6685.166
10765,2022-08-25,6743.9746,6690.763
10766,2022-08-26,6683.2275,6530.3525
10767,2022-08-27,6374.266,6197.1304
10768,2022-08-28,6280.301,6036.984
10769,2022-08-29,6728.314,6538.454
10770,2022-08-01,6643.275,6703.5215
10771,2022-08-02,6712.091,6674.616
10772,2022-08-03,6701.6504,6535.162
10773,2022-08-04,6679.3467,6481.2036
10774,2022-08-05,6625.716,6494.644
10775,2022-08-06,6272.1494,6221.2593
10776,2022-08-07,6175.8076,6134.0005
10777,2022-08-08,6642.326,6706.776
10778,2022-08-09,6683.141,6331.053
10779,2022-08-10,6668.4277,6896.6816
10780,2022-08-11,6657.515,7002.168
10781,2022-08-12,6601.985,7050.8447
10782,2022-08-13,6288.2827,6501.6016
10783,2022-08-14,6233.7056,6308.7007
10784,2022-08-15,6700.227,6894.875
10785,2022-08-16,6734.398,6832.37
10786,2022-08-17,6750.5327,6919.016
10787,2022-08-18,6741.5176,6906.066
10788,2022-08-19,6679.3433,6860.7544
10789,2022-08-20,6334.3193,6497.6953
10790,2022-08-21,6259.8096,6135.005
10791,2022-08-22,6736.2944,6695.5205
10792,2022-08-23,6779.4814,6685.1035
10793,2022-08-24,6767.1426,6685.166
10794,2022-08-25,6778.0586,6690.763
10795,2022-08-26,6709.2437,6530.3525
10796,2022-08-27,6388.4204,6197.1304
10797,2022-08-28,6309.166,6036.984
10798,2022-08-29,6760.973,6538.454
10799,2022-08-30,6807.484,6561.5044
10800,2022-08-02,6723.5874,6674.616
10801,2022-08-03,6706.0205,6535.162
10802,2022-08-04,6651.9043,6481.2036
10803,2022-08-05,6608.706,6494.644
10804,2022-08-06,6271.672,6221.2593
10805,2022-08-07,6189.549,6134.0005
10806,2022-08-08,6651.43,6706.776
10807,2022-08-09,6677.5386,6331.053
10808,2022-08-10,6679.912,6896.6816
10809,2022-08-11,6651.428,7002.168
10810,2022-08-12,6584.024,7050.8447
10811,2022-08-13,6278.319,6501.6016
10812,2022-08-14,6229.425,6308.7007
10813,2022-08-15,6664.721,6894.875
10814,2022-08-16,6705.0713,6832.37
10815,2022-08-17,6706.971,6919.016
10816,2022-08-18,6695.1035,6906.066
10817,2022-08-19,6650.955,6860.7544
10818,2022-08-20,6354.744,6497.6953
10819,2022-08-21,6280.692,6135.005
10820,2022-08-22,6713.141,6695.5205
10821,2022-08-23,6757.763,6685.1035
10822,2022-08-24,6762.5083,6685.166
10823,2022-08-25,6775.326,6690.763
10824,2022-08-26,6712.6675,6530.3525
10825,2022-08-27,6393.667,6197.1304
10826,2022-08-28,6322.4644,6036.984
10827,2022-08-29,6783.871,6538.454
10828,2022-08-30,6801.436,6561.5044
10829,2022-08-31,6801.435,6660.3345
10830,2022-08-03,6680.4844,6535.162
10831,2022-08-04,6664.8193,6481.2036
10832,2022-08-05,6623.043,6494.644
10833,2022-08-06,6282.1787,6221.2593
10834,2022-08-07,6204.324,6134.0005
10835,2022-08-08,6648.677,6706.776
10836,2022-08-09,6682.859,6331.053
10837,2022-08-10,6680.9595,6896.6816
10838,2022-08-11,6642.0312,7002.168
10839,2022-08-12,6608.324,7050.8447
10840,2022-08-13,6309.715,6501.6016
10841,2022-08-14,6251.797,6308.7007
10842,2022-08-15,6670.514,6894.875
10843,2022-08-16,6692.353,6832.37
10844,2022-08-17,6710.392,6919.016
10845,2022-08-18,6695.201,6906.066
10846,2022-08-19,6642.98,6860.7544
10847,2022-08-20,6342.4717,6497.6953
10848,2022-08-21,6269.3633,6135.005
10849,2022-08-22,6703.2695,6695.5205
10850,2022-08-23,6734.1265,6685.1035
10851,2022-08-24,6732.7046,6685.166
10852,2022-08-25,6725.584,6690.763
10853,2022-08-26,6651.5244,6530.3525
10854,2022-08-27,6364.7827,6197.1304
10855,2022-08-28,6272.6836,6036.984
10856,2022-08-29,6687.129,6538.454
10857,2022-08-30,6744.572,6561.5044
10858,2022-08-31,6748.8467,6660.3345
10859,2022-09-01,6742.675,6696.0244
10860,2022-08-04,6601.404,6481.2036
10861,2022-08-05,6580.514,6494.644
10862,2022-08-06,6242.9688,6221.2593
10863,2022-08-07,6129.5024,6134.0005
10864,2022-08-08,6554.8794,6706.776
10865,2022-08-09,6608.051,6331.053
10866,2022-08-10,6616.5986,6896.6816
10867,2022-08-11,6613.2744,7002.168
10868,2022-08-12,6582.888,7050.8447
10869,2022-08-13,6282.848,6501.6016
10870,2022-08-14,6192.169,6308.7007
10871,2022-08-15,6629.8887,6894.875
10872,2022-08-16,6694.9316,6832.37
10873,2022-08-17,6689.2324,6919.016
10874,2022-08-18,6694.456,6906.066
10875,2022-08-19,6657.4224,6860.7544
10876,2022-08-20,6359.7563,6497.6953
10877,2022-08-21,6261.958,6135.005
10878,2022-08-22,6715.819,6695.5205
10879,2022-08-23,6768.043,6685.1035
10880,2022-08-24,7666.27,6685.166
10881,2022-08-25,6760.922,6690.763
10882,2022-08-26,6726.739,6530.3525
10883,2022-08-27,6415.302,6197.1304
10884,2022-08-28,6294.2417,6036.984
10885,2022-08-29,6730.537,6538.454
10886,2022-08-30,6793.679,6561.5044
10887,2022-08-31,6780.86,6660.3345
10888,2022-09-01,6776.115,6696.0244
10889,2022-09-02,6703.002,6572.655
10890,2022-08-05,6482.3057,6494.644
10891,2022-08-06,6175.615,6221.2593
10892,2022-08-07,6123.392,6134.0005
10893,2022-08-08,6514.1133,6706.776
10894,2022-08-09,6569.1855,6331.053
10895,2022-08-10,6581.531,6896.6816
10896,2022-08-11,6572.0337,7002.168
10897,2022-08-12,6530.7314,7050.8447
10898,2022-08-13,6235.433,6501.6016
10899,2022-08-14,6164.696,6308.7007
10900,2022-08-15,6565.3887,6894.875
10901,2022-08-16,6631.378,6832.37
10902,2022-08-17,6663.1855,6919.016
10903,2022-08-18,6668.41,6906.066
10904,2022-08-19,6609.5405,6860.7544
10905,2022-08-20,6306.6455,6497.6953
10906,2022-08-21,6229.2607,6135.005
10907,2022-08-22,6651.7925,6695.5205
10908,2022-08-23,6700.6914,6685.1035
10909,2022-08-24,6711.6133,6685.166
10910,2022-08-25,6706.393,6690.763
10911,2022-08-26,6647.995,6530.3525
10912,2022-08-27,6346.5264,6197.1304
10913,2022-08-28,6266.292,6036.984
10914,2022-08-29,6709.7114,6538.454
10915,2022-08-30,6743.8955,6561.5044
10916,2022-08-31,6752.4414,6660.3345
10917,2022-09-01,6764.7837,6696.0244
10918,2022-09-02,6678.38,6572.655
10919,2022-09-03,6359.8184,6276.3657
10920,2022-08-06,6174.228,6221.2593
10921,2022-08-07,6115.831,6134.0005
10922,2022-08-08,6555.46,6706.776
10923,2022-08-09,6596.7637,6331.053
10924,2022-08-10,6595.815,6896.6816
10925,2022-08-11,6598.659,7002.168
10926,2022-08-12,6555.931,7050.8447
10927,2022-08-13,6212.207,6501.6016
10928,2022-08-14,6146.692,6308.7007
10929,2022-08-15,6611.005,6894.875
10930,2022-08-16,6653.2573,6832.37
10931,2022-08-17,6654.6826,6919.016
10932,2022-08-18,6651.3594,6906.066
10933,2022-08-19,6625.247,6860.7544
10934,2022-08-20,6331.8477,6497.6953
10935,2022-08-21,6232.149,6135.005
10936,2022-08-22,6711.6523,6695.5205
10937,2022-08-23,6728.268,6685.1035
10938,2022-08-24,6731.118,6685.166
10939,2022-08-25,6733.967,6690.763
10940,2022-08-26,6680.3193,6530.3525
10941,2022-08-27,6358.908,6197.1304
10942,2022-08-28,6264.4316,6036.984
10943,2022-08-29,6738.7144,6538.454
10944,2022-08-30,6768.149,6561.5044
10945,2022-08-31,6760.0786,6660.3345
10946,2022-09-01,6768.1475,6696.0244
10947,2022-09-02,6705.9546,6572.655
10948,2022-09-03,6362.7056,6276.3657
10949,2022-09-04,6249.2373,6152.961
10950,2022-08-07,6097.8677,6134.0005
10951,2022-08-08,6542.212,6706.776
10952,2022-08-09,6621.493,6331.053
10953,2022-08-10,6623.865,6896.6816
10954,2022-08-11,6592.06,7002.168
10955,2022-08-12,6557.4043,7050.8447
10956,2022-08-13,6245.0337,6501.6016
10957,2022-08-14,6164.3296,6308.7007
10958,2022-08-15,6635.261,6894.875
10959,2022-08-16,6676.088,6832.37
10960,2022-08-17,6666.1177,6919.016
10961,2022-08-18,6662.794,6906.066
10962,2022-08-19,6610.5737,6860.7544
10963,2022-08-20,6294.88,6497.6953
10964,2022-08-21,6215.125,6135.005
10965,2022-08-22,6670.865,6695.5205
10966,2022-08-23,6709.7925,6685.1035
10967,2022-08-24,6704.571,6685.166
10968,2022-08-25,6710.741,6690.763
10969,2022-08-26,6654.723,6530.3525
10970,2022-08-27,6339.03,6197.1304
10971,2022-08-28,6246.9316,6036.984
10972,2022-08-29,6698.398,6538.454
10973,2022-08-30,6736.377,6561.5044
10974,2022-08-31,6734.4775,6660.3345
10975,2022-09-01,6732.1055,6696.0244
10976,2022-09-02,6645.23,6572.655
10977,2022-09-03,6326.212,6276.3657
10978,2022-09-04,6230.319,6152.961
10979,2022-09-05,6680.3613,6605.1196
10980,2022-08-08,6549.0127,6706.776
10981,2022-08-09,6594.1143,6331.053
10982,2022-08-10,6590.79,6896.6816
10983,2022-08-11,6576.55,7002.168
10984,2022-08-12,6546.6406,7050.8447
10985,2022-08-13,6252.7754,6501.6016
10986,2022-08-14,6162.102,6308.7007
10987,2022-08-15,6601.7104,6894.875
10988,2022-08-16,6624.498,6832.37
10989,2022-08-17,6625.9224,6919.016
10990,2022-08-18,6632.092,6906.066
10991,2022-08-19,6607.8823,6860.7544
10992,2022-08-20,6308.795,6497.6953
10993,2022-08-21,6237.587,6135.005
10994,2022-08-22,6665.3237,6695.5205
10995,2022-08-23,6707.5767,6685.1035
10996,2022-08-24,6707.576,6685.166
10997,2022-08-25,6700.9316,6690.763
10998,2022-08-26,6657.73,6530.3525
10999,2022-08-27,6346.3,6197.1304
11000,2022-08-28,6248.0293,6036.984
11001,2022-08-29,6654.8813,6538.454
11002,2022-08-30,6697.6074,6561.5044
11003,2022-08-31,6709.002,6660.3345
11004,2022-09-01,6715.649,6696.0244
11005,2022-09-02,6640.1655,6572.655
11006,2022-09-03,6332.5337,6276.3657
11007,2022-09-04,6236.635,6152.961
11008,2022-09-05,6644.9106,6605.1196
11009,2022-09-06,6687.64,6681.0586
11010,2022-08-09,6687.3677,6331.053
11011,2022-08-10,6682.145,6896.6816
11012,2022-08-11,6644.154,7002.168
11013,2022-08-12,6585.2725,7050.8447
11014,2022-08-13,6244.8037,6501.6016
11015,2022-08-14,6195.8926,6308.7007
11016,2022-08-15,6643.2056,6894.875
11017,2022-08-16,6682.143,6832.37
11018,2022-08-17,6683.5674,6919.016
11019,2022-08-18,6690.215,6906.066
11020,2022-08-19,6638.931,6860.7544
11021,2022-08-20,6326.4775,6497.6953
11022,2022-08-21,6257.623,6135.005
11023,2022-08-22,6708.261,6695.5205
11024,2022-08-23,6748.6226,6685.1035
11025,2022-08-24,6756.696,6685.166
11026,2022-08-25,6741.5024,6690.763
11027,2022-08-26,6678.3433,6530.3525
11028,2022-08-27,6348.319,6197.1304
11029,2022-08-28,6259.524,6036.984
11030,2022-08-29,6742.926,6538.454
11031,2022-08-30,6777.1143,6561.5044
11032,2022-08-31,6782.8125,6660.3345
11033,2022-09-01,6752.8975,6696.0244
11034,2022-09-02,6672.6475,6572.655
11035,2022-09-03,6344.9956,6276.3657
11036,2022-09-04,6243.852,6152.961
11037,2022-09-05,6691.1655,6605.1196
11038,2022-09-06,6718.7056,6681.0586
11039,2022-09-07,6720.1313,6638.207
11040,2022-08-10,6459.77,6896.6816
11041,2022-08-11,6498.7056,7002.168
11042,2022-08-12,6498.705,7050.8447
11043,2022-08-13,6233.2676,6501.6016
11044,2022-08-14,6191.0063,6308.7007
11045,2022-08-15,6603.6465,6894.875
11046,2022-08-16,6652.0806,6832.37
11047,2022-08-17,6630.7114,6919.016
11048,2022-08-18,6627.386,6906.066
11049,2022-08-19,6605.072,6860.7544
11050,2022-08-20,6313.9927,6497.6953
11051,2022-08-21,6226.1465,6135.005
11052,2022-08-22,6686.2686,6695.5205
11053,2022-08-23,6725.6807,6685.1035
11054,2022-08-24,6726.631,6685.166
11055,2022-08-25,6710.96,6690.763
11056,2022-08-26,6656.8286,6530.3525
11057,2022-08-27,6338.2095,6197.1304
11058,2022-08-28,6250.3623,6036.984
11059,2022-08-29,6690.542,6538.454
11060,2022-08-30,6721.882,6561.5044
11061,2022-08-31,6723.3076,6660.3345
11062,2022-09-01,6689.5933,6696.0244
11063,2022-09-02,6625.489,6572.655
11064,2022-09-03,6325.862,6276.3657
11065,2022-09-04,6266.507,6152.961
11066,2022-09-05,6675.3467,6605.1196
11067,2022-09-06,6679.622,6681.0586
11068,2022-09-07,6690.0684,6638.207
11069,2022-09-08,6662.5283,6668.6255
11070,2022-08-11,6737.0684,7002.168
11071,2022-08-12,6631.1606,7050.8447
11072,2022-08-13,6332.918,6501.6016
11073,2022-08-14,6245.0576,6308.7007
11074,2022-08-15,6656.331,6894.875
11075,2022-08-16,6718.0693,6832.37
11076,2022-08-17,6730.891,6919.016
11077,2022-08-18,6731.3687,6906.066
11078,2022-08-19,6677.7036,6860.7544
11079,2022-08-20,6379.459,6497.6953
11080,2022-08-21,6285.9014,6135.005
11081,2022-08-22,6704.7715,6695.5205
11082,2022-08-23,6756.5386,6685.1035
11083,2022-08-24,6769.8325,6685.166
11084,2022-08-25,6785.5083,6690.763
11085,2022-08-26,6719.4937,6530.3525
11086,2022-08-27,6407.9546,6197.1304
11087,2022-08-28,6308.697,6036.984
11088,2022-08-29,6718.07,6538.454
11089,2022-08-30,6778.858,6561.5044
11090,2022-08-31,6789.306,6660.3345
11091,2022-09-01,6769.36,6696.0244
11092,2022-09-02,6704.2964,6572.655
11093,2022-09-03,6389.908,6276.3657
11094,2022-09-04,6294.4517,6152.961
11095,2022-09-05,6713.7954,6605.1196
11096,2022-09-06,6779.8096,6681.0586
11097,2022-09-07,6775.058,6638.207
11098,2022-09-08,6744.6655,6668.6255
11099,2022-09-09,6652.533,6614.516
11100,2022-08-12,6777.2144,7050.8447
11101,2022-08-13,6486.041,6501.6016
11102,2022-08-14,6414.791,6308.7007
11103,2022-08-15,6787.6655,6894.875
11104,2022-08-16,6846.5645,6832.37
11105,2022-08-17,6838.9644,6919.016
11106,2022-08-18,6810.4644,6906.066
11107,2022-08-19,6704.0654,6860.7544
11108,2022-08-20,6437.592,6497.6953
11109,2022-08-21,6385.817,6135.005
11110,2022-08-22,6750.615,6695.5205
11111,2022-08-23,6817.115,6685.1035
11112,2022-08-24,6814.7393,6685.166
11113,2022-08-25,6788.615,6690.763
11114,2022-08-26,6682.216,6530.3525
11115,2022-08-27,6414.317,6197.1304
11116,2022-08-28,6375.842,6036.984
11117,2022-08-29,6732.091,6538.454
11118,2022-08-30,6792.415,6561.5044
11119,2022-08-31,6774.3643,6660.3345
11120,2022-09-01,6756.79,6696.0244
11121,2022-09-02,7554.3066,6572.655
11122,2022-09-03,7286.884,6276.3657
11123,2022-09-04,6337.3677,6152.961
11124,2022-09-05,6686.965,6605.1196
11125,2022-09-06,6758.216,6681.0586
11126,2022-09-07,6771.0396,6638.207
11127,2022-09-08,6729.2393,6668.6255
11128,2022-09-09,6595.291,6614.516
11129,2022-09-10,6349.717,6296.271
11130,2022-08-13,6743.406,6501.6016
11131,2022-08-14,6480.209,6308.7007
11132,2022-08-15,6589.9526,6894.875
11133,2022-08-16,6810.8706,6832.37
11134,2022-08-17,6830.8223,6919.016
11135,2022-08-18,6810.87,6906.066
11136,2022-08-19,6775.7124,6860.7544
11137,2022-08-20,6592.3296,6497.6953
11138,2022-08-21,6372.3623,6135.005
11139,2022-08-22,6564.773,6695.5205
11140,2022-08-23,6776.663,6685.1035
11141,2022-08-24,6813.7183,6685.166
11142,2022-08-25,6813.244,6690.763
11143,2022-08-26,6782.8394,6530.3525
11144,2022-08-27,6577.5996,6197.1304
11145,2022-08-28,6373.787,6036.984
11146,2022-08-29,6537.2183,6538.454
11147,2022-08-30,6757.185,6561.5044
11148,2022-08-31,6791.39,6660.3345
11149,2022-09-01,6799.4673,6696.0244
11150,2022-09-02,6765.261,6572.655
11151,2022-09-03,6575.7,6276.3657
11152,2022-09-04,6361.4375,6152.961
11153,2022-09-05,6532.4683,6605.1196
11154,2022-09-06,6747.6836,6681.0586
11155,2022-09-07,6771.4375,6638.207
11156,2022-09-08,6766.2124,6668.6255
11157,2022-09-09,6721.0786,6614.516
11158,2022-09-10,6531.9927,6296.271
11159,2022-09-11,6348.608,6122.2437
11160,2022-08-14,6328.301,6308.7007
11161,2022-08-15,6819.551,6894.875
11162,2022-08-16,6859.4595,6832.37
11163,2022-08-17,6820.025,6919.016
11164,2022-08-18,6809.098,6906.066
11165,2022-08-19,6771.567,6860.7544
11166,2022-08-20,6422.368,6497.6953
11167,2022-08-21,6305.9707,6135.005
11168,2022-08-22,6789.1445,6695.5205
11169,2022-08-23,6827.1504,6685.1035
11170,2022-08-24,6827.154,6685.166
11171,2022-08-25,6808.1475,6690.763
11172,2022-08-26,6748.76,6530.3525
11173,2022-08-27,6407.641,6197.1304
11174,2022-08-28,6291.241,6036.984
11175,2022-08-29,6771.565,6538.454
11176,2022-08-30,6810.998,6561.5044
11177,2022-08-31,6796.748,6660.3345
11178,2022-09-01,6765.8633,6696.0244
11179,2022-09-02,6720.73,6572.655
11180,2022-09-03,6393.388,6276.3657
11181,2022-09-04,6269.862,6152.961
11182,2022-09-05,6732.6094,6605.1196
11183,2022-09-06,6768.716,6681.0586
11184,2022-09-07,6761.115,6638.207
11185,2022-09-08,6733.558,6668.6255
11186,2022-09-09,6658.493,6614.516
11187,2022-09-10,6334.951,6296.271
11188,2022-09-11,6246.108,6122.2437
11189,2022-09-12,6675.121,6661.7607
11190,2022-08-15,6750.54,6894.875
11191,2022-08-16,6817.055,6832.37
11192,2022-08-17,6789.4976,6919.016
11193,2022-08-18,6760.516,6906.066
11194,2022-08-19,6721.0796,6860.7544
11195,2022-08-20,6416.5264,6497.6953
11196,2022-08-21,6303.445,6135.005
11197,2022-08-22,6767.643,6695.5205
11198,2022-08-23,6829.4077,6685.1035
11199,2022-08-24,6819.4287,6685.166
11200,2022-08-25,6814.68,6690.763
11201,2022-08-26,6774.768,6530.3525
11202,2022-08-27,6443.608,6197.1304
11203,2022-08-28,6308.199,6036.984
11204,2022-08-29,6765.7417,6538.454
11205,2022-08-30,6824.658,6561.5044
11206,2022-08-31,6822.7563,6660.3345
11207,2022-09-01,6792.3486,6696.0244
11208,2022-09-02,6735.81,6572.655
11209,2022-09-03,6392.7695,6276.3657
11210,2022-09-04,6279.215,6152.961
11211,2022-09-05,6751.4873,6605.1196
11212,2022-09-06,6808.5024,6681.0586
11213,2022-09-07,6798.5244,6638.207
11214,2022-09-08,6758.141,6668.6255
11215,2022-09-09,6694.9487,6614.516
11216,2022-09-10,6366.1636,6296.271
11217,2022-09-11,6273.037,6122.2437
11218,2022-09-12,6724.4067,6661.7607
11219,2022-09-13,6769.0664,6690.286
11220,2022-08-16,6911.139,6832.37
11221,2022-08-17,6843.6543,6919.016
11222,2022-08-18,6836.5264,6906.066
11223,2022-08-19,6784.7217,6860.7544
11224,2022-08-20,6451.0957,6497.6953
11225,2022-08-21,6324.2026,6135.005
11226,2022-08-22,6811.3364,6695.5205
11227,2022-08-23,6864.5664,6685.1035
11228,2022-08-24,6850.7827,6685.166
11229,2022-08-25,6811.337,6690.763
11230,2022-08-26,6773.319,6530.3525
11231,2022-08-27,6442.0664,6197.1304
11232,2022-08-28,6319.926,6036.984
11233,2022-08-29,6766.187,6538.454
11234,2022-08-30,6805.158,6561.5044
11235,2022-08-31,6805.159,6660.3345
11236,2022-09-01,6775.2163,6696.0244
11237,2022-09-02,6716.761,6572.655
11238,2022-09-03,6389.314,6276.3657
11239,2022-09-04,6307.0938,6152.961
11240,2022-09-05,6740.5244,6605.1196
11241,2022-09-06,6797.5557,6681.0586
11242,2022-09-07,6769.515,6638.207
11243,2022-09-08,6753.357,6668.6255
11244,2022-09-09,6691.098,6614.516
11245,2022-09-10,6381.233,6296.271
11246,2022-09-11,6302.8154,6122.2437
11247,2022-09-12,6733.871,6661.7607
11248,2022-09-13,6800.882,6690.286
11249,2022-09-14,6788.051,6598.0693
11250,2022-08-17,6823.886,6919.016
11251,2022-08-18,6818.658,6906.066
11252,2022-08-19,6791.5654,6860.7544
11253,2022-08-20,6457.433,6497.6953
11254,2022-08-21,6317.694,6135.005
11255,2022-08-22,6780.1606,6695.5205
11256,2022-08-23,6828.639,6685.1035
11257,2022-08-24,6827.2163,6685.166
11258,2022-08-25,6814.3823,6690.763
11259,2022-08-26,6767.803,6530.3525
11260,2022-08-27,6430.815,6197.1304
11261,2022-08-28,6313.4155,6036.984
11262,2022-08-29,6768.2793,6538.454
11263,2022-08-30,6822.937,6561.5044
11264,2022-08-31,6812.0063,6660.3345
11265,2022-09-01,6786.8154,6696.0244
11266,2022-09-02,6747.3657,6572.655
11267,2022-09-03,6400.8726,6276.3657
11268,2022-09-04,6287.75,6152.961
11269,2022-09-05,6716.47,6605.1196
11270,2022-09-06,6752.5933,6681.0586
11271,2022-09-07,6732.6313,6638.207
11272,2022-09-08,6730.2573,6668.6255
11273,2022-09-09,6671.7944,6614.516
11274,2022-09-10,6343.36,6296.271
11275,2022-09-11,6255.4287,6122.2437
11276,2022-09-12,6696.507,6661.7607
11277,2022-09-13,6753.0684,6690.286
11278,2022-09-14,6730.256,6598.0693
11279,2022-09-15,6725.5024,6655.694
11280,2022-08-18,6909.364,6906.066
11281,2022-08-19,6878.465,6860.7544
11282,2022-08-20,6540.4844,6497.6953
11283,2022-08-21,6372.2056,6135.005
11284,2022-08-22,6808.114,6695.5205
11285,2022-08-23,6867.5337,6685.1035
11286,2022-08-24,6866.5825,6685.166
11287,2022-08-25,6847.5654,6690.763
11288,2022-08-26,6796.7036,6530.3525
11289,2022-08-27,6462.051,6197.1304
11290,2022-08-28,6324.6704,6036.984
11291,2022-08-29,6737.283,6538.454
11292,2022-08-30,6824.75,6561.5044
11293,2022-08-31,6808.587,6660.3345
11294,2022-09-01,6804.7837,6696.0244
11295,2022-09-02,6771.0337,6572.655
11296,2022-09-03,6446.838,6276.3657
11297,2022-09-04,6301.377,6152.961
11298,2022-09-05,6701.156,6605.1196
11299,2022-09-06,6761.5264,6681.0586
11300,2022-09-07,6736.8076,6638.207
11301,2022-09-08,6706.8594,6668.6255
11302,2022-09-09,6674.5337,6614.516
11303,2022-09-10,6380.2896,6296.271
11304,2022-09-11,6280.4624,6122.2437
11305,2022-09-12,6683.0938,6661.7607
11306,2022-09-13,6769.608,6690.286
11307,2022-09-14,6756.2954,6598.0693
11308,2022-09-15,6737.283,6655.694
11309,2022-09-16,6666.456,6783.464
11310,2022-08-19,6814.389,6860.7544
11311,2022-08-20,6468.273,6497.6953
11312,2022-08-21,6330.8745,6135.005
11313,2022-08-22,6797.7524,6695.5205
11314,2022-08-23,6844.82,6685.1035
11315,2022-08-24,6841.015,6685.166
11316,2022-08-25,6828.179,6690.763
11317,2022-08-26,6812.016,6530.3525
11318,2022-08-27,6461.1436,6197.1304
11319,2022-08-28,6319.942,6036.984
11320,2022-08-29,6744.0254,6538.454
11321,2022-08-30,6817.719,6561.5044
11322,2022-08-31,6826.753,6660.3345
11323,2022-09-01,6798.7017,6696.0244
11324,2022-09-02,6734.045,6572.655
11325,2022-09-03,6401.2393,6276.3657
11326,2022-09-04,6289.9873,6152.961
11327,2022-09-05,6733.5654,6605.1196
11328,2022-09-06,6789.1924,6681.0586
11329,2022-09-07,6766.8457,6638.207
11330,2022-09-08,6763.52,6668.6255
11331,2022-09-09,6711.223,6614.516
11332,2022-09-10,6402.666,6296.271
11333,2022-09-11,6290.463,6122.2437
11334,2022-09-12,6731.19,6661.7607
11335,2022-09-13,6788.2407,6690.286
11336,2022-09-14,6775.406,6598.0693
11337,2022-09-15,6749.7305,6655.694
11338,2022-09-16,6676.9883,6783.464
11339,2022-09-17,6376.9927,6437.4614
11340,2022-08-20,6510.6743,6497.6953
11341,2022-08-21,6366.121,6135.005
11342,2022-08-22,6815.477,6695.5205
11343,2022-08-23,6875.3926,6685.1035
11344,2022-08-24,6873.489,6685.166
11345,2022-08-25,6880.622,6690.763
11346,2022-08-26,6825.463,6530.3525
11347,2022-08-27,6475.0117,6197.1304
11348,2022-08-28,6341.3945,6036.984
11349,2022-08-29,6768.879,6538.454
11350,2022-08-30,6831.643,6561.5044
11351,2022-08-31,6802.1626,6660.3345
11352,2022-09-01,6764.122,6696.0244
11353,2022-09-02,6716.098,6572.655
11354,2022-09-03,6401.784,6276.3657
11355,2022-09-04,6302.404,6152.961
11356,2022-09-05,6703.732,6605.1196
11357,2022-09-06,6770.7793,6681.0586
11358,2022-09-07,6760.3174,6638.207
11359,2022-09-08,6753.1846,6668.6255
11360,2022-09-09,6679.4814,6614.516
11361,2022-09-10,6368.973,6296.271
11362,2022-09-11,6264.3623,6122.2437
11363,2022-09-12,6679.9575,6661.7607
11364,2022-09-13,6766.024,6690.286
11365,2022-09-14,6767.4517,6598.0693
11366,2022-09-15,6750.8066,6655.694
11367,2022-09-16,6701.355,6783.464
11368,2022-09-17,6398.929,6437.4614
11369,2022-09-18,6301.9263,6100.54
11370,2022-08-21,6324.4375,6135.005
11371,2022-08-22,6813.7524,6695.5205
11372,2022-08-23,6868.437,6685.1035
11373,2022-08-24,6879.8486,6685.166
11374,2022-08-25,6875.57,6690.763
11375,2022-08-26,6813.2754,6530.3525
11376,2022-08-27,6464.244,6197.1304
11377,2022-08-28,6344.888,6036.984
11378,2022-08-29,6846.5625,6538.454
11379,2022-08-30,6876.5186,6561.5044
11380,2022-08-31,6874.142,6660.3345
11381,2022-09-01,6864.632,6696.0244
11382,2022-09-02,6790.9277,6572.655
11383,2022-09-03,6441.4175,6276.3657
11384,2022-09-04,6313.5015,6152.961
11385,2022-09-05,6757.64,6605.1196
11386,2022-09-06,6798.534,6681.0586
11387,2022-09-07,6794.253,6638.207
11388,2022-09-08,6786.1724,6668.6255
11389,2022-09-09,6722.4526,6614.516
11390,2022-09-10,6373.417,6296.271
11391,2022-09-11,6283.0693,6122.2437
11392,2022-09-12,6739.571,6661.7607
11393,2022-09-13,6776.6587,6690.286
11394,2022-09-14,6776.661,6598.0693
11395,2022-09-15,6781.892,6655.694
11396,2022-09-16,6702.478,6783.464
11397,2022-09-17,6352.0215,6437.4614
11398,2022-09-18,6268.8027,6100.54
11399,2022-09-19,6702.48,6544.195
11400,2022-08-22,6557.6333,6695.5205
11401,2022-08-23,6709.805,6685.1035
11402,2022-08-24,6744.0444,6685.166
11403,2022-08-25,6739.2896,6690.763
11404,2022-08-26,6708.853,6530.3525
11405,2022-08-27,6428.2896,6197.1304
11406,2022-08-28,6267.082,6036.984
11407,2022-08-29,6682.7,6538.454
11408,2022-08-30,6806.3394,6561.5044
11409,2022-08-31,6783.9883,6660.3345
11410,2022-09-01,6746.897,6696.0244
11411,2022-09-02,6706.9507,6572.655
11412,2022-09-03,6418.302,6276.3657
11413,2022-09-04,6265.6543,6152.961
11414,2022-09-05,6643.703,6605.1196
11415,2022-09-06,6749.2744,6681.0586
11416,2022-09-07,6730.2524,6638.207
11417,2022-09-08,6702.6704,6668.6255
11418,2022-09-09,6662.2515,6614.516
11419,2022-09-10,6365.5195,6296.271
11420,2022-09-11,6252.341,6122.2437
11421,2022-09-12,6626.11,6661.7607
11422,2022-09-13,6716.462,6690.286
11423,2022-09-14,6734.0576,6598.0693
11424,2022-09-15,6716.463,6655.694
11425,2022-09-16,6658.9224,6783.464
11426,2022-09-17,6360.2856,6437.4614
11427,2022-09-18,6248.535,6100.54
11428,2022-09-19,6630.39,6544.195
11429,2022-09-20,6742.143,6563.9985
11430,2022-08-23,6811.7373,6685.1035
11431,2022-08-24,6798.4194,6685.166
11432,2022-08-25,6784.15,6690.763
11433,2022-08-26,6733.733,6530.3525
11434,2022-08-27,6422.659,6197.1304
11435,2022-08-28,6280.4414,6036.984
11436,2022-08-29,6753.71,6538.454
11437,2022-08-30,6810.31,6561.5044
11438,2022-08-31,6794.1387,6660.3345
11439,2022-09-01,6778.9175,6696.0244
11440,2022-09-02,6735.1587,6572.655
11441,2022-09-03,6414.0996,6276.3657
11442,2022-09-04,6282.821,6152.961
11443,2022-09-05,6751.331,6605.1196
11444,2022-09-06,6821.2505,6681.0586
11445,2022-09-07,6794.6143,6638.207
11446,2022-09-08,6743.2456,6668.6255
11447,2022-09-09,6683.79,6614.516
11448,2022-09-10,6379.377,6296.271
11449,2022-09-11,6280.915,6122.2437
11450,2022-09-12,6699.01,6661.7607
11451,2022-09-13,6742.7695,6690.286
11452,2022-09-14,6738.964,6598.0693
11453,2022-09-15,6708.523,6655.694
11454,2022-09-16,6655.7256,6783.464
11455,2022-09-17,6342.7485,6437.4614
11456,2022-09-18,6270.4507,6100.54
11457,2022-09-19,6714.2305,6544.195
11458,2022-09-20,6760.8438,6563.9985
11459,2022-09-21,6764.649,6707.543
11460,2022-08-24,6761.4707,6685.166
11461,2022-08-25,6774.7905,6690.763
11462,2022-08-26,6738.163,6530.3525
11463,2022-08-27,6388.0527,6197.1304
11464,2022-08-28,6257.715,6036.984
11465,2022-08-29,6695.828,6538.454
11466,2022-08-30,6741.9683,6561.5044
11467,2022-08-31,6774.79,6660.3345
11468,2022-09-01,6745.7725,6696.0244
11469,2022-09-02,6687.7407,6572.655
11470,2022-09-03,6371.881,6276.3657
11471,2022-09-04,6236.3086,6152.961
11472,2022-09-05,6680.6045,6605.1196
11473,2022-09-06,6710.0986,6681.0586
11474,2022-09-07,6710.5723,6638.207
11475,2022-09-08,6680.128,6668.6255
11476,2022-09-09,6641.5996,6614.516
11477,2022-09-10,6357.6094,6296.271
11478,2022-09-11,6263.9,6122.2437
11479,2022-09-12,6691.07,6661.7607
11480,2022-09-13,6727.2236,6690.286
11481,2022-09-14,6729.601,6598.0693
11482,2022-09-15,6736.7363,6655.694
11483,2022-09-16,6702.01,6783.464
11484,2022-09-17,6392.81,6437.4614
11485,2022-09-18,6280.5474,6100.54
11486,2022-09-19,6709.1475,6544.195
11487,2022-09-20,6763.375,6563.9985
11488,2022-09-21,6769.0825,6707.543
11489,2022-09-22,6738.639,6599.5947
11490,2022-08-25,6762.005,6690.763
11491,2022-08-26,6737.7427,6530.3525
11492,2022-08-27,6417.5776,6197.1304
11493,2022-08-28,6241.083,6036.984
11494,2022-08-29,6712.0537,6538.454
11495,2022-08-30,6749.6367,6561.5044
11496,2022-08-31,6769.143,6660.3345
11497,2022-09-01,6748.6836,6696.0244
11498,2022-09-02,6711.1025,6572.655
11499,2022-09-03,6394.2676,6276.3657
11500,2022-09-04,6250.121,6152.961
11501,2022-09-05,6658.2954,6605.1196
11502,2022-09-06,6718.2383,6681.0586
11503,2022-09-07,6712.5273,6638.207
11504,2022-09-08,6719.6636,6668.6255
11505,2022-09-09,6686.364,6614.516
11506,2022-09-10,6366.6743,6296.271
11507,2022-09-11,6233.946,6122.2437
11508,2022-09-12,6672.5693,6661.7607
11509,2022-09-13,6726.326,6690.286
11510,2022-09-14,6709.2,6598.0693
11511,2022-09-15,6699.6836,6655.694
11512,2022-09-16,6665.433,6783.464
11513,2022-09-17,6360.967,6437.4614
11514,2022-09-18,6223.4785,6100.54
11515,2022-09-19,6664.9575,6544.195
11516,2022-09-20,6733.937,6563.9985
11517,2022-09-21,6741.073,6707.543
11518,2022-09-22,6715.861,6599.5947
11519,2022-09-23,6663.529,6654.368
11520,2022-08-26,6692.19,6530.3525
11521,2022-08-27,6363.4355,6197.1304
11522,2022-08-28,6197.8667,6036.984
11523,2022-08-29,6710.2715,6538.454
11524,2022-08-30,6742.621,6561.5044
11525,2022-08-31,6728.824,6660.3345
11526,2022-09-01,6723.5933,6696.0244
11527,2022-09-02,6695.5225,6572.655
11528,2022-09-03,6373.9023,6276.3657
11529,2022-09-04,6234.025,6152.961
11530,2022-09-05,6670.7817,6605.1196
11531,2022-09-06,6736.438,6681.0586
11532,2022-09-07,6721.214,6638.207
11533,2022-09-08,6702.1836,6668.6255
11534,2022-09-09,6666.9746,6614.516
11535,2022-09-10,6353.4424,6296.271
11536,2022-09-11,6247.822,6122.2437
11537,2022-09-12,6682.2,6661.7607
11538,2022-09-13,6731.6826,6690.286
11539,2022-09-14,6725.0215,6598.0693
11540,2022-09-15,6725.0186,6655.694
11541,2022-09-16,6661.266,6783.464
11542,2022-09-17,6346.783,6437.4614
11543,2022-09-18,6267.3296,6100.54
11544,2022-09-19,6669.83,6544.195
11545,2022-09-20,6730.254,6563.9985
11546,2022-09-21,6732.632,6707.543
11547,2022-09-22,6728.8267,6599.5947
11548,2022-09-23,6684.58,6654.368
11549,2022-09-24,6356.7744,6330.1553
11550,2022-08-27,6235.893,6197.1304
11551,2022-08-28,6160.7217,6036.984
11552,2022-08-29,6656.9487,6538.454
11553,2022-08-30,6695.01,6561.5044
11554,2022-08-31,6706.4287,6660.3345
11555,2022-09-01,6689.7764,6696.0244
11556,2022-09-02,6636.014,6572.655
11557,2022-09-03,6314.8687,6276.3657
11558,2022-09-04,6208.3,6152.961
11559,2022-09-05,6658.375,6605.1196
11560,2022-09-06,6682.1636,6681.0586
11561,2022-09-07,6692.1533,6638.207
11562,2022-09-08,6670.27,6668.6255
11563,2022-09-09,6626.9746,6614.516
11564,2022-09-10,6303.453,6296.271
11565,2022-09-11,6246.361,6122.2437
11566,2022-09-12,6668.3667,6661.7607
11567,2022-09-13,6684.544,6690.286
11568,2022-09-14,6686.922,6598.0693
11569,2022-09-15,6687.8726,6655.694
11570,2022-09-16,6616.031,6783.464
11571,2022-09-17,6295.365,6437.4614
11572,2022-09-18,6231.1343,6100.54
11573,2022-09-19,6651.7163,6544.195
11574,2022-09-20,6695.011,6563.9985
11575,2022-09-21,6700.245,6707.543
11576,2022-09-22,6689.2993,6599.5947
11577,2022-09-23,6615.0806,6654.368
11578,2022-09-24,6297.267,6330.1553
11579,2022-09-25,6247.3105,6051.0
11580,2022-08-28,6128.833,6036.984
11581,2022-08-29,6619.346,6538.454
11582,2022-08-30,6636.95,6561.5044
11583,2022-08-31,6653.603,6660.3345
11584,2022-09-01,6638.853,6696.0244
11585,2022-09-02,6581.761,6572.655
11586,2022-09-03,6276.3184,6276.3657
11587,2022-09-04,6181.1655,6152.961
11588,2022-09-05,6635.5244,6605.1196
11589,2022-09-06,6626.4824,6681.0586
11590,2022-09-07,6636.953,6638.207
11591,2022-09-08,6630.2905,6668.6255
11592,2022-09-09,6589.8486,6614.516
11593,2022-09-10,6274.416,6296.271
11594,2022-09-11,6197.3413,6122.2437
11595,2022-09-12,6624.1045,6661.7607
11596,2022-09-13,6652.6514,6690.286
11597,2022-09-14,6681.6733,6598.0693
11598,2022-09-15,6701.6533,6655.694
11599,2022-09-16,6677.389,6783.464
11600,2022-09-17,6358.1494,6437.4614
11601,2022-09-18,6268.7075,6100.54
11602,2022-09-19,6681.1963,6544.195
11603,2022-09-20,6695.469,6563.9985
11604,2022-09-21,6679.77,6707.543
11605,2022-09-22,6664.544,6599.5947
11606,2022-09-23,6622.2,6654.368
11607,2022-09-24,6295.3496,6330.1553
11608,2022-09-25,6223.986,6051.0
11609,2022-09-26,6634.572,6602.634
11610,2022-08-29,6578.6064,6538.454
11611,2022-08-30,6633.3154,6561.5044
11612,2022-08-31,6648.538,6660.3345
11613,2022-09-01,6629.033,6696.0244
11614,2022-09-02,6583.3623,6572.655
11615,2022-09-03,6268.4194,6276.3657
11616,2022-09-04,6188.494,6152.961
11617,2022-09-05,6642.8296,6605.1196
11618,2022-09-06,6670.4233,6681.0586
11619,2022-09-07,6679.939,6638.207
11620,2022-09-08,6666.616,6668.6255
11621,2022-09-09,6613.333,6614.516
11622,2022-09-10,6293.1562,6296.271
11623,2022-09-11,6204.194,6122.2437
11624,2022-09-12,6661.8594,6661.7607
11625,2022-09-13,6683.2676,6690.286
11626,2022-09-14,6698.0156,6598.0693
11627,2022-09-15,6681.84,6655.694
11628,2022-09-16,6616.6636,6783.464
11629,2022-09-17,6285.5464,6437.4614
11630,2022-09-18,6180.406,6100.54
11631,2022-09-19,6640.4517,6544.195
11632,2022-09-20,6654.723,6563.9985
11633,2022-09-21,6655.676,6707.543
11634,2022-09-22,6635.217,6599.5947
11635,2022-09-23,6583.838,6654.368
11636,2022-09-24,6276.982,6330.1553
11637,2022-09-25,6188.4937,6051.0
11638,2022-09-26,6628.083,6602.634
11639,2022-09-27,6657.102,6671.586
11640,2022-08-30,6628.7236,6561.5044
11641,2022-08-31,6661.0806,6660.3345
11642,2022-09-01,6645.855,6696.0244
11643,2022-09-02,6619.683,6572.655
11644,2022-09-03,6303.7344,6276.3657
11645,2022-09-04,6192.389,6152.961
11646,2022-09-05,6650.6123,6605.1196
11647,2022-09-06,6683.444,6681.0586
11648,2022-09-07,6695.819,6638.207
11649,2022-09-08,6685.348,6668.6255
11650,2022-09-09,6637.2896,6614.516
11651,2022-09-10,6325.148,6296.271
11652,2022-09-11,6207.141,6122.2437
11653,2022-09-12,6670.5996,6661.7607
11654,2022-09-13,6716.2754,6690.286
11655,2022-09-14,6736.7363,6598.0693
11656,2022-09-15,6710.092,6655.694
11657,2022-09-16,6661.5586,6783.464
11658,2022-09-17,6317.0557,6437.4614
11659,2022-09-18,6212.852,6100.54
11660,2022-09-19,6652.9927,6544.195
11661,2022-09-20,6682.016,6563.9985
11662,2022-09-21,6676.3066,6707.543
11663,2022-09-22,6653.4673,6599.5947
11664,2022-09-23,6605.4106,6654.368
11665,2022-09-24,6285.654,6330.1553
11666,2022-09-25,6203.3354,6051.0
11667,2022-09-26,6651.564,6602.634
11668,2022-09-27,6679.1626,6671.586
11669,2022-09-28,6686.7764,6712.845
11670,2022-08-31,6596.1206,6660.3345
11671,2022-09-01,6591.8374,6696.0244
11672,2022-09-02,6563.765,6572.655
11673,2022-09-03,6273.022,6276.3657
11674,2022-09-04,6184.9917,6152.961
11675,2022-09-05,6659.4077,6605.1196
11676,2022-09-06,6661.7886,6681.0586
11677,2022-09-07,6667.497,6638.207
11678,2022-09-08,6667.973,6668.6255
11679,2022-09-09,6642.753,6614.516
11680,2022-09-10,6326.793,6296.271
11681,2022-09-11,6220.2046,6122.2437
11682,2022-09-12,6683.675,6661.7607
11683,2022-09-13,6713.6523,6690.286
11684,2022-09-14,6696.0464,6598.0693
11685,2022-09-15,6681.7715,6655.694
11686,2022-09-16,6656.552,6783.464
11687,2022-09-17,6321.084,6437.4614
11688,2022-09-18,6187.372,6100.54
11689,2022-09-19,6667.0244,6544.195
11690,2022-09-20,6693.1934,6563.9985
11691,2022-09-21,6687.007,6707.543
11692,2022-09-22,6642.2754,6599.5947
11693,2022-09-23,6586.128,6654.368
11694,2022-09-24,6271.12,6330.1553
11695,2022-09-25,6167.385,6051.0
11696,2022-09-26,6624.195,6602.634
11697,2022-09-27,6648.463,6671.586
11698,2022-09-28,6657.9805,6712.845
11699,2022-09-29,6624.1963,6695.323
11700,2022-09-01,6656.4873,6696.0244
11701,2022-09-02,6616.04,6572.655
11702,2022-09-03,6289.1167,6276.3657
11703,2022-09-04,6202.5093,6152.961
11704,2022-09-05,6655.538,6605.1196
11705,2022-09-06,6682.1875,6681.0586
11706,2022-09-07,6695.989,6638.207
11707,2022-09-08,6687.4204,6668.6255
11708,2022-09-09,6629.365,6614.516
11709,2022-09-10,6327.188,6296.271
11710,2022-09-11,6212.0273,6122.2437
11711,2022-09-12,6646.018,6661.7607
11712,2022-09-13,6701.698,6690.286
11713,2022-09-14,6701.6987,6598.0693
11714,2022-09-15,6672.1963,6655.694
11715,2022-09-16,6608.9023,6783.464
11716,2022-09-17,6304.821,6437.4614
11717,2022-09-18,6202.986,6100.54
11718,2022-09-19,6605.5713,6544.195
11719,2022-09-20,6668.8623,6563.9985
11720,2022-09-21,6672.1943,6707.543
11721,2022-09-22,6663.1514,6599.5947
11722,2022-09-23,6608.4263,6654.368
11723,2022-09-24,6316.2437,6330.1553
11724,2022-09-25,6217.737,6051.0
11725,2022-09-26,6616.04,6602.634
11726,2022-09-27,6683.615,6671.586
11727,2022-09-28,6693.131,6712.845
11728,2022-09-29,6679.331,6695.323
11729,2022-09-30,6587.489,6756.9385
11730,2022-09-02,6645.0024,6572.655
11731,2022-09-03,6329.005,6276.3657
11732,2022-09-04,6184.806,6152.961
11733,2022-09-05,6621.208,6605.1196
11734,2022-09-06,6691.167,6681.0586
11735,2022-09-07,6697.8286,6638.207
11736,2022-09-08,6679.744,6668.6255
11737,2022-09-09,6624.5405,6614.516
11738,2022-09-10,6331.3857,6296.271
11739,2022-09-11,6211.458,6122.2437
11740,2022-09-12,6631.68,6661.7607
11741,2022-09-13,6671.1787,6690.286
11742,2022-09-14,6694.4956,6598.0693
11743,2022-09-15,6677.841,6655.694
11744,2022-09-16,6621.208,6783.464
11745,2022-09-17,6322.8193,6437.4614
11746,2022-09-18,6223.355,6100.54
11747,2022-09-19,6633.582,6544.195
11748,2022-09-20,6684.0254,6563.9985
11749,2022-09-21,6693.07,6707.543
11750,2022-09-22,6659.28,6599.5947
11751,2022-09-23,6598.3643,6654.368
11752,2022-09-24,6303.3057,6330.1553
11753,2022-09-25,6190.9927,6051.0
11754,2022-09-26,6582.661,6602.634
11755,2022-09-27,6649.286,6671.586
11756,2022-09-28,6674.986,6712.845
11757,2022-09-29,6679.743,6695.323
11758,2022-09-30,6598.841,6756.9385
11759,2022-10-01,6314.728,6314.0166
11760,2022-09-03,6229.2417,6276.3657
11761,2022-09-04,6111.2183,6152.961
11762,2022-09-05,6583.324,6605.1196
11763,2022-09-06,6617.1157,6681.0586
11764,2022-09-07,6628.535,6638.207
11765,2022-09-08,6609.023,6668.6255
11766,2022-09-09,6557.147,6614.516
11767,2022-09-10,6235.429,6296.271
11768,2022-09-11,6145.005,6122.2437
11769,2022-09-12,6602.839,6661.7607
11770,2022-09-13,6638.0537,6690.286
11771,2022-09-14,6639.9575,6598.0693
11772,2022-09-15,6633.295,6655.694
11773,2022-09-16,6585.2275,6783.464
11774,2022-09-17,6245.8994,6437.4614
11775,2022-09-18,6161.189,6100.54
11776,2022-09-19,6608.5454,6544.195
11777,2022-09-20,6643.765,6563.9985
11778,2022-09-21,6647.0967,6707.543
11779,2022-09-22,6633.7705,6599.5947
11780,2022-09-23,6579.5156,6654.368
11781,2022-09-24,6253.515,6330.1553
11782,2022-09-25,6183.555,6051.0
11783,2022-09-26,6600.9307,6602.634
11784,2022-09-27,6648.9995,6671.586
11785,2022-09-28,6674.6973,6712.845
11786,2022-09-29,6642.812,6695.323
11787,2022-09-30,6596.6504,6756.9385
11788,2022-10-01,6286.3525,6314.0166
11789,2022-10-02,6209.7295,6058.759
11790,2022-09-04,6099.8223,6152.961
11791,2022-09-05,6564.7583,6605.1196
11792,2022-09-06,6592.835,6681.0586
11793,2022-09-07,6589.9805,6638.207
11794,2022-09-08,6580.938,6668.6255
11795,2022-09-09,6534.779,6614.516
11796,2022-09-10,6234.022,6296.271
11797,2022-09-11,6136.466,6122.2437
11798,2022-09-12,6624.243,6661.7607
11799,2022-09-13,6650.417,6690.286
11800,2022-09-14,6642.802,6598.0693
11801,2022-09-15,6659.458,6655.694
11802,2022-09-16,6627.098,6783.464
11803,2022-09-17,6310.6377,6437.4614
11804,2022-09-18,6217.366,6100.54
11805,2022-09-19,6672.7837,6544.195
11806,2022-09-20,6706.094,6563.9985
11807,2022-09-21,6699.9062,6707.543
11808,2022-09-22,6684.203,6599.5947
11809,2022-09-23,6638.042,6654.368
11810,2022-09-24,6286.844,6330.1553
11811,2022-09-25,6197.3794,6051.0
11812,2022-09-26,6638.5176,6602.634
11813,2022-09-27,6666.12,6671.586
11814,2022-09-28,6671.8306,6712.845
11815,2022-09-29,6677.0645,6695.323
11816,2022-09-30,6615.6763,6756.9385
11817,2022-10-01,6308.7344,6314.0166
11818,2022-10-02,6221.1724,6058.759
11819,2022-10-03,6674.6855,6559.828
11820,2022-09-05,6531.7607,6605.1196
11821,2022-09-06,6591.721,6681.0586
11822,2022-09-07,6585.5337,6638.207
11823,2022-09-08,6582.205,6668.6255
11824,2022-09-09,6552.2217,6614.516
11825,2022-09-10,6270.511,6296.271
11826,2022-09-11,6189.6123,6122.2437
11827,2022-09-12,6599.3354,6661.7607
11828,2022-09-13,6653.5825,6690.286
11829,2022-09-14,6663.1025,6598.0693
11830,2022-09-15,6663.576,6655.694
11831,2022-09-16,6603.1406,6783.464
11832,2022-09-17,6321.429,6437.4614
11833,2022-09-18,6224.8267,6100.54
11834,2022-09-19,6623.129,6544.195
11835,2022-09-20,6674.997,6563.9985
11836,2022-09-21,6685.4683,6707.543
11837,2022-09-22,6664.0527,6599.5947
11838,2022-09-23,6607.424,6654.368
11839,2022-09-24,6292.8755,6330.1553
11840,2022-09-25,6223.3994,6051.0
11841,2022-09-26,6628.362,6602.634
11842,2022-09-27,6683.0894,6671.586
11843,2022-09-28,6692.6064,6712.845
11844,2022-09-29,6669.7656,6695.323
11845,2022-09-30,6606.946,6756.9385
11846,2022-10-01,6320.953,6314.0166
11847,2022-10-02,6270.511,6058.759
11848,2022-10-03,6670.716,6559.828
11849,2022-10-04,6726.391,6504.0215
11850,2022-09-06,6656.4224,6681.0586
11851,2022-09-07,6636.9087,6638.207
11852,2022-09-08,6605.023,6668.6255
11853,2022-09-09,6549.337,6614.516
11854,2022-09-10,6255.2104,6296.271
11855,2022-09-11,6164.3066,6122.2437
11856,2022-09-12,6633.5767,6661.7607
11857,2022-09-13,6636.9106,6690.286
11858,2022-09-14,6645.4756,6598.0693
11859,2022-09-15,6641.192,6655.694
11860,2022-09-16,6573.6113,6783.464
11861,2022-09-17,6261.8745,6437.4614
11862,2022-09-18,6214.2793,6100.54
11863,2022-09-19,6636.4326,6544.195
11864,2022-09-20,6681.6475,6563.9985
11865,2022-09-21,6694.9717,6707.543
11866,2022-09-22,6664.038,6599.5947
11867,2022-09-23,6610.257,6654.368
11868,2022-09-24,6289.9546,6330.1553
11869,2022-09-25,6222.846,6051.0
11870,2022-09-26,6639.2896,6602.634
11871,2022-09-27,6680.2188,6671.586
11872,2022-09-28,6677.84,6712.845
11873,2022-09-29,6650.235,6695.323
11874,2022-09-30,6570.279,6756.9385
11875,2022-10-01,6275.6763,6314.0166
11876,2022-10-02,6234.7437,6058.759
11877,2022-10-03,6650.7114,6559.828
11878,2022-10-04,6693.545,6504.0215
11879,2022-10-05,6702.112,6498.7183
11880,2022-09-07,6650.3755,6638.207
11881,2022-09-08,6617.0596,6668.6255
11882,2022-09-09,6577.5557,6614.516
11883,2022-09-10,6281.9956,6296.271
11884,2022-09-11,6200.609,6122.2437
11885,2022-09-12,6659.893,6661.7607
11886,2022-09-13,6671.791,6690.286
11887,2022-09-14,6677.9805,6598.0693
11888,2022-09-15,6657.0386,6655.694
11889,2022-09-16,6622.295,6783.464
11890,2022-09-17,6318.6445,6437.4614
11891,2022-09-18,6235.8286,6100.54
11892,2022-09-19,6677.5044,6544.195
11893,2022-09-20,6718.9106,6563.9985
11894,2022-09-21,6713.6743,6707.543
11895,2022-09-22,6659.417,6599.5947
11896,2022-09-23,6592.7856,6654.368
11897,2022-09-24,6290.0864,6330.1553
11898,2022-09-25,6218.695,6051.0
11899,2022-09-26,6666.081,6602.634
11900,2022-09-27,6684.166,6671.586
11901,2022-09-28,6682.739,6712.845
11902,2022-09-29,6660.369,6695.323
11903,2022-09-30,6597.069,6756.9385
11904,2022-10-01,6299.6055,6314.0166
11905,2022-10-02,6257.246,6058.759
11906,2022-10-03,6692.2583,6559.828
11907,2022-10-04,6717.959,6504.0215
11908,2022-10-05,6727.4775,6498.7183
11909,2022-10-06,6712.723,6533.431
11910,2022-09-08,6606.529,6668.6255
11911,2022-09-09,6551.7944,6614.516
11912,2022-09-10,6243.861,6296.271
11913,2022-09-11,6168.661,6122.2437
11914,2022-09-12,6628.4194,6661.7607
11915,2022-09-13,6639.3687,6690.286
11916,2022-09-14,6646.506,6598.0693
11917,2022-09-15,6639.8433,6655.694
11918,2022-09-16,6595.1045,6783.464
11919,2022-09-17,6287.1714,6437.4614
11920,2022-09-18,6201.9775,6100.54
11921,2022-09-19,6624.6133,6544.195
11922,2022-09-20,6677.4424,6563.9985
11923,2022-09-21,6667.9233,6707.543
11924,2022-09-22,6658.882,6599.5947
11925,2022-09-23,6597.485,6654.368
11926,2022-09-24,6294.3096,6330.1553
11927,2022-09-25,6247.1914,6051.0
11928,2022-09-26,6654.122,6602.634
11929,2022-09-27,6688.39,6671.586
11930,2022-09-28,6678.871,6712.845
11931,2022-09-29,6666.0205,6695.323
11932,2022-09-30,6619.853,6756.9385
11933,2022-10-01,6356.1816,6314.0166
11934,2022-10-02,6288.122,6058.759
11935,2022-10-03,6694.1,6559.828
11936,2022-10-04,6717.4204,6504.0215
11937,2022-10-05,6739.79,6498.7183
11938,2022-10-06,6722.1807,6533.431
11939,2022-10-07,6647.4595,6415.063
11940,2022-09-09,6601.768,6614.516
11941,2022-09-10,6281.458,6296.271
11942,2022-09-11,6151.052,6122.2437
11943,2022-09-12,6636.989,6661.7607
11944,2022-09-13,6673.6357,6690.286
11945,2022-09-14,6689.817,6598.0693
11946,2022-09-15,6673.6343,6655.694
11947,2022-09-16,6637.463,6783.464
11948,2022-09-17,6310.967,6437.4614
11949,2022-09-18,6206.7373,6100.54
11950,2022-09-19,6663.1646,6544.195
11951,2022-09-20,6701.715,6563.9985
11952,2022-09-21,6681.2515,6707.543
11953,2022-09-22,6649.838,6599.5947
11954,2022-09-23,6611.7627,6654.368
11955,2022-09-24,6282.411,6330.1553
11956,2022-09-25,6182.94,6051.0
11957,2022-09-26,6637.94,6602.634
11958,2022-09-27,6654.119,6671.586
11959,2022-09-28,6660.783,6712.845
11960,2022-09-29,6660.3086,6695.323
11961,2022-09-30,6620.3286,6756.9385
11962,2022-10-01,6287.6465,6314.0166
11963,2022-10-02,6203.405,6058.759
11964,2022-10-03,6648.886,6559.828
11965,2022-10-04,6702.666,6504.0215
11966,2022-10-05,6713.1377,6498.7183
11967,2022-10-06,6706.4746,6533.431
11968,2022-10-07,6658.88,6415.063
11969,2022-10-08,6344.283,6169.821
11970,2022-09-10,6239.1973,6296.271
11971,2022-09-11,6159.2393,6122.2437
11972,2022-09-12,6638.9985,6661.7607
11973,2022-09-13,6655.658,6690.286
11974,2022-09-14,6668.034,6598.0693
11975,2022-09-15,6669.937,6655.694
11976,2022-09-16,6616.1562,6783.464
11977,2022-09-17,6284.889,6437.4614
11978,2022-09-18,6182.0864,6100.54
11979,2022-09-19,6656.135,6544.195
11980,2022-09-20,6686.116,6563.9985
11981,2022-09-21,6691.828,6707.543
11982,2022-09-22,6691.8286,6599.5947
11983,2022-09-23,6633.764,6654.368
11984,2022-09-24,6286.795,6330.1553
11985,2022-09-25,6183.989,6051.0
11986,2022-09-26,6664.699,6602.634
11987,2022-09-27,6692.305,6671.586
11988,2022-09-28,6689.9263,6712.845
11989,2022-09-29,6670.4126,6695.323
11990,2022-09-30,6621.389,6756.9385
11991,2022-10-01,6291.076,6314.0166
11992,2022-10-02,6204.9307,6058.759
11993,2022-10-03,6705.158,6559.828
11994,2022-10-04,6731.8076,6504.0215
11995,2022-10-05,6748.945,6498.7183
11996,2022-10-06,6744.185,6533.431
11997,2022-10-07,6670.888,6415.063
11998,2022-10-08,6342.4814,6169.821
11999,2022-10-09,6275.369,6043.838
12000,2022-09-11,6121.2505,6122.2437
12001,2022-09-12,6607.6343,6661.7607
12002,2022-09-13,6600.022,6690.286
12003,2022-09-14,6619.534,6598.0693
12004,2022-09-15,6630.4795,6655.694
12005,2022-09-16,6594.7856,6783.464
12006,2022-09-17,6277.8267,6437.4614
12007,2022-09-18,6152.185,6100.54
12008,2022-09-19,6614.773,6544.195
12009,2022-09-20,6651.42,6563.9985
12010,2022-09-21,6661.889,6707.543
12011,2022-09-22,6637.6167,6599.5947
12012,2022-09-23,6601.4487,6654.368
12013,2022-09-24,6280.2056,6330.1553
12014,2022-09-25,6188.8286,6051.0
12015,2022-09-26,6617.156,6602.634
12016,2022-09-27,6655.2285,6671.586
12017,2022-09-28,6654.277,6712.845
12018,2022-09-29,6643.3296,6695.323
12019,2022-09-30,6597.642,6756.9385
12020,2022-10-01,6283.5356,6314.0166
12021,2022-10-02,6174.553,6058.759
12022,2022-10-03,6635.7144,6559.828
12023,2022-10-04,6676.169,6504.0215
12024,2022-10-05,6681.877,6498.7183
12025,2022-10-06,6673.313,6533.431
12026,2022-10-07,6635.716,6415.063
12027,2022-10-08,6318.2773,6169.821
12028,2022-10-09,6206.9146,6043.838
12029,2022-10-10,6645.71,6473.5625
12030,2022-09-12,6588.6904,6661.7607
12031,2022-09-13,6635.328,6690.286
12032,2022-09-14,6626.7637,6598.0693
12033,2022-09-15,6618.197,6655.694
12034,2022-09-16,6571.082,6783.464
12035,2022-09-17,6276.4824,6437.4614
12036,2022-09-18,6175.11,6100.54
12037,2022-09-19,6618.6724,6544.195
12038,2022-09-20,6636.7593,6563.9985
12039,2022-09-21,6648.181,6707.543
12040,2022-09-22,6633.428,6599.5947
12041,2022-09-23,6589.642,6654.368
12042,2022-09-24,6312.179,6330.1553
12043,2022-09-25,6201.7607,6051.0
12044,2022-09-26,6625.3364,6602.634
12045,2022-09-27,6679.1167,6671.586
12046,2022-09-28,6686.2563,6712.845
12047,2022-09-29,6682.449,6695.323
12048,2022-09-30,6617.7217,6756.9385
12049,2022-10-01,6335.9736,6314.0166
12050,2022-10-02,6246.9756,6058.759
12051,2022-10-03,6651.513,6559.828
12052,2022-10-04,6679.118,6504.0215
12053,2022-10-05,6681.0215,6498.7183
12054,2022-10-06,6658.6533,6533.431
12055,2022-10-07,6615.821,6415.063
12056,2022-10-08,6323.1235,6169.821
12057,2022-10-09,6223.179,6043.838
12058,2022-10-10,6651.0396,6473.5625
12059,2022-10-11,6691.014,6594.278
12060,2022-09-13,6665.8706,6690.286
12061,2022-09-14,6673.011,6598.0693
12062,2022-09-15,6674.4395,6655.694
12063,2022-09-16,6609.2236,6783.464
12064,2022-09-17,6272.67,6437.4614
12065,2022-09-18,6165.087,6100.54
12066,2022-09-19,6635.8813,6544.195
12067,2022-09-20,6659.2056,6563.9985
12068,2022-09-21,6637.786,6707.543
12069,2022-09-22,6610.652,6599.5947
12070,2022-09-23,6553.5283,6654.368
12071,2022-09-24,6252.6763,6330.1553
12072,2022-09-25,6160.8027,6051.0
12073,2022-09-26,6592.562,6602.634
12074,2022-09-27,6629.219,6671.586
12075,2022-09-28,6632.072,6712.845
12076,2022-09-29,6609.2236,6695.323
12077,2022-09-30,6545.9126,6756.9385
12078,2022-10-01,6247.4395,6314.0166
12079,2022-10-02,6181.7476,6058.759
12080,2022-10-03,6623.505,6559.828
12081,2022-10-04,6645.402,6504.0215
12082,2022-10-05,6651.5913,6498.7183
12083,2022-10-06,6641.5933,6533.431
12084,2022-10-07,6582.091,6415.063
12085,2022-10-08,6271.2427,6169.821
12086,2022-10-09,6186.0312,6043.838
12087,2022-10-10,6623.9814,6473.5625
12088,2022-10-11,6652.065,6594.278
12089,2022-10-12,6657.3013,6488.9277
12090,2022-09-14,6689.655,6598.0693
12091,2022-09-15,6662.9956,6655.694
12092,2022-09-16,6633.4795,6783.464
12093,2022-09-17,6289.286,6437.4614
12094,2022-09-18,6210.7373,6100.54
12095,2022-09-19,6674.422,6544.195
12096,2022-09-20,6682.0376,6563.9985
12097,2022-09-21,6680.611,6707.543
12098,2022-09-22,6687.2744,6599.5947
12099,2022-09-23,6626.8164,6654.368
12100,2022-09-24,6326.4194,6330.1553
12101,2022-09-25,6205.5,6051.0
12102,2022-09-26,6660.616,6602.634
12103,2022-09-27,6681.563,6671.586
12104,2022-09-28,6686.3237,6712.845
12105,2022-09-29,6667.2812,6695.323
12106,2022-09-30,6619.674,6756.9385
12107,2022-10-01,6334.989,6314.0166
12108,2022-10-02,6234.5386,6058.759
12109,2022-10-03,6688.7036,6559.828
12110,2022-10-04,6721.5513,6504.0215
12111,2022-10-05,6722.029,6498.7183
12112,2022-10-06,6720.5986,6533.431
12113,2022-10-07,6670.614,6415.063
12114,2022-10-08,6366.4087,6169.821
12115,2022-10-09,6258.342,6043.838
12116,2022-10-10,6718.6987,6473.5625
12117,2022-10-11,6770.1113,6594.278
12118,2022-10-12,6765.8267,6488.9277
12119,2022-10-13,6741.5483,6625.597
12120,2022-09-15,6636.5225,6655.694
12121,2022-09-16,6587.9624,6783.464
12122,2022-09-17,6257.565,6437.4614
12123,2022-09-18,6131.4043,6100.54
12124,2022-09-19,6605.101,6544.195
12125,2022-09-20,6629.8545,6563.9985
12126,2022-09-21,6636.9985,6707.543
12127,2022-09-22,6627.9517,6599.5947
12128,2022-09-23,6587.962,6654.368
12129,2022-09-24,6277.5605,6330.1553
12130,2022-09-25,6175.2017,6051.0
12131,2022-09-26,6626.0483,6602.634
12132,2022-09-27,6667.465,6671.586
12133,2022-09-28,6679.8438,6712.845
12134,2022-09-29,6662.706,6695.323
12135,2022-09-30,6609.3867,6756.9385
12136,2022-10-01,6295.1724,6314.0166
12137,2022-10-02,6185.676,6058.759
12138,2022-10-03,6650.803,6559.828
12139,2022-10-04,6694.127,6504.0215
12140,2022-10-05,6688.4146,6498.7183
12141,2022-10-06,6683.6523,6533.431
12142,2022-10-07,6625.094,6415.063
12143,2022-10-08,6305.1724,6169.821
12144,2022-10-09,6227.096,6043.838
12145,2022-10-10,6663.6587,6473.5625
12146,2022-10-11,6687.937,6594.278
12147,2022-10-12,6706.507,6488.9277
12148,2022-10-13,6696.509,6625.597
12149,2022-10-14,6627.955,6649.6763
12150,2022-09-16,6630.362,6783.464
12151,2022-09-17,6293.2944,6437.4614
12152,2022-09-18,6160.948,6100.54
12153,2022-09-19,6645.5938,6544.195
12154,2022-09-20,6673.208,6563.9985
12155,2022-09-21,6665.591,6707.543
12156,2022-09-22,6637.977,6599.5947
12157,2022-09-23,6573.707,6654.368
12158,2022-09-24,6257.59,6330.1553
12159,2022-09-25,6161.8975,6051.0
12160,2022-09-26,6626.076,6602.634
12161,2022-09-27,6637.9795,6671.586
12162,2022-09-28,6627.9814,6712.845
12163,2022-09-29,6629.4087,6695.323
12164,2022-09-30,6586.56,6756.9385
12165,2022-10-01,6269.9683,6314.0166
12166,2022-10-02,6193.7974,6058.759
12167,2022-10-03,6636.551,6559.828
12168,2022-10-04,6672.2563,6504.0215
12169,2022-10-05,6676.5405,6498.7183
12170,2022-10-06,6683.6826,6533.431
12171,2022-10-07,6645.1206,6415.063
12172,2022-10-08,6332.334,6169.821
12173,2022-10-09,6239.4995,6043.838
12174,2022-10-10,6679.8726,6473.5625
12175,2022-10-11,6713.1987,6594.278
12176,2022-10-12,6710.3423,6488.9277
12177,2022-10-13,6677.969,6625.597
12178,2022-10-14,6615.601,6649.6763
12179,2022-10-15,6302.8164,6342.8145
12180,2022-09-17,6352.7827,6437.4614
12181,2022-09-18,6201.3774,6100.54
12182,2022-09-19,6650.8286,6544.195
12183,2022-09-20,6681.301,6563.9985
12184,2022-09-21,6673.683,6707.543
12185,2022-09-22,6658.447,6599.5947
12186,2022-09-23,6617.023,6654.368
12187,2022-09-24,6287.555,6330.1553
12188,2022-09-25,6165.67,6051.0
12189,2022-09-26,6605.5996,6602.634
12190,2022-09-27,6641.7827,6671.586
12191,2022-09-28,6661.78,6712.845
12192,2022-09-29,6657.02,6695.323
12193,2022-09-30,6606.075,6756.9385
12194,2022-10-01,6292.3154,6314.0166
12195,2022-10-02,6211.853,6058.759
12196,2022-10-03,6654.16,6559.828
12197,2022-10-04,6680.3467,6504.0215
12198,2022-10-05,6701.2993,6498.7183
12199,2022-10-06,6700.822,6533.431
12200,2022-10-07,6661.3037,6415.063
12201,2022-10-08,6344.2124,6169.821
12202,2022-10-09,6224.7075,6043.838
12203,2022-10-10,6663.208,6473.5625
12204,2022-10-11,6706.0596,6594.278
12205,2022-10-12,6707.963,6488.9277
12206,2022-10-13,6711.2974,6625.597
12207,2022-10-14,6637.9746,6649.6763
12208,2022-10-15,6321.3574,6342.8145
12209,2022-10-16,6218.042,6093.174
12210,2022-09-18,6187.9536,6100.54
12211,2022-09-19,6663.1074,6544.195
12212,2022-09-20,6700.72,6563.9985
12213,2022-09-21,6686.911,6707.543
12214,2022-09-22,6668.345,6599.5947
12215,2022-09-23,6648.348,6654.368
12216,2022-09-24,6322.6924,6330.1553
12217,2022-09-25,6180.3364,6051.0
12218,2022-09-26,6643.11,6602.634
12219,2022-09-27,6667.866,6671.586
12220,2022-09-28,6683.1055,6712.845
12221,2022-09-29,6656.4434,6695.323
12222,2022-09-30,6602.6406,6756.9385
12223,2022-10-01,6311.7417,6314.0166
12224,2022-10-02,6225.567,6058.759
12225,2022-10-03,6665.4873,6559.828
12226,2022-10-04,6715.0044,6504.0215
12227,2022-10-05,6714.0513,6498.7183
12228,2022-10-06,6695.007,6533.431
12229,2022-10-07,6637.8745,6415.063
12230,2022-10-08,6346.498,6169.821
12231,2022-10-09,6234.612,6043.838
12232,2022-10-10,6651.681,6473.5625
12233,2022-10-11,6689.7705,6594.278
12234,2022-10-12,6708.815,6488.9277
12235,2022-10-13,6717.3823,6625.597
12236,2022-10-14,6659.775,6649.6763
12237,2022-10-15,6353.638,6342.8145
12238,2022-10-16,6250.324,6093.174
12239,2022-10-17,6648.3477,6593.1313
12240,2022-09-19,6533.1523,6544.195
12241,2022-09-20,6624.5625,6563.9985
12242,2022-09-21,6632.1807,6707.543
12243,2022-09-22,6635.036,6599.5947
12244,2022-09-23,6595.0444,6654.368
12245,2022-09-24,6296.0483,6330.1553
12246,2022-09-25,6177.973,6051.0
12247,2022-09-26,6601.7104,6602.634
12248,2022-09-27,6668.841,6671.586
12249,2022-09-28,6667.4126,6712.845
12250,2022-09-29,6667.888,6695.323
12251,2022-09-30,6630.7524,6756.9385
12252,2022-10-01,6328.8994,6314.0166
12253,2022-10-02,6213.2056,6058.759
12254,2022-10-03,6648.37,6559.828
12255,2022-10-04,6692.1714,6504.0215
12256,2022-10-05,6699.788,6498.7183
12257,2022-10-06,6686.933,6533.431
12258,2022-10-07,6658.8438,6415.063
12259,2022-10-08,6362.7056,6169.821
12260,2022-10-09,6232.2515,6043.838
12261,2022-10-10,6663.605,6473.5625
12262,2022-10-11,6725.024,6594.278
12263,2022-10-12,6705.977,6488.9277
12264,2022-10-13,6705.0254,6625.597
12265,2022-10-14,6650.2715,6649.6763
12266,2022-10-15,6350.3267,6342.8145
12267,2022-10-16,6226.5376,6093.174
12268,2022-10-17,6635.99,6593.1313
12269,2022-10-18,6697.4067,6667.147
12270,2022-09-20,6616.0713,6563.9985
12271,2022-09-21,6620.833,6707.543
12272,2022-09-22,6604.643,6599.5947
12273,2022-09-23,6578.9307,6654.368
12274,2022-09-24,6277.03,6330.1553
12275,2022-09-25,6161.7944,6051.0
12276,2022-09-26,6602.7373,6602.634
12277,2022-09-27,6648.451,6671.586
12278,2022-09-28,6652.7363,6712.845
12279,2022-09-29,6645.594,6695.323
12280,2022-09-30,6608.928,6756.9385
12281,2022-10-01,6310.3633,6314.0166
12282,2022-10-02,6192.2695,6058.759
12283,2022-10-03,6634.1675,6559.828
12284,2022-10-04,6671.3086,6504.0215
12285,2022-10-05,6675.1167,6498.7183
12286,2022-10-06,6668.927,6533.431
12287,2022-10-07,6645.594,6415.063
12288,2022-10-08,6342.268,6169.821
12289,2022-10-09,6211.794,6043.838
12290,2022-10-10,6616.0713,6473.5625
12291,2022-10-11,6682.737,6594.278
12292,2022-10-12,6668.9277,6488.9277
12293,2022-10-13,6658.4507,6625.597
12294,2022-10-14,6628.453,6649.6763
12295,2022-10-15,6336.0757,6342.8145
12296,2022-10-16,6203.2227,6093.174
12297,2022-10-17,6603.213,6593.1313
12298,2022-10-18,6672.7383,6667.147
12299,2022-10-19,6686.0693,6748.9507
12300,2022-09-21,6609.4043,6707.543
12301,2022-09-22,6583.688,6599.5947
12302,2022-09-23,6560.8325,6654.368
12303,2022-09-24,6266.5493,6330.1553
12304,2022-09-25,6137.9814,6051.0
12305,2022-09-26,6586.0684,6602.634
12306,2022-09-27,6632.734,6671.586
12307,2022-09-28,6630.352,6712.845
12308,2022-09-29,6618.4473,6695.323
12309,2022-09-30,6607.9727,6756.9385
12310,2022-10-01,6298.4546,6314.0166
12311,2022-10-02,6186.551,6058.759
12312,2022-10-03,6642.7344,6559.828
12313,2022-10-04,6673.686,6504.0215
12314,2022-10-05,6675.1167,6498.7183
12315,2022-10-06,6669.402,6533.431
12316,2022-10-07,6624.638,6415.063
12317,2022-10-08,6341.786,6169.821
12318,2022-10-09,6205.5996,6043.838
12319,2022-10-10,6631.781,6473.5625
12320,2022-10-11,6666.0674,6594.278
12321,2022-10-12,6671.7817,6488.9277
12322,2022-10-13,6669.8755,6625.597
12323,2022-10-14,6626.0674,6649.6763
12324,2022-10-15,6305.5977,6342.8145
12325,2022-10-16,6197.504,6093.174
12326,2022-10-17,6622.257,6593.1313
12327,2022-10-18,6662.2573,6667.147
12328,2022-10-19,6667.0195,6748.9507
12329,2022-10-20,6654.161,6827.74
12330,2022-09-22,6699.734,6599.5947
12331,2022-09-23,6656.397,6654.368
12332,2022-09-24,6367.3413,6330.1553
12333,2022-09-25,6186.3857,6051.0
12334,2022-09-26,6577.346,6602.634
12335,2022-09-27,6650.207,6671.586
12336,2022-09-28,6684.0176,6712.845
12337,2022-09-29,6682.59,6695.323
12338,2022-09-30,6674.4937,6756.9385
12339,2022-10-01,6399.247,6314.0166
12340,2022-10-02,6242.576,6058.759
12341,2022-10-03,6646.397,6559.828
12342,2022-10-04,6713.544,6504.0215
12343,2022-10-05,6724.0195,6498.7183
12344,2022-10-06,6719.734,6533.431
12345,2022-10-07,6696.398,6415.063
12346,2022-10-08,6396.388,6169.821
12347,2022-10-09,6234.4824,6043.838
12348,2022-10-10,6630.683,6473.5625
12349,2022-10-11,6723.542,6594.278
12350,2022-10-12,6724.018,6488.9277
12351,2022-10-13,6731.1636,6625.597
12352,2022-10-14,6673.5405,6649.6763
12353,2022-10-15,6379.244,6342.8145
12354,2022-10-16,6224.956,6093.174
12355,2022-10-17,6597.8223,6593.1313
12356,2022-10-18,6675.9224,6667.147
12357,2022-10-19,6667.826,6748.9507
12358,2022-10-20,6671.635,6827.74
12359,2022-10-21,6625.4434,6615.3354
12360,2022-09-23,6582.1704,6654.368
12361,2022-09-24,6288.8267,6330.1553
12362,2022-09-25,6136.919,6051.0
12363,2022-09-26,6516.9307,6602.634
12364,2022-09-27,6617.889,6671.586
12365,2022-09-28,6637.4146,6712.845
12366,2022-09-29,6645.033,6695.323
12367,2022-09-30,6634.556,6756.9385
12368,2022-10-01,6374.5464,6314.0166
12369,2022-10-02,6214.54,6058.759
12370,2022-10-03,6599.315,6559.828
12371,2022-10-04,6695.9873,6504.0215
12372,2022-10-05,6701.227,6498.7183
12373,2022-10-06,6693.131,6533.431
12374,2022-10-07,6646.462,6415.063
12375,2022-10-08,6371.212,6169.821
12376,2022-10-09,6235.493,6043.838
12377,2022-10-10,6598.364,6473.5625
12378,2022-10-11,6684.0825,6594.278
12379,2022-10-12,6702.6543,6488.9277
12380,2022-10-13,6705.035,6625.597
12381,2022-10-14,6649.794,6649.6763
12382,2022-10-15,6358.8325,6342.8145
12383,2022-10-16,6222.636,6093.174
12384,2022-10-17,6584.555,6593.1313
12385,2022-10-18,6699.7974,6667.147
12386,2022-10-19,6701.2256,6748.9507
12387,2022-10-20,6690.75,6827.74
12388,2022-10-21,6634.0806,6615.3354
12389,2022-10-22,6341.2114,6184.5835
12390,2022-09-24,6387.467,6330.1553
12391,2022-09-25,6179.839,6051.0
12392,2022-09-26,6486.0425,6602.634
12393,2022-09-27,6642.2417,6671.586
12394,2022-09-28,6666.5283,6712.845
12395,2022-09-29,6667.4805,6695.323
12396,2022-09-30,6643.194,6756.9385
12397,2022-10-01,6369.8477,6314.0166
12398,2022-10-02,6206.5093,6058.759
12399,2022-10-03,6518.9023,6559.828
12400,2022-10-04,6658.4336,6504.0215
12401,2022-10-05,6671.2925,6498.7183
12402,2022-10-06,6682.2456,6533.431
12403,2022-10-07,6647.957,6415.063
12404,2022-10-08,6389.848,6169.821
12405,2022-10-09,6237.462,6043.838
12406,2022-10-10,6555.095,6473.5625
12407,2022-10-11,6682.245,6594.278
12408,2022-10-12,6710.342,6488.9277
12409,2022-10-13,6713.675,6625.597
12410,2022-10-14,6662.7188,6649.6763
12411,2022-10-15,6398.897,6342.8145
12412,2022-10-16,6249.8433,6093.174
12413,2022-10-17,6546.0464,6593.1313
12414,2022-10-18,6689.3877,6667.147
12415,2022-10-19,6715.1025,6748.9507
12416,2022-10-20,6712.7217,6827.74
12417,2022-10-21,6660.337,6615.3354
12418,2022-10-22,6406.04,6184.5835
12419,2022-10-23,6256.511,5907.6646
12420,2022-09-25,6112.285,6051.0
12421,2022-09-26,6542.753,6602.634
12422,2022-09-27,6601.7983,6671.586
12423,2022-09-28,6604.6567,6712.845
12424,2022-09-29,6597.9893,6695.323
12425,2022-09-30,6571.3237,6756.9385
12426,2022-10-01,6298.4727,6314.0166
12427,2022-10-02,6177.522,6058.759
12428,2022-10-03,6640.848,6559.828
12429,2022-10-04,6673.228,6504.0215
12430,2022-10-05,6687.514,6498.7183
12431,2022-10-06,6672.752,6533.431
12432,2022-10-07,6624.658,6415.063
12433,2022-10-08,6324.6636,6169.821
12434,2022-10-09,6187.997,6043.838
12435,2022-10-10,6620.3726,6473.5625
12436,2022-10-11,6686.562,6594.278
12437,2022-10-12,6687.515,6488.9277
12438,2022-10-13,6681.3237,6625.597
12439,2022-10-14,6638.942,6649.6763
12440,2022-10-15,6334.661,6342.8145
12441,2022-10-16,6206.569,6093.174
12442,2022-10-17,6647.0396,6593.1313
12443,2022-10-18,6695.1313,6667.147
12444,2022-10-19,6692.2764,6748.9507
12445,2022-10-20,6677.513,6827.74
12446,2022-10-21,6629.8955,6615.3354
12447,2022-10-22,6318.948,6184.5835
12448,2022-10-23,6200.8545,5907.6646
12449,2022-10-24,6635.61,6002.525
12450,2022-09-26,6491.3164,6602.634
12451,2022-09-27,6585.125,6671.586
12452,2022-09-28,6607.0283,6712.845
12453,2022-09-29,6598.9346,6695.323
12454,2022-09-30,6570.3633,6756.9385
12455,2022-10-01,6293.2275,6314.0166
12456,2022-10-02,6157.9883,6058.759
12457,2022-10-03,6588.9346,6559.828
12458,2022-10-04,6631.313,6504.0215
12459,2022-10-05,6655.5996,6498.7183
12460,2022-10-06,6674.17,6533.431
12461,2022-10-07,6664.1714,6415.063
12462,2022-10-08,6366.558,6169.821
12463,2022-10-09,6220.8438,6043.838
12464,2022-10-10,6640.364,6473.5625
12465,2022-10-11,6690.8364,6594.278
12466,2022-10-12,6700.838,6488.9277
12467,2022-10-13,6683.2188,6625.597
12468,2022-10-14,6634.1724,6649.6763
12469,2022-10-15,6331.7954,6342.8145
12470,2022-10-16,6168.464,6093.174
12471,2022-10-17,6579.8867,6593.1313
12472,2022-10-18,6661.313,6667.147
12473,2022-10-19,6682.264,6748.9507
12474,2022-10-20,6682.741,6827.74
12475,2022-10-21,6635.6,6615.3354
12476,2022-10-22,6324.177,6184.5835
12477,2022-10-23,6200.844,5907.6646
12478,2022-10-24,6614.1714,6002.525
12479,2022-10-25,6678.9316,6489.485
12480,2022-09-27,6650.9087,6671.586
12481,2022-09-28,6657.575,6712.845
12482,2022-09-29,6630.9043,6695.323
12483,2022-09-30,6604.2344,6756.9385
12484,2022-10-01,6301.81,6314.0166
12485,2022-10-02,6181.794,6058.759
12486,2022-10-03,6622.8076,6559.828
12487,2022-10-04,6650.908,6504.0215
12488,2022-10-05,6665.195,6498.7183
12489,2022-10-06,6661.3857,6533.431
12490,2022-10-07,6636.619,6415.063
12491,2022-10-08,6323.2407,6169.821
12492,2022-10-09,6227.0376,6043.838
12493,2022-10-10,6673.29,6473.5625
12494,2022-10-11,6681.8643,6594.278
12495,2022-10-12,6683.7676,6488.9277
12496,2022-10-13,6692.342,6625.597
12497,2022-10-14,6649.9546,6649.6763
12498,2022-10-15,6330.86,6342.8145
12499,2022-10-16,6216.084,6093.174
12500,2022-10-17,6647.572,6593.1313
12501,2022-10-18,6667.1,6667.147
12502,2022-10-19,6691.3887,6748.9507
12503,2022-10-20,6671.3857,6827.74
12504,2022-10-21,6614.2344,6615.3354
12505,2022-10-22,6298.9517,6184.5835
12506,2022-10-23,6203.225,5907.6646
12507,2022-10-24,6625.1875,6002.525
12508,2022-10-25,6657.0967,6489.485
12509,2022-10-26,6663.2896,6444.6543
12510,2022-09-28,6680.06,6712.845
12511,2022-09-29,6673.8667,6695.323
12512,2022-09-30,6641.4814,6756.9385
12513,2022-10-01,6319.525,6314.0166
12514,2022-10-02,6193.794,6058.759
12515,2022-10-03,6641.006,6559.828
12516,2022-10-04,6664.819,6504.0215
12517,2022-10-05,6675.773,6498.7183
12518,2022-10-06,6686.2505,6533.431
12519,2022-10-07,6675.7725,6415.063
12520,2022-10-08,6341.4336,6169.821
12521,2022-10-09,6200.935,6043.838
12522,2022-10-10,6646.7207,6473.5625
12523,2022-10-11,6678.6313,6594.278
12524,2022-10-12,6702.9204,6488.9277
12525,2022-10-13,6714.828,6625.597
12526,2022-10-14,6698.158,6649.6763
12527,2022-10-15,6363.819,6342.8145
12528,2022-10-16,6199.0327,6093.174
12529,2022-10-17,6636.2427,6593.1313
12530,2022-10-18,6681.0117,6667.147
12531,2022-10-19,6691.0127,6748.9507
12532,2022-10-20,6675.772,6827.74
12533,2022-10-21,6635.7656,6615.3354
12534,2022-10-22,6319.05,6184.5835
12535,2022-10-23,6175.696,5907.6646
12536,2022-10-24,6614.333,6002.525
12537,2022-10-25,6666.7227,6489.485
12538,2022-10-26,6671.01,6444.6543
12539,2022-10-27,6658.627,6531.5986
12540,2022-09-29,6681.5586,6695.323
12541,2022-09-30,6639.1704,6756.9385
12542,2022-10-01,6327.69,6314.0166
12543,2022-10-02,6184.333,6058.759
12544,2022-10-03,6634.885,6559.828
12545,2022-10-04,6668.699,6504.0215
12546,2022-10-05,6671.0806,6498.7183
12547,2022-10-06,6674.4146,6533.431
12548,2022-10-07,6643.9346,6415.063
12549,2022-10-08,6321.976,6169.821
12550,2022-10-09,6184.3325,6043.838
12551,2022-10-10,6635.8374,6473.5625
12552,2022-10-11,6678.225,6594.278
12553,2022-10-12,6684.892,6488.9277
12554,2022-10-13,6670.605,6625.597
12555,2022-10-14,6594.4023,6649.6763
12556,2022-10-15,6301.0205,6342.8145
12557,2022-10-16,6175.76,6093.174
12558,2022-10-17,6609.643,6593.1313
12559,2022-10-18,6659.174,6667.147
12560,2022-10-19,7583.609,6748.9507
12561,2022-10-20,6657.2686,6827.74
12562,2022-10-21,6577.7324,6615.3354
12563,2022-10-22,6299.1143,6184.5835
12564,2022-10-23,6192.9067,5907.6646
12565,2022-10-24,6609.167,6002.525
12566,2022-10-25,6654.412,6489.485
12567,2022-10-26,6677.748,6444.6543
12568,2022-10-27,6654.8877,6531.5986
12569,2022-10-28,6592.973,6609.753
12570,2022-09-30,6654.1255,6756.9385
12571,2022-10-01,6333.5894,6314.0166
12572,2022-10-02,6169.746,6058.759
12573,2022-10-03,6614.594,6559.828
12574,2022-10-04,6678.415,6504.0215
12575,2022-10-05,6676.5107,6498.7183
12576,2022-10-06,6690.322,6533.431
12577,2022-10-07,6669.365,6415.063
12578,2022-10-08,6368.3564,6169.821
12579,2022-10-09,6204.0376,6043.838
12580,2022-10-10,6592.209,6473.5625
12581,2022-10-11,6660.7925,6594.278
12582,2022-10-12,6677.939,6488.9277
12583,2022-10-13,6686.513,6625.597
12584,2022-10-14,6639.8354,6649.6763
12585,2022-10-15,6329.302,6342.8145
12586,2022-10-16,6180.223,6093.174
12587,2022-10-17,6559.822,6593.1313
12588,2022-10-18,6656.031,6667.147
12589,2022-10-19,6671.2715,6748.9507
12590,2022-10-20,6649.838,6827.74
12591,2022-10-21,6610.3076,6615.3354
12592,2022-10-22,6306.9155,6184.5835
12593,2022-10-23,6173.08,5907.6646
12594,2022-10-24,6581.2563,6002.525
12595,2022-10-25,6644.6006,6489.485
12596,2022-10-26,6646.9805,6444.6543
12597,2022-10-27,6651.2676,6531.5986
12598,2022-10-28,6598.4004,6609.753
12599,2022-10-29,6303.5806,6262.985
12600,2022-10-01,6394.56,6314.0166
12601,2022-10-02,6220.7046,6058.759
12602,2022-10-03,6693.2104,6559.828
12603,2022-10-04,6745.13,6504.0215
12604,2022-10-05,6736.0806,6498.7183
12605,2022-10-06,6732.268,6533.431
12606,2022-10-07,6705.596,6415.063
12607,2022-10-08,6392.654,6169.821
12608,2022-10-09,6224.9907,6043.838
12609,2022-10-10,6651.7725,6473.5625
12610,2022-10-11,6718.456,6594.278
12611,2022-10-12,6732.7456,6488.9277
12612,2022-10-13,6717.025,6625.597
12613,2022-10-14,6665.109,6649.6763
12614,2022-10-15,6353.596,6342.8145
12615,2022-10-16,6192.1255,6093.174
12616,2022-10-17,6613.1914,6593.1313
12617,2022-10-18,6682.256,6667.147
12618,2022-10-19,6692.733,6748.9507
12619,2022-10-20,6697.024,6827.74
12620,2022-10-21,6656.5356,6615.3354
12621,2022-10-22,6331.2095,6184.5835
12622,2022-10-23,6199.747,5907.6646
12623,2022-10-24,6618.43,6002.525
12624,2022-10-25,6687.9727,6489.485
12625,2022-10-26,6668.92,6444.6543
12626,2022-10-27,6658.916,6531.5986
12627,2022-10-28,6635.5767,6609.753
12628,2022-10-29,6333.592,6262.985
12629,2022-10-30,6196.4136,6117.405
12630,2022-10-02,6139.773,6058.759
12631,2022-10-03,6638.437,6559.828
12632,2022-10-04,6659.395,6504.0215
12633,2022-10-05,6661.774,6498.7183
12634,2022-10-06,6647.4863,6533.431
12635,2022-10-07,6635.578,6415.063
12636,2022-10-08,6293.609,6169.821
12637,2022-10-09,6156.442,6043.838
12638,2022-10-10,6646.535,6473.5625
12639,2022-10-11,6693.687,6594.278
12640,2022-10-12,6690.831,6488.9277
12641,2022-10-13,6681.305,6625.597
12642,2022-10-14,6648.44,6649.6763
12643,2022-10-15,6313.612,6342.8145
12644,2022-10-16,6164.5376,6093.174
12645,2022-10-17,6616.0513,6593.1313
12646,2022-10-18,6663.6816,6667.147
12647,2022-10-19,6692.734,6748.9507
12648,2022-10-20,6684.16,6827.74
12649,2022-10-21,6631.7686,6615.3354
12650,2022-10-22,6317.4233,6184.5835
12651,2022-10-23,6214.549,5907.6646
12652,2022-10-24,6621.293,6002.525
12653,2022-10-25,6671.3027,6489.485
12654,2022-10-26,6675.59,6444.6543
12655,2022-10-27,6647.964,6531.5986
12656,2022-10-28,6593.1904,6609.753
12657,2022-10-29,6294.561,6262.985
12658,2022-10-30,6178.8276,6117.405
12659,2022-10-31,6606.5273,6540.742
12660,2022-10-03,6544.4004,6559.828
12661,2022-10-04,6612.029,6504.0215
12662,2022-10-05,6609.6475,6498.7183
12663,2022-10-06,6593.931,6533.431
12664,2022-10-07,6575.833,6415.063
12665,2022-10-08,6277.216,6169.821
12666,2022-10-09,6137.19,6043.838
12667,2022-10-10,6594.884,6473.5625
12668,2022-10-11,6649.177,6594.278
12669,2022-10-12,6643.939,6488.9277
12670,2022-10-13,6650.6055,6625.597
12671,2022-10-14,6627.745,6649.6763
12672,2022-10-15,6317.6987,6342.8145
12673,2022-10-16,6171.007,6093.174
12674,2022-10-17,6601.551,6593.1313
12675,2022-10-18,6662.9883,6667.147
12676,2022-10-19,6662.9883,6748.9507
12677,2022-10-20,6639.652,6827.74
12678,2022-10-21,6579.166,6615.3354
12679,2022-10-22,6267.6914,6184.5835
12680,2022-10-23,6152.4316,5907.6646
12681,2022-10-24,6587.739,6002.525
12682,2022-10-25,6642.033,6489.485
12683,2022-10-26,6640.1274,6444.6543
12684,2022-10-27,6625.364,6531.5986
12685,2022-10-28,6572.4995,6609.753
12686,2022-10-29,6270.072,6262.985
12687,2022-10-30,6184.8184,6117.405
12688,2022-10-31,6620.6006,6540.742
12689,2022-11-01,6662.511,6571.828
12690,2022-10-04,6644.564,6504.0215
12691,2022-10-05,6651.2324,6498.7183
12692,2022-10-06,6644.5664,6533.431
12693,2022-10-07,6617.4126,6415.063
12694,2022-10-08,6286.826,6169.821
12695,2022-10-09,6155.3564,6043.838
12696,2022-10-10,6634.56,6473.5625
12697,2022-10-11,6686.0063,6594.278
12698,2022-10-12,6681.2437,6488.9277
12699,2022-10-13,6666.4746,6625.597
12700,2022-10-14,6646.9463,6649.6763
12701,2022-10-15,6321.1245,6342.8145
12702,2022-10-16,6145.8286,6093.174
12703,2022-10-17,6581.6855,6593.1313
12704,2022-10-18,6631.703,6667.147
12705,2022-10-19,6633.132,6748.9507
12706,2022-10-20,6618.3643,6827.74
12707,2022-10-21,6571.6826,6615.3354
12708,2022-10-22,6237.763,6184.5835
12709,2022-10-23,6117.2476,5907.6646
12710,2022-10-24,6578.825,6002.525
12711,2022-10-25,6620.27,6489.485
12712,2022-10-26,6620.747,6444.6543
12713,2022-10-27,6594.0723,6531.5986
12714,2022-10-28,6535.48,6609.753
12715,2022-10-29,6232.9995,6262.985
12716,2022-10-30,6124.868,6117.405
12717,2022-10-31,6559.7744,6540.742
12718,2022-11-01,6594.071,6571.828
12719,2022-11-02,6602.169,6617.0713
12720,2022-10-05,6601.437,6498.7183
12721,2022-10-06,6602.8643,6533.431
12722,2022-10-07,6598.1,6415.063
12723,2022-10-08,6282.772,6169.821
12724,2022-10-09,6149.399,6043.838
12725,2022-10-10,6590.956,6473.5625
12726,2022-10-11,6612.391,6594.278
12727,2022-10-12,6625.253,6488.9277
12728,2022-10-13,6620.0107,6625.597
12729,2022-10-14,6597.149,6649.6763
12730,2022-10-15,6290.395,6342.8145
12731,2022-10-16,6146.541,6093.174
12732,2022-10-17,6581.9043,6593.1313
12733,2022-10-18,6612.8677,6667.147
12734,2022-10-19,6617.631,6748.9507
12735,2022-10-20,6599.5312,6827.74
12736,2022-10-21,6569.9976,6615.3354
12737,2022-10-22,6268.959,6184.5835
12738,2022-10-23,6156.0684,5907.6646
12739,2022-10-24,6573.8096,6002.525
12740,2022-10-25,6614.775,6489.485
12741,2022-10-26,6620.013,6444.6543
12742,2022-10-27,6599.5312,6531.5986
12743,2022-10-28,6554.2793,6609.753
12744,2022-10-29,6270.8643,6262.985
12745,2022-10-30,6167.0225,6117.405
12746,2022-10-31,6604.7715,6540.742
12747,2022-11-01,6646.2104,6571.828
12748,2022-11-02,6639.542,6617.0713
12749,2022-11-03,6634.302,6581.3594
12750,2022-10-06,6522.266,6533.431
12751,2022-10-07,6535.125,6415.063
12752,2022-10-08,6233.639,6169.821
12753,2022-10-09,6102.659,6043.838
12754,2022-10-10,6572.7515,6473.5625
12755,2022-10-11,6599.898,6594.278
12756,2022-10-12,6618.95,6488.9277
12757,2022-10-13,6618.9507,6625.597
12758,2022-10-14,6594.66,6649.6763
12759,2022-10-15,6280.7905,6342.8145
12760,2022-10-16,6143.143,6093.174
12761,2022-10-17,6580.848,6593.1313
12762,2022-10-18,6617.0454,6667.147
12763,2022-10-19,6610.8535,6748.9507
12764,2022-10-20,6616.094,6827.74
12765,2022-10-21,6567.036,6615.3354
12766,2022-10-22,6240.3057,6184.5835
12767,2022-10-23,6146.953,5907.6646
12768,2022-10-24,6591.8037,6002.525
12769,2022-10-25,6611.8066,6489.485
12770,2022-10-26,6625.143,6444.6543
12771,2022-10-27,6628.9526,6531.5986
12772,2022-10-28,6574.6562,6609.753
12773,2022-10-29,6255.5483,6262.985
12774,2022-10-30,6158.3833,6117.405
12775,2022-10-31,6597.0405,6540.742
12776,2022-11-01,6647.05,6571.828
12777,2022-11-02,6642.2886,6617.0713
12778,2022-11-03,6652.2905,6581.3594
12779,2022-11-04,6582.7544,6627.7446
12780,2022-10-07,6542.95,6415.063
12781,2022-10-08,6238.6143,6169.821
12782,2022-10-09,6109.069,6043.838
12783,2022-10-10,6567.715,6473.5625
12784,2022-10-11,6600.578,6594.278
12785,2022-10-12,6608.6743,6488.9277
12786,2022-10-13,6620.105,6625.597
12787,2022-10-14,6591.052,6649.6763
12788,2022-10-15,6285.288,6342.8145
12789,2022-10-16,6133.8354,6093.174
12790,2022-10-17,6566.764,6593.1313
12791,2022-10-18,6593.911,6667.147
12792,2022-10-19,6592.959,6748.9507
12793,2022-10-20,6582.956,6827.74
12794,2022-10-21,6542.95,6615.3354
12795,2022-10-22,6237.6626,6184.5835
12796,2022-10-23,6122.4043,5907.6646
12797,2022-10-24,6554.855,6002.525
12798,2022-10-25,6589.6235,6489.485
12799,2022-10-26,6596.7686,6444.6543
12800,2022-10-27,6602.484,6531.5986
12801,2022-10-28,6570.575,6609.753
12802,2022-10-29,6258.14,6262.985
12803,2022-10-30,6127.167,6117.405
12804,2022-10-31,6565.3345,6540.742
12805,2022-11-01,6624.3926,6571.828
12806,2022-11-02,6632.489,6617.0713
12807,2022-11-03,6629.155,6581.3594
12808,2022-11-04,6589.625,6627.7446
12809,2022-11-05,6273.381,6096.711
12810,2022-10-08,6144.67,6169.821
12811,2022-10-09,6085.136,6043.838
12812,2022-10-10,6564.7676,6473.5625
12813,2022-10-11,6585.725,6594.278
12814,2022-10-12,6597.632,6488.9277
12815,2022-10-13,6598.584,6625.597
12816,2022-10-14,6579.0557,6649.6763
12817,2022-10-15,6256.602,6342.8145
12818,2022-10-16,6120.381,6093.174
12819,2022-10-17,6551.9067,6593.1313
12820,2022-10-18,6602.3936,6667.147
12821,2022-10-19,6602.393,6748.9507
12822,2022-10-20,6600.0107,6827.74
12823,2022-10-21,6567.1475,6615.3354
12824,2022-10-22,6254.219,6184.5835
12825,2022-10-23,6120.382,5907.6646
12826,2022-10-24,6554.2886,6002.525
12827,2022-10-25,6599.06,6489.485
12828,2022-10-26,6607.156,6444.6543
12829,2022-10-27,6592.8667,6531.5986
12830,2022-10-28,6556.6694,6609.753
12831,2022-10-29,6257.0786,6262.985
12832,2022-10-30,6149.9106,6117.405
12833,2022-10-31,6582.865,6540.742
12834,2022-11-01,6632.8755,6571.828
12835,2022-11-02,6640.02,6617.0713
12836,2022-11-03,6633.3525,6581.3594
12837,2022-11-04,6577.1514,6627.7446
12838,2022-11-05,6251.3623,6096.711
12839,2022-11-06,6150.862,5948.134
12840,2022-10-09,6061.4136,6043.838
12841,2022-10-10,6540.0254,6473.5625
12842,2022-10-11,6579.5527,6594.278
12843,2022-10-12,6585.268,6488.9277
12844,2022-10-13,6595.2686,6625.597
12845,2022-10-14,6564.313,6649.6763
12846,2022-10-15,6251.9023,6342.8145
12847,2022-10-16,6112.3687,6093.174
12848,2022-10-17,6540.5024,6593.1313
12849,2022-10-18,6588.1255,6667.147
12850,2022-10-19,6603.364,6748.9507
12851,2022-10-20,6609.555,6827.74
12852,2022-10-21,6578.5986,6615.3354
12853,2022-10-22,6257.14,6184.5835
12854,2022-10-23,6126.6543,5907.6646
12855,2022-10-24,6583.839,6002.525
12856,2022-10-25,6620.031,6489.485
12857,2022-10-26,6629.5566,6444.6543
12858,2022-10-27,6639.5566,6531.5986
12859,2022-10-28,6592.8867,6609.753
12860,2022-10-29,6276.1895,6262.985
12861,2022-10-30,6175.2305,6117.405
12862,2022-10-31,6601.935,6540.742
12863,2022-11-01,6646.2246,6571.828
12864,2022-11-02,6642.415,6617.0713
12865,2022-11-03,6649.0806,6581.3594
12866,2022-11-04,6602.8877,6627.7446
12867,2022-11-05,6291.905,6096.711
12868,2022-11-06,6156.18,5948.134
12869,2022-11-07,6578.601,6454.57
12870,2022-10-10,6530.672,6473.5625
12871,2022-10-11,6559.7217,6594.278
12872,2022-10-12,6576.864,6488.9277
12873,2022-10-13,6573.056,6625.597
12874,2022-10-14,6538.7705,6649.6763
12875,2022-10-15,6221.6177,6342.8145
12876,2022-10-16,6096.3774,6093.174
12877,2022-10-17,6538.768,6593.1313
12878,2022-10-18,6563.0557,6667.147
12879,2022-10-19,6577.819,6748.9507
12880,2022-10-20,6569.7227,6827.74
12881,2022-10-21,6531.1494,6615.3354
12882,2022-10-22,6230.19,6184.5835
12883,2022-10-23,6115.9033,5907.6646
12884,2022-10-24,6544.007,6002.525
12885,2022-10-25,6569.246,6489.485
12886,2022-10-26,6579.7236,6444.6543
12887,2022-10-27,6584.009,6531.5986
12888,2022-10-28,6560.1987,6609.753
12889,2022-10-29,6272.0938,6262.985
12890,2022-10-30,6142.57,6117.405
12891,2022-10-31,6604.963,6540.742
12892,2022-11-01,6642.5825,6571.828
12893,2022-11-02,6646.3926,6617.0713
12894,2022-11-03,6652.1074,6581.3594
12895,2022-11-04,6601.6294,6627.7446
12896,2022-11-05,6267.335,6096.711
12897,2022-11-06,6153.998,5948.134
12898,2022-11-07,6596.39,6454.57
12899,2022-11-08,6640.6777,6529.7163
12900,2022-10-11,6580.9087,6594.278
12901,2022-10-12,6598.0537,6488.9277
12902,2022-10-13,6603.7695,6625.597
12903,2022-10-14,6579.4795,6649.6763
12904,2022-10-15,6270.868,6342.8145
12905,2022-10-16,6124.1826,6093.174
12906,2022-10-17,6562.8105,6593.1313
12907,2022-10-18,6614.246,6667.147
12908,2022-10-19,6621.3906,6748.9507
12909,2022-10-20,6623.772,6827.74
12910,2022-10-21,6605.6743,6615.3354
12911,2022-10-22,6295.6333,6184.5835
12912,2022-10-23,6160.3774,5907.6646
12913,2022-10-24,6600.4346,6002.525
12914,2022-10-25,6640.4395,6489.485
12915,2022-10-26,6650.4404,6444.6543
12916,2022-10-27,6646.155,6531.5986
12917,2022-10-28,6614.7217,6609.753
12918,2022-10-29,6294.2046,6262.985
12919,2022-10-30,6157.52,6117.405
12920,2022-10-31,6570.9067,6540.742
12921,2022-11-01,6595.6724,6571.828
12922,2022-11-02,6613.295,6617.0713
12923,2022-11-03,6618.056,6581.3594
12924,2022-11-04,6578.0513,6627.7446
12925,2022-11-05,6266.582,6096.711
12926,2022-11-06,6145.1377,5948.134
12927,2022-11-07,6575.194,6454.57
12928,2022-11-08,6614.7227,6529.7163
12929,2022-11-09,6626.1533,6520.0156
12930,2022-10-12,6610.4346,6488.9277
12931,2022-10-13,6610.9106,6625.597
12932,2022-10-14,6582.811,6649.6763
12933,2022-10-15,6285.631,6342.8145
12934,2022-10-16,6148.9463,6093.174
12935,2022-10-17,6553.2837,6593.1313
12936,2022-10-18,6592.3364,6667.147
12937,2022-10-19,6610.4346,6748.9507
12938,2022-10-20,6609.006,6827.74
12939,2022-10-21,6573.287,6615.3354
12940,2022-10-22,6280.8677,6184.5835
12941,2022-10-23,6168.9487,5907.6646
12942,2022-10-24,6574.2393,6002.525
12943,2022-10-25,6616.6265,6489.485
12944,2022-10-26,6643.2964,6444.6543
12945,2022-10-27,6632.8184,6531.5986
12946,2022-10-28,6572.8105,6609.753
12947,2022-10-29,6279.4395,6262.985
12948,2022-10-30,6167.5205,6117.405
12949,2022-10-31,6577.096,6540.742
12950,2022-11-01,6629.0083,6571.828
12951,2022-11-02,6638.056,6617.0713
12952,2022-11-03,6631.389,6581.3594
12953,2022-11-04,6574.715,6627.7446
12954,2022-11-05,6263.7227,6096.711
12955,2022-11-06,6173.7114,5948.134
12956,2022-11-07,6581.859,6454.57
12957,2022-11-08,6629.0083,6529.7163
12958,2022-11-09,6635.199,6520.0156
12959,2022-11-10,6623.293,6521.867
12960,2022-10-13,6517.774,6625.597
12961,2022-10-14,6537.777,6649.6763
12962,2022-10-15,6242.96,6342.8145
12963,2022-10-16,6089.6045,6093.174
12964,2022-10-17,6512.535,6593.1313
12965,2022-10-18,6559.685,6667.147
12966,2022-10-19,6569.686,6748.9507
12967,2022-10-20,6556.352,6827.74
12968,2022-10-21,6534.4434,6615.3354
12969,2022-10-22,6262.0137,6184.5835
12970,2022-10-23,6110.0825,5907.6646
12971,2022-10-24,6523.489,6002.525
12972,2022-10-25,6590.167,6489.485
12973,2022-10-26,6610.1694,6444.6543
12974,2022-10-27,6615.885,6531.5986
12975,2022-10-28,6584.4517,6609.753
12976,2022-10-29,6299.1626,6262.985
12977,2022-10-30,6154.853,6117.405
12978,2022-10-31,6555.3994,6540.742
12979,2022-11-01,6610.647,6571.828
12980,2022-11-02,6623.03,6617.0713
12981,2022-11-03,6633.03,6581.3594
12982,2022-11-04,6593.9756,6627.7446
12983,2022-11-05,6309.165,6096.711
12984,2022-11-06,6160.569,5948.134
12985,2022-11-07,6547.3027,6454.57
12986,2022-11-08,6597.786,6529.7163
12987,2022-11-09,6611.5996,6520.0156
12988,2022-11-10,6604.93,6521.867
12989,2022-11-11,6555.398,6541.366
12990,2022-10-14,6597.28,6649.6763
12991,2022-10-15,6269.576,6342.8145
12992,2022-10-16,6112.8774,6093.174
12993,2022-10-17,6540.5967,6593.1313
12994,2022-10-18,6581.083,6667.147
12995,2022-10-19,6585.8467,6748.9507
12996,2022-10-20,6574.415,6827.74
12997,2022-10-21,6557.2656,6615.3354
12998,2022-10-22,6272.435,6184.5835
12999,2022-10-23,6129.5483,5907.6646
13000,2022-10-24,6579.655,6002.525
13001,2022-10-25,6617.7573,6489.485
13002,2022-10-26,6620.614,6444.6543
13003,2022-10-27,6618.2344,6531.5986
13004,2022-10-28,6580.6035,6609.753
13005,2022-10-29,6273.39,6262.985
13006,2022-10-30,6138.598,6117.405
13007,2022-10-31,6573.4604,6540.742
13008,2022-11-01,6612.9956,6571.828
13009,2022-11-02,6616.3267,6617.0713
13010,2022-11-03,6625.8555,6581.3594
13011,2022-11-04,6571.0806,6627.7446
13012,2022-11-05,6275.7715,6096.711
13013,2022-11-06,6164.794,5948.134
13014,2022-11-07,6613.947,6454.57
13015,2022-11-08,6632.524,6529.7163
13016,2022-11-09,6652.5273,6520.0156
13017,2022-11-10,6633.9526,6521.867
13018,2022-11-11,6588.7026,6541.366
13019,2022-11-12,6277.2,6196.548
13020,2022-10-15,6298.4526,6342.8145
13021,2022-10-16,6136.977,6093.174
13022,2022-10-17,6587.578,6593.1313
13023,2022-10-18,6624.2563,6667.147
13024,2022-10-19,6623.7793,6748.9507
13025,2022-10-20,6619.015,6827.74
13026,2022-10-21,6595.675,6615.3354
13027,2022-10-22,6271.2993,6184.5835
13028,2022-10-23,6128.402,5907.6646
13029,2022-10-24,6578.053,6002.525
13030,2022-10-25,6615.6807,6489.485
13031,2022-10-26,6602.345,6444.6543
13032,2022-10-27,6603.7705,6531.5986
13033,2022-10-28,6569.4775,6609.753
13034,2022-10-29,6251.772,6262.985
13035,2022-10-30,6136.023,6117.405
13036,2022-10-31,6579.956,6540.742
13037,2022-11-01,6615.205,6571.828
13038,2022-11-02,6626.1606,6617.0713
13039,2022-11-03,6630.448,6581.3594
13040,2022-11-04,6611.871,6627.7446
13041,2022-11-05,6291.7827,6096.711
13042,2022-11-06,6166.0317,5948.134
13043,2022-11-07,6605.678,6454.57
13044,2022-11-08,6642.832,6529.7163
13045,2022-11-09,6644.2617,6520.0156
13046,2022-11-10,6642.832,6521.867
13047,2022-11-11,6579.955,6541.366
13048,2022-11-12,6268.9175,6196.548
13049,2022-11-13,6166.0312,6011.5566
13050,2022-10-16,6087.6387,6093.174
13051,2022-10-17,6557.2764,6593.1313
13052,2022-10-18,6588.2363,6667.147
13053,2022-10-19,6614.43,6748.9507
13054,2022-10-20,6597.2827,6827.74
13055,2022-10-21,6588.2324,6615.3354
13056,2022-10-22,6266.7275,6184.5835
13057,2022-10-23,6104.308,5907.6646
13058,2022-10-24,6571.0894,6002.525
13059,2022-10-25,6598.237,6489.485
13060,2022-10-26,6607.2876,6444.6543
13061,2022-10-27,6603.951,6531.5986
13062,2022-10-28,6572.04,6609.753
13063,2022-10-29,6266.2524,6262.985
13064,2022-10-30,6141.937,6117.405
13065,2022-10-31,6590.14,6540.742
13066,2022-11-01,6625.3857,6571.828
13067,2022-11-02,6632.0537,6617.0713
13068,2022-11-03,6642.5327,6581.3594
13069,2022-11-04,6614.431,6627.7446
13070,2022-11-05,6303.404,6096.711
13071,2022-11-06,6167.656,5948.134
13072,2022-11-07,6610.142,6454.57
13073,2022-11-08,6644.4375,6529.7163
13074,2022-11-09,6643.0073,6520.0156
13075,2022-11-10,6641.5786,6521.867
13076,2022-11-11,6604.9033,6541.366
13077,2022-11-12,6308.643,6196.548
13078,2022-11-13,6166.227,6011.5566
13079,2022-11-14,6596.8066,6542.3687
13080,2022-10-17,6529.1943,6593.1313
13081,2022-10-18,6579.207,6667.147
13082,2022-10-19,6591.5923,6748.9507
13083,2022-10-20,6593.022,6827.74
13084,2022-10-21,6549.6763,6615.3354
13085,2022-10-22,6255.3213,6184.5835
13086,2022-10-23,6110.0464,5907.6646
13087,2022-10-24,6565.3936,6002.525
13088,2022-10-25,6608.2607,6489.485
13089,2022-10-26,6602.5464,6444.6543
13090,2022-10-27,6596.83,6531.5986
13091,2022-10-28,6583.9717,6609.753
13092,2022-10-29,6250.083,6262.985
13093,2022-10-30,6123.8594,6117.405
13094,2022-10-31,6576.826,6540.742
13095,2022-11-01,6596.8306,6571.828
13096,2022-11-02,6605.405,6617.0713
13097,2022-11-03,6614.453,6581.3594
13098,2022-11-04,6580.159,6627.7446
13099,2022-11-05,6252.939,6096.711
13100,2022-11-06,6110.5225,5948.134
13101,2022-11-07,6569.681,6454.57
13102,2022-11-08,6613.0264,6529.7163
13103,2022-11-09,6620.17,6520.0156
13104,2022-11-10,6617.3125,6521.867
13105,2022-11-11,6588.734,6541.366
13106,2022-11-12,6282.947,6196.548
13107,2022-11-13,6127.6724,6011.5566
13108,2022-11-14,6559.68,6542.3687
13109,2022-11-15,6593.0215,6616.1646
13110,2022-10-18,6619.8105,6667.147
13111,2022-10-19,6645.537,6748.9507
13112,2022-10-20,6635.5327,6827.74
13113,2022-10-21,6605.995,6615.3354
13114,2022-10-22,6271.5757,6184.5835
13115,2022-10-23,6133.902,5907.6646
13116,2022-10-24,6605.044,6002.525
13117,2022-10-25,6622.6714,6489.485
13118,2022-10-26,6615.047,6444.6543
13119,2022-10-27,6627.9106,6531.5986
13120,2022-10-28,6589.7993,6609.753
13121,2022-10-29,6279.1973,6262.985
13122,2022-10-30,6131.9956,6117.405
13123,2022-10-31,6578.365,6540.742
13124,2022-11-01,6608.855,6571.828
13125,2022-11-02,6608.8545,6617.0713
13126,2022-11-03,6620.7627,6581.3594
13127,2022-11-04,6584.082,6627.7446
13128,2022-11-05,6258.712,6096.711
13129,2022-11-06,6110.5596,5948.134
13130,2022-11-07,6551.688,6454.57
13131,2022-11-08,6599.803,6529.7163
13132,2022-11-09,6605.5215,6520.0156
13133,2022-11-10,6607.9023,6521.867
13134,2022-11-11,6577.8887,6541.366
13135,2022-11-12,6259.19,6196.548
13136,2022-11-13,6120.562,6011.5566
13137,2022-11-14,6563.598,6542.3687
13138,2022-11-15,6608.379,6616.1646
13139,2022-11-16,6603.1377,6667.4526
13140,2022-10-19,6663.088,6748.9507
13141,2022-10-20,6649.7515,6827.74
13142,2022-10-21,6621.168,6615.3354
13143,2022-10-22,6313.9043,6184.5835
13144,2022-10-23,6151.937,5907.6646
13145,2022-10-24,6611.64,6002.525
13146,2022-10-25,6640.7,6489.485
13147,2022-10-26,6648.322,6444.6543
13148,2022-10-27,6644.035,6531.5986
13149,2022-10-28,6607.83,6609.753
13150,2022-10-29,6286.274,6262.985
13151,2022-10-30,6128.1177,6117.405
13152,2022-10-31,6595.9194,6540.742
13153,2022-11-01,6640.223,6571.828
13154,2022-11-02,6653.5605,6617.0713
13155,2022-11-03,6654.9907,6581.3594
13156,2022-11-04,6607.831,6627.7446
13157,2022-11-05,6289.134,6096.711
13158,2022-11-06,6157.178,5948.134
13159,2022-11-07,6584.0083,6454.57
13160,2022-11-08,6634.5063,6529.7163
13161,2022-11-09,6633.076,6520.0156
13162,2022-11-10,6626.4062,6521.867
13163,2022-11-11,6590.203,6541.366
13164,2022-11-12,6274.842,6196.548
13165,2022-11-13,6150.984,6011.5566
13166,2022-11-14,6596.3955,6542.3687
13167,2022-11-15,6633.553,6616.1646
13168,2022-11-16,6635.4595,6667.4526
13169,2022-11-17,6630.696,6627.141
13170,2022-10-20,6720.119,6827.74
13171,2022-10-21,6681.056,6615.3354
13172,2022-10-22,6369.0356,6184.5835
13173,2022-10-23,6187.538,5907.6646
13174,2022-10-24,6639.1343,6002.525
13175,2022-10-25,6678.676,6489.485
13176,2022-10-26,6682.9624,6444.6543
13177,2022-10-27,6676.7695,6531.5986
13178,2022-10-28,6626.7505,6609.753
13179,2022-10-29,6294.7227,6262.985
13180,2022-10-30,6139.428,6117.405
13181,2022-10-31,6605.791,6540.742
13182,2022-11-01,6640.5664,6571.828
13183,2022-11-02,6655.808,6617.0713
13184,2022-11-03,6654.381,6581.3594
13185,2022-11-04,6608.6475,6627.7446
13186,2022-11-05,6286.6235,6096.711
13187,2022-11-06,6128.947,5948.134
13188,2022-11-07,6589.118,6454.57
13189,2022-11-08,6624.8438,6529.7163
13190,2022-11-09,6636.754,6520.0156
13191,2022-11-10,6631.9893,6521.867
13192,2022-11-11,6576.255,6541.366
13193,2022-11-12,6258.04,6196.548
13194,2022-11-13,6154.194,6011.5566
13195,2022-11-14,6601.98,6542.3687
13196,2022-11-15,6622.463,6616.1646
13197,2022-11-16,6638.185,6667.4526
13198,2022-11-17,6640.089,6627.141
13199,2022-11-18,6585.306,6704.058
13200,2022-10-21,6726.274,6615.3354
13201,2022-10-22,6389.9136,6184.5835
13202,2022-10-23,6171.708,5907.6646
13203,2022-10-24,6619.0796,6002.525
13204,2022-10-25,6694.353,6489.485
13205,2022-10-26,6700.5493,6444.6543
13206,2022-10-27,6700.5483,6531.5986
13207,2022-10-28,6651.476,6609.753
13208,2022-10-29,6339.8867,6262.985
13209,2022-10-30,6183.141,6117.405
13210,2022-10-31,6591.4443,6540.742
13211,2022-11-01,6655.287,6571.828
13212,2022-11-02,6666.7207,6617.0713
13213,2022-11-03,6676.726,6581.3594
13214,2022-11-04,6610.9795,6627.7446
13215,2022-11-05,6302.2505,6096.711
13216,2022-11-06,6153.1274,5948.134
13217,2022-11-07,6589.5386,6454.57
13218,2022-11-08,6650.524,6529.7163
13219,2022-11-09,6662.4316,6520.0156
13220,2022-11-10,6650.9995,6521.867
13221,2022-11-11,6614.7905,6541.366
13222,2022-11-12,6301.7744,6196.548
13223,2022-11-13,6165.0376,6011.5566
13224,2022-11-14,6602.4,6542.3687
13225,2022-11-15,6658.1445,6616.1646
13226,2022-11-16,6668.1494,6667.4526
13227,2022-11-17,6678.156,6627.141
13228,2022-11-18,6613.835,6704.058
13229,2022-11-19,6292.2456,6219.927
13230,2022-10-22,6290.1577,6184.5835
13231,2022-10-23,6138.658,5907.6646
13232,2022-10-24,6580.774,6002.525
13233,2022-10-25,6627.4624,6489.485
13234,2022-10-26,6624.129,6444.6543
13235,2022-10-27,6616.9805,6531.5986
13236,2022-10-28,6566.005,6609.753
13237,2022-10-29,6258.239,6262.985
13238,2022-10-30,6100.545,6117.405
13239,2022-10-31,6548.3794,6540.742
13240,2022-11-01,6603.168,6571.828
13241,2022-11-02,6614.1255,6617.0713
13242,2022-11-03,6599.8306,6581.3594
13243,2022-11-04,6554.0957,6627.7446
13244,2022-11-05,6227.748,6096.711
13245,2022-11-06,6111.502,5948.134
13246,2022-11-07,6545.994,6454.57
13247,2022-11-08,6602.6895,6529.7163
13248,2022-11-09,6625.5576,6520.0156
13249,2022-11-10,6612.2183,6521.867
13250,2022-11-11,6576.9624,6541.366
13251,2022-11-12,6263.955,6196.548
13252,2022-11-13,6132.4644,6011.5566
13253,2022-11-14,6560.29,6542.3687
13254,2022-11-15,6612.2188,6616.1646
13255,2022-11-16,6623.1777,6667.4526
13256,2022-11-17,6613.6475,6627.141
13257,2022-11-18,6563.145,6704.058
13258,2022-11-19,6246.3267,6219.927
13259,2022-11-20,6129.605,6089.8613
13260,2022-10-23,6090.5933,5907.6646
13261,2022-10-24,6553.6074,6002.525
13262,2022-10-25,6600.2876,6489.485
13263,2022-10-26,6604.0996,6444.6543
13264,2022-10-27,6593.62,6531.5986
13265,2022-10-28,6552.1777,6609.753
13266,2022-10-29,6221.591,6262.985
13267,2022-10-30,6103.455,6117.405
13268,2022-10-31,6558.846,6540.742
13269,2022-11-01,6601.7173,6571.828
13270,2022-11-02,6617.4355,6617.0713
13271,2022-11-03,6619.819,6581.3594
13272,2022-11-04,6569.3257,6627.7446
13273,2022-11-05,6256.8413,6096.711
13274,2022-11-06,6114.4106,5948.134
13275,2022-11-07,6561.225,6454.57
13276,2022-11-08,6611.244,6529.7163
13277,2022-11-09,6627.916,6520.0156
13278,2022-11-10,6636.967,6521.867
13279,2022-11-11,6580.2827,6541.366
13280,2022-11-12,6269.2256,6196.548
13281,2022-11-13,6152.042,6011.5566
13282,2022-11-14,6593.1445,6542.3687
13283,2022-11-15,6642.6836,6616.1646
13284,2022-11-16,6651.734,6667.4526
13285,2022-11-17,6641.254,6627.141
13286,2022-11-18,6589.3325,6704.058
13287,2022-11-19,6259.6973,6219.927
13288,2022-11-20,6147.28,6089.8613
13289,2022-11-21,6588.857,6707.4023
13290,2022-10-24,6473.81,6002.525
13291,2022-10-25,6544.7764,6489.485
13292,2022-10-26,6535.726,6444.6543
13293,2022-10-27,6538.585,6531.5986
13294,2022-10-28,6526.676,6609.753
13295,2022-10-29,6209.939,6262.985
13296,2022-10-30,6082.294,6117.405
13297,2022-10-31,6540.9663,6540.742
13298,2022-11-01,6585.261,6571.828
13299,2022-11-02,6622.8867,6617.0713
13300,2022-11-03,6625.745,6581.3594
13301,2022-11-04,6580.497,6627.7446
13302,2022-11-05,6247.0913,6096.711
13303,2022-11-06,6095.6313,5948.134
13304,2022-11-07,6548.5864,6454.57
13305,2022-11-08,6595.739,6529.7163
13306,2022-11-09,6612.41,6520.0156
13307,2022-11-10,6617.1714,6521.867
13308,2022-11-11,6559.0645,6541.366
13309,2022-11-12,6240.898,6196.548
13310,2022-11-13,6099.915,6011.5566
13311,2022-11-14,6566.686,6542.3687
13312,2022-11-15,6606.2173,6616.1646
13313,2022-11-16,6604.3125,6667.4526
13314,2022-11-17,6601.9316,6627.141
13315,2022-11-18,6536.2056,6704.058
13316,2022-11-19,6204.2256,6219.927
13317,2022-11-20,6096.105,6089.8613
13318,2022-11-21,6554.779,6707.4023
13319,2022-11-22,6586.6904,6892.1484
13320,2022-10-25,6435.871,6489.485
13321,2022-10-26,6494.451,6444.6543
13322,2022-10-27,6536.8394,6531.5986
13323,2022-10-28,6541.601,6609.753
13324,2022-10-29,6348.7104,6262.985
13325,2022-10-30,6097.714,6117.405
13326,2022-10-31,6305.371,6540.742
13327,2022-11-01,6526.8374,6571.828
13328,2022-11-02,6568.7485,6617.0713
13329,2022-11-03,6561.603,6581.3594
13330,2022-11-04,6543.982,6627.7446
13331,2022-11-05,6340.6133,6096.711
13332,2022-11-06,6121.5283,5948.134
13333,2022-11-07,6343.4727,6454.57
13334,2022-11-08,6557.3184,6529.7163
13335,2022-11-09,6577.7983,6520.0156
13336,2022-11-10,6574.4644,6521.867
13337,2022-11-11,6546.3643,6541.366
13338,2022-11-12,6332.994,6196.548
13339,2022-11-13,6122.005,6011.5566
13340,2022-11-14,6361.095,6542.3687
13341,2022-11-15,6563.9863,6616.1646
13342,2022-11-16,6592.563,6667.4526
13343,2022-11-17,6608.28,6627.141
13344,2022-11-18,6578.2744,6704.058
13345,2022-11-19,6365.3813,6219.927
13346,2022-11-20,6168.6807,6089.8613
13347,2022-11-21,6418.246,6707.4023
13348,2022-11-22,6607.326,6892.1484
13349,2022-11-23,6626.853,6729.9565
13350,2022-10-26,6566.0537,6444.6543
13351,2022-10-27,6577.0083,6531.5986
13352,2022-10-28,6557.959,6609.753
13353,2022-10-29,6351.743,6262.985
13354,2022-10-30,6104.094,6117.405
13355,2022-10-31,6350.791,6540.742
13356,2022-11-01,6580.342,6571.828
13357,2022-11-02,6597.487,6617.0713
13358,2022-11-03,6599.8677,6581.3594
13359,2022-11-04,6590.3433,6627.7446
13360,2022-11-05,6371.7456,6096.711
13361,2022-11-06,6174.103,5948.134
13362,2022-11-07,6395.081,6454.57
13363,2022-11-08,6595.1055,6529.7163
13364,2022-11-09,6610.8213,6520.0156
13365,2022-11-10,6621.7754,6521.867
13366,2022-11-11,6589.3906,6541.366
13367,2022-11-12,6387.462,6196.548
13368,2022-11-13,6172.1973,6011.5566
13369,2022-11-14,6376.0317,6542.3687
13370,2022-11-15,6609.8687,6616.1646
13371,2022-11-16,6618.918,6667.4526
13372,2022-11-17,6614.156,6627.141
13373,2022-11-18,6584.629,6704.058
13374,2022-11-19,6368.412,6219.927
13375,2022-11-20,6163.6255,6089.8613
13376,2022-11-21,6386.985,6707.4023
13377,2022-11-22,6600.821,6892.1484
13378,2022-11-23,6620.823,6729.9565
13379,2022-11-24,6624.1567,6800.706
13380,2022-10-27,6474.162,6531.5986
13381,2022-10-28,6480.3535,6609.753
13382,2022-10-29,6334.156,6262.985
13383,2022-10-30,6102.2344,6117.405
13384,2022-10-31,6254.148,6540.742
13385,2022-11-01,6522.259,6571.828
13386,2022-11-02,6560.357,6617.0713
13387,2022-11-03,6576.073,6581.3594
13388,2022-11-04,6557.024,6627.7446
13389,2022-11-05,6397.4927,6096.711
13390,2022-11-06,6165.0957,5948.134
13391,2022-11-07,6299.866,6454.57
13392,2022-11-08,6571.311,6529.7163
13393,2022-11-09,6592.264,6520.0156
13394,2022-11-10,6583.6904,6521.867
13395,2022-11-11,6561.3096,6541.366
13396,2022-11-12,6409.397,6196.548
13397,2022-11-13,6177.477,6011.5566
13398,2022-11-14,6304.1514,6542.3687
13399,2022-11-15,6562.7393,6616.1646
13400,2022-11-16,6577.0244,6667.4526
13401,2022-11-17,6569.882,6627.141
13402,2022-11-18,6542.7383,6704.058
13403,2022-11-19,6399.8706,6219.927
13404,2022-11-20,6185.573,6089.8613
13405,2022-11-21,6322.7217,6707.4023
13406,2022-11-22,6575.5967,6892.1484
13407,2022-11-23,6584.643,6729.9565
13408,2022-11-24,6587.9775,6800.706
13409,2022-11-25,6554.642,6701.8877
13410,2022-10-28,6546.2573,6609.753
13411,2022-10-29,6461.969,6262.985
13412,2022-10-30,6173.3965,6117.405
13413,2022-10-31,6139.111,6540.742
13414,2022-11-01,6543.875,6571.828
13415,2022-11-02,6573.8765,6617.0713
13416,2022-11-03,6578.1646,6581.3594
13417,2022-11-04,6575.7817,6627.7446
13418,2022-11-05,6507.686,6096.711
13419,2022-11-06,6224.3486,5948.134
13420,2022-11-07,6169.1133,6454.57
13421,2022-11-08,6560.0674,6529.7163
13422,2022-11-09,6587.686,6520.0156
13423,2022-11-10,6598.161,6521.867
13424,2022-11-11,6577.686,6541.366
13425,2022-11-12,6515.781,6196.548
13426,2022-11-13,6240.061,6011.5566
13427,2022-11-14,6176.255,6542.3687
13428,2022-11-15,6551.0186,6616.1646
13429,2022-11-16,6601.02,6667.4526
13430,2022-11-17,6600.5444,6627.141
13431,2022-11-18,6578.638,6704.058
13432,2022-11-19,6493.8745,6219.927
13433,2022-11-20,6233.875,6089.8613
13434,2022-11-21,6191.969,6707.4023
13435,2022-11-22,6571.97,6892.1484
13436,2022-11-23,6611.02,6729.9565
13437,2022-11-24,6619.591,6800.706
13438,2022-11-25,6607.21,6701.8877
13439,2022-11-26,6512.4463,6441.3516
13440,2022-10-29,6450.2563,6262.985
13441,2022-10-30,6145.9805,6117.405
13442,2022-10-31,6240.2627,6540.742
13443,2022-11-01,6564.062,6571.828
13444,2022-11-02,6590.7275,6617.0713
13445,2022-11-03,6611.205,6581.3594
13446,2022-11-04,6605.4893,6627.7446
13447,2022-11-05,6458.828,6096.711
13448,2022-11-06,6185.9785,5948.134
13449,2022-11-07,6269.786,6454.57
13450,2022-11-08,6572.1567,6529.7163
13451,2022-11-09,6611.679,6520.0156
13452,2022-11-10,6624.0596,6521.867
13453,2022-11-11,6605.9683,6541.366
13454,2022-11-12,6455.0195,6196.548
13455,2022-11-13,6188.36,6011.5566
13456,2022-11-14,6277.8774,6542.3687
13457,2022-11-15,6577.397,6616.1646
13458,2022-11-16,6610.728,6667.4526
13459,2022-11-17,6624.5376,6627.141
13460,2022-11-18,6601.68,6704.058
13461,2022-11-19,6454.542,6219.927
13462,2022-11-20,6185.502,6089.8613
13463,2022-11-21,6266.451,6707.4023
13464,2022-11-22,6575.9683,6892.1484
13465,2022-11-23,6605.4907,6729.9565
13466,2022-11-24,6599.3,6800.706
13467,2022-11-25,6579.777,6701.8877
13468,2022-11-26,6425.497,6441.3516
13469,2022-11-27,6172.647,6125.7915
13470,2022-10-30,6024.9893,6117.405
13471,2022-10-31,6502.5127,6540.742
13472,2022-11-01,6552.9805,6571.828
13473,2022-11-02,6559.6445,6617.0713
13474,2022-11-03,6572.498,6581.3594
13475,2022-11-04,6531.5566,6627.7446
13476,2022-11-05,6215.9033,6096.711
13477,2022-11-06,6062.5986,5948.134
13478,2022-11-07,6528.221,6454.57
13479,2022-11-08,6589.639,6529.7163
13480,2022-11-09,6598.209,6520.0156
13481,2022-11-10,6603.9204,6521.867
13482,2022-11-11,6556.786,6541.366
13483,2022-11-12,6240.1826,6196.548
13484,2022-11-13,6091.166,6011.5566
13485,2022-11-14,6528.6973,6542.3687
13486,2022-11-15,6578.2124,6616.1646
13487,2022-11-16,6594.8745,6667.4526
13488,2022-11-17,6596.781,6627.141
13489,2022-11-18,6543.9336,6704.058
13490,2022-11-19,6227.8037,6219.927
13491,2022-11-20,6096.878,6089.8613
13492,2022-11-21,6524.889,6707.4023
13493,2022-11-22,6587.2573,6892.1484
13494,2022-11-23,6596.3037,6729.9565
13495,2022-11-24,6595.828,6800.706
13496,2022-11-25,6533.459,6701.8877
13497,2022-11-26,6236.851,6441.3516
13498,2022-11-27,6120.208,6125.7915
13499,2022-11-28,6567.2607,6594.6416
13500,2022-10-31,6444.8057,6540.742
13501,2022-11-01,6550.0137,6571.828
13502,2022-11-02,6564.7715,6617.0713
13503,2022-11-03,6569.5327,6581.3594
13504,2022-11-04,6536.6836,6627.7446
13505,2022-11-05,6250.1,6096.711
13506,2022-11-06,6089.6694,5948.134
13507,2022-11-07,6486.695,6454.57
13508,2022-11-08,6591.905,6529.7163
13509,2022-11-09,6594.761,6520.0156
13510,2022-11-10,6611.899,6521.867
13511,2022-11-11,6557.6323,6541.366
13512,2022-11-12,6268.1895,6196.548
13513,2022-11-13,6112.9976,6011.5566
13514,2022-11-14,6491.9336,6542.3687
13515,2022-11-15,6586.669,6616.1646
13516,2022-11-16,6589.5264,6667.4526
13517,2022-11-17,6588.575,6627.141
13518,2022-11-18,6528.5913,6704.058
13519,2022-11-19,6233.4375,6219.927
13520,2022-11-20,6104.904,6089.8613
13521,2022-11-21,6488.601,6707.4023
13522,2022-11-22,6558.58,6892.1484
13523,2022-11-23,6564.2925,6729.9565
13524,2022-11-24,6560.9614,6800.706
13525,2022-11-25,6517.6406,6701.8877
13526,2022-11-26,6233.438,6441.3516
13527,2022-11-27,6111.5684,6125.7915
13528,2022-11-28,6485.2715,6594.6416
13529,2022-11-29,6565.2456,6595.9434
13530,2022-11-01,6596.811,6571.828
13531,2022-11-02,6590.1475,6617.0713
13532,2022-11-03,6594.909,6581.3594
13533,2022-11-04,6570.1514,6627.7446
13534,2022-11-05,6250.2144,6096.711
13535,2022-11-06,6090.2476,5948.134
13536,2022-11-07,6535.3955,6454.57
13537,2022-11-08,6602.525,6529.7163
13538,2022-11-09,6605.857,6520.0156
13539,2022-11-10,6603.0024,6521.867
13540,2022-11-11,6572.5317,6541.366
13541,2022-11-12,6266.4023,6196.548
13542,2022-11-13,6122.619,6011.5566
13543,2022-11-14,6550.155,6542.3687
13544,2022-11-15,6582.0537,6616.1646
13545,2022-11-16,6610.619,6667.4526
13546,2022-11-17,6603.003,6627.141
13547,2022-11-18,6563.009,6704.058
13548,2022-11-19,6262.595,6219.927
13549,2022-11-20,6128.3364,6089.8613
13550,2022-11-21,6537.3,6707.4023
13551,2022-11-22,6595.86,6892.1484
13552,2022-11-23,6608.239,6729.9565
13553,2022-11-24,6602.527,6800.706
13554,2022-11-25,6542.061,6701.8877
13555,2022-11-26,6239.7417,6441.3516
13556,2022-11-27,6141.1914,6125.7915
13557,2022-11-28,6551.585,6594.6416
13558,2022-11-29,6607.287,6595.9434
13559,2022-11-30,6617.284,6582.043
13560,2022-11-02,6564.1265,6617.0713
13561,2022-11-03,6567.458,6581.3594
13562,2022-11-04,6551.7476,6627.7446
13563,2022-11-05,6228.491,6096.711
13564,2022-11-06,6095.1904,5948.134
13565,2022-11-07,6518.895,6454.57
13566,2022-11-08,6569.837,6529.7163
13567,2022-11-09,6594.594,6520.0156
13568,2022-11-10,6598.878,6521.867
13569,2022-11-11,6557.4614,6541.366
13570,2022-11-12,6254.677,6196.548
13571,2022-11-13,6095.6655,6011.5566
13572,2022-11-14,6512.234,6542.3687
13573,2022-11-15,6571.265,6616.1646
13574,2022-11-16,6582.6924,6667.4526
13575,2022-11-17,6569.8374,6627.141
13576,2022-11-18,6518.4214,6704.058
13577,2022-11-19,6212.3037,6219.927
13578,2022-11-20,6104.712,6089.8613
13579,2022-11-21,6512.2324,6707.4023
13580,2022-11-22,6561.744,6892.1484
13581,2022-11-23,6568.8843,6729.9565
13582,2022-11-24,6577.931,6800.706
13583,2022-11-25,6527.944,6701.8877
13584,2022-11-26,6226.111,6441.3516
13585,2022-11-27,6121.3735,6125.7915
13586,2022-11-28,6523.6587,6594.6416
13587,2022-11-29,6576.5015,6595.9434
13588,2022-11-30,6581.739,6582.043
13589,2022-12-01,6585.5493,6516.2476
13590,2022-11-03,6605.926,6581.3594
13591,2022-11-04,6585.93,6627.7446
13592,2022-11-05,6288.864,6096.711
13593,2022-11-06,6109.8623,5948.134
13594,2022-11-07,6527.3726,6454.57
13595,2022-11-08,6587.3574,6529.7163
13596,2022-11-09,6610.209,6520.0156
13597,2022-11-10,6596.404,6521.867
13598,2022-11-11,6565.4614,6541.366
13599,2022-11-12,6276.9624,6196.548
13600,2022-11-13,6127.4775,6011.5566
13601,2022-11-14,6534.0396,6542.3687
13602,2022-11-15,6606.4023,6616.1646
13603,2022-11-16,6620.681,6667.4526
13604,2022-11-17,6614.0186,6627.141
13605,2022-11-18,6536.419,6704.058
13606,2022-11-19,6231.736,6219.927
13607,2022-11-20,6117.48,6089.8613
13608,2022-11-21,6537.3706,6707.4023
13609,2022-11-22,6592.595,6892.1484
13610,2022-11-23,6601.6406,6729.9565
13611,2022-11-24,6596.404,6800.706
13612,2022-11-25,6540.228,6701.8877
13613,2022-11-26,6234.5933,6441.3516
13614,2022-11-27,6134.618,6125.7915
13615,2022-11-28,6529.753,6594.6416
13616,2022-11-29,6602.115,6595.9434
13617,2022-11-30,6618.7773,6582.043
13618,2022-12-01,6613.542,6516.2476
13619,2022-12-02,6545.465,6423.5996
13620,2022-11-04,6549.037,6627.7446
13621,2022-11-05,6215.8013,6096.711
13622,2022-11-06,6072.9863,5948.134
13623,2022-11-07,6487.629,6454.57
13624,2022-11-08,6546.6562,6529.7163
13625,2022-11-09,6581.884,6520.0156
13626,2022-11-10,6587.596,6521.867
13627,2022-11-11,6525.7104,6541.366
13628,2022-11-12,6234.3667,6196.548
13629,2022-11-13,6094.409,6011.5566
13630,2022-11-14,6507.1436,6542.3687
13631,2022-11-15,6574.2656,6616.1646
13632,2022-11-16,6586.1694,6667.4526
13633,2022-11-17,6571.886,6627.141
13634,2022-11-18,6535.707,6704.058
13635,2022-11-19,6229.13,6219.927
13636,2022-11-20,6090.601,6089.8613
13637,2022-11-21,6509.0483,6707.4023
13638,2022-11-22,6566.1733,6892.1484
13639,2022-11-23,6584.7427,6729.9565
13640,2022-11-24,6593.7856,6800.706
13641,2022-11-25,6554.7485,6701.8877
13642,2022-11-26,6252.456,6441.3516
13643,2022-11-27,6115.8306,6125.7915
13644,2022-11-28,6523.805,6594.6416
13645,2022-11-29,6591.8833,6595.9434
13646,2022-11-30,6606.163,6582.043
13647,2022-12-01,6615.6836,6516.2476
13648,2022-12-02,6549.0386,6423.5996
13649,2022-12-03,6249.6,6112.821
13650,2022-11-05,6267.6475,6096.711
13651,2022-11-06,6101.985,5948.134
13652,2022-11-07,6508.053,6454.57
13653,2022-11-08,6578.51,6529.7163
13654,2022-11-09,6611.355,6520.0156
13655,2022-11-10,6612.786,6521.867
13656,2022-11-11,6572.7954,6541.366
13657,2022-11-12,6268.6,6196.548
13658,2022-11-13,6104.8413,6011.5566
13659,2022-11-14,6514.243,6542.3687
13660,2022-11-15,6588.5063,6616.1646
13661,2022-11-16,6602.788,6667.4526
13662,2022-11-17,6600.408,6627.141
13663,2022-11-18,6549.471,6704.058
13664,2022-11-19,6248.13,6219.927
13665,2022-11-20,7016.4736,6089.8613
13666,2022-11-21,6520.431,6707.4023
13667,2022-11-22,6578.986,6892.1484
13668,2022-11-23,6597.0757,6729.9565
13669,2022-11-24,6608.0244,6800.706
13670,2022-11-25,6559.467,6701.8877
13671,2022-11-26,6248.6064,6441.3516
13672,2022-11-27,6108.1733,6125.7915
13673,2022-11-28,6515.6714,6594.6416
13674,2022-11-29,6578.5093,6595.9434
13675,2022-11-30,6583.27,6582.043
13676,2022-12-01,6586.1265,6516.2476
13677,2022-12-02,6555.659,6423.5996
13678,2022-12-03,6224.8057,6112.821
13679,2022-12-04,6109.1265,6017.0815
13680,2022-11-06,6020.6265,5948.134
13681,2022-11-07,6500.8843,6454.57
13682,2022-11-08,6549.9087,6529.7163
13683,2022-11-09,6565.142,6520.0156
13684,2022-11-10,6565.6187,6521.867
13685,2022-11-11,6520.4004,6541.366
13686,2022-11-12,6179.1245,6196.548
13687,2022-11-13,6072.5073,6011.5566
13688,2022-11-14,6527.0625,6542.3687
13689,2022-11-15,6562.286,6616.1646
13690,2022-11-16,6578.9463,6667.4526
13691,2022-11-17,6579.4214,6627.141
13692,2022-11-18,6544.6733,6704.058
13693,2022-11-19,6190.0723,6219.927
13694,2022-11-20,6093.45,6089.8613
13695,2022-11-21,6559.429,6707.4023
13696,2022-11-22,6585.132,6892.1484
13697,2022-11-23,6578.4707,6729.9565
13698,2022-11-24,6569.425,6800.706
13699,2022-11-25,6517.544,6701.8877
13700,2022-11-26,6183.408,6441.3516
13701,2022-11-27,6092.024,6125.7915
13702,2022-11-28,6539.4395,6594.6416
13703,2022-11-29,6569.9023,6595.9434
13704,2022-11-30,6559.9077,6582.043
13705,2022-12-01,6565.6187,6516.2476
13706,2022-12-02,6537.534,6423.5996
13707,2022-12-03,6202.9243,6112.821
13708,2022-12-04,6112.4893,6017.0815
13709,2022-12-05,6570.3774,6495.0215
13710,2022-11-07,6437.6694,6454.57
13711,2022-11-08,6514.291,6529.7163
13712,2022-11-09,6543.323,6520.0156
13713,2022-11-10,6539.517,6521.867
13714,2022-11-11,6491.9224,6541.366
13715,2022-11-12,6159.7363,6196.548
13716,2022-11-13,6055.9883,6011.5566
13717,2022-11-14,6497.635,6542.3687
13718,2022-11-15,6542.371,6616.1646
13719,2022-11-16,6547.6045,6667.4526
13720,2022-11-17,6560.4546,6627.141
13721,2022-11-18,6509.056,6704.058
13722,2022-11-19,6159.2607,6219.927
13723,2022-11-20,6090.7295,6089.8613
13724,2022-11-21,6505.7236,6707.4023
13725,2022-11-22,6539.99,6892.1484
13726,2022-11-23,6539.5137,6729.9565
13727,2022-11-24,6538.0864,6800.706
13728,2022-11-25,6480.027,6701.8877
13729,2022-11-26,6157.8325,6441.3516
13730,2022-11-27,6092.158,6125.7915
13731,2022-11-28,6498.111,6594.6416
13732,2022-11-29,6538.5625,6595.9434
13733,2022-11-30,6541.4175,6582.043
13734,2022-12-01,6546.6533,6516.2476
13735,2022-12-02,6485.26,6423.5996
13736,2022-12-03,6167.352,6112.821
13737,2022-12-04,6095.965,6017.0815
13738,2022-12-05,6488.1157,6495.0215
13739,2022-12-06,6531.425,6500.2812
13740,2022-11-08,6578.1567,6529.7163
13741,2022-11-09,6587.2,6520.0156
13742,2022-11-10,6574.351,6521.867
13743,2022-11-11,6550.0767,6541.366
13744,2022-11-12,6194.5425,6196.548
13745,2022-11-13,6055.0874,6011.5566
13746,2022-11-14,6507.7173,6542.3687
13747,2022-11-15,6541.034,6616.1646
13748,2022-11-16,6569.591,6667.4526
13749,2022-11-17,6563.879,6627.141
13750,2022-11-18,6545.3184,6704.058
13751,2022-11-19,6223.0996,6219.927
13752,2022-11-20,6083.645,6089.8613
13753,2022-11-21,6518.665,6707.4023
13754,2022-11-22,6551.98,6892.1484
13755,2022-11-23,6562.9277,6729.9565
13756,2022-11-24,6567.212,6800.706
13757,2022-11-25,6530.0874,6701.8877
13758,2022-11-26,6190.2563,6441.3516
13759,2022-11-27,6055.088,6125.7915
13760,2022-11-28,6478.6846,6594.6416
13761,2022-11-29,6529.6113,6595.9434
13762,2022-11-30,6549.601,6582.043
13763,2022-12-01,6553.4087,6516.2476
13764,2022-12-02,6506.288,6423.5996
13765,2022-12-03,6202.1567,6112.821
13766,2022-12-04,6087.453,6017.0815
13767,2022-12-05,6506.7656,6495.0215
13768,2022-12-06,6561.023,6500.2812
13769,2022-12-07,6566.7344,6567.2314
13770,2022-11-09,6569.3286,6520.0156
13771,2022-11-10,6578.373,6521.867
13772,2022-11-11,6512.2173,6541.366
13773,2022-11-12,6182.393,6196.548
13774,2022-11-13,6056.2705,6011.5566
13775,2022-11-14,6517.4536,6542.3687
13776,2022-11-15,6546.0093,6616.1646
13777,2022-11-16,6573.6133,6667.4526
13778,2022-11-17,6579.8,6627.141
13779,2022-11-18,6545.5327,6704.058
13780,2022-11-19,6178.5864,6219.927
13781,2022-11-20,6131.469,6089.8613
13782,2022-11-21,6536.013,6707.4023
13783,2022-11-22,6561.2373,6892.1484
13784,2022-11-23,6563.142,6729.9565
13785,2022-11-24,6578.372,6800.706
13786,2022-11-25,6530.302,6701.8877
13787,2022-11-26,6185.2495,6441.3516
13788,2022-11-27,6085.302,6125.7915
13789,2022-11-28,6545.0566,6594.6416
13790,2022-11-29,6567.9014,6595.9434
13791,2022-11-30,6589.7944,6582.043
13792,2022-12-01,6587.892,6516.2476
13793,2022-12-02,6563.619,6423.5996
13794,2022-12-03,6197.1475,6112.821
13795,2022-12-04,6096.25,6017.0815
13796,2022-12-05,6548.388,6495.0215
13797,2022-12-06,6585.036,6500.2812
13798,2022-12-07,6595.507,6567.2314
13799,2022-12-08,6595.9824,6547.2847
13800,2022-11-10,6542.498,6521.867
13801,2022-11-11,6531.0776,6541.366
13802,2022-11-12,6207.9277,6196.548
13803,2022-11-13,6058.014,6011.5566
13804,2022-11-14,6523.4624,6542.3687
13805,2022-11-15,6548.212,6616.1646
13806,2022-11-16,6562.963,6667.4526
13807,2022-11-17,6568.2,6627.141
13808,2022-11-18,6555.3506,6704.058
13809,2022-11-19,6217.446,6219.927
13810,2022-11-20,6076.0986,6089.8613
13811,2022-11-21,6528.6963,6707.4023
13812,2022-11-22,6564.8687,6892.1484
13813,2022-11-23,6580.0977,6729.9565
13814,2022-11-24,6573.4346,6800.706
13815,2022-11-25,6523.939,6701.8877
13816,2022-11-26,6195.5557,6441.3516
13817,2022-11-27,6080.859,6125.7915
13818,2022-11-28,6504.4263,6594.6416
13819,2022-11-29,6551.541,6595.9434
13820,2022-11-30,6574.3857,6582.043
13821,2022-12-01,6572.0063,6516.2476
13822,2022-12-02,6523.939,6423.5996
13823,2022-12-03,6225.062,6112.821
13824,2022-12-04,6117.0293,6017.0815
13825,2022-12-05,6529.6494,6495.0215
13826,2022-12-06,6557.7285,6500.2812
13827,2022-12-07,6586.283,6567.2314
13828,2022-12-08,6592.471,6547.2847
13829,2022-12-09,6520.129,6409.413
13830,2022-11-11,6513.45,6541.366
13831,2022-11-12,6193.154,6196.548
13832,2022-11-13,6046.5693,6011.5566
13833,2022-11-14,6500.5996,6542.3687
13834,2022-11-15,6558.1875,6616.1646
13835,2022-11-16,6573.416,6667.4526
13836,2022-11-17,6564.8506,6627.141
13837,2022-11-18,6513.9243,6704.058
13838,2022-11-19,6173.642,6219.927
13839,2022-11-20,6038.9556,6089.8613
13840,2022-11-21,6498.2227,6707.4023
13841,2022-11-22,6541.0537,6892.1484
13842,2022-11-23,6560.0894,6729.9565
13843,2022-11-24,6565.325,6800.706
13844,2022-11-25,6538.6733,6701.8877
13845,2022-11-26,6222.185,6441.3516
13846,2022-11-27,6082.74,6125.7915
13847,2022-11-28,6534.3906,6594.6416
13848,2022-11-29,6574.3677,6595.9434
13849,2022-11-30,6589.594,6582.043
13850,2022-12-01,6597.2104,6516.2476
13851,2022-12-02,6566.753,6423.5996
13852,2022-12-03,6231.7056,6112.821
13853,2022-12-04,6103.681,6017.0815
13854,2022-12-05,6532.4873,6495.0215
13855,2022-12-06,6579.1265,6500.2812
13856,2022-12-07,6581.5044,6567.2314
13857,2022-12-08,6584.8364,6547.2847
13858,2022-12-09,6542.48,6409.413
13859,2022-12-10,6210.763,6079.926
13860,2022-11-12,6167.7705,6196.548
13861,2022-11-13,6044.983,6011.5566
13862,2022-11-14,6486.1475,6542.3687
13863,2022-11-15,6536.1206,6616.1646
13864,2022-11-16,6555.155,6667.4526
13865,2022-11-17,6556.1074,6627.141
13866,2022-11-18,6525.6514,6704.058
13867,2022-11-19,6180.619,6219.927
13868,2022-11-20,6049.2676,6089.8613
13869,2022-11-21,6495.6655,6707.4023
13870,2022-11-22,6539.927,6892.1484
13871,2022-11-23,6551.825,6729.9565
13872,2022-11-24,6542.306,6800.706
13873,2022-11-25,6489.006,6701.8877
13874,2022-11-26,6155.872,6441.3516
13875,2022-11-27,6059.739,6125.7915
13876,2022-11-28,6511.3726,6594.6416
13877,2022-11-29,6544.6875,6595.9434
13878,2022-11-30,6559.4404,6582.043
13879,2022-12-01,6558.0127,6516.2476
13880,2022-12-02,6529.9346,6423.5996
13881,2022-12-03,6200.13,6112.821
13882,2022-12-04,6083.5337,6017.0815
13883,2022-12-05,6504.7104,6495.0215
13884,2022-12-06,6551.8257,6500.2812
13885,2022-12-07,6549.9224,6567.2314
13886,2022-12-08,6545.163,6547.2847
13887,2022-12-09,6494.2393,6409.413
13888,2022-12-10,6185.8555,6079.926
13889,2022-12-11,6070.207,5893.915
13890,2022-11-13,5981.7417,6011.5566
13891,2022-11-14,6476.6514,6542.3687
13892,2022-11-15,6518.051,6616.1646
13893,2022-11-16,6522.81,6667.4526
13894,2022-11-17,6508.5337,6627.141
13895,2022-11-18,6484.7407,6704.058
13896,2022-11-19,6134.9727,6219.927
13897,2022-11-20,6026.9473,6089.8613
13898,2022-11-21,6516.6235,6707.4023
13899,2022-11-22,6546.1274,6892.1484
13900,2022-11-23,6565.6387,6729.9565
13901,2022-11-24,6558.975,6800.706
13902,2022-11-25,6528.5195,6701.8877
13903,2022-11-26,6183.9863,6441.3516
13904,2022-11-27,6070.2544,6125.7915
13905,2022-11-28,6526.6177,6594.6416
13906,2022-11-29,6567.065,6595.9434
13907,2022-11-30,6578.486,6582.043
13908,2022-12-01,6574.6807,6516.2476
13909,2022-12-02,6553.267,6423.5996
13910,2022-12-03,6216.823,6112.821
13911,2022-12-04,6085.957,6017.0815
13912,2022-12-05,6542.7954,6495.0215
13913,2022-12-06,6572.3,6500.2812
13914,2022-12-07,6581.341,6567.2314
13915,2022-12-08,6579.911,6547.2847
13916,2022-12-09,6550.412,6409.413
13917,2022-12-10,6208.7324,6079.926
13918,2022-12-11,6094.524,5893.915
13919,2022-12-12,6536.1357,6329.459
13920,2022-11-14,6446.9067,6542.3687
13921,2022-11-15,6518.286,6616.1646
13922,2022-11-16,6526.852,6667.4526
13923,2022-11-17,6508.77,6627.141
13924,2022-11-18,6466.895,6704.058
13925,2022-11-19,6142.8354,6219.927
13926,2022-11-20,6021.4907,6089.8613
13927,2022-11-21,6497.8257,6707.4023
13928,2022-11-22,6529.706,6892.1484
13929,2022-11-23,6538.275,6729.9565
13930,2022-11-24,6546.838,6800.706
13931,2022-11-25,6495.446,6701.8877
13932,2022-11-26,6165.1987,6441.3516
13933,2022-11-27,6067.1724,6125.7915
13934,2022-11-28,6524.9487,6594.6416
13935,2022-11-29,6543.5073,6595.9434
13936,2022-11-30,6553.975,6582.043
13937,2022-12-01,6563.491,6516.2476
13938,2022-12-02,6507.8174,6423.5996
13939,2022-12-03,6177.0967,6112.821
13940,2022-12-04,6078.5933,6017.0815
13941,2022-12-05,6516.858,6495.0215
13942,2022-12-06,6553.5005,6500.2812
13943,2022-12-07,6555.4043,6567.2314
13944,2022-12-08,6555.8774,6547.2847
13945,2022-12-09,6509.719,6409.413
13946,2022-12-10,6189.945,6079.926
13947,2022-12-11,6092.393,5893.915
13948,2022-12-12,6517.8105,6329.459
13949,2022-12-13,6543.983,6369.502
13950,2022-11-15,6574.658,6616.1646
13951,2022-11-16,6572.755,6667.4526
13952,2022-11-17,6567.044,6627.141
13953,2022-11-18,6545.625,6704.058
13954,2022-11-19,6192.9546,6219.927
13955,2022-11-20,6053.5044,6089.8613
13956,2022-11-21,6531.3477,6707.4023
13957,2022-11-22,6579.893,6892.1484
13958,2022-11-23,6579.8945,6729.9565
13959,2022-11-24,6593.6943,6800.706
13960,2022-11-25,6568.4717,6701.8877
13961,2022-11-26,6233.4087,6441.3516
13962,2022-11-27,6088.246,6125.7915
13963,2022-11-28,6534.203,6594.6416
13964,2022-11-29,6577.9907,6595.9434
13965,2022-11-30,6581.3213,6582.043
13966,2022-12-01,6590.365,6516.2476
13967,2022-12-02,6551.3364,6423.5996
13968,2022-12-03,6219.6055,6112.821
13969,2022-12-04,6061.119,6017.0815
13970,2022-12-05,6500.886,6495.0215
13971,2022-12-06,6544.674,6500.2812
13972,2022-12-07,6567.993,6567.2314
13973,2022-12-08,6576.0854,6547.2847
13974,2022-12-09,6547.0527,6409.413
13975,2022-12-10,6203.8994,6079.926
13976,2022-12-11,6083.963,5893.915
13977,2022-12-12,6510.406,6329.459
13978,2022-12-13,6567.043,6369.502
13979,2022-12-14,6562.7583,6324.4077
13980,2022-11-16,6605.819,6667.4526
13981,2022-11-17,6589.1587,6627.141
13982,2022-11-18,6542.516,6704.058
13983,2022-11-19,6222.672,6219.927
13984,2022-11-20,6086.5464,6089.8613
13985,2022-11-21,6532.0454,6707.4023
13986,2022-11-22,6577.736,6892.1484
13987,2022-11-23,6571.551,6729.9565
13988,2022-11-24,6579.6406,6800.706
13989,2022-11-25,6558.223,6701.8877
13990,2022-11-26,6257.893,6441.3516
13991,2022-11-27,6108.915,6125.7915
13992,2022-11-28,6539.6587,6594.6416
13993,2022-11-29,6587.7305,6595.9434
13994,2022-11-30,6591.5386,6582.043
13995,2022-12-01,6599.1523,6516.2476
13996,2022-12-02,6561.555,6423.5996
13997,2022-12-03,6244.09,6112.821
13998,2022-12-04,6103.68,6017.0815
13999,2022-12-05,6525.3813,6495.0215
14000,2022-12-06,6578.69,6500.2812
14001,2022-12-07,6595.823,6567.2314
14002,2022-12-08,6575.357,6547.2847
14003,2022-12-09,6531.57,6409.413
14004,2022-12-10,6211.7246,6079.926
14005,2022-12-11,6097.494,5893.915
14006,2022-12-12,6531.092,6329.459
14007,2022-12-13,6564.8833,6369.502
14008,2022-12-14,6572.5005,6324.4077
14009,2022-12-15,6568.6924,6311.111
14010,2022-11-17,6625.041,6627.141
14011,2022-11-18,6600.291,6704.058
14012,2022-11-19,6246.6426,6219.927
14013,2022-11-20,6072.44,6089.8613
14014,2022-11-21,6547.935,6707.4023
14015,2022-11-22,6597.437,6892.1484
14016,2022-11-23,6594.1035,6729.9565
14017,2022-11-24,6588.392,6800.706
14018,2022-11-25,6566.0195,6701.8877
14019,2022-11-26,6226.6514,6441.3516
14020,2022-11-27,6090.0493,6125.7915
14021,2022-11-28,6552.217,6594.6416
14022,2022-11-29,6599.339,6595.9434
14023,2022-11-30,6612.189,6582.043
14024,2022-12-01,6596.482,6516.2476
14025,2022-12-02,6552.2163,6423.5996
14026,2022-12-03,6214.754,6112.821
14027,2022-12-04,6103.8525,6017.0815
14028,2022-12-05,6530.3223,6495.0215
14029,2022-12-06,6571.255,6500.2812
14030,2022-12-07,6580.7764,6567.2314
14031,2022-12-08,6556.024,6547.2847
14032,2022-12-09,6499.8613,6409.413
14033,2022-12-10,6201.902,6079.926
14034,2022-12-11,6120.036,5893.915
14035,2022-12-12,6541.27,6329.459
14036,2022-12-13,6581.727,6369.502
14037,2022-12-14,6574.112,6324.4077
14038,2022-12-15,6582.68,6311.111
14039,2022-12-16,6534.13,6344.681
14040,2022-11-18,6577.549,6704.058
14041,2022-11-19,6230.561,6219.927
14042,2022-11-20,6053.9756,6089.8613
14043,2022-11-21,6508.056,6707.4023
14044,2022-11-22,6567.078,6892.1484
14045,2022-11-23,6580.4062,6729.9565
14046,2022-11-24,6575.1694,6800.706
14047,2022-11-25,6542.803,6701.8877
14048,2022-11-26,6248.65,6441.3516
14049,2022-11-27,6087.7695,6125.7915
14050,2022-11-28,6515.1973,6594.6416
14051,2022-11-29,6559.4624,6595.9434
14052,2022-11-30,6573.74,6582.043
14053,2022-12-01,6558.5093,6516.2476
14054,2022-12-02,6524.715,6423.5996
14055,2022-12-03,6209.6187,6112.821
14056,2022-12-04,6072.061,6017.0815
14057,2022-12-05,6505.2,6495.0215
14058,2022-12-06,6554.228,6500.2812
14059,2022-12-07,6587.5454,6567.2314
14060,2022-12-08,6576.1206,6547.2847
14061,2022-12-09,6544.23,6409.413
14062,2022-12-10,6219.1377,6079.926
14063,2022-12-11,6086.8154,5893.915
14064,2022-12-12,6505.201,6329.459
14065,2022-12-13,6558.5083,6369.502
14066,2022-12-14,6557.5586,6324.4077
14067,2022-12-15,6546.61,6311.111
14068,2022-12-16,6508.5327,6344.681
14069,2022-12-17,6218.66,6104.9385
14070,2022-11-19,6295.8057,6219.927
14071,2022-11-20,6108.7476,6089.8613
14072,2022-11-21,6521.8994,6707.4023
14073,2022-11-22,6578.0645,6892.1484
14074,2022-11-23,6606.6245,6729.9565
14075,2022-11-24,6605.195,6800.706
14076,2022-11-25,6582.3467,6701.8877
14077,2022-11-26,6247.7324,6441.3516
14078,2022-11-27,6087.8037,6125.7915
14079,2022-11-28,6515.71,6594.6416
14080,2022-11-29,6566.1636,6595.9434
14081,2022-11-30,6580.444,6582.043
14082,2022-12-01,6586.6333,6516.2476
14083,2022-12-02,6553.314,6423.5996
14084,2022-12-03,6213.463,6112.821
14085,2022-12-04,6077.332,6017.0815
14086,2022-12-05,6504.286,6495.0215
14087,2022-12-06,6541.891,6500.2812
14088,2022-12-07,6563.786,6567.2314
14089,2022-12-08,6570.9243,6547.2847
14090,2022-12-09,6547.6,6409.413
14091,2022-12-10,6223.4575,6079.926
14092,2022-12-11,6090.183,5893.915
14093,2022-12-12,6516.6626,6329.459
14094,2022-12-13,6571.4004,6369.502
14095,2022-12-14,6574.733,6324.4077
14096,2022-12-15,6597.1045,6311.111
14097,2022-12-16,6554.2656,6344.681
14098,2022-12-17,6212.987,6104.9385
14099,2022-12-18,6093.99,5942.305
14100,2022-11-20,6021.369,6089.8613
14101,2022-11-21,6502.9985,6707.4023
14102,2022-11-22,6550.1157,6892.1484
14103,2022-11-23,6540.5977,6729.9565
14104,2022-11-24,6528.2227,6800.706
14105,2022-11-25,6510.6143,6701.8877
14106,2022-11-26,6178.422,6441.3516
14107,2022-11-27,6048.9727,6125.7915
14108,2022-11-28,6501.094,6594.6416
14109,2022-11-29,6535.8394,6595.9434
14110,2022-11-30,6542.9785,6582.043
14111,2022-12-01,6544.406,6516.2476
14112,2022-12-02,6530.128,6423.5996
14113,2022-12-03,6184.6113,6112.821
14114,2022-12-04,6044.2144,6017.0815
14115,2022-12-05,6498.716,6495.0215
14116,2022-12-06,6544.406,6500.2812
14117,2022-12-07,6566.7725,6567.2314
14118,2022-12-08,6566.7725,6547.2847
14119,2022-12-09,6540.5967,6409.413
14120,2022-12-10,6196.985,6079.926
14121,2022-12-11,6059.4424,5893.915
14122,2022-12-12,6512.9927,6329.459
14123,2022-12-13,6560.11,6369.502
14124,2022-12-14,6576.2905,6324.4077
14125,2022-12-15,6571.5327,6311.111
14126,2022-12-16,6534.4106,6344.681
14127,2022-12-17,6189.845,6104.9385
14128,2022-12-18,6078.003,5942.305
14129,2022-12-19,6499.1904,6349.409
14130,2022-11-21,6524.601,6707.4023
14131,2022-11-22,6569.3354,6892.1484
14132,2022-11-23,6572.1904,6729.9565
14133,2022-11-24,6557.9126,6800.706
14134,2022-11-25,6508.4194,6701.8877
14135,2022-11-26,6185.76,6441.3516
14136,2022-11-27,6080.107,6125.7915
14137,2022-11-28,6509.848,6594.6416
14138,2022-11-29,6561.2456,6595.9434
14139,2022-11-30,6580.7573,6582.043
14140,2022-12-01,6584.088,6516.2476
14141,2022-12-02,6536.0225,6423.5996
14142,2022-12-03,6211.9346,6112.821
14143,2022-12-04,6099.145,6017.0815
14144,2022-12-05,6509.371,6495.0215
14145,2022-12-06,6550.7764,6500.2812
14146,2022-12-07,6557.44,6567.2314
14147,2022-12-08,6560.7695,6547.2847
14148,2022-12-09,6529.358,6409.413
14149,2022-12-10,6214.7896,6079.926
14150,2022-12-11,6105.8066,5893.915
14151,2022-12-12,6508.8955,6329.459
14152,2022-12-13,6555.5337,6369.502
14153,2022-12-14,6561.245,6324.4077
14154,2022-12-15,6549.346,6311.111
14155,2022-12-16,6503.1846,6344.681
14156,2022-12-17,6173.8613,6104.9385
14157,2022-12-18,6101.524,5942.305
14158,2022-12-19,6519.366,6349.409
14159,2022-12-20,6563.623,6379.0117
14160,2022-11-22,6663.964,6892.1484
14161,2022-11-23,6677.768,6729.9565
14162,2022-11-24,6663.9624,6800.706
14163,2022-11-25,6618.7417,6701.8877
14164,2022-11-26,6254.603,6441.3516
14165,2022-11-27,6133.2275,6125.7915
14166,2022-11-28,6580.6636,6594.6416
14167,2022-11-29,6620.1694,6595.9434
14168,2022-11-30,6630.643,6582.043
14169,2022-12-01,6634.451,6516.2476
14170,2022-12-02,6606.366,6423.5996
14171,2022-12-03,6250.7964,6112.821
14172,2022-12-04,6103.7144,6017.0815
14173,2022-12-05,6554.482,6495.0215
14174,2022-12-06,6589.23,6500.2812
14175,2022-12-07,7506.478,6567.2314
14176,2022-12-08,7510.286,6547.2847
14177,2022-12-09,6557.8145,6409.413
14178,2022-12-10,6206.0513,6079.926
14179,2022-12-11,6094.6704,5893.915
14180,2022-12-12,6539.726,6329.459
14181,2022-12-13,6576.377,6369.502
14182,2022-12-14,6582.5654,6324.4077
14183,2022-12-15,6561.1465,6311.111
14184,2022-12-16,6514.498,6344.681
14185,2022-12-17,6183.6816,6104.9385
14186,2022-12-18,6087.0537,5942.305
14187,2022-12-19,6535.92,6349.409
14188,2022-12-20,6582.0894,6379.0117
14189,2022-12-21,6588.754,6384.044
14190,2022-11-23,6837.3667,6729.9565
14191,2022-11-24,6809.756,6800.706
14192,2022-11-25,6748.346,6701.8877
14193,2022-11-26,6363.228,6441.3516
14194,2022-11-27,6181.3833,6125.7915
14195,2022-11-28,6621.72,6594.6416
14196,2022-11-29,6672.179,6595.9434
14197,2022-11-30,6685.5107,6582.043
14198,2022-12-01,6680.75,6516.2476
14199,2022-12-02,6631.24,6423.5996
14200,2022-12-03,6276.1143,6112.821
14201,2022-12-04,6132.35,6017.0815
14202,2022-12-05,6579.828,6495.0215
14203,2022-12-06,6647.904,6500.2812
14204,2022-12-07,6650.759,6567.2314
14205,2022-12-08,6639.334,6547.2847
14206,2022-12-09,6597.4434,6409.413
14207,2022-12-10,6262.786,6079.926
14208,2022-12-11,6132.826,5893.915
14209,2022-12-12,6564.119,6329.459
14210,2022-12-13,6621.7207,6369.502
14211,2022-12-14,6625.5312,6324.4077
14212,2022-12-15,6620.29,6311.111
14213,2022-12-16,6576.0215,6344.681
14214,2022-12-17,6235.174,6104.9385
14215,2022-12-18,6125.687,5942.305
14216,2022-12-19,6562.215,6349.409
14217,2022-12-20,6610.2964,6379.0117
14218,2022-12-21,6615.5317,6384.044
14219,2022-12-22,6612.199,6307.7495
14220,2022-11-24,6679.1504,6800.706
14221,2022-11-25,6649.1577,6701.8877
14222,2022-11-26,6283.5425,6441.3516
14223,2022-11-27,6110.7305,6125.7915
14224,2022-11-28,6560.6094,6594.6416
14225,2022-11-29,6612.0264,6595.9434
14226,2022-11-30,6634.399,6582.043
14227,2022-12-01,6639.1606,6516.2476
14228,2022-12-02,6592.031,6423.5996
14229,2022-12-03,6246.886,6112.821
14230,2022-12-04,6104.065,6017.0815
14231,2022-12-05,6540.1387,6495.0215
14232,2022-12-06,6602.027,6500.2812
14233,2022-12-07,6608.216,6567.2314
14234,2022-12-08,6593.459,6547.2847
14235,2022-12-09,6566.7983,6409.413
14236,2022-12-10,6217.37,6079.926
14237,2022-12-11,6084.072,5893.915
14238,2022-12-12,6529.1904,6329.459
14239,2022-12-13,6591.078,6369.502
14240,2022-12-14,6590.125,6324.4077
14241,2022-12-15,6592.983,6311.111
14242,2022-12-16,6553.9463,6344.681
14243,2022-12-17,6212.134,6104.9385
14244,2022-12-18,6099.306,5942.305
14245,2022-12-19,6551.087,6349.409
14246,2022-12-20,6590.602,6379.0117
14247,2022-12-21,6600.123,6384.044
14248,2022-12-22,6589.1733,6307.7495
14249,2022-12-23,6557.754,6232.6724
14250,2022-11-25,6742.5386,6701.8877
14251,2022-11-26,6338.325,6441.3516
14252,2022-11-27,6144.5527,6125.7915
14253,2022-11-28,6589.2314,6594.6416
14254,2022-11-29,6640.176,6595.9434
14255,2022-11-30,6653.031,6582.043
14256,2022-12-01,6638.7476,6516.2476
14257,2022-12-02,6609.7056,6423.5996
14258,2022-12-03,6263.5786,6112.821
14259,2022-12-04,6091.2305,6017.0815
14260,2022-12-05,6541.1426,6495.0215
14261,2022-12-06,6608.752,6500.2812
14262,2022-12-07,6622.085,6567.2314
14263,2022-12-08,6603.991,6547.2847
14264,2022-12-09,6559.2373,6409.413
14265,2022-12-10,6235.964,6079.926
14266,2022-12-11,6110.7495,5893.915
14267,2022-12-12,6549.239,6329.459
14268,2022-12-13,6597.801,6369.502
14269,2022-12-14,6606.8477,6324.4077
14270,2022-12-15,6591.6094,6311.111
14271,2022-12-16,6553.5225,6344.681
14272,2022-12-17,6230.25,6104.9385
14273,2022-12-18,6123.1274,5942.305
14274,2022-12-19,6551.6206,6349.409
14275,2022-12-20,6603.5156,6379.0117
14276,2022-12-21,6603.515,6384.044
14277,2022-12-22,6598.2793,6307.7495
14278,2022-12-23,6573.996,6232.6724
14279,2022-12-24,6243.1045,5943.0234
14280,2022-11-26,6293.1987,6441.3516
14281,2022-11-27,6127.5107,6125.7915
14282,2022-11-28,6597.905,6594.6416
14283,2022-11-29,6646.4688,6595.9434
14284,2022-11-30,6664.085,6582.043
14285,2022-12-01,6654.5625,6516.2476
14286,2022-12-02,6606.476,6423.5996
14287,2022-12-03,6237.4927,6112.821
14288,2022-12-04,6090.8496,6017.0815
14289,2022-12-05,6547.915,6495.0215
14290,2022-12-06,6596.4785,6500.2812
14291,2022-12-07,6612.665,6567.2314
14292,2022-12-08,6605.0474,6547.2847
14293,2022-12-09,6563.6265,6409.413
14294,2022-12-10,6204.64,6079.926
14295,2022-12-11,6084.663,5893.915
14296,2022-12-12,6550.2954,6329.459
14297,2022-12-13,6595.0493,6369.502
14298,2022-12-14,6597.4287,6324.4077
14299,2022-12-15,6597.43,6311.111
14300,2022-12-16,6550.7715,6344.681
14301,2022-12-17,6192.7373,6104.9385
14302,2022-12-18,6079.9014,5942.305
14303,2022-12-19,6541.2495,6349.409
14304,2022-12-20,6580.29,6379.0117
14305,2022-12-21,6583.623,6384.044
14306,2022-12-22,6583.145,6307.7495
14307,2022-12-23,6546.9624,6232.6724
14308,2022-12-24,6199.4033,5943.0234
14309,2022-12-25,6081.805,5778.2866
14310,2022-11-27,6147.0996,6125.7915
14311,2022-11-28,6642.6963,6594.6416
14312,2022-11-29,6690.78,6595.9434
14313,2022-11-30,6672.2144,6582.043
14314,2022-12-01,6662.215,6516.2476
14315,2022-12-02,6622.7007,6423.5996
14316,2022-12-03,6289.4473,6112.821
14317,2022-12-04,6112.3467,6017.0815
14318,2022-12-05,6581.76,6495.0215
14319,2022-12-06,6632.7007,6500.2812
14320,2022-12-07,6627.4624,6567.2314
14321,2022-12-08,6612.7046,6547.2847
14322,2022-12-09,6582.2363,6409.413
14323,2022-12-10,6234.699,6079.926
14324,2022-12-11,6098.0664,5893.915
14325,2022-12-12,6554.6226,6329.459
14326,2022-12-13,6595.564,6369.502
14327,2022-12-14,6596.04,6324.4077
14328,2022-12-15,6572.235,6311.111
14329,2022-12-16,6528.4355,6344.681
14330,2022-12-17,6193.28,6104.9385
14331,2022-12-18,6093.3037,5942.305
14332,2022-12-19,6559.861,6349.409
14333,2022-12-20,6605.0874,6379.0117
14334,2022-12-21,6612.227,6384.044
14335,2022-12-22,6597.945,6307.7495
14336,2022-12-23,6547.482,6232.6724
14337,2022-12-24,6210.8945,5943.0234
14338,2022-12-25,6106.6333,5778.2866
14339,2022-12-26,6568.4287,5849.017
14340,2022-11-28,6554.2896,6594.6416
14341,2022-11-29,6611.891,6595.9434
14342,2022-11-30,6620.937,6582.043
14343,2022-12-01,6629.03,6516.2476
14344,2022-12-02,6570.4746,6423.5996
14345,2022-12-03,6251.996,6112.821
14346,2022-12-04,6097.2773,6017.0815
14347,2022-12-05,6528.108,6495.0215
14348,2022-12-06,6601.8936,6500.2812
14349,2022-12-07,6612.366,6567.2314
14350,2022-12-08,6616.177,6547.2847
14351,2022-12-09,6567.6206,6409.413
14352,2022-12-10,6248.188,6079.926
14353,2022-12-11,6118.7007,5893.915
14354,2022-12-12,6529.0586,6329.459
14355,2022-12-13,6587.614,6369.502
14356,2022-12-14,6594.755,6324.4077
14357,2022-12-15,6591.8965,6311.111
14358,2022-12-16,6529.058,6344.681
14359,2022-12-17,6217.7217,6104.9385
14360,2022-12-18,6129.6514,5942.305
14361,2022-12-19,6527.6323,6349.409
14362,2022-12-20,6592.8496,6379.0117
14363,2022-12-21,6591.4224,6384.044
14364,2022-12-22,6599.9917,6307.7495
14365,2022-12-23,6519.538,6232.6724
14366,2022-12-24,6202.4873,5943.0234
14367,2022-12-25,6113.9434,5778.2866
14368,2022-12-26,6506.6846,5849.017
14369,2022-12-27,6579.9976,6305.5522
14370,2022-11-29,6679.344,6595.9434
14371,2022-11-30,6685.0596,6582.043
14372,2022-12-01,6675.061,6516.2476
14373,2022-12-02,6623.636,6423.5996
14374,2022-12-03,6279.388,6112.821
14375,2022-12-04,6097.9756,6017.0815
14376,2022-12-05,6566.0244,6495.0215
14377,2022-12-06,6630.7793,6500.2812
14378,2022-12-07,6645.541,6567.2314
14379,2022-12-08,6642.6855,6547.2847
14380,2022-12-09,6587.45,6409.413
14381,2022-12-10,6244.629,6079.926
14382,2022-12-11,6107.498,5893.915
14383,2022-12-12,6572.6914,6329.459
14384,2022-12-13,6597.449,6369.502
14385,2022-12-14,6604.5938,6324.4077
14386,2022-12-15,6599.3574,6311.111
14387,2022-12-16,6558.408,6344.681
14388,2022-12-17,6231.2964,6104.9385
14389,2022-12-18,6082.264,5942.305
14390,2022-12-19,6545.553,6349.409
14391,2022-12-20,6594.5957,6379.0117
14392,2022-12-21,6599.8306,6384.044
14393,2022-12-22,6593.167,6307.7495
14394,2022-12-23,6563.645,6232.6724
14395,2022-12-24,6233.201,5943.0234
14396,2022-12-25,6111.3086,5778.2866
14397,2022-12-26,6560.7876,5849.017
14398,2022-12-27,6595.5464,6305.5522
14399,2022-12-28,6605.5444,6342.2563
14400,2022-11-30,6634.8257,6582.043
14401,2022-12-01,6631.015,6516.2476
14402,2022-12-02,6605.779,6423.5996
14403,2022-12-03,6270.5605,6112.821
14404,2022-12-04,6108.6675,6017.0815
14405,2022-12-05,6568.159,6495.0215
14406,2022-12-06,6611.9688,6500.2812
14407,2022-12-07,6649.5845,6567.2314
14408,2022-12-08,6634.823,6547.2847
14409,2022-12-09,6591.4937,6409.413
14410,2022-12-10,6243.8955,6079.926
14411,2022-12-11,6099.1445,5893.915
14412,2022-12-12,6543.8765,6329.459
14413,2022-12-13,6600.0645,6369.502
14414,2022-12-14,6604.8276,6324.4077
14415,2022-12-15,6599.1133,6311.111
14416,2022-12-16,6548.161,6344.681
14417,2022-12-17,6230.564,6104.9385
14418,2022-12-18,6116.285,5942.305
14419,2022-12-19,6554.3506,6349.409
14420,2022-12-20,6604.824,6379.0117
14421,2022-12-21,6601.4907,6384.044
14422,2022-12-22,6593.3975,6307.7495
14423,2022-12-23,6539.5913,6232.6724
14424,2022-12-24,6207.708,5943.0234
14425,2022-12-25,6116.761,5778.2866
14426,2022-12-26,6550.542,5849.017
14427,2022-12-27,6600.5386,6305.5522
14428,2022-12-28,6618.6343,6342.2563
14429,2022-12-29,6609.5874,6371.3276
