,date,pred,true
0,2021-08-07 14:00:00,6694.6855,6732.451
1,2021-08-07 15:00:00,6720.364,6727.2407
2,2021-08-07 16:00:00,6716.1787,6595.9517
3,2021-08-07 17:00:00,6559.0933,6519.8843
4,2021-08-07 18:00:00,6503.707,6484.704
5,2021-08-07 19:00:00,6497.449,6500.9395
6,2021-08-07 20:00:00,6580.225,6585.169
7,2021-08-07 21:00:00,6624.9277,6567.3896
8,2021-08-07 22:00:00,6546.551,6490.2144
9,2021-08-07 23:00:00,6347.7217,6301.579
10,2021-08-08 00:00:00,6092.2407,5798.6577
11,2021-08-08 01:00:00,5817.3613,5896.343
12,2021-08-08 02:00:00,5690.7026,5711.1416
13,2021-08-08 03:00:00,5619.634,5589.657
14,2021-08-08 04:00:00,5518.389,5487.7554
15,2021-08-08 05:00:00,5445.005,5457.218
16,2021-08-08 06:00:00,5476.3965,5494.681
17,2021-08-08 07:00:00,5551.668,5596.6865
18,2021-08-08 08:00:00,5723.564,5640.4937
19,2021-08-08 09:00:00,5847.3276,5922.31
20,2021-08-08 10:00:00,6089.955,6141.845
21,2021-08-08 11:00:00,6236.675,6299.4395
22,2021-08-08 12:00:00,6300.6587,6326.7515
23,2021-08-08 13:00:00,6313.9346,6293.1646
24,2021-08-08 14:00:00,6290.525,6347.1094
25,2021-08-08 15:00:00,6354.373,6224.957
26,2021-08-08 16:00:00,6244.79,6153.6514
27,2021-08-08 17:00:00,6133.5244,6118.571
28,2021-08-08 18:00:00,6091.765,6135.83
29,2021-08-08 19:00:00,6200.7983,6135.252
30,2021-08-08 20:00:00,6359.1523,6265.052
31,2021-08-08 21:00:00,6337.995,6267.987
32,2021-08-08 22:00:00,6273.5186,6180.631
33,2021-08-08 23:00:00,6097.6733,5963.7314
34,2021-08-09 00:00:00,5895.277,6127.7705
35,2021-08-09 01:00:00,5672.213,5587.7075
36,2021-08-09 02:00:00,5466.3955,5436.531
37,2021-08-09 03:00:00,5347.2295,5329.293
38,2021-08-09 04:00:00,5286.9,5273.787
39,2021-08-09 05:00:00,5270.0967,5238.4155
40,2021-08-09 06:00:00,5424.3477,5293.3135
41,2021-08-09 07:00:00,5532.4556,5429.4736
42,2021-08-09 08:00:00,5711.424,5517.645
43,2021-08-09 09:00:00,5840.471,5770.506
44,2021-08-09 10:00:00,5972.2593,5961.4688
45,2021-08-09 11:00:00,6040.5806,6130.3896
46,2021-08-09 12:00:00,6179.774,6211.452
47,2021-08-09 13:00:00,6225.1646,6240.792
48,2021-08-09 14:00:00,6235.9087,6258.1465
49,2021-08-09 15:00:00,6304.4375,6273.475
50,2021-08-09 16:00:00,6281.0625,6262.059
51,2021-08-09 17:00:00,6263.107,6286.838
52,2021-08-09 18:00:00,6246.619,6317.914
53,2021-08-09 19:00:00,6330.0957,6401.1377
54,2021-08-09 20:00:00,6498.582,6565.3916
55,2021-08-09 21:00:00,6602.715,6598.2793
56,2021-08-09 22:00:00,6538.819,6557.4556
57,2021-08-09 23:00:00,6354.5557,6353.136
58,2021-08-10 00:00:00,6195.4062,6267.128
59,2021-08-10 01:00:00,5911.352,5893.051
60,2021-08-10 02:00:00,5728.9155,5720.007
61,2021-08-10 03:00:00,5637.5137,5574.1665
62,2021-08-10 04:00:00,5541.4346,5468.6616
63,2021-08-10 05:00:00,5423.0205,5481.8857
64,2021-08-10 06:00:00,5624.1523,5624.9575
65,2021-08-10 07:00:00,5987.569,5941.2935
66,2021-08-10 08:00:00,6329.076,6381.933
67,2021-08-10 09:00:00,6843.695,6917.804
68,2021-08-10 10:00:00,7156.4746,7171.4326
69,2021-08-10 11:00:00,7221.121,7255.7017
70,2021-08-10 12:00:00,7263.9893,7277.2524
71,2021-08-10 13:00:00,7225.064,7243.8115
72,2021-08-10 14:00:00,7326.581,7328.4116
73,2021-08-10 15:00:00,7352.2754,7338.7744
74,2021-08-10 16:00:00,7333.5376,7374.2227
75,2021-08-10 17:00:00,7336.96,7342.288
76,2021-08-10 18:00:00,7175.237,7220.6016
77,2021-08-10 19:00:00,7023.236,7044.5093
78,2021-08-10 20:00:00,7039.912,7040.3145
79,2021-08-10 21:00:00,6999.8154,6982.372
80,2021-08-10 22:00:00,6818.768,6823.0513
81,2021-08-10 23:00:00,6544.444,6530.543
82,2021-08-11 00:00:00,6281.416,6231.9824
83,2021-08-11 01:00:00,5991.627,6002.95
84,2021-08-11 02:00:00,5812.853,5828.758
85,2021-08-11 03:00:00,5671.3955,5704.2524
86,2021-08-11 04:00:00,5633.465,5642.3354
87,2021-08-11 05:00:00,5641.81,5611.1426
88,2021-08-11 06:00:00,5743.1777,5768.004
89,2021-08-11 07:00:00,6030.1987,6082.56
90,2021-08-11 08:00:00,6460.6523,6435.9663
91,2021-08-11 09:00:00,6938.9443,6934.689
92,2021-08-11 10:00:00,7201.494,7091.5435
93,2021-08-11 11:00:00,7195.27,7132.9956
94,2021-08-11 12:00:00,7155.632,7171.761
95,2021-08-11 13:00:00,7191.3975,7084.0547
96,2021-08-11 14:00:00,7228.464,7157.19
97,2021-08-11 15:00:00,7187.6714,7196.589
98,2021-08-11 16:00:00,7214.862,7113.056
99,2021-08-11 17:00:00,7094.2017,7185.16
100,2021-08-11 18:00:00,7075.042,7133.2393
101,2021-08-11 19:00:00,6980.4604,7015.7915
102,2021-08-11 20:00:00,6997.366,7004.1255
103,2021-08-11 21:00:00,6936.5176,6925.4053
104,2021-08-11 22:00:00,6755.523,6779.39
105,2021-08-11 23:00:00,6496.9277,6493.847
106,2021-08-12 00:00:00,6220.7095,6129.229
107,2021-08-12 01:00:00,5937.38,5955.381
108,2021-08-12 02:00:00,5774.851,5794.6885
109,2021-08-12 03:00:00,5672.3394,5676.1875
110,2021-08-12 04:00:00,5610.0254,5602.727
111,2021-08-12 05:00:00,5598.023,5587.203
112,2021-08-12 06:00:00,5761.889,5729.023
113,2021-08-12 07:00:00,6037.689,6048.5522
114,2021-08-12 08:00:00,6439.295,6415.4214
115,2021-08-12 09:00:00,6879.959,6912.002
116,2021-08-12 10:00:00,7123.8877,7130.4233
117,2021-08-12 11:00:00,7176.332,7247.3833
118,2021-08-12 12:00:00,7214.6533,7196.253
119,2021-08-12 13:00:00,7154.142,7143.846
120,2021-08-12 14:00:00,7189.118,7239.38
121,2021-08-12 15:00:00,7253.553,7162.1064
122,2021-08-12 16:00:00,7182.969,7137.4453
123,2021-08-12 17:00:00,7135.8486,7109.632
124,2021-08-12 18:00:00,7012.8013,7076.613
125,2021-08-12 19:00:00,6943.4727,6912.7993
126,2021-08-12 20:00:00,6907.494,6918.089
127,2021-08-12 21:00:00,6870.538,6796.705
128,2021-08-12 22:00:00,6696.2715,6655.1523
129,2021-08-12 23:00:00,6419.754,6397.96
130,2021-08-13 00:00:00,6158.963,6151.5103
131,2021-08-13 01:00:00,5930.2437,5887.4595
132,2021-08-13 02:00:00,5737.888,5727.9116
133,2021-08-13 03:00:00,5623.517,5604.9844
134,2021-08-13 04:00:00,5556.851,5540.4385
135,2021-08-13 05:00:00,5534.73,5532.0806
136,2021-08-13 06:00:00,5697.3057,5677.226
137,2021-08-13 07:00:00,6003.4175,5995.985
138,2021-08-13 08:00:00,6382.963,6370.7793
139,2021-08-13 09:00:00,6823.439,6860.7017
140,2021-08-13 10:00:00,7077.6787,7100.852
141,2021-08-13 11:00:00,7189.6577,7222.229
142,2021-08-13 12:00:00,7213.986,7206.353
143,2021-08-13 13:00:00,7141.105,7111.485
144,2021-08-13 14:00:00,7220.511,7100.423
145,2021-08-13 15:00:00,7148.9814,7143.0703
146,2021-08-13 16:00:00,7132.9526,7025.8613
147,2021-08-13 17:00:00,7040.811,7023.761
148,2021-08-13 18:00:00,6976.661,6974.839
149,2021-08-13 19:00:00,6862.5,6830.4043
150,2021-08-13 20:00:00,6854.802,6844.2827
151,2021-08-13 21:00:00,6792.419,6764.94
152,2021-08-13 22:00:00,6639.207,6621.8184
153,2021-08-13 23:00:00,6379.052,6371.2676
154,2021-08-14 00:00:00,6126.5557,5987.4614
155,2021-08-14 01:00:00,5846.404,5904.1274
156,2021-08-14 02:00:00,5712.6626,5740.0083
157,2021-08-14 03:00:00,5626.5444,5618.1143
158,2021-08-14 04:00:00,5584.2686,5535.487
159,2021-08-14 05:00:00,5521.2363,5501.714
160,2021-08-14 06:00:00,5577.7476,5582.4204
161,2021-08-14 07:00:00,5838.27,5731.809
162,2021-08-14 08:00:00,5957.314,5914.522
163,2021-08-14 09:00:00,6264.7373,6297.612
164,2021-08-14 10:00:00,6523.3267,6526.68
165,2021-08-14 11:00:00,6621.822,6712.0225
166,2021-08-14 12:00:00,6741.34,6719.265
167,2021-08-14 13:00:00,6672.5215,6608.6562
168,2021-08-14 14:00:00,6565.0283,6552.433
169,2021-08-14 15:00:00,6547.311,6541.4956
170,2021-08-14 16:00:00,6508.913,6518.0947
171,2021-08-14 17:00:00,6445.4736,6419.9414
172,2021-08-14 18:00:00,6386.4077,6395.647
173,2021-08-14 19:00:00,6417.016,6405.719
174,2021-08-14 20:00:00,6477.764,6500.4062
175,2021-08-14 21:00:00,6513.0923,6492.0093
176,2021-08-14 22:00:00,6436.1055,6392.5513
177,2021-08-14 23:00:00,6240.8955,6173.537
178,2021-08-15 00:00:00,5836.6445,5798.6577
179,2021-08-15 01:00:00,5805.368,5746.806
180,2021-08-15 02:00:00,5591.57,5598.6016
181,2021-08-15 03:00:00,5497.0474,5481.2817
182,2021-08-15 04:00:00,5440.1934,5413.9507
183,2021-08-15 05:00:00,5363.6973,5365.0864
184,2021-08-15 06:00:00,5358.623,5398.176
185,2021-08-15 07:00:00,5425.1094,5518.63
186,2021-08-15 08:00:00,5622.516,5578.776
187,2021-08-15 09:00:00,5855.2524,5823.36
188,2021-08-15 10:00:00,6067.5063,6065.004
189,2021-08-15 11:00:00,6175.122,6222.6113
190,2021-08-15 12:00:00,6275.2925,6234.8945
191,2021-08-15 13:00:00,6228.611,6188.54
192,2021-08-15 14:00:00,6194.1855,6215.259
193,2021-08-15 15:00:00,6178.2183,6206.8906
194,2021-08-15 16:00:00,6163.9507,6286.6113
195,2021-08-15 17:00:00,6248.6343,6281.494
196,2021-08-15 18:00:00,6289.3433,6280.8394
197,2021-08-15 19:00:00,6340.55,6349.1953
198,2021-08-15 20:00:00,6472.52,6514.8525
199,2021-08-15 21:00:00,6544.6323,6549.4526
200,2021-08-15 22:00:00,6459.6694,6396.8467
201,2021-08-15 23:00:00,6189.267,6094.35
202,2021-08-16 00:00:00,5923.969,6060.956
203,2021-08-16 01:00:00,5702.167,5624.022
204,2021-08-16 02:00:00,5497.3076,5476.7104
205,2021-08-16 03:00:00,5408.1733,5383.8716
206,2021-08-16 04:00:00,5333.465,5325.552
207,2021-08-16 05:00:00,5339.201,5330.453
208,2021-08-16 06:00:00,5380.216,5525.2812
209,2021-08-16 07:00:00,5920.11,5890.552
210,2021-08-16 08:00:00,6338.9717,6264.9087
211,2021-08-16 09:00:00,6784.2314,6770.442
212,2021-08-16 10:00:00,7055.195,6990.4253
213,2021-08-16 11:00:00,7078.3145,7135.2056
214,2021-08-16 12:00:00,7143.1577,7135.308
215,2021-08-16 13:00:00,7092.4307,7097.565
216,2021-08-16 14:00:00,7143.267,7133.448
217,2021-08-16 15:00:00,7169.775,7146.2197
218,2021-08-16 16:00:00,7146.892,7161.4854
219,2021-08-16 17:00:00,7132.7046,7164.9067
220,2021-08-16 18:00:00,7046.393,7072.712
221,2021-08-16 19:00:00,6920.609,6905.5444
222,2021-08-16 20:00:00,6921.063,6923.0737
223,2021-08-16 21:00:00,6858.6675,6820.0576
224,2021-08-16 22:00:00,6643.886,6647.029
225,2021-08-16 23:00:00,6387.502,6319.7114
226,2021-08-17 00:00:00,6100.3486,5915.778
227,2021-08-17 01:00:00,5815.4893,5797.9434
228,2021-08-17 02:00:00,5635.1025,5650.0264
229,2021-08-17 03:00:00,5574.8506,5529.159
230,2021-08-17 04:00:00,5472.306,5473.1743
231,2021-08-17 05:00:00,5462.1743,5477.407
232,2021-08-17 06:00:00,5613.845,5627.5825
233,2021-08-17 07:00:00,5956.2324,5979.0938
234,2021-08-17 08:00:00,6393.2285,6317.613
235,2021-08-17 09:00:00,6809.2725,6788.0435
236,2021-08-17 10:00:00,7047.6206,6960.829
237,2021-08-17 11:00:00,7097.3325,7023.0703
238,2021-08-17 12:00:00,7047.4956,6923.611
239,2021-08-17 13:00:00,6940.5176,6830.9897
240,2021-08-17 14:00:00,6918.2983,6934.1465
241,2021-08-17 15:00:00,6952.136,6955.8916
242,2021-08-17 16:00:00,6948.154,6978.719
243,2021-08-17 17:00:00,6977.442,7000.533
244,2021-08-17 18:00:00,6921.6543,6890.7417
245,2021-08-17 19:00:00,6808.088,6754.9893
246,2021-08-17 20:00:00,6788.905,6783.5747
247,2021-08-17 21:00:00,6725.3877,6693.249
248,2021-08-17 22:00:00,6575.8813,6529.979
249,2021-08-17 23:00:00,6228.7095,6208.411
250,2021-08-18 00:00:00,5923.0645,5809.7305
251,2021-08-18 01:00:00,5703.209,5665.0107
252,2021-08-18 02:00:00,5542.7305,5517.873
253,2021-08-18 03:00:00,5435.2627,5415.388
254,2021-08-18 04:00:00,5374.2427,5377.669
255,2021-08-18 05:00:00,5364.0073,5396.5933
256,2021-08-18 06:00:00,5621.9736,5573.758
257,2021-08-18 07:00:00,5917.39,5885.8965
258,2021-08-18 08:00:00,6296.2974,6251.402
259,2021-08-18 09:00:00,6732.6055,6651.054
260,2021-08-18 10:00:00,6939.1675,6799.2183
261,2021-08-18 11:00:00,6888.869,6870.326
262,2021-08-18 12:00:00,6823.858,6814.242
263,2021-08-18 13:00:00,6782.842,6764.9697
264,2021-08-18 14:00:00,6848.074,6800.5796
265,2021-08-18 15:00:00,6807.199,6771.8364
266,2021-08-18 16:00:00,6779.2964,6773.7705
267,2021-08-18 17:00:00,6770.533,6785.572
268,2021-08-18 18:00:00,6716.1123,6763.2344
269,2021-08-18 19:00:00,6670.107,6696.6597
270,2021-08-18 20:00:00,6690.5894,6710.3345
271,2021-08-18 21:00:00,6651.2725,6612.8486
272,2021-08-18 22:00:00,6508.3213,6399.5015
273,2021-08-18 23:00:00,6150.319,6078.182
274,2021-08-19 00:00:00,5817.706,5971.707
275,2021-08-19 01:00:00,5680.6826,5575.5913
276,2021-08-19 02:00:00,5466.1226,5426.4595
277,2021-08-19 03:00:00,5389.3394,5327.5396
278,2021-08-19 04:00:00,5334.3877,5254.4453
279,2021-08-19 05:00:00,5270.004,5268.107
280,2021-08-19 06:00:00,5526.9204,5436.4775
281,2021-08-19 07:00:00,5861.842,5788.877
282,2021-08-19 08:00:00,6234.5723,6135.2217
283,2021-08-19 09:00:00,6646.58,6549.172
284,2021-08-19 10:00:00,6782.756,6706.2573
285,2021-08-19 11:00:00,6765.5537,6788.2437
286,2021-08-19 12:00:00,6767.5264,6784.9673
287,2021-08-19 13:00:00,6749.989,6738.8203
288,2021-08-19 14:00:00,6789.572,6822.8833
289,2021-08-19 15:00:00,6816.8936,6867.087
290,2021-08-19 16:00:00,6842.713,6892.706
291,2021-08-19 17:00:00,6880.0767,6919.4067
292,2021-08-19 18:00:00,6827.8213,6847.7646
293,2021-08-19 19:00:00,6746.4375,6732.202
294,2021-08-19 20:00:00,6754.2656,6757.1797
295,2021-08-19 21:00:00,6665.5044,6674.87
296,2021-08-19 22:00:00,6493.1504,6493.39
297,2021-08-19 23:00:00,6206.346,6217.7773
298,2021-08-20 00:00:00,5951.4927,5848.503
299,2021-08-20 01:00:00,5692.4424,5722.6035
300,2021-08-20 02:00:00,5531.7754,5570.8115
301,2021-08-20 03:00:00,5460.186,5478.3994
302,2021-08-20 04:00:00,5416.3774,5437.467
303,2021-08-20 05:00:00,5412.773,5444.227
304,2021-08-20 06:00:00,5577.02,5644.6587
305,2021-08-20 07:00:00,5935.489,5934.941
306,2021-08-20 08:00:00,6282.0493,6263.0894
307,2021-08-20 09:00:00,6663.027,6676.4546
308,2021-08-20 10:00:00,6862.0073,6841.123
309,2021-08-20 11:00:00,6846.4375,6888.6855
310,2021-08-20 12:00:00,6819.99,6835.492
311,2021-08-20 13:00:00,6801.5317,6763.893
312,2021-08-20 14:00:00,6827.8613,6811.2197
313,2021-08-20 15:00:00,6854.5015,6789.08
314,2021-08-20 16:00:00,6786.4927,6792.3105
315,2021-08-20 17:00:00,6775.33,6784.9785
316,2021-08-20 18:00:00,6730.8843,6744.0596
317,2021-08-20 19:00:00,6654.112,6669.2197
318,2021-08-20 20:00:00,6707.429,6640.222
319,2021-08-20 21:00:00,6585.337,6518.2417
320,2021-08-20 22:00:00,6397.232,6338.2495
321,2021-08-20 23:00:00,6119.415,6061.9976
322,2021-08-21 00:00:00,5787.0537,5941.9033
323,2021-08-21 01:00:00,5701.1836,5611.6094
324,2021-08-21 02:00:00,5480.9727,5454.8765
325,2021-08-21 03:00:00,5387.331,5343.6753
326,2021-08-21 04:00:00,5318.194,5282.76
327,2021-08-21 05:00:00,5250.947,5272.737
328,2021-08-21 06:00:00,5329.1045,5374.8735
329,2021-08-21 07:00:00,5599.623,5545.1235
330,2021-08-21 08:00:00,5716.15,5746.8765
331,2021-08-21 09:00:00,6079.5225,6086.768
332,2021-08-21 10:00:00,6274.95,6319.057
333,2021-08-21 11:00:00,6362.845,6470.6826
334,2021-08-21 12:00:00,6429.0444,6477.243
335,2021-08-21 13:00:00,6386.584,6392.783
336,2021-08-21 14:00:00,6364.5186,6367.477
337,2021-08-21 15:00:00,6354.864,6352.444
338,2021-08-21 16:00:00,6301.645,6309.29
339,2021-08-21 17:00:00,6294.569,6293.4233
340,2021-08-21 18:00:00,6259.8535,6277.49
341,2021-08-21 19:00:00,6300.1895,6320.7
342,2021-08-21 20:00:00,6441.065,6476.9805
343,2021-08-21 21:00:00,6463.7715,6482.384
344,2021-08-21 22:00:00,6331.7217,6358.0264
345,2021-08-21 23:00:00,6114.3486,6127.058
346,2021-08-22 00:00:00,5869.5845,5668.252
347,2021-08-22 01:00:00,5652.877,5724.171
348,2021-08-22 02:00:00,5503.3623,5550.295
349,2021-08-22 03:00:00,5416.382,5425.929
350,2021-08-22 04:00:00,5375.7144,5350.363
351,2021-08-22 05:00:00,5305.8823,5324.123
352,2021-08-22 06:00:00,5351.7124,5396.384
353,2021-08-22 07:00:00,5485.4683,5518.0283
354,2021-08-22 08:00:00,5667.9067,5600.1807
355,2021-08-22 09:00:00,5894.87,5840.2676
356,2021-08-22 10:00:00,6100.7793,6042.046
357,2021-08-22 11:00:00,6144.475,6155.7583
358,2021-08-22 12:00:00,6184.4775,6165.3887
359,2021-08-22 13:00:00,6153.2324,6123.757
360,2021-08-22 14:00:00,6148.3955,6189.0015
361,2021-08-22 15:00:00,6175.252,6112.9224
362,2021-08-22 16:00:00,6129.759,6065.4272
363,2021-08-22 17:00:00,6089.5566,6000.4688
364,2021-08-22 18:00:00,6015.399,6008.94
365,2021-08-22 19:00:00,6099.5664,6114.338
366,2021-08-22 20:00:00,6317.1226,6230.783
367,2021-08-22 21:00:00,6279.3813,6262.9
368,2021-08-22 22:00:00,6230.176,6161.152
369,2021-08-22 23:00:00,5984.997,5891.679
370,2021-08-23 00:00:00,5781.1763,5930.635
371,2021-08-23 01:00:00,5549.07,5443.0376
372,2021-08-23 02:00:00,5351.938,5302.5513
373,2021-08-23 03:00:00,5234.4985,5207.9
374,2021-08-23 04:00:00,5166.0327,5176.599
375,2021-08-23 05:00:00,5184.0757,5195.4575
376,2021-08-23 06:00:00,5369.616,5396.3306
377,2021-08-23 07:00:00,5798.0923,5802.7896
378,2021-08-23 08:00:00,6201.0654,6177.9316
379,2021-08-23 09:00:00,6592.123,6637.7188
380,2021-08-23 10:00:00,6839.0933,6831.4893
381,2021-08-23 11:00:00,6872.4995,6944.161
382,2021-08-23 12:00:00,6965.395,6970.286
383,2021-08-23 13:00:00,6931.6943,6935.7183
384,2021-08-23 14:00:00,6982.007,6986.7236
385,2021-08-23 15:00:00,7009.7725,7015.8354
386,2021-08-23 16:00:00,7035.4204,7021.8804
387,2021-08-23 17:00:00,7022.101,7009.1704
388,2021-08-23 18:00:00,6958.241,6960.297
389,2021-08-23 19:00:00,6836.1167,6792.112
390,2021-08-23 20:00:00,6821.342,6832.843
391,2021-08-23 21:00:00,6757.6675,6735.0015
392,2021-08-23 22:00:00,6550.2974,6543.878
393,2021-08-23 23:00:00,6216.427,6204.933
394,2021-08-24 00:00:00,5874.543,5770.1045
395,2021-08-24 01:00:00,5661.8105,5690.886
396,2021-08-24 02:00:00,5526.375,5536.3164
397,2021-08-24 03:00:00,5432.3125,5448.9897
398,2021-08-24 04:00:00,5389.056,5401.68
399,2021-08-24 05:00:00,5385.208,5417.087
400,2021-08-24 06:00:00,5648.136,5570.757
401,2021-08-24 07:00:00,5927.5576,5870.8276
402,2021-08-24 08:00:00,6285.2485,6245.9995
403,2021-08-24 09:00:00,6702.7495,6698.296
404,2021-08-24 10:00:00,6895.826,6856.249
405,2021-08-24 11:00:00,6939.9136,6913.563
406,2021-08-24 12:00:00,6888.8706,6850.104
407,2021-08-24 13:00:00,6837.3105,6757.7856
408,2021-08-24 14:00:00,6836.2817,6793.2837
409,2021-08-24 15:00:00,6810.5283,6786.5835
410,2021-08-24 16:00:00,6788.2573,6813.462
411,2021-08-24 17:00:00,6824.3237,6831.529
412,2021-08-24 18:00:00,6769.4033,6784.129
413,2021-08-24 19:00:00,6688.3677,6702.944
414,2021-08-24 20:00:00,6703.8975,6702.969
415,2021-08-24 21:00:00,6619.411,6545.8564
416,2021-08-24 22:00:00,6430.139,6333.873
417,2021-08-24 23:00:00,6058.27,6022.5522
418,2021-08-25 00:00:00,5770.5,5811.8706
419,2021-08-25 01:00:00,5630.9434,5532.2236
420,2021-08-25 02:00:00,5411.8486,5402.7446
421,2021-08-25 03:00:00,5365.225,5315.641
422,2021-08-25 04:00:00,5292.8813,5277.73
423,2021-08-25 05:00:00,5283.092,5304.3696
424,2021-08-25 06:00:00,5523.388,5494.9272
425,2021-08-25 07:00:00,5835.264,5872.0825
426,2021-08-25 08:00:00,6244.28,6218.161
427,2021-08-25 09:00:00,6639.206,6577.4336
428,2021-08-25 10:00:00,6789.794,6707.373
429,2021-08-25 11:00:00,6759.75,6811.157
430,2021-08-25 12:00:00,6758.3877,6803.271
431,2021-08-25 13:00:00,6745.1206,6795.048
432,2021-08-25 14:00:00,6837.4414,6907.598
433,2021-08-25 15:00:00,6906.605,6891.3984
434,2021-08-25 16:00:00,6926.7417,6886.383
435,2021-08-25 17:00:00,6910.469,6858.2744
436,2021-08-25 18:00:00,6816.677,6799.7124
437,2021-08-25 19:00:00,6725.5625,6737.9663
438,2021-08-25 20:00:00,6733.8525,6752.326
439,2021-08-25 21:00:00,6613.3574,6619.378
440,2021-08-25 22:00:00,6425.0723,6414.8677
441,2021-08-25 23:00:00,6085.1826,6093.016
442,2021-08-26 00:00:00,5801.866,5944.1094
443,2021-08-26 01:00:00,5687.0625,5584.1436
444,2021-08-26 02:00:00,5462.052,5446.638
445,2021-08-26 03:00:00,5372.683,5352.0767
446,2021-08-26 04:00:00,5322.3306,5297.327
447,2021-08-26 05:00:00,5325.0625,5315.46
448,2021-08-26 06:00:00,5504.0215,5508.6494
449,2021-08-26 07:00:00,5842.3535,5879.15
450,2021-08-26 08:00:00,6232.976,6199.943
451,2021-08-26 09:00:00,6586.6914,6646.7046
452,2021-08-26 10:00:00,6789.08,6853.171
453,2021-08-26 11:00:00,6875.879,6983.0156
454,2021-08-26 12:00:00,6947.97,6983.5854
455,2021-08-26 13:00:00,6929.089,6959.2046
456,2021-08-26 14:00:00,6982.3096,7023.6772
457,2021-08-26 15:00:00,7057.0967,7003.9414
458,2021-08-26 16:00:00,7020.022,6968.502
459,2021-08-26 17:00:00,6958.4507,6900.1597
460,2021-08-26 18:00:00,6851.2856,6869.944
461,2021-08-26 19:00:00,6760.72,6785.126
462,2021-08-26 20:00:00,6750.848,6794.7773
463,2021-08-26 21:00:00,6664.0376,6673.525
464,2021-08-26 22:00:00,6429.26,6491.5024
465,2021-08-26 23:00:00,6146.32,6184.361
466,2021-08-27 00:00:00,5892.4785,6075.3145
467,2021-08-27 01:00:00,5745.949,5676.8867
468,2021-08-27 02:00:00,5526.709,5533.078
469,2021-08-27 03:00:00,5449.1255,5437.62
470,2021-08-27 04:00:00,5405.014,5389.201
471,2021-08-27 05:00:00,5403.3413,5407.9277
472,2021-08-27 06:00:00,5554.614,5591.945
473,2021-08-27 07:00:00,5890.4346,5978.315
474,2021-08-27 08:00:00,6288.1343,6268.079
475,2021-08-27 09:00:00,6672.5044,6701.875
476,2021-08-27 10:00:00,6859.969,6951.1265
477,2021-08-27 11:00:00,7014.6987,7095.1284
478,2021-08-27 12:00:00,7083.7417,7098.405
479,2021-08-27 13:00:00,7060.145,7032.9688
480,2021-08-27 14:00:00,7064.129,7095.988
481,2021-08-27 15:00:00,7089.647,7101.8745
482,2021-08-27 16:00:00,7117.2837,7135.306
483,2021-08-27 17:00:00,7095.645,7106.932
484,2021-08-27 18:00:00,7050.2407,6990.22
485,2021-08-27 19:00:00,6887.5083,6841.733
486,2021-08-27 20:00:00,6854.263,6863.293
487,2021-08-27 21:00:00,6690.128,6759.9487
488,2021-08-27 22:00:00,6508.325,6558.7876
489,2021-08-27 23:00:00,6214.59,6301.531
490,2021-08-28 00:00:00,6032.371,6152.6187
491,2021-08-28 01:00:00,5806.589,5825.6265
492,2021-08-28 02:00:00,5647.0913,5658.2905
493,2021-08-28 03:00:00,5555.1064,5559.801
494,2021-08-28 04:00:00,5467.873,5509.225
495,2021-08-28 05:00:00,5477.5854,5504.2886
496,2021-08-28 06:00:00,5557.0664,5596.884
497,2021-08-28 07:00:00,5761.7812,5758.1953
498,2021-08-28 08:00:00,5965.632,5945.124
499,2021-08-28 09:00:00,6271.389,6272.0576
500,2021-08-28 10:00:00,6507.3906,6497.583
501,2021-08-28 11:00:00,6575.092,6696.2915
502,2021-08-28 12:00:00,6693.2974,6673.8184
503,2021-08-28 13:00:00,6655.813,6630.6704
504,2021-08-28 14:00:00,6640.411,6608.6
505,2021-08-28 15:00:00,6593.8794,6600.444
506,2021-08-28 16:00:00,6572.8823,6568.103
507,2021-08-28 17:00:00,6507.576,6551.382
508,2021-08-28 18:00:00,6510.7256,6533.022
509,2021-08-28 19:00:00,6508.2676,6604.617
510,2021-08-28 20:00:00,6624.811,6687.9834
511,2021-08-28 21:00:00,6657.8213,6679.5547
512,2021-08-28 22:00:00,6501.631,6612.8086
513,2021-08-28 23:00:00,6246.0264,6369.6943
514,2021-08-29 00:00:00,6061.5664,5856.8574
515,2021-08-29 01:00:00,5790.5894,5917.2524
516,2021-08-29 02:00:00,5611.8164,5748.2417
517,2021-08-29 03:00:00,5618.8394,5620.4863
518,2021-08-29 04:00:00,5548.5693,5569.485
519,2021-08-29 05:00:00,5529.7573,5530.832
520,2021-08-29 06:00:00,5560.71,5572.696
521,2021-08-29 07:00:00,5659.1357,5696.278
522,2021-08-29 08:00:00,5858.055,5764.465
523,2021-08-29 09:00:00,6002.219,5945.757
524,2021-08-29 10:00:00,6165.433,6107.529
525,2021-08-29 11:00:00,6244.5376,6296.266
526,2021-08-29 12:00:00,6345.013,6375.139
527,2021-08-29 13:00:00,6336.6177,6294.9023
528,2021-08-29 14:00:00,6262.631,6266.3896
529,2021-08-29 15:00:00,6269.666,6233.295
530,2021-08-29 16:00:00,6219.6895,6206.171
531,2021-08-29 17:00:00,6184.325,6201.7725
532,2021-08-29 18:00:00,6193.168,6228.768
533,2021-08-29 19:00:00,6292.1035,6292.9727
534,2021-08-29 20:00:00,6415.7817,6410.226
535,2021-08-29 21:00:00,6490.257,6412.1357
536,2021-08-29 22:00:00,6359.8745,6336.259
537,2021-08-29 23:00:00,6102.763,6080.4995
538,2021-08-30 00:00:00,5909.5654,5879.244
539,2021-08-30 01:00:00,5735.9995,5595.0786
540,2021-08-30 02:00:00,5432.3726,5451.3936
541,2021-08-30 03:00:00,5369.4014,5360.9165
542,2021-08-30 04:00:00,5306.3066,5310.74
543,2021-08-30 05:00:00,5299.663,5324.814
544,2021-08-30 06:00:00,5481.5674,5512.64
545,2021-08-30 07:00:00,5875.379,5873.8794
546,2021-08-30 08:00:00,6239.737,6247.011
547,2021-08-30 09:00:00,6665.7983,6739.5317
548,2021-08-30 10:00:00,6919.4395,6910.888
549,2021-08-30 11:00:00,6995.9424,6963.238
550,2021-08-30 12:00:00,6957.036,6934.989
551,2021-08-30 13:00:00,6900.601,6865.8594
552,2021-08-30 14:00:00,6939.6523,6921.8457
553,2021-08-30 15:00:00,6963.0293,6954.3438
554,2021-08-30 16:00:00,6955.685,6927.7393
555,2021-08-30 17:00:00,6947.618,6950.989
556,2021-08-30 18:00:00,6883.983,6917.107
557,2021-08-30 19:00:00,6801.7725,6804.149
558,2021-08-30 20:00:00,6820.323,6804.6333
559,2021-08-30 21:00:00,6712.75,6674.285
560,2021-08-30 22:00:00,6500.6064,6475.3726
561,2021-08-30 23:00:00,6176.36,6148.124
562,2021-08-31 00:00:00,5873.22,6031.1626
563,2021-08-31 01:00:00,5738.9614,5623.367
564,2021-08-31 02:00:00,5478.953,5500.347
565,2021-08-31 03:00:00,5409.983,5412.4956
566,2021-08-31 04:00:00,5368.531,5375.602
567,2021-08-31 05:00:00,5366.092,5393.33
568,2021-08-31 06:00:00,5580.042,5591.967
569,2021-08-31 07:00:00,5926.473,5977.588
570,2021-08-31 08:00:00,6311.2827,6343.7983
571,2021-08-31 09:00:00,6735.3066,6712.7197
572,2021-08-31 10:00:00,6893.7563,6895.798
573,2021-08-31 11:00:00,6967.0327,6988.2236
574,2021-08-31 12:00:00,6965.9194,6925.7085
575,2021-08-31 13:00:00,6886.194,6877.281
576,2021-08-31 14:00:00,6910.9336,6983.9507
577,2021-08-31 15:00:00,7012.063,7013.6772
578,2021-08-31 16:00:00,7015.779,7036.9785
579,2021-08-31 17:00:00,7034.813,7015.9556
580,2021-08-31 18:00:00,6948.7983,6963.0117
581,2021-08-31 19:00:00,6851.93,6875.3735
582,2021-08-31 20:00:00,6847.4175,6881.0767
583,2021-08-31 21:00:00,6701.9824,6792.552
584,2021-08-31 22:00:00,6554.6167,6627.7725
585,2021-08-31 23:00:00,6226.581,6315.444
586,2021-09-01 00:00:00,6027.313,5993.3467
587,2021-09-01 01:00:00,5720.1235,5765.292
588,2021-09-01 02:00:00,5577.13,5598.3594
589,2021-09-01 03:00:00,5491.545,5492.236
590,2021-09-01 04:00:00,5453.775,5404.9097
591,2021-09-01 05:00:00,5410.8154,5454.501
592,2021-09-01 06:00:00,5618.375,5656.315
593,2021-09-01 07:00:00,5991.198,6024.972
594,2021-09-01 08:00:00,6355.3594,6355.076
595,2021-09-01 09:00:00,6734.5654,6749.243
596,2021-09-01 10:00:00,6927.267,6922.986
597,2021-09-01 11:00:00,6984.116,7062.0825
598,2021-09-01 12:00:00,7002.305,7078.581
599,2021-09-01 13:00:00,6999.8735,7019.7427
600,2021-09-01 14:00:00,7082.933,7101.5957
601,2021-09-01 15:00:00,7135.8237,7142.991
602,2021-09-01 16:00:00,7133.0737,7144.077
603,2021-09-01 17:00:00,7116.1206,7163.2817
604,2021-09-01 18:00:00,7085.145,7085.6396
605,2021-09-01 19:00:00,6975.8813,6946.971
606,2021-09-01 20:00:00,6946.3154,6978.2485
607,2021-09-01 21:00:00,6851.4746,6839.4575
608,2021-09-01 22:00:00,6619.5356,6595.9126
609,2021-09-01 23:00:00,6278.2573,6258.784
610,2021-09-02 00:00:00,6012.2773,5839.5166
611,2021-09-02 01:00:00,5685.273,5745.421
612,2021-09-02 02:00:00,5538.5195,5612.7324
613,2021-09-02 03:00:00,5480.4688,5476.4673
614,2021-09-02 04:00:00,5450.609,5352.6274
615,2021-09-02 05:00:00,5372.121,5344.554
616,2021-09-02 06:00:00,5587.6987,5524.478
617,2021-09-02 07:00:00,5944.302,5877.1313
618,2021-09-02 08:00:00,6298.185,6217.573
619,2021-09-02 09:00:00,6663.994,6617.929
620,2021-09-02 10:00:00,6898.2583,6790.376
621,2021-09-02 11:00:00,6909.6177,6856.4575
622,2021-09-02 12:00:00,6875.2305,6835.3145
623,2021-09-02 13:00:00,6828.0005,6736.241
624,2021-09-02 14:00:00,6822.121,6786.3926
625,2021-09-02 15:00:00,6826.206,6798.5664
626,2021-09-02 16:00:00,6801.4526,6780.102
627,2021-09-02 17:00:00,6793.9043,6779.7217
628,2021-09-02 18:00:00,6755.2695,6763.807
629,2021-09-02 19:00:00,6696.2812,6687.411
630,2021-09-02 20:00:00,6698.3535,6688.972
631,2021-09-02 21:00:00,6618.774,6574.408
632,2021-09-02 22:00:00,6412.553,6387.57
633,2021-09-02 23:00:00,6091.3535,6091.2476
634,2021-09-03 00:00:00,5866.8613,6100.97
635,2021-09-03 01:00:00,5689.639,5588.17
636,2021-09-03 02:00:00,5447.5938,5432.893
637,2021-09-03 03:00:00,5366.451,5337.288
638,2021-09-03 04:00:00,5304.3906,5271.174
639,2021-09-03 05:00:00,5248.7188,5295.217
640,2021-09-03 06:00:00,5492.0576,5441.821
641,2021-09-03 07:00:00,5838.745,5765.6484
642,2021-09-03 08:00:00,6171.565,6144.4106
643,2021-09-03 09:00:00,6586.025,6588.043
644,2021-09-03 10:00:00,6784.8506,6830.3687
645,2021-09-03 11:00:00,6872.33,6945.81
646,2021-09-03 12:00:00,6935.517,6950.81
647,2021-09-03 13:00:00,6887.426,6877.1074
648,2021-09-03 14:00:00,6918.878,6957.6475
649,2021-09-03 15:00:00,6988.0205,6966.437
650,2021-09-03 16:00:00,6973.985,6985.1914
651,2021-09-03 17:00:00,6968.399,6960.318
652,2021-09-03 18:00:00,6918.7944,6918.638
653,2021-09-03 19:00:00,6803.089,6817.3813
654,2021-09-03 20:00:00,6809.6123,6854.2866
655,2021-09-03 21:00:00,6728.1675,6733.1777
656,2021-09-03 22:00:00,6507.8936,6599.29
657,2021-09-03 23:00:00,6246.8643,6334.3184
658,2021-09-04 00:00:00,6020.373,6004.6167
659,2021-09-04 01:00:00,5782.553,5870.6836
660,2021-09-04 02:00:00,5624.3394,5682.597
661,2021-09-04 03:00:00,5540.587,5565.5317
662,2021-09-04 04:00:00,5488.241,5493.2456
663,2021-09-04 05:00:00,5455.5723,5479.501
664,2021-09-04 06:00:00,5517.7686,5547.4326
665,2021-09-04 07:00:00,5773.8145,5692.574
666,2021-09-04 08:00:00,5922.4233,5875.5073
667,2021-09-04 09:00:00,6184.6406,6253.8413
668,2021-09-04 10:00:00,6529.581,6475.1235
669,2021-09-04 11:00:00,6615.668,6591.9697
670,2021-09-04 12:00:00,6585.485,6624.926
671,2021-09-04 13:00:00,6561.035,6567.0513
672,2021-09-04 14:00:00,6560.909,6505.11
673,2021-09-04 15:00:00,6486.381,6566.6133
674,2021-09-04 16:00:00,6566.8,6560.764
675,2021-09-04 17:00:00,6507.7905,6533.95
676,2021-09-04 18:00:00,6514.717,6534.4004
677,2021-09-04 19:00:00,6541.905,6574.184
678,2021-09-04 20:00:00,6630.051,6508.093
679,2021-09-04 21:00:00,6523.2344,6472.5723
680,2021-09-04 22:00:00,6430.8613,6376.759
681,2021-09-04 23:00:00,6135.346,6159.983
682,2021-09-05 00:00:00,5929.2715,5996.947
683,2021-09-05 01:00:00,5736.346,5804.471
684,2021-09-05 02:00:00,5616.042,5634.2607
685,2021-09-05 03:00:00,5500.595,5520.793
686,2021-09-05 04:00:00,5454.919,5435.129
687,2021-09-05 05:00:00,5398.845,5416.8936
688,2021-09-05 06:00:00,5443.0093,5480.7856
689,2021-09-05 07:00:00,5583.475,5604.7744
690,2021-09-05 08:00:00,5735.5,5633.2295
691,2021-09-05 09:00:00,5908.427,5921.088
692,2021-09-05 10:00:00,6157.799,6081.135
693,2021-09-05 11:00:00,6187.678,6236.175
694,2021-09-05 12:00:00,6300.835,6258.08
695,2021-09-05 13:00:00,6206.393,6232.904
696,2021-09-05 14:00:00,6226.009,6291.7427
697,2021-09-05 15:00:00,6261.7837,6306.2256
698,2021-09-05 16:00:00,6286.787,6279.4746
699,2021-09-05 17:00:00,6249.9556,6302.545
700,2021-09-05 18:00:00,6290.016,6314.986
701,2021-09-05 19:00:00,6346.21,6445.9336
702,2021-09-05 20:00:00,6497.2026,6550.136
703,2021-09-05 21:00:00,6538.8193,6547.962
704,2021-09-05 22:00:00,6434.0967,6460.4717
705,2021-09-05 23:00:00,6152.2793,6198.213
706,2021-09-06 00:00:00,5930.285,6003.0664
707,2021-09-06 01:00:00,5729.909,5753.1943
708,2021-09-06 02:00:00,5557.2324,5618.126
709,2021-09-06 03:00:00,5499.927,5520.154
710,2021-09-06 04:00:00,5457.551,5443.217
711,2021-09-06 05:00:00,5420.767,5473.9727
712,2021-09-06 06:00:00,5570.7188,5623.853
713,2021-09-06 07:00:00,5930.7686,5987.041
714,2021-09-06 08:00:00,6300.6836,6437.7397
715,2021-09-06 09:00:00,6797.115,6928.96
716,2021-09-06 10:00:00,7002.7427,7190.4155
717,2021-09-06 11:00:00,7232.0015,7300.6865
718,2021-09-06 12:00:00,7315.5264,7270.0503
719,2021-09-06 13:00:00,7208.8945,7172.686
720,2021-09-06 14:00:00,7252.6724,7300.8364
721,2021-09-06 15:00:00,7313.8774,7301.353
722,2021-09-06 16:00:00,7306.465,7256.31
723,2021-09-06 17:00:00,7256.5425,7089.42
724,2021-09-06 18:00:00,7046.7188,6966.3496
725,2021-09-06 19:00:00,6922.0024,6849.4272
726,2021-09-06 20:00:00,6849.37,6846.401
727,2021-09-06 21:00:00,6740.2725,6748.309
728,2021-09-06 22:00:00,6541.986,6556.9346
729,2021-09-06 23:00:00,6247.3027,6262.0137
730,2021-09-07 00:00:00,5990.449,6128.933
731,2021-09-07 01:00:00,5810.0376,5741.891
732,2021-09-07 02:00:00,5591.712,5592.2246
733,2021-09-07 03:00:00,5482.694,5497.327
734,2021-09-07 04:00:00,5441.6035,5427.3564
735,2021-09-07 05:00:00,5448.2827,5442.652
736,2021-09-07 06:00:00,5628.1846,5583.9263
737,2021-09-07 07:00:00,5960.315,5927.2617
738,2021-09-07 08:00:00,6379.5537,6320.1504
739,2021-09-07 09:00:00,6724.01,6717.8364
740,2021-09-07 10:00:00,6952.3423,6876.997
741,2021-09-07 11:00:00,6937.042,7031.6045
742,2021-09-07 12:00:00,7061.8755,7040.131
743,2021-09-07 13:00:00,6988.8237,6860.413
744,2021-09-07 14:00:00,6943.424,7026.8354
745,2021-09-07 15:00:00,7056.2036,7028.4717
746,2021-09-07 16:00:00,7032.6675,6986.759
747,2021-09-07 17:00:00,6987.523,7001.7173
748,2021-09-07 18:00:00,6959.3765,7016.9263
749,2021-09-07 19:00:00,6887.9688,6885.597
750,2021-09-07 20:00:00,6865.064,6902.837
751,2021-09-07 21:00:00,6781.034,6804.6025
752,2021-09-07 22:00:00,6570.5596,6635.3853
753,2021-09-07 23:00:00,6291.723,6355.958
754,2021-09-08 00:00:00,6082.4956,6192.952
755,2021-09-08 01:00:00,5825.504,5896.9624
756,2021-09-08 02:00:00,5674.59,5768.8623
757,2021-09-08 03:00:00,5615.462,5612.225
758,2021-09-08 04:00:00,5541.134,5469.047
759,2021-09-08 05:00:00,5485.9087,5464.887
760,2021-09-08 06:00:00,5638.035,5623.3975
761,2021-09-08 07:00:00,5975.634,5939.9434
762,2021-09-08 08:00:00,6361.6963,6327.773
763,2021-09-08 09:00:00,6728.6343,6724.1997
764,2021-09-08 10:00:00,6926.529,6885.9194
765,2021-09-08 11:00:00,7016.0713,6997.7695
766,2021-09-08 12:00:00,7001.5493,7017.3237
767,2021-09-08 13:00:00,6927.195,6968.246
768,2021-09-08 14:00:00,7037.136,7104.6626
769,2021-09-08 15:00:00,7116.169,7100.3374
770,2021-09-08 16:00:00,7106.846,7078.483
771,2021-09-08 17:00:00,7068.0312,7106.8403
772,2021-09-08 18:00:00,7027.0,7030.052
773,2021-09-08 19:00:00,6915.7188,6906.781
774,2021-09-08 20:00:00,6906.0986,6936.3833
775,2021-09-08 21:00:00,6811.6636,6850.2163
776,2021-09-08 22:00:00,6610.8975,6691.5312
777,2021-09-08 23:00:00,6351.531,6428.8364
778,2021-09-09 00:00:00,6154.5557,6330.502
779,2021-09-09 01:00:00,5921.416,5959.832
780,2021-09-09 02:00:00,5751.8433,5780.875
781,2021-09-09 03:00:00,5627.7773,5667.281
782,2021-09-09 04:00:00,5565.0737,5587.618
783,2021-09-09 05:00:00,5557.6006,5572.152
784,2021-09-09 06:00:00,5695.9785,5697.172
785,2021-09-09 07:00:00,6023.43,6016.765
786,2021-09-09 08:00:00,6403.1724,6420.241
787,2021-09-09 09:00:00,6772.448,6899.28
788,2021-09-09 10:00:00,7040.9087,7093.43
789,2021-09-09 11:00:00,7170.537,7170.4546
790,2021-09-09 12:00:00,7115.0723,7188.4873
791,2021-09-09 13:00:00,7113.795,7144.2075
792,2021-09-09 14:00:00,7225.1836,7227.9795
793,2021-09-09 15:00:00,7239.3706,7236.31
794,2021-09-09 16:00:00,7228.73,7248.05
795,2021-09-09 17:00:00,7249.7363,7270.63
796,2021-09-09 18:00:00,7205.515,7183.7397
797,2021-09-09 19:00:00,7075.525,7068.1367
798,2021-09-09 20:00:00,7084.4746,7083.175
799,2021-09-09 21:00:00,6982.303,6994.759
800,2021-09-09 22:00:00,6741.9873,6850.838
801,2021-09-09 23:00:00,6533.601,6581.5107
802,2021-09-10 00:00:00,6346.3657,6115.934
803,2021-09-10 01:00:00,5928.5513,6069.4517
804,2021-09-10 02:00:00,5800.612,5877.5566
805,2021-09-10 03:00:00,5727.136,5746.6396
806,2021-09-10 04:00:00,5646.739,5673.7773
807,2021-09-10 05:00:00,5673.984,5646.4966
808,2021-09-10 06:00:00,5730.4336,5669.1313
809,2021-09-10 07:00:00,6001.2275,5939.593
810,2021-09-10 08:00:00,6408.3687,6305.707
811,2021-09-10 09:00:00,6738.4077,6706.318
812,2021-09-10 10:00:00,6968.4277,6898.82
813,2021-09-10 11:00:00,7049.009,7034.5576
814,2021-09-10 12:00:00,7078.3213,7049.8584
815,2021-09-10 13:00:00,6994.335,6958.3438
816,2021-09-10 14:00:00,7090.727,7053.262
817,2021-09-10 15:00:00,7086.8633,7072.3257
818,2021-09-10 16:00:00,7107.897,7052.531
819,2021-09-10 17:00:00,7058.62,7052.9463
820,2021-09-10 18:00:00,7030.6846,6966.9565
821,2021-09-10 19:00:00,6928.4546,6842.928
822,2021-09-10 20:00:00,6894.4995,6843.14
823,2021-09-10 21:00:00,6818.915,6723.9414
824,2021-09-10 22:00:00,6580.436,6601.073
825,2021-09-10 23:00:00,6367.136,6349.619
826,2021-09-11 00:00:00,6127.9263,6223.9927
827,2021-09-11 01:00:00,5950.6724,5877.5894
828,2021-09-11 02:00:00,5742.7476,5700.507
829,2021-09-11 03:00:00,5599.111,5579.4316
830,2021-09-11 04:00:00,5499.491,5491.745
831,2021-09-11 05:00:00,5494.2983,5447.1846
832,2021-09-11 06:00:00,5529.5073,5523.126
833,2021-09-11 07:00:00,5658.148,5737.576
834,2021-09-11 08:00:00,5948.1636,5879.3325
835,2021-09-11 09:00:00,6177.55,6237.8755
836,2021-09-11 10:00:00,6487.8926,6501.9907
837,2021-09-11 11:00:00,6576.102,6675.596
838,2021-09-11 12:00:00,6685.3325,6696.098
839,2021-09-11 13:00:00,6664.161,6631.947
840,2021-09-11 14:00:00,6602.5273,6605.5967
841,2021-09-11 15:00:00,6595.763,6572.874
842,2021-09-11 16:00:00,6573.737,6556.0977
843,2021-09-11 17:00:00,6518.3105,6547.3696
844,2021-09-11 18:00:00,6525.734,6537.7773
845,2021-09-11 19:00:00,6553.09,6592.3223
846,2021-09-11 20:00:00,6614.1323,6703.121
847,2021-09-11 21:00:00,6673.0713,6693.322
848,2021-09-11 22:00:00,6572.5024,6645.496
849,2021-09-11 23:00:00,6398.5273,6428.0664
850,2021-09-12 00:00:00,6124.793,6060.9067
851,2021-09-12 01:00:00,5889.9155,5978.233
852,2021-09-12 02:00:00,5761.707,5808.4927
853,2021-09-12 03:00:00,5668.525,5684.7256
854,2021-09-12 04:00:00,5607.5605,5593.823
855,2021-09-12 05:00:00,5579.5913,5560.727
856,2021-09-12 06:00:00,5589.5986,5610.8486
857,2021-09-12 07:00:00,5693.083,5728.246
858,2021-09-12 08:00:00,5850.4517,5778.332
859,2021-09-12 09:00:00,6049.056,6035.018
860,2021-09-12 10:00:00,6229.0537,6223.5156
861,2021-09-12 11:00:00,6333.755,6371.871
862,2021-09-12 12:00:00,6392.194,6386.5303
863,2021-09-12 13:00:00,6360.3667,6367.291
864,2021-09-12 14:00:00,6334.567,6425.0137
865,2021-09-12 15:00:00,6386.72,6415.136
866,2021-09-12 16:00:00,6389.8813,6392.3125
867,2021-09-12 17:00:00,6414.6675,6402.3286
868,2021-09-12 18:00:00,6422.748,6427.879
869,2021-09-12 19:00:00,6476.9487,6428.064
870,2021-09-12 20:00:00,6532.7905,6567.6445
871,2021-09-12 21:00:00,6594.95,6600.9854
872,2021-09-12 22:00:00,6570.353,6519.433
873,2021-09-12 23:00:00,6306.5083,6281.92
874,2021-09-13 00:00:00,6032.08,5998.5996
875,2021-09-13 01:00:00,5818.107,5817.3374
876,2021-09-13 02:00:00,5627.65,5664.6895
877,2021-09-13 03:00:00,5558.26,5566.3096
878,2021-09-13 04:00:00,5516.424,5500.1733
879,2021-09-13 05:00:00,5477.0825,5504.2363
880,2021-09-13 06:00:00,5581.7124,5631.298
881,2021-09-13 07:00:00,5947.2515,6003.1357
882,2021-09-13 08:00:00,6381.7285,6384.0015
883,2021-09-13 09:00:00,6747.741,6859.6313
884,2021-09-13 10:00:00,7057.4077,7016.7236
885,2021-09-13 11:00:00,7091.8237,7088.048
886,2021-09-13 12:00:00,7063.364,7058.5938
887,2021-09-13 13:00:00,7041.3877,6972.6777
888,2021-09-13 14:00:00,7086.223,7059.1777
889,2021-09-13 15:00:00,7061.419,7019.1914
890,2021-09-13 16:00:00,7049.141,6970.6045
891,2021-09-13 17:00:00,6954.334,6991.486
892,2021-09-13 18:00:00,6949.027,6928.5444
893,2021-09-13 19:00:00,6889.54,6857.1333
894,2021-09-13 20:00:00,6877.6973,6853.096
895,2021-09-13 21:00:00,6779.5205,6768.947
896,2021-09-13 22:00:00,6599.178,6605.118
897,2021-09-13 23:00:00,6319.587,6266.9424
898,2021-09-14 00:00:00,6055.6924,6104.3057
899,2021-09-14 01:00:00,5821.444,5746.9453
900,2021-09-14 02:00:00,5598.8486,5617.4546
901,2021-09-14 03:00:00,5529.95,5511.915
902,2021-09-14 04:00:00,5450.5073,5445.623
903,2021-09-14 05:00:00,5450.9727,5451.2637
904,2021-09-14 06:00:00,5635.7793,5638.207
905,2021-09-14 07:00:00,5986.1724,5994.5396
906,2021-09-14 08:00:00,6387.9346,6354.7607
907,2021-09-14 09:00:00,6793.635,6793.666
908,2021-09-14 10:00:00,7006.6567,6992.65
909,2021-09-14 11:00:00,7062.85,7073.5586
910,2021-09-14 12:00:00,7052.413,7104.047
911,2021-09-14 13:00:00,6992.2856,7048.7954
912,2021-09-14 14:00:00,7092.736,7118.039
913,2021-09-14 15:00:00,7139.007,7165.105
914,2021-09-14 16:00:00,7172.165,7177.0425
915,2021-09-14 17:00:00,7161.616,7139.552
916,2021-09-14 18:00:00,7085.1167,7073.1685
917,2021-09-14 19:00:00,7006.716,6974.503
918,2021-09-14 20:00:00,6959.2427,6955.865
919,2021-09-14 21:00:00,6857.72,6863.223
920,2021-09-14 22:00:00,6637.168,6687.195
921,2021-09-14 23:00:00,6334.9756,6380.1743
922,2021-09-15 00:00:00,6140.0493,6254.349
923,2021-09-15 01:00:00,5883.7686,5846.278
924,2021-09-15 02:00:00,5667.4214,5679.6685
925,2021-09-15 03:00:00,5560.583,5597.6934
926,2021-09-15 04:00:00,5504.1577,5531.003
927,2021-09-15 05:00:00,5525.0073,5514.567
928,2021-09-15 06:00:00,5680.705,5710.7812
929,2021-09-15 07:00:00,6037.7637,6073.2217
930,2021-09-15 08:00:00,6410.451,6419.5806
931,2021-09-15 09:00:00,6822.975,6881.7925
932,2021-09-15 10:00:00,7049.03,7080.213
933,2021-09-15 11:00:00,7134.259,7201.1934
934,2021-09-15 12:00:00,7146.787,7235.6724
935,2021-09-15 13:00:00,7106.2676,7153.9956
936,2021-09-15 14:00:00,7209.788,7219.6235
937,2021-09-15 15:00:00,7224.3467,7203.0996
938,2021-09-15 16:00:00,7200.645,7226.827
939,2021-09-15 17:00:00,7229.0586,7250.814
940,2021-09-15 18:00:00,7187.9844,7179.504
941,2021-09-15 19:00:00,7040.7236,7080.352
942,2021-09-15 20:00:00,7048.3213,7091.4824
943,2021-09-15 21:00:00,7007.7686,7014.833
944,2021-09-15 22:00:00,6755.088,6860.191
945,2021-09-15 23:00:00,6488.2705,6541.264
946,2021-09-16 00:00:00,6284.5176,6277.1685
947,2021-09-16 01:00:00,5938.1177,5974.0493
948,2021-09-16 02:00:00,5788.7285,5799.4106
949,2021-09-16 03:00:00,5658.3887,5680.0957
950,2021-09-16 04:00:00,5611.687,5611.0264
951,2021-09-16 05:00:00,5586.832,5625.6694
952,2021-09-16 06:00:00,5736.9263,5802.2144
953,2021-09-16 07:00:00,6087.0137,6156.0864
954,2021-09-16 08:00:00,6481.732,6490.209
955,2021-09-16 09:00:00,6886.359,6946.588
956,2021-09-16 10:00:00,7136.88,7130.639
957,2021-09-16 11:00:00,7225.648,7310.0747
958,2021-09-16 12:00:00,7260.8545,7312.994
959,2021-09-16 13:00:00,7184.36,7289.7173
960,2021-09-16 14:00:00,7326.862,7340.6777
961,2021-09-16 15:00:00,7372.6724,7201.455
962,2021-09-16 16:00:00,7261.7324,7335.787
963,2021-09-16 17:00:00,7288.1675,7303.6123
964,2021-09-16 18:00:00,7241.3164,7208.5747
965,2021-09-16 19:00:00,7123.419,7095.6987
966,2021-09-16 20:00:00,7085.196,7085.494
967,2021-09-16 21:00:00,7028.1807,6987.35
968,2021-09-16 22:00:00,6802.115,6839.4146
969,2021-09-16 23:00:00,6526.3594,6545.313
970,2021-09-17 00:00:00,6296.549,6370.6064
971,2021-09-17 01:00:00,6003.233,6001.527
972,2021-09-17 02:00:00,5830.46,5829.924
973,2021-09-17 03:00:00,5689.4087,5714.6284
974,2021-09-17 04:00:00,5633.1973,5650.314
975,2021-09-17 05:00:00,5648.5576,5639.8574
976,2021-09-17 06:00:00,5793.326,5785.3936
977,2021-09-17 07:00:00,6141.7607,6123.89
978,2021-09-17 08:00:00,6510.5215,6454.082
979,2021-09-17 09:00:00,6887.683,6950.645
980,2021-09-17 10:00:00,7124.073,7154.2563
981,2021-09-17 11:00:00,7289.7324,7293.48
982,2021-09-17 12:00:00,7299.9624,7304.0
983,2021-09-17 13:00:00,7242.308,7196.1113
984,2021-09-17 14:00:00,7305.4023,7319.754
985,2021-09-17 15:00:00,7284.832,7351.7446
986,2021-09-17 16:00:00,7322.6504,7391.4736
987,2021-09-17 17:00:00,7342.0767,7369.452
988,2021-09-17 18:00:00,7300.323,7255.948
989,2021-09-17 19:00:00,7143.9814,7091.5205
990,2021-09-17 20:00:00,7116.7046,7075.494
991,2021-09-17 21:00:00,6997.7144,7006.39
992,2021-09-17 22:00:00,6812.4326,6855.1787
993,2021-09-17 23:00:00,6566.552,6603.995
994,2021-09-18 00:00:00,6403.4023,6254.614
995,2021-09-18 01:00:00,6023.898,6118.7275
996,2021-09-18 02:00:00,5884.92,5945.1553
997,2021-09-18 03:00:00,5810.728,5807.5586
998,2021-09-18 04:00:00,5715.476,5698.802
999,2021-09-18 05:00:00,5647.2773,5667.7983
1000,2021-09-18 06:00:00,5760.3306,5718.9575
1001,2021-09-18 07:00:00,5859.688,5871.8154
1002,2021-09-18 08:00:00,6067.598,6036.2563
1003,2021-09-18 09:00:00,6397.035,6412.845
1004,2021-09-18 10:00:00,6668.7983,6628.5894
1005,2021-09-18 11:00:00,6704.083,6772.4272
1006,2021-09-18 12:00:00,6785.4106,6773.1694
1007,2021-09-18 13:00:00,6721.828,6696.2627
1008,2021-09-18 14:00:00,6701.2583,6717.0327
1009,2021-09-18 15:00:00,6700.256,6706.7437
1010,2021-09-18 16:00:00,6701.2524,6622.189
1011,2021-09-18 17:00:00,6618.4937,6528.3716
1012,2021-09-18 18:00:00,6537.6836,6522.367
1013,2021-09-18 19:00:00,6582.8633,6613.619
1014,2021-09-18 20:00:00,6671.5454,6715.009
1015,2021-09-18 21:00:00,6722.399,6732.3438
1016,2021-09-18 22:00:00,6656.7925,6651.179
1017,2021-09-18 23:00:00,6421.3496,6423.26
1018,2021-09-19 00:00:00,6181.725,5994.7275
1019,2021-09-19 01:00:00,5932.0093,6019.322
1020,2021-09-19 02:00:00,5826.7227,5832.1035
1021,2021-09-19 03:00:00,5708.02,5714.755
1022,2021-09-19 04:00:00,5642.121,5608.1025
1023,2021-09-19 05:00:00,5558.563,5560.367
1024,2021-09-19 06:00:00,5593.7456,5608.2627
1025,2021-09-19 07:00:00,5724.83,5729.286
1026,2021-09-19 08:00:00,5844.284,5786.054
1027,2021-09-19 09:00:00,6075.916,6003.7085
1028,2021-09-19 10:00:00,6255.2954,6161.905
1029,2021-09-19 11:00:00,6272.978,6304.4165
1030,2021-09-19 12:00:00,6333.8887,6294.4355
1031,2021-09-19 13:00:00,6283.656,6266.575
1032,2021-09-19 14:00:00,6270.0405,6252.6074
1033,2021-09-19 15:00:00,6246.92,6222.5967
1034,2021-09-19 16:00:00,6193.9067,6189.113
1035,2021-09-19 17:00:00,6199.4067,6190.594
1036,2021-09-19 18:00:00,6216.7812,6220.362
1037,2021-09-19 19:00:00,6276.661,6361.146
1038,2021-09-19 20:00:00,6497.6,6490.0283
1039,2021-09-19 21:00:00,6546.69,6544.906
1040,2021-09-19 22:00:00,6514.7686,6480.3926
1041,2021-09-19 23:00:00,6287.2905,6223.7495
1042,2021-09-20 00:00:00,5989.826,6224.0566
1043,2021-09-20 01:00:00,5862.514,5740.8687
1044,2021-09-20 02:00:00,5624.8926,5598.4487
1045,2021-09-20 03:00:00,5493.692,5498.256
1046,2021-09-20 04:00:00,5450.564,5439.465
1047,2021-09-20 05:00:00,5434.8657,5432.4956
1048,2021-09-20 06:00:00,5626.616,5618.8784
1049,2021-09-20 07:00:00,6000.317,5983.264
1050,2021-09-20 08:00:00,6383.9746,6333.3164
1051,2021-09-20 09:00:00,6770.1562,6848.3496
1052,2021-09-20 10:00:00,7050.6787,7031.213
1053,2021-09-20 11:00:00,7110.4414,7209.889
1054,2021-09-20 12:00:00,7186.3535,7230.463
1055,2021-09-20 13:00:00,7151.527,7122.463
1056,2021-09-20 14:00:00,7191.2007,7208.806
1057,2021-09-20 15:00:00,7220.3325,7243.0117
1058,2021-09-20 16:00:00,7242.6494,7256.613
1059,2021-09-20 17:00:00,7243.4575,7281.837
1060,2021-09-20 18:00:00,7230.047,7185.8984
1061,2021-09-20 19:00:00,7100.1265,7027.704
1062,2021-09-20 20:00:00,7015.9194,7037.022
1063,2021-09-20 21:00:00,6970.4263,6935.395
1064,2021-09-20 22:00:00,6723.1743,6825.546
1065,2021-09-20 23:00:00,6434.115,6503.2534
1066,2021-09-21 00:00:00,6266.442,6197.7915
1067,2021-09-21 01:00:00,5927.3037,5927.593
1068,2021-09-21 02:00:00,5746.044,5748.346
1069,2021-09-21 03:00:00,5613.605,5624.946
1070,2021-09-21 04:00:00,5571.122,5564.322
1071,2021-09-21 05:00:00,5526.2144,5564.663
1072,2021-09-21 06:00:00,5695.5137,5729.308
1073,2021-09-21 07:00:00,6087.2485,6088.2373
1074,2021-09-21 08:00:00,6461.3555,6423.739
1075,2021-09-21 09:00:00,6894.692,6896.448
1076,2021-09-21 10:00:00,7111.848,7152.7607
1077,2021-09-21 11:00:00,7250.017,7193.45
1078,2021-09-21 12:00:00,7232.7563,7107.4575
1079,2021-09-21 13:00:00,7104.189,7094.0923
1080,2021-09-21 14:00:00,7199.7725,7231.2744
1081,2021-09-21 15:00:00,7229.7656,7296.863
1082,2021-09-21 16:00:00,7311.4463,7306.937
1083,2021-09-21 17:00:00,7302.732,7225.1084
1084,2021-09-21 18:00:00,7159.9136,7094.3438
1085,2021-09-21 19:00:00,7002.694,6979.507
1086,2021-09-21 20:00:00,6976.2437,6972.3193
1087,2021-09-21 21:00:00,6903.1807,6909.2617
1088,2021-09-21 22:00:00,6745.1206,6761.734
1089,2021-09-21 23:00:00,6456.755,6466.5776
1090,2021-09-22 00:00:00,6204.63,6305.326
1091,2021-09-22 01:00:00,5954.6123,5905.9106
1092,2021-09-22 02:00:00,5723.8594,5635.2046
1093,2021-09-22 03:00:00,5574.46,5495.7515
1094,2021-09-22 04:00:00,5475.045,5453.057
1095,2021-09-22 05:00:00,5458.067,5475.614
1096,2021-09-22 06:00:00,5688.9595,5667.8926
1097,2021-09-22 07:00:00,6042.223,6068.0137
1098,2021-09-22 08:00:00,6418.792,6396.8213
1099,2021-09-22 09:00:00,6846.547,6848.8237
1100,2021-09-22 10:00:00,7080.959,7047.205
1101,2021-09-22 11:00:00,7186.308,7201.361
1102,2021-09-22 12:00:00,7204.183,7224.409
1103,2021-09-22 13:00:00,7099.694,7178.8013
1104,2021-09-22 14:00:00,7275.6406,7228.857
1105,2021-09-22 15:00:00,7270.6133,7276.843
1106,2021-09-22 16:00:00,7296.515,7305.99
1107,2021-09-22 17:00:00,7295.7856,7304.6025
1108,2021-09-22 18:00:00,7215.275,7226.991
1109,2021-09-22 19:00:00,7062.84,7095.88
1110,2021-09-22 20:00:00,7063.8564,7086.6333
1111,2021-09-22 21:00:00,6978.346,7020.5728
1112,2021-09-22 22:00:00,6812.489,6872.6665
1113,2021-09-22 23:00:00,6517.178,6579.6
1114,2021-09-23 00:00:00,6276.551,6354.4517
1115,2021-09-23 01:00:00,5986.9414,6031.711
1116,2021-09-23 02:00:00,5811.61,5868.5503
1117,2021-09-23 03:00:00,5716.959,5742.9995
1118,2021-09-23 04:00:00,5662.03,5583.0537
1119,2021-09-23 05:00:00,5544.09,5562.3306
1120,2021-09-23 06:00:00,5733.3364,5726.3657
1121,2021-09-23 07:00:00,6098.0127,6065.677
1122,2021-09-23 08:00:00,6444.9756,6391.327
1123,2021-09-23 09:00:00,6858.95,6844.941
1124,2021-09-23 10:00:00,7092.2754,7063.6553
1125,2021-09-23 11:00:00,7216.158,7233.878
1126,2021-09-23 12:00:00,7209.6245,7169.0728
1127,2021-09-23 13:00:00,7142.7637,7095.887
1128,2021-09-23 14:00:00,7248.1377,7184.232
1129,2021-09-23 15:00:00,7249.893,7227.7354
1130,2021-09-23 16:00:00,7266.5723,7222.8447
1131,2021-09-23 17:00:00,7244.186,7313.8384
1132,2021-09-23 18:00:00,7210.226,7231.772
1133,2021-09-23 19:00:00,7065.916,7107.367
1134,2021-09-23 20:00:00,7080.65,7146.528
1135,2021-09-23 21:00:00,7039.195,7066.4062
1136,2021-09-23 22:00:00,6827.844,6905.01
1137,2021-09-23 23:00:00,6563.0117,6613.8647
1138,2021-09-24 00:00:00,6336.87,6358.569
1139,2021-09-24 01:00:00,6000.99,6087.462
1140,2021-09-24 02:00:00,5884.754,5912.429
1141,2021-09-24 03:00:00,5736.594,5796.0835
1142,2021-09-24 04:00:00,5699.578,5715.099
1143,2021-09-24 05:00:00,5676.6226,5707.4395
1144,2021-09-24 06:00:00,5788.5693,5854.262
1145,2021-09-24 07:00:00,6121.274,6193.7383
1146,2021-09-24 08:00:00,6489.611,6521.766
1147,2021-09-24 09:00:00,6903.0605,6978.505
1148,2021-09-24 10:00:00,7142.3936,7220.6543
1149,2021-09-24 11:00:00,7301.4395,7330.127
1150,2021-09-24 12:00:00,7288.3276,7344.7583
1151,2021-09-24 13:00:00,7233.214,7295.2173
1152,2021-09-24 14:00:00,7364.6123,7435.2524
1153,2021-09-24 15:00:00,7455.362,7466.1255
1154,2021-09-24 16:00:00,7464.884,7356.0166
1155,2021-09-24 17:00:00,7370.7783,7359.9395
1156,2021-09-24 18:00:00,7264.244,7223.927
1157,2021-09-24 19:00:00,7117.9043,7065.8296
1158,2021-09-24 20:00:00,7092.5205,7054.791
1159,2021-09-24 21:00:00,7039.5576,6961.029
1160,2021-09-24 22:00:00,6813.6875,6828.8174
1161,2021-09-24 23:00:00,6572.6646,6580.9473
1162,2021-09-25 00:00:00,6327.372,6226.389
1163,2021-09-25 01:00:00,6026.86,6103.209
1164,2021-09-25 02:00:00,5912.825,5915.5317
1165,2021-09-25 03:00:00,5783.886,5786.4087
1166,2021-09-25 04:00:00,5679.1646,5703.24
1167,2021-09-25 05:00:00,5655.382,5679.2383
1168,2021-09-25 06:00:00,5743.163,5726.7124
1169,2021-09-25 07:00:00,5899.915,5875.685
1170,2021-09-25 08:00:00,6058.2886,6015.0728
1171,2021-09-25 09:00:00,6364.8486,6394.511
1172,2021-09-25 10:00:00,6667.7056,6621.782
1173,2021-09-25 11:00:00,6723.6323,6758.445
1174,2021-09-25 12:00:00,6775.8438,6690.0547
1175,2021-09-25 13:00:00,6624.6074,6641.506
1176,2021-09-25 14:00:00,6640.6914,6654.634
1177,2021-09-25 15:00:00,6634.3667,6666.572
1178,2021-09-25 16:00:00,6611.152,6653.2563
1179,2021-09-25 17:00:00,6610.803,6673.6133
1180,2021-09-25 18:00:00,6665.31,6605.7334
1181,2021-09-25 19:00:00,6629.4727,6665.0625
1182,2021-09-25 20:00:00,6705.622,6739.1562
1183,2021-09-25 21:00:00,6764.754,6709.347
1184,2021-09-25 22:00:00,6634.884,6628.9316
1185,2021-09-25 23:00:00,6424.6807,6397.0215
1186,2021-09-26 00:00:00,6137.4316,6057.427
1187,2021-09-26 01:00:00,5983.562,5979.004
1188,2021-09-26 02:00:00,5795.9336,5799.124
1189,2021-09-26 03:00:00,5686.399,5662.6035
1190,2021-09-26 04:00:00,5593.23,5575.0073
1191,2021-09-26 05:00:00,5510.9883,5539.256
1192,2021-09-26 06:00:00,5563.9907,5601.307
1193,2021-09-26 07:00:00,5706.389,5724.4595
1194,2021-09-26 08:00:00,5815.181,5778.32
1195,2021-09-26 09:00:00,6056.1523,6049.457
1196,2021-09-26 10:00:00,6276.6333,6291.909
1197,2021-09-26 11:00:00,6388.8667,6408.1587
1198,2021-09-26 12:00:00,6396.7456,6454.5527
1199,2021-09-26 13:00:00,6410.103,6348.0337
1200,2021-09-26 14:00:00,6355.4136,6440.5386
1201,2021-09-26 15:00:00,6446.525,6488.488
1202,2021-09-26 16:00:00,6477.69,6519.169
1203,2021-09-26 17:00:00,6490.348,6499.8096
1204,2021-09-26 18:00:00,6492.9062,6495.2036
1205,2021-09-26 19:00:00,6552.647,6550.82
1206,2021-09-26 20:00:00,6656.88,6654.997
1207,2021-09-26 21:00:00,6690.95,6673.4683
1208,2021-09-26 22:00:00,6583.4443,6560.082
1209,2021-09-26 23:00:00,6344.8286,6315.597
1210,2021-09-27 00:00:00,6039.609,6000.0103
1211,2021-09-27 01:00:00,5887.92,5760.0396
1212,2021-09-27 02:00:00,5631.7075,5607.164
1213,2021-09-27 03:00:00,5526.906,5519.4453
1214,2021-09-27 04:00:00,5478.3296,5450.493
1215,2021-09-27 05:00:00,5457.516,5472.2383
1216,2021-09-27 06:00:00,5629.041,5627.775
1217,2021-09-27 07:00:00,6024.4473,5983.648
1218,2021-09-27 08:00:00,6387.1533,6385.2705
1219,2021-09-27 09:00:00,6843.5923,6841.121
1220,2021-09-27 10:00:00,7085.634,7080.6924
1221,2021-09-27 11:00:00,7184.719,7227.664
1222,2021-09-27 12:00:00,7209.8066,7249.107
1223,2021-09-27 13:00:00,7152.859,7209.407
1224,2021-09-27 14:00:00,7319.797,7211.112
1225,2021-09-27 15:00:00,7251.8877,7176.477
1226,2021-09-27 16:00:00,7218.2925,7181.602
1227,2021-09-27 17:00:00,7218.0005,7127.139
1228,2021-09-27 18:00:00,7075.0527,7017.7446
1229,2021-09-27 19:00:00,6945.129,6935.311
1230,2021-09-27 20:00:00,6950.081,6892.079
1231,2021-09-27 21:00:00,6847.382,6751.615
1232,2021-09-27 22:00:00,6639.391,6573.281
1233,2021-09-27 23:00:00,6313.754,6263.5073
1234,2021-09-28 00:00:00,5989.6025,5974.816
1235,2021-09-28 01:00:00,5767.99,5749.9795
1236,2021-09-28 02:00:00,5604.939,5599.7314
1237,2021-09-28 03:00:00,5523.7285,5490.2437
1238,2021-09-28 04:00:00,5468.7285,5419.156
1239,2021-09-28 05:00:00,5414.134,5417.9844
1240,2021-09-28 06:00:00,5650.754,5573.0435
1241,2021-09-28 07:00:00,5977.0215,5915.082
1242,2021-09-28 08:00:00,6382.129,6276.689
1243,2021-09-28 09:00:00,6776.3027,6717.411
1244,2021-09-28 10:00:00,7035.5854,6925.8477
1245,2021-09-28 11:00:00,7093.03,7016.4634
1246,2021-09-28 12:00:00,7052.0938,7011.172
1247,2021-09-28 13:00:00,6970.8496,7008.853
1248,2021-09-28 14:00:00,7077.8105,7121.9053
1249,2021-09-28 15:00:00,7180.527,7140.927
1250,2021-09-28 16:00:00,7169.822,7149.821
1251,2021-09-28 17:00:00,7132.098,7120.952
1252,2021-09-28 18:00:00,7029.166,7032.2993
1253,2021-09-28 19:00:00,6946.6426,6897.347
1254,2021-09-28 20:00:00,6905.89,6848.212
1255,2021-09-28 21:00:00,6789.3213,6728.3804
1256,2021-09-28 22:00:00,6588.141,6541.8984
1257,2021-09-28 23:00:00,6265.391,6239.3296
1258,2021-09-29 00:00:00,5976.455,6129.676
1259,2021-09-29 01:00:00,5813.6226,5734.5825
1260,2021-09-29 02:00:00,5591.6763,5581.7104
1261,2021-09-29 03:00:00,5463.754,5474.2754
1262,2021-09-29 04:00:00,5423.892,5407.165
1263,2021-09-29 05:00:00,5406.2476,5428.478
1264,2021-09-29 06:00:00,5590.119,5584.1533
1265,2021-09-29 07:00:00,5965.6816,5918.4756
1266,2021-09-29 08:00:00,6324.147,6281.0586
1267,2021-09-29 09:00:00,6743.3726,6750.897
1268,2021-09-29 10:00:00,6967.747,6965.7817
1269,2021-09-29 11:00:00,7072.362,7104.443
1270,2021-09-29 12:00:00,7127.8037,7143.4854
1271,2021-09-29 13:00:00,7083.3936,7084.4233
1272,2021-09-29 14:00:00,7162.4624,7168.6406
1273,2021-09-29 15:00:00,7209.092,7159.9453
1274,2021-09-29 16:00:00,7173.186,7206.0786
1275,2021-09-29 17:00:00,7170.3213,7224.078
1276,2021-09-29 18:00:00,7101.8813,7158.838
1277,2021-09-29 19:00:00,6965.794,7057.2456
1278,2021-09-29 20:00:00,7007.825,7036.4277
1279,2021-09-29 21:00:00,6934.5293,6941.3853
1280,2021-09-29 22:00:00,6749.705,6745.933
1281,2021-09-29 23:00:00,6411.864,6424.437
1282,2021-09-30 00:00:00,6163.487,5898.579
1283,2021-09-30 01:00:00,5711.587,5866.1416
1284,2021-09-30 02:00:00,5639.051,5703.72
1285,2021-09-30 03:00:00,5585.442,5604.7393
1286,2021-09-30 04:00:00,5532.868,5535.896
1287,2021-09-30 05:00:00,5538.1343,5524.295
1288,2021-09-30 06:00:00,5637.56,5636.0283
1289,2021-09-30 07:00:00,5970.4927,5945.5957
1290,2021-09-30 08:00:00,6330.886,6309.105
1291,2021-09-30 09:00:00,6763.788,6723.957
1292,2021-09-30 10:00:00,6998.0137,6858.9834
1293,2021-09-30 11:00:00,7042.5625,6956.0938
1294,2021-09-30 12:00:00,6955.018,6911.1865
1295,2021-09-30 13:00:00,6906.928,6870.663
1296,2021-09-30 14:00:00,6956.7095,6920.6562
1297,2021-09-30 15:00:00,6936.437,6840.2563
1298,2021-09-30 16:00:00,6891.5225,6778.966
1299,2021-09-30 17:00:00,6791.855,6794.3784
1300,2021-09-30 18:00:00,6744.5293,6786.373
1301,2021-09-30 19:00:00,6741.5264,6733.7036
1302,2021-09-30 20:00:00,6742.545,6720.6772
1303,2021-09-30 21:00:00,6672.1426,6604.102
1304,2021-09-30 22:00:00,6523.1406,6403.8506
1305,2021-09-30 23:00:00,6202.935,6125.7227
1306,2021-10-01 00:00:00,5929.9146,5805.5825
1307,2021-10-01 01:00:00,5646.5312,5664.706
1308,2021-10-01 02:00:00,5541.22,5521.1562
1309,2021-10-01 03:00:00,5447.304,5422.3027
1310,2021-10-01 04:00:00,5386.245,5365.5146
1311,2021-10-01 05:00:00,5358.321,5379.791
1312,2021-10-01 06:00:00,5562.3525,5521.288
1313,2021-10-01 07:00:00,5896.0176,5906.655
1314,2021-10-01 08:00:00,6280.8574,6258.212
1315,2021-10-01 09:00:00,6662.4463,6699.031
1316,2021-10-01 10:00:00,6858.9126,6892.362
1317,2021-10-01 11:00:00,6928.313,7017.152
1318,2021-10-01 12:00:00,6988.813,7016.236
1319,2021-10-01 13:00:00,6978.842,6957.0483
1320,2021-10-01 14:00:00,7025.257,7051.9033
1321,2021-10-01 15:00:00,7087.997,7040.636
1322,2021-10-01 16:00:00,7043.3423,7052.5386
1323,2021-10-01 17:00:00,7017.3813,6987.516
1324,2021-10-01 18:00:00,6912.529,6856.3193
1325,2021-10-01 19:00:00,6772.319,6750.3804
1326,2021-10-01 20:00:00,6719.97,6667.569
1327,2021-10-01 21:00:00,6601.424,6533.712
1328,2021-10-01 22:00:00,6442.9346,6341.616
1329,2021-10-01 23:00:00,6136.3037,6046.5083
1330,2021-10-02 00:00:00,5795.5566,5871.994
1331,2021-10-02 01:00:00,5679.6343,5562.619
1332,2021-10-02 02:00:00,5454.6807,5421.883
1333,2021-10-02 03:00:00,5343.595,5307.3555
1334,2021-10-02 04:00:00,5265.3154,5226.9165
1335,2021-10-02 05:00:00,5208.2876,5220.5317
1336,2021-10-02 06:00:00,5288.7495,5295.296
1337,2021-10-02 07:00:00,5447.0483,5475.1665
1338,2021-10-02 08:00:00,5694.8755,5652.054
1339,2021-10-02 09:00:00,5993.244,5993.0522
1340,2021-10-02 10:00:00,6185.937,6200.343
1341,2021-10-02 11:00:00,6242.2144,6335.308
1342,2021-10-02 12:00:00,6315.556,6380.0747
1343,2021-10-02 13:00:00,6361.264,6322.192
1344,2021-10-02 14:00:00,6364.842,6326.724
1345,2021-10-02 15:00:00,6346.9775,6341.0566
1346,2021-10-02 16:00:00,6335.3486,6308.646
1347,2021-10-02 17:00:00,6287.8623,6316.415
1348,2021-10-02 18:00:00,6277.1167,6351.74
1349,2021-10-02 19:00:00,6368.2393,6437.403
1350,2021-10-02 20:00:00,6496.5957,6513.7354
1351,2021-10-02 21:00:00,6533.649,6467.8594
1352,2021-10-02 22:00:00,6387.9507,6339.757
1353,2021-10-02 23:00:00,6104.287,6098.2295
1354,2021-10-03 00:00:00,5861.016,5934.2363
1355,2021-10-03 01:00:00,5725.9595,5653.293
1356,2021-10-03 02:00:00,5509.575,5478.582
1357,2021-10-03 03:00:00,5413.198,5382.994
1358,2021-10-03 04:00:00,5330.3525,5290.833
1359,2021-10-03 05:00:00,5268.5137,5262.463
1360,2021-10-03 06:00:00,5257.254,5294.8345
1361,2021-10-03 07:00:00,5354.2812,5451.064
1362,2021-10-03 08:00:00,5548.6343,5517.413
1363,2021-10-03 09:00:00,5880.5283,5762.216
1364,2021-10-03 10:00:00,5983.9893,5991.2866
1365,2021-10-03 11:00:00,6118.386,6106.8086
1366,2021-10-03 12:00:00,6103.59,6148.981
1367,2021-10-03 13:00:00,6106.978,6174.8643
1368,2021-10-03 14:00:00,6181.321,6239.799
1369,2021-10-03 15:00:00,6236.825,6268.165
1370,2021-10-03 16:00:00,6283.2007,6219.64
1371,2021-10-03 17:00:00,6235.8423,6222.068
1372,2021-10-03 18:00:00,6235.252,6279.822
1373,2021-10-03 19:00:00,6358.695,6412.487
1374,2021-10-03 20:00:00,6500.541,6547.4146
1375,2021-10-03 21:00:00,6555.678,6540.5215
1376,2021-10-03 22:00:00,6382.575,6433.987
1377,2021-10-03 23:00:00,6168.973,6170.355
1378,2021-10-04 00:00:00,5900.565,6256.4688
1379,2021-10-04 01:00:00,5784.0737,5685.062
1380,2021-10-04 02:00:00,5523.9126,5536.748
1381,2021-10-04 03:00:00,5419.927,5435.164
1382,2021-10-04 04:00:00,5375.799,5374.5083
1383,2021-10-04 05:00:00,5359.221,5373.903
1384,2021-10-04 06:00:00,5508.2144,5522.451
1385,2021-10-04 07:00:00,5900.411,5910.956
1386,2021-10-04 08:00:00,6294.9805,6301.175
1387,2021-10-04 09:00:00,6737.9976,6804.2944
1388,2021-10-04 10:00:00,6998.105,7033.985
1389,2021-10-04 11:00:00,7110.522,7163.984
1390,2021-10-04 12:00:00,7177.721,7167.2017
1391,2021-10-04 13:00:00,7141.189,7104.9683
1392,2021-10-04 14:00:00,7152.6895,7168.3105
1393,2021-10-04 15:00:00,7207.569,7176.43
1394,2021-10-04 16:00:00,7204.4517,7204.765
1395,2021-10-04 17:00:00,7171.225,7243.4316
1396,2021-10-04 18:00:00,7125.676,7126.8213
1397,2021-10-04 19:00:00,7016.581,6990.0347
1398,2021-10-04 20:00:00,6993.656,7015.0522
1399,2021-10-04 21:00:00,6909.7954,6938.2886
1400,2021-10-04 22:00:00,6744.5513,6797.241
1401,2021-10-04 23:00:00,6390.5137,6522.1733
1402,2021-10-05 00:00:00,6232.4624,6083.675
1403,2021-10-05 01:00:00,5871.286,5998.3457
1404,2021-10-05 02:00:00,5732.384,5817.836
1405,2021-10-05 03:00:00,5670.416,5714.018
1406,2021-10-05 04:00:00,5630.175,5642.3887
1407,2021-10-05 05:00:00,5620.08,5642.02
1408,2021-10-05 06:00:00,5723.9404,5765.092
1409,2021-10-05 07:00:00,6097.341,6075.124
1410,2021-10-05 08:00:00,6454.826,6431.693
1411,2021-10-05 09:00:00,6861.502,6755.2935
1412,2021-10-05 10:00:00,7044.9546,6814.3325
1413,2021-10-05 11:00:00,6886.878,6891.5903
1414,2021-10-05 12:00:00,6906.301,6900.6357
1415,2021-10-05 13:00:00,6890.431,6873.5264
1416,2021-10-05 14:00:00,6924.6187,6917.449
1417,2021-10-05 15:00:00,6936.293,6941.712
1418,2021-10-05 16:00:00,6977.098,6947.6177
1419,2021-10-05 17:00:00,6956.096,6963.386
1420,2021-10-05 18:00:00,6894.9014,6936.713
1421,2021-10-05 19:00:00,6872.5312,6882.6865
1422,2021-10-05 20:00:00,6848.935,6880.965
1423,2021-10-05 21:00:00,6796.87,6767.247
1424,2021-10-05 22:00:00,6635.3413,6596.1323
1425,2021-10-05 23:00:00,6292.571,6350.482
1426,2021-10-06 00:00:00,6070.042,6249.4814
1427,2021-10-06 01:00:00,5868.235,5828.6973
1428,2021-10-06 02:00:00,5655.0073,5673.784
1429,2021-10-06 03:00:00,5582.6562,5560.7935
1430,2021-10-06 04:00:00,5533.0205,5494.3867
1431,2021-10-06 05:00:00,5477.6763,5484.5576
1432,2021-10-06 06:00:00,5617.476,5642.429
1433,2021-10-06 07:00:00,5994.166,5973.863
1434,2021-10-06 08:00:00,6370.4326,6343.3545
1435,2021-10-06 09:00:00,6717.8955,6764.633
1436,2021-10-06 10:00:00,6951.517,6976.111
1437,2021-10-06 11:00:00,7073.712,7152.8047
1438,2021-10-06 12:00:00,7131.8467,7158.9497
1439,2021-10-06 13:00:00,7084.7944,7111.4053
1440,2021-10-06 14:00:00,7156.7876,7204.1323
1441,2021-10-06 15:00:00,7196.9233,7207.2075
1442,2021-10-06 16:00:00,7219.2695,7198.6196
1443,2021-10-06 17:00:00,7199.197,7224.137
1444,2021-10-06 18:00:00,7163.9644,7156.9795
1445,2021-10-06 19:00:00,7034.889,7035.06
1446,2021-10-06 20:00:00,7052.998,7039.8174
1447,2021-10-06 21:00:00,6971.6357,6949.6094
1448,2021-10-06 22:00:00,6754.8926,6796.774
1449,2021-10-06 23:00:00,6492.784,6525.7173
1450,2021-10-07 00:00:00,6234.9937,6343.7637
1451,2021-10-07 01:00:00,5995.859,5974.2734
1452,2021-10-07 02:00:00,5795.885,5782.753
1453,2021-10-07 03:00:00,5654.4707,5646.209
1454,2021-10-07 04:00:00,5590.595,5554.508
1455,2021-10-07 05:00:00,5557.294,5539.302
1456,2021-10-07 06:00:00,5681.7827,5669.347
1457,2021-10-07 07:00:00,6003.4233,5980.866
1458,2021-10-07 08:00:00,6364.7275,6323.449
1459,2021-10-07 09:00:00,6752.6206,6796.3447
1460,2021-10-07 10:00:00,7012.436,7068.9077
1461,2021-10-07 11:00:00,7190.279,7211.8735
1462,2021-10-07 12:00:00,7209.206,7166.5576
1463,2021-10-07 13:00:00,7126.6074,7148.919
1464,2021-10-07 14:00:00,7223.0264,7221.847
1465,2021-10-07 15:00:00,7245.996,7217.7725
1466,2021-10-07 16:00:00,7254.9487,7232.3813
1467,2021-10-07 17:00:00,7249.48,7203.6772
1468,2021-10-07 18:00:00,7122.27,7140.215
1469,2021-10-07 19:00:00,7016.2837,7076.0273
1470,2021-10-07 20:00:00,7078.2505,7049.522
1471,2021-10-07 21:00:00,6968.857,6952.025
1472,2021-10-07 22:00:00,6762.3354,6818.9697
1473,2021-10-07 23:00:00,6527.11,6574.198
1474,2021-10-08 00:00:00,6290.3374,6465.9233
1475,2021-10-08 01:00:00,6065.977,6078.331
1476,2021-10-08 02:00:00,5881.754,5906.3867
1477,2021-10-08 03:00:00,5773.598,5787.584
1478,2021-10-08 04:00:00,5702.3555,5707.626
1479,2021-10-08 05:00:00,5674.4814,5689.8877
1480,2021-10-08 06:00:00,5775.594,5803.838
1481,2021-10-08 07:00:00,6077.1167,6094.9966
1482,2021-10-08 08:00:00,6411.6567,6448.6616
1483,2021-10-08 09:00:00,6834.4507,6906.9
1484,2021-10-08 10:00:00,7109.5186,7103.892
1485,2021-10-08 11:00:00,7233.102,7209.1777
1486,2021-10-08 12:00:00,7216.0757,7195.876
1487,2021-10-08 13:00:00,7152.37,7125.566
1488,2021-10-08 14:00:00,7252.958,7247.0225
1489,2021-10-08 15:00:00,7263.264,7342.4185
1490,2021-10-08 16:00:00,7333.1167,7364.381
1491,2021-10-08 17:00:00,7365.892,7382.521
1492,2021-10-08 18:00:00,7269.368,7300.4404
1493,2021-10-08 19:00:00,7166.5205,7171.7583
1494,2021-10-08 20:00:00,7172.41,7146.1675
1495,2021-10-08 21:00:00,7064.1724,7045.5967
1496,2021-10-08 22:00:00,6845.7075,6916.5835
1497,2021-10-08 23:00:00,6603.573,6689.0293
1498,2021-10-09 00:00:00,6411.6133,6441.996
1499,2021-10-09 01:00:00,6157.7095,6225.8267
1500,2021-10-09 02:00:00,5996.7363,6026.1475
1501,2021-10-09 03:00:00,5908.495,5876.467
1502,2021-10-09 04:00:00,5756.1,5783.611
1503,2021-10-09 05:00:00,5712.291,5752.291
1504,2021-10-09 06:00:00,5788.477,5813.6
1505,2021-10-09 07:00:00,5940.4814,5947.285
1506,2021-10-09 08:00:00,6095.9287,6088.6436
1507,2021-10-09 09:00:00,6390.944,6407.9087
1508,2021-10-09 10:00:00,6658.5444,6571.105
1509,2021-10-09 11:00:00,6631.024,6720.1787
1510,2021-10-09 12:00:00,6692.3354,6728.131
1511,2021-10-09 13:00:00,6654.7627,6642.422
1512,2021-10-09 14:00:00,6643.5044,6679.155
1513,2021-10-09 15:00:00,6661.9736,6740.564
1514,2021-10-09 16:00:00,6730.834,6733.537
1515,2021-10-09 17:00:00,6683.5713,6690.2207
1516,2021-10-09 18:00:00,6680.351,6671.4297
1517,2021-10-09 19:00:00,6678.0723,6746.3096
1518,2021-10-09 20:00:00,6781.5444,6880.8765
1519,2021-10-09 21:00:00,6880.5664,6895.101
1520,2021-10-09 22:00:00,6773.192,6838.151
1521,2021-10-09 23:00:00,6568.2573,6646.7324
1522,2021-10-10 00:00:00,6391.795,6093.895
1523,2021-10-10 01:00:00,5989.931,6204.0454
1524,2021-10-10 02:00:00,5882.0537,6016.6113
1525,2021-10-10 03:00:00,5840.9824,5885.6914
1526,2021-10-10 04:00:00,5817.49,5813.3306
1527,2021-10-10 05:00:00,5762.5244,5762.683
1528,2021-10-10 06:00:00,5786.3306,5797.4805
1529,2021-10-10 07:00:00,5875.9424,5907.2812
1530,2021-10-10 08:00:00,6003.4067,5916.3354
1531,2021-10-10 09:00:00,6102.3843,6152.579
1532,2021-10-10 10:00:00,6343.8286,6337.91
1533,2021-10-10 11:00:00,6451.02,6439.4253
1534,2021-10-10 12:00:00,6471.324,6500.2114
1535,2021-10-10 13:00:00,6501.8867,6449.2925
1536,2021-10-10 14:00:00,6472.4575,6398.2085
1537,2021-10-10 15:00:00,6415.884,6486.2617
1538,2021-10-10 16:00:00,6482.11,6491.383
1539,2021-10-10 17:00:00,6463.6387,6410.373
1540,2021-10-10 18:00:00,6441.266,6405.5586
1541,2021-10-10 19:00:00,6454.9824,6525.9575
1542,2021-10-10 20:00:00,6651.6646,6646.3267
1543,2021-10-10 21:00:00,6719.058,6660.628
1544,2021-10-10 22:00:00,6633.302,6555.068
1545,2021-10-10 23:00:00,6402.5913,6315.507
1546,2021-10-11 00:00:00,6096.707,6399.523
1547,2021-10-11 01:00:00,5966.9976,5870.2056
1548,2021-10-11 02:00:00,5729.9004,5705.664
1549,2021-10-11 03:00:00,5618.334,5587.768
1550,2021-10-11 04:00:00,5517.719,5509.7026
1551,2021-10-11 05:00:00,5509.9355,5500.057
1552,2021-10-11 06:00:00,5585.6924,5653.9136
1553,2021-10-11 07:00:00,6000.045,6020.6484
1554,2021-10-11 08:00:00,6370.522,6410.6074
1555,2021-10-11 09:00:00,6836.7104,6904.686
1556,2021-10-11 10:00:00,7092.4395,7097.485
1557,2021-10-11 11:00:00,7182.1875,7231.6523
1558,2021-10-11 12:00:00,7235.1567,7231.0093
1559,2021-10-11 13:00:00,7191.748,7175.589
1560,2021-10-11 14:00:00,7265.1562,7251.8984
1561,2021-10-11 15:00:00,7290.065,7299.98
1562,2021-10-11 16:00:00,7324.2495,7312.8994
1563,2021-10-11 17:00:00,7300.811,7323.275
1564,2021-10-11 18:00:00,7205.5957,7270.3145
1565,2021-10-11 19:00:00,7123.5986,7146.82
1566,2021-10-11 20:00:00,7157.134,7167.0605
1567,2021-10-11 21:00:00,7098.192,7105.2065
1568,2021-10-11 22:00:00,6902.302,6965.326
1569,2021-10-11 23:00:00,6655.2163,6669.397
1570,2021-10-12 00:00:00,6397.573,6522.131
1571,2021-10-12 01:00:00,6131.6626,6171.631
1572,2021-10-12 02:00:00,5949.0723,6000.7163
1573,2021-10-12 03:00:00,5873.049,5877.904
1574,2021-10-12 04:00:00,5800.928,5796.962
1575,2021-10-12 05:00:00,5768.9336,5802.5337
1576,2021-10-12 06:00:00,5903.2275,5946.623
1577,2021-10-12 07:00:00,6181.2256,6252.9683
1578,2021-10-12 08:00:00,6554.9043,6621.564
1579,2021-10-12 09:00:00,6997.589,7112.518
1580,2021-10-12 10:00:00,7206.9023,7307.8574
1581,2021-10-12 11:00:00,7325.353,7419.109
1582,2021-10-12 12:00:00,7398.016,7488.7715
1583,2021-10-12 13:00:00,7382.413,7459.9917
1584,2021-10-12 14:00:00,7500.936,7609.226
1585,2021-10-12 15:00:00,7607.2183,7632.855
1586,2021-10-12 16:00:00,7659.1895,7580.1978
1587,2021-10-12 17:00:00,7607.244,7549.7354
1588,2021-10-12 18:00:00,7485.2393,7406.261
1589,2021-10-12 19:00:00,7318.595,7287.4053
1590,2021-10-12 20:00:00,7276.996,7292.498
1591,2021-10-12 21:00:00,7214.2163,7228.4014
1592,2021-10-12 22:00:00,7010.212,7090.6196
1593,2021-10-12 23:00:00,6706.81,6791.3076
1594,2021-10-13 00:00:00,6578.9575,6538.4365
1595,2021-10-13 01:00:00,6208.9077,6257.6475
1596,2021-10-13 02:00:00,6032.858,6085.6133
1597,2021-10-13 03:00:00,5955.5576,5969.464
1598,2021-10-13 04:00:00,5907.2427,5891.402
1599,2021-10-13 05:00:00,5873.064,5878.4126
1600,2021-10-13 06:00:00,5979.3467,6017.291
1601,2021-10-13 07:00:00,6291.8364,6303.406
1602,2021-10-13 08:00:00,6670.288,6638.672
1603,2021-10-13 09:00:00,7086.739,7133.604
1604,2021-10-13 10:00:00,7303.2607,7391.824
1605,2021-10-13 11:00:00,7481.284,7505.5435
1606,2021-10-13 12:00:00,7531.8774,7465.012
1607,2021-10-13 13:00:00,7464.2324,7396.597
1608,2021-10-13 14:00:00,7535.581,7463.6934
1609,2021-10-13 15:00:00,7531.572,7519.5044
1610,2021-10-13 16:00:00,7554.8486,7538.302
1611,2021-10-13 17:00:00,7536.4995,7532.5967
1612,2021-10-13 18:00:00,7440.45,7451.231
1613,2021-10-13 19:00:00,7297.555,7310.7437
1614,2021-10-13 20:00:00,7326.842,7295.8125
1615,2021-10-13 21:00:00,7246.0483,7227.2583
1616,2021-10-13 22:00:00,7033.2974,7094.1826
1617,2021-10-13 23:00:00,6786.358,6795.956
1618,2021-10-14 00:00:00,6561.1333,6605.5557
1619,2021-10-14 01:00:00,6283.1963,6236.4805
1620,2021-10-14 02:00:00,6035.6387,6046.4414
1621,2021-10-14 03:00:00,5941.2144,5947.163
1622,2021-10-14 04:00:00,5883.5244,5913.8687
1623,2021-10-14 05:00:00,5884.774,5900.9473
1624,2021-10-14 06:00:00,6048.629,6029.1255
1625,2021-10-14 07:00:00,6336.406,6355.6543
1626,2021-10-14 08:00:00,6706.502,6708.244
1627,2021-10-14 09:00:00,7132.8926,7209.82
1628,2021-10-14 10:00:00,7425.8027,7466.304
1629,2021-10-14 11:00:00,7540.1636,7632.651
1630,2021-10-14 12:00:00,7551.116,7643.952
1631,2021-10-14 13:00:00,7543.4224,7578.3057
1632,2021-10-14 14:00:00,7635.166,7681.2773
1633,2021-10-14 15:00:00,7696.3706,7717.8086
1634,2021-10-14 16:00:00,7730.232,7694.56
1635,2021-10-14 17:00:00,7682.6914,7630.5225
1636,2021-10-14 18:00:00,7516.5464,7478.419
1637,2021-10-14 19:00:00,7372.41,7319.9116
1638,2021-10-14 20:00:00,7321.0605,7314.4414
1639,2021-10-14 21:00:00,7239.293,7267.853
1640,2021-10-14 22:00:00,7084.078,7154.723
1641,2021-10-14 23:00:00,6815.3145,6876.703
1642,2021-10-15 00:00:00,6631.8257,6650.959
1643,2021-10-15 01:00:00,6339.1606,6327.0283
1644,2021-10-15 02:00:00,6149.35,6138.222
1645,2021-10-15 03:00:00,6017.1562,6009.5283
1646,2021-10-15 04:00:00,5950.8213,5932.5854
1647,2021-10-15 05:00:00,5945.791,5906.5444
1648,2021-10-15 06:00:00,6071.8535,6022.9727
1649,2021-10-15 07:00:00,6313.587,6324.4976
1650,2021-10-15 08:00:00,6720.162,6509.3223
1651,2021-10-15 09:00:00,7034.7524,6995.2817
1652,2021-10-15 10:00:00,7308.1743,7188.378
1653,2021-10-15 11:00:00,7323.3657,7416.0054
1654,2021-10-15 12:00:00,7487.59,7480.3765
1655,2021-10-15 13:00:00,7465.326,7492.2983
1656,2021-10-15 14:00:00,7618.703,7577.5396
1657,2021-10-15 15:00:00,7658.93,7656.5967
1658,2021-10-15 16:00:00,7671.368,7648.5923
1659,2021-10-15 17:00:00,7647.677,7652.3555
1660,2021-10-15 18:00:00,7510.6143,7522.0015
1661,2021-10-15 19:00:00,7360.244,7335.8906
1662,2021-10-15 20:00:00,7327.2744,7273.74
1663,2021-10-15 21:00:00,7243.47,7216.239
1664,2021-10-15 22:00:00,7114.244,7110.169
1665,2021-10-15 23:00:00,6829.6587,6886.0854
1666,2021-10-16 00:00:00,6647.3677,6490.8955
1667,2021-10-16 01:00:00,6307.4146,6390.393
1668,2021-10-16 02:00:00,6160.8726,6191.6875
1669,2021-10-16 03:00:00,6047.723,6063.388
1670,2021-10-16 04:00:00,5979.083,5966.0703
1671,2021-10-16 05:00:00,5944.208,5928.3804
1672,2021-10-16 06:00:00,5978.14,5975.01
1673,2021-10-16 07:00:00,6080.5654,6111.7065
1674,2021-10-16 08:00:00,6283.303,6274.4775
1675,2021-10-16 09:00:00,6555.6514,6686.6743
1676,2021-10-16 10:00:00,6883.9487,6957.342
1677,2021-10-16 11:00:00,7062.609,7085.076
1678,2021-10-16 12:00:00,7074.4287,7055.305
1679,2021-10-16 13:00:00,7003.7754,7004.4775
1680,2021-10-16 14:00:00,7047.156,7000.4746
1681,2021-10-16 15:00:00,7056.5376,6989.215
1682,2021-10-16 16:00:00,6983.853,6889.2
1683,2021-10-16 17:00:00,6856.5996,6849.789
1684,2021-10-16 18:00:00,6812.1113,6775.281
1685,2021-10-16 19:00:00,6812.424,6830.9004
1686,2021-10-16 20:00:00,6906.2954,6951.8955
1687,2021-10-16 21:00:00,6968.0493,6968.4707
1688,2021-10-16 22:00:00,6922.339,6911.53
1689,2021-10-16 23:00:00,6741.5967,6696.9937
1690,2021-10-17 00:00:00,6437.4575,6034.062
1691,2021-10-17 01:00:00,6142.163,6246.1025
1692,2021-10-17 02:00:00,5975.9375,6074.3604
1693,2021-10-17 03:00:00,5952.516,5943.2046
1694,2021-10-17 04:00:00,5861.372,5833.2603
1695,2021-10-17 05:00:00,5782.8477,5770.139
1696,2021-10-17 06:00:00,5785.997,5790.5356
1697,2021-10-17 07:00:00,5850.9277,5896.5093
1698,2021-10-17 08:00:00,5919.767,5942.413
1699,2021-10-17 09:00:00,6183.143,6202.635
1700,2021-10-17 10:00:00,6415.6387,6412.927
1701,2021-10-17 11:00:00,6505.6562,6600.0186
1702,2021-10-17 12:00:00,6635.5215,6575.1904
1703,2021-10-17 13:00:00,6545.2773,6513.4653
1704,2021-10-17 14:00:00,6480.7417,6554.049
1705,2021-10-17 15:00:00,6567.706,6449.6533
1706,2021-10-17 16:00:00,6458.1724,6366.1294
1707,2021-10-17 17:00:00,6348.8076,6360.3613
1708,2021-10-17 18:00:00,6365.663,6415.104
1709,2021-10-17 19:00:00,6509.425,6519.8604
1710,2021-10-17 20:00:00,6634.515,6612.452
1711,2021-10-17 21:00:00,6644.3975,6611.6177
1712,2021-10-17 22:00:00,6533.431,6519.615
1713,2021-10-17 23:00:00,6316.822,6266.0874
1714,2021-10-18 00:00:00,6109.698,6174.3154
1715,2021-10-18 01:00:00,5922.0015,5811.0444
1716,2021-10-18 02:00:00,5636.1743,5644.562
1717,2021-10-18 03:00:00,5554.4004,5535.924
1718,2021-10-18 04:00:00,5491.5195,5474.112
1719,2021-10-18 05:00:00,5487.6655,5472.4893
1720,2021-10-18 06:00:00,5640.95,5635.4893
1721,2021-10-18 07:00:00,5990.415,5984.617
1722,2021-10-18 08:00:00,6379.4956,6423.3203
1723,2021-10-18 09:00:00,6831.165,6943.9663
1724,2021-10-18 10:00:00,7127.897,7176.0015
1725,2021-10-18 11:00:00,7246.9243,7325.262
1726,2021-10-18 12:00:00,7326.8877,7280.7188
1727,2021-10-18 13:00:00,7230.892,7244.0527
1728,2021-10-18 14:00:00,7293.134,7294.1855
1729,2021-10-18 15:00:00,7325.5107,7281.5034
1730,2021-10-18 16:00:00,7299.601,7194.749
1731,2021-10-18 17:00:00,7186.3325,7122.8667
1732,2021-10-18 18:00:00,7062.785,7031.0674
1733,2021-10-18 19:00:00,6975.438,6968.77
1734,2021-10-18 20:00:00,6944.2236,6962.0527
1735,2021-10-18 21:00:00,6901.931,6855.517
1736,2021-10-18 22:00:00,6731.5596,6705.467
1737,2021-10-18 23:00:00,6496.719,6422.756
1738,2021-10-19 00:00:00,6214.0625,6314.07
1739,2021-10-19 01:00:00,5980.6567,5893.3013
1740,2021-10-19 02:00:00,5710.8374,5729.3677
1741,2021-10-19 03:00:00,5642.5977,5619.3374
1742,2021-10-19 04:00:00,5535.614,5544.2266
1743,2021-10-19 05:00:00,5530.511,5555.5513
1744,2021-10-19 06:00:00,5678.622,5699.6265
1745,2021-10-19 07:00:00,6040.319,6035.4707
1746,2021-10-19 08:00:00,6445.1157,6439.9966
1747,2021-10-19 09:00:00,6914.841,6961.142
1748,2021-10-19 10:00:00,7210.891,7200.5146
1749,2021-10-19 11:00:00,7342.537,7319.894
1750,2021-10-19 12:00:00,7307.3145,7352.743
1751,2021-10-19 13:00:00,7316.81,7324.203
1752,2021-10-19 14:00:00,7390.9336,7450.9014
1753,2021-10-19 15:00:00,7461.716,7366.4165
1754,2021-10-19 16:00:00,7385.8174,7301.7046
1755,2021-10-19 17:00:00,7265.7417,7316.081
1756,2021-10-19 18:00:00,7197.946,7264.3057
1757,2021-10-19 19:00:00,7160.281,7146.9727
1758,2021-10-19 20:00:00,7139.926,7132.2524
1759,2021-10-19 21:00:00,7103.71,7016.69
1760,2021-10-19 22:00:00,6839.29,6868.0244
1761,2021-10-19 23:00:00,6602.1934,6574.3237
1762,2021-10-20 00:00:00,6349.1826,5934.0776
1763,2021-10-20 01:00:00,5765.573,6041.175
1764,2021-10-20 02:00:00,5752.206,5877.7983
1765,2021-10-20 03:00:00,5761.7256,5777.2217
1766,2021-10-20 04:00:00,5740.634,5710.867
1767,2021-10-20 05:00:00,5696.052,5706.7925
1768,2021-10-20 06:00:00,5789.122,5846.8926
1769,2021-10-20 07:00:00,6143.141,6173.925
1770,2021-10-20 08:00:00,6557.12,6528.9907
1771,2021-10-20 09:00:00,6965.3486,7005.843
1772,2021-10-20 10:00:00,7229.9907,7281.2446
1773,2021-10-20 11:00:00,7393.7188,7287.2246
1774,2021-10-20 12:00:00,7287.4473,7154.766
1775,2021-10-20 13:00:00,7152.6113,7035.014
1776,2021-10-20 14:00:00,7128.205,7044.168
1777,2021-10-20 15:00:00,7092.8975,6999.4976
1778,2021-10-20 16:00:00,6993.358,6967.3877
1779,2021-10-20 17:00:00,6946.746,6938.2295
1780,2021-10-20 18:00:00,6860.6577,6892.4604
1781,2021-10-20 19:00:00,6825.4346,6843.684
1782,2021-10-20 20:00:00,6828.746,6793.535
1783,2021-10-20 21:00:00,6718.9976,6683.1123
1784,2021-10-20 22:00:00,6557.7793,6491.3535
1785,2021-10-20 23:00:00,6272.186,6198.856
1786,2021-10-21 00:00:00,5999.162,6021.3506
1787,2021-10-21 01:00:00,5746.5444,5693.525
1788,2021-10-21 02:00:00,5572.6807,5550.7466
1789,2021-10-21 03:00:00,5493.299,5447.554
1790,2021-10-21 04:00:00,5427.4023,5385.7783
1791,2021-10-21 05:00:00,5363.4175,5395.551
1792,2021-10-21 06:00:00,5577.3286,5537.44
1793,2021-10-21 07:00:00,5960.083,5892.2046
1794,2021-10-21 08:00:00,6364.4155,6267.822
1795,2021-10-21 09:00:00,6751.783,6746.656
1796,2021-10-21 10:00:00,7009.6504,7015.394
1797,2021-10-21 11:00:00,7119.6655,7171.528
1798,2021-10-21 12:00:00,7161.8076,7168.0884
1799,2021-10-21 13:00:00,7129.352,7173.149
1800,2021-10-21 14:00:00,7235.009,7267.9688
1801,2021-10-21 15:00:00,7255.326,7200.3486
1802,2021-10-21 16:00:00,7179.81,7107.4326
1803,2021-10-21 17:00:00,7061.02,7068.8306
1804,2021-10-21 18:00:00,6975.3213,6989.1646
1805,2021-10-21 19:00:00,6936.7,6877.5996
1806,2021-10-21 20:00:00,6800.179,6853.4575
1807,2021-10-21 21:00:00,6762.6113,6747.159
1808,2021-10-21 22:00:00,6605.8467,6563.828
1809,2021-10-21 23:00:00,6313.7476,6258.5083
1810,2021-10-22 00:00:00,6006.906,6102.9683
1811,2021-10-22 01:00:00,5779.6724,5770.071
1812,2021-10-22 02:00:00,5593.2075,5593.507
1813,2021-10-22 03:00:00,5515.446,5532.6357
1814,2021-10-22 04:00:00,5464.5713,5469.5703
1815,2021-10-22 05:00:00,5455.8193,5464.2847
1816,2021-10-22 06:00:00,5596.2383,5620.67
1817,2021-10-22 07:00:00,5955.089,5970.715
1818,2021-10-22 08:00:00,6361.889,6320.841
1819,2021-10-22 09:00:00,6755.6367,6781.765
1820,2021-10-22 10:00:00,7032.446,7024.966
1821,2021-10-22 11:00:00,7138.6694,7170.663
1822,2021-10-22 12:00:00,7192.277,7185.062
1823,2021-10-22 13:00:00,7166.9136,7121.9336
1824,2021-10-22 14:00:00,7183.601,7202.626
1825,2021-10-22 15:00:00,7216.025,7265.375
1826,2021-10-22 16:00:00,7224.7144,7190.275
1827,2021-10-22 17:00:00,7173.364,7140.261
1828,2021-10-22 18:00:00,7066.1387,7057.8765
1829,2021-10-22 19:00:00,6968.885,6983.1177
1830,2021-10-22 20:00:00,6932.7573,6941.9844
1831,2021-10-22 21:00:00,6814.817,6810.442
1832,2021-10-22 22:00:00,6645.779,6637.2983
1833,2021-10-22 23:00:00,6356.5493,6335.1206
1834,2021-10-23 00:00:00,6129.8213,6010.0044
1835,2021-10-23 01:00:00,5808.43,5838.193
1836,2021-10-23 02:00:00,5674.846,5696.7603
1837,2021-10-23 03:00:00,5608.55,5554.828
1838,2021-10-23 04:00:00,5519.2026,5505.4854
1839,2021-10-23 05:00:00,5487.545,5477.436
1840,2021-10-23 06:00:00,5501.641,5542.1445
1841,2021-10-23 07:00:00,5740.078,5718.982
1842,2021-10-23 08:00:00,5932.256,5916.252
1843,2021-10-23 09:00:00,6229.1187,6293.1235
1844,2021-10-23 10:00:00,6480.3306,6542.396
1845,2021-10-23 11:00:00,6601.948,6724.8267
1846,2021-10-23 12:00:00,6704.0874,6757.371
1847,2021-10-23 13:00:00,6701.866,6559.1777
1848,2021-10-23 14:00:00,6580.1343,6643.112
1849,2021-10-23 15:00:00,6612.5713,6672.958
1850,2021-10-23 16:00:00,6628.391,6605.4683
1851,2021-10-23 17:00:00,6524.9707,6531.517
1852,2021-10-23 18:00:00,6519.766,6504.9155
1853,2021-10-23 19:00:00,6538.152,6553.822
1854,2021-10-23 20:00:00,6609.7637,6609.674
1855,2021-10-23 21:00:00,6604.9243,6571.4277
1856,2021-10-23 22:00:00,6530.85,6463.4565
1857,2021-10-23 23:00:00,6224.669,6222.0874
1858,2021-10-24 00:00:00,5982.475,5947.396
1859,2021-10-24 01:00:00,5719.6816,5772.0376
1860,2021-10-24 02:00:00,5595.156,5611.5693
1861,2021-10-24 03:00:00,5533.339,5493.33
1862,2021-10-24 04:00:00,5426.031,5421.301
1863,2021-10-24 05:00:00,5401.68,5394.4707
1864,2021-10-24 06:00:00,5403.313,5441.8066
1865,2021-10-24 07:00:00,5498.879,5563.8657
1866,2021-10-24 08:00:00,5680.95,5629.3877
1867,2021-10-24 09:00:00,5932.0215,5858.56
1868,2021-10-24 10:00:00,6074.0317,6075.667
1869,2021-10-24 11:00:00,6218.2275,6257.7783
1870,2021-10-24 12:00:00,6286.1406,6322.556
1871,2021-10-24 13:00:00,6294.3213,6333.1616
1872,2021-10-24 14:00:00,6332.38,6412.7573
1873,2021-10-24 15:00:00,6382.5723,6453.066
1874,2021-10-24 16:00:00,6398.4243,6411.87
1875,2021-10-24 17:00:00,6356.8286,6385.0967
1876,2021-10-24 18:00:00,6389.767,6354.294
1877,2021-10-24 19:00:00,6428.956,6469.7773
1878,2021-10-24 20:00:00,6535.535,6577.3237
1879,2021-10-24 21:00:00,6584.9863,6550.739
1880,2021-10-24 22:00:00,6425.412,6436.0073
1881,2021-10-24 23:00:00,6215.397,6178.7363
1882,2021-10-25 00:00:00,5945.632,6135.14
1883,2021-10-25 01:00:00,5738.4746,5722.973
1884,2021-10-25 02:00:00,5579.741,5571.2935
1885,2021-10-25 03:00:00,5494.83,5449.8843
1886,2021-10-25 04:00:00,5390.781,5411.171
1887,2021-10-25 05:00:00,5421.1787,5413.905
1888,2021-10-25 06:00:00,5594.366,5590.66
1889,2021-10-25 07:00:00,5938.5557,6005.7485
1890,2021-10-25 08:00:00,6406.885,6385.2554
1891,2021-10-25 09:00:00,6828.1846,6920.041
1892,2021-10-25 10:00:00,7126.4077,7176.4966
1893,2021-10-25 11:00:00,7229.4688,7298.7256
1894,2021-10-25 12:00:00,7311.935,7328.603
1895,2021-10-25 13:00:00,7294.5137,7199.587
1896,2021-10-25 14:00:00,7254.623,7254.7803
1897,2021-10-25 15:00:00,7271.375,7334.234
1898,2021-10-25 16:00:00,7299.5293,7334.016
1899,2021-10-25 17:00:00,7296.4614,7250.497
1900,2021-10-25 18:00:00,7174.3794,7129.5176
1901,2021-10-25 19:00:00,7082.4155,7023.862
1902,2021-10-25 20:00:00,7029.5244,6992.489
1903,2021-10-25 21:00:00,6923.976,6901.7007
1904,2021-10-25 22:00:00,6733.9424,6718.973
1905,2021-10-25 23:00:00,6343.7373,6393.3403
1906,2021-10-26 00:00:00,6151.753,6240.0103
1907,2021-10-26 01:00:00,5885.285,5878.6323
1908,2021-10-26 02:00:00,5723.8486,5715.7754
1909,2021-10-26 03:00:00,5614.98,5609.1816
1910,2021-10-26 04:00:00,5535.6245,5538.2817
1911,2021-10-26 05:00:00,5539.451,5536.9565
1912,2021-10-26 06:00:00,5697.366,5715.4517
1913,2021-10-26 07:00:00,6091.3955,6097.259
1914,2021-10-26 08:00:00,6502.792,6426.1445
1915,2021-10-26 09:00:00,6951.7363,6952.493
1916,2021-10-26 10:00:00,7249.603,7182.9136
1917,2021-10-26 11:00:00,7294.4224,7323.362
1918,2021-10-26 12:00:00,7311.881,7341.7715
1919,2021-10-26 13:00:00,7286.6675,7310.3813
1920,2021-10-26 14:00:00,7398.256,7384.4937
1921,2021-10-26 15:00:00,7406.1543,7335.4893
1922,2021-10-26 16:00:00,7312.4375,7370.3213
1923,2021-10-26 17:00:00,7333.2964,7370.705
1924,2021-10-26 18:00:00,7300.365,7300.281
1925,2021-10-26 19:00:00,7212.594,7199.717
1926,2021-10-26 20:00:00,7188.6313,7155.176
1927,2021-10-26 21:00:00,7070.8833,7022.477
1928,2021-10-26 22:00:00,6799.84,6836.8545
1929,2021-10-26 23:00:00,6521.567,6519.1
1930,2021-10-27 00:00:00,6275.987,6364.522
1931,2021-10-27 01:00:00,6005.565,5967.7705
1932,2021-10-27 02:00:00,5802.0874,5792.9414
1933,2021-10-27 03:00:00,5694.4775,5693.57
1934,2021-10-27 04:00:00,5634.12,5636.053
1935,2021-10-27 05:00:00,5635.411,5636.68
1936,2021-10-27 06:00:00,5809.4014,5784.843
1937,2021-10-27 07:00:00,6159.1973,6093.5283
1938,2021-10-27 08:00:00,6473.287,6404.4307
1939,2021-10-27 09:00:00,6930.2705,6869.9824
1940,2021-10-27 10:00:00,7191.1904,7112.524
1941,2021-10-27 11:00:00,7279.1113,7261.508
1942,2021-10-27 12:00:00,7291.471,7290.3633
1943,2021-10-27 13:00:00,7259.163,7244.3716
1944,2021-10-27 14:00:00,7324.2754,7350.4565
1945,2021-10-27 15:00:00,7366.6323,7388.2754
1946,2021-10-27 16:00:00,7388.57,7371.926
1947,2021-10-27 17:00:00,7316.3735,7370.925
1948,2021-10-27 18:00:00,7270.301,7286.5034
1949,2021-10-27 19:00:00,7219.7114,7158.3594
1950,2021-10-27 20:00:00,7126.3926,7175.2334
1951,2021-10-27 21:00:00,7055.825,7078.118
1952,2021-10-27 22:00:00,6827.0264,6925.0894
1953,2021-10-27 23:00:00,6562.94,6641.099
1954,2021-10-28 00:00:00,6404.237,6172.425
1955,2021-10-28 01:00:00,5971.185,6102.0933
1956,2021-10-28 02:00:00,5851.797,5911.0874
1957,2021-10-28 03:00:00,5777.1914,5788.3203
1958,2021-10-28 04:00:00,5730.1567,5710.215
1959,2021-10-28 05:00:00,5687.3594,5706.0693
1960,2021-10-28 06:00:00,5825.1626,5852.4497
1961,2021-10-28 07:00:00,6117.2373,6218.428
1962,2021-10-28 08:00:00,6514.041,6531.49
1963,2021-10-28 09:00:00,6933.9727,7052.4453
1964,2021-10-28 10:00:00,7240.5986,7141.9185
1965,2021-10-28 11:00:00,7261.858,7173.8867
1966,2021-10-28 12:00:00,7216.3833,7183.713
1967,2021-10-28 13:00:00,7202.478,7126.5024
1968,2021-10-28 14:00:00,7233.899,7217.199
1969,2021-10-28 15:00:00,7247.37,7220.742
1970,2021-10-28 16:00:00,7207.4688,7182.019
1971,2021-10-28 17:00:00,7139.1475,7141.435
1972,2021-10-28 18:00:00,7091.49,7093.7173
1973,2021-10-28 19:00:00,7049.446,7055.914
1974,2021-10-28 20:00:00,7035.5723,7031.355
1975,2021-10-28 21:00:00,6945.299,6903.6006
1976,2021-10-28 22:00:00,6765.3086,6736.272
1977,2021-10-28 23:00:00,6437.8257,6456.942
1978,2021-10-29 00:00:00,6214.398,6395.5435
1979,2021-10-29 01:00:00,5999.1562,5913.494
1980,2021-10-29 02:00:00,5750.378,5758.149
1981,2021-10-29 03:00:00,5667.344,5665.9653
1982,2021-10-29 04:00:00,5599.7817,5602.2505
1983,2021-10-29 05:00:00,5588.208,5598.154
1984,2021-10-29 06:00:00,5717.6875,5760.7773
1985,2021-10-29 07:00:00,6067.045,6130.7407
1986,2021-10-29 08:00:00,6443.881,6456.8535
1987,2021-10-29 09:00:00,6887.5684,6931.079
1988,2021-10-29 10:00:00,7135.3423,7137.141
1989,2021-10-29 11:00:00,7212.7505,7302.331
1990,2021-10-29 12:00:00,7278.2744,7319.3716
1991,2021-10-29 13:00:00,7280.7856,7311.008
1992,2021-10-29 14:00:00,7351.942,7424.201
1993,2021-10-29 15:00:00,7465.2275,7486.0815
1994,2021-10-29 16:00:00,7475.5576,7423.0923
1995,2021-10-29 17:00:00,7370.3037,7381.677
1996,2021-10-29 18:00:00,7324.8823,7268.3345
1997,2021-10-29 19:00:00,7175.2207,7164.2534
1998,2021-10-29 20:00:00,7139.7993,7129.7065
1999,2021-10-29 21:00:00,7046.7476,7027.939
2000,2021-10-29 22:00:00,6837.5005,6879.693
2001,2021-10-29 23:00:00,6588.543,6633.8047
2002,2021-10-30 00:00:00,6375.2812,6252.26
2003,2021-10-30 01:00:00,6062.2373,6152.4214
2004,2021-10-30 02:00:00,5925.6426,5957.1323
2005,2021-10-30 03:00:00,5832.9214,5820.9644
2006,2021-10-30 04:00:00,5770.209,5722.368
2007,2021-10-30 05:00:00,5708.8677,5651.2295
2008,2021-10-30 06:00:00,5692.03,5725.814
2009,2021-10-30 07:00:00,5916.77,5888.2627
2010,2021-10-30 08:00:00,6082.7344,6047.9434
2011,2021-10-30 09:00:00,6353.5464,6411.2603
2012,2021-10-30 10:00:00,6650.513,6681.699
2013,2021-10-30 11:00:00,6808.1045,6853.861
2014,2021-10-30 12:00:00,6860.7476,6916.075
2015,2021-10-30 13:00:00,6829.7456,6829.242
2016,2021-10-30 14:00:00,6791.851,6808.4634
2017,2021-10-30 15:00:00,6809.312,6822.1694
2018,2021-10-30 16:00:00,6757.935,6766.478
2019,2021-10-30 17:00:00,6689.707,6650.6445
2020,2021-10-30 18:00:00,6617.2173,6594.757
2021,2021-10-30 19:00:00,6583.4355,6701.3716
2022,2021-10-30 20:00:00,6770.902,6786.767
2023,2021-10-30 21:00:00,6757.4873,6772.365
2024,2021-10-30 22:00:00,6661.575,6698.421
2025,2021-10-30 23:00:00,6485.697,6459.5317
2026,2021-10-31 00:00:00,6161.8667,5983.7363
2027,2021-10-31 01:00:00,5961.445,6018.9575
2028,2021-10-31 02:00:00,5799.8887,5840.276
2029,2021-10-31 03:00:00,5732.7817,5693.6514
2030,2021-10-31 04:00:00,5645.058,5612.95
2031,2021-10-31 05:00:00,5559.931,5570.5884
2032,2021-10-31 06:00:00,5550.991,5605.1797
2033,2021-10-31 07:00:00,5646.368,5718.7607
2034,2021-10-31 08:00:00,5847.292,5790.595
2035,2021-10-31 09:00:00,6019.339,6074.6953
2036,2021-10-31 10:00:00,6346.8867,6292.9146
2037,2021-10-31 11:00:00,6447.196,6432.064
2038,2021-10-31 12:00:00,6438.116,6432.068
2039,2021-10-31 13:00:00,6390.595,6454.586
2040,2021-10-31 14:00:00,6462.3286,6459.455
2041,2021-10-31 15:00:00,6461.186,6405.958
2042,2021-10-31 16:00:00,6389.284,6441.5933
2043,2021-10-31 17:00:00,6392.2104,6430.683
2044,2021-10-31 18:00:00,6406.7363,6427.502
2045,2021-10-31 19:00:00,6505.8438,6469.5703
2046,2021-10-31 20:00:00,6575.885,6515.7954
2047,2021-10-31 21:00:00,6541.165,6514.465
2048,2021-10-31 22:00:00,6447.6577,6465.0386
2049,2021-10-31 23:00:00,6271.1343,6211.0293
2050,2021-11-01 00:00:00,6036.0713,5994.4287
2051,2021-11-01 01:00:00,5824.793,5732.986
2052,2021-11-01 02:00:00,5585.774,5579.734
2053,2021-11-01 03:00:00,5520.256,5475.7715
2054,2021-11-01 04:00:00,5449.1,5409.6816
2055,2021-11-01 05:00:00,5396.4893,5411.2886
2056,2021-11-01 06:00:00,5605.5244,5579.9824
2057,2021-11-01 07:00:00,6015.2583,5954.8975
2058,2021-11-01 08:00:00,6402.3267,6346.172
2059,2021-11-01 09:00:00,6852.0605,6833.7646
2060,2021-11-01 10:00:00,7119.4746,7036.2627
2061,2021-11-01 11:00:00,7123.254,7124.8447
2062,2021-11-01 12:00:00,7136.6333,7214.979
2063,2021-11-01 13:00:00,7221.294,7180.8467
2064,2021-11-01 14:00:00,7257.2344,7254.115
2065,2021-11-01 15:00:00,7282.8926,7124.9194
2066,2021-11-01 16:00:00,7128.77,6996.9927
2067,2021-11-01 17:00:00,6962.8477,7008.812
2068,2021-11-01 18:00:00,6940.3545,6980.742
2069,2021-11-01 19:00:00,6908.227,6911.5317
2070,2021-11-01 20:00:00,6883.9014,6873.3687
2071,2021-11-01 21:00:00,6808.3027,6752.0996
2072,2021-11-01 22:00:00,6648.5513,6555.049
2073,2021-11-01 23:00:00,6316.412,6252.273
2074,2021-11-02 00:00:00,6037.8525,5889.8257
2075,2021-11-02 01:00:00,5704.78,5737.8403
2076,2021-11-02 02:00:00,5584.898,5581.6846
2077,2021-11-02 03:00:00,5526.1816,5465.177
2078,2021-11-02 04:00:00,5398.6343,5403.027
2079,2021-11-02 05:00:00,5390.024,5407.843
2080,2021-11-02 06:00:00,5613.5195,5575.0244
2081,2021-11-02 07:00:00,5983.578,5949.2236
2082,2021-11-02 08:00:00,6374.317,6298.8096
2083,2021-11-02 09:00:00,6826.9717,6780.9507
2084,2021-11-02 10:00:00,7046.614,7048.83
2085,2021-11-02 11:00:00,7126.286,7201.451
2086,2021-11-02 12:00:00,7225.8564,7232.5566
2087,2021-11-02 13:00:00,7189.449,7213.81
2088,2021-11-02 14:00:00,7292.6816,7218.1133
2089,2021-11-02 15:00:00,7228.9233,7165.622
2090,2021-11-02 16:00:00,7169.1704,7031.4463
2091,2021-11-02 17:00:00,7009.9614,7009.8667
2092,2021-11-02 18:00:00,6936.9395,6943.6655
2093,2021-11-02 19:00:00,6877.371,6853.5005
2094,2021-11-02 20:00:00,6810.177,6802.628
2095,2021-11-02 21:00:00,6719.1494,6668.65
2096,2021-11-02 22:00:00,6498.34,6466.5044
2097,2021-11-02 23:00:00,6211.9536,6152.3364
2098,2021-11-03 00:00:00,5896.7607,5992.1816
2099,2021-11-03 01:00:00,5696.195,5647.352
2100,2021-11-03 02:00:00,5512.1333,5498.225
2101,2021-11-03 03:00:00,5416.233,5419.197
2102,2021-11-03 04:00:00,5395.9233,5350.66
2103,2021-11-03 05:00:00,5327.0244,5363.6816
2104,2021-11-03 06:00:00,5569.7485,5536.7583
2105,2021-11-03 07:00:00,5913.945,5913.425
2106,2021-11-03 08:00:00,6305.1177,6266.6196
2107,2021-11-03 09:00:00,6776.408,6737.5117
2108,2021-11-03 10:00:00,7010.4375,6986.829
2109,2021-11-03 11:00:00,7123.1274,7105.0674
2110,2021-11-03 12:00:00,7123.1445,7120.5747
2111,2021-11-03 13:00:00,7077.2764,7070.7124
2112,2021-11-03 14:00:00,7108.6035,7118.2607
2113,2021-11-03 15:00:00,7090.2827,7108.936
2114,2021-11-03 16:00:00,7037.2144,7074.908
2115,2021-11-03 17:00:00,7021.3105,7002.3926
2116,2021-11-03 18:00:00,6953.2856,6916.3555
2117,2021-11-03 19:00:00,6847.5664,6861.4126
2118,2021-11-03 20:00:00,6813.109,6829.569
2119,2021-11-03 21:00:00,6695.118,6675.5054
2120,2021-11-03 22:00:00,6483.3765,6517.003
2121,2021-11-03 23:00:00,6195.4614,6236.7036
2122,2021-11-04 00:00:00,5953.1777,5847.281
2123,2021-11-04 01:00:00,5659.0664,5769.172
2124,2021-11-04 02:00:00,5539.1323,5632.4053
2125,2021-11-04 03:00:00,5534.2046,5498.8877
2126,2021-11-04 04:00:00,5458.9087,5430.0435
2127,2021-11-04 05:00:00,5402.743,5400.117
2128,2021-11-04 06:00:00,5593.016,5446.524
2129,2021-11-04 07:00:00,5886.166,5595.949
2130,2021-11-04 08:00:00,6088.5796,5700.2593
2131,2021-11-04 09:00:00,6120.8477,5952.0073
2132,2021-11-04 10:00:00,6292.7764,6165.534
2133,2021-11-04 11:00:00,6250.962,6303.31
2134,2021-11-04 12:00:00,6315.174,6367.26
2135,2021-11-04 13:00:00,6339.9233,6401.9873
2136,2021-11-04 14:00:00,6424.5083,6449.599
2137,2021-11-04 15:00:00,6446.826,6479.0796
2138,2021-11-04 16:00:00,6463.795,6442.0386
2139,2021-11-04 17:00:00,6425.9995,6405.6826
2140,2021-11-04 18:00:00,6390.5244,6388.33
2141,2021-11-04 19:00:00,6409.957,6455.5547
2142,2021-11-04 20:00:00,6471.68,6509.415
2143,2021-11-04 21:00:00,6460.41,6446.7896
2144,2021-11-04 22:00:00,6357.5293,6357.1
2145,2021-11-04 23:00:00,6137.495,6074.5493
2146,2021-11-05 00:00:00,5837.9224,5900.0786
2147,2021-11-05 01:00:00,5649.417,5619.6284
2148,2021-11-05 02:00:00,5497.4243,5496.398
2149,2021-11-05 03:00:00,5414.19,5390.3887
2150,2021-11-05 04:00:00,5341.1265,5355.054
2151,2021-11-05 05:00:00,5366.498,5372.7554
2152,2021-11-05 06:00:00,5533.0464,5540.576
2153,2021-11-05 07:00:00,5914.5273,5890.8364
2154,2021-11-05 08:00:00,6276.8867,6283.1885
2155,2021-11-05 09:00:00,6707.1963,6806.9946
2156,2021-11-05 10:00:00,7018.6533,7054.262
2157,2021-11-05 11:00:00,7154.5073,7211.2676
2158,2021-11-05 12:00:00,7217.9062,7197.8896
2159,2021-11-05 13:00:00,7166.9575,7170.4004
2160,2021-11-05 14:00:00,7239.098,7231.526
2161,2021-11-05 15:00:00,7216.05,7194.468
2162,2021-11-05 16:00:00,7121.8477,7074.6377
2163,2021-11-05 17:00:00,7042.177,7027.0874
2164,2021-11-05 18:00:00,6974.205,6946.1865
2165,2021-11-05 19:00:00,6882.35,6814.096
2166,2021-11-05 20:00:00,6760.2812,6738.601
2167,2021-11-05 21:00:00,6674.121,6604.343
2168,2021-11-05 22:00:00,6467.424,6409.6567
2169,2021-11-05 23:00:00,6152.417,6120.7397
2170,2021-11-06 00:00:00,5859.313,6093.377
2171,2021-11-06 01:00:00,5771.0967,5668.6885
2172,2021-11-06 02:00:00,5525.625,5516.6978
2173,2021-11-06 03:00:00,5428.378,5413.562
2174,2021-11-06 04:00:00,5368.348,5345.233
2175,2021-11-06 05:00:00,5349.1157,5336.4316
2176,2021-11-06 06:00:00,5519.3545,5409.3916
2177,2021-11-06 07:00:00,5597.4326,5585.467
2178,2021-11-06 08:00:00,5915.4556,5797.645
2179,2021-11-06 09:00:00,6166.7495,6208.466
2180,2021-11-06 10:00:00,6450.1406,6499.949
2181,2021-11-06 11:00:00,6594.985,6673.496
2182,2021-11-06 12:00:00,6705.47,6695.9326
2183,2021-11-06 13:00:00,6676.198,6685.5767
2184,2021-11-06 14:00:00,6673.9424,6665.991
2185,2021-11-06 15:00:00,6670.605,6673.2354
2186,2021-11-06 16:00:00,6619.1895,6648.6885
2187,2021-11-06 17:00:00,6560.757,6605.7944
2188,2021-11-06 18:00:00,6580.4805,6554.1675
2189,2021-11-06 19:00:00,6538.493,6612.104
2190,2021-11-06 20:00:00,6656.3613,6683.398
2191,2021-11-06 21:00:00,6640.9424,6649.3403
2192,2021-11-06 22:00:00,6562.62,6530.3223
2193,2021-11-06 23:00:00,6222.909,6307.3853
2194,2021-11-07 00:00:00,5969.487,5925.3306
2195,2021-11-07 01:00:00,5717.5713,5867.79
2196,2021-11-07 02:00:00,5610.4414,5690.994
2197,2021-11-07 03:00:00,5545.2686,5579.797
2198,2021-11-07 04:00:00,5514.346,5508.6807
2199,2021-11-07 05:00:00,5495.879,5456.9824
2200,2021-11-07 06:00:00,5518.3774,5503.893
2201,2021-11-07 07:00:00,5625.0117,5630.127
2202,2021-11-07 08:00:00,5767.991,5709.681
2203,2021-11-07 09:00:00,6048.5073,5964.0454
2204,2021-11-07 10:00:00,6247.467,6171.5117
2205,2021-11-07 11:00:00,6361.305,6335.054
2206,2021-11-07 12:00:00,6382.814,6375.0894
2207,2021-11-07 13:00:00,6379.148,6321.151
2208,2021-11-07 14:00:00,6341.5264,6307.6255
2209,2021-11-07 15:00:00,6325.534,6299.725
2210,2021-11-07 16:00:00,6261.181,6275.7754
2211,2021-11-07 17:00:00,6254.2627,6255.198
2212,2021-11-07 18:00:00,6275.13,6287.505
2213,2021-11-07 19:00:00,6341.438,6429.602
2214,2021-11-07 20:00:00,6506.7637,6567.4175
2215,2021-11-07 21:00:00,6556.3037,6555.066
2216,2021-11-07 22:00:00,6445.95,6416.8267
2217,2021-11-07 23:00:00,6172.9033,6161.289
2218,2021-11-08 00:00:00,5913.2944,6057.649
2219,2021-11-08 01:00:00,5758.9175,5683.9214
2220,2021-11-08 02:00:00,5544.0317,5520.2393
2221,2021-11-08 03:00:00,5443.484,5418.5547
2222,2021-11-08 04:00:00,5385.089,5358.2
2223,2021-11-08 05:00:00,5367.485,5369.529
2224,2021-11-08 06:00:00,5549.663,5552.7827
2225,2021-11-08 07:00:00,5927.1646,5958.05
2226,2021-11-08 08:00:00,6351.8555,6372.592
2227,2021-11-08 09:00:00,6812.832,6861.245
2228,2021-11-08 10:00:00,7105.678,7076.7725
2229,2021-11-08 11:00:00,7174.7563,7199.178
2230,2021-11-08 12:00:00,7237.325,7187.527
2231,2021-11-08 13:00:00,7161.357,7101.8574
2232,2021-11-08 14:00:00,7140.8257,7119.5283
2233,2021-11-08 15:00:00,7118.5386,7142.502
2234,2021-11-08 16:00:00,7077.5757,7116.4043
2235,2021-11-08 17:00:00,7077.6465,7124.8926
2236,2021-11-08 18:00:00,7067.165,7047.1084
2237,2021-11-08 19:00:00,6992.234,6984.308
2238,2021-11-08 20:00:00,6944.7363,6965.6875
2239,2021-11-08 21:00:00,6852.425,6882.88
2240,2021-11-08 22:00:00,6664.6167,6682.496
2241,2021-11-08 23:00:00,6287.92,6340.2104
2242,2021-11-09 00:00:00,6082.63,5939.9233
2243,2021-11-09 01:00:00,5770.237,5817.739
2244,2021-11-09 02:00:00,5620.285,5660.1514
2245,2021-11-09 03:00:00,5559.942,5565.6865
2246,2021-11-09 04:00:00,5517.0337,5513.16
2247,2021-11-09 05:00:00,5506.596,5525.785
2248,2021-11-09 06:00:00,5638.13,5687.5845
2249,2021-11-09 07:00:00,6051.6626,6052.235
2250,2021-11-09 08:00:00,6428.549,6419.6265
2251,2021-11-09 09:00:00,6914.1494,6923.9897
2252,2021-11-09 10:00:00,7123.533,7143.9
2253,2021-11-09 11:00:00,7259.93,7280.151
2254,2021-11-09 12:00:00,7248.983,7301.5986
2255,2021-11-09 13:00:00,7258.0405,7256.204
2256,2021-11-09 14:00:00,7305.6733,7333.9307
2257,2021-11-09 15:00:00,7316.8506,7277.575
2258,2021-11-09 16:00:00,7268.5986,7072.045
2259,2021-11-09 17:00:00,7077.2583,7063.8506
2260,2021-11-09 18:00:00,7043.467,7001.424
2261,2021-11-09 19:00:00,6949.986,6888.6304
2262,2021-11-09 20:00:00,6862.6436,6828.905
2263,2021-11-09 21:00:00,6776.0796,6694.4126
2264,2021-11-09 22:00:00,6563.266,6528.2876
2265,2021-11-09 23:00:00,6234.7974,6201.075
2266,2021-11-10 00:00:00,5943.353,5841.2007
2267,2021-11-10 01:00:00,5694.053,5688.781
2268,2021-11-10 02:00:00,5568.2036,5555.7026
2269,2021-11-10 03:00:00,5482.8613,5464.306
2270,2021-11-10 04:00:00,5429.199,5400.69
2271,2021-11-10 05:00:00,5413.162,5429.9434
2272,2021-11-10 06:00:00,5597.7837,5604.7144
2273,2021-11-10 07:00:00,6001.936,5978.3433
2274,2021-11-10 08:00:00,6402.846,6328.473
2275,2021-11-10 09:00:00,6841.8726,6785.051
2276,2021-11-10 10:00:00,7070.1265,6997.4204
2277,2021-11-10 11:00:00,7140.757,7068.411
2278,2021-11-10 12:00:00,7077.1963,7021.7686
2279,2021-11-10 13:00:00,7032.462,6974.432
2280,2021-11-10 14:00:00,7024.3394,7039.078
2281,2021-11-10 15:00:00,7018.8735,6998.467
2282,2021-11-10 16:00:00,6929.663,6978.4062
2283,2021-11-10 17:00:00,6943.8076,6991.5503
2284,2021-11-10 18:00:00,6930.5776,6954.7188
2285,2021-11-10 19:00:00,6934.6045,6874.79
2286,2021-11-10 20:00:00,6843.7173,6820.665
2287,2021-11-10 21:00:00,6736.9907,6693.6943
2288,2021-11-10 22:00:00,6522.3667,6433.337
2289,2021-11-10 23:00:00,6163.111,6104.6167
2290,2021-11-11 00:00:00,5848.2295,6024.094
2291,2021-11-11 01:00:00,5751.4395,5610.535
2292,2021-11-11 02:00:00,5515.2,5481.2856
2293,2021-11-11 03:00:00,5439.439,5382.1406
2294,2021-11-11 04:00:00,5350.024,5325.4307
2295,2021-11-11 05:00:00,5326.01,5331.4746
2296,2021-11-11 06:00:00,5544.6455,5556.2124
2297,2021-11-11 07:00:00,5931.5156,5959.829
2298,2021-11-11 08:00:00,6348.6265,6313.737
2299,2021-11-11 09:00:00,6755.969,6750.7056
2300,2021-11-11 10:00:00,7031.6113,6956.434
2301,2021-11-11 11:00:00,7038.855,7118.831
2302,2021-11-11 12:00:00,7087.5874,7157.2085
2303,2021-11-11 13:00:00,7098.938,7128.736
2304,2021-11-11 14:00:00,7141.7607,7194.054
2305,2021-11-11 15:00:00,7189.638,7205.051
2306,2021-11-11 16:00:00,7129.3613,7157.666
2307,2021-11-11 17:00:00,7119.506,7121.419
2308,2021-11-11 18:00:00,7066.103,7088.049
2309,2021-11-11 19:00:00,7012.516,7020.521
2310,2021-11-11 20:00:00,6971.181,6961.703
2311,2021-11-11 21:00:00,6838.2876,6856.2295
2312,2021-11-11 22:00:00,6626.4727,6652.3354
2313,2021-11-11 23:00:00,6295.8325,6293.5723
2314,2021-11-12 00:00:00,6040.6367,6112.9233
2315,2021-11-12 01:00:00,5787.7827,5771.5264
2316,2021-11-12 02:00:00,5622.1367,5621.357
2317,2021-11-12 03:00:00,5509.2095,5474.955
2318,2021-11-12 04:00:00,5412.3105,5394.767
2319,2021-11-12 05:00:00,5395.8013,5414.5054
2320,2021-11-12 06:00:00,5565.1562,5593.86
2321,2021-11-12 07:00:00,5963.826,5983.86
2322,2021-11-12 08:00:00,6344.814,6321.22
2323,2021-11-12 09:00:00,6797.227,6790.3564
2324,2021-11-12 10:00:00,7024.465,7032.142
2325,2021-11-12 11:00:00,7134.2793,7204.164
2326,2021-11-12 12:00:00,7203.77,7191.928
2327,2021-11-12 13:00:00,7145.4175,7148.776
2328,2021-11-12 14:00:00,7231.49,7221.711
2329,2021-11-12 15:00:00,7214.7515,7237.358
2330,2021-11-12 16:00:00,7193.489,7216.934
2331,2021-11-12 17:00:00,7160.56,7208.527
2332,2021-11-12 18:00:00,7136.97,7115.571
2333,2021-11-12 19:00:00,7074.4517,7011.034
2334,2021-11-12 20:00:00,6991.1226,6975.112
2335,2021-11-12 21:00:00,6851.1167,6842.3247
2336,2021-11-12 22:00:00,6632.7285,6657.4043
2337,2021-11-12 23:00:00,6324.3013,6361.6123
2338,2021-11-13 00:00:00,6082.235,6039.1694
2339,2021-11-13 01:00:00,5860.588,5861.9326
2340,2021-11-13 02:00:00,5637.9355,5675.8315
2341,2021-11-13 03:00:00,5584.2607,5567.3164
2342,2021-11-13 04:00:00,5492.463,5480.9873
2343,2021-11-13 05:00:00,5471.681,5475.7173
2344,2021-11-13 06:00:00,5514.115,5501.2935
2345,2021-11-13 07:00:00,5655.063,5634.3975
2346,2021-11-13 08:00:00,5851.1816,5851.29
2347,2021-11-13 09:00:00,6197.1426,6219.7734
2348,2021-11-13 10:00:00,6450.645,6450.9116
2349,2021-11-13 11:00:00,6585.5986,6613.7183
2350,2021-11-13 12:00:00,6650.7183,6644.4624
2351,2021-11-13 13:00:00,6587.186,6572.422
2352,2021-11-13 14:00:00,6578.0913,6523.554
2353,2021-11-13 15:00:00,6537.7056,6503.7964
2354,2021-11-13 16:00:00,6456.426,6465.876
2355,2021-11-13 17:00:00,6408.075,6436.959
2356,2021-11-13 18:00:00,6422.95,6417.7554
2357,2021-11-13 19:00:00,6443.8906,6508.928
2358,2021-11-13 20:00:00,6585.629,6595.092
2359,2021-11-13 21:00:00,6590.4824,6572.4165
2360,2021-11-13 22:00:00,6498.248,6470.7227
2361,2021-11-13 23:00:00,6200.9004,6240.7217
2362,2021-11-14 00:00:00,5976.5356,6116.901
2363,2021-11-14 01:00:00,5870.2427,5804.851
2364,2021-11-14 02:00:00,5622.8965,5651.065
2365,2021-11-14 03:00:00,5541.4775,5536.0693
2366,2021-11-14 04:00:00,5489.92,5455.81
2367,2021-11-14 05:00:00,5430.178,5430.581
2368,2021-11-14 06:00:00,5491.2524,5487.0366
2369,2021-11-14 07:00:00,5587.32,5625.3374
2370,2021-11-14 08:00:00,5774.158,5658.717
2371,2021-11-14 09:00:00,5984.967,5925.649
2372,2021-11-14 10:00:00,6203.148,6119.1216
2373,2021-11-14 11:00:00,6248.7295,6278.8057
2374,2021-11-14 12:00:00,6336.668,6329.6577
2375,2021-11-14 13:00:00,6333.7236,6312.874
2376,2021-11-14 14:00:00,6298.36,6400.098
2377,2021-11-14 15:00:00,6377.7827,6445.7256
2378,2021-11-14 16:00:00,6403.9517,6445.631
2379,2021-11-14 17:00:00,6418.245,6377.2993
2380,2021-11-14 18:00:00,6403.2607,6388.472
2381,2021-11-14 19:00:00,6464.573,6495.961
2382,2021-11-14 20:00:00,6585.042,6638.6934
2383,2021-11-14 21:00:00,6612.033,6616.3535
2384,2021-11-14 22:00:00,6477.517,6555.274
2385,2021-11-14 23:00:00,6259.392,6334.6616
2386,2021-11-15 00:00:00,6049.712,6091.212
2387,2021-11-15 01:00:00,5851.4546,5876.2876
2388,2021-11-15 02:00:00,5660.4395,5718.6694
2389,2021-11-15 03:00:00,5598.181,5602.1606
2390,2021-11-15 04:00:00,5519.5674,5548.5576
2391,2021-11-15 05:00:00,5532.8843,5537.8594
2392,2021-11-15 06:00:00,5626.129,5703.172
2393,2021-11-15 07:00:00,6034.6724,6093.248
2394,2021-11-15 08:00:00,6470.621,6487.991
2395,2021-11-15 09:00:00,6909.8193,7011.241
2396,2021-11-15 10:00:00,7161.725,7259.8975
2397,2021-11-15 11:00:00,7300.4175,7305.0605
2398,2021-11-15 12:00:00,7292.772,7247.1196
2399,2021-11-15 13:00:00,7240.8037,7189.832
2400,2021-11-15 14:00:00,7279.5825,7210.798
2401,2021-11-15 15:00:00,7219.522,7182.9272
2402,2021-11-15 16:00:00,7126.369,7130.988
2403,2021-11-15 17:00:00,7097.7944,7131.076
2404,2021-11-15 18:00:00,7064.755,7111.509
2405,2021-11-15 19:00:00,7085.8438,7034.577
2406,2021-11-15 20:00:00,7007.4463,6987.5864
2407,2021-11-15 21:00:00,6876.547,6879.811
2408,2021-11-15 22:00:00,6668.848,6691.472
2409,2021-11-15 23:00:00,6340.005,6371.723
2410,2021-11-16 00:00:00,6050.1387,6311.1025
2411,2021-11-16 01:00:00,5922.44,5843.9385
2412,2021-11-16 02:00:00,5666.495,5692.395
2413,2021-11-16 03:00:00,5578.801,5596.083
2414,2021-11-16 04:00:00,5555.6694,5518.974
2415,2021-11-16 05:00:00,5497.6714,5512.546
2416,2021-11-16 06:00:00,5683.4307,5682.3896
2417,2021-11-16 07:00:00,6085.42,6046.752
2418,2021-11-16 08:00:00,6468.3076,6417.1265
2419,2021-11-16 09:00:00,6912.8423,6929.8267
2420,2021-11-16 10:00:00,7166.6064,7165.941
2421,2021-11-16 11:00:00,7269.025,7329.686
2422,2021-11-16 12:00:00,7310.4824,7317.324
2423,2021-11-16 13:00:00,7250.398,7249.321
2424,2021-11-16 14:00:00,7285.268,7321.9263
2425,2021-11-16 15:00:00,7281.2827,7365.57
2426,2021-11-16 16:00:00,7304.835,7303.2734
2427,2021-11-16 17:00:00,7268.5767,7317.309
2428,2021-11-16 18:00:00,7259.947,7244.6245
2429,2021-11-16 19:00:00,7211.0215,7137.355
2430,2021-11-16 20:00:00,7093.1577,7104.5874
2431,2021-11-16 21:00:00,6991.708,6994.997
2432,2021-11-16 22:00:00,6745.3174,6842.8613
2433,2021-11-16 23:00:00,6460.8027,6568.893
2434,2021-11-17 00:00:00,6257.5195,6264.03
2435,2021-11-17 01:00:00,5981.5977,6057.9287
2436,2021-11-17 02:00:00,5846.832,5885.889
2437,2021-11-17 03:00:00,5782.632,5773.99
2438,2021-11-17 04:00:00,5722.6987,5692.5244
2439,2021-11-17 05:00:00,5699.4517,5696.741
2440,2021-11-17 06:00:00,5800.1465,5839.825
2441,2021-11-17 07:00:00,6157.112,6183.2285
2442,2021-11-17 08:00:00,6547.1377,6548.4243
2443,2021-11-17 09:00:00,6980.496,7054.585
2444,2021-11-17 10:00:00,7241.4624,7317.229
2445,2021-11-17 11:00:00,7384.564,7374.5596
2446,2021-11-17 12:00:00,7343.1494,7211.301
2447,2021-11-17 13:00:00,7216.21,7160.7124
2448,2021-11-17 14:00:00,7239.815,7296.819
2449,2021-11-17 15:00:00,7303.951,7351.9014
2450,2021-11-17 16:00:00,7308.631,7365.192
2451,2021-11-17 17:00:00,7323.027,7353.826
2452,2021-11-17 18:00:00,7285.888,7253.9985
2453,2021-11-17 19:00:00,7213.543,7163.433
2454,2021-11-17 20:00:00,7145.388,7123.0967
2455,2021-11-17 21:00:00,7012.456,7022.177
2456,2021-11-17 22:00:00,6800.6436,6863.357
2457,2021-11-17 23:00:00,6572.291,6558.4
2458,2021-11-18 00:00:00,6286.288,6138.601
2459,2021-11-18 01:00:00,5998.279,6005.4673
2460,2021-11-18 02:00:00,5829.935,5836.5825
2461,2021-11-18 03:00:00,5737.882,5731.8335
2462,2021-11-18 04:00:00,5690.1987,5663.7915
2463,2021-11-18 05:00:00,5656.054,5668.5527
2464,2021-11-18 06:00:00,5838.4775,5819.846
2465,2021-11-18 07:00:00,6187.747,6162.9985
2466,2021-11-18 08:00:00,6554.4844,6536.8657
2467,2021-11-18 09:00:00,7016.927,6892.3843
2468,2021-11-18 10:00:00,7201.088,6984.7715
2469,2021-11-18 11:00:00,7103.2373,7085.98
2470,2021-11-18 12:00:00,7126.28,7023.549
2471,2021-11-18 13:00:00,7049.0894,7007.836
2472,2021-11-18 14:00:00,7089.5605,7142.675
2473,2021-11-18 15:00:00,7185.6357,7205.028
2474,2021-11-18 16:00:00,7204.7583,7224.7764
2475,2021-11-18 17:00:00,7197.3193,7230.234
2476,2021-11-18 18:00:00,7169.8926,7139.6436
2477,2021-11-18 19:00:00,7084.553,7028.866
2478,2021-11-18 20:00:00,6998.911,6988.099
2479,2021-11-18 21:00:00,6897.1436,6877.374
2480,2021-11-18 22:00:00,6712.786,6700.1274
2481,2021-11-18 23:00:00,6417.1724,6402.3574
2482,2021-11-19 00:00:00,6146.0625,6264.4204
2483,2021-11-19 01:00:00,5959.6973,5879.29
2484,2021-11-19 02:00:00,5725.7437,5689.2324
2485,2021-11-19 03:00:00,5608.456,5597.064
2486,2021-11-19 04:00:00,5560.8027,5541.642
2487,2021-11-19 05:00:00,5556.4,5548.5483
2488,2021-11-19 06:00:00,5703.585,5682.3135
2489,2021-11-19 07:00:00,6064.984,6019.875
2490,2021-11-19 08:00:00,6427.361,6382.431
2491,2021-11-19 09:00:00,6841.2593,6871.0356
2492,2021-11-19 10:00:00,7059.9126,7100.0435
2493,2021-11-19 11:00:00,7173.7573,7269.2847
2494,2021-11-19 12:00:00,7248.76,7264.938
2495,2021-11-19 13:00:00,7194.5425,7209.3105
2496,2021-11-19 14:00:00,7262.574,7258.8945
2497,2021-11-19 15:00:00,7280.4873,7255.493
2498,2021-11-19 16:00:00,7242.451,7296.5903
2499,2021-11-19 17:00:00,7273.052,7317.082
2500,2021-11-19 18:00:00,7246.5625,7202.078
2501,2021-11-19 19:00:00,7144.878,7072.5474
2502,2021-11-19 20:00:00,7013.3325,7022.2837
2503,2021-11-19 21:00:00,6945.2993,6899.1045
2504,2021-11-19 22:00:00,6697.9463,6778.221
2505,2021-11-19 23:00:00,6464.331,6501.218
2506,2021-11-20 00:00:00,6232.0513,6119.3643
2507,2021-11-20 01:00:00,5950.8276,5996.3994
2508,2021-11-20 02:00:00,5794.412,5800.4287
2509,2021-11-20 03:00:00,5656.8013,5696.383
2510,2021-11-20 04:00:00,5603.487,5617.8037
2511,2021-11-20 05:00:00,5613.129,5617.802
2512,2021-11-20 06:00:00,5658.1694,5597.396
2513,2021-11-20 07:00:00,5689.305,5698.166
2514,2021-11-20 08:00:00,5896.145,5859.475
2515,2021-11-20 09:00:00,6186.502,6200.979
2516,2021-11-20 10:00:00,6451.84,6416.6265
2517,2021-11-20 11:00:00,6601.5854,6564.4717
2518,2021-11-20 12:00:00,6609.188,6575.209
2519,2021-11-20 13:00:00,6537.625,6491.3833
2520,2021-11-20 14:00:00,6481.9736,6480.174
2521,2021-11-20 15:00:00,6487.2227,6492.971
2522,2021-11-20 16:00:00,6473.8457,6488.761
2523,2021-11-20 17:00:00,6467.1934,6485.4346
2524,2021-11-20 18:00:00,6468.2793,6478.511
2525,2021-11-20 19:00:00,6522.8823,6575.078
2526,2021-11-20 20:00:00,6638.909,6656.467
2527,2021-11-20 21:00:00,6680.686,6635.5854
2528,2021-11-20 22:00:00,6541.64,6547.717
2529,2021-11-20 23:00:00,6328.6914,6341.1826
2530,2021-11-21 00:00:00,6121.473,5953.928
2531,2021-11-21 01:00:00,5865.332,5884.097
2532,2021-11-21 02:00:00,5693.9375,5723.9346
2533,2021-11-21 03:00:00,5618.7056,5600.2207
2534,2021-11-21 04:00:00,5536.082,5510.078
2535,2021-11-21 05:00:00,5473.3975,5466.1113
2536,2021-11-21 06:00:00,5506.8623,5493.6953
2537,2021-11-21 07:00:00,5583.6035,5634.7744
2538,2021-11-21 08:00:00,5732.6636,5744.3877
2539,2021-11-21 09:00:00,6028.9326,6020.6406
2540,2021-11-21 10:00:00,6242.6646,6226.551
2541,2021-11-21 11:00:00,6378.404,6400.862
2542,2021-11-21 12:00:00,6467.928,6428.8936
2543,2021-11-21 13:00:00,6408.5723,6426.752
2544,2021-11-21 14:00:00,6415.408,6511.5903
2545,2021-11-21 15:00:00,6518.537,6494.5303
2546,2021-11-21 16:00:00,6460.9404,6445.231
2547,2021-11-21 17:00:00,6419.514,6411.9336
2548,2021-11-21 18:00:00,6426.747,6399.532
2549,2021-11-21 19:00:00,6464.047,6462.1235
2550,2021-11-21 20:00:00,6617.634,6536.2754
2551,2021-11-21 21:00:00,6577.935,6530.514
2552,2021-11-21 22:00:00,6512.822,6430.595
2553,2021-11-21 23:00:00,6264.3867,6190.808
2554,2021-11-22 00:00:00,5968.196,6259.0195
2555,2021-11-22 01:00:00,5857.538,5722.466
2556,2021-11-22 02:00:00,5598.122,5574.218
2557,2021-11-22 03:00:00,5504.2236,5452.7666
2558,2021-11-22 04:00:00,5413.3887,5369.4146
2559,2021-11-22 05:00:00,5390.391,5383.356
2560,2021-11-22 06:00:00,5581.194,5535.048
2561,2021-11-22 07:00:00,5938.116,5922.9937
2562,2021-11-22 08:00:00,6344.806,6352.9624
2563,2021-11-22 09:00:00,6840.3945,6834.9326
2564,2021-11-22 10:00:00,7071.475,7097.4663
2565,2021-11-22 11:00:00,7184.035,7225.536
2566,2021-11-22 12:00:00,7217.437,7213.2246
2567,2021-11-22 13:00:00,7193.2383,7202.34
2568,2021-11-22 14:00:00,7234.7495,7320.0693
2569,2021-11-22 15:00:00,7332.125,7319.8804
2570,2021-11-22 16:00:00,7286.266,7326.3633
2571,2021-11-22 17:00:00,7316.195,7319.568
2572,2021-11-22 18:00:00,7249.5327,7235.7256
2573,2021-11-22 19:00:00,7163.4067,7096.7705
2574,2021-11-22 20:00:00,7064.075,7071.438
2575,2021-11-22 21:00:00,6967.326,6993.2954
2576,2021-11-22 22:00:00,6779.23,6808.9556
2577,2021-11-22 23:00:00,6490.453,6527.9497
2578,2021-11-23 00:00:00,6243.3223,6049.6167
2579,2021-11-23 01:00:00,5913.837,5961.844
2580,2021-11-23 02:00:00,5742.755,5824.569
2581,2021-11-23 03:00:00,5672.608,5709.527
2582,2021-11-23 04:00:00,5658.788,5647.8774
2583,2021-11-23 05:00:00,5647.286,5652.5093
2584,2021-11-23 06:00:00,5777.739,5794.7886
2585,2021-11-23 07:00:00,6169.1235,6128.1904
2586,2021-11-23 08:00:00,6554.564,6530.112
2587,2021-11-23 09:00:00,6975.381,7031.23
2588,2021-11-23 10:00:00,7235.4004,7321.842
2589,2021-11-23 11:00:00,7356.6694,7409.9634
2590,2021-11-23 12:00:00,7341.29,7351.659
2591,2021-11-23 13:00:00,7265.7036,7191.0303
2592,2021-11-23 14:00:00,7338.345,7182.7627
2593,2021-11-23 15:00:00,7271.7944,7171.7896
2594,2021-11-23 16:00:00,7177.014,7183.872
2595,2021-11-23 17:00:00,7184.1274,7110.9043
2596,2021-11-23 18:00:00,7083.5605,7016.1577
2597,2021-11-23 19:00:00,6948.284,6953.917
2598,2021-11-23 20:00:00,6918.554,6902.4937
2599,2021-11-23 21:00:00,6860.8667,6778.563
2600,2021-11-23 22:00:00,6646.6157,6626.709
2601,2021-11-23 23:00:00,6375.1406,6311.3413
2602,2021-11-24 00:00:00,6048.666,5981.432
2603,2021-11-24 01:00:00,5843.9067,5802.205
2604,2021-11-24 02:00:00,5630.538,5649.5645
2605,2021-11-24 03:00:00,5562.015,5553.2827
2606,2021-11-24 04:00:00,5506.2256,5486.6904
2607,2021-11-24 05:00:00,5499.7905,5506.5327
2608,2021-11-24 06:00:00,5672.571,5638.168
2609,2021-11-24 07:00:00,6033.6562,5994.0063
2610,2021-11-24 08:00:00,6449.8633,6401.811
2611,2021-11-24 09:00:00,6859.705,6860.8994
2612,2021-11-24 10:00:00,7104.186,7015.6826
2613,2021-11-24 11:00:00,7086.7925,7084.5376
2614,2021-11-24 12:00:00,7038.6626,7003.0586
2615,2021-11-24 13:00:00,7001.7417,6936.008
2616,2021-11-24 14:00:00,6999.444,6994.0464
2617,2021-11-24 15:00:00,7042.5737,7021.1787
2618,2021-11-24 16:00:00,7003.491,7018.274
2619,2021-11-24 17:00:00,7003.206,7042.066
2620,2021-11-24 18:00:00,6981.2363,7015.3525
2621,2021-11-24 19:00:00,6938.8867,6966.976
2622,2021-11-24 20:00:00,6917.8623,6921.4253
2623,2021-11-24 21:00:00,6849.1206,6772.4497
2624,2021-11-24 22:00:00,6609.631,6557.909
2625,2021-11-24 23:00:00,6258.0376,6248.1978
2626,2021-11-25 00:00:00,5991.2627,6164.7817
2627,2021-11-25 01:00:00,5842.712,5726.1626
2628,2021-11-25 02:00:00,5602.7793,5548.4194
2629,2021-11-25 03:00:00,5473.433,5473.1006
2630,2021-11-25 04:00:00,5419.8643,5403.465
2631,2021-11-25 05:00:00,5408.111,5436.255
2632,2021-11-25 06:00:00,5613.741,5578.141
2633,2021-11-25 07:00:00,5973.813,5909.816
2634,2021-11-25 08:00:00,6358.8145,6316.5176
2635,2021-11-25 09:00:00,6798.9263,6729.2773
2636,2021-11-25 10:00:00,6994.5024,6972.082
2637,2021-11-25 11:00:00,7054.236,7087.678
2638,2021-11-25 12:00:00,7047.3037,7111.797
2639,2021-11-25 13:00:00,7065.9688,7063.675
2640,2021-11-25 14:00:00,7110.973,7166.4424
2641,2021-11-25 15:00:00,7182.0493,7201.128
2642,2021-11-25 16:00:00,7203.931,7234.832
2643,2021-11-25 17:00:00,7180.889,7269.791
2644,2021-11-25 18:00:00,7177.16,7205.0537
2645,2021-11-25 19:00:00,7114.317,7095.3047
2646,2021-11-25 20:00:00,7012.6777,7036.5635
2647,2021-11-25 21:00:00,6924.419,6883.9185
2648,2021-11-25 22:00:00,6681.8374,6701.5317
2649,2021-11-25 23:00:00,6375.9434,6406.155
2650,2021-11-26 00:00:00,6120.8657,6317.312
2651,2021-11-26 01:00:00,5927.549,5914.6616
2652,2021-11-26 02:00:00,5699.1533,5745.3286
2653,2021-11-26 03:00:00,5628.669,5622.663
2654,2021-11-26 04:00:00,5555.531,5552.28
2655,2021-11-26 05:00:00,5559.1055,5550.1235
2656,2021-11-26 06:00:00,5666.5195,5668.601
2657,2021-11-26 07:00:00,5990.629,5985.7876
2658,2021-11-26 08:00:00,6398.7275,6355.8423
2659,2021-11-26 09:00:00,6836.689,6772.685
2660,2021-11-26 10:00:00,7049.916,7026.0737
2661,2021-11-26 11:00:00,7148.5093,7156.9424
2662,2021-11-26 12:00:00,7160.84,7195.8433
2663,2021-11-26 13:00:00,7138.8564,7161.6855
2664,2021-11-26 14:00:00,7247.6562,7236.6
2665,2021-11-26 15:00:00,7268.4033,7283.17
2666,2021-11-26 16:00:00,7297.4893,7273.159
2667,2021-11-26 17:00:00,7282.6387,7291.3345
2668,2021-11-26 18:00:00,7195.1973,7198.3086
2669,2021-11-26 19:00:00,7080.02,7108.334
2670,2021-11-26 20:00:00,7030.102,7021.4087
2671,2021-11-26 21:00:00,6893.8926,6916.068
2672,2021-11-26 22:00:00,6693.1763,6779.4746
2673,2021-11-26 23:00:00,6390.369,6554.452
2674,2021-11-27 00:00:00,6233.484,6129.7954
2675,2021-11-27 01:00:00,5955.967,6064.949
2676,2021-11-27 02:00:00,5803.4023,5873.9326
2677,2021-11-27 03:00:00,5723.9995,5733.806
2678,2021-11-27 04:00:00,5624.7876,5630.8354
2679,2021-11-27 05:00:00,5594.087,5591.727
2680,2021-11-27 06:00:00,5582.4546,5672.3276
2681,2021-11-27 07:00:00,5753.051,5837.7114
2682,2021-11-27 08:00:00,6073.0874,5987.9546
2683,2021-11-27 09:00:00,6265.0176,6361.4995
2684,2021-11-27 10:00:00,6591.6436,6598.694
2685,2021-11-27 11:00:00,6662.2896,6723.3525
2686,2021-11-27 12:00:00,6700.845,6744.264
2687,2021-11-27 13:00:00,6704.1587,6677.779
2688,2021-11-27 14:00:00,6634.5317,6685.4253
2689,2021-11-27 15:00:00,6656.49,6731.38
2690,2021-11-27 16:00:00,6691.9243,6692.2905
2691,2021-11-27 17:00:00,6631.727,6671.375
2692,2021-11-27 18:00:00,6649.226,6639.8413
2693,2021-11-27 19:00:00,6653.7686,6622.434
2694,2021-11-27 20:00:00,6671.6562,6596.407
2695,2021-11-27 21:00:00,6600.9146,6573.8667
2696,2021-11-27 22:00:00,6513.112,6489.0264
2697,2021-11-27 23:00:00,6289.3276,6330.183
2698,2021-11-28 00:00:00,6122.0645,6155.481
2699,2021-11-28 01:00:00,5911.0225,5891.3545
2700,2021-11-28 02:00:00,5738.935,5733.6274
2701,2021-11-28 03:00:00,5605.058,5622.101
2702,2021-11-28 04:00:00,5560.344,5523.868
2703,2021-11-28 05:00:00,5487.0093,5473.6533
2704,2021-11-28 06:00:00,5486.946,5519.7705
2705,2021-11-28 07:00:00,5607.15,5645.6484
2706,2021-11-28 08:00:00,5789.7593,5701.5366
2707,2021-11-28 09:00:00,5993.397,5957.08
2708,2021-11-28 10:00:00,6233.4907,6222.236
2709,2021-11-28 11:00:00,6382.35,6373.6914
2710,2021-11-28 12:00:00,6398.061,6405.975
2711,2021-11-28 13:00:00,6426.2686,6398.205
2712,2021-11-28 14:00:00,6404.463,6436.354
2713,2021-11-28 15:00:00,6441.739,6436.6016
2714,2021-11-28 16:00:00,6419.188,6412.371
2715,2021-11-28 17:00:00,6414.875,6409.918
2716,2021-11-28 18:00:00,6393.5024,6425.651
2717,2021-11-28 19:00:00,6509.93,6537.217
2718,2021-11-28 20:00:00,6588.412,6682.8066
2719,2021-11-28 21:00:00,6671.8506,6663.378
2720,2021-11-28 22:00:00,6579.2954,6604.44
2721,2021-11-28 23:00:00,6376.3354,6380.1504
2722,2021-11-29 00:00:00,6166.781,6432.692
2723,2021-11-29 01:00:00,5942.678,5919.2354
2724,2021-11-29 02:00:00,5728.59,5754.4814
2725,2021-11-29 03:00:00,5642.002,5637.8975
2726,2021-11-29 04:00:00,5561.1587,5550.7314
2727,2021-11-29 05:00:00,5515.929,5524.595
2728,2021-11-29 06:00:00,5643.304,5643.5093
2729,2021-11-29 07:00:00,5971.0273,6002.245
2730,2021-11-29 08:00:00,6405.19,6430.9463
2731,2021-11-29 09:00:00,6883.439,6998.978
2732,2021-11-29 10:00:00,7197.404,7263.146
2733,2021-11-29 11:00:00,7336.073,7378.5063
2734,2021-11-29 12:00:00,7325.2705,7368.373
2735,2021-11-29 13:00:00,7279.027,7311.407
2736,2021-11-29 14:00:00,7335.447,7385.0723
2737,2021-11-29 15:00:00,7417.2993,7401.017
2738,2021-11-29 16:00:00,7407.7188,7405.492
2739,2021-11-29 17:00:00,7397.2095,7419.7944
2740,2021-11-29 18:00:00,7327.713,7329.879
2741,2021-11-29 19:00:00,7200.549,7196.3247
2742,2021-11-29 20:00:00,7175.8535,7170.7236
2743,2021-11-29 21:00:00,7102.2207,7091.413
2744,2021-11-29 22:00:00,6854.348,6966.095
2745,2021-11-29 23:00:00,6624.708,6687.1255
2746,2021-11-30 00:00:00,6310.956,6565.338
2747,2021-11-30 01:00:00,6139.984,6176.2417
2748,2021-11-30 02:00:00,5976.895,5975.0723
2749,2021-11-30 03:00:00,5845.464,5860.56
2750,2021-11-30 04:00:00,5797.0093,5776.5728
2751,2021-11-30 05:00:00,5768.8564,5743.968
2752,2021-11-30 06:00:00,5841.741,5831.397
2753,2021-11-30 07:00:00,6157.6426,6143.216
2754,2021-11-30 08:00:00,6576.984,6537.6147
2755,2021-11-30 09:00:00,7032.0674,7003.0215
2756,2021-11-30 10:00:00,7310.9077,7243.366
2757,2021-11-30 11:00:00,7386.4824,7392.622
2758,2021-11-30 12:00:00,7369.6807,7416.431
2759,2021-11-30 13:00:00,7307.4526,7351.236
2760,2021-11-30 14:00:00,7401.7236,7462.5786
2761,2021-11-30 15:00:00,7476.9727,7500.8525
2762,2021-11-30 16:00:00,7514.94,7511.219
2763,2021-11-30 17:00:00,7503.62,7501.4253
2764,2021-11-30 18:00:00,7386.002,7417.936
2765,2021-11-30 19:00:00,7303.36,7264.8706
2766,2021-11-30 20:00:00,7236.7236,7236.5776
2767,2021-11-30 21:00:00,7161.4214,7157.524
2768,2021-11-30 22:00:00,6935.25,7036.9624
2769,2021-11-30 23:00:00,6707.265,6785.2764
2770,2021-12-01 00:00:00,6518.4126,6720.1016
2771,2021-12-01 01:00:00,6232.4,6279.3237
2772,2021-12-01 02:00:00,6047.8887,6065.089
2773,2021-12-01 03:00:00,5959.6787,5927.278
2774,2021-12-01 04:00:00,5867.674,5847.5405
2775,2021-12-01 05:00:00,5813.689,5835.905
2776,2021-12-01 06:00:00,5897.6626,5947.15
2777,2021-12-01 07:00:00,6175.342,6242.0127
2778,2021-12-01 08:00:00,6606.547,6640.832
2779,2021-12-01 09:00:00,7039.8506,7124.868
2780,2021-12-01 10:00:00,7339.3813,7379.147
2781,2021-12-01 11:00:00,7444.197,7504.484
2782,2021-12-01 12:00:00,7455.9067,7465.249
2783,2021-12-01 13:00:00,7341.5464,7403.721
2784,2021-12-01 14:00:00,7490.2124,7520.5894
2785,2021-12-01 15:00:00,7550.2817,7535.5166
2786,2021-12-01 16:00:00,7553.8145,7538.112
2787,2021-12-01 17:00:00,7537.4824,7524.75
2788,2021-12-01 18:00:00,7450.9043,7436.7876
2789,2021-12-01 19:00:00,7317.342,7295.934
2790,2021-12-01 20:00:00,7252.953,7319.2266
2791,2021-12-01 21:00:00,7238.33,7289.748
2792,2021-12-01 22:00:00,7044.308,7198.058
2793,2021-12-01 23:00:00,6821.292,6947.542
2794,2021-12-02 00:00:00,6755.3286,6171.1416
2795,2021-12-02 01:00:00,6035.621,6449.8003
2796,2021-12-02 02:00:00,6077.0977,6240.0615
2797,2021-12-02 03:00:00,6062.438,6098.5684
2798,2021-12-02 04:00:00,6038.1367,5991.857
2799,2021-12-02 05:00:00,6017.567,5973.719
2800,2021-12-02 06:00:00,6035.8066,6072.3306
2801,2021-12-02 07:00:00,6288.203,6368.9424
2802,2021-12-02 08:00:00,6713.352,6704.994
2803,2021-12-02 09:00:00,7120.8706,6973.5493
2804,2021-12-02 10:00:00,7310.727,7120.529
2805,2021-12-02 11:00:00,7283.788,7195.7256
2806,2021-12-02 12:00:00,7207.075,7121.6313
2807,2021-12-02 13:00:00,7158.895,7011.8213
2808,2021-12-02 14:00:00,7101.3325,7066.4375
2809,2021-12-02 15:00:00,7135.145,7080.0225
2810,2021-12-02 16:00:00,7108.8423,7084.709
2811,2021-12-02 17:00:00,7083.6943,7108.8213
2812,2021-12-02 18:00:00,7088.76,7069.646
2813,2021-12-02 19:00:00,7036.371,7022.3296
2814,2021-12-02 20:00:00,7016.075,6974.7886
2815,2021-12-02 21:00:00,6952.065,6870.628
2816,2021-12-02 22:00:00,6764.01,6704.413
2817,2021-12-02 23:00:00,6488.4814,6410.2905
2818,2021-12-03 00:00:00,6240.1987,6185.0425
2819,2021-12-03 01:00:00,5996.0156,5900.742
2820,2021-12-03 02:00:00,5702.8066,5739.755
2821,2021-12-03 03:00:00,5648.9126,5631.2266
2822,2021-12-03 04:00:00,5585.4424,5556.7646
2823,2021-12-03 05:00:00,5529.638,5543.7256
2824,2021-12-03 06:00:00,5639.573,5669.7563
2825,2021-12-03 07:00:00,5994.1855,5989.3555
2826,2021-12-03 08:00:00,6392.3237,6371.384
2827,2021-12-03 09:00:00,6784.3833,6795.058
2828,2021-12-03 10:00:00,7020.713,7026.8193
2829,2021-12-03 11:00:00,7095.744,7144.4224
2830,2021-12-03 12:00:00,7150.3936,7132.9966
2831,2021-12-03 13:00:00,7084.366,7125.4956
2832,2021-12-03 14:00:00,7164.0024,7204.404
2833,2021-12-03 15:00:00,7255.9336,7240.1694
2834,2021-12-03 16:00:00,7242.3975,7258.98
2835,2021-12-03 17:00:00,7285.5864,7211.28
2836,2021-12-03 18:00:00,7182.6445,7065.91
2837,2021-12-03 19:00:00,7015.1973,6925.287
2838,2021-12-03 20:00:00,6911.7173,6877.134
2839,2021-12-03 21:00:00,6839.761,6764.207
2840,2021-12-03 22:00:00,6625.571,6638.289
2841,2021-12-03 23:00:00,6413.919,6414.177
2842,2021-12-04 00:00:00,6143.0645,6151.3184
2843,2021-12-04 01:00:00,5946.0283,5949.1475
2844,2021-12-04 02:00:00,5745.437,5785.186
2845,2021-12-04 03:00:00,5665.272,5661.491
2846,2021-12-04 04:00:00,5617.6113,5564.1943
2847,2021-12-04 05:00:00,5553.1777,5534.0464
2848,2021-12-04 06:00:00,5571.5176,5598.538
2849,2021-12-04 07:00:00,5681.37,5763.8027
2850,2021-12-04 08:00:00,5947.9136,5947.7646
2851,2021-12-04 09:00:00,6246.3076,6304.5537
2852,2021-12-04 10:00:00,6505.188,6509.998
2853,2021-12-04 11:00:00,6584.109,6669.1724
2854,2021-12-04 12:00:00,6684.603,6717.7393
2855,2021-12-04 13:00:00,6688.516,6666.5703
2856,2021-12-04 14:00:00,6701.89,6642.133
2857,2021-12-04 15:00:00,6659.7495,6638.214
2858,2021-12-04 16:00:00,6632.121,6617.1606
2859,2021-12-04 17:00:00,6584.405,6584.858
2860,2021-12-04 18:00:00,6565.0464,6502.242
2861,2021-12-04 19:00:00,6515.427,6536.3657
2862,2021-12-04 20:00:00,6610.892,6603.197
2863,2021-12-04 21:00:00,6606.0293,6585.966
2864,2021-12-04 22:00:00,6536.733,6510.9097
2865,2021-12-04 23:00:00,6324.444,6335.7925
2866,2021-12-05 00:00:00,6147.2476,6012.094
2867,2021-12-05 01:00:00,5865.835,5907.5063
2868,2021-12-05 02:00:00,5716.7524,5740.904
2869,2021-12-05 03:00:00,5623.8545,5624.541
2870,2021-12-05 04:00:00,5559.3086,5543.2676
2871,2021-12-05 05:00:00,5501.6836,5518.276
2872,2021-12-05 06:00:00,5545.2964,5566.334
2873,2021-12-05 07:00:00,5652.6055,5693.627
2874,2021-12-05 08:00:00,5753.3164,5754.631
2875,2021-12-05 09:00:00,6037.058,5983.687
2876,2021-12-05 10:00:00,6255.4404,6184.7646
2877,2021-12-05 11:00:00,6349.977,6362.1377
2878,2021-12-05 12:00:00,6393.081,6356.4355
2879,2021-12-05 13:00:00,6342.285,6325.5425
2880,2021-12-05 14:00:00,6321.5405,6387.124
2881,2021-12-05 15:00:00,6414.494,6397.217
2882,2021-12-05 16:00:00,6385.8735,6377.4526
2883,2021-12-05 17:00:00,6340.411,6373.8286
2884,2021-12-05 18:00:00,6358.469,6372.9844
2885,2021-12-05 19:00:00,6445.4795,6471.3057
2886,2021-12-05 20:00:00,6574.4517,6559.798
2887,2021-12-05 21:00:00,6569.169,6545.186
2888,2021-12-05 22:00:00,6489.299,6473.7974
2889,2021-12-05 23:00:00,6297.703,6218.6187
2890,2021-12-06 00:00:00,6020.9233,6167.2754
2891,2021-12-06 01:00:00,5839.71,5779.487
2892,2021-12-06 02:00:00,5655.1143,5583.2783
2893,2021-12-06 03:00:00,5502.2637,5475.6963
2894,2021-12-06 04:00:00,5455.197,5408.0977
2895,2021-12-06 05:00:00,5397.311,5435.9067
2896,2021-12-06 06:00:00,5583.9688,5591.8984
2897,2021-12-06 07:00:00,5946.4927,5952.4116
2898,2021-12-06 08:00:00,6390.0776,6377.108
2899,2021-12-06 09:00:00,6812.9756,6838.8096
2900,2021-12-06 10:00:00,7089.909,7095.6353
2901,2021-12-06 11:00:00,7183.5737,7202.085
2902,2021-12-06 12:00:00,7194.666,7169.514
2903,2021-12-06 13:00:00,7134.105,7108.4834
2904,2021-12-06 14:00:00,7187.6787,7136.776
2905,2021-12-06 15:00:00,7170.1895,7177.2095
2906,2021-12-06 16:00:00,7201.7114,7153.555
2907,2021-12-06 17:00:00,7132.7744,7166.8936
2908,2021-12-06 18:00:00,7099.118,7063.828
2909,2021-12-06 19:00:00,6984.7686,6997.291
2910,2021-12-06 20:00:00,6952.5356,6942.3384
2911,2021-12-06 21:00:00,6879.63,6839.398
2912,2021-12-06 22:00:00,6724.3306,6689.7183
2913,2021-12-06 23:00:00,6419.9194,6413.2314
2914,2021-12-07 00:00:00,6158.6807,6217.068
2915,2021-12-07 01:00:00,5951.826,5899.852
2916,2021-12-07 02:00:00,5712.985,5736.6484
2917,2021-12-07 03:00:00,5624.1377,5616.867
2918,2021-12-07 04:00:00,5570.1587,5552.9346
2919,2021-12-07 05:00:00,5526.2227,5564.003
2920,2021-12-07 06:00:00,5679.6367,5680.6377
2921,2021-12-07 07:00:00,6008.0923,5995.323
2922,2021-12-07 08:00:00,6434.878,6409.451
2923,2021-12-07 09:00:00,6838.2144,6871.01
2924,2021-12-07 10:00:00,7140.986,7117.1274
2925,2021-12-07 11:00:00,7215.655,7273.152
2926,2021-12-07 12:00:00,7202.565,7279.798
2927,2021-12-07 13:00:00,7184.382,7266.8423
2928,2021-12-07 14:00:00,7289.055,7315.4336
2929,2021-12-07 15:00:00,7356.25,7312.4844
2930,2021-12-07 16:00:00,7335.5854,7335.4517
2931,2021-12-07 17:00:00,7306.005,7330.7656
2932,2021-12-07 18:00:00,7215.4326,7214.728
2933,2021-12-07 19:00:00,7107.3267,7070.376
2934,2021-12-07 20:00:00,7033.0464,7037.221
2935,2021-12-07 21:00:00,6956.819,6929.617
2936,2021-12-07 22:00:00,6752.716,6767.1274
2937,2021-12-07 23:00:00,6438.1123,6487.81
2938,2021-12-08 00:00:00,6222.543,6233.4155
2939,2021-12-08 01:00:00,5954.607,5959.4062
2940,2021-12-08 02:00:00,5777.1914,5806.719
2941,2021-12-08 03:00:00,5662.87,5689.758
2942,2021-12-08 04:00:00,5619.33,5613.229
2943,2021-12-08 05:00:00,5634.009,5612.5913
2944,2021-12-08 06:00:00,5722.837,5722.3916
2945,2021-12-08 07:00:00,6044.415,6055.2305
2946,2021-12-08 08:00:00,6456.623,6430.7573
2947,2021-12-08 09:00:00,6873.925,6918.2485
2948,2021-12-08 10:00:00,7159.163,7150.205
2949,2021-12-08 11:00:00,7235.398,7267.8066
2950,2021-12-08 12:00:00,7219.535,7275.809
2951,2021-12-08 13:00:00,7211.0176,7284.507
2952,2021-12-08 14:00:00,7309.105,7377.7656
2953,2021-12-08 15:00:00,7384.2144,7360.0146
2954,2021-12-08 16:00:00,7384.4233,7365.2324
2955,2021-12-08 17:00:00,7366.128,7340.4224
2956,2021-12-08 18:00:00,7238.97,7237.062
2957,2021-12-08 19:00:00,7105.2676,7076.81
2958,2021-12-08 20:00:00,7039.0723,7048.6123
2959,2021-12-08 21:00:00,6957.8574,6945.2466
2960,2021-12-08 22:00:00,6734.4263,6782.3125
2961,2021-12-08 23:00:00,6481.7373,6494.9297
2962,2021-12-09 00:00:00,6217.4863,6231.545
2963,2021-12-09 01:00:00,5947.1377,5977.3345
2964,2021-12-09 02:00:00,5782.1846,5807.1406
2965,2021-12-09 03:00:00,5692.7285,5699.2646
2966,2021-12-09 04:00:00,5624.331,5632.917
2967,2021-12-09 05:00:00,5627.07,5623.154
2968,2021-12-09 06:00:00,5738.7383,5734.5854
2969,2021-12-09 07:00:00,6037.753,6076.743
2970,2021-12-09 08:00:00,6459.3975,6454.1064
2971,2021-12-09 09:00:00,6871.6006,6939.69
2972,2021-12-09 10:00:00,7144.4995,7173.8823
2973,2021-12-09 11:00:00,7248.0684,7309.629
2974,2021-12-09 12:00:00,7273.4624,7334.054
2975,2021-12-09 13:00:00,7301.948,7308.7417
2976,2021-12-09 14:00:00,7365.76,7359.2993
2977,2021-12-09 15:00:00,7390.675,7400.0166
2978,2021-12-09 16:00:00,7422.5923,7389.075
2979,2021-12-09 17:00:00,7354.1504,7321.7173
2980,2021-12-09 18:00:00,7220.627,7195.81
2981,2021-12-09 19:00:00,7050.7144,7075.908
2982,2021-12-09 20:00:00,7017.672,7050.6313
2983,2021-12-09 21:00:00,6933.5,6942.688
2984,2021-12-09 22:00:00,6739.549,6801.339
2985,2021-12-09 23:00:00,6470.416,6504.351
2986,2021-12-10 00:00:00,6226.506,6110.6206
2987,2021-12-10 01:00:00,5937.957,5978.06
2988,2021-12-10 02:00:00,5767.928,5800.946
2989,2021-12-10 03:00:00,5664.305,5694.566
2990,2021-12-10 04:00:00,5631.4683,5619.4946
2991,2021-12-10 05:00:00,5630.5913,5619.6396
2992,2021-12-10 06:00:00,5735.8613,5745.645
2993,2021-12-10 07:00:00,6045.338,6057.973
2994,2021-12-10 08:00:00,6449.315,6447.2363
2995,2021-12-10 09:00:00,6881.9707,6916.7095
2996,2021-12-10 10:00:00,7156.652,7157.547
2997,2021-12-10 11:00:00,7270.11,7305.0327
2998,2021-12-10 12:00:00,7308.232,7290.8135
2999,2021-12-10 13:00:00,7297.723,7201.471
3000,2021-12-10 14:00:00,7308.0317,7293.493
3001,2021-12-10 15:00:00,7318.734,7273.9365
3002,2021-12-10 16:00:00,7291.804,7208.867
3003,2021-12-10 17:00:00,7231.845,7132.222
3004,2021-12-10 18:00:00,7059.0825,7089.2314
3005,2021-12-10 19:00:00,6999.685,6927.766
3006,2021-12-10 20:00:00,6921.4136,6863.5684
3007,2021-12-10 21:00:00,6795.6406,6742.346
3008,2021-12-10 22:00:00,6651.5786,6584.6064
3009,2021-12-10 23:00:00,6359.288,6323.7793
3010,2021-12-11 00:00:00,6079.561,6065.5034
3011,2021-12-11 01:00:00,5917.114,5875.197
3012,2021-12-11 02:00:00,5722.395,5698.682
3013,2021-12-11 03:00:00,5609.9233,5569.903
3014,2021-12-11 04:00:00,5539.101,5492.8364
3015,2021-12-11 05:00:00,5470.2056,5501.81
3016,2021-12-11 06:00:00,5514.677,5606.5083
3017,2021-12-11 07:00:00,5825.6533,5762.386
3018,2021-12-11 08:00:00,5969.815,5948.853
3019,2021-12-11 09:00:00,6282.339,6346.121
3020,2021-12-11 10:00:00,6541.0137,6626.576
3021,2021-12-11 11:00:00,6708.6455,6796.882
3022,2021-12-11 12:00:00,6766.2183,6817.019
3023,2021-12-11 13:00:00,6792.5205,6726.6875
3024,2021-12-11 14:00:00,6718.375,6708.642
3025,2021-12-11 15:00:00,6695.774,6621.07
3026,2021-12-11 16:00:00,6613.531,6572.9707
3027,2021-12-11 17:00:00,6559.0283,6576.3013
3028,2021-12-11 18:00:00,6560.2427,6551.211
3029,2021-12-11 19:00:00,6552.382,6572.4004
3030,2021-12-11 20:00:00,6591.1143,6623.367
3031,2021-12-11 21:00:00,6634.708,6602.278
3032,2021-12-11 22:00:00,6506.819,6514.322
3033,2021-12-11 23:00:00,6292.73,6268.1973
3034,2021-12-12 00:00:00,6047.5723,5924.345
3035,2021-12-12 01:00:00,5791.824,5825.402
3036,2021-12-12 02:00:00,5660.235,5645.482
3037,2021-12-12 03:00:00,5548.951,5531.7236
3038,2021-12-12 04:00:00,5495.64,5461.1216
3039,2021-12-12 05:00:00,5432.088,5430.156
3040,2021-12-12 06:00:00,5476.4126,5485.1304
3041,2021-12-12 07:00:00,5614.92,5631.677
3042,2021-12-12 08:00:00,5770.165,5716.0767
3043,2021-12-12 09:00:00,5975.305,5977.766
3044,2021-12-12 10:00:00,6258.294,6182.755
3045,2021-12-12 11:00:00,6326.8887,6303.4414
3046,2021-12-12 12:00:00,6310.5713,6286.1675
3047,2021-12-12 13:00:00,6296.295,6236.7705
3048,2021-12-12 14:00:00,6260.996,6295.677
3049,2021-12-12 15:00:00,6301.175,6257.5527
3050,2021-12-12 16:00:00,6243.6167,6233.451
3051,2021-12-12 17:00:00,6251.697,6231.657
3052,2021-12-12 18:00:00,6217.7026,6244.5557
3053,2021-12-12 19:00:00,6340.9644,6341.0835
3054,2021-12-12 20:00:00,6483.179,6466.606
3055,2021-12-12 21:00:00,6474.6567,6486.738
3056,2021-12-12 22:00:00,6465.22,6397.4194
3057,2021-12-12 23:00:00,6222.8477,6149.1646
3058,2021-12-13 00:00:00,5975.779,6085.9473
3059,2021-12-13 01:00:00,5783.6523,5690.4146
3060,2021-12-13 02:00:00,5556.108,5523.6104
3061,2021-12-13 03:00:00,5461.102,5403.397
3062,2021-12-13 04:00:00,5354.873,5352.2715
3063,2021-12-13 05:00:00,5342.9546,5350.0254
3064,2021-12-13 06:00:00,5557.049,5505.346
3065,2021-12-13 07:00:00,5898.7036,5870.975
3066,2021-12-13 08:00:00,6356.165,6287.3115
3067,2021-12-13 09:00:00,6778.029,6773.2
3068,2021-12-13 10:00:00,7091.5,7010.0503
3069,2021-12-13 11:00:00,7106.484,7150.076
3070,2021-12-13 12:00:00,7149.236,7151.072
3071,2021-12-13 13:00:00,7134.9136,7124.625
3072,2021-12-13 14:00:00,7166.825,7201.632
3073,2021-12-13 15:00:00,7234.4526,7170.7485
3074,2021-12-13 16:00:00,7179.78,7127.3535
3075,2021-12-13 17:00:00,7107.793,7143.423
3076,2021-12-13 18:00:00,7036.227,7049.301
3077,2021-12-13 19:00:00,6952.425,6910.273
3078,2021-12-13 20:00:00,6852.7725,6926.5825
3079,2021-12-13 21:00:00,6873.2256,6796.644
3080,2021-12-13 22:00:00,6675.3945,6623.4077
3081,2021-12-13 23:00:00,6346.061,6350.3047
3082,2021-12-14 00:00:00,6089.9717,6156.7847
3083,2021-12-14 01:00:00,5890.0537,5818.6387
3084,2021-12-14 02:00:00,5669.1763,5684.7554
3085,2021-12-14 03:00:00,5579.1914,5578.6274
3086,2021-12-14 04:00:00,5525.603,5507.42
3087,2021-12-14 05:00:00,5471.5093,5510.088
3088,2021-12-14 06:00:00,5658.7783,5660.6025
3089,2021-12-14 07:00:00,6027.53,5992.28
3090,2021-12-14 08:00:00,6431.5073,6381.6187
3091,2021-12-14 09:00:00,6857.147,6821.5312
3092,2021-12-14 10:00:00,7089.583,7088.2607
3093,2021-12-14 11:00:00,7216.709,7229.0
3094,2021-12-14 12:00:00,7237.174,7232.718
3095,2021-12-14 13:00:00,7217.2324,7199.322
3096,2021-12-14 14:00:00,7266.8936,7278.129
3097,2021-12-14 15:00:00,7272.9927,7269.498
3098,2021-12-14 16:00:00,7271.6577,7236.837
3099,2021-12-14 17:00:00,7211.0713,7193.7056
3100,2021-12-14 18:00:00,7112.013,7150.7915
3101,2021-12-14 19:00:00,7037.5737,7045.845
3102,2021-12-14 20:00:00,6985.6777,6988.338
3103,2021-12-14 21:00:00,6885.056,6873.2573
3104,2021-12-14 22:00:00,6711.9316,6697.2715
3105,2021-12-14 23:00:00,6378.0117,6418.5083
3106,2021-12-15 00:00:00,6155.9316,6184.4507
3107,2021-12-15 01:00:00,5908.21,5900.5117
3108,2021-12-15 02:00:00,5748.5713,5709.236
3109,2021-12-15 03:00:00,5621.3237,5619.634
3110,2021-12-15 04:00:00,5568.524,5546.561
3111,2021-12-15 05:00:00,5526.215,5553.542
3112,2021-12-15 06:00:00,5692.39,5694.0127
3113,2021-12-15 07:00:00,6027.592,6007.407
3114,2021-12-15 08:00:00,6406.6787,6389.011
3115,2021-12-15 09:00:00,6843.8374,6858.379
3116,2021-12-15 10:00:00,7113.8267,7098.3467
3117,2021-12-15 11:00:00,7227.0557,7239.1616
3118,2021-12-15 12:00:00,7245.976,7232.022
3119,2021-12-15 13:00:00,7235.9336,7180.2056
3120,2021-12-15 14:00:00,7232.88,7224.276
3121,2021-12-15 15:00:00,7241.0986,7258.87
3122,2021-12-15 16:00:00,7253.4014,7252.647
3123,2021-12-15 17:00:00,7234.219,7216.9595
3124,2021-12-15 18:00:00,7141.2905,7158.4854
3125,2021-12-15 19:00:00,7030.6807,7044.167
3126,2021-12-15 20:00:00,6973.706,7020.317
3127,2021-12-15 21:00:00,6922.108,6881.8374
3128,2021-12-15 22:00:00,6688.697,6705.999
3129,2021-12-15 23:00:00,6388.3965,6423.479
3130,2021-12-16 00:00:00,6143.4995,6384.5464
3131,2021-12-16 01:00:00,5977.9517,5908.6406
3132,2021-12-16 02:00:00,5739.9414,5747.1934
3133,2021-12-16 03:00:00,5625.545,5634.2373
3134,2021-12-16 04:00:00,5566.9727,5549.031
3135,2021-12-16 05:00:00,5526.0337,5543.5967
3136,2021-12-16 06:00:00,5686.1587,5686.0054
3137,2021-12-16 07:00:00,6010.8154,5984.9873
3138,2021-12-16 08:00:00,6401.7817,6386.378
3139,2021-12-16 09:00:00,6839.922,6821.8726
3140,2021-12-16 10:00:00,7096.3994,7070.0723
3141,2021-12-16 11:00:00,7207.01,7228.984
3142,2021-12-16 12:00:00,7196.9624,7245.1484
3143,2021-12-16 13:00:00,7195.2046,7223.745
3144,2021-12-16 14:00:00,7268.3633,7336.4673
3145,2021-12-16 15:00:00,7323.84,7353.529
3146,2021-12-16 16:00:00,7349.0127,7382.4614
3147,2021-12-16 17:00:00,7323.6,7338.5244
3148,2021-12-16 18:00:00,7193.303,7270.9126
3149,2021-12-16 19:00:00,7075.2285,7126.013
3150,2021-12-16 20:00:00,7069.0864,7098.565
3151,2021-12-16 21:00:00,6992.945,7027.1904
3152,2021-12-16 22:00:00,6766.442,6887.1216
3153,2021-12-16 23:00:00,6489.2114,6639.7607
3154,2021-12-17 00:00:00,6338.3237,6154.514
3155,2021-12-17 01:00:00,5968.3677,6080.143
3156,2021-12-17 02:00:00,5831.3745,5901.1187
3157,2021-12-17 03:00:00,5739.2188,5785.206
3158,2021-12-17 04:00:00,5678.6655,5725.701
3159,2021-12-17 05:00:00,5712.74,5697.577
3160,2021-12-17 06:00:00,5746.524,5790.383
3161,2021-12-17 07:00:00,6030.435,6055.3496
3162,2021-12-17 08:00:00,6440.792,6416.5635
3163,2021-12-17 09:00:00,6861.536,6854.9146
3164,2021-12-17 10:00:00,7118.93,7109.5356
3165,2021-12-17 11:00:00,7242.698,7178.8716
3166,2021-12-17 12:00:00,7200.195,7204.6694
3167,2021-12-17 13:00:00,7216.1924,7198.9585
3168,2021-12-17 14:00:00,7273.8145,7299.2476
3169,2021-12-17 15:00:00,7365.4287,7273.663
3170,2021-12-17 16:00:00,7280.1675,7278.5044
3171,2021-12-17 17:00:00,7249.61,7249.499
3172,2021-12-17 18:00:00,7150.053,7140.562
3173,2021-12-17 19:00:00,7047.3086,6999.36
3174,2021-12-17 20:00:00,6971.295,6987.234
3175,2021-12-17 21:00:00,6910.5117,6866.3955
3176,2021-12-17 22:00:00,6684.3267,6695.182
3177,2021-12-17 23:00:00,6397.853,6352.999
3178,2021-12-18 00:00:00,6110.761,6071.8506
3179,2021-12-18 01:00:00,5894.1807,5909.4536
3180,2021-12-18 02:00:00,5755.8936,5747.6807
3181,2021-12-18 03:00:00,5643.9014,5609.5645
3182,2021-12-18 04:00:00,5536.7036,5550.3057
3183,2021-12-18 05:00:00,5519.455,5533.7324
3184,2021-12-18 06:00:00,5588.3154,5606.297
3185,2021-12-18 07:00:00,5730.5083,5787.31
3186,2021-12-18 08:00:00,5978.3057,5974.9443
3187,2021-12-18 09:00:00,6288.6924,6392.6733
3188,2021-12-18 10:00:00,6673.0264,6605.5474
3189,2021-12-18 11:00:00,6700.745,6781.0103
3190,2021-12-18 12:00:00,6794.5337,6756.861
3191,2021-12-18 13:00:00,6678.3643,6711.6787
3192,2021-12-18 14:00:00,6676.305,6692.4663
3193,2021-12-18 15:00:00,6664.963,6665.1255
3194,2021-12-18 16:00:00,6605.418,6606.095
3195,2021-12-18 17:00:00,6577.951,6556.7354
3196,2021-12-18 18:00:00,6523.819,6556.978
3197,2021-12-18 19:00:00,6552.429,6617.453
3198,2021-12-18 20:00:00,6633.993,6703.9487
3199,2021-12-18 21:00:00,6673.601,6625.9287
3200,2021-12-18 22:00:00,6514.7417,6539.636
3201,2021-12-18 23:00:00,6292.5923,6292.4233
3202,2021-12-19 00:00:00,6044.588,6028.366
3203,2021-12-19 01:00:00,5845.0156,5822.166
3204,2021-12-19 02:00:00,5656.2,5613.9414
3205,2021-12-19 03:00:00,5548.88,5502.6313
3206,2021-12-19 04:00:00,5447.205,5427.5596
3207,2021-12-19 05:00:00,5422.3813,5404.196
3208,2021-12-19 06:00:00,5423.342,5469.8364
3209,2021-12-19 07:00:00,5620.631,5614.7173
3210,2021-12-19 08:00:00,5753.936,5674.694
3211,2021-12-19 09:00:00,5958.658,5924.318
3212,2021-12-19 10:00:00,6239.628,6157.8896
3213,2021-12-19 11:00:00,6282.3975,6306.883
3214,2021-12-19 12:00:00,6293.707,6328.5903
3215,2021-12-19 13:00:00,6315.27,6283.4297
3216,2021-12-19 14:00:00,6305.348,6327.0195
3217,2021-12-19 15:00:00,6328.8374,6333.5566
3218,2021-12-19 16:00:00,6318.2036,6324.355
3219,2021-12-19 17:00:00,6297.8926,6309.3364
3220,2021-12-19 18:00:00,6301.424,6293.04
3221,2021-12-19 19:00:00,6389.4507,6411.7744
3222,2021-12-19 20:00:00,6502.734,6554.6084
3223,2021-12-19 21:00:00,6565.1265,6566.9263
3224,2021-12-19 22:00:00,6485.198,6493.1553
3225,2021-12-19 23:00:00,6262.683,6217.6694
3226,2021-12-20 00:00:00,6012.4307,6177.3726
3227,2021-12-20 01:00:00,5783.201,5773.518
3228,2021-12-20 02:00:00,5625.451,5596.7646
3229,2021-12-20 03:00:00,5487.4976,5477.234
3230,2021-12-20 04:00:00,5442.3184,5401.9644
3231,2021-12-20 05:00:00,5386.7896,5413.874
3232,2021-12-20 06:00:00,5557.426,5545.7095
3233,2021-12-20 07:00:00,5897.0464,5884.1865
3234,2021-12-20 08:00:00,6336.188,6305.8555
3235,2021-12-20 09:00:00,6764.985,6750.468
3236,2021-12-20 10:00:00,7069.46,6989.451
3237,2021-12-20 11:00:00,7141.7236,7120.697
3238,2021-12-20 12:00:00,7124.3833,7121.9937
3239,2021-12-20 13:00:00,7104.824,7104.9233
3240,2021-12-20 14:00:00,7174.112,7191.4175
3241,2021-12-20 15:00:00,7175.0493,7190.289
3242,2021-12-20 16:00:00,7162.7856,7192.4795
3243,2021-12-20 17:00:00,7151.03,7180.5137
3244,2021-12-20 18:00:00,7095.948,7101.744
3245,2021-12-20 19:00:00,7009.533,7004.0586
3246,2021-12-20 20:00:00,6965.24,7000.0376
3247,2021-12-20 21:00:00,6906.623,6898.364
3248,2021-12-20 22:00:00,6688.2764,6733.908
3249,2021-12-20 23:00:00,6394.966,6433.4214
3250,2021-12-21 00:00:00,6186.7124,6302.0576
3251,2021-12-21 01:00:00,5939.1714,5908.1445
3252,2021-12-21 02:00:00,5725.469,5715.159
3253,2021-12-21 03:00:00,5622.0137,5624.0776
3254,2021-12-21 04:00:00,5566.897,5561.8594
3255,2021-12-21 05:00:00,5563.2544,5563.2246
3256,2021-12-21 06:00:00,5672.2017,5688.6016
3257,2021-12-21 07:00:00,6024.8774,5996.0396
3258,2021-12-21 08:00:00,6408.8813,6394.25
3259,2021-12-21 09:00:00,6835.2173,6874.8286
3260,2021-12-21 10:00:00,7096.705,7099.4355
3261,2021-12-21 11:00:00,7203.9243,7272.888
3262,2021-12-21 12:00:00,7276.0967,7262.377
3263,2021-12-21 13:00:00,7225.46,7236.6724
3264,2021-12-21 14:00:00,7312.6626,7352.922
3265,2021-12-21 15:00:00,7358.482,7397.875
3266,2021-12-21 16:00:00,7400.8823,7423.179
3267,2021-12-21 17:00:00,7374.669,7407.978
3268,2021-12-21 18:00:00,7301.0483,7325.3945
3269,2021-12-21 19:00:00,7173.212,7176.252
3270,2021-12-21 20:00:00,7135.97,7084.568
3271,2021-12-21 21:00:00,7001.5337,6976.7944
3272,2021-12-21 22:00:00,6767.7056,6826.48
3273,2021-12-21 23:00:00,6493.315,6559.0396
3274,2021-12-22 00:00:00,6311.533,6267.1475
3275,2021-12-22 01:00:00,5974.7036,6030.0024
3276,2021-12-22 02:00:00,5807.051,5853.941
3277,2021-12-22 03:00:00,5714.2275,5738.2153
3278,2021-12-22 04:00:00,5642.5156,5655.22
3279,2021-12-22 05:00:00,5663.17,5642.7393
3280,2021-12-22 06:00:00,5746.756,5782.2114
3281,2021-12-22 07:00:00,6062.4614,6073.2573
3282,2021-12-22 08:00:00,6454.138,6470.0806
3283,2021-12-22 09:00:00,6909.395,6933.6924
3284,2021-12-22 10:00:00,7151.044,7137.4355
3285,2021-12-22 11:00:00,7288.05,7240.0396
3286,2021-12-22 12:00:00,7246.6455,7252.2397
3287,2021-12-22 13:00:00,7241.134,7193.965
3288,2021-12-22 14:00:00,7317.477,7276.7007
3289,2021-12-22 15:00:00,7325.169,7329.604
3290,2021-12-22 16:00:00,7363.3286,7343.931
3291,2021-12-22 17:00:00,7333.4023,7360.1567
3292,2021-12-22 18:00:00,7246.622,7272.0713
3293,2021-12-22 19:00:00,7086.588,7132.621
3294,2021-12-22 20:00:00,7108.6914,7075.1895
3295,2021-12-22 21:00:00,6972.8936,6959.139
3296,2021-12-22 22:00:00,6770.255,6791.3623
3297,2021-12-22 23:00:00,6507.044,6496.215
3298,2021-12-23 00:00:00,6245.2695,6220.8223
3299,2021-12-23 01:00:00,5983.6343,5995.027
3300,2021-12-23 02:00:00,5821.36,5816.4414
3301,2021-12-23 03:00:00,5697.631,5684.1304
3302,2021-12-23 04:00:00,5614.9473,5617.5938
3303,2021-12-23 05:00:00,5613.022,5611.296
3304,2021-12-23 06:00:00,5771.7676,5720.399
3305,2021-12-23 07:00:00,6018.11,6022.656
3306,2021-12-23 08:00:00,6438.14,6396.2334
3307,2021-12-23 09:00:00,6879.3076,6868.209
3308,2021-12-23 10:00:00,7116.72,7038.3486
3309,2021-12-23 11:00:00,7191.596,7136.4175
3310,2021-12-23 12:00:00,7173.4106,7090.3496
3311,2021-12-23 13:00:00,7141.5557,6999.927
3312,2021-12-23 14:00:00,7197.0254,7069.4893
3313,2021-12-23 15:00:00,7130.21,7126.338
3314,2021-12-23 16:00:00,7149.9155,7138.237
3315,2021-12-23 17:00:00,7129.911,7135.2495
3316,2021-12-23 18:00:00,7071.7227,7085.605
3317,2021-12-23 19:00:00,6985.99,6975.9175
3318,2021-12-23 20:00:00,6966.9688,6938.032
3319,2021-12-23 21:00:00,6881.8877,6837.118
3320,2021-12-23 22:00:00,6714.994,6699.9673
3321,2021-12-23 23:00:00,6429.755,6469.441
3322,2021-12-24 00:00:00,6185.986,6130.742
3323,2021-12-24 01:00:00,5948.824,5984.2363
3324,2021-12-24 02:00:00,5776.63,5819.1304
3325,2021-12-24 03:00:00,5669.436,5708.522
3326,2021-12-24 04:00:00,5632.042,5627.894
3327,2021-12-24 05:00:00,5633.554,5612.7617
3328,2021-12-24 06:00:00,5736.7837,5720.8867
3329,2021-12-24 07:00:00,6010.2817,6011.3535
3330,2021-12-24 08:00:00,6399.537,6353.929
3331,2021-12-24 09:00:00,6811.21,6803.4893
3332,2021-12-24 10:00:00,7025.679,7057.4517
3333,2021-12-24 11:00:00,7144.3164,7167.944
3334,2021-12-24 12:00:00,7156.1763,7124.262
3335,2021-12-24 13:00:00,7123.9175,6998.7627
3336,2021-12-24 14:00:00,7124.188,7057.503
3337,2021-12-24 15:00:00,7098.1543,7002.3525
3338,2021-12-24 16:00:00,7011.35,6906.944
3339,2021-12-24 17:00:00,6883.527,6896.5884
3340,2021-12-24 18:00:00,6856.1377,6867.1665
3341,2021-12-24 19:00:00,6807.7485,6796.0806
3342,2021-12-24 20:00:00,6799.4233,6778.308
3343,2021-12-24 21:00:00,6722.58,6667.7554
3344,2021-12-24 22:00:00,6564.2075,6537.5103
3345,2021-12-24 23:00:00,6274.2188,6315.8345
3346,2021-12-25 00:00:00,6092.281,6010.087
3347,2021-12-25 01:00:00,5866.142,5903.596
3348,2021-12-25 02:00:00,5717.507,5739.41
3349,2021-12-25 03:00:00,5628.319,5604.1226
3350,2021-12-25 04:00:00,5548.2256,5513.5117
3351,2021-12-25 05:00:00,5482.3613,5492.629
3352,2021-12-25 06:00:00,5539.072,5545.3516
3353,2021-12-25 07:00:00,5673.803,5672.611
3354,2021-12-25 08:00:00,5877.7983,5751.3613
3355,2021-12-25 09:00:00,6033.9805,6000.443
3356,2021-12-25 10:00:00,6272.9727,6190.0796
3357,2021-12-25 11:00:00,6321.1455,6311.476
3358,2021-12-25 12:00:00,6301.0493,6365.5474
3359,2021-12-25 13:00:00,6314.4316,6397.7764
3360,2021-12-25 14:00:00,6379.172,6386.5293
3361,2021-12-25 15:00:00,6377.8423,6379.9204
3362,2021-12-25 16:00:00,6344.382,6329.4746
3363,2021-12-25 17:00:00,6314.736,6298.35
3364,2021-12-25 18:00:00,6317.573,6301.318
3365,2021-12-25 19:00:00,6364.636,6373.2866
3366,2021-12-25 20:00:00,6486.983,6452.312
3367,2021-12-25 21:00:00,6494.5312,6453.0703
3368,2021-12-25 22:00:00,6432.9014,6390.2856
3369,2021-12-25 23:00:00,6248.791,6180.941
3370,2021-12-26 00:00:00,6003.1357,5961.2446
3371,2021-12-26 01:00:00,5820.286,5799.656
3372,2021-12-26 02:00:00,5610.732,5614.863
3373,2021-12-26 03:00:00,5496.3994,5481.9062
3374,2021-12-26 04:00:00,5454.841,5409.618
3375,2021-12-26 05:00:00,5385.6,5378.3813
3376,2021-12-26 06:00:00,5444.726,5420.424
3377,2021-12-26 07:00:00,5547.5566,5570.4707
3378,2021-12-26 08:00:00,5685.9004,5652.8423
3379,2021-12-26 09:00:00,5917.179,5940.1006
3380,2021-12-26 10:00:00,6217.288,6163.929
3381,2021-12-26 11:00:00,6261.156,6315.249
3382,2021-12-26 12:00:00,6311.228,6344.8296
3383,2021-12-26 13:00:00,6315.5986,6354.279
3384,2021-12-26 14:00:00,6341.353,6364.7656
3385,2021-12-26 15:00:00,6336.25,6371.0854
3386,2021-12-26 16:00:00,6324.754,6361.9917
3387,2021-12-26 17:00:00,6334.92,6318.921
3388,2021-12-26 18:00:00,6309.0156,6314.114
3389,2021-12-26 19:00:00,6357.14,6362.143
3390,2021-12-26 20:00:00,6479.911,6466.525
3391,2021-12-26 21:00:00,6488.66,6484.0117
3392,2021-12-26 22:00:00,6438.72,6418.591
3393,2021-12-26 23:00:00,6186.103,6179.672
3394,2021-12-27 00:00:00,5968.114,6091.664
3395,2021-12-27 01:00:00,5789.3765,5743.4194
3396,2021-12-27 02:00:00,5574.0684,5573.598
3397,2021-12-27 03:00:00,5484.1235,5471.4766
3398,2021-12-27 04:00:00,5441.259,5402.552
3399,2021-12-27 05:00:00,5388.22,5394.122
3400,2021-12-27 06:00:00,5524.0786,5527.463
3401,2021-12-27 07:00:00,5901.989,5839.2026
3402,2021-12-27 08:00:00,6311.0376,6206.473
3403,2021-12-27 09:00:00,6773.838,6686.2886
3404,2021-12-27 10:00:00,7004.756,6926.262
3405,2021-12-27 11:00:00,7063.4707,7063.621
3406,2021-12-27 12:00:00,7063.5464,7055.9976
3407,2021-12-27 13:00:00,7048.581,6998.5034
3408,2021-12-27 14:00:00,7081.306,7096.623
3409,2021-12-27 15:00:00,7128.641,7148.3613
3410,2021-12-27 16:00:00,7170.1235,7169.9824
3411,2021-12-27 17:00:00,7157.1274,7188.9033
3412,2021-12-27 18:00:00,7106.6167,7079.6543
3413,2021-12-27 19:00:00,6982.687,6930.1416
3414,2021-12-27 20:00:00,6902.372,6891.0425
3415,2021-12-27 21:00:00,6821.584,6770.853
3416,2021-12-27 22:00:00,6673.774,6608.6006
3417,2021-12-27 23:00:00,6339.621,6334.111
3418,2021-12-28 00:00:00,6125.016,6167.0728
3419,2021-12-28 01:00:00,5892.2456,5835.0586
3420,2021-12-28 02:00:00,5662.814,5668.301
3421,2021-12-28 03:00:00,5583.6655,5560.3384
3422,2021-12-28 04:00:00,5488.41,5487.1484
3423,2021-12-28 05:00:00,5483.629,5479.346
3424,2021-12-28 06:00:00,5608.6704,5603.908
3425,2021-12-28 07:00:00,5919.053,5896.451
3426,2021-12-28 08:00:00,6328.2163,6249.2944
3427,2021-12-28 09:00:00,6747.8286,6734.4053
3428,2021-12-28 10:00:00,6994.61,7034.409
3429,2021-12-28 11:00:00,7127.516,7176.923
3430,2021-12-28 12:00:00,7180.602,7172.6304
3431,2021-12-28 13:00:00,7130.584,7130.356
3432,2021-12-28 14:00:00,7180.8823,7214.575
3433,2021-12-28 15:00:00,7234.9507,7256.04
3434,2021-12-28 16:00:00,7268.541,7224.4897
3435,2021-12-28 17:00:00,7204.373,7214.5737
3436,2021-12-28 18:00:00,7115.4287,7145.218
3437,2021-12-28 19:00:00,7006.8154,6996.5435
3438,2021-12-28 20:00:00,6933.1562,6969.72
3439,2021-12-28 21:00:00,6858.489,6858.784
3440,2021-12-28 22:00:00,6663.61,6708.61
3441,2021-12-28 23:00:00,6395.819,6418.2637
3442,2021-12-29 00:00:00,6156.043,6166.705
3443,2021-12-29 01:00:00,5894.5757,5913.0713
3444,2021-12-29 02:00:00,5741.3745,5734.61
3445,2021-12-29 03:00:00,5610.931,5607.974
3446,2021-12-29 04:00:00,5529.865,5531.311
3447,2021-12-29 05:00:00,5521.1934,5523.596
3448,2021-12-29 06:00:00,5630.942,5648.8516
3449,2021-12-29 07:00:00,5937.321,5937.4404
3450,2021-12-29 08:00:00,6328.2427,6306.418
3451,2021-12-29 09:00:00,6746.7754,6759.19
3452,2021-12-29 10:00:00,7045.379,7010.786
3453,2021-12-29 11:00:00,7159.5845,7174.934
3454,2021-12-29 12:00:00,7175.582,7188.1763
3455,2021-12-29 13:00:00,7164.7954,7167.885
3456,2021-12-29 14:00:00,7240.17,7162.4824
3457,2021-12-29 15:00:00,7221.995,7194.6934
3458,2021-12-29 16:00:00,7219.74,7153.9917
3459,2021-12-29 17:00:00,7162.9927,7128.8496
3460,2021-12-29 18:00:00,7063.389,7082.988
3461,2021-12-29 19:00:00,6960.344,6953.486
3462,2021-12-29 20:00:00,6910.371,6932.3276
3463,2021-12-29 21:00:00,6837.1177,6828.21
3464,2021-12-29 22:00:00,6654.1426,6679.257
3465,2021-12-29 23:00:00,6383.538,6398.108
3466,2021-12-30 00:00:00,6138.148,6116.5103
3467,2021-12-30 01:00:00,5887.177,5904.5503
3468,2021-12-30 02:00:00,5738.334,5741.5107
3469,2021-12-30 03:00:00,5616.018,5627.0527
3470,2021-12-30 04:00:00,5561.523,5564.6196
3471,2021-12-30 05:00:00,5560.916,5552.098
3472,2021-12-30 06:00:00,5673.881,5659.165
3473,2021-12-30 07:00:00,5946.429,5960.1357
3474,2021-12-30 08:00:00,6326.181,6330.311
3475,2021-12-30 09:00:00,6753.8594,6773.384
3476,2021-12-30 10:00:00,7002.595,6993.7983
3477,2021-12-30 11:00:00,7152.5786,7131.5977
3478,2021-12-30 12:00:00,7144.8066,7162.736
3479,2021-12-30 13:00:00,7111.69,7119.8867
3480,2021-12-30 14:00:00,7161.7676,7179.5513
3481,2021-12-30 15:00:00,7212.248,7128.4297
3482,2021-12-30 16:00:00,7161.0195,7109.6074
3483,2021-12-30 17:00:00,7108.9062,7052.1133
3484,2021-12-30 18:00:00,7022.925,7010.575
3485,2021-12-30 19:00:00,6911.725,6901.7593
3486,2021-12-30 20:00:00,6866.8223,6870.9575
3487,2021-12-30 21:00:00,6791.5044,6759.0703
3488,2021-12-30 22:00:00,6639.3193,6608.9204
3489,2021-12-30 23:00:00,6356.1294,6329.281
3490,2021-12-31 00:00:00,6090.9346,5791.716
3491,2021-12-31 01:00:00,5701.0464,5870.151
3492,2021-12-31 02:00:00,5659.7705,5684.916
3493,2021-12-31 03:00:00,5570.6914,5575.2666
3494,2021-12-31 04:00:00,5525.17,5504.4375
3495,2021-12-31 05:00:00,5516.444,5501.5522
3496,2021-12-31 06:00:00,5647.6,5602.7017
3497,2021-12-31 07:00:00,5911.642,5861.0806
3498,2021-12-31 08:00:00,6278.418,6210.4854
3499,2021-12-31 09:00:00,6721.5537,6616.644
3500,2021-12-31 10:00:00,6944.136,6835.758
3501,2021-12-31 11:00:00,7036.935,6914.5103
3502,2021-12-31 12:00:00,6872.4023,6864.4116
3503,2021-12-31 13:00:00,6827.294,6749.5522
3504,2021-12-31 14:00:00,6789.0,6713.175
3505,2021-12-31 15:00:00,6712.536,6656.4595
3506,2021-12-31 16:00:00,6631.0312,6635.7993
3507,2021-12-31 17:00:00,6594.0645,6598.8296
3508,2021-12-31 18:00:00,6585.3936,6611.015
3509,2021-12-31 19:00:00,6598.0093,6548.637
3510,2021-12-31 20:00:00,6578.0713,6538.374
3511,2021-12-31 21:00:00,6499.0986,6382.345
3512,2021-12-31 22:00:00,6312.3564,6209.069
3513,2021-12-31 23:00:00,6087.9136,5975.0063
3514,2022-01-01 00:00:00,5826.427,5705.0806
3515,2022-01-01 01:00:00,5635.0825,5642.21
3516,2022-01-01 02:00:00,5560.8677,5497.761
3517,2022-01-01 03:00:00,5447.902,5342.8896
3518,2022-01-01 04:00:00,5285.1226,5242.821
3519,2022-01-01 05:00:00,5205.306,5220.8853
3520,2022-01-01 06:00:00,5245.7207,5259.452
3521,2022-01-01 07:00:00,5459.0527,5417.5435
3522,2022-01-01 08:00:00,5557.715,5487.038
3523,2022-01-01 09:00:00,5891.044,5698.728
3524,2022-01-01 10:00:00,5947.145,5895.0166
3525,2022-01-01 11:00:00,5946.091,6037.478
3526,2022-01-01 12:00:00,6050.395,6124.2847
3527,2022-01-01 13:00:00,6118.3486,6112.4526
3528,2022-01-01 14:00:00,6099.7275,6112.258
3529,2022-01-01 15:00:00,6101.608,6114.9175
3530,2022-01-01 16:00:00,6082.0283,6104.89
3531,2022-01-01 17:00:00,6090.787,6067.8237
3532,2022-01-01 18:00:00,6073.803,6079.775
3533,2022-01-01 19:00:00,6124.5425,6155.307
3534,2022-01-01 20:00:00,6291.2705,6256.153
3535,2022-01-01 21:00:00,6292.549,6196.564
3536,2022-01-01 22:00:00,6147.1763,6113.1216
3537,2022-01-01 23:00:00,5941.0825,5900.0063
3538,2022-01-02 00:00:00,5779.9673,5555.359
3539,2022-01-02 01:00:00,5433.281,5500.311
3540,2022-01-02 02:00:00,5372.3125,5344.7593
3541,2022-01-02 03:00:00,5263.277,5229.6304
3542,2022-01-02 04:00:00,5173.3506,5187.9966
3543,2022-01-02 05:00:00,5188.913,5181.1196
3544,2022-01-02 06:00:00,5184.317,5230.667
3545,2022-01-02 07:00:00,5412.922,5391.7217
3546,2022-01-02 08:00:00,5485.9883,5475.0557
3547,2022-01-02 09:00:00,5809.495,5719.2134
3548,2022-01-02 10:00:00,5957.373,5951.219
3549,2022-01-02 11:00:00,6068.0537,6093.3613
3550,2022-01-02 12:00:00,6126.2764,6115.614
3551,2022-01-02 13:00:00,6089.5273,6060.2812
3552,2022-01-02 14:00:00,6060.6924,6041.9907
3553,2022-01-02 15:00:00,6059.378,6013.6196
3554,2022-01-02 16:00:00,6000.052,6000.7163
3555,2022-01-02 17:00:00,5986.033,5999.1714
3556,2022-01-02 18:00:00,6004.3643,6054.5425
3557,2022-01-02 19:00:00,6107.786,6134.4287
3558,2022-01-02 20:00:00,6209.247,6223.6636
3559,2022-01-02 21:00:00,6232.111,6185.3594
3560,2022-01-02 22:00:00,6097.879,6057.6743
3561,2022-01-02 23:00:00,5837.6323,5812.09
3562,2022-01-03 00:00:00,5548.466,5791.934
3563,2022-01-03 01:00:00,5537.872,5320.5664
3564,2022-01-03 02:00:00,5249.015,5181.7544
3565,2022-01-03 03:00:00,5150.7905,5097.855
3566,2022-01-03 04:00:00,5065.9307,5066.0835
3567,2022-01-03 05:00:00,5040.8213,5075.4478
3568,2022-01-03 06:00:00,5229.11,5238.376
3569,2022-01-03 07:00:00,5634.714,5565.955
3570,2022-01-03 08:00:00,6064.4785,5967.2075
3571,2022-01-03 09:00:00,6501.5625,6384.774
3572,2022-01-03 10:00:00,6672.7573,6585.0474
3573,2022-01-03 11:00:00,6694.112,6729.2935
3574,2022-01-03 12:00:00,6739.43,6722.555
3575,2022-01-03 13:00:00,6713.216,6697.0933
3576,2022-01-03 14:00:00,6733.317,6801.847
3577,2022-01-03 15:00:00,6830.666,6843.3877
3578,2022-01-03 16:00:00,6855.67,6828.6025
3579,2022-01-03 17:00:00,6827.26,6793.274
3580,2022-01-03 18:00:00,6735.858,6725.7104
3581,2022-01-03 19:00:00,6629.772,6682.483
3582,2022-01-03 20:00:00,6678.52,6713.7295
3583,2022-01-03 21:00:00,6609.658,6614.101
3584,2022-01-03 22:00:00,6488.639,6413.0034
3585,2022-01-03 23:00:00,6147.8223,6066.3696
3586,2022-01-04 00:00:00,5867.034,5874.238
3587,2022-01-04 01:00:00,5629.727,5531.007
3588,2022-01-04 02:00:00,5357.3735,5384.4414
3589,2022-01-04 03:00:00,5269.977,5281.3867
3590,2022-01-04 04:00:00,5225.2715,5238.7114
3591,2022-01-04 05:00:00,5237.5234,5273.765
3592,2022-01-04 06:00:00,5421.445,5465.887
3593,2022-01-04 07:00:00,5859.8267,5812.272
3594,2022-01-04 08:00:00,6253.34,6177.8076
3595,2022-01-04 09:00:00,6618.4517,6604.269
3596,2022-01-04 10:00:00,6839.0493,6841.459
3597,2022-01-04 11:00:00,6880.7144,6979.894
3598,2022-01-04 12:00:00,6938.3457,6967.546
3599,2022-01-04 13:00:00,6937.7104,6917.9473
3600,2022-01-04 14:00:00,6974.846,7013.754
3601,2022-01-04 15:00:00,7054.475,7031.2876
3602,2022-01-04 16:00:00,7028.634,6942.3467
3603,2022-01-04 17:00:00,6911.864,6929.661
3604,2022-01-04 18:00:00,6857.3174,6896.146
3605,2022-01-04 19:00:00,6801.6743,6760.3823
3606,2022-01-04 20:00:00,6711.7637,6812.74
3607,2022-01-04 21:00:00,6711.368,6708.6313
3608,2022-01-04 22:00:00,6488.0854,6488.3325
3609,2022-01-04 23:00:00,6160.438,6151.588
3610,2022-01-05 00:00:00,5943.2007,6060.785
3611,2022-01-05 01:00:00,5755.4614,5626.4565
3612,2022-01-05 02:00:00,5447.564,5490.4565
3613,2022-01-05 03:00:00,5391.549,5406.9
3614,2022-01-05 04:00:00,5372.9688,5361.8296
3615,2022-01-05 05:00:00,5359.0894,5381.608
3616,2022-01-05 06:00:00,5500.741,5572.923
3617,2022-01-05 07:00:00,5867.1426,5926.351
3618,2022-01-05 08:00:00,6260.1343,6249.427
3619,2022-01-05 09:00:00,6652.285,6683.5757
3620,2022-01-05 10:00:00,6898.2017,6896.8984
3621,2022-01-05 11:00:00,7000.5312,7054.089
3622,2022-01-05 12:00:00,7023.679,7097.3516
3623,2022-01-05 13:00:00,7041.0273,7070.8843
3624,2022-01-05 14:00:00,7107.359,7182.3984
3625,2022-01-05 15:00:00,7210.598,7239.1055
3626,2022-01-05 16:00:00,7243.705,7225.5303
3627,2022-01-05 17:00:00,7226.8574,7227.0444
3628,2022-01-05 18:00:00,7164.545,7172.8467
3629,2022-01-05 19:00:00,7044.9927,7087.426
3630,2022-01-05 20:00:00,7067.576,7011.0757
3631,2022-01-05 21:00:00,6915.6006,6894.0283
3632,2022-01-05 22:00:00,6652.7017,6678.793
3633,2022-01-05 23:00:00,6365.0337,6347.3594
3634,2022-01-06 00:00:00,6132.3926,6097.763
3635,2022-01-06 01:00:00,5852.255,5781.1807
3636,2022-01-06 02:00:00,5650.2856,5605.8247
3637,2022-01-06 03:00:00,5512.24,5512.4062
3638,2022-01-06 04:00:00,5445.2686,5454.919
3639,2022-01-06 05:00:00,5448.248,5461.76
3640,2022-01-06 06:00:00,5626.7183,5653.5522
3641,2022-01-06 07:00:00,5924.9673,6001.5522
3642,2022-01-06 08:00:00,6316.9404,6326.267
3643,2022-01-06 09:00:00,6704.904,6770.299
3644,2022-01-06 10:00:00,6955.0566,7001.4966
3645,2022-01-06 11:00:00,7064.4937,7187.9805
3646,2022-01-06 12:00:00,7160.2124,7209.421
3647,2022-01-06 13:00:00,7151.264,7150.0073
3648,2022-01-06 14:00:00,7222.485,7257.484
3649,2022-01-06 15:00:00,7263.333,7270.3804
3650,2022-01-06 16:00:00,7289.0923,7299.6406
3651,2022-01-06 17:00:00,7276.176,7240.1997
3652,2022-01-06 18:00:00,7178.471,7158.7812
3653,2022-01-06 19:00:00,7062.2637,7014.6953
3654,2022-01-06 20:00:00,6971.582,6974.237
3655,2022-01-06 21:00:00,6862.564,6862.7915
3656,2022-01-06 22:00:00,6620.179,6683.9644
3657,2022-01-06 23:00:00,6349.241,6381.833
3658,2022-01-07 00:00:00,6115.187,6138.3286
3659,2022-01-07 01:00:00,5858.3657,5834.173
3660,2022-01-07 02:00:00,5649.834,5677.698
3661,2022-01-07 03:00:00,5571.497,5565.7534
3662,2022-01-07 04:00:00,5494.2236,5506.558
3663,2022-01-07 05:00:00,5490.139,5511.3223
3664,2022-01-07 06:00:00,5653.8867,5695.751
3665,2022-01-07 07:00:00,5978.717,6035.438
3666,2022-01-07 08:00:00,6348.676,6373.9688
3667,2022-01-07 09:00:00,6746.2695,6827.3677
3668,2022-01-07 10:00:00,7023.0625,7038.52
3669,2022-01-07 11:00:00,7160.6235,7208.0337
3670,2022-01-07 12:00:00,7206.6357,7240.451
3671,2022-01-07 13:00:00,7150.3027,7192.723
3672,2022-01-07 14:00:00,7282.3438,7295.0063
3673,2022-01-07 15:00:00,7306.2417,7294.5103
3674,2022-01-07 16:00:00,7284.2744,7279.6304
3675,2022-01-07 17:00:00,7252.1094,7240.78
3676,2022-01-07 18:00:00,7141.334,7165.9067
3677,2022-01-07 19:00:00,7012.069,6995.7217
3678,2022-01-07 20:00:00,6954.695,6894.197
3679,2022-01-07 21:00:00,6812.055,6789.5835
3680,2022-01-07 22:00:00,6594.0596,6648.5728
3681,2022-01-07 23:00:00,6341.0996,6378.3037
3682,2022-01-08 00:00:00,6125.12,6077.4233
3683,2022-01-08 01:00:00,5831.721,5893.8696
3684,2022-01-08 02:00:00,5691.247,5726.457
3685,2022-01-08 03:00:00,5589.478,5592.205
3686,2022-01-08 04:00:00,5517.166,5521.8726
3687,2022-01-08 05:00:00,5517.4775,5505.2495
3688,2022-01-08 06:00:00,5537.0493,5585.189
3689,2022-01-08 07:00:00,5714.344,5755.205
3690,2022-01-08 08:00:00,5886.861,5955.467
3691,2022-01-08 09:00:00,6136.5225,6323.1597
3692,2022-01-08 10:00:00,6477.0225,6576.618
3693,2022-01-08 11:00:00,6633.2163,6774.2715
3694,2022-01-08 12:00:00,6775.756,6783.22
3695,2022-01-08 13:00:00,6769.0083,6740.968
3696,2022-01-08 14:00:00,6778.5107,6695.2334
3697,2022-01-08 15:00:00,6709.4556,6682.8604
3698,2022-01-08 16:00:00,6635.295,6598.912
3699,2022-01-08 17:00:00,6526.9688,6531.157
3700,2022-01-08 18:00:00,6492.265,6476.992
3701,2022-01-08 19:00:00,6506.933,6500.2725
3702,2022-01-08 20:00:00,6522.228,6594.0635
3703,2022-01-08 21:00:00,6553.1465,6588.473
3704,2022-01-08 22:00:00,6447.0483,6523.7437
3705,2022-01-08 23:00:00,6231.7607,6292.5254
3706,2022-01-09 00:00:00,6034.7686,6034.708
3707,2022-01-09 01:00:00,5808.098,5851.9155
3708,2022-01-09 02:00:00,5644.194,5685.184
3709,2022-01-09 03:00:00,5544.373,5560.7905
3710,2022-01-09 04:00:00,5476.4355,5474.425
3711,2022-01-09 05:00:00,5465.986,5441.8696
3712,2022-01-09 06:00:00,5468.1826,5486.8184
3713,2022-01-09 07:00:00,5588.311,5617.9023
3714,2022-01-09 08:00:00,5746.7046,5715.5303
3715,2022-01-09 09:00:00,5959.1787,5984.54
3716,2022-01-09 10:00:00,6187.8623,6199.5186
3717,2022-01-09 11:00:00,6296.913,6350.892
3718,2022-01-09 12:00:00,6350.21,6406.794
3719,2022-01-09 13:00:00,6407.0527,6358.681
3720,2022-01-09 14:00:00,6375.408,6405.102
3721,2022-01-09 15:00:00,6415.4336,6448.4727
3722,2022-01-09 16:00:00,6404.9673,6443.1274
3723,2022-01-09 17:00:00,6390.1694,6397.7876
3724,2022-01-09 18:00:00,6362.2036,6399.901
3725,2022-01-09 19:00:00,6425.5986,6443.0186
3726,2022-01-09 20:00:00,6523.7524,6587.0015
3727,2022-01-09 21:00:00,6581.6064,6614.96
3728,2022-01-09 22:00:00,6543.116,6545.1333
3729,2022-01-09 23:00:00,6276.404,6283.1826
3730,2022-01-10 00:00:00,6059.0464,6101.425
3731,2022-01-10 01:00:00,5852.5737,5787.3267
3732,2022-01-10 02:00:00,5625.1035,5613.2104
3733,2022-01-10 03:00:00,5495.3066,5508.4277
3734,2022-01-10 04:00:00,5444.398,5451.27
3735,2022-01-10 05:00:00,5441.154,5456.8374
3736,2022-01-10 06:00:00,5546.379,5660.0615
3737,2022-01-10 07:00:00,5954.5566,6021.808
3738,2022-01-10 08:00:00,6347.018,6394.7837
3739,2022-01-10 09:00:00,6772.871,6852.4263
3740,2022-01-10 10:00:00,7026.551,7090.3066
3741,2022-01-10 11:00:00,7160.2075,7221.902
3742,2022-01-10 12:00:00,7219.511,7250.433
3743,2022-01-10 13:00:00,7179.3086,7213.794
3744,2022-01-10 14:00:00,7308.3237,7281.4185
3745,2022-01-10 15:00:00,7318.287,7295.1123
3746,2022-01-10 16:00:00,7289.227,7315.223
3747,2022-01-10 17:00:00,7312.973,7318.7837
3748,2022-01-10 18:00:00,7260.5117,7211.7285
3749,2022-01-10 19:00:00,7099.7856,7041.017
3750,2022-01-10 20:00:00,7020.172,7006.155
3751,2022-01-10 21:00:00,6947.9624,6881.422
3752,2022-01-10 22:00:00,6664.335,6700.68
3753,2022-01-10 23:00:00,6387.6973,6366.2944
3754,2022-01-11 00:00:00,6126.4004,6127.5684
3755,2022-01-11 01:00:00,5847.9917,5841.295
3756,2022-01-11 02:00:00,5657.0396,5683.701
3757,2022-01-11 03:00:00,5578.5356,5589.544
3758,2022-01-11 04:00:00,5546.2695,5510.0264
3759,2022-01-11 05:00:00,5507.3774,5525.611
3760,2022-01-11 06:00:00,5695.141,5688.917
3761,2022-01-11 07:00:00,6026.3223,6044.7964
3762,2022-01-11 08:00:00,6405.607,6375.2246
3763,2022-01-11 09:00:00,6845.841,6844.85
3764,2022-01-11 10:00:00,7091.4463,7064.0474
3765,2022-01-11 11:00:00,7220.216,7206.243
3766,2022-01-11 12:00:00,7247.505,7223.703
3767,2022-01-11 13:00:00,7215.7485,7150.547
3768,2022-01-11 14:00:00,7261.27,7244.472
3769,2022-01-11 15:00:00,7289.9536,7233.7954
3770,2022-01-11 16:00:00,7257.683,7249.734
3771,2022-01-11 17:00:00,7238.0933,7233.8267
3772,2022-01-11 18:00:00,7150.1045,7177.4355
3773,2022-01-11 19:00:00,7053.076,7011.706
3774,2022-01-11 20:00:00,6963.263,6993.636
3775,2022-01-11 21:00:00,6902.8823,6890.807
3776,2022-01-11 22:00:00,6639.5938,6716.163
3777,2022-01-11 23:00:00,6370.6543,6402.7007
3778,2022-01-12 00:00:00,6127.3,6080.134
3779,2022-01-12 01:00:00,5813.45,5860.0166
3780,2022-01-12 02:00:00,5688.9243,5707.736
3781,2022-01-12 03:00:00,5574.6514,5584.6084
3782,2022-01-12 04:00:00,5536.04,5521.827
3783,2022-01-12 05:00:00,5559.0024,5513.7695
3784,2022-01-12 06:00:00,5704.5776,5688.1357
3785,2022-01-12 07:00:00,6024.2275,6031.2563
3786,2022-01-12 08:00:00,6400.2246,6392.4688
3787,2022-01-12 09:00:00,6816.558,6786.929
3788,2022-01-12 10:00:00,7055.101,7053.4053
3789,2022-01-12 11:00:00,7188.5654,7154.927
3790,2022-01-12 12:00:00,7183.3105,7174.1655
3791,2022-01-12 13:00:00,7120.9424,7162.443
3792,2022-01-12 14:00:00,7243.6475,7246.8555
3793,2022-01-12 15:00:00,7259.5024,7260.6816
3794,2022-01-12 16:00:00,7281.7515,7276.2627
3795,2022-01-12 17:00:00,7262.0776,7251.854
3796,2022-01-12 18:00:00,7141.397,7177.1494
3797,2022-01-12 19:00:00,7014.9595,6993.2915
3798,2022-01-12 20:00:00,6972.8774,6983.746
3799,2022-01-12 21:00:00,6878.4746,6892.2476
3800,2022-01-12 22:00:00,6678.9937,6692.244
3801,2022-01-12 23:00:00,6351.584,6377.306
3802,2022-01-13 00:00:00,6085.195,6128.003
3803,2022-01-13 01:00:00,5845.5386,5837.1377
3804,2022-01-13 02:00:00,5666.5986,5672.5107
3805,2022-01-13 03:00:00,5561.311,5576.248
3806,2022-01-13 04:00:00,5525.1187,5501.6206
3807,2022-01-13 05:00:00,5496.379,5483.445
3808,2022-01-13 06:00:00,5693.486,5667.158
3809,2022-01-13 07:00:00,6011.0425,6014.754
3810,2022-01-13 08:00:00,6379.8564,6341.9614
3811,2022-01-13 09:00:00,6764.2314,6772.4185
3812,2022-01-13 10:00:00,7051.928,6999.7812
3813,2022-01-13 11:00:00,7150.8213,7136.411
3814,2022-01-13 12:00:00,7136.792,7173.9233
3815,2022-01-13 13:00:00,7160.2363,7142.6997
3816,2022-01-13 14:00:00,7257.27,7238.7036
3817,2022-01-13 15:00:00,7265.3164,7258.745
3818,2022-01-13 16:00:00,7281.601,7273.5684
3819,2022-01-13 17:00:00,7253.706,7251.678
3820,2022-01-13 18:00:00,7148.1836,7190.7466
3821,2022-01-13 19:00:00,6995.0127,7002.6157
3822,2022-01-13 20:00:00,6957.4014,6971.0903
3823,2022-01-13 21:00:00,6871.768,6862.3823
3824,2022-01-13 22:00:00,6653.6094,6684.578
3825,2022-01-13 23:00:00,6351.9487,6392.9507
3826,2022-01-14 00:00:00,6080.025,6060.993
3827,2022-01-14 01:00:00,5818.3364,5875.596
3828,2022-01-14 02:00:00,5675.808,5703.581
3829,2022-01-14 03:00:00,5557.871,5576.6484
3830,2022-01-14 04:00:00,5510.315,5521.1323
3831,2022-01-14 05:00:00,5525.134,5504.07
3832,2022-01-14 06:00:00,5678.259,5686.769
3833,2022-01-14 07:00:00,5991.823,6046.199
3834,2022-01-14 08:00:00,6365.395,6386.66
3835,2022-01-14 09:00:00,6774.2285,6804.6987
3836,2022-01-14 10:00:00,7022.491,7034.2812
3837,2022-01-14 11:00:00,7161.9316,7160.0215
3838,2022-01-14 12:00:00,7163.7363,7105.057
3839,2022-01-14 13:00:00,7127.3975,7107.198
3840,2022-01-14 14:00:00,7231.794,7202.3467
3841,2022-01-14 15:00:00,7234.62,7229.324
3842,2022-01-14 16:00:00,7240.1245,7203.972
3843,2022-01-14 17:00:00,7155.7114,7155.001
3844,2022-01-14 18:00:00,7037.9785,7015.0605
3845,2022-01-14 19:00:00,6893.7236,6860.04
3846,2022-01-14 20:00:00,6852.9517,6817.207
3847,2022-01-14 21:00:00,6742.2227,6683.3657
3848,2022-01-14 22:00:00,6559.1987,6542.6836
3849,2022-01-14 23:00:00,6280.2236,6283.7437
3850,2022-01-15 00:00:00,6010.2837,6067.6978
3851,2022-01-15 01:00:00,5819.9575,5828.379
3852,2022-01-15 02:00:00,5653.562,5677.7627
3853,2022-01-15 03:00:00,5556.939,5553.623
3854,2022-01-15 04:00:00,5492.889,5476.6533
3855,2022-01-15 05:00:00,5469.28,5459.0884
3856,2022-01-15 06:00:00,5500.2793,5536.7354
3857,2022-01-15 07:00:00,5708.8184,5701.805
3858,2022-01-15 08:00:00,5940.252,5895.214
3859,2022-01-15 09:00:00,6156.7363,6236.0244
3860,2022-01-15 10:00:00,6440.1226,6487.538
3861,2022-01-15 11:00:00,6540.219,6657.201
3862,2022-01-15 12:00:00,6695.8945,6685.117
3863,2022-01-15 13:00:00,6691.791,6633.616
3864,2022-01-15 14:00:00,6615.911,6631.8535
3865,2022-01-15 15:00:00,6599.024,6611.327
3866,2022-01-15 16:00:00,6577.6313,6580.9004
3867,2022-01-15 17:00:00,6517.7896,6555.586
3868,2022-01-15 18:00:00,6525.8926,6487.6943
3869,2022-01-15 19:00:00,6470.082,6509.7905
3870,2022-01-15 20:00:00,6584.23,6598.1313
3871,2022-01-15 21:00:00,6611.2773,6585.075
3872,2022-01-15 22:00:00,6496.024,6499.8984
3873,2022-01-15 23:00:00,6246.3223,6277.5566
3874,2022-01-16 00:00:00,6024.1826,6040.917
3875,2022-01-16 01:00:00,5795.6626,5840.348
3876,2022-01-16 02:00:00,5648.94,5687.082
3877,2022-01-16 03:00:00,5545.8037,5558.1016
3878,2022-01-16 04:00:00,5483.375,5469.032
3879,2022-01-16 05:00:00,5412.3105,5437.146
3880,2022-01-16 06:00:00,5462.777,5490.3687
3881,2022-01-16 07:00:00,5599.995,5630.168
3882,2022-01-16 08:00:00,5768.01,5716.0747
3883,2022-01-16 09:00:00,6005.408,5950.566
3884,2022-01-16 10:00:00,6199.779,6178.97
3885,2022-01-16 11:00:00,6332.6,6326.3755
3886,2022-01-16 12:00:00,6382.6733,6364.395
3887,2022-01-16 13:00:00,6363.1206,6357.5156
3888,2022-01-16 14:00:00,6339.4087,6396.4453
3889,2022-01-16 15:00:00,6393.51,6408.6216
3890,2022-01-16 16:00:00,6373.245,6412.6533
3891,2022-01-16 17:00:00,6410.638,6377.1504
3892,2022-01-16 18:00:00,6373.2573,6397.043
3893,2022-01-16 19:00:00,6429.213,6461.7495
3894,2022-01-16 20:00:00,6580.1543,6565.962
3895,2022-01-16 21:00:00,6592.2627,6596.9473
3896,2022-01-16 22:00:00,6486.3955,6496.303
3897,2022-01-16 23:00:00,6267.8706,6270.8213
3898,2022-01-17 00:00:00,6013.4424,6078.5444
3899,2022-01-17 01:00:00,5797.889,5809.507
3900,2022-01-17 02:00:00,5669.197,5632.2705
3901,2022-01-17 03:00:00,5531.3926,5537.823
3902,2022-01-17 04:00:00,5479.649,5489.1143
3903,2022-01-17 05:00:00,5498.042,5493.967
3904,2022-01-17 06:00:00,5644.984,5690.417
3905,2022-01-17 07:00:00,6013.075,6054.254
3906,2022-01-17 08:00:00,6391.0317,6415.4233
3907,2022-01-17 09:00:00,6822.5293,6897.291
3908,2022-01-17 10:00:00,7095.674,7132.5483
3909,2022-01-17 11:00:00,7211.89,7241.6655
3910,2022-01-17 12:00:00,7224.6743,7240.0376
3911,2022-01-17 13:00:00,7201.6807,7190.886
3912,2022-01-17 14:00:00,7282.2324,7268.478
3913,2022-01-17 15:00:00,7313.2183,7273.8706
3914,2022-01-17 16:00:00,7306.1514,7181.348
3915,2022-01-17 17:00:00,7207.34,7166.653
3916,2022-01-17 18:00:00,7064.3735,7080.2227
3917,2022-01-17 19:00:00,6959.955,6891.2363
3918,2022-01-17 20:00:00,6866.0625,6911.826
3919,2022-01-17 21:00:00,6815.727,6828.351
3920,2022-01-17 22:00:00,6636.7573,6650.8584
3921,2022-01-17 23:00:00,6333.371,6343.0864
3922,2022-01-18 00:00:00,6080.8174,6033.187
3923,2022-01-18 01:00:00,5821.7236,5799.7417
3924,2022-01-18 02:00:00,5660.4536,5649.053
3925,2022-01-18 03:00:00,5550.5996,5528.225
3926,2022-01-18 04:00:00,5476.351,5476.393
3927,2022-01-18 05:00:00,5462.314,5478.6904
3928,2022-01-18 06:00:00,5699.7944,5661.7812
3929,2022-01-18 07:00:00,6030.47,6021.8833
3930,2022-01-18 08:00:00,6413.925,6360.5625
3931,2022-01-18 09:00:00,6822.134,6772.42
3932,2022-01-18 10:00:00,7061.405,7007.6235
3933,2022-01-18 11:00:00,7172.9844,7103.626
3934,2022-01-18 12:00:00,7123.1875,7152.0034
3935,2022-01-18 13:00:00,7128.2275,7133.5825
3936,2022-01-18 14:00:00,7258.4307,7241.425
3937,2022-01-18 15:00:00,7268.1494,7234.6753
3938,2022-01-18 16:00:00,7246.8174,7227.0312
3939,2022-01-18 17:00:00,7212.041,7193.8955
3940,2022-01-18 18:00:00,7093.314,7126.7505
3941,2022-01-18 19:00:00,6978.447,6964.9644
3942,2022-01-18 20:00:00,6931.69,6931.542
3943,2022-01-18 21:00:00,6824.5444,6836.6323
3944,2022-01-18 22:00:00,6629.855,6651.191
3945,2022-01-18 23:00:00,6333.677,6318.3374
3946,2022-01-19 00:00:00,6040.6465,6023.569
3947,2022-01-19 01:00:00,5789.842,5777.2764
3948,2022-01-19 02:00:00,5644.839,5611.976
3949,2022-01-19 03:00:00,5510.0723,5505.0303
3950,2022-01-19 04:00:00,5462.2876,5447.7983
3951,2022-01-19 05:00:00,5453.207,5448.434
3952,2022-01-19 06:00:00,5661.5693,5641.196
3953,2022-01-19 07:00:00,6010.183,5987.7188
3954,2022-01-19 08:00:00,6350.0254,6333.3354
3955,2022-01-19 09:00:00,6763.7036,6778.242
3956,2022-01-19 10:00:00,7011.1567,6963.6626
3957,2022-01-19 11:00:00,7095.873,7041.8784
3958,2022-01-19 12:00:00,7079.871,7042.2305
3959,2022-01-19 13:00:00,7073.3535,7020.789
3960,2022-01-19 14:00:00,7158.3174,7148.8877
3961,2022-01-19 15:00:00,7189.1724,7128.503
3962,2022-01-19 16:00:00,7158.6157,7135.37
3963,2022-01-19 17:00:00,7105.274,7141.0312
3964,2022-01-19 18:00:00,7051.8774,7053.5728
3965,2022-01-19 19:00:00,6918.26,6889.567
3966,2022-01-19 20:00:00,6867.636,6901.4766
3967,2022-01-19 21:00:00,6810.4736,6796.4834
3968,2022-01-19 22:00:00,6595.1714,6612.4336
3969,2022-01-19 23:00:00,6296.859,6302.4146
3970,2022-01-20 00:00:00,6020.44,6071.457
3971,2022-01-20 01:00:00,5789.1367,5777.368
3972,2022-01-20 02:00:00,5626.618,5655.269
3973,2022-01-20 03:00:00,5513.0986,5543.6753
3974,2022-01-20 04:00:00,5485.0596,5482.39
3975,2022-01-20 05:00:00,5503.596,5487.1426
3976,2022-01-20 06:00:00,5661.641,5672.4155
3977,2022-01-20 07:00:00,6002.7715,6038.2534
3978,2022-01-20 08:00:00,6377.094,6372.9434
3979,2022-01-20 09:00:00,6770.7812,6787.191
3980,2022-01-20 10:00:00,7003.7476,7004.343
3981,2022-01-20 11:00:00,7079.6514,7123.7754
3982,2022-01-20 12:00:00,7107.6265,7123.3013
3983,2022-01-20 13:00:00,7109.6265,7097.6494
3984,2022-01-20 14:00:00,7215.699,7208.5107
3985,2022-01-20 15:00:00,7216.793,7223.989
3986,2022-01-20 16:00:00,7231.2705,7210.216
3987,2022-01-20 17:00:00,7157.0425,7234.7036
3988,2022-01-20 18:00:00,7090.2773,7122.1084
3989,2022-01-20 19:00:00,6932.563,6929.288
3990,2022-01-20 20:00:00,6904.5557,6938.389
3991,2022-01-20 21:00:00,6790.9775,6818.676
3992,2022-01-20 22:00:00,6594.5376,6639.571
3993,2022-01-20 23:00:00,6302.814,6323.453
3994,2022-01-21 00:00:00,6030.317,6173.5044
3995,2022-01-21 01:00:00,5850.6577,5825.3647
3996,2022-01-21 02:00:00,5664.5244,5660.354
3997,2022-01-21 03:00:00,5533.8545,5546.165
3998,2022-01-21 04:00:00,5494.7046,5456.7354
3999,2022-01-21 05:00:00,5462.011,5459.5444
4000,2022-01-21 06:00:00,5661.6323,5673.908
4001,2022-01-21 07:00:00,6007.1187,6053.2227
4002,2022-01-21 08:00:00,6369.53,6365.4263
4003,2022-01-21 09:00:00,6768.1206,6790.729
4004,2022-01-21 10:00:00,6998.8887,7015.1763
4005,2022-01-21 11:00:00,7106.1973,7159.6475
4006,2022-01-21 12:00:00,7121.3154,7175.656
4007,2022-01-21 13:00:00,7117.9688,7128.686
4008,2022-01-21 14:00:00,7240.601,7237.2773
4009,2022-01-21 15:00:00,7261.0513,7256.029
4010,2022-01-21 16:00:00,7240.3174,7264.9272
4011,2022-01-21 17:00:00,7212.7305,7261.8726
4012,2022-01-21 18:00:00,7096.773,7170.9536
4013,2022-01-21 19:00:00,6960.93,6998.5645
4014,2022-01-21 20:00:00,6920.418,6945.1147
4015,2022-01-21 21:00:00,6830.317,6818.0312
4016,2022-01-21 22:00:00,6615.2974,6687.2354
4017,2022-01-21 23:00:00,6312.15,6408.9097
4018,2022-01-22 00:00:00,6124.122,6128.011
4019,2022-01-22 01:00:00,5855.6836,5884.2827
4020,2022-01-22 02:00:00,5702.924,5718.4126
4021,2022-01-22 03:00:00,5569.089,5630.1274
4022,2022-01-22 04:00:00,5505.3755,5539.2007
4023,2022-01-22 05:00:00,5521.909,5494.287
4024,2022-01-22 06:00:00,5589.5205,5579.407
4025,2022-01-22 07:00:00,5693.963,5772.7905
4026,2022-01-22 08:00:00,5982.142,5952.6904
4027,2022-01-22 09:00:00,6257.1436,6335.8403
4028,2022-01-22 10:00:00,6621.345,6575.8228
4029,2022-01-22 11:00:00,6723.0405,6703.303
4030,2022-01-22 12:00:00,6697.802,6713.834
4031,2022-01-22 13:00:00,6707.8354,6669.3696
4032,2022-01-22 14:00:00,6693.502,6674.833
4033,2022-01-22 15:00:00,6668.3223,6682.604
4034,2022-01-22 16:00:00,6640.4727,6639.643
4035,2022-01-22 17:00:00,6598.323,6629.5234
4036,2022-01-22 18:00:00,6573.967,6586.879
4037,2022-01-22 19:00:00,6588.0083,6611.023
4038,2022-01-22 20:00:00,6644.462,6672.606
4039,2022-01-22 21:00:00,6639.951,6654.528
4040,2022-01-22 22:00:00,6565.1064,6555.631
4041,2022-01-22 23:00:00,6267.7964,6331.1934
4042,2022-01-23 00:00:00,6070.8037,6076.0645
4043,2022-01-23 01:00:00,5834.898,5875.4834
4044,2022-01-23 02:00:00,5687.8,5693.9824
4045,2022-01-23 03:00:00,5560.0825,5573.289
4046,2022-01-23 04:00:00,5503.786,5482.284
4047,2022-01-23 05:00:00,5442.0327,5456.0967
4048,2022-01-23 06:00:00,5458.6045,5516.9653
4049,2022-01-23 07:00:00,5647.79,5642.216
4050,2022-01-23 08:00:00,5760.2275,5725.965
4051,2022-01-23 09:00:00,5983.0225,6019.3257
4052,2022-01-23 10:00:00,6236.486,6205.731
4053,2022-01-23 11:00:00,6324.819,6359.6714
4054,2022-01-23 12:00:00,6408.57,6371.13
4055,2022-01-23 13:00:00,6368.68,6307.656
4056,2022-01-23 14:00:00,6295.8145,6373.693
4057,2022-01-23 15:00:00,6411.5737,6443.2896
4058,2022-01-23 16:00:00,6416.9175,6475.6787
4059,2022-01-23 17:00:00,6448.4575,6468.3574
4060,2022-01-23 18:00:00,6456.036,6473.9526
4061,2022-01-23 19:00:00,6522.361,6518.3154
4062,2022-01-23 20:00:00,6621.393,6622.213
4063,2022-01-23 21:00:00,6641.681,6646.026
4064,2022-01-23 22:00:00,6534.7764,6573.048
4065,2022-01-23 23:00:00,6305.5156,6298.5767
4066,2022-01-24 00:00:00,6051.754,6154.6
4067,2022-01-24 01:00:00,5869.638,5824.157
4068,2022-01-24 02:00:00,5662.9644,5659.733
4069,2022-01-24 03:00:00,5549.4785,5561.117
4070,2022-01-24 04:00:00,5486.4795,5494.594
4071,2022-01-24 05:00:00,5477.7427,5498.638
4072,2022-01-24 06:00:00,5666.366,5681.8706
4073,2022-01-24 07:00:00,6024.5513,6081.845
4074,2022-01-24 08:00:00,6405.0474,6456.4385
4075,2022-01-24 09:00:00,6823.069,6895.367
4076,2022-01-24 10:00:00,7075.9326,7137.1685
4077,2022-01-24 11:00:00,7203.369,7260.66
4078,2022-01-24 12:00:00,7229.2905,7254.5684
4079,2022-01-24 13:00:00,7200.1973,7197.096
4080,2022-01-24 14:00:00,7287.308,7304.2217
4081,2022-01-24 15:00:00,7309.8027,7352.462
4082,2022-01-24 16:00:00,7349.1523,7337.651
4083,2022-01-24 17:00:00,7299.8193,7303.9824
4084,2022-01-24 18:00:00,7191.3774,7216.5903
4085,2022-01-24 19:00:00,7022.7583,7100.285
4086,2022-01-24 20:00:00,7024.4937,7072.407
4087,2022-01-24 21:00:00,7004.9287,6961.927
4088,2022-01-24 22:00:00,6700.3496,6781.0884
4089,2022-01-24 23:00:00,6378.1636,6445.2725
4090,2022-01-25 00:00:00,6140.773,6199.271
4091,2022-01-25 01:00:00,5873.2783,5882.0454
4092,2022-01-25 02:00:00,5733.339,5706.5815
4093,2022-01-25 03:00:00,5587.628,5592.916
4094,2022-01-25 04:00:00,5533.8877,5530.4067
4095,2022-01-25 05:00:00,5513.9775,5532.0815
4096,2022-01-25 06:00:00,5719.6035,5712.0005
4097,2022-01-25 07:00:00,6060.584,6062.6943
4098,2022-01-25 08:00:00,6450.851,6406.482
4099,2022-01-25 09:00:00,6857.7896,6848.1533
4100,2022-01-25 10:00:00,7104.8286,7067.387
4101,2022-01-25 11:00:00,7219.817,7207.926
4102,2022-01-25 12:00:00,7237.7285,7209.6436
4103,2022-01-25 13:00:00,7176.862,7202.4556
4104,2022-01-25 14:00:00,7317.192,7336.077
4105,2022-01-25 15:00:00,7339.31,7350.6655
4106,2022-01-25 16:00:00,7336.575,7354.604
4107,2022-01-25 17:00:00,7301.795,7363.5415
4108,2022-01-25 18:00:00,7223.4595,7246.977
4109,2022-01-25 19:00:00,7089.868,7041.988
4110,2022-01-25 20:00:00,7034.6,7045.369
4111,2022-01-25 21:00:00,6969.419,6957.4917
4112,2022-01-25 22:00:00,6724.683,6789.623
4113,2022-01-25 23:00:00,6388.513,6478.334
4114,2022-01-26 00:00:00,6163.989,6255.36
4115,2022-01-26 01:00:00,5907.585,5963.1035
4116,2022-01-26 02:00:00,5766.74,5787.2085
4117,2022-01-26 03:00:00,5604.922,5686.1543
4118,2022-01-26 04:00:00,5554.865,5605.047
4119,2022-01-26 05:00:00,5598.6855,5605.2466
4120,2022-01-26 06:00:00,5746.1387,5781.51
4121,2022-01-26 07:00:00,6084.594,6111.58
4122,2022-01-26 08:00:00,6466.2495,6461.533
4123,2022-01-26 09:00:00,6888.9736,6877.2837
4124,2022-01-26 10:00:00,7115.6333,7096.622
4125,2022-01-26 11:00:00,7203.2715,7213.3237
4126,2022-01-26 12:00:00,7195.8555,7230.498
4127,2022-01-26 13:00:00,7200.872,7199.0884
4128,2022-01-26 14:00:00,7340.779,7312.1445
4129,2022-01-26 15:00:00,7346.535,7357.487
4130,2022-01-26 16:00:00,7351.607,7383.844
4131,2022-01-26 17:00:00,7366.458,7409.718
4132,2022-01-26 18:00:00,7269.397,7323.2446
4133,2022-01-26 19:00:00,7073.8994,7126.846
4134,2022-01-26 20:00:00,7049.8564,7104.147
4135,2022-01-26 21:00:00,7002.424,7005.402
4136,2022-01-26 22:00:00,6774.0625,6841.3887
4137,2022-01-26 23:00:00,6472.58,6527.421
4138,2022-01-27 00:00:00,6258.692,6207.731
4139,2022-01-27 01:00:00,5958.5107,5975.4487
4140,2022-01-27 02:00:00,5798.8926,5803.5215
4141,2022-01-27 03:00:00,5654.353,5655.281
4142,2022-01-27 04:00:00,5578.4985,5592.3267
4143,2022-01-27 05:00:00,5587.9404,5611.6924
4144,2022-01-27 06:00:00,5781.6826,5781.4062
4145,2022-01-27 07:00:00,6103.2256,6121.8623
4146,2022-01-27 08:00:00,6478.411,6437.391
4147,2022-01-27 09:00:00,6879.7925,6874.8677
4148,2022-01-27 10:00:00,7110.6514,7114.8164
4149,2022-01-27 11:00:00,7205.2773,7257.3154
4150,2022-01-27 12:00:00,7238.4507,7262.806
4151,2022-01-27 13:00:00,7222.9727,7213.767
4152,2022-01-27 14:00:00,7345.3525,7281.2925
4153,2022-01-27 15:00:00,7348.0127,7336.749
4154,2022-01-27 16:00:00,7383.2515,7355.174
4155,2022-01-27 17:00:00,7374.148,7336.3013
4156,2022-01-27 18:00:00,7262.385,7228.1436
4157,2022-01-27 19:00:00,7077.665,7037.833
4158,2022-01-27 20:00:00,7039.8276,6989.915
4159,2022-01-27 21:00:00,6956.26,6919.613
4160,2022-01-27 22:00:00,6762.0464,6775.5654
4161,2022-01-27 23:00:00,6457.692,6485.8306
4162,2022-01-28 00:00:00,6236.877,6260.776
4163,2022-01-28 01:00:00,5984.86,5952.844
4164,2022-01-28 02:00:00,5786.6426,5789.884
4165,2022-01-28 03:00:00,5640.5933,5670.4375
4166,2022-01-28 04:00:00,5597.545,5593.27
4167,2022-01-28 05:00:00,5584.315,5575.86
4168,2022-01-28 06:00:00,5778.6636,5753.5674
4169,2022-01-28 07:00:00,6097.5376,6084.533
4170,2022-01-28 08:00:00,6459.589,6403.111
4171,2022-01-28 09:00:00,6863.922,6856.2563
4172,2022-01-28 10:00:00,7110.8726,7082.5957
4173,2022-01-28 11:00:00,7211.0117,7217.8613
4174,2022-01-28 12:00:00,7222.1973,7242.3916
4175,2022-01-28 13:00:00,7222.19,7220.768
4176,2022-01-28 14:00:00,7337.42,7314.529
4177,2022-01-28 15:00:00,7369.964,7396.141
4178,2022-01-28 16:00:00,7401.9595,7400.106
4179,2022-01-28 17:00:00,7383.819,7322.603
4180,2022-01-28 18:00:00,7216.252,7190.7173
4181,2022-01-28 19:00:00,7041.7285,7020.1606
4182,2022-01-28 20:00:00,7006.1704,6989.837
4183,2022-01-28 21:00:00,6941.029,6906.707
4184,2022-01-28 22:00:00,6766.0894,6751.0176
4185,2022-01-28 23:00:00,6469.549,6483.1846
4186,2022-01-29 00:00:00,6264.2544,6185.065
4187,2022-01-29 01:00:00,5942.7173,6011.3457
4188,2022-01-29 02:00:00,5817.6123,5832.711
4189,2022-01-29 03:00:00,5691.471,5698.332
4190,2022-01-29 04:00:00,5597.732,5607.8213
4191,2022-01-29 05:00:00,5573.2817,5575.2964
4192,2022-01-29 06:00:00,5651.3086,5634.562
4193,2022-01-29 07:00:00,5780.774,5776.3286
4194,2022-01-29 08:00:00,5994.715,5957.998
4195,2022-01-29 09:00:00,6287.6187,6303.3223
4196,2022-01-29 10:00:00,6600.4956,6539.0903
4197,2022-01-29 11:00:00,6688.331,6680.91
4198,2022-01-29 12:00:00,6687.69,6691.339
4199,2022-01-29 13:00:00,6651.6567,6666.9062
4200,2022-01-29 14:00:00,6679.123,6681.659
4201,2022-01-29 15:00:00,6680.3857,6680.051
4202,2022-01-29 16:00:00,6666.1187,6657.4043
4203,2022-01-29 17:00:00,6612.004,6667.9185
4204,2022-01-29 18:00:00,6601.7744,6602.259
4205,2022-01-29 19:00:00,6597.553,6617.055
4206,2022-01-29 20:00:00,6660.365,6709.911
4207,2022-01-29 21:00:00,6677.303,6654.5957
4208,2022-01-29 22:00:00,6547.089,6606.3784
4209,2022-01-29 23:00:00,6323.8594,6377.9536
4210,2022-01-30 00:00:00,6153.8667,6059.804
4211,2022-01-30 01:00:00,5927.02,5941.863
4212,2022-01-30 02:00:00,5769.419,5758.241
4213,2022-01-30 03:00:00,5626.3594,5632.963
4214,2022-01-30 04:00:00,5570.832,5540.0337
4215,2022-01-30 05:00:00,5509.3345,5500.8496
4216,2022-01-30 06:00:00,5520.3174,5545.371
4217,2022-01-30 07:00:00,5646.5874,5660.781
4218,2022-01-30 08:00:00,5767.701,5732.5015
4219,2022-01-30 09:00:00,6029.061,5978.1685
4220,2022-01-30 10:00:00,6244.3013,6189.652
4221,2022-01-30 11:00:00,6359.879,6336.3374
4222,2022-01-30 12:00:00,6358.5273,6384.8345
4223,2022-01-30 13:00:00,6368.808,6400.161
4224,2022-01-30 14:00:00,6404.31,6487.177
4225,2022-01-30 15:00:00,6516.2544,6514.14
4226,2022-01-30 16:00:00,6506.161,6456.762
4227,2022-01-30 17:00:00,6455.4316,6416.351
4228,2022-01-30 18:00:00,6418.7886,6379.7666
4229,2022-01-30 19:00:00,6423.408,6442.753
4230,2022-01-30 20:00:00,6621.4614,6530.5957
4231,2022-01-30 21:00:00,6598.931,6528.5693
4232,2022-01-30 22:00:00,6547.542,6481.079
4233,2022-01-30 23:00:00,6312.3037,6264.291
4234,2022-01-31 00:00:00,6061.391,6128.445
4235,2022-01-31 01:00:00,5892.3677,5813.812
4236,2022-01-31 02:00:00,5684.9575,5643.546
4237,2022-01-31 03:00:00,5575.043,5551.738
4238,2022-01-31 04:00:00,5505.2607,5462.7266
4239,2022-01-31 05:00:00,5445.561,5450.529
4240,2022-01-31 06:00:00,5639.348,5608.462
4241,2022-01-31 07:00:00,5999.674,5897.893
4242,2022-01-31 08:00:00,6366.0664,6186.8057
4243,2022-01-31 09:00:00,6749.435,6532.74
4244,2022-01-31 10:00:00,6875.5625,6672.419
4245,2022-01-31 11:00:00,6775.3926,6751.0425
4246,2022-01-31 12:00:00,6730.5254,6781.607
4247,2022-01-31 13:00:00,6770.2246,6714.867
4248,2022-01-31 14:00:00,6778.9644,6676.396
4249,2022-01-31 15:00:00,6720.292,6629.9497
4250,2022-01-31 16:00:00,6648.891,6620.9434
4251,2022-01-31 17:00:00,6580.0317,6607.58
4252,2022-01-31 18:00:00,6554.386,6576.1216
4253,2022-01-31 19:00:00,6572.83,6503.1807
4254,2022-01-31 20:00:00,6555.2715,6500.495
4255,2022-01-31 21:00:00,6530.5396,6429.602
4256,2022-01-31 22:00:00,6426.5425,6380.4844
4257,2022-01-31 23:00:00,6247.4473,6260.43
4258,2022-02-01 00:00:00,6058.2495,5941.0356
4259,2022-02-01 01:00:00,5778.061,5894.581
4260,2022-02-01 02:00:00,5678.478,5702.502
4261,2022-02-01 03:00:00,5559.899,5547.1997
4262,2022-02-01 04:00:00,5472.208,5438.3726
4263,2022-02-01 05:00:00,5435.084,5386.948
4264,2022-02-01 06:00:00,5611.334,5435.4663
4265,2022-02-01 07:00:00,5654.5513,5542.115
4266,2022-02-01 08:00:00,5856.3037,5622.1484
4267,2022-02-01 09:00:00,5944.217,5813.1743
4268,2022-02-01 10:00:00,6104.3086,5964.277
4269,2022-02-01 11:00:00,6056.639,6050.207
4270,2022-02-01 12:00:00,6059.3765,6070.613
4271,2022-02-01 13:00:00,6038.1924,6051.705
4272,2022-02-01 14:00:00,6059.0073,6071.219
4273,2022-02-01 15:00:00,6065.8545,6067.174
4274,2022-02-01 16:00:00,6046.041,6085.526
4275,2022-02-01 17:00:00,6073.871,6085.4336
4276,2022-02-01 18:00:00,6063.9683,6091.718
4277,2022-02-01 19:00:00,6083.9126,6141.244
4278,2022-02-01 20:00:00,6168.8467,6248.536
4279,2022-02-01 21:00:00,6248.23,6238.367
4280,2022-02-01 22:00:00,6195.997,6225.7134
4281,2022-02-01 23:00:00,6115.7524,6098.7617
4282,2022-02-02 00:00:00,5911.2896,6011.8276
4283,2022-02-02 01:00:00,5810.5215,5743.5347
4284,2022-02-02 02:00:00,5608.0566,5577.285
4285,2022-02-02 03:00:00,5465.893,5464.4575
4286,2022-02-02 04:00:00,5411.529,5369.842
4287,2022-02-02 05:00:00,5350.4995,5324.0166
4288,2022-02-02 06:00:00,5442.9688,5378.0684
4289,2022-02-02 07:00:00,5534.794,5485.148
4290,2022-02-02 08:00:00,5738.669,5566.8447
4291,2022-02-02 09:00:00,5783.831,5788.0093
4292,2022-02-02 10:00:00,5972.641,5965.683
4293,2022-02-02 11:00:00,6026.695,6093.594
4294,2022-02-02 12:00:00,6131.5215,6134.975
4295,2022-02-02 13:00:00,6088.4688,6160.36
4296,2022-02-02 14:00:00,6166.794,6205.7144
4297,2022-02-02 15:00:00,6226.5596,6177.003
4298,2022-02-02 16:00:00,6163.333,6173.1836
4299,2022-02-02 17:00:00,6152.5757,6197.645
4300,2022-02-02 18:00:00,6185.802,6218.71
4301,2022-02-02 19:00:00,6183.2886,6275.147
4302,2022-02-02 20:00:00,6334.8564,6409.1616
4303,2022-02-02 21:00:00,6388.358,6441.9287
4304,2022-02-02 22:00:00,6394.473,6413.602
4305,2022-02-02 23:00:00,6224.7026,6216.136
4306,2022-02-03 00:00:00,5988.4243,6175.119
4307,2022-02-03 01:00:00,5815.091,5766.036
4308,2022-02-03 02:00:00,5603.677,5604.222
4309,2022-02-03 03:00:00,5504.3857,5499.6963
4310,2022-02-03 04:00:00,5413.287,5426.6797
4311,2022-02-03 05:00:00,5398.0625,5426.0903
4312,2022-02-03 06:00:00,5485.088,5593.4746
4313,2022-02-03 07:00:00,5859.625,5910.4688
4314,2022-02-03 08:00:00,6200.4756,6239.6895
4315,2022-02-03 09:00:00,6553.1533,6662.528
4316,2022-02-03 10:00:00,6863.352,6867.132
4317,2022-02-03 11:00:00,6970.7744,6973.6274
4318,2022-02-03 12:00:00,6990.6226,6991.325
4319,2022-02-03 13:00:00,6973.6465,6972.725
4320,2022-02-03 14:00:00,7033.0986,7027.939
4321,2022-02-03 15:00:00,7078.717,7096.0693
4322,2022-02-03 16:00:00,7092.7856,7057.1943
4323,2022-02-03 17:00:00,7033.7754,7048.565
4324,2022-02-03 18:00:00,6968.64,6996.285
4325,2022-02-03 19:00:00,6896.3306,6854.849
4326,2022-02-03 20:00:00,6839.8726,6849.911
4327,2022-02-03 21:00:00,6810.0923,6813.325
4328,2022-02-03 22:00:00,6707.091,6687.652
4329,2022-02-03 23:00:00,6357.29,6411.7026
4330,2022-02-04 00:00:00,6174.083,6264.1914
4331,2022-02-04 01:00:00,5904.3774,5911.6304
4332,2022-02-04 02:00:00,5715.841,5733.853
4333,2022-02-04 03:00:00,5572.713,5620.1367
4334,2022-02-04 04:00:00,5521.645,5558.3
4335,2022-02-04 05:00:00,5545.4795,5568.0957
4336,2022-02-04 06:00:00,5669.6504,5738.5825
4337,2022-02-04 07:00:00,6018.459,6065.593
4338,2022-02-04 08:00:00,6382.773,6393.739
4339,2022-02-04 09:00:00,6767.5605,6832.9316
4340,2022-02-04 10:00:00,7029.3,7061.0435
4341,2022-02-04 11:00:00,7119.3096,7167.313
4342,2022-02-04 12:00:00,7166.3354,7163.4033
4343,2022-02-04 13:00:00,7166.654,7110.2773
4344,2022-02-04 14:00:00,7207.6836,7225.1763
4345,2022-02-04 15:00:00,7274.871,7253.853
4346,2022-02-04 16:00:00,7281.7754,7238.099
4347,2022-02-04 17:00:00,7219.8257,7187.752
4348,2022-02-04 18:00:00,7097.196,7086.029
4349,2022-02-04 19:00:00,6960.686,6925.5645
4350,2022-02-04 20:00:00,6917.4688,6923.681
4351,2022-02-04 21:00:00,6849.9556,6834.4126
4352,2022-02-04 22:00:00,6689.7925,6701.5703
4353,2022-02-04 23:00:00,6409.9927,6466.8667
4354,2022-02-05 00:00:00,6244.747,6150.205
4355,2022-02-05 01:00:00,5898.4487,6010.1333
4356,2022-02-05 02:00:00,5797.448,5860.913
4357,2022-02-05 03:00:00,5729.3154,5707.922
4358,2022-02-05 04:00:00,5615.31,5644.1704
4359,2022-02-05 05:00:00,5602.5254,5626.5576
4360,2022-02-05 06:00:00,5770.6875,5701.3145
4361,2022-02-05 07:00:00,6044.9316,5813.6743
4362,2022-02-05 08:00:00,6071.677,6009.3086
4363,2022-02-05 09:00:00,6365.5044,6341.694
4364,2022-02-05 10:00:00,6599.162,6516.5615
4365,2022-02-05 11:00:00,6598.0454,6680.6045
4366,2022-02-05 12:00:00,6721.638,6727.4062
4367,2022-02-05 13:00:00,6722.8013,6698.2764
4368,2022-02-05 14:00:00,6733.3174,6669.0986
4369,2022-02-05 15:00:00,6681.7188,6591.043
4370,2022-02-05 16:00:00,6608.484,6584.963
4371,2022-02-05 17:00:00,6547.9487,6493.328
4372,2022-02-05 18:00:00,6449.4644,6464.5127
4373,2022-02-05 19:00:00,6462.0854,6475.968
4374,2022-02-05 20:00:00,6539.6094,6607.9976
4375,2022-02-05 21:00:00,6627.186,6616.1016
4376,2022-02-05 22:00:00,6563.8164,6546.741
4377,2022-02-05 23:00:00,6366.1406,6334.5884
4378,2022-02-06 00:00:00,6143.253,5839.5483
4379,2022-02-06 01:00:00,5805.5977,5916.672
4380,2022-02-06 02:00:00,5738.8213,5737.251
4381,2022-02-06 03:00:00,5602.024,5625.82
4382,2022-02-06 04:00:00,5566.2993,5537.626
4383,2022-02-06 05:00:00,5512.024,5485.916
4384,2022-02-06 06:00:00,5535.4624,5519.066
4385,2022-02-06 07:00:00,5610.122,5630.4673
4386,2022-02-06 08:00:00,5712.467,5732.251
4387,2022-02-06 09:00:00,5960.9434,5965.672
4388,2022-02-06 10:00:00,6143.259,6148.147
4389,2022-02-06 11:00:00,6217.6265,6269.9507
4390,2022-02-06 12:00:00,6296.712,6305.346
4391,2022-02-06 13:00:00,6325.957,6290.922
4392,2022-02-06 14:00:00,6306.525,6319.802
4393,2022-02-06 15:00:00,6352.643,6268.4824
4394,2022-02-06 16:00:00,6286.8564,6193.794
4395,2022-02-06 17:00:00,6180.8926,6203.2
4396,2022-02-06 18:00:00,6184.65,6207.0664
4397,2022-02-06 19:00:00,6217.0513,6292.7686
4398,2022-02-06 20:00:00,6381.544,6426.1553
4399,2022-02-06 21:00:00,6466.0527,6406.66
4400,2022-02-06 22:00:00,6405.668,6322.3745
4401,2022-02-06 23:00:00,6210.0264,6074.73
4402,2022-02-07 00:00:00,5949.221,5874.312
4403,2022-02-07 01:00:00,5744.83,5626.2563
4404,2022-02-07 02:00:00,5533.1157,5482.312
4405,2022-02-07 03:00:00,5420.544,5374.8125
4406,2022-02-07 04:00:00,5348.966,5332.7295
4407,2022-02-07 05:00:00,5335.244,5352.161
4408,2022-02-07 06:00:00,5511.969,5565.1963
4409,2022-02-07 07:00:00,5866.4077,5976.8706
4410,2022-02-07 08:00:00,6297.166,6378.257
4411,2022-02-07 09:00:00,6690.2417,6822.374
4412,2022-02-07 10:00:00,7021.761,7032.808
4413,2022-02-07 11:00:00,7075.332,7118.34
4414,2022-02-07 12:00:00,7100.2983,7103.466
4415,2022-02-07 13:00:00,7097.7095,7055.205
4416,2022-02-07 14:00:00,7082.3413,7159.1836
4417,2022-02-07 15:00:00,7212.632,7171.865
4418,2022-02-07 16:00:00,7178.0244,7132.8145
4419,2022-02-07 17:00:00,7115.77,7093.6914
4420,2022-02-07 18:00:00,7016.227,7020.1733
4421,2022-02-07 19:00:00,6915.08,6875.5522
4422,2022-02-07 20:00:00,6892.252,6850.4272
4423,2022-02-07 21:00:00,6804.627,6741.3057
4424,2022-02-07 22:00:00,6660.1313,6477.7603
4425,2022-02-07 23:00:00,6259.369,6154.8394
4426,2022-02-08 00:00:00,5932.2954,5963.821
4427,2022-02-08 01:00:00,5766.043,5644.6567
4428,2022-02-08 02:00:00,5524.4307,5504.502
4429,2022-02-08 03:00:00,5442.167,5417.8706
4430,2022-02-08 04:00:00,5391.5044,5359.548
4431,2022-02-08 05:00:00,5377.7163,5372.0107
4432,2022-02-08 06:00:00,5574.5254,5564.012
4433,2022-02-08 07:00:00,5961.6025,5950.2266
4434,2022-02-08 08:00:00,6362.391,6330.4746
4435,2022-02-08 09:00:00,6785.08,6758.8574
4436,2022-02-08 10:00:00,7022.2725,6935.9536
4437,2022-02-08 11:00:00,7035.3306,7069.6255
4438,2022-02-08 12:00:00,7078.429,7017.275
4439,2022-02-08 13:00:00,7048.0557,7012.4673
4440,2022-02-08 14:00:00,7126.78,7122.526
4441,2022-02-08 15:00:00,7148.2383,7156.3584
4442,2022-02-08 16:00:00,7171.813,7144.9087
4443,2022-02-08 17:00:00,7099.9106,7127.874
4444,2022-02-08 18:00:00,7019.55,7030.522
4445,2022-02-08 19:00:00,6901.8867,6877.606
4446,2022-02-08 20:00:00,6874.212,6874.8354
4447,2022-02-08 21:00:00,6787.351,6768.675
4448,2022-02-08 22:00:00,6556.859,6563.9756
4449,2022-02-08 23:00:00,6232.064,6245.0034
4450,2022-02-09 00:00:00,5981.8154,5864.4897
4451,2022-02-09 01:00:00,5657.055,5706.4487
4452,2022-02-09 02:00:00,5563.183,5539.8057
4453,2022-02-09 03:00:00,5439.2783,5436.738
4454,2022-02-09 04:00:00,5382.0063,5375.7983
4455,2022-02-09 05:00:00,5376.6377,5393.499
4456,2022-02-09 06:00:00,5570.5386,5591.7183
4457,2022-02-09 07:00:00,5950.4146,5962.85
4458,2022-02-09 08:00:00,6379.5186,6296.99
4459,2022-02-09 09:00:00,6763.1294,6727.3413
4460,2022-02-09 10:00:00,6975.85,6927.99
4461,2022-02-09 11:00:00,7020.2686,7083.6104
4462,2022-02-09 12:00:00,7054.0654,7124.7456
4463,2022-02-09 13:00:00,7072.661,7037.851
4464,2022-02-09 14:00:00,7136.029,7157.929
4465,2022-02-09 15:00:00,7198.825,7193.0234
4466,2022-02-09 16:00:00,7205.2256,7083.8784
4467,2022-02-09 17:00:00,7065.8066,7044.8433
4468,2022-02-09 18:00:00,6964.201,6946.188
4469,2022-02-09 19:00:00,6846.987,6848.5615
4470,2022-02-09 20:00:00,6834.3965,6855.81
4471,2022-02-09 21:00:00,6744.023,6735.7686
4472,2022-02-09 22:00:00,6531.62,6504.009
4473,2022-02-09 23:00:00,6180.812,6141.9487
4474,2022-02-10 00:00:00,5839.369,5661.0435
4475,2022-02-10 01:00:00,5554.4287,5617.449
4476,2022-02-10 02:00:00,5481.1787,5460.8174
4477,2022-02-10 03:00:00,5389.638,5371.933
4478,2022-02-10 04:00:00,5349.7324,5318.0796
4479,2022-02-10 05:00:00,5335.457,5340.6484
4480,2022-02-10 06:00:00,5561.9434,5543.632
4481,2022-02-10 07:00:00,5936.462,5892.7046
4482,2022-02-10 08:00:00,6308.7407,6251.9526
4483,2022-02-10 09:00:00,6689.605,6677.616
4484,2022-02-10 10:00:00,6924.494,6842.5303
4485,2022-02-10 11:00:00,6914.8677,6913.3853
4486,2022-02-10 12:00:00,6932.261,6882.52
4487,2022-02-10 13:00:00,6893.15,6846.688
4488,2022-02-10 14:00:00,6960.105,6879.7236
4489,2022-02-10 15:00:00,6909.332,6873.369
4490,2022-02-10 16:00:00,6868.503,6852.844
4491,2022-02-10 17:00:00,6807.7163,6851.874
4492,2022-02-10 18:00:00,6774.6133,6781.974
4493,2022-02-10 19:00:00,6733.8936,6686.0547
4494,2022-02-10 20:00:00,6724.567,6630.2617
4495,2022-02-10 21:00:00,6618.7227,6481.7065
4496,2022-02-10 22:00:00,6383.0586,6259.05
4497,2022-02-10 23:00:00,6046.287,5932.6597
4498,2022-02-11 00:00:00,5682.928,5828.24
4499,2022-02-11 01:00:00,5598.264,5436.4927
4500,2022-02-11 02:00:00,5343.8687,5281.4
4501,2022-02-11 03:00:00,5227.4077,5226.1084
4502,2022-02-11 04:00:00,5193.4126,5185.4297
4503,2022-02-11 05:00:00,5198.548,5203.6465
4504,2022-02-11 06:00:00,5501.2876,5421.801
4505,2022-02-11 07:00:00,5827.2617,5797.5938
4506,2022-02-11 08:00:00,6204.6177,6123.863
4507,2022-02-11 09:00:00,6552.0645,6520.7627
4508,2022-02-11 10:00:00,6754.7656,6709.607
4509,2022-02-11 11:00:00,6762.0723,6840.7656
4510,2022-02-11 12:00:00,6849.1626,6861.3457
4511,2022-02-11 13:00:00,6818.995,6848.0493
4512,2022-02-11 14:00:00,6895.175,6928.475
4513,2022-02-11 15:00:00,6922.572,6983.116
4514,2022-02-11 16:00:00,6999.7383,6962.5527
4515,2022-02-11 17:00:00,6928.1514,6920.8325
4516,2022-02-11 18:00:00,6824.725,6858.1846
4517,2022-02-11 19:00:00,6771.1475,6762.231
4518,2022-02-11 20:00:00,6745.101,6712.9087
4519,2022-02-11 21:00:00,6620.8613,6556.4634
4520,2022-02-11 22:00:00,6363.838,6369.4404
4521,2022-02-11 23:00:00,6038.2026,6076.639
4522,2022-02-12 00:00:00,5815.78,5859.649
4523,2022-02-12 01:00:00,5643.5015,5581.7734
4524,2022-02-12 02:00:00,5466.7104,5426.8003
4525,2022-02-12 03:00:00,5333.3257,5320.507
4526,2022-02-12 04:00:00,5267.709,5253.9434
4527,2022-02-12 05:00:00,5263.1074,5249.655
4528,2022-02-12 06:00:00,5390.8276,5323.68
4529,2022-02-12 07:00:00,5498.306,5493.52
4530,2022-02-12 08:00:00,5765.459,5706.4023
4531,2022-02-12 09:00:00,6036.165,6074.8506
4532,2022-02-12 10:00:00,6296.37,6323.168
4533,2022-02-12 11:00:00,6384.9507,6516.942
4534,2022-02-12 12:00:00,6517.8423,6552.404
4535,2022-02-12 13:00:00,6534.7607,6519.6196
4536,2022-02-12 14:00:00,6544.2686,6521.2236
4537,2022-02-12 15:00:00,6533.5977,6489.486
4538,2022-02-12 16:00:00,6446.575,6463.109
4539,2022-02-12 17:00:00,6436.4136,6431.4336
4540,2022-02-12 18:00:00,6384.913,6426.463
4541,2022-02-12 19:00:00,6424.1987,6445.855
4542,2022-02-12 20:00:00,6462.337,6488.965
4543,2022-02-12 21:00:00,6462.3564,6450.975
4544,2022-02-12 22:00:00,6385.1035,6325.7876
4545,2022-02-12 23:00:00,6051.116,6054.7173
4546,2022-02-13 00:00:00,5772.0938,5865.427
4547,2022-02-13 01:00:00,5643.6914,5655.307
4548,2022-02-13 02:00:00,5523.382,5498.414
4549,2022-02-13 03:00:00,5397.373,5383.3247
4550,2022-02-13 04:00:00,5335.37,5309.9175
4551,2022-02-13 05:00:00,5275.05,5280.1445
4552,2022-02-13 06:00:00,5354.0923,5345.348
4553,2022-02-13 07:00:00,5437.0566,5484.2534
4554,2022-02-13 08:00:00,5678.8496,5579.2783
4555,2022-02-13 09:00:00,5869.642,5830.4883
4556,2022-02-13 10:00:00,6076.073,6047.126
4557,2022-02-13 11:00:00,6141.712,6220.855
4558,2022-02-13 12:00:00,6264.562,6259.836
4559,2022-02-13 13:00:00,6255.3857,6247.7637
4560,2022-02-13 14:00:00,6274.5625,6312.748
4561,2022-02-13 15:00:00,6300.723,6321.9844
4562,2022-02-13 16:00:00,6275.0923,6288.6255
4563,2022-02-13 17:00:00,6249.226,6287.0923
4564,2022-02-13 18:00:00,6261.826,6306.131
4565,2022-02-13 19:00:00,6367.99,6352.553
4566,2022-02-13 20:00:00,6419.1025,6456.159
4567,2022-02-13 21:00:00,6443.904,6495.0693
4568,2022-02-13 22:00:00,6388.4985,6360.3423
4569,2022-02-13 23:00:00,6090.5225,6106.852
4570,2022-02-14 00:00:00,5822.1836,6119.3687
4571,2022-02-14 01:00:00,5759.736,5601.4126
4572,2022-02-14 02:00:00,5475.2593,5482.835
4573,2022-02-14 03:00:00,5392.308,5392.1514
4574,2022-02-14 04:00:00,5339.8276,5342.785
4575,2022-02-14 05:00:00,5327.9746,5351.4663
4576,2022-02-14 06:00:00,5501.674,5556.236
4577,2022-02-14 07:00:00,5916.884,5958.7295
4578,2022-02-14 08:00:00,6301.158,6356.465
4579,2022-02-14 09:00:00,6709.6587,6822.266
4580,2022-02-14 10:00:00,6980.7896,7012.346
4581,2022-02-14 11:00:00,7056.5654,7181.278
4582,2022-02-14 12:00:00,7196.6055,7227.0337
4583,2022-02-14 13:00:00,7204.1675,7190.953
4584,2022-02-14 14:00:00,7262.3086,7175.6245
4585,2022-02-14 15:00:00,7209.3813,7210.3667
4586,2022-02-14 16:00:00,7201.654,7255.2227
4587,2022-02-14 17:00:00,7223.8965,7266.6177
4588,2022-02-14 18:00:00,7195.8687,7174.0747
4589,2022-02-14 19:00:00,7065.1836,7001.5576
4590,2022-02-14 20:00:00,6954.8027,6983.5444
4591,2022-02-14 21:00:00,6917.9307,6866.469
4592,2022-02-14 22:00:00,6619.0063,6695.4404
4593,2022-02-14 23:00:00,6289.3667,6391.5356
4594,2022-02-15 00:00:00,6081.504,6180.691
4595,2022-02-15 01:00:00,5845.051,5864.741
4596,2022-02-15 02:00:00,5674.7217,5686.5513
4597,2022-02-15 03:00:00,5545.7227,5586.1587
4598,2022-02-15 04:00:00,5512.496,5537.5654
4599,2022-02-15 05:00:00,5518.237,5536.0215
4600,2022-02-15 06:00:00,5705.4976,5752.0044
4601,2022-02-15 07:00:00,6084.3325,6129.163
4602,2022-02-15 08:00:00,6459.2476,6486.16
4603,2022-02-15 09:00:00,6878.9463,6923.0776
4604,2022-02-15 10:00:00,7088.007,7143.403
4605,2022-02-15 11:00:00,7220.6035,7285.445
4606,2022-02-15 12:00:00,7284.26,7318.36
4607,2022-02-15 13:00:00,7272.0215,7268.5156
4608,2022-02-15 14:00:00,7308.91,7347.005
4609,2022-02-15 15:00:00,7373.97,7332.5537
4610,2022-02-15 16:00:00,7354.06,7293.3325
4611,2022-02-15 17:00:00,7286.2754,7281.056
4612,2022-02-15 18:00:00,7163.465,7173.617
4613,2022-02-15 19:00:00,7023.162,7016.6216
4614,2022-02-15 20:00:00,7013.442,6989.4966
4615,2022-02-15 21:00:00,6916.65,6908.127
4616,2022-02-15 22:00:00,6677.8125,6742.0454
4617,2022-02-15 23:00:00,6418.8877,6452.3735
4618,2022-02-16 00:00:00,6212.495,5963.9995
4619,2022-02-16 01:00:00,5785.4326,5930.4937
4620,2022-02-16 02:00:00,5716.9004,5759.4297
4621,2022-02-16 03:00:00,5646.937,5648.697
4622,2022-02-16 04:00:00,5601.8037,5598.5894
4623,2022-02-16 05:00:00,5617.8643,5603.7026
4624,2022-02-16 06:00:00,5800.12,5786.251
4625,2022-02-16 07:00:00,6139.127,6150.92
4626,2022-02-16 08:00:00,6529.35,6413.557
4627,2022-02-16 09:00:00,6871.384,6769.341
4628,2022-02-16 10:00:00,7088.283,6919.017
4629,2022-02-16 11:00:00,7084.7305,6932.441
4630,2022-02-16 12:00:00,6913.8774,6884.5005
4631,2022-02-16 13:00:00,6872.498,6786.838
4632,2022-02-16 14:00:00,6835.0596,6875.2705
4633,2022-02-16 15:00:00,6904.2695,6886.7314
4634,2022-02-16 16:00:00,6869.6704,6885.4883
4635,2022-02-16 17:00:00,6864.99,6910.122
4636,2022-02-16 18:00:00,6858.5513,6878.116
4637,2022-02-16 19:00:00,6822.7676,6799.7456
4638,2022-02-16 20:00:00,6792.158,6854.9688
4639,2022-02-16 21:00:00,6816.9277,6780.8276
4640,2022-02-16 22:00:00,6570.744,6590.06
4641,2022-02-16 23:00:00,6276.652,6240.403
4642,2022-02-17 00:00:00,5974.071,6154.5996
4643,2022-02-17 01:00:00,5820.49,5692.912
4644,2022-02-17 02:00:00,5602.619,5554.017
4645,2022-02-17 03:00:00,5502.1914,5434.051
4646,2022-02-17 04:00:00,5379.291,5347.0596
4647,2022-02-17 05:00:00,5331.9067,5339.738
4648,2022-02-17 06:00:00,5553.678,5532.843
4649,2022-02-17 07:00:00,5940.128,5891.9834
4650,2022-02-17 08:00:00,6304.4487,6227.1016
4651,2022-02-17 09:00:00,6620.9375,6626.1025
4652,2022-02-17 10:00:00,6833.28,6854.9854
4653,2022-02-17 11:00:00,6904.4736,6973.184
4654,2022-02-17 12:00:00,6984.6226,7046.2485
4655,2022-02-17 13:00:00,7005.3677,7062.975
4656,2022-02-17 14:00:00,7084.0605,7179.321
4657,2022-02-17 15:00:00,7216.489,7175.551
4658,2022-02-17 16:00:00,7194.7188,7230.8223
4659,2022-02-17 17:00:00,7227.1,7241.8467
4660,2022-02-17 18:00:00,7172.7026,7169.921
4661,2022-02-17 19:00:00,7041.043,7007.331
4662,2022-02-17 20:00:00,7008.4844,6999.1255
4663,2022-02-17 21:00:00,6898.424,6900.0537
4664,2022-02-17 22:00:00,6641.6826,6745.029
4665,2022-02-17 23:00:00,6395.6816,6430.923
4666,2022-02-18 00:00:00,6166.2188,6247.2363
4667,2022-02-18 01:00:00,5906.8477,5900.137
4668,2022-02-18 02:00:00,5688.7773,5748.687
4669,2022-02-18 03:00:00,5630.603,5634.9243
4670,2022-02-18 04:00:00,5587.8867,5575.8833
4671,2022-02-18 05:00:00,5594.6963,5562.9717
4672,2022-02-18 06:00:00,5690.865,5764.805
4673,2022-02-18 07:00:00,6116.7837,6116.131
4674,2022-02-18 08:00:00,6444.795,6490.3916
4675,2022-02-18 09:00:00,6857.214,6941.978
4676,2022-02-18 10:00:00,7109.5264,7163.0625
4677,2022-02-18 11:00:00,7247.1914,7257.094
4678,2022-02-18 12:00:00,7286.3955,7270.206
4679,2022-02-18 13:00:00,7264.699,7225.4697
4680,2022-02-18 14:00:00,7307.795,7325.653
4681,2022-02-18 15:00:00,7357.243,7364.087
4682,2022-02-18 16:00:00,7374.991,7343.183
4683,2022-02-18 17:00:00,7326.562,7297.847
4684,2022-02-18 18:00:00,7212.4883,7179.5127
4685,2022-02-18 19:00:00,7046.5864,7002.3926
4686,2022-02-18 20:00:00,7007.141,6983.7334
4687,2022-02-18 21:00:00,6921.681,6900.7334
4688,2022-02-18 22:00:00,6681.1577,6740.8833
4689,2022-02-18 23:00:00,6440.641,6463.4604
4690,2022-02-19 00:00:00,6202.306,6130.4126
4691,2022-02-19 01:00:00,5893.0312,5989.196
4692,2022-02-19 02:00:00,5768.7524,5820.5176
4693,2022-02-19 03:00:00,5728.334,5664.47
4694,2022-02-19 04:00:00,5587.054,5604.944
4695,2022-02-19 05:00:00,5578.1836,5593.8755
4696,2022-02-19 06:00:00,5650.8486,5662.339
4697,2022-02-19 07:00:00,5758.53,5812.3047
4698,2022-02-19 08:00:00,6044.8755,5997.046
4699,2022-02-19 09:00:00,6295.9937,6385.1753
4700,2022-02-19 10:00:00,6651.3184,6575.7305
4701,2022-02-19 11:00:00,6661.1733,6771.211
4702,2022-02-19 12:00:00,6785.0425,6831.448
4703,2022-02-19 13:00:00,6845.919,6683.599
4704,2022-02-19 14:00:00,6658.011,6586.076
4705,2022-02-19 15:00:00,6564.584,6579.3
4706,2022-02-19 16:00:00,6551.8564,6506.8105
4707,2022-02-19 17:00:00,6460.7827,6535.479
4708,2022-02-19 18:00:00,6498.308,6563.132
4709,2022-02-19 19:00:00,6588.2314,6601.1455
4710,2022-02-19 20:00:00,6624.668,6696.1553
4711,2022-02-19 21:00:00,6721.4985,6693.3687
4712,2022-02-19 22:00:00,6566.36,6575.3477
4713,2022-02-19 23:00:00,6341.004,6350.306
4714,2022-02-20 00:00:00,6099.953,5913.249
4715,2022-02-20 01:00:00,5820.2285,5901.8804
4716,2022-02-20 02:00:00,5668.3774,5734.7773
4717,2022-02-20 03:00:00,5625.661,5626.31
4718,2022-02-20 04:00:00,5584.6055,5557.567
4719,2022-02-20 05:00:00,5522.0186,5519.477
4720,2022-02-20 06:00:00,5527.9395,5567.0967
4721,2022-02-20 07:00:00,5616.2983,5707.0737
4722,2022-02-20 08:00:00,5837.4263,5788.0664
4723,2022-02-20 09:00:00,6025.014,6032.729
4724,2022-02-20 10:00:00,6272.422,6265.6177
4725,2022-02-20 11:00:00,6412.529,6440.368
4726,2022-02-20 12:00:00,6460.8257,6489.468
4727,2022-02-20 13:00:00,6457.639,6495.4546
4728,2022-02-20 14:00:00,6478.5938,6549.209
4729,2022-02-20 15:00:00,6547.2407,6579.365
4730,2022-02-20 16:00:00,6533.8267,6515.228
4731,2022-02-20 17:00:00,6510.4077,6345.158
4732,2022-02-20 18:00:00,6328.713,6300.9766
4733,2022-02-20 19:00:00,6359.0293,6296.82
4734,2022-02-20 20:00:00,6407.57,6423.7812
4735,2022-02-20 21:00:00,6500.257,6461.24
4736,2022-02-20 22:00:00,6436.4785,6376.9536
4737,2022-02-20 23:00:00,6171.4,6129.6016
4738,2022-02-21 00:00:00,5923.895,6141.3574
4739,2022-02-21 01:00:00,5750.1777,5692.853
4740,2022-02-21 02:00:00,5548.0195,5533.394
4741,2022-02-21 03:00:00,5468.831,5482.3853
4742,2022-02-21 04:00:00,5458.4175,5427.038
4743,2022-02-21 05:00:00,5407.535,5443.4165
4744,2022-02-21 06:00:00,5629.4536,5634.646
4745,2022-02-21 07:00:00,5987.525,6021.5156
4746,2022-02-21 08:00:00,6391.4194,6408.262
4747,2022-02-21 09:00:00,6825.9326,6878.2896
4748,2022-02-21 10:00:00,7083.8354,7088.2837
4749,2022-02-21 11:00:00,7162.3936,7225.9697
4750,2022-02-21 12:00:00,7248.0117,7227.6475
4751,2022-02-21 13:00:00,7217.7095,7221.056
4752,2022-02-21 14:00:00,7299.487,7311.4907
4753,2022-02-21 15:00:00,7351.5337,7346.5674
4754,2022-02-21 16:00:00,7340.45,7362.265
4755,2022-02-21 17:00:00,7355.1743,7371.203
4756,2022-02-21 18:00:00,7263.815,7244.604
4757,2022-02-21 19:00:00,7065.5454,7038.081
4758,2022-02-21 20:00:00,7028.5786,6980.4834
4759,2022-02-21 21:00:00,6921.3267,6887.4688
4760,2022-02-21 22:00:00,6683.1133,6736.178
4761,2022-02-21 23:00:00,6446.9683,6405.7124
4762,2022-02-22 00:00:00,6155.9683,6232.6973
4763,2022-02-22 01:00:00,5914.368,5880.9824
4764,2022-02-22 02:00:00,5736.2637,5709.0186
4765,2022-02-22 03:00:00,5601.601,5593.844
4766,2022-02-22 04:00:00,5545.7725,5515.1445
4767,2022-02-22 05:00:00,5516.732,5513.01
4768,2022-02-22 06:00:00,5738.558,5678.703
4769,2022-02-22 07:00:00,6091.3193,6043.943
4770,2022-02-22 08:00:00,6446.284,6398.972
4771,2022-02-22 09:00:00,6857.301,6821.261
4772,2022-02-22 10:00:00,7113.2764,7022.0967
4773,2022-02-22 11:00:00,7181.5586,7158.9487
4774,2022-02-22 12:00:00,7192.0938,7189.778
4775,2022-02-22 13:00:00,7215.013,7173.6045
4776,2022-02-22 14:00:00,7290.9785,7250.894
4777,2022-02-22 15:00:00,7309.4663,7283.4517
4778,2022-02-22 16:00:00,7318.037,7321.563
4779,2022-02-22 17:00:00,7296.2827,7338.3213
4780,2022-02-22 18:00:00,7237.34,7257.0117
4781,2022-02-22 19:00:00,7040.9375,7082.655
4782,2022-02-22 20:00:00,7019.8867,7055.4277
4783,2022-02-22 21:00:00,6940.0137,6968.504
4784,2022-02-22 22:00:00,6756.4893,6816.623
4785,2022-02-22 23:00:00,6413.095,6507.862
4786,2022-02-23 00:00:00,6162.217,6138.0024
4787,2022-02-23 01:00:00,5929.679,5963.9326
4788,2022-02-23 02:00:00,5764.428,5784.6475
4789,2022-02-23 03:00:00,5652.942,5649.2793
4790,2022-02-23 04:00:00,5564.465,5570.3115
4791,2022-02-23 05:00:00,5582.8774,5568.665
4792,2022-02-23 06:00:00,5758.297,5753.443
4793,2022-02-23 07:00:00,6099.368,6137.074
4794,2022-02-23 08:00:00,6471.6294,6474.418
4795,2022-02-23 09:00:00,6855.041,6900.783
4796,2022-02-23 10:00:00,7098.8936,7112.2305
4797,2022-02-23 11:00:00,7213.68,7223.6084
4798,2022-02-23 12:00:00,7228.7764,7272.329
4799,2022-02-23 13:00:00,7246.0645,7255.0596
4800,2022-02-23 14:00:00,7316.6826,7287.1714
4801,2022-02-23 15:00:00,7339.19,7301.3916
4802,2022-02-23 16:00:00,7326.9087,7333.614
4803,2022-02-23 17:00:00,7332.2764,7295.346
4804,2022-02-23 18:00:00,7233.1514,7190.3496
4805,2022-02-23 19:00:00,7038.2607,7007.1567
4806,2022-02-23 20:00:00,7025.2373,7000.4453
4807,2022-02-23 21:00:00,6926.37,6929.5073
4808,2022-02-23 22:00:00,6727.8975,6741.111
4809,2022-02-23 23:00:00,6432.786,6423.726
4810,2022-02-24 00:00:00,6154.379,5889.836
4811,2022-02-24 01:00:00,5839.826,5859.29
4812,2022-02-24 02:00:00,5661.1406,5655.2007
4813,2022-02-24 03:00:00,5573.951,5520.534
4814,2022-02-24 04:00:00,5492.562,5458.7954
4815,2022-02-24 05:00:00,5480.6626,5470.9766
4816,2022-02-24 06:00:00,5675.199,5663.8584
4817,2022-02-24 07:00:00,6033.842,5991.257
4818,2022-02-24 08:00:00,6414.8735,6330.193
4819,2022-02-24 09:00:00,6754.9873,6728.3784
4820,2022-02-24 10:00:00,6985.4556,6931.337
4821,2022-02-24 11:00:00,7027.167,7019.5645
4822,2022-02-24 12:00:00,7033.2427,6942.601
4823,2022-02-24 13:00:00,6935.237,6844.989
4824,2022-02-24 14:00:00,6900.2515,6911.1055
4825,2022-02-24 15:00:00,6921.3257,6963.619
4826,2022-02-24 16:00:00,6951.713,6987.556
4827,2022-02-24 17:00:00,6990.855,6993.314
4828,2022-02-24 18:00:00,6944.61,6919.303
4829,2022-02-24 19:00:00,6820.297,6821.956
4830,2022-02-24 20:00:00,6828.4316,6813.0093
4831,2022-02-24 21:00:00,6767.9663,6669.038
4832,2022-02-24 22:00:00,6524.643,6451.805
4833,2022-02-24 23:00:00,6167.261,6128.443
4834,2022-02-25 00:00:00,5948.6646,6038.504
4835,2022-02-25 01:00:00,5716.504,5627.1465
4836,2022-02-25 02:00:00,5496.0024,5492.802
4837,2022-02-25 03:00:00,5403.4985,5380.8945
4838,2022-02-25 04:00:00,5350.4736,5325.602
4839,2022-02-25 05:00:00,5338.616,5334.813
4840,2022-02-25 06:00:00,5558.036,5525.1465
4841,2022-02-25 07:00:00,5942.0273,5887.9033
4842,2022-02-25 08:00:00,6290.964,6221.098
4843,2022-02-25 09:00:00,6643.102,6675.821
4844,2022-02-25 10:00:00,6889.8184,6874.1997
4845,2022-02-25 11:00:00,6956.813,7022.8438
4846,2022-02-25 12:00:00,7027.6914,7057.486
4847,2022-02-25 13:00:00,7074.01,7056.669
4848,2022-02-25 14:00:00,7138.1543,7125.2344
4849,2022-02-25 15:00:00,7178.2183,7149.814
4850,2022-02-25 16:00:00,7146.826,7180.3794
4851,2022-02-25 17:00:00,7168.714,7220.5806
4852,2022-02-25 18:00:00,7151.265,7143.778
4853,2022-02-25 19:00:00,6958.608,6976.32
4854,2022-02-25 20:00:00,6945.5337,6971.795
4855,2022-02-25 21:00:00,6898.2144,6778.776
4856,2022-02-25 22:00:00,6644.207,6571.7437
4857,2022-02-25 23:00:00,6255.4907,6287.327
4858,2022-02-26 00:00:00,6043.595,6004.0503
4859,2022-02-26 01:00:00,5822.911,5795.0674
4860,2022-02-26 02:00:00,5633.0405,5630.582
4861,2022-02-26 03:00:00,5530.7925,5518.0005
4862,2022-02-26 04:00:00,5474.115,5439.5625
4863,2022-02-26 05:00:00,5405.662,5423.5254
4864,2022-02-26 06:00:00,5482.362,5495.0874
4865,2022-02-26 07:00:00,5709.404,5661.21
4866,2022-02-26 08:00:00,5919.247,5847.6807
4867,2022-02-26 09:00:00,6160.305,6235.3525
4868,2022-02-26 10:00:00,6445.353,6458.408
4869,2022-02-26 11:00:00,6579.755,6594.0
4870,2022-02-26 12:00:00,6632.0376,6577.147
4871,2022-02-26 13:00:00,6554.8906,6487.3394
4872,2022-02-26 14:00:00,6498.1406,6452.5195
4873,2022-02-26 15:00:00,6472.4937,6422.9404
4874,2022-02-26 16:00:00,6384.7754,6387.1816
4875,2022-02-26 17:00:00,6348.536,6376.021
4876,2022-02-26 18:00:00,6358.4336,6372.2876
4877,2022-02-26 19:00:00,6390.915,6407.5786
4878,2022-02-26 20:00:00,6479.306,6521.1826
4879,2022-02-26 21:00:00,6515.869,6512.3574
4880,2022-02-26 22:00:00,6413.482,6408.6816
4881,2022-02-26 23:00:00,6190.237,6167.5117
4882,2022-02-27 00:00:00,5942.8667,5837.775
4883,2022-02-27 01:00:00,5744.1123,5776.8643
4884,2022-02-27 02:00:00,5594.139,5603.236
4885,2022-02-27 03:00:00,5516.455,5480.5166
4886,2022-02-27 04:00:00,5421.761,5395.904
4887,2022-02-27 05:00:00,5348.2637,5369.8413
4888,2022-02-27 06:00:00,5397.128,5432.034
4889,2022-02-27 07:00:00,5522.7417,5567.4307
4890,2022-02-27 08:00:00,5733.358,5646.224
4891,2022-02-27 09:00:00,5947.253,5952.9375
4892,2022-02-27 10:00:00,6232.502,6173.9624
4893,2022-02-27 11:00:00,6289.3545,6334.001
4894,2022-02-27 12:00:00,6402.312,6316.3647
4895,2022-02-27 13:00:00,6290.8223,6267.5293
4896,2022-02-27 14:00:00,6265.7036,6222.7866
4897,2022-02-27 15:00:00,6223.135,6142.32
4898,2022-02-27 16:00:00,6110.5537,6112.7754
4899,2022-02-27 17:00:00,6109.865,6140.816
4900,2022-02-27 18:00:00,6121.409,6214.214
4901,2022-02-27 19:00:00,6279.0474,6311.384
4902,2022-02-27 20:00:00,6433.37,6464.343
4903,2022-02-27 21:00:00,6477.6226,6463.2373
4904,2022-02-27 22:00:00,6349.8823,6338.8174
4905,2022-02-27 23:00:00,6140.9683,6071.394
4906,2022-02-28 00:00:00,5907.8174,6079.249
4907,2022-02-28 01:00:00,5636.045,5592.5815
4908,2022-02-28 02:00:00,5470.959,5456.0923
4909,2022-02-28 03:00:00,5386.535,5361.7754
4910,2022-02-28 04:00:00,5333.62,5321.2666
4911,2022-02-28 05:00:00,5328.0776,5341.0894
4912,2022-02-28 06:00:00,5517.246,5544.294
4913,2022-02-28 07:00:00,5936.389,5938.1377
4914,2022-02-28 08:00:00,6295.922,6333.5986
4915,2022-02-28 09:00:00,6742.0474,6831.3574
4916,2022-02-28 10:00:00,7014.3965,7063.508
4917,2022-02-28 11:00:00,7133.174,7202.9917
4918,2022-02-28 12:00:00,7223.166,7175.1455
4919,2022-02-28 13:00:00,7136.9907,7154.938
4920,2022-02-28 14:00:00,7220.0044,7253.7993
4921,2022-02-28 15:00:00,7296.2974,7259.615
4922,2022-02-28 16:00:00,7284.64,7231.311
4923,2022-02-28 17:00:00,7222.832,7216.366
4924,2022-02-28 18:00:00,7121.5713,7104.565
4925,2022-02-28 19:00:00,6965.2476,6953.3374
4926,2022-02-28 20:00:00,6926.4805,6967.7705
4927,2022-02-28 21:00:00,6883.563,6863.7476
4928,2022-02-28 22:00:00,6697.1924,6687.6553
4929,2022-02-28 23:00:00,6374.928,6352.5127
4930,2022-03-01 00:00:00,6113.922,6087.0137
4931,2022-03-01 01:00:00,5856.385,5799.4204
4932,2022-03-01 02:00:00,5650.055,5661.095
4933,2022-03-01 03:00:00,5552.292,5554.134
4934,2022-03-01 04:00:00,5510.306,5491.6245
4935,2022-03-01 05:00:00,5513.62,5497.5537
4936,2022-03-01 06:00:00,5710.0605,5689.478
4937,2022-03-01 07:00:00,6057.096,6065.831
4938,2022-03-01 08:00:00,6448.77,6394.4814
4939,2022-03-01 09:00:00,6835.44,6827.31
4940,2022-03-01 10:00:00,7058.0,7068.384
4941,2022-03-01 11:00:00,7193.2124,7148.29
4942,2022-03-01 12:00:00,7175.042,7117.028
4943,2022-03-01 13:00:00,7130.2314,7126.9033
4944,2022-03-01 14:00:00,7219.748,7146.817
4945,2022-03-01 15:00:00,7212.4663,7206.335
4946,2022-03-01 16:00:00,7240.075,7250.776
4947,2022-03-01 17:00:00,7265.0786,7225.475
4948,2022-03-01 18:00:00,7133.9023,7102.134
4949,2022-03-01 19:00:00,6934.0596,6974.6064
4950,2022-03-01 20:00:00,6968.552,6954.4717
4951,2022-03-01 21:00:00,6853.5527,6847.5454
4952,2022-03-01 22:00:00,6665.2114,6664.699
4953,2022-03-01 23:00:00,6335.214,6361.373
4954,2022-03-02 00:00:00,6039.368,5995.1914
4955,2022-03-02 01:00:00,5832.5225,5841.0176
4956,2022-03-02 02:00:00,5677.096,5687.6826
4957,2022-03-02 03:00:00,5589.572,5578.4614
4958,2022-03-02 04:00:00,5515.292,5521.5093
4959,2022-03-02 05:00:00,5527.507,5526.742
4960,2022-03-02 06:00:00,5721.773,5705.014
4961,2022-03-02 07:00:00,6058.6787,6068.1494
4962,2022-03-02 08:00:00,6428.0596,6392.584
4963,2022-03-02 09:00:00,6804.945,6831.095
4964,2022-03-02 10:00:00,7049.0527,7067.0464
4965,2022-03-02 11:00:00,7143.5786,7223.5176
4966,2022-03-02 12:00:00,7163.402,7233.5894
4967,2022-03-02 13:00:00,7176.8394,7206.0874
4968,2022-03-02 14:00:00,7252.5176,7332.345
4969,2022-03-02 15:00:00,7339.3657,7329.0503
4970,2022-03-02 16:00:00,7332.109,7290.1704
4971,2022-03-02 17:00:00,7271.4575,7185.584
4972,2022-03-02 18:00:00,7069.745,7044.852
4973,2022-03-02 19:00:00,6930.1445,6872.817
4974,2022-03-02 20:00:00,6864.0005,6845.048
4975,2022-03-02 21:00:00,6783.178,6744.9717
4976,2022-03-02 22:00:00,6599.119,6579.641
4977,2022-03-02 23:00:00,6286.0,6255.391
4978,2022-03-03 00:00:00,5975.6167,6008.8164
4979,2022-03-03 01:00:00,5818.9473,5747.003
4980,2022-03-03 02:00:00,5610.911,5587.6196
4981,2022-03-03 03:00:00,5503.6523,5483.4956
4982,2022-03-03 04:00:00,5440.9526,5424.4526
4983,2022-03-03 05:00:00,5424.53,5439.273
4984,2022-03-03 06:00:00,5624.958,5646.3374
4985,2022-03-03 07:00:00,6004.6787,6008.5337
4986,2022-03-03 08:00:00,6371.1167,6346.13
4987,2022-03-03 09:00:00,6765.879,6781.603
4988,2022-03-03 10:00:00,7015.379,6992.0703
4989,2022-03-03 11:00:00,7073.4424,7108.9736
4990,2022-03-03 12:00:00,7118.8936,7178.2866
4991,2022-03-03 13:00:00,7171.6855,7153.1133
4992,2022-03-03 14:00:00,7239.4375,7255.521
4993,2022-03-03 15:00:00,7290.6113,7282.9487
4994,2022-03-03 16:00:00,7289.01,7271.4307
4995,2022-03-03 17:00:00,7249.4863,7206.267
4996,2022-03-03 18:00:00,7041.198,7099.583
4997,2022-03-03 19:00:00,6927.152,6946.42
4998,2022-03-03 20:00:00,6913.1313,6899.141
4999,2022-03-03 21:00:00,6768.036,6797.864
5000,2022-03-03 22:00:00,6573.962,6580.7095
5001,2022-03-03 23:00:00,6259.6523,6248.346
5002,2022-03-04 00:00:00,6003.97,6153.3926
5003,2022-03-04 01:00:00,5784.871,5762.789
5004,2022-03-04 02:00:00,5606.4995,5615.6045
5005,2022-03-04 03:00:00,5529.446,5529.743
5006,2022-03-04 04:00:00,5488.572,5475.459
5007,2022-03-04 05:00:00,5469.291,5498.287
5008,2022-03-04 06:00:00,5640.576,5707.6533
5009,2022-03-04 07:00:00,6013.5396,6085.922
5010,2022-03-04 08:00:00,6376.5063,6416.62
5011,2022-03-04 09:00:00,6806.016,6858.902
5012,2022-03-04 10:00:00,7046.226,7090.4624
5013,2022-03-04 11:00:00,7165.5254,7217.339
5014,2022-03-04 12:00:00,7217.2886,7250.6826
5015,2022-03-04 13:00:00,7203.518,7193.2827
5016,2022-03-04 14:00:00,7270.397,7302.3936
5017,2022-03-04 15:00:00,7316.8867,7305.84
5018,2022-03-04 16:00:00,7309.426,7312.6333
5019,2022-03-04 17:00:00,7249.0024,7306.0654
5020,2022-03-04 18:00:00,7131.16,7187.6226
5021,2022-03-04 19:00:00,6990.4756,6994.551
5022,2022-03-04 20:00:00,6962.0806,6966.729
5023,2022-03-04 21:00:00,6855.416,6857.847
5024,2022-03-04 22:00:00,6636.951,6686.558
5025,2022-03-04 23:00:00,6325.71,6409.2725
5026,2022-03-05 00:00:00,6123.123,6037.168
5027,2022-03-05 01:00:00,5825.8486,5889.8447
5028,2022-03-05 02:00:00,5689.4644,5715.8716
5029,2022-03-05 03:00:00,5601.888,5599.4385
5030,2022-03-05 04:00:00,5522.802,5511.571
5031,2022-03-05 05:00:00,5480.8345,5477.67
5032,2022-03-05 06:00:00,5581.4546,5584.3984
5033,2022-03-05 07:00:00,5775.5156,5759.2026
5034,2022-03-05 08:00:00,5979.7285,5937.517
5035,2022-03-05 09:00:00,6258.3877,6308.162
5036,2022-03-05 10:00:00,6500.7676,6550.0317
5037,2022-03-05 11:00:00,6604.03,6737.577
5038,2022-03-05 12:00:00,6737.11,6787.4155
5039,2022-03-05 13:00:00,6720.502,6761.9297
5040,2022-03-05 14:00:00,6733.948,6760.835
5041,2022-03-05 15:00:00,6770.319,6765.1074
5042,2022-03-05 16:00:00,6742.7954,6678.952
5043,2022-03-05 17:00:00,6647.2715,6622.635
5044,2022-03-05 18:00:00,6619.636,6556.772
5045,2022-03-05 19:00:00,6548.9526,6495.733
5046,2022-03-05 20:00:00,6544.67,6570.383
5047,2022-03-05 21:00:00,6557.8975,6567.0376
5048,2022-03-05 22:00:00,6465.1626,6483.073
5049,2022-03-05 23:00:00,6259.6377,6256.6914
5050,2022-03-06 00:00:00,6005.227,5994.7007
5051,2022-03-06 01:00:00,5848.9033,5816.6743
5052,2022-03-06 02:00:00,5603.3477,5647.227
5053,2022-03-06 03:00:00,5544.569,5540.2046
5054,2022-03-06 04:00:00,5486.076,5472.24
5055,2022-03-06 05:00:00,5430.2563,5448.1636
5056,2022-03-06 06:00:00,5475.178,5495.6685
5057,2022-03-06 07:00:00,5589.9785,5627.5093
5058,2022-03-06 08:00:00,5776.908,5729.246
5059,2022-03-06 09:00:00,6008.055,5974.192
5060,2022-03-06 10:00:00,6229.2314,6164.8457
5061,2022-03-06 11:00:00,6279.889,6286.308
5062,2022-03-06 12:00:00,6324.9087,6296.8677
5063,2022-03-06 13:00:00,6277.853,6249.917
5064,2022-03-06 14:00:00,6256.165,6295.8135
5065,2022-03-06 15:00:00,6288.115,6318.0996
5066,2022-03-06 16:00:00,6278.4023,6298.72
5067,2022-03-06 17:00:00,6292.97,6320.615
5068,2022-03-06 18:00:00,6314.6436,6315.0093
5069,2022-03-06 19:00:00,6351.448,6440.4287
5070,2022-03-06 20:00:00,6523.913,6605.4585
5071,2022-03-06 21:00:00,6603.3213,6626.5366
5072,2022-03-06 22:00:00,6481.5044,6524.7183
5073,2022-03-06 23:00:00,6250.4243,6248.2056
5074,2022-03-07 00:00:00,6040.951,6035.8843
5075,2022-03-07 01:00:00,5815.141,5756.99
5076,2022-03-07 02:00:00,5585.5957,5606.444
5077,2022-03-07 03:00:00,5512.3076,5497.2363
5078,2022-03-07 04:00:00,5464.233,5442.683
5079,2022-03-07 05:00:00,5465.375,5446.753
5080,2022-03-07 06:00:00,5628.897,5655.3916
5081,2022-03-07 07:00:00,6015.58,6029.048
5082,2022-03-07 08:00:00,6403.7886,6435.289
5083,2022-03-07 09:00:00,6840.813,6893.348
5084,2022-03-07 10:00:00,7102.0576,7101.945
5085,2022-03-07 11:00:00,7205.4434,7262.248
5086,2022-03-07 12:00:00,7247.7275,7253.4463
5087,2022-03-07 13:00:00,7245.802,7227.3384
5088,2022-03-07 14:00:00,7306.567,7340.4487
5089,2022-03-07 15:00:00,7341.2173,7371.381
5090,2022-03-07 16:00:00,7380.7437,7257.524
5091,2022-03-07 17:00:00,7270.754,7140.4463
5092,2022-03-07 18:00:00,7018.125,7046.4478
5093,2022-03-07 19:00:00,6952.973,6910.8916
5094,2022-03-07 20:00:00,6899.4717,6910.71
5095,2022-03-07 21:00:00,6814.696,6816.676
5096,2022-03-07 22:00:00,6656.108,6621.5713
5097,2022-03-07 23:00:00,6313.904,6304.08
5098,2022-03-08 00:00:00,6041.5464,6113.5215
5099,2022-03-08 01:00:00,5831.7188,5793.303
5100,2022-03-08 02:00:00,5656.392,5627.2
5101,2022-03-08 03:00:00,5525.9067,5530.418
5102,2022-03-08 04:00:00,5466.389,5458.3926
5103,2022-03-08 05:00:00,5469.984,5484.7617
5104,2022-03-08 06:00:00,5696.1567,5654.5347
5105,2022-03-08 07:00:00,6048.0137,6012.065
5106,2022-03-08 08:00:00,6441.4307,6361.752
5107,2022-03-08 09:00:00,6833.5664,6802.4204
5108,2022-03-08 10:00:00,7083.745,7023.555
5109,2022-03-08 11:00:00,7180.8677,7174.8145
5110,2022-03-08 12:00:00,7187.6333,7208.494
5111,2022-03-08 13:00:00,7213.9204,7162.5176
5112,2022-03-08 14:00:00,7273.17,7259.6147
5113,2022-03-08 15:00:00,7319.462,7208.9873
5114,2022-03-08 16:00:00,7256.6807,7221.899
5115,2022-03-08 17:00:00,7191.6943,7254.1616
5116,2022-03-08 18:00:00,7087.533,7159.3926
5117,2022-03-08 19:00:00,6982.2124,7018.726
5118,2022-03-08 20:00:00,6976.4526,6991.402
5119,2022-03-08 21:00:00,6914.355,6901.687
5120,2022-03-08 22:00:00,6669.406,6703.824
5121,2022-03-08 23:00:00,6341.8066,6391.252
5122,2022-03-09 00:00:00,6061.9424,6121.3765
5123,2022-03-09 01:00:00,5839.878,5862.243
5124,2022-03-09 02:00:00,5673.6816,5671.4023
5125,2022-03-09 03:00:00,5549.9214,5563.4854
5126,2022-03-09 04:00:00,5499.4014,5502.6167
5127,2022-03-09 05:00:00,5506.339,5529.6543
5128,2022-03-09 06:00:00,5690.9683,5720.0757
5129,2022-03-09 07:00:00,6049.7754,6080.8926
5130,2022-03-09 08:00:00,6433.6313,6446.2974
5131,2022-03-09 09:00:00,6840.8257,6835.7676
5132,2022-03-09 10:00:00,7076.734,7059.8003
5133,2022-03-09 11:00:00,7185.049,7231.9565
5134,2022-03-09 12:00:00,7214.9,7242.5225
5135,2022-03-09 13:00:00,7231.7056,7223.98
5136,2022-03-09 14:00:00,7296.12,7287.4365
5137,2022-03-09 15:00:00,7285.7573,7359.2505
5138,2022-03-09 16:00:00,7342.2524,7343.7046
5139,2022-03-09 17:00:00,7272.536,7318.5527
5140,2022-03-09 18:00:00,7139.128,7180.181
5141,2022-03-09 19:00:00,6849.647,7039.555
5142,2022-03-09 20:00:00,6991.1187,7014.5225
5143,2022-03-09 21:00:00,6894.075,6947.893
5144,2022-03-09 22:00:00,6685.5894,6724.3276
5145,2022-03-09 23:00:00,6336.162,6409.5444
5146,2022-03-10 00:00:00,6131.187,6142.576
5147,2022-03-10 01:00:00,5854.011,5868.3228
5148,2022-03-10 02:00:00,5683.6226,5707.5864
5149,2022-03-10 03:00:00,5578.252,5608.324
5150,2022-03-10 04:00:00,5538.495,5529.522
5151,2022-03-10 05:00:00,5517.8745,5529.6997
5152,2022-03-10 06:00:00,5718.4775,5719.2817
5153,2022-03-10 07:00:00,6067.589,6059.9185
5154,2022-03-10 08:00:00,6449.906,6421.2046
5155,2022-03-10 09:00:00,6832.6377,6861.9453
5156,2022-03-10 10:00:00,7096.7188,7029.6865
5157,2022-03-10 11:00:00,7188.571,7022.203
5158,2022-03-10 12:00:00,7101.9067,6877.8623
5159,2022-03-10 13:00:00,6920.141,6921.3174
5160,2022-03-10 14:00:00,7017.4546,7122.8276
5161,2022-03-10 15:00:00,7185.2886,7204.024
5162,2022-03-10 16:00:00,7211.3096,7199.5054
5163,2022-03-10 17:00:00,7162.361,7158.0977
5164,2022-03-10 18:00:00,7008.855,7074.5854
5165,2022-03-10 19:00:00,6946.413,6954.903
5166,2022-03-10 20:00:00,6952.9976,6959.664
5167,2022-03-10 21:00:00,6832.678,6851.0923
5168,2022-03-10 22:00:00,6636.439,6701.1772
5169,2022-03-10 23:00:00,6347.966,6391.386
5170,2022-03-11 00:00:00,6090.69,6142.081
5171,2022-03-11 01:00:00,5850.01,5883.9727
5172,2022-03-11 02:00:00,5698.3193,5720.9756
5173,2022-03-11 03:00:00,5590.9863,5598.6343
5174,2022-03-11 04:00:00,5550.3643,5536.918
5175,2022-03-11 05:00:00,5512.989,5542.1235
5176,2022-03-11 06:00:00,5718.6963,5707.5493
5177,2022-03-11 07:00:00,6062.4746,6067.6406
5178,2022-03-11 08:00:00,6447.8857,6417.9233
5179,2022-03-11 09:00:00,6818.292,6848.7783
5180,2022-03-11 10:00:00,7058.3975,7034.508
5181,2022-03-11 11:00:00,7123.4243,7188.888
5182,2022-03-11 12:00:00,7185.3086,7210.906
5183,2022-03-11 13:00:00,7201.1504,7184.813
5184,2022-03-11 14:00:00,7303.431,7314.769
5185,2022-03-11 15:00:00,7346.5664,7377.1455
5186,2022-03-11 16:00:00,7368.7593,7367.5674
5187,2022-03-11 17:00:00,7325.784,7287.6
5188,2022-03-11 18:00:00,7141.1294,7150.8086
5189,2022-03-11 19:00:00,6992.103,7005.476
5190,2022-03-11 20:00:00,6977.3813,6921.855
5191,2022-03-11 21:00:00,6856.0474,6803.052
5192,2022-03-11 22:00:00,6651.837,6633.7334
5193,2022-03-11 23:00:00,6340.781,6377.5547
5194,2022-03-12 00:00:00,6113.915,6031.2373
5195,2022-03-12 01:00:00,5870.54,5884.2476
5196,2022-03-12 02:00:00,5713.1313,5701.9683
5197,2022-03-12 03:00:00,5594.453,5601.677
5198,2022-03-12 04:00:00,5527.437,5526.591
5199,2022-03-12 05:00:00,5505.1846,5497.666
5200,2022-03-12 06:00:00,5598.537,5569.725
5201,2022-03-12 07:00:00,5732.2656,5731.1416
5202,2022-03-12 08:00:00,5953.8394,5912.2456
5203,2022-03-12 09:00:00,6192.7695,6284.4575
5204,2022-03-12 10:00:00,6511.825,6515.0786
5205,2022-03-12 11:00:00,6639.025,6679.147
5206,2022-03-12 12:00:00,6735.351,6720.385
5207,2022-03-12 13:00:00,6727.259,6674.9585
5208,2022-03-12 14:00:00,6698.334,6702.298
5209,2022-03-12 15:00:00,6698.5605,6711.944
5210,2022-03-12 16:00:00,6661.686,6699.317
5211,2022-03-12 17:00:00,6649.416,6676.7344
5212,2022-03-12 18:00:00,6614.122,6611.6396
5213,2022-03-12 19:00:00,6583.9775,6563.411
5214,2022-03-12 20:00:00,6600.0864,6628.553
5215,2022-03-12 21:00:00,6613.37,6588.6304
5216,2022-03-12 22:00:00,6526.791,6465.523
5217,2022-03-12 23:00:00,6258.4287,6268.8237
5218,2022-03-13 00:00:00,6028.445,6155.495
5219,2022-03-13 01:00:00,5863.091,5779.1724
5220,2022-03-13 02:00:00,5626.2944,5611.9673
5221,2022-03-13 03:00:00,5523.252,5493.0415
5222,2022-03-13 04:00:00,5435.572,5428.186
5223,2022-03-13 05:00:00,5399.0693,5403.3535
5224,2022-03-13 06:00:00,5437.947,5447.157
5225,2022-03-13 07:00:00,5559.0186,5583.8877
5226,2022-03-13 08:00:00,5744.676,5659.022
5227,2022-03-13 09:00:00,5964.603,5932.87
5228,2022-03-13 10:00:00,6221.7607,6130.267
5229,2022-03-13 11:00:00,6241.346,6336.2104
5230,2022-03-13 12:00:00,6375.527,6397.013
5231,2022-03-13 13:00:00,6357.366,6412.0884
5232,2022-03-13 14:00:00,6362.8594,6487.143
5233,2022-03-13 15:00:00,6482.965,6525.9614
5234,2022-03-13 16:00:00,6482.6914,6510.729
5235,2022-03-13 17:00:00,6482.228,6517.263
5236,2022-03-13 18:00:00,6473.7476,6511.761
5237,2022-03-13 19:00:00,6533.1987,6587.78
5238,2022-03-13 20:00:00,6654.2627,6722.7354
5239,2022-03-13 21:00:00,6684.929,6733.417
5240,2022-03-13 22:00:00,6600.0107,6666.322
5241,2022-03-13 23:00:00,6349.221,6420.33
5242,2022-03-14 00:00:00,6141.3096,6262.077
5243,2022-03-14 01:00:00,5897.393,5918.3228
5244,2022-03-14 02:00:00,5700.861,5746.7515
5245,2022-03-14 03:00:00,5601.801,5611.267
5246,2022-03-14 04:00:00,5538.3887,5561.79
5247,2022-03-14 05:00:00,5544.9536,5575.334
5248,2022-03-14 06:00:00,5720.199,5681.933
5249,2022-03-14 07:00:00,6074.7485,6035.7725
5250,2022-03-14 08:00:00,6442.105,6497.6475
5251,2022-03-14 09:00:00,6889.069,6995.7124
5252,2022-03-14 10:00:00,7136.9375,7257.606
5253,2022-03-14 11:00:00,7313.779,7381.545
5254,2022-03-14 12:00:00,7360.471,7426.299
5255,2022-03-14 13:00:00,7393.2686,7366.31
5256,2022-03-14 14:00:00,7436.7974,7404.889
5257,2022-03-14 15:00:00,7458.7524,7408.6284
5258,2022-03-14 16:00:00,7433.034,7310.857
5259,2022-03-14 17:00:00,7305.9146,7326.503
5260,2022-03-14 18:00:00,7225.049,7251.754
5261,2022-03-14 19:00:00,7092.916,7086.549
5262,2022-03-14 20:00:00,7069.9067,7098.296
5263,2022-03-14 21:00:00,7052.123,7018.6504
5264,2022-03-14 22:00:00,6759.7827,6822.904
5265,2022-03-14 23:00:00,6441.373,6534.38
5266,2022-03-15 00:00:00,6249.675,5947.057
5267,2022-03-15 01:00:00,5838.5674,5987.895
5268,2022-03-15 02:00:00,5758.154,5822.9585
5269,2022-03-15 03:00:00,5683.4087,5701.32
5270,2022-03-15 04:00:00,5638.142,5637.99
5271,2022-03-15 05:00:00,5619.8,5636.506
5272,2022-03-15 06:00:00,5762.498,5764.961
5273,2022-03-15 07:00:00,6105.551,6093.485
5274,2022-03-15 08:00:00,6520.8994,6495.087
5275,2022-03-15 09:00:00,6964.7305,6960.1226
5276,2022-03-15 10:00:00,7210.4424,7187.929
5277,2022-03-15 11:00:00,7301.467,7340.1807
5278,2022-03-15 12:00:00,7356.8076,7333.371
5279,2022-03-15 13:00:00,7327.319,7156.6646
5280,2022-03-15 14:00:00,7287.4775,7127.417
5281,2022-03-15 15:00:00,7240.0713,7113.7026
5282,2022-03-15 16:00:00,7151.5854,7053.705
5283,2022-03-15 17:00:00,7059.3125,7073.795
5284,2022-03-15 18:00:00,7002.5938,7003.985
5285,2022-03-15 19:00:00,6905.547,6842.481
5286,2022-03-15 20:00:00,6861.355,6834.5737
5287,2022-03-15 21:00:00,6794.3813,6718.9473
5288,2022-03-15 22:00:00,6616.5273,6522.1123
5289,2022-03-15 23:00:00,6324.206,6215.396
5290,2022-03-16 00:00:00,5990.7363,6167.3813
5291,2022-03-16 01:00:00,5867.6494,5697.843
5292,2022-03-16 02:00:00,5629.482,5560.61
5293,2022-03-16 03:00:00,5513.273,5472.0166
5294,2022-03-16 04:00:00,5450.1743,5419.8877
5295,2022-03-16 05:00:00,5433.3174,5434.041
5296,2022-03-16 06:00:00,5685.3765,5588.3564
5297,2022-03-16 07:00:00,6042.8486,5924.0913
5298,2022-03-16 08:00:00,6401.3057,6323.829
5299,2022-03-16 09:00:00,6779.1235,6773.664
5300,2022-03-16 10:00:00,7044.744,6950.8325
5301,2022-03-16 11:00:00,7028.3794,7055.61
5302,2022-03-16 12:00:00,7086.101,7113.792
5303,2022-03-16 13:00:00,7121.985,7118.825
5304,2022-03-16 14:00:00,7169.245,7228.062
5305,2022-03-16 15:00:00,7264.0913,7272.1367
5306,2022-03-16 16:00:00,7277.459,7262.517
5307,2022-03-16 17:00:00,7245.1655,7272.2354
5308,2022-03-16 18:00:00,7137.734,7207.1963
5309,2022-03-16 19:00:00,7007.9424,7051.4556
5310,2022-03-16 20:00:00,6986.7783,7046.291
5311,2022-03-16 21:00:00,6928.636,6930.6963
5312,2022-03-16 22:00:00,6702.049,6739.7954
5313,2022-03-16 23:00:00,6400.4087,6440.637
5314,2022-03-17 00:00:00,6154.033,6144.823
5315,2022-03-17 01:00:00,5882.641,5895.1294
5316,2022-03-17 02:00:00,5719.1807,5720.493
5317,2022-03-17 03:00:00,5594.898,5615.5366
5318,2022-03-17 04:00:00,5550.091,5554.8916
5319,2022-03-17 05:00:00,5565.0967,5554.4873
5320,2022-03-17 06:00:00,5722.9873,5698.085
5321,2022-03-17 07:00:00,6060.345,6023.616
5322,2022-03-17 08:00:00,6450.08,6434.9126
5323,2022-03-17 09:00:00,6855.819,6918.6836
5324,2022-03-17 10:00:00,7089.4077,7165.335
5325,2022-03-17 11:00:00,7258.1436,7337.17
5326,2022-03-17 12:00:00,7350.361,7322.5396
5327,2022-03-17 13:00:00,7255.8726,7231.022
5328,2022-03-17 14:00:00,7319.721,7217.096
5329,2022-03-17 15:00:00,7291.5137,7172.197
5330,2022-03-17 16:00:00,7209.0493,7169.2026
5331,2022-03-17 17:00:00,7185.825,7161.378
5332,2022-03-17 18:00:00,7067.147,7091.8857
5333,2022-03-17 19:00:00,6951.6465,6969.555
5334,2022-03-17 20:00:00,6921.7524,6937.2617
5335,2022-03-17 21:00:00,6884.388,6838.7695
5336,2022-03-17 22:00:00,6665.9263,6676.7656
5337,2022-03-17 23:00:00,6365.7036,6399.0127
5338,2022-03-18 00:00:00,6126.3667,6278.2046
5339,2022-03-18 01:00:00,5922.2993,5892.025
5340,2022-03-18 02:00:00,5728.035,5717.409
5341,2022-03-18 03:00:00,5609.768,5603.6597
5342,2022-03-18 04:00:00,5566.621,5550.54
5343,2022-03-18 05:00:00,5568.7383,5550.119
5344,2022-03-18 06:00:00,5717.341,5703.356
5345,2022-03-18 07:00:00,6043.8457,6032.9707
5346,2022-03-18 08:00:00,6432.7773,6394.362
5347,2022-03-18 09:00:00,6851.8687,6822.7793
5348,2022-03-18 10:00:00,7088.4004,7022.879
5349,2022-03-18 11:00:00,7153.0645,7206.6816
5350,2022-03-18 12:00:00,7261.4146,7235.668
5351,2022-03-18 13:00:00,7199.9243,7237.2153
5352,2022-03-18 14:00:00,7284.4644,7324.051
5353,2022-03-18 15:00:00,7346.159,7363.008
5354,2022-03-18 16:00:00,7377.365,7313.813
5355,2022-03-18 17:00:00,7272.7896,7253.911
5356,2022-03-18 18:00:00,7133.4014,7170.5405
5357,2022-03-18 19:00:00,6994.7886,7016.0024
5358,2022-03-18 20:00:00,6973.9336,6984.1924
5359,2022-03-18 21:00:00,6856.791,6881.013
5360,2022-03-18 22:00:00,6667.93,6757.1074
5361,2022-03-18 23:00:00,6415.7314,6496.8774
5362,2022-03-19 00:00:00,6208.9814,6328.008
5363,2022-03-19 01:00:00,5947.991,6033.576
5364,2022-03-19 02:00:00,5829.456,5849.185
5365,2022-03-19 03:00:00,5699.939,5743.1523
5366,2022-03-19 04:00:00,5613.1787,5666.695
5367,2022-03-19 05:00:00,5633.6445,5643.952
5368,2022-03-19 06:00:00,5644.464,5709.4487
5369,2022-03-19 07:00:00,5824.366,5839.2803
5370,2022-03-19 08:00:00,6079.5454,6003.371
5371,2022-03-19 09:00:00,6340.2383,6356.2183
5372,2022-03-19 10:00:00,6660.1533,6585.0215
5373,2022-03-19 11:00:00,6685.232,6808.7544
5374,2022-03-19 12:00:00,6848.085,6830.5615
5375,2022-03-19 13:00:00,6796.118,6805.777
5376,2022-03-19 14:00:00,6817.884,6791.373
5377,2022-03-19 15:00:00,6820.0854,6830.6924
5378,2022-03-19 16:00:00,6785.0986,6811.8223
5379,2022-03-19 17:00:00,6776.6587,6734.765
5380,2022-03-19 18:00:00,6681.062,6660.887
5381,2022-03-19 19:00:00,6642.629,6653.312
5382,2022-03-19 20:00:00,6654.116,6753.8438
5383,2022-03-19 21:00:00,6731.2114,6790.268
5384,2022-03-19 22:00:00,6621.9204,6751.411
5385,2022-03-19 23:00:00,6468.54,6513.26
5386,2022-03-20 00:00:00,6281.0933,6195.474
5387,2022-03-20 01:00:00,5959.0405,6118.8467
5388,2022-03-20 02:00:00,5830.6714,5944.864
5389,2022-03-20 03:00:00,5787.2876,5809.453
5390,2022-03-20 04:00:00,5729.411,5732.0376
5391,2022-03-20 05:00:00,5667.913,5700.2134
5392,2022-03-20 06:00:00,5690.19,5732.8447
5393,2022-03-20 07:00:00,5783.678,5852.1064
5394,2022-03-20 08:00:00,5974.7764,5882.0464
5395,2022-03-20 09:00:00,6119.1875,6080.031
5396,2022-03-20 10:00:00,6308.581,6242.6816
5397,2022-03-20 11:00:00,6389.799,6342.5967
5398,2022-03-20 12:00:00,6386.2563,6349.929
5399,2022-03-20 13:00:00,6341.2124,6365.125
5400,2022-03-20 14:00:00,6359.226,6478.276
5401,2022-03-20 15:00:00,6501.514,6527.3926
5402,2022-03-20 16:00:00,6521.413,6542.233
5403,2022-03-20 17:00:00,6519.859,6520.4683
5404,2022-03-20 18:00:00,6488.253,6469.2383
5405,2022-03-20 19:00:00,6517.763,6492.2686
5406,2022-03-20 20:00:00,6674.1265,6650.8896
5407,2022-03-20 21:00:00,6726.505,6705.3037
5408,2022-03-20 22:00:00,6675.681,6652.637
5409,2022-03-20 23:00:00,6463.0264,6416.1606
5410,2022-03-21 00:00:00,6203.52,6358.979
5411,2022-03-21 01:00:00,6019.848,5965.406
5412,2022-03-21 02:00:00,5799.3457,5801.3936
5413,2022-03-21 03:00:00,5680.476,5698.962
5414,2022-03-21 04:00:00,5637.6787,5551.699
5415,2022-03-21 05:00:00,5543.1724,5487.2695
5416,2022-03-21 06:00:00,5586.5806,5639.704
5417,2022-03-21 07:00:00,5940.4434,6016.528
5418,2022-03-21 08:00:00,6430.4756,6397.1978
5419,2022-03-21 09:00:00,6847.3184,6864.8447
5420,2022-03-21 10:00:00,7133.072,7096.9526
5421,2022-03-21 11:00:00,7263.2905,7265.8965
5422,2022-03-21 12:00:00,7286.928,7296.7046
5423,2022-03-21 13:00:00,7275.1187,7206.087
5424,2022-03-21 14:00:00,7305.8257,7304.7812
5425,2022-03-21 15:00:00,7355.8296,7322.4126
5426,2022-03-21 16:00:00,7311.321,7347.8364
5427,2022-03-21 17:00:00,7292.136,7338.281
5428,2022-03-21 18:00:00,7219.95,7256.012
5429,2022-03-21 19:00:00,7067.5757,7107.2354
5430,2022-03-21 20:00:00,7063.087,7108.242
5431,2022-03-21 21:00:00,7046.7617,7057.9307
5432,2022-03-21 22:00:00,6805.7217,6929.8604
5433,2022-03-21 23:00:00,6585.187,6634.137
5434,2022-03-22 00:00:00,6329.3823,6316.3623
5435,2022-03-22 01:00:00,6029.381,6067.715
5436,2022-03-22 02:00:00,5871.323,5889.0327
5437,2022-03-22 03:00:00,5768.4004,5787.1597
5438,2022-03-22 04:00:00,5708.8765,5718.919
5439,2022-03-22 05:00:00,5679.1777,5731.596
5440,2022-03-22 06:00:00,5798.8,5919.389
5441,2022-03-22 07:00:00,6184.364,6277.8813
5442,2022-03-22 08:00:00,6587.2656,6670.7017
5443,2022-03-22 09:00:00,7014.8027,7154.501
5444,2022-03-22 10:00:00,7276.545,7393.477
5445,2022-03-22 11:00:00,7427.672,7523.1816
5446,2022-03-22 12:00:00,7492.4707,7546.3354
5447,2022-03-22 13:00:00,7458.0894,7448.823
5448,2022-03-22 14:00:00,7475.7993,7345.059
5449,2022-03-22 15:00:00,7368.534,7355.4966
5450,2022-03-22 16:00:00,7333.2695,7339.9355
5451,2022-03-22 17:00:00,7322.96,7318.8755
5452,2022-03-22 18:00:00,7264.4507,7264.2964
5453,2022-03-22 19:00:00,7074.1733,7121.1157
5454,2022-03-22 20:00:00,7057.905,7170.9272
5455,2022-03-22 21:00:00,7055.6367,7083.7114
5456,2022-03-22 22:00:00,6836.7114,6928.8257
5457,2022-03-22 23:00:00,6582.6465,6598.7983
5458,2022-03-23 00:00:00,6330.733,6295.952
5459,2022-03-23 01:00:00,6008.2285,6039.8203
5460,2022-03-23 02:00:00,5854.615,5865.2803
5461,2022-03-23 03:00:00,5750.5405,5743.7817
5462,2022-03-23 04:00:00,5705.098,5676.8467
5463,2022-03-23 05:00:00,5675.784,5659.292
5464,2022-03-23 06:00:00,5817.8687,5838.8364
5465,2022-03-23 07:00:00,6182.564,6193.514
5466,2022-03-23 08:00:00,6585.938,6553.438
5467,2022-03-23 09:00:00,6969.875,7016.509
5468,2022-03-23 10:00:00,7225.9077,7252.473
5469,2022-03-23 11:00:00,7364.958,7402.4546
5470,2022-03-23 12:00:00,7384.716,7450.393
5471,2022-03-23 13:00:00,7330.866,7416.7393
5472,2022-03-23 14:00:00,7421.325,7470.2285
5473,2022-03-23 15:00:00,7494.4277,7385.3237
5474,2022-03-23 16:00:00,7404.3354,7232.3853
5475,2022-03-23 17:00:00,7254.8877,7269.6514
5476,2022-03-23 18:00:00,7181.369,7221.5312
5477,2022-03-23 19:00:00,7050.4146,7080.008
5478,2022-03-23 20:00:00,7061.569,7102.087
5479,2022-03-23 21:00:00,7028.352,6959.1655
5480,2022-03-23 22:00:00,6794.8906,6849.5566
5481,2022-03-23 23:00:00,6568.158,6557.3306
5482,2022-03-24 00:00:00,6306.587,6274.2583
5483,2022-03-24 01:00:00,6022.7515,6013.8237
5484,2022-03-24 02:00:00,5833.7095,5836.196
5485,2022-03-24 03:00:00,5700.9844,5722.6
5486,2022-03-24 04:00:00,5653.7456,5669.384
5487,2022-03-24 05:00:00,5668.898,5651.936
5488,2022-03-24 06:00:00,5865.1255,5831.092
5489,2022-03-24 07:00:00,6144.2124,6225.9214
5490,2022-03-24 08:00:00,6610.2305,6502.5254
5491,2022-03-24 09:00:00,6949.748,6967.0933
5492,2022-03-24 10:00:00,7186.647,7247.176
5493,2022-03-24 11:00:00,7370.3687,7455.0034
5494,2022-03-24 12:00:00,7452.935,7450.434
5495,2022-03-24 13:00:00,7370.1543,7409.4146
5496,2022-03-24 14:00:00,7436.098,7489.457
5497,2022-03-24 15:00:00,7485.5874,7567.772
5498,2022-03-24 16:00:00,7527.3184,7578.837
5499,2022-03-24 17:00:00,7563.562,7518.8647
5500,2022-03-24 18:00:00,7382.092,7370.939
5501,2022-03-24 19:00:00,7204.5493,7119.509
5502,2022-03-24 20:00:00,7145.273,7052.589
5503,2022-03-24 21:00:00,6998.1914,6955.193
5504,2022-03-24 22:00:00,6806.5024,6806.781
5505,2022-03-24 23:00:00,6556.0073,6524.2905
5506,2022-03-25 00:00:00,6281.094,6315.523
5507,2022-03-25 01:00:00,6047.0483,6014.474
5508,2022-03-25 02:00:00,5849.985,5859.425
5509,2022-03-25 03:00:00,5759.944,5725.698
5510,2022-03-25 04:00:00,5677.6406,5676.063
5511,2022-03-25 05:00:00,5674.127,5686.546
5512,2022-03-25 06:00:00,5840.1445,5863.4946
5513,2022-03-25 07:00:00,6221.851,6199.1367
5514,2022-03-25 08:00:00,6557.9814,6540.238
5515,2022-03-25 09:00:00,6957.0083,7032.9116
5516,2022-03-25 10:00:00,7248.811,7272.681
5517,2022-03-25 11:00:00,7423.797,7459.151
5518,2022-03-25 12:00:00,7461.052,7484.6206
5519,2022-03-25 13:00:00,7435.435,7408.035
5520,2022-03-25 14:00:00,7520.987,7538.9785
5521,2022-03-25 15:00:00,7575.351,7464.83
5522,2022-03-25 16:00:00,7486.57,7491.1753
5523,2022-03-25 17:00:00,7446.36,7424.5415
5524,2022-03-25 18:00:00,7309.214,7194.575
5525,2022-03-25 19:00:00,7055.608,7028.159
5526,2022-03-25 20:00:00,7024.5586,6996.6235
5527,2022-03-25 21:00:00,6937.8286,6894.527
5528,2022-03-25 22:00:00,6751.904,6754.1343
5529,2022-03-25 23:00:00,6496.5825,6501.805
5530,2022-03-26 00:00:00,6293.9956,6136.9893
5531,2022-03-26 01:00:00,5970.7344,6068.6934
5532,2022-03-26 02:00:00,5865.692,5877.797
5533,2022-03-26 03:00:00,5771.119,5764.008
5534,2022-03-26 04:00:00,5716.42,5662.496
5535,2022-03-26 05:00:00,5673.1006,5647.7827
5536,2022-03-26 06:00:00,5724.5312,5722.4077
5537,2022-03-26 07:00:00,5872.3086,5874.595
5538,2022-03-26 08:00:00,6079.4907,6081.73
5539,2022-03-26 09:00:00,6366.9395,6488.609
5540,2022-03-26 10:00:00,6740.484,6707.186
5541,2022-03-26 11:00:00,6811.26,6865.962
5542,2022-03-26 12:00:00,6900.7993,6901.6685
5543,2022-03-26 13:00:00,6853.9673,6824.3643
5544,2022-03-26 14:00:00,6852.429,6867.738
5545,2022-03-26 15:00:00,6890.9375,6867.263
5546,2022-03-26 16:00:00,6878.8687,6861.859
5547,2022-03-26 17:00:00,6788.3955,6807.863
5548,2022-03-26 18:00:00,6732.924,6714.9634
5549,2022-03-26 19:00:00,6672.4575,6665.9424
5550,2022-03-26 20:00:00,6731.197,6682.8433
5551,2022-03-26 21:00:00,6748.219,6633.832
5552,2022-03-26 22:00:00,6612.4937,6553.505
5553,2022-03-26 23:00:00,6366.536,6334.3574
5554,2022-03-27 00:00:00,6124.5063,6210.844
5555,2022-03-27 01:00:00,5964.302,5902.999
5556,2022-03-27 02:00:00,5732.419,5726.4507
5557,2022-03-27 03:00:00,5666.424,5588.188
5558,2022-03-27 04:00:00,5540.081,5504.004
5559,2022-03-27 05:00:00,5469.0,5465.0015
5560,2022-03-27 06:00:00,5471.973,5519.97
5561,2022-03-27 07:00:00,5631.3867,5680.33
5562,2022-03-27 08:00:00,5777.0474,5772.7725
5563,2022-03-27 09:00:00,6036.0044,6068.3916
5564,2022-03-27 10:00:00,6299.6426,6308.5864
5565,2022-03-27 11:00:00,6411.25,6388.8735
5566,2022-03-27 12:00:00,6415.7476,6483.7725
5567,2022-03-27 13:00:00,6490.348,6499.086
5568,2022-03-27 14:00:00,6530.645,6586.3076
5569,2022-03-27 15:00:00,6614.5684,6611.165
5570,2022-03-27 16:00:00,6601.2056,6594.99
5571,2022-03-27 17:00:00,6583.7725,6619.216
5572,2022-03-27 18:00:00,6581.6914,6611.9854
5573,2022-03-27 19:00:00,6646.7227,6657.2446
5574,2022-03-27 20:00:00,6736.9937,6711.025
5575,2022-03-27 21:00:00,6745.9683,6752.268
5576,2022-03-27 22:00:00,6683.7637,6715.6206
5577,2022-03-27 23:00:00,6479.122,6470.7456
5578,2022-03-28 00:00:00,6270.574,6130.643
5579,2022-03-28 01:00:00,5974.734,5952.9873
5580,2022-03-28 02:00:00,5759.5195,5782.8574
5581,2022-03-28 03:00:00,5676.7188,5662.9663
5582,2022-03-28 04:00:00,5580.1313,5614.922
5583,2022-03-28 05:00:00,5579.9136,5604.48
5584,2022-03-28 06:00:00,5716.957,5784.2017
5585,2022-03-28 07:00:00,6147.63,6144.4062
5586,2022-03-28 08:00:00,6532.015,6536.5586
5587,2022-03-28 09:00:00,6973.119,7094.714
5588,2022-03-28 10:00:00,7307.5723,7331.801
5589,2022-03-28 11:00:00,7452.123,7458.8613
5590,2022-03-28 12:00:00,7485.2407,7468.52
5591,2022-03-28 13:00:00,7427.4507,7468.7554
5592,2022-03-28 14:00:00,7512.5254,7594.77
5593,2022-03-28 15:00:00,7595.109,7540.142
5594,2022-03-28 16:00:00,7533.2295,7379.3525
5595,2022-03-28 17:00:00,7372.5186,7297.175
5596,2022-03-28 18:00:00,7173.0854,7174.53
5597,2022-03-28 19:00:00,7045.9375,7018.149
5598,2022-03-28 20:00:00,7013.2407,6945.1543
5599,2022-03-28 21:00:00,6925.179,6861.0728
5600,2022-03-28 22:00:00,6754.89,6702.587
5601,2022-03-28 23:00:00,6477.507,6399.245
5602,2022-03-29 00:00:00,6138.166,6184.788
5603,2022-03-29 01:00:00,5973.044,5896.385
5604,2022-03-29 02:00:00,5769.831,5755.4644
5605,2022-03-29 03:00:00,5668.3496,5655.7803
5606,2022-03-29 04:00:00,5607.2676,5605.9473
5607,2022-03-29 05:00:00,5627.601,5591.212
5608,2022-03-29 06:00:00,5843.9517,5765.5674
5609,2022-03-29 07:00:00,6145.5684,6136.093
5610,2022-03-29 08:00:00,6571.8936,6497.7285
5611,2022-03-29 09:00:00,7018.9673,6983.021
5612,2022-03-29 10:00:00,7282.5454,7221.777
5613,2022-03-29 11:00:00,7435.073,7379.1685
5614,2022-03-29 12:00:00,7425.273,7410.9165
5615,2022-03-29 13:00:00,7364.346,7380.3833
5616,2022-03-29 14:00:00,7443.4087,7490.5347
5617,2022-03-29 15:00:00,7482.07,7522.691
5618,2022-03-29 16:00:00,7496.9727,7500.542
5619,2022-03-29 17:00:00,7430.772,7298.8857
5620,2022-03-29 18:00:00,7176.0806,7101.5806
5621,2022-03-29 19:00:00,7021.422,6929.828
5622,2022-03-29 20:00:00,6945.4277,6937.238
5623,2022-03-29 21:00:00,6842.4663,6858.023
5624,2022-03-29 22:00:00,6716.8613,6709.3477
5625,2022-03-29 23:00:00,6421.139,6439.425
5626,2022-03-30 00:00:00,6192.864,6324.7363
5627,2022-03-30 01:00:00,5969.7505,5920.579
5628,2022-03-30 02:00:00,5757.5327,5745.06
5629,2022-03-30 03:00:00,5660.5454,5642.3164
5630,2022-03-30 04:00:00,5619.3594,5563.1816
5631,2022-03-30 05:00:00,5573.801,5577.084
5632,2022-03-30 06:00:00,5778.697,5746.8413
5633,2022-03-30 07:00:00,6125.9487,6109.5146
5634,2022-03-30 08:00:00,6506.8955,6478.777
5635,2022-03-30 09:00:00,6951.8794,6949.4893
5636,2022-03-30 10:00:00,7241.314,7166.1855
5637,2022-03-30 11:00:00,7312.177,7329.6904
5638,2022-03-30 12:00:00,7368.822,7327.515
5639,2022-03-30 13:00:00,7324.3374,7322.408
5640,2022-03-30 14:00:00,7401.2773,7425.728
5641,2022-03-30 15:00:00,7439.6465,7454.381
5642,2022-03-30 16:00:00,7440.7676,7446.6167
5643,2022-03-30 17:00:00,7365.543,7447.6636
5644,2022-03-30 18:00:00,7252.386,7305.7627
5645,2022-03-30 19:00:00,7093.667,7159.818
5646,2022-03-30 20:00:00,7086.2983,7141.442
5647,2022-03-30 21:00:00,7032.6816,7057.912
5648,2022-03-30 22:00:00,6782.6562,6912.208
5649,2022-03-30 23:00:00,6518.301,6610.5376
5650,2022-03-31 00:00:00,6291.7812,6230.4395
5651,2022-03-31 01:00:00,5988.7437,6070.9243
5652,2022-03-31 02:00:00,5857.2437,5901.027
5653,2022-03-31 03:00:00,5749.324,5796.978
5654,2022-03-31 04:00:00,5703.9756,5737.0884
5655,2022-03-31 05:00:00,5740.207,5723.153
5656,2022-03-31 06:00:00,5852.315,5899.3994
5657,2022-03-31 07:00:00,6201.562,6237.036
5658,2022-03-31 08:00:00,6590.7686,6548.3564
5659,2022-03-31 09:00:00,7006.088,7004.0083
5660,2022-03-31 10:00:00,7251.791,7215.6226
5661,2022-03-31 11:00:00,7391.8965,7388.4727
5662,2022-03-31 12:00:00,7407.3506,7402.133
5663,2022-03-31 13:00:00,7384.567,7313.931
5664,2022-03-31 14:00:00,7458.225,7242.2837
5665,2022-03-31 15:00:00,7345.6514,7185.8584
5666,2022-03-31 16:00:00,7183.025,7175.999
5667,2022-03-31 17:00:00,7158.16,7259.508
5668,2022-03-31 18:00:00,7174.4146,7214.1704
5669,2022-03-31 19:00:00,7067.9136,7039.6597
5670,2022-03-31 20:00:00,6997.652,7014.1724
5671,2022-03-31 21:00:00,6981.0825,6950.91
5672,2022-03-31 22:00:00,6781.311,6775.3887
5673,2022-03-31 23:00:00,6503.2812,6524.5137
5674,2022-04-01 00:00:00,6245.392,6304.5146
5675,2022-04-01 01:00:00,6031.98,5963.144
5676,2022-04-01 02:00:00,5793.6265,5794.481
5677,2022-04-01 03:00:00,5688.0264,5687.2773
5678,2022-04-01 04:00:00,5627.234,5620.1714
5679,2022-04-01 05:00:00,5612.0127,5604.9985
5680,2022-04-01 06:00:00,5802.065,5776.5063
5681,2022-04-01 07:00:00,6126.05,6111.7056
5682,2022-04-01 08:00:00,6472.2227,6450.759
5683,2022-04-01 09:00:00,6883.8823,6943.521
5684,2022-04-01 10:00:00,7187.726,7214.8467
5685,2022-04-01 11:00:00,7379.3154,7341.7715
5686,2022-04-01 12:00:00,7383.149,7345.0244
5687,2022-04-01 13:00:00,7323.139,7301.348
5688,2022-04-01 14:00:00,7393.881,7390.724
5689,2022-04-01 15:00:00,7386.5063,7449.7026
5690,2022-04-01 16:00:00,7464.699,7434.9434
5691,2022-04-01 17:00:00,7359.004,7406.4814
5692,2022-04-01 18:00:00,7250.8086,7267.7056
5693,2022-04-01 19:00:00,7083.56,7072.8413
5694,2022-04-01 20:00:00,7036.0776,7005.24
5695,2022-04-01 21:00:00,6939.2495,6893.9556
5696,2022-04-01 22:00:00,6755.99,6764.409
5697,2022-04-01 23:00:00,6473.9536,6520.281
5698,2022-04-02 00:00:00,6244.4395,6196.127
5699,2022-04-02 01:00:00,5992.8037,6063.5425
5700,2022-04-02 02:00:00,5864.015,5886.491
5701,2022-04-02 03:00:00,5743.4263,5781.6997
5702,2022-04-02 04:00:00,5695.155,5701.5415
5703,2022-04-02 05:00:00,5695.01,5682.671
5704,2022-04-02 06:00:00,5720.991,5749.9946
5705,2022-04-02 07:00:00,5882.8857,5899.1987
5706,2022-04-02 08:00:00,6131.437,6072.468
5707,2022-04-02 09:00:00,6393.88,6467.3413
5708,2022-04-02 10:00:00,6774.19,6709.327
5709,2022-04-02 11:00:00,6848.3374,6854.225
5710,2022-04-02 12:00:00,6904.756,6784.8438
5711,2022-04-02 13:00:00,6760.1226,6707.9253
5712,2022-04-02 14:00:00,6706.247,6741.2104
5713,2022-04-02 15:00:00,6758.176,6776.761
5714,2022-04-02 16:00:00,6768.944,6749.787
5715,2022-04-02 17:00:00,6707.0425,6649.997
5716,2022-04-02 18:00:00,6602.2627,6553.006
5717,2022-04-02 19:00:00,6553.1963,6530.709
5718,2022-04-02 20:00:00,6644.4404,6624.112
5719,2022-04-02 21:00:00,6686.161,6637.787
5720,2022-04-02 22:00:00,6600.822,6579.8037
5721,2022-04-02 23:00:00,6392.9575,6386.74
5722,2022-04-03 00:00:00,6196.2954,5986.6787
5723,2022-04-03 01:00:00,5839.0986,5957.838
5724,2022-04-03 02:00:00,5755.5195,5771.3447
5725,2022-04-03 03:00:00,5672.7324,5646.971
5726,2022-04-03 04:00:00,5571.0938,5576.4434
5727,2022-04-03 05:00:00,5550.5874,5554.09
5728,2022-04-03 06:00:00,5537.8174,5589.4487
5729,2022-04-03 07:00:00,5651.283,5708.66
5730,2022-04-03 08:00:00,5814.7437,5763.6177
5731,2022-04-03 09:00:00,6058.241,5994.325
5732,2022-04-03 10:00:00,6297.533,6188.057
5733,2022-04-03 11:00:00,6326.98,6307.6333
5734,2022-04-03 12:00:00,6350.156,6348.43
5735,2022-04-03 13:00:00,6359.591,6276.091
5736,2022-04-03 14:00:00,6332.8564,6352.2363
5737,2022-04-03 15:00:00,6391.8345,6342.907
5738,2022-04-03 16:00:00,6360.5425,6303.0015
5739,2022-04-03 17:00:00,6285.207,6282.4272
5740,2022-04-03 18:00:00,6225.186,6299.6265
5741,2022-04-03 19:00:00,6348.2964,6407.0146
5742,2022-04-03 20:00:00,6538.1646,6537.1206
5743,2022-04-03 21:00:00,6615.009,6576.865
5744,2022-04-03 22:00:00,6575.8413,6481.413
5745,2022-04-03 23:00:00,6345.1406,6263.3076
5746,2022-04-04 00:00:00,6025.8467,6205.678
5747,2022-04-04 01:00:00,5904.4395,5718.2524
5748,2022-04-04 02:00:00,5639.225,5544.47
5749,2022-04-04 03:00:00,5472.5273,5420.797
5750,2022-04-04 04:00:00,5398.4604,5377.29
5751,2022-04-04 05:00:00,5380.4287,5416.2144
5752,2022-04-04 06:00:00,5670.1167,5602.271
5753,2022-04-04 07:00:00,6041.2417,5970.8423
5754,2022-04-04 08:00:00,6400.814,6338.099
5755,2022-04-04 09:00:00,6844.4727,6808.4478
5756,2022-04-04 10:00:00,7134.6743,7034.0728
5757,2022-04-04 11:00:00,7151.8364,7203.042
5758,2022-04-04 12:00:00,7235.082,7226.9307
5759,2022-04-04 13:00:00,7202.5713,7214.171
5760,2022-04-04 14:00:00,7299.4985,7339.604
5761,2022-04-04 15:00:00,7364.763,7387.453
5762,2022-04-04 16:00:00,7367.7227,7373.4556
5763,2022-04-04 17:00:00,7327.2163,7382.3857
5764,2022-04-04 18:00:00,7221.0215,7257.7427
5765,2022-04-04 19:00:00,7095.1836,7114.9404
5766,2022-04-04 20:00:00,7082.5693,7053.4326
5767,2022-04-04 21:00:00,6977.1807,6970.693
5768,2022-04-04 22:00:00,6839.475,6780.671
5769,2022-04-04 23:00:00,6473.405,6494.877
5770,2022-04-05 00:00:00,6220.6445,6223.6016
5771,2022-04-05 01:00:00,5923.4033,5950.797
5772,2022-04-05 02:00:00,5776.554,5785.0806
5773,2022-04-05 03:00:00,5672.98,5691.093
5774,2022-04-05 04:00:00,5635.03,5638.1523
5775,2022-04-05 05:00:00,5622.484,5662.736
5776,2022-04-05 06:00:00,5829.277,5825.894
5777,2022-04-05 07:00:00,6165.793,6151.164
5778,2022-04-05 08:00:00,6531.16,6529.877
5779,2022-04-05 09:00:00,6999.813,7006.4067
5780,2022-04-05 10:00:00,7230.721,7241.197
5781,2022-04-05 11:00:00,7371.2974,7351.096
5782,2022-04-05 12:00:00,7361.45,7330.882
5783,2022-04-05 13:00:00,7307.881,7228.1304
5784,2022-04-05 14:00:00,7345.0493,7301.6562
5785,2022-04-05 15:00:00,7371.5317,7313.664
5786,2022-04-05 16:00:00,7331.3105,7352.574
5787,2022-04-05 17:00:00,7337.5176,7351.8726
5788,2022-04-05 18:00:00,7200.4844,7239.6865
5789,2022-04-05 19:00:00,7068.9756,7108.2646
5790,2022-04-05 20:00:00,7028.473,7083.7544
5791,2022-04-05 21:00:00,7004.8145,6986.605
5792,2022-04-05 22:00:00,6784.169,6814.957
5793,2022-04-05 23:00:00,6479.4033,6519.1343
5794,2022-04-06 00:00:00,6230.076,6155.916
5795,2022-04-06 01:00:00,5948.986,5955.421
5796,2022-04-06 02:00:00,5780.8496,5811.1187
5797,2022-04-06 03:00:00,5698.8794,5693.8984
5798,2022-04-06 04:00:00,5635.8096,5648.405
5799,2022-04-06 05:00:00,5636.225,5666.7886
5800,2022-04-06 06:00:00,5840.795,5822.475
5801,2022-04-06 07:00:00,6160.7925,6140.655
5802,2022-04-06 08:00:00,6529.4673,6489.1177
5803,2022-04-06 09:00:00,6971.076,6967.8926
5804,2022-04-06 10:00:00,7235.9,7185.8135
5805,2022-04-06 11:00:00,7313.5225,7348.3984
5806,2022-04-06 12:00:00,7354.203,7358.7075
5807,2022-04-06 13:00:00,7312.6675,7273.9795
5808,2022-04-06 14:00:00,7355.7173,7439.058
5809,2022-04-06 15:00:00,7458.649,7472.817
5810,2022-04-06 16:00:00,7468.352,7443.941
5811,2022-04-06 17:00:00,7379.109,7423.099
5812,2022-04-06 18:00:00,7266.0923,7239.9473
5813,2022-04-06 19:00:00,7074.52,7036.6636
5814,2022-04-06 20:00:00,7057.5776,6948.3057
5815,2022-04-06 21:00:00,6919.612,6896.0234
5816,2022-04-06 22:00:00,6759.334,6711.6206
5817,2022-04-06 23:00:00,6466.7046,6404.032
5818,2022-04-07 00:00:00,6171.592,6133.941
5819,2022-04-07 01:00:00,5923.9414,5892.5244
5820,2022-04-07 02:00:00,5742.5864,5727.5654
5821,2022-04-07 03:00:00,5646.5405,5613.5757
5822,2022-04-07 04:00:00,5556.4307,5542.122
5823,2022-04-07 05:00:00,5551.0566,5573.85
5824,2022-04-07 06:00:00,5764.991,5749.308
5825,2022-04-07 07:00:00,6095.885,6092.661
5826,2022-04-07 08:00:00,6487.4863,6450.889
5827,2022-04-07 09:00:00,6917.8877,6877.665
5828,2022-04-07 10:00:00,7148.6006,6988.44
5829,2022-04-07 11:00:00,7196.571,7097.038
5830,2022-04-07 12:00:00,7118.3076,7084.1475
5831,2022-04-07 13:00:00,7124.917,7011.801
5832,2022-04-07 14:00:00,7105.8164,7056.896
5833,2022-04-07 15:00:00,7081.181,7034.6494
5834,2022-04-07 16:00:00,7050.0073,7029.84
5835,2022-04-07 17:00:00,7019.3936,7053.3364
5836,2022-04-07 18:00:00,6957.8857,7008.7363
5837,2022-04-07 19:00:00,6891.433,6939.8296
5838,2022-04-07 20:00:00,6907.0312,6896.634
5839,2022-04-07 21:00:00,6850.1787,6836.799
5840,2022-04-07 22:00:00,6694.0073,6702.183
5841,2022-04-07 23:00:00,6422.331,6392.8213
5842,2022-04-08 00:00:00,6143.985,6151.2373
5843,2022-04-08 01:00:00,5935.2695,5867.0283
5844,2022-04-08 02:00:00,5731.0273,5681.1006
5845,2022-04-08 03:00:00,5592.7563,5575.453
5846,2022-04-08 04:00:00,5541.3164,5531.4355
5847,2022-04-08 05:00:00,5534.1875,5559.584
5848,2022-04-08 06:00:00,5715.4243,5735.744
5849,2022-04-08 07:00:00,6073.1934,6080.9043
5850,2022-04-08 08:00:00,6430.031,6408.887
5851,2022-04-08 09:00:00,6837.253,6857.048
5852,2022-04-08 10:00:00,7073.56,7048.7324
5853,2022-04-08 11:00:00,7112.947,7215.126
5854,2022-04-08 12:00:00,7226.1636,7251.1304
5855,2022-04-08 13:00:00,7212.9526,7246.456
5856,2022-04-08 14:00:00,7317.3486,7306.6567
5857,2022-04-08 15:00:00,7327.5864,7360.99
5858,2022-04-08 16:00:00,7394.65,7381.6147
5859,2022-04-08 17:00:00,7363.031,7334.1934
5860,2022-04-08 18:00:00,7172.984,7183.996
5861,2022-04-08 19:00:00,7029.947,7028.5527
5862,2022-04-08 20:00:00,6995.7856,6964.4585
5863,2022-04-08 21:00:00,6895.3037,6774.2407
5864,2022-04-08 22:00:00,6654.4893,6642.499
5865,2022-04-08 23:00:00,6385.8223,6382.304
5866,2022-04-09 00:00:00,6125.885,6033.135
5867,2022-04-09 01:00:00,5868.949,5905.795
5868,2022-04-09 02:00:00,5747.5425,5740.8916
5869,2022-04-09 03:00:00,5642.958,5609.5894
5870,2022-04-09 04:00:00,5542.833,5521.607
5871,2022-04-09 05:00:00,5521.647,5532.9077
5872,2022-04-09 06:00:00,5589.69,5609.3115
5873,2022-04-09 07:00:00,5796.552,5668.4575
5874,2022-04-09 08:00:00,5874.4756,5875.135
5875,2022-04-09 09:00:00,6204.5127,6211.032
5876,2022-04-09 10:00:00,6431.817,6453.5073
5877,2022-04-09 11:00:00,6528.208,6587.6562
5878,2022-04-09 12:00:00,6592.871,6575.4155
5879,2022-04-09 13:00:00,6540.759,6508.185
5880,2022-04-09 14:00:00,6530.89,6489.472
5881,2022-04-09 15:00:00,6520.8486,6471.3374
5882,2022-04-09 16:00:00,6438.2856,6451.151
5883,2022-04-09 17:00:00,6407.838,6470.7764
5884,2022-04-09 18:00:00,6407.575,6453.1904
5885,2022-04-09 19:00:00,6447.297,6505.1816
5886,2022-04-09 20:00:00,6551.6973,6566.098
5887,2022-04-09 21:00:00,6574.294,6544.227
5888,2022-04-09 22:00:00,6501.5596,6440.4526
5889,2022-04-09 23:00:00,6279.419,6219.861
5890,2022-04-10 00:00:00,5998.6123,5960.1416
5891,2022-04-10 01:00:00,5814.706,5806.4575
5892,2022-04-10 02:00:00,5664.4404,5651.195
5893,2022-04-10 03:00:00,5535.287,5523.915
5894,2022-04-10 04:00:00,5479.576,5459.8975
5895,2022-04-10 05:00:00,5451.513,5450.6133
5896,2022-04-10 06:00:00,5440.689,5503.867
5897,2022-04-10 07:00:00,5593.7827,5623.04
5898,2022-04-10 08:00:00,5691.679,5705.62
5899,2022-04-10 09:00:00,5983.192,5975.7266
5900,2022-04-10 10:00:00,6213.345,6205.96
5901,2022-04-10 11:00:00,6296.8774,6372.47
5902,2022-04-10 12:00:00,6407.886,6392.628
5903,2022-04-10 13:00:00,6360.1655,6387.4536
5904,2022-04-10 14:00:00,6406.1387,6415.073
5905,2022-04-10 15:00:00,6453.561,6398.5596
5906,2022-04-10 16:00:00,6371.486,6329.1553
5907,2022-04-10 17:00:00,6329.084,6295.905
5908,2022-04-10 18:00:00,6286.2373,6296.4683
5909,2022-04-10 19:00:00,6351.7,6376.3423
5910,2022-04-10 20:00:00,6525.745,6465.449
5911,2022-04-10 21:00:00,6515.3975,6483.213
5912,2022-04-10 22:00:00,6414.69,6440.6475
5913,2022-04-10 23:00:00,6232.4556,6191.938
5914,2022-04-11 00:00:00,5992.4985,6066.689
5915,2022-04-11 01:00:00,5790.31,5742.127
5916,2022-04-11 02:00:00,5636.197,5585.226
5917,2022-04-11 03:00:00,5498.7905,5487.3496
5918,2022-04-11 04:00:00,5443.3667,5447.6987
5919,2022-04-11 05:00:00,5475.49,5480.737
5920,2022-04-11 06:00:00,5669.7256,5664.9956
5921,2022-04-11 07:00:00,6044.103,6069.898
5922,2022-04-11 08:00:00,6459.294,6457.754
5923,2022-04-11 09:00:00,6889.2217,6960.921
5924,2022-04-11 10:00:00,7143.1445,7203.1675
5925,2022-04-11 11:00:00,7263.241,7337.9814
5926,2022-04-11 12:00:00,7343.1436,7197.9067
5927,2022-04-11 13:00:00,7213.189,7055.593
5928,2022-04-11 14:00:00,7208.8706,7078.043
5929,2022-04-11 15:00:00,7115.7886,7115.7705
5930,2022-04-11 16:00:00,7129.18,7158.208
5931,2022-04-11 17:00:00,7147.154,7170.598
5932,2022-04-11 18:00:00,7059.7485,7087.311
5933,2022-04-11 19:00:00,6975.0425,6984.0396
5934,2022-04-11 20:00:00,6947.034,6939.3857
5935,2022-04-11 21:00:00,6864.9937,6851.4873
5936,2022-04-11 22:00:00,6693.504,6674.483
5937,2022-04-11 23:00:00,6383.9663,6345.7666
5938,2022-04-12 00:00:00,6086.9,6263.7007
5939,2022-04-12 01:00:00,5904.2124,5815.1626
5940,2022-04-12 02:00:00,5676.2144,5658.981
5941,2022-04-12 03:00:00,5574.1123,5561.0435
5942,2022-04-12 04:00:00,5526.905,5512.4062
5943,2022-04-12 05:00:00,5522.8354,5545.4023
5944,2022-04-12 06:00:00,5760.1064,5729.7534
5945,2022-04-12 07:00:00,6111.806,6093.05
5946,2022-04-12 08:00:00,6488.97,6413.286
5947,2022-04-12 09:00:00,6917.168,6885.9033
5948,2022-04-12 10:00:00,7176.3037,7082.854
5949,2022-04-12 11:00:00,7240.7285,7302.2534
5950,2022-04-12 12:00:00,7275.1895,7302.4736
5951,2022-04-12 13:00:00,7234.9463,7220.2744
5952,2022-04-12 14:00:00,7277.06,7365.703
5953,2022-04-12 15:00:00,7380.6094,7409.923
5954,2022-04-12 16:00:00,7409.053,7360.7188
5955,2022-04-12 17:00:00,7331.74,7316.0874
5956,2022-04-12 18:00:00,7150.858,7189.871
5957,2022-04-12 19:00:00,7031.6924,7079.921
5958,2022-04-12 20:00:00,7008.654,7091.211
5959,2022-04-12 21:00:00,6997.132,7014.8237
5960,2022-04-12 22:00:00,6779.996,6855.7505
5961,2022-04-12 23:00:00,6438.8564,6564.3394
5962,2022-04-13 00:00:00,6237.5215,6275.431
5963,2022-04-13 01:00:00,5974.3286,6003.475
5964,2022-04-13 02:00:00,5813.589,5822.5054
5965,2022-04-13 03:00:00,5694.023,5724.863
5966,2022-04-13 04:00:00,5649.447,5673.087
5967,2022-04-13 05:00:00,5658.425,5698.421
5968,2022-04-13 06:00:00,5849.6655,5862.0815
5969,2022-04-13 07:00:00,6200.3564,6222.408
5970,2022-04-13 08:00:00,6523.4355,6561.0396
5971,2022-04-13 09:00:00,6972.774,6961.543
5972,2022-04-13 10:00:00,7205.635,7133.7607
5973,2022-04-13 11:00:00,7310.9395,7282.5776
5974,2022-04-13 12:00:00,7281.692,7312.1055
5975,2022-04-13 13:00:00,7237.2705,7295.714
5976,2022-04-13 14:00:00,7401.127,7334.621
5977,2022-04-13 15:00:00,7384.26,7310.418
5978,2022-04-13 16:00:00,7320.4263,7309.4233
5979,2022-04-13 17:00:00,7279.314,7308.305
5980,2022-04-13 18:00:00,7174.7114,7223.81
5981,2022-04-13 19:00:00,7040.105,7136.213
5982,2022-04-13 20:00:00,7094.322,7110.062
5983,2022-04-13 21:00:00,7043.6377,7010.239
5984,2022-04-13 22:00:00,6815.565,6861.8765
5985,2022-04-13 23:00:00,6501.1816,6559.2227
5986,2022-04-14 00:00:00,6251.3325,6471.493
5987,2022-04-14 01:00:00,6070.37,6022.779
5988,2022-04-14 02:00:00,5835.851,5851.0737
5989,2022-04-14 03:00:00,5734.1694,5607.5234
5990,2022-04-14 04:00:00,5581.574,5544.314
5991,2022-04-14 05:00:00,5579.4556,5572.068
5992,2022-04-14 06:00:00,5787.4473,5756.171
5993,2022-04-14 07:00:00,6109.29,6114.168
5994,2022-04-14 08:00:00,6501.125,6467.2056
5995,2022-04-14 09:00:00,6906.1387,6989.2124
5996,2022-04-14 10:00:00,7166.814,7229.778
5997,2022-04-14 11:00:00,7313.5576,7368.428
5998,2022-04-14 12:00:00,7332.9775,7366.076
5999,2022-04-14 13:00:00,7307.4326,7321.7866
6000,2022-04-14 14:00:00,7396.5015,7408.633
6001,2022-04-14 15:00:00,7399.5024,7448.5576
6002,2022-04-14 16:00:00,7435.341,7464.3047
6003,2022-04-14 17:00:00,7406.725,7466.7344
6004,2022-04-14 18:00:00,7248.774,7346.4263
6005,2022-04-14 19:00:00,7139.9033,7191.1045
6006,2022-04-14 20:00:00,7143.1875,7144.6772
6007,2022-04-14 21:00:00,7074.7905,7030.447
6008,2022-04-14 22:00:00,6838.11,6942.363
6009,2022-04-14 23:00:00,6585.7837,6700.1924
6010,2022-04-15 00:00:00,6393.92,6230.86
6011,2022-04-15 01:00:00,6007.34,6190.1025
6012,2022-04-15 02:00:00,5893.643,6014.9307
6013,2022-04-15 03:00:00,5848.5713,5894.2236
6014,2022-04-15 04:00:00,5834.925,5824.3154
6015,2022-04-15 05:00:00,5844.7656,5810.7017
6016,2022-04-15 06:00:00,5886.3667,5845.237
6017,2022-04-15 07:00:00,6156.2524,5947.618
6018,2022-04-15 08:00:00,6282.575,5980.04
6019,2022-04-15 09:00:00,6416.022,6179.7544
6020,2022-04-15 10:00:00,6525.042,6326.8413
6021,2022-04-15 11:00:00,6486.2017,6379.497
6022,2022-04-15 12:00:00,6378.2524,6444.0713
6023,2022-04-15 13:00:00,6409.425,6493.9683
6024,2022-04-15 14:00:00,6519.76,6518.874
6025,2022-04-15 15:00:00,6532.5405,6527.9785
6026,2022-04-15 16:00:00,6522.635,6512.298
6027,2022-04-15 17:00:00,6510.116,6546.715
6028,2022-04-15 18:00:00,6531.22,6557.5645
6029,2022-04-15 19:00:00,6544.6816,6588.9375
6030,2022-04-15 20:00:00,6630.6523,6674.071
6031,2022-04-15 21:00:00,6648.206,6661.5063
6032,2022-04-15 22:00:00,6583.511,6604.5273
6033,2022-04-15 23:00:00,6394.965,6430.909
6034,2022-04-16 00:00:00,6196.287,6331.178
6035,2022-04-16 01:00:00,6045.826,6021.0713
6036,2022-04-16 02:00:00,5875.909,5858.341
6037,2022-04-16 03:00:00,5769.8257,5746.6265
6038,2022-04-16 04:00:00,5674.9067,5678.793
6039,2022-04-16 05:00:00,5662.1577,5695.973
6040,2022-04-16 06:00:00,5705.0073,5737.0576
6041,2022-04-16 07:00:00,5792.0527,5756.338
6042,2022-04-16 08:00:00,5874.2744,5948.5464
6043,2022-04-16 09:00:00,6227.553,6330.9653
6044,2022-04-16 10:00:00,6539.6816,6575.9316
6045,2022-04-16 11:00:00,6671.3667,6741.6357
6046,2022-04-16 12:00:00,6730.1455,6806.891
6047,2022-04-16 13:00:00,6773.5327,6758.8213
6048,2022-04-16 14:00:00,6709.851,6753.7295
6049,2022-04-16 15:00:00,6741.5596,6746.6626
6050,2022-04-16 16:00:00,6710.3325,6728.1396
6051,2022-04-16 17:00:00,6686.767,6667.657
6052,2022-04-16 18:00:00,6604.395,6632.45
6053,2022-04-16 19:00:00,6643.4604,6656.871
6054,2022-04-16 20:00:00,6686.0776,6708.2456
6055,2022-04-16 21:00:00,6702.904,6727.346
6056,2022-04-16 22:00:00,6670.197,6655.7793
6057,2022-04-16 23:00:00,6427.8613,6494.0596
6058,2022-04-17 00:00:00,6247.4033,6155.8716
6059,2022-04-17 01:00:00,5978.919,6107.4604
6060,2022-04-17 02:00:00,5835.7495,5933.8506
6061,2022-04-17 03:00:00,5783.2656,5811.1724
6062,2022-04-17 04:00:00,5753.6074,5729.152
6063,2022-04-17 05:00:00,5716.6274,5703.4966
6064,2022-04-17 06:00:00,5730.3096,5760.1675
6065,2022-04-17 07:00:00,5854.9287,5852.458
6066,2022-04-17 08:00:00,5973.846,5922.561
6067,2022-04-17 09:00:00,6178.006,6185.2725
6068,2022-04-17 10:00:00,6455.7505,6379.0483
6069,2022-04-17 11:00:00,6536.235,6537.381
6070,2022-04-17 12:00:00,6588.2207,6623.3804
6071,2022-04-17 13:00:00,6634.8438,6585.478
6072,2022-04-17 14:00:00,6598.8574,6615.998
6073,2022-04-17 15:00:00,6617.274,6578.3223
6074,2022-04-17 16:00:00,6595.6323,6544.5176
6075,2022-04-17 17:00:00,6535.484,6519.4604
6076,2022-04-17 18:00:00,6500.9824,6547.779
6077,2022-04-17 19:00:00,6575.5684,6634.3726
6078,2022-04-17 20:00:00,6703.259,6680.231
6079,2022-04-17 21:00:00,6716.0874,6692.5156
6080,2022-04-17 22:00:00,6642.3438,6612.124
6081,2022-04-17 23:00:00,6422.8623,6381.1533
6082,2022-04-18 00:00:00,6179.948,6169.434
6083,2022-04-18 01:00:00,5966.366,5891.61
6084,2022-04-18 02:00:00,5715.027,5703.4897
6085,2022-04-18 03:00:00,5602.587,5585.3423
6086,2022-04-18 04:00:00,5547.7524,5490.739
6087,2022-04-18 05:00:00,5490.7964,5518.5874
6088,2022-04-18 06:00:00,5702.1836,5694.983
6089,2022-04-18 07:00:00,6039.325,6064.9146
6090,2022-04-18 08:00:00,6437.0913,6472.2637
6091,2022-04-18 09:00:00,6926.5005,6918.48
6092,2022-04-18 10:00:00,7172.9526,7091.3228
6093,2022-04-18 11:00:00,7191.529,7188.325
6094,2022-04-18 12:00:00,7169.969,7236.917
6095,2022-04-18 13:00:00,7199.748,7315.8696
6096,2022-04-18 14:00:00,7361.2827,7463.966
6097,2022-04-18 15:00:00,7488.4517,7526.1016
6098,2022-04-18 16:00:00,7525.061,7518.345
6099,2022-04-18 17:00:00,7488.4795,7452.596
6100,2022-04-18 18:00:00,7321.172,7285.392
6101,2022-04-18 19:00:00,7172.5986,7098.0264
6102,2022-04-18 20:00:00,7066.948,7012.4927
6103,2022-04-18 21:00:00,6962.56,6910.975
6104,2022-04-18 22:00:00,6749.7925,6746.3594
6105,2022-04-18 23:00:00,6495.8477,6443.4307
6106,2022-04-19 00:00:00,6217.641,6146.4375
6107,2022-04-19 01:00:00,5937.9404,5909.1567
6108,2022-04-19 02:00:00,5769.0986,5744.6416
6109,2022-04-19 03:00:00,5646.68,5634.025
6110,2022-04-19 04:00:00,5587.0156,5590.14
6111,2022-04-19 05:00:00,5595.25,5627.0107
6112,2022-04-19 06:00:00,5795.5625,5788.756
6113,2022-04-19 07:00:00,6133.2515,6157.5796
6114,2022-04-19 08:00:00,6537.429,6488.48
6115,2022-04-19 09:00:00,6957.0005,6959.6885
6116,2022-04-19 10:00:00,7179.754,7202.3237
6117,2022-04-19 11:00:00,7317.0625,7340.8076
6118,2022-04-19 12:00:00,7339.393,7367.8716
6119,2022-04-19 13:00:00,7335.143,7326.395
6120,2022-04-19 14:00:00,7423.612,7387.8145
6121,2022-04-19 15:00:00,7428.176,7352.298
6122,2022-04-19 16:00:00,7402.1577,7329.344
6123,2022-04-19 17:00:00,7315.4155,7260.763
6124,2022-04-19 18:00:00,7167.5767,7140.491
6125,2022-04-19 19:00:00,7035.24,7013.2144
6126,2022-04-19 20:00:00,6969.833,6932.5225
6127,2022-04-19 21:00:00,6896.5474,6877.4067
6128,2022-04-19 22:00:00,6732.768,6718.5347
6129,2022-04-19 23:00:00,6429.2505,6409.513
6130,2022-04-20 00:00:00,6143.905,6125.904
6131,2022-04-20 01:00:00,5903.24,5898.1807
6132,2022-04-20 02:00:00,5715.3037,5747.31
6133,2022-04-20 03:00:00,5635.583,5647.3438
6134,2022-04-20 04:00:00,5586.6113,5591.292
6135,2022-04-20 05:00:00,5611.0913,5610.214
6136,2022-04-20 06:00:00,5799.4106,5784.401
6137,2022-04-20 07:00:00,6130.82,6157.284
6138,2022-04-20 08:00:00,6518.6343,6464.673
6139,2022-04-20 09:00:00,6931.5874,6924.287
6140,2022-04-20 10:00:00,7167.5186,7179.366
6141,2022-04-20 11:00:00,7295.6914,7330.528
6142,2022-04-20 12:00:00,7313.2373,7314.087
6143,2022-04-20 13:00:00,7284.576,7280.034
6144,2022-04-20 14:00:00,7370.0605,7380.0674
6145,2022-04-20 15:00:00,7399.022,7399.519
6146,2022-04-20 16:00:00,7419.584,7400.5044
6147,2022-04-20 17:00:00,7391.95,7385.512
6148,2022-04-20 18:00:00,7195.177,7182.3823
6149,2022-04-20 19:00:00,7036.734,7023.966
6150,2022-04-20 20:00:00,6994.9175,6953.2104
6151,2022-04-20 21:00:00,6883.5576,6876.9756
6152,2022-04-20 22:00:00,6692.1465,6696.534
6153,2022-04-20 23:00:00,6407.8813,6390.193
6154,2022-04-21 00:00:00,6122.168,6013.96
6155,2022-04-21 01:00:00,5843.643,5862.9106
6156,2022-04-21 02:00:00,5705.6123,5709.178
6157,2022-04-21 03:00:00,5628.838,5617.5435
6158,2022-04-21 04:00:00,5590.4263,5570.927
6159,2022-04-21 05:00:00,5621.677,5609.2837
6160,2022-04-21 06:00:00,5791.4517,5783.7007
6161,2022-04-21 07:00:00,6119.5,6171.026
6162,2022-04-21 08:00:00,6496.342,6510.252
6163,2022-04-21 09:00:00,6925.1177,6959.04
6164,2022-04-21 10:00:00,7190.2676,7071.5044
6165,2022-04-21 11:00:00,7222.378,7118.042
6166,2022-04-21 12:00:00,7138.8413,7040.3184
6167,2022-04-21 13:00:00,7050.422,6908.1104
6168,2022-04-21 14:00:00,6985.0913,6956.985
6169,2022-04-21 15:00:00,6993.517,6956.7974
6170,2022-04-21 16:00:00,6988.335,6967.4897
6171,2022-04-21 17:00:00,6955.2725,6972.3003
6172,2022-04-21 18:00:00,6902.1465,6932.9805
6173,2022-04-21 19:00:00,6861.8887,6859.342
6174,2022-04-21 20:00:00,6851.7217,6845.89
6175,2022-04-21 21:00:00,6798.4956,6754.6035
6176,2022-04-21 22:00:00,6632.534,6564.817
6177,2022-04-21 23:00:00,6326.924,6265.1
6178,2022-04-22 00:00:00,6010.0176,6341.0215
6179,2022-04-22 01:00:00,5938.3364,5768.6216
6180,2022-04-22 02:00:00,5645.554,5612.349
6181,2022-04-22 03:00:00,5545.065,5504.522
6182,2022-04-22 04:00:00,5449.5454,5456.333
6183,2022-04-22 05:00:00,5499.8887,5489.608
6184,2022-04-22 06:00:00,5589.4,5669.718
6185,2022-04-22 07:00:00,6047.02,6022.536
6186,2022-04-22 08:00:00,6436.486,6364.4805
6187,2022-04-22 09:00:00,6796.995,6823.7676
6188,2022-04-22 10:00:00,7038.285,7055.7485
6189,2022-04-22 11:00:00,7104.3125,7285.7217
6190,2022-04-22 12:00:00,7282.6426,7305.4272
6191,2022-04-22 13:00:00,7236.7373,7284.9897
6192,2022-04-22 14:00:00,7367.772,7420.409
6193,2022-04-22 15:00:00,7419.6187,7456.4023
6194,2022-04-22 16:00:00,7452.695,7437.61
6195,2022-04-22 17:00:00,7421.464,7440.775
6196,2022-04-22 18:00:00,7238.642,7297.9385
6197,2022-04-22 19:00:00,7088.8096,7090.2676
6198,2022-04-22 20:00:00,6997.0317,7042.1084
6199,2022-04-22 21:00:00,6914.239,6933.0596
6200,2022-04-22 22:00:00,6708.578,6794.054
6201,2022-04-22 23:00:00,6431.8438,6566.754
6202,2022-04-23 00:00:00,6217.697,6211.7627
6203,2022-04-23 01:00:00,5992.55,6085.809
6204,2022-04-23 02:00:00,5869.007,5891.895
6205,2022-04-23 03:00:00,5787.9062,5755.4
6206,2022-04-23 04:00:00,5700.77,5682.097
6207,2022-04-23 05:00:00,5660.865,5691.6177
6208,2022-04-23 06:00:00,5704.5425,5745.3774
6209,2022-04-23 07:00:00,5830.8774,5900.348
6210,2022-04-23 08:00:00,6090.1943,6076.6787
6211,2022-04-23 09:00:00,6347.513,6484.5234
6212,2022-04-23 10:00:00,6691.5845,6741.802
6213,2022-04-23 11:00:00,6845.6973,6938.827
6214,2022-04-23 12:00:00,6969.081,6917.9175
6215,2022-04-23 13:00:00,6889.1846,6880.6616
6216,2022-04-23 14:00:00,6869.735,6871.9185
6217,2022-04-23 15:00:00,6864.8955,6783.3047
6218,2022-04-23 16:00:00,6752.2324,6549.819
6219,2022-04-23 17:00:00,6497.4814,6472.4556
6220,2022-04-23 18:00:00,6480.7925,6475.9663
6221,2022-04-23 19:00:00,6518.0264,6551.2896
6222,2022-04-23 20:00:00,6592.802,6630.678
6223,2022-04-23 21:00:00,6628.748,6663.9526
6224,2022-04-23 22:00:00,6586.685,6609.1675
6225,2022-04-23 23:00:00,6382.7593,6402.795
6226,2022-04-24 00:00:00,6149.788,6236.095
6227,2022-04-24 01:00:00,5960.4883,5977.9556
6228,2022-04-24 02:00:00,5770.9707,5807.497
6229,2022-04-24 03:00:00,5693.416,5681.049
6230,2022-04-24 04:00:00,5624.7754,5602.637
6231,2022-04-24 05:00:00,5610.187,5597.663
6232,2022-04-24 06:00:00,5658.4355,5629.8657
6233,2022-04-24 07:00:00,5691.0967,5743.5156
6234,2022-04-24 08:00:00,5880.392,5815.5376
6235,2022-04-24 09:00:00,6091.895,6088.7017
6236,2022-04-24 10:00:00,6340.5996,6300.2676
6237,2022-04-24 11:00:00,6392.0693,6500.7563
6238,2022-04-24 12:00:00,6567.995,6499.7476
6239,2022-04-24 13:00:00,6461.2188,6460.01
6240,2022-04-24 14:00:00,6489.1816,6479.047
6241,2022-04-24 15:00:00,6474.7144,6463.244
6242,2022-04-24 16:00:00,6455.686,6458.2354
6243,2022-04-24 17:00:00,6425.0874,6459.3223
6244,2022-04-24 18:00:00,6436.953,6447.7617
6245,2022-04-24 19:00:00,6494.6807,6560.9517
6246,2022-04-24 20:00:00,6654.9434,6677.1045
6247,2022-04-24 21:00:00,6692.326,6726.5547
6248,2022-04-24 22:00:00,6665.0874,6648.858
6249,2022-04-24 23:00:00,6395.1787,6473.6416
6250,2022-04-25 00:00:00,6196.959,6271.414
6251,2022-04-25 01:00:00,5977.917,5977.3833
6252,2022-04-25 02:00:00,5780.35,5803.333
6253,2022-04-25 03:00:00,5688.865,5682.3086
6254,2022-04-25 04:00:00,5614.6646,5617.9204
6255,2022-04-25 05:00:00,5640.2896,5636.9937
6256,2022-04-25 06:00:00,5723.5312,5808.9614
6257,2022-04-25 07:00:00,6147.4214,6189.6387
6258,2022-04-25 08:00:00,6538.965,6591.7607
6259,2022-04-25 09:00:00,6983.3936,7126.611
6260,2022-04-25 10:00:00,7264.2954,7339.436
6261,2022-04-25 11:00:00,7395.573,7520.1763
6262,2022-04-25 12:00:00,7503.811,7507.612
6263,2022-04-25 13:00:00,7500.4873,7417.0757
6264,2022-04-25 14:00:00,7495.429,7451.1636
6265,2022-04-25 15:00:00,7502.93,7521.7188
6266,2022-04-25 16:00:00,7517.416,7446.8
6267,2022-04-25 17:00:00,7456.7427,7388.1953
6268,2022-04-25 18:00:00,7223.9844,7282.27
6269,2022-04-25 19:00:00,7152.2427,7162.649
6270,2022-04-25 20:00:00,7153.114,7119.634
6271,2022-04-25 21:00:00,7086.8306,6997.9976
6272,2022-04-25 22:00:00,6792.9805,6846.869
6273,2022-04-25 23:00:00,6531.6514,6560.009
6274,2022-04-26 00:00:00,6264.5093,6373.7695
6275,2022-04-26 01:00:00,6050.756,6013.351
6276,2022-04-26 02:00:00,5838.3955,5850.09
6277,2022-04-26 03:00:00,5717.4175,5729.456
6278,2022-04-26 04:00:00,5687.817,5666.66
6279,2022-04-26 05:00:00,5696.4346,5684.9194
6280,2022-04-26 06:00:00,5861.294,5846.0024
6281,2022-04-26 07:00:00,6227.5474,6197.367
6282,2022-04-26 08:00:00,6601.5376,6542.8867
6283,2022-04-26 09:00:00,7030.6724,7016.241
6284,2022-04-26 10:00:00,7265.8545,7228.296
6285,2022-04-26 11:00:00,7403.6636,7377.5605
6286,2022-04-26 12:00:00,7371.098,7375.057
6287,2022-04-26 13:00:00,7343.8633,7319.7324
6288,2022-04-26 14:00:00,7434.5527,7368.8354
6289,2022-04-26 15:00:00,7424.11,7379.8984
6290,2022-04-26 16:00:00,7379.931,7418.4883
6291,2022-04-26 17:00:00,7383.3296,7422.162
6292,2022-04-26 18:00:00,7265.495,7310.8125
6293,2022-04-26 19:00:00,7163.652,7180.194
6294,2022-04-26 20:00:00,7145.5684,7170.466
6295,2022-04-26 21:00:00,7137.563,7106.21
6296,2022-04-26 22:00:00,6838.54,6956.081
6297,2022-04-26 23:00:00,6561.601,6662.047
6298,2022-04-27 00:00:00,6342.06,6291.3174
6299,2022-04-27 01:00:00,6020.411,6093.0635
6300,2022-04-27 02:00:00,5867.4746,5911.738
6301,2022-04-27 03:00:00,5794.3813,5782.813
6302,2022-04-27 04:00:00,5728.9917,5719.0894
6303,2022-04-27 05:00:00,5738.115,5735.9272
6304,2022-04-27 06:00:00,5878.279,5901.2427
6305,2022-04-27 07:00:00,6239.035,6251.422
6306,2022-04-27 08:00:00,6608.5127,6601.403
6307,2022-04-27 09:00:00,7039.1035,7050.633
6308,2022-04-27 10:00:00,7260.6387,7315.896
6309,2022-04-27 11:00:00,7410.128,7438.478
6310,2022-04-27 12:00:00,7435.517,7473.048
6311,2022-04-27 13:00:00,7380.744,7363.218
6312,2022-04-27 14:00:00,7451.4937,7420.7656
6313,2022-04-27 15:00:00,7462.24,7387.2383
6314,2022-04-27 16:00:00,7419.9956,7310.0693
6315,2022-04-27 17:00:00,7351.8687,7292.6885
6316,2022-04-27 18:00:00,7200.2114,7227.2295
6317,2022-04-27 19:00:00,7104.9487,7091.966
6318,2022-04-27 20:00:00,7056.4927,7048.576
6319,2022-04-27 21:00:00,7000.2637,6985.211
6320,2022-04-27 22:00:00,6853.076,6842.5913
6321,2022-04-27 23:00:00,6571.668,6551.3174
6322,2022-04-28 00:00:00,6275.385,6254.867
6323,2022-04-28 01:00:00,6029.044,6024.4326
6324,2022-04-28 02:00:00,5855.715,5870.3413
6325,2022-04-28 03:00:00,5764.36,5763.291
6326,2022-04-28 04:00:00,5739.6934,5707.926
6327,2022-04-28 05:00:00,5707.931,5729.313
6328,2022-04-28 06:00:00,5908.9688,5882.6685
6329,2022-04-28 07:00:00,6238.4814,6234.0874
6330,2022-04-28 08:00:00,6602.5576,6579.816
6331,2022-04-28 09:00:00,7028.5444,7076.3203
6332,2022-04-28 10:00:00,7270.9014,7297.046
6333,2022-04-28 11:00:00,7427.293,7431.8716
6334,2022-04-28 12:00:00,7414.598,7415.769
6335,2022-04-28 13:00:00,7344.101,7386.609
6336,2022-04-28 14:00:00,7434.274,7475.2573
6337,2022-04-28 15:00:00,7477.873,7433.3096
6338,2022-04-28 16:00:00,7433.4224,7391.7896
6339,2022-04-28 17:00:00,7361.205,7275.174
6340,2022-04-28 18:00:00,7195.2285,7170.198
6341,2022-04-28 19:00:00,7078.6255,7025.1187
6342,2022-04-28 20:00:00,7015.661,6969.069
6343,2022-04-28 21:00:00,6933.4326,6921.658
6344,2022-04-28 22:00:00,6802.3574,6793.6396
6345,2022-04-28 23:00:00,6546.779,6510.885
6346,2022-04-29 00:00:00,6256.2383,6400.2983
6347,2022-04-29 01:00:00,6085.8887,6006.197
6348,2022-04-29 02:00:00,5828.629,5843.3687
6349,2022-04-29 03:00:00,5734.6455,5720.497
6350,2022-04-29 04:00:00,5666.0093,5650.758
6351,2022-04-29 05:00:00,5675.8613,5677.3867
6352,2022-04-29 06:00:00,5856.165,5815.534
6353,2022-04-29 07:00:00,6194.1895,6169.984
6354,2022-04-29 08:00:00,6573.9824,6487.0854
6355,2022-04-29 09:00:00,6961.107,6977.7827
6356,2022-04-29 10:00:00,7230.399,7227.327
6357,2022-04-29 11:00:00,7387.878,7366.055
6358,2022-04-29 12:00:00,7388.482,7390.8076
6359,2022-04-29 13:00:00,7340.835,7372.2124
6360,2022-04-29 14:00:00,7448.8545,7450.1543
6361,2022-04-29 15:00:00,7432.5195,7534.653
6362,2022-04-29 16:00:00,7502.4536,7527.2485
6363,2022-04-29 17:00:00,7475.1924,7435.4487
6364,2022-04-29 18:00:00,7282.5005,7278.197
6365,2022-04-29 19:00:00,7121.655,7094.369
6366,2022-04-29 20:00:00,7047.4526,7024.1665
6367,2022-04-29 21:00:00,6958.6294,6959.8965
6368,2022-04-29 22:00:00,6852.4136,6822.8184
6369,2022-04-29 23:00:00,6542.2876,6604.173
6370,2022-04-30 00:00:00,6337.8057,6170.817
6371,2022-04-30 01:00:00,6020.323,6149.4683
6372,2022-04-30 02:00:00,5920.8413,5960.4517
6373,2022-04-30 03:00:00,5817.045,5795.7666
6374,2022-04-30 04:00:00,5727.205,5596.0806
6375,2022-04-30 05:00:00,5617.0825,5586.3984
6376,2022-04-30 06:00:00,5647.6494,5649.236
6377,2022-04-30 07:00:00,5741.7144,5774.499
6378,2022-04-30 08:00:00,6011.5757,5935.16
6379,2022-04-30 09:00:00,6268.8945,6299.807
6380,2022-04-30 10:00:00,6601.8296,6543.414
6381,2022-04-30 11:00:00,6687.681,6713.921
6382,2022-04-30 12:00:00,6717.668,6725.7856
6383,2022-04-30 13:00:00,6675.5312,6675.0884
6384,2022-04-30 14:00:00,6657.2,6683.394
6385,2022-04-30 15:00:00,6639.199,6708.968
6386,2022-04-30 16:00:00,6675.793,6699.811
6387,2022-04-30 17:00:00,6675.0376,6663.1777
6388,2022-04-30 18:00:00,6643.794,6638.8447
6389,2022-04-30 19:00:00,6644.1626,6587.6323
6390,2022-04-30 20:00:00,6641.283,6567.188
6391,2022-04-30 21:00:00,6622.5557,6571.942
6392,2022-04-30 22:00:00,6561.748,6513.7446
6393,2022-04-30 23:00:00,6378.9893,6331.5244
6394,2022-05-01 00:00:00,6174.815,6212.407
6395,2022-05-01 01:00:00,5993.989,5955.0405
6396,2022-05-01 02:00:00,5793.041,5769.82
6397,2022-05-01 03:00:00,5657.5767,5640.3125
6398,2022-05-01 04:00:00,5610.091,5556.754
6399,2022-05-01 05:00:00,5542.2544,5537.155
6400,2022-05-01 06:00:00,5564.0654,5560.0684
6401,2022-05-01 07:00:00,5619.608,5675.1426
6402,2022-05-01 08:00:00,5747.5327,5712.7695
6403,2022-05-01 09:00:00,5968.371,5952.1553
6404,2022-05-01 10:00:00,6276.1157,6162.15
6405,2022-05-01 11:00:00,6333.598,6332.7524
6406,2022-05-01 12:00:00,6371.543,6348.4062
6407,2022-05-01 13:00:00,6309.4937,6337.2046
6408,2022-05-01 14:00:00,6324.109,6386.069
6409,2022-05-01 15:00:00,6374.6855,6382.968
6410,2022-05-01 16:00:00,6366.5386,6408.344
6411,2022-05-01 17:00:00,6416.808,6366.6025
6412,2022-05-01 18:00:00,6373.8955,6343.5596
6413,2022-05-01 19:00:00,6354.966,6441.2144
6414,2022-05-01 20:00:00,6502.878,6581.834
6415,2022-05-01 21:00:00,6615.047,6651.2505
6416,2022-05-01 22:00:00,6651.078,6619.106
6417,2022-05-01 23:00:00,6445.605,6385.81
6418,2022-05-02 00:00:00,6172.995,6233.841
6419,2022-05-02 01:00:00,5949.67,5971.372
6420,2022-05-02 02:00:00,5761.476,5758.7227
6421,2022-05-02 03:00:00,5646.3657,5551.855
6422,2022-05-02 04:00:00,5516.4326,5470.843
6423,2022-05-02 05:00:00,5460.1313,5464.068
6424,2022-05-02 06:00:00,5556.2573,5512.362
6425,2022-05-02 07:00:00,5683.6294,5688.399
6426,2022-05-02 08:00:00,6100.5967,5805.301
6427,2022-05-02 09:00:00,6154.7393,6075.7793
6428,2022-05-02 10:00:00,6364.27,6279.3506
6429,2022-05-02 11:00:00,6383.8013,6423.9136
6430,2022-05-02 12:00:00,6431.61,6419.0825
6431,2022-05-02 13:00:00,6399.43,6435.547
6432,2022-05-02 14:00:00,6432.9126,6468.365
6433,2022-05-02 15:00:00,6484.3525,6509.2905
6434,2022-05-02 16:00:00,6523.5923,6517.29
6435,2022-05-02 17:00:00,6507.3936,6502.416
6436,2022-05-02 18:00:00,6484.91,6445.561
6437,2022-05-02 19:00:00,6410.0527,6496.344
6438,2022-05-02 20:00:00,6551.8325,6579.703
6439,2022-05-02 21:00:00,6626.3813,6574.961
6440,2022-05-02 22:00:00,6532.4233,6535.4277
6441,2022-05-02 23:00:00,6330.5264,6401.4937
6442,2022-05-03 00:00:00,6197.8677,6266.7515
6443,2022-05-03 01:00:00,5967.6846,6043.4243
6444,2022-05-03 02:00:00,5805.2285,5854.323
6445,2022-05-03 03:00:00,5694.89,5740.9443
6446,2022-05-03 04:00:00,5653.5273,5561.174
6447,2022-05-03 05:00:00,5521.553,5526.323
6448,2022-05-03 06:00:00,5593.963,5575.239
6449,2022-05-03 07:00:00,5756.567,5734.4536
6450,2022-05-03 08:00:00,6010.2617,5837.0684
6451,2022-05-03 09:00:00,6123.7104,6053.16
6452,2022-05-03 10:00:00,6322.485,6232.814
6453,2022-05-03 11:00:00,6323.094,6394.3364
6454,2022-05-03 12:00:00,6438.4688,6392.9604
6455,2022-05-03 13:00:00,6415.775,6424.1533
6456,2022-05-03 14:00:00,6428.466,6487.032
6457,2022-05-03 15:00:00,6538.5396,6502.729
6458,2022-05-03 16:00:00,6514.4556,6520.2563
6459,2022-05-03 17:00:00,6497.4355,6526.275
6460,2022-05-03 18:00:00,6479.0312,6516.306
6461,2022-05-03 19:00:00,6508.5527,6554.0728
6462,2022-05-03 20:00:00,6611.3706,6730.2812
6463,2022-05-03 21:00:00,6746.0566,6745.859
6464,2022-05-03 22:00:00,6655.203,6694.949
6465,2022-05-03 23:00:00,6474.109,6457.5664
6466,2022-05-04 00:00:00,6222.7783,6365.1396
6467,2022-05-04 01:00:00,6030.2812,6027.2236
6468,2022-05-04 02:00:00,5847.8926,5842.1147
6469,2022-05-04 03:00:00,5676.0454,5746.9077
6470,2022-05-04 04:00:00,5621.7573,5640.98
6471,2022-05-04 05:00:00,5594.505,5639.363
6472,2022-05-04 06:00:00,5661.335,5765.4927
6473,2022-05-04 07:00:00,5978.373,6132.954
6474,2022-05-04 08:00:00,6493.764,6537.1875
6475,2022-05-04 09:00:00,6933.2637,7018.367
6476,2022-05-04 10:00:00,7271.9907,7268.84
6477,2022-05-04 11:00:00,7349.083,7425.882
6478,2022-05-04 12:00:00,7445.898,7410.6646
6479,2022-05-04 13:00:00,7364.3096,7350.342
6480,2022-05-04 14:00:00,7420.985,7442.9526
6481,2022-05-04 15:00:00,7485.6787,7455.7183
6482,2022-05-04 16:00:00,7464.062,7465.177
6483,2022-05-04 17:00:00,7427.8213,7438.52
6484,2022-05-04 18:00:00,7337.9995,7319.8037
6485,2022-05-04 19:00:00,7186.7715,7159.4165
6486,2022-05-04 20:00:00,7129.105,7179.21
6487,2022-05-04 21:00:00,7122.125,7093.8423
6488,2022-05-04 22:00:00,6899.2925,6963.1235
6489,2022-05-04 23:00:00,6649.842,6654.159
6490,2022-05-05 00:00:00,6365.9546,6480.2573
6491,2022-05-05 01:00:00,6106.243,6089.7236
6492,2022-05-05 02:00:00,5870.3467,5945.434
6493,2022-05-05 03:00:00,5770.177,5842.3257
6494,2022-05-05 04:00:00,5725.444,5784.976
6495,2022-05-05 05:00:00,5755.1465,5795.9805
6496,2022-05-05 06:00:00,5884.734,5960.5107
6497,2022-05-05 07:00:00,6248.9907,6326.879
6498,2022-05-05 08:00:00,6643.948,6670.568
6499,2022-05-05 09:00:00,7071.719,7150.572
6500,2022-05-05 10:00:00,7319.8423,7327.6963
6501,2022-05-05 11:00:00,7451.017,7456.9917
6502,2022-05-05 12:00:00,7417.8965,7491.5625
6503,2022-05-05 13:00:00,7404.0684,7435.0923
6504,2022-05-05 14:00:00,7489.01,7527.5557
6505,2022-05-05 15:00:00,7503.5073,7542.517
6506,2022-05-05 16:00:00,7543.09,7545.965
6507,2022-05-05 17:00:00,7500.998,7547.7104
6508,2022-05-05 18:00:00,7410.312,7426.131
6509,2022-05-05 19:00:00,7277.138,7249.5664
6510,2022-05-05 20:00:00,7202.1763,7264.037
6511,2022-05-05 21:00:00,7206.2656,7196.4736
6512,2022-05-05 22:00:00,6983.8164,7052.5674
6513,2022-05-05 23:00:00,6682.875,6756.2075
6514,2022-05-06 00:00:00,6467.0396,6608.6
6515,2022-05-06 01:00:00,6183.0312,6197.5137
6516,2022-05-06 02:00:00,5995.5513,6012.49
6517,2022-05-06 03:00:00,5897.5186,5886.0244
6518,2022-05-06 04:00:00,5805.8267,5817.6484
6519,2022-05-06 05:00:00,5835.054,5809.6875
6520,2022-05-06 06:00:00,5985.287,5978.812
6521,2022-05-06 07:00:00,6293.455,6340.7954
6522,2022-05-06 08:00:00,6694.311,6692.86
6523,2022-05-06 09:00:00,7139.8076,7213.5884
6524,2022-05-06 10:00:00,7358.379,7417.0986
6525,2022-05-06 11:00:00,7492.8823,7526.478
6526,2022-05-06 12:00:00,7501.3296,7534.5684
6527,2022-05-06 13:00:00,7438.6826,7503.8496
6528,2022-05-06 14:00:00,7556.3545,7620.2017
6529,2022-05-06 15:00:00,7619.7427,7680.0
6530,2022-05-06 16:00:00,7640.4595,7676.3354
6531,2022-05-06 17:00:00,7603.589,7631.468
6532,2022-05-06 18:00:00,7461.107,7475.256
6533,2022-05-06 19:00:00,7303.9263,7306.264
6534,2022-05-06 20:00:00,7257.9624,7280.168
6535,2022-05-06 21:00:00,7247.2964,7178.7744
6536,2022-05-06 22:00:00,7036.114,7065.285
6537,2022-05-06 23:00:00,6759.264,6824.424
6538,2022-05-07 00:00:00,6590.362,6219.7817
6539,2022-05-07 01:00:00,6126.9424,6351.178
6540,2022-05-07 02:00:00,6044.006,6168.1514
6541,2022-05-07 03:00:00,5961.2163,6026.4116
6542,2022-05-07 04:00:00,5957.8164,5933.946
6543,2022-05-07 05:00:00,5940.6655,5906.5957
6544,2022-05-07 06:00:00,5976.7485,5951.4077
6545,2022-05-07 07:00:00,6047.053,6097.7876
6546,2022-05-07 08:00:00,6298.727,6252.9424
6547,2022-05-07 09:00:00,6517.2754,6514.2686
6548,2022-05-07 10:00:00,6801.7207,6723.247
6549,2022-05-07 11:00:00,6812.112,6928.9414
6550,2022-05-07 12:00:00,6933.0684,7014.871
6551,2022-05-07 13:00:00,6980.006,6946.045
6552,2022-05-07 14:00:00,6982.127,6835.437
6553,2022-05-07 15:00:00,6825.37,6758.3184
6554,2022-05-07 16:00:00,6742.8164,6711.227
6555,2022-05-07 17:00:00,6676.564,6615.5464
6556,2022-05-07 18:00:00,6606.4556,6491.727
6557,2022-05-07 19:00:00,6502.9224,6474.241
6558,2022-05-07 20:00:00,6585.092,6577.9688
6559,2022-05-07 21:00:00,6649.0566,6605.068
6560,2022-05-07 22:00:00,6562.2305,6581.122
6561,2022-05-07 23:00:00,6419.1377,6413.881
6562,2022-05-08 00:00:00,6237.7944,6228.074
6563,2022-05-08 01:00:00,6012.455,5961.902
6564,2022-05-08 02:00:00,5810.8486,5777.3633
6565,2022-05-08 03:00:00,5669.5977,5668.9536
6566,2022-05-08 04:00:00,5597.8237,5622.698
6567,2022-05-08 05:00:00,5589.292,5608.8853
6568,2022-05-08 06:00:00,5620.537,5671.2524
6569,2022-05-08 07:00:00,5718.1855,5797.1494
6570,2022-05-08 08:00:00,5851.2896,5809.5747
6571,2022-05-08 09:00:00,6066.966,6054.1895
6572,2022-05-08 10:00:00,6291.302,6247.514
6573,2022-05-08 11:00:00,6354.7188,6354.364
6574,2022-05-08 12:00:00,6367.2627,6398.8193
6575,2022-05-08 13:00:00,6381.4893,6384.581
6576,2022-05-08 14:00:00,6397.662,6447.8047
6577,2022-05-08 15:00:00,6438.3325,6475.074
6578,2022-05-08 16:00:00,6476.4927,6464.9937
6579,2022-05-08 17:00:00,6459.297,6463.1445
6580,2022-05-08 18:00:00,6460.791,6428.9146
6581,2022-05-08 19:00:00,6473.8525,6493.389
6582,2022-05-08 20:00:00,6634.6274,6665.758
6583,2022-05-08 21:00:00,6712.5005,6712.2764
6584,2022-05-08 22:00:00,6654.65,6692.2427
6585,2022-05-08 23:00:00,6463.1963,6476.216
6586,2022-05-09 00:00:00,6299.732,6452.9775
6587,2022-05-09 01:00:00,6060.4263,5966.823
6588,2022-05-09 02:00:00,5794.89,5797.6523
6589,2022-05-09 03:00:00,5689.433,5692.4824
6590,2022-05-09 04:00:00,5632.1704,5640.9307
6591,2022-05-09 05:00:00,5641.458,5657.3867
6592,2022-05-09 06:00:00,5712.609,5843.7803
6593,2022-05-09 07:00:00,6184.043,6259.4556
6594,2022-05-09 08:00:00,6625.861,6685.4736
6595,2022-05-09 09:00:00,7131.3325,7169.0615
6596,2022-05-09 10:00:00,7366.225,7413.7515
6597,2022-05-09 11:00:00,7471.733,7537.698
6598,2022-05-09 12:00:00,7518.346,7602.3354
6599,2022-05-09 13:00:00,7523.0796,7543.1387
6600,2022-05-09 14:00:00,7615.1255,7653.4565
6601,2022-05-09 15:00:00,7685.958,7702.6504
6602,2022-05-09 16:00:00,7699.331,7721.5244
6603,2022-05-09 17:00:00,7661.2637,7714.06
6604,2022-05-09 18:00:00,7511.8477,7565.706
6605,2022-05-09 19:00:00,7388.632,7366.858
6606,2022-05-09 20:00:00,7336.034,7343.6606
6607,2022-05-09 21:00:00,7281.8325,7221.324
6608,2022-05-09 22:00:00,7105.32,6961.9507
6609,2022-05-09 23:00:00,6709.3105,6679.705
6610,2022-05-10 00:00:00,6451.9336,6614.7
6611,2022-05-10 01:00:00,6149.8105,6195.051
6612,2022-05-10 02:00:00,5987.746,6038.138
6613,2022-05-10 03:00:00,5920.5845,5938.028
6614,2022-05-10 04:00:00,5849.7754,5851.6987
6615,2022-05-10 05:00:00,5875.1523,5847.502
6616,2022-05-10 06:00:00,5994.872,6032.397
6617,2022-05-10 07:00:00,6371.2295,6384.375
6618,2022-05-10 08:00:00,6741.5376,6758.594
6619,2022-05-10 09:00:00,7222.8154,7262.473
6620,2022-05-10 10:00:00,7438.686,7484.9326
6621,2022-05-10 11:00:00,7584.909,7622.4717
6622,2022-05-10 12:00:00,7612.017,7628.5693
6623,2022-05-10 13:00:00,7558.369,7581.6294
6624,2022-05-10 14:00:00,7671.655,7700.2427
6625,2022-05-10 15:00:00,7729.044,7740.2686
6626,2022-05-10 16:00:00,7723.513,7758.7285
6627,2022-05-10 17:00:00,7731.248,7687.679
6628,2022-05-10 18:00:00,7516.2275,7576.7246
6629,2022-05-10 19:00:00,7379.5015,7379.7354
6630,2022-05-10 20:00:00,7363.6587,7373.021
6631,2022-05-10 21:00:00,7297.5444,7345.454
6632,2022-05-10 22:00:00,7013.2886,7228.691
6633,2022-05-10 23:00:00,6812.655,6909.6846
6634,2022-05-11 00:00:00,6633.2026,6405.007
6635,2022-05-11 01:00:00,6133.4883,6283.4014
6636,2022-05-11 02:00:00,6033.799,6091.479
6637,2022-05-11 03:00:00,5978.88,5936.6855
6638,2022-05-11 04:00:00,5880.083,5758.442
6639,2022-05-11 05:00:00,5817.3193,5732.847
6640,2022-05-11 06:00:00,5979.1133,5891.4585
6641,2022-05-11 07:00:00,6305.588,6227.877
6642,2022-05-11 08:00:00,6704.9224,6590.466
6643,2022-05-11 09:00:00,7146.5156,7016.1445
6644,2022-05-11 10:00:00,7334.8525,7207.799
6645,2022-05-11 11:00:00,7370.3286,7283.03
6646,2022-05-11 12:00:00,7258.181,7236.555
6647,2022-05-11 13:00:00,7206.245,7175.8516
6648,2022-05-11 14:00:00,7236.6245,7256.033
6649,2022-05-11 15:00:00,7261.996,7306.5225
6650,2022-05-11 16:00:00,7303.115,7331.692
6651,2022-05-11 17:00:00,7309.823,7341.8154
6652,2022-05-11 18:00:00,7222.7793,7251.44
6653,2022-05-11 19:00:00,7135.951,7117.143
6654,2022-05-11 20:00:00,7117.621,7158.5024
6655,2022-05-11 21:00:00,7137.105,7092.072
6656,2022-05-11 22:00:00,6971.467,6948.538
6657,2022-05-11 23:00:00,6678.785,6685.582
6658,2022-05-12 00:00:00,6399.6523,6520.1167
6659,2022-05-12 01:00:00,6118.8843,6128.3374
6660,2022-05-12 02:00:00,5965.523,5947.5747
6661,2022-05-12 03:00:00,5814.2427,5835.19
6662,2022-05-12 04:00:00,5758.168,5775.534
6663,2022-05-12 05:00:00,5791.355,5772.4
6664,2022-05-12 06:00:00,5927.3105,5948.4663
6665,2022-05-12 07:00:00,6267.663,6311.5273
6666,2022-05-12 08:00:00,6711.3413,6650.7837
6667,2022-05-12 09:00:00,7072.656,7143.4746
6668,2022-05-12 10:00:00,7319.323,7377.75
6669,2022-05-12 11:00:00,7453.6816,7524.452
6670,2022-05-12 12:00:00,7532.7163,7472.007
6671,2022-05-12 13:00:00,7433.131,7404.109
6672,2022-05-12 14:00:00,7478.6426,7509.7324
6673,2022-05-12 15:00:00,7541.4487,7572.387
6674,2022-05-12 16:00:00,7613.2593,7599.0415
6675,2022-05-12 17:00:00,7570.7173,7624.008
6676,2022-05-12 18:00:00,7488.491,7472.156
6677,2022-05-12 19:00:00,7280.3057,7288.2812
6678,2022-05-12 20:00:00,7310.68,7282.2344
6679,2022-05-12 21:00:00,7229.4043,7232.929
6680,2022-05-12 22:00:00,7011.7817,7078.963
6681,2022-05-12 23:00:00,6741.429,6809.624
6682,2022-05-13 00:00:00,6554.7686,6571.2427
6683,2022-05-13 01:00:00,6195.8325,6237.7085
6684,2022-05-13 02:00:00,6033.8276,6050.092
6685,2022-05-13 03:00:00,5916.6294,5921.008
6686,2022-05-13 04:00:00,5810.5176,5817.3125
6687,2022-05-13 05:00:00,5807.7817,5760.3247
6688,2022-05-13 06:00:00,5966.062,5922.054
6689,2022-05-13 07:00:00,6303.695,6257.646
6690,2022-05-13 08:00:00,6654.0454,6604.2256
6691,2022-05-13 09:00:00,7086.6343,7103.2417
6692,2022-05-13 10:00:00,7357.7744,7362.984
6693,2022-05-13 11:00:00,7515.42,7516.545
6694,2022-05-13 12:00:00,7503.44,7508.163
6695,2022-05-13 13:00:00,7470.699,7502.044
6696,2022-05-13 14:00:00,7621.983,7592.7314
6697,2022-05-13 15:00:00,7667.531,7638.186
6698,2022-05-13 16:00:00,7652.2686,7609.013
6699,2022-05-13 17:00:00,7600.726,7639.9556
6700,2022-05-13 18:00:00,7486.542,7501.151
6701,2022-05-13 19:00:00,7321.4927,7259.3555
6702,2022-05-13 20:00:00,7286.4814,7205.5703
6703,2022-05-13 21:00:00,7176.0684,7114.44
6704,2022-05-13 22:00:00,7022.3086,6998.7646
6705,2022-05-13 23:00:00,6757.8765,6781.8853
6706,2022-05-14 00:00:00,6496.9077,6589.785
6707,2022-05-14 01:00:00,6244.942,6327.8413
6708,2022-05-14 02:00:00,6066.3525,6172.8584
6709,2022-05-14 03:00:00,5979.491,6044.216
6710,2022-05-14 04:00:00,5946.622,5953.303
6711,2022-05-14 05:00:00,5924.845,5924.2305
6712,2022-05-14 06:00:00,5946.3276,5973.973
6713,2022-05-14 07:00:00,6081.9346,6108.5576
6714,2022-05-14 08:00:00,6296.5806,6286.167
6715,2022-05-14 09:00:00,6578.5312,6665.167
6716,2022-05-14 10:00:00,6947.725,6880.352
6717,2022-05-14 11:00:00,6983.1826,7107.659
6718,2022-05-14 12:00:00,7136.6943,7134.738
6719,2022-05-14 13:00:00,7082.0605,7067.039
6720,2022-05-14 14:00:00,7062.6274,7031.8433
6721,2022-05-14 15:00:00,7022.123,7003.9473
6722,2022-05-14 16:00:00,6955.971,7030.542
6723,2022-05-14 17:00:00,6999.6836,7011.0986
6724,2022-05-14 18:00:00,6913.8486,6891.1494
6725,2022-05-14 19:00:00,6819.4595,6821.1226
6726,2022-05-14 20:00:00,6817.2793,6901.9478
6727,2022-05-14 21:00:00,6907.0845,6944.154
6728,2022-05-14 22:00:00,6871.279,6922.909
6729,2022-05-14 23:00:00,6642.175,6761.871
6730,2022-05-15 00:00:00,6476.5386,6246.7573
6731,2022-05-15 01:00:00,6075.3726,6357.795
6732,2022-05-15 02:00:00,6016.4146,6130.404
6733,2022-05-15 03:00:00,5950.26,5995.716
6734,2022-05-15 04:00:00,5933.752,5867.4585
6735,2022-05-15 05:00:00,5832.927,5817.5693
6736,2022-05-15 06:00:00,5834.381,5834.3765
6737,2022-05-15 07:00:00,5858.272,5948.7993
6738,2022-05-15 08:00:00,6047.1255,5998.8076
6739,2022-05-15 09:00:00,6258.152,6229.8022
6740,2022-05-15 10:00:00,6420.6123,6489.599
6741,2022-05-15 11:00:00,6622.2563,6684.7754
6742,2022-05-15 12:00:00,6761.061,6724.4575
6743,2022-05-15 13:00:00,6718.1543,6642.4194
6744,2022-05-15 14:00:00,6647.8755,6693.287
6745,2022-05-15 15:00:00,6719.4175,6725.9634
6746,2022-05-15 16:00:00,6703.873,6687.164
6747,2022-05-15 17:00:00,6685.1846,6541.747
6748,2022-05-15 18:00:00,6530.541,6433.293
6749,2022-05-15 19:00:00,6457.4004,6471.118
6750,2022-05-15 20:00:00,6624.064,6593.042
6751,2022-05-15 21:00:00,6693.2695,6641.7505
6752,2022-05-15 22:00:00,6669.3223,6584.24
6753,2022-05-15 23:00:00,6409.9414,6404.5938
6754,2022-05-16 00:00:00,6252.3325,6138.1123
6755,2022-05-16 01:00:00,5960.105,6020.374
6756,2022-05-16 02:00:00,5819.366,5867.2026
6757,2022-05-16 03:00:00,5766.8643,5740.494
6758,2022-05-16 04:00:00,5672.681,5623.306
6759,2022-05-16 05:00:00,5621.8677,5593.924
6760,2022-05-16 06:00:00,5640.8677,5662.1304
6761,2022-05-16 07:00:00,5820.745,5792.4756
6762,2022-05-16 08:00:00,5931.6675,5942.5557
6763,2022-05-16 09:00:00,6161.563,6207.6416
6764,2022-05-16 10:00:00,6418.1846,6308.6436
6765,2022-05-16 11:00:00,6395.8477,6452.502
6766,2022-05-16 12:00:00,6468.1704,6543.0015
6767,2022-05-16 13:00:00,6537.4277,6527.8926
6768,2022-05-16 14:00:00,6531.8594,6606.8633
6769,2022-05-16 15:00:00,6635.411,6637.637
6770,2022-05-16 16:00:00,6668.355,6628.097
6771,2022-05-16 17:00:00,6580.9717,6541.65
6772,2022-05-16 18:00:00,6515.714,6571.2363
6773,2022-05-16 19:00:00,6565.72,6611.9277
6774,2022-05-16 20:00:00,6701.8535,6704.987
6775,2022-05-16 21:00:00,6724.5396,6716.976
6776,2022-05-16 22:00:00,6652.293,6632.534
6777,2022-05-16 23:00:00,6437.681,6380.989
6778,2022-05-17 00:00:00,6205.6045,6543.275
6779,2022-05-17 01:00:00,6104.544,5887.585
6780,2022-05-17 02:00:00,5766.4287,5709.9526
6781,2022-05-17 03:00:00,5624.2227,5598.589
6782,2022-05-17 04:00:00,5572.2295,5545.021
6783,2022-05-17 05:00:00,5554.63,5570.737
6784,2022-05-17 06:00:00,5717.2676,5760.6646
6785,2022-05-17 07:00:00,6150.2393,6157.676
6786,2022-05-17 08:00:00,6578.464,6556.074
6787,2022-05-17 09:00:00,7061.9663,7100.035
6788,2022-05-17 10:00:00,7362.2515,7348.0303
6789,2022-05-17 11:00:00,7447.795,7508.156
6790,2022-05-17 12:00:00,7523.8667,7500.5186
6791,2022-05-17 13:00:00,7485.3105,7456.5796
6792,2022-05-17 14:00:00,7553.7036,7569.4463
6793,2022-05-17 15:00:00,7626.9067,7619.211
6794,2022-05-17 16:00:00,7648.5454,7628.3022
6795,2022-05-17 17:00:00,7602.458,7625.811
6796,2022-05-17 18:00:00,7479.061,7498.747
6797,2022-05-17 19:00:00,7308.275,7277.4336
6798,2022-05-17 20:00:00,7288.64,7230.9185
6799,2022-05-17 21:00:00,7200.946,7173.955
6800,2022-05-17 22:00:00,7055.9717,7072.2676
6801,2022-05-17 23:00:00,6795.1787,6806.0903
6802,2022-05-18 00:00:00,6498.9526,6639.204
6803,2022-05-18 01:00:00,6248.0605,6261.8936
6804,2022-05-18 02:00:00,6049.4775,6048.7534
6805,2022-05-18 03:00:00,5922.128,5913.1265
6806,2022-05-18 04:00:00,5823.9463,5844.7773
6807,2022-05-18 05:00:00,5846.859,5843.315
6808,2022-05-18 06:00:00,6018.0596,5975.2075
6809,2022-05-18 07:00:00,6316.0176,6349.544
6810,2022-05-18 08:00:00,6715.322,6701.548
6811,2022-05-18 09:00:00,7162.5557,7224.68
6812,2022-05-18 10:00:00,7412.453,7478.4
6813,2022-05-18 11:00:00,7537.031,7644.888
6814,2022-05-18 12:00:00,7634.265,7608.1484
6815,2022-05-18 13:00:00,7560.4224,7576.382
6816,2022-05-18 14:00:00,7656.7515,7722.065
6817,2022-05-18 15:00:00,7740.993,7741.287
6818,2022-05-18 16:00:00,7738.0786,7727.56
6819,2022-05-18 17:00:00,7694.4746,7669.4727
6820,2022-05-18 18:00:00,7533.5205,7500.1987
6821,2022-05-18 19:00:00,7306.911,7342.011
6822,2022-05-18 20:00:00,7327.12,7386.798
6823,2022-05-18 21:00:00,7332.7686,7354.979
6824,2022-05-18 22:00:00,7097.4785,7222.6587
6825,2022-05-18 23:00:00,6852.573,6928.862
6826,2022-05-19 00:00:00,6674.7427,6327.387
6827,2022-05-19 01:00:00,6197.154,6364.3965
6828,2022-05-19 02:00:00,6063.8267,6170.6514
6829,2022-05-19 03:00:00,5988.6143,6031.041
6830,2022-05-19 04:00:00,5917.812,5957.0796
6831,2022-05-19 05:00:00,5959.095,5953.9277
6832,2022-05-19 06:00:00,6065.9487,6096.613
6833,2022-05-19 07:00:00,6375.0225,6461.4995
6834,2022-05-19 08:00:00,6758.0024,6798.902
6835,2022-05-19 09:00:00,7211.183,7245.5
6836,2022-05-19 10:00:00,7461.745,7316.7505
6837,2022-05-19 11:00:00,7475.1255,7378.5176
6838,2022-05-19 12:00:00,7369.406,7362.787
6839,2022-05-19 13:00:00,7369.5996,7308.0596
6840,2022-05-19 14:00:00,7372.056,7470.1577
6841,2022-05-19 15:00:00,7553.52,7482.0083
6842,2022-05-19 16:00:00,7513.476,7448.8545
6843,2022-05-19 17:00:00,7417.574,7381.037
6844,2022-05-19 18:00:00,7251.7783,7235.402
6845,2022-05-19 19:00:00,7156.25,7076.566
6846,2022-05-19 20:00:00,7115.109,7048.9355
6847,2022-05-19 21:00:00,7035.022,7003.535
6848,2022-05-19 22:00:00,6894.0967,6843.807
6849,2022-05-19 23:00:00,6651.5283,6570.511
6850,2022-05-20 00:00:00,6369.216,6292.6914
6851,2022-05-20 01:00:00,6074.953,6054.322
6852,2022-05-20 02:00:00,5908.4956,5894.6655
6853,2022-05-20 03:00:00,5776.073,5776.016
6854,2022-05-20 04:00:00,5730.723,5696.7456
6855,2022-05-20 05:00:00,5680.51,5711.6807
6856,2022-05-20 06:00:00,5890.074,5895.311
6857,2022-05-20 07:00:00,6250.45,6272.882
6858,2022-05-20 08:00:00,6656.5557,6636.923
6859,2022-05-20 09:00:00,7065.5337,7117.08
6860,2022-05-20 10:00:00,7325.5605,7322.0645
6861,2022-05-20 11:00:00,7404.985,7487.562
6862,2022-05-20 12:00:00,7418.0737,7501.3774
6863,2022-05-20 13:00:00,7404.1367,7432.0615
6864,2022-05-20 14:00:00,7553.8564,7518.164
6865,2022-05-20 15:00:00,7596.081,7559.827
6866,2022-05-20 16:00:00,7567.063,7386.3154
6867,2022-05-20 17:00:00,7375.773,7327.0073
6868,2022-05-20 18:00:00,7162.2793,7205.8237
6869,2022-05-20 19:00:00,7092.6045,7050.134
6870,2022-05-20 20:00:00,7065.167,7046.546
6871,2022-05-20 21:00:00,7007.0063,6890.947
6872,2022-05-20 22:00:00,6796.7046,6751.8076
6873,2022-05-20 23:00:00,6533.482,6495.1855
6874,2022-05-21 00:00:00,6273.631,6403.651
6875,2022-05-21 01:00:00,6118.8394,6038.31
6876,2022-05-21 02:00:00,5863.5225,5823.5806
6877,2022-05-21 03:00:00,5740.98,5681.3867
6878,2022-05-21 04:00:00,5626.3823,5601.2437
6879,2022-05-21 05:00:00,5580.325,5575.089
6880,2022-05-21 06:00:00,5649.8774,5654.915
6881,2022-05-21 07:00:00,5849.7637,5850.5786
6882,2022-05-21 08:00:00,6061.891,6061.4746
6883,2022-05-21 09:00:00,6316.3486,6502.5957
6884,2022-05-21 10:00:00,6695.3867,6814.6553
6885,2022-05-21 11:00:00,6882.4307,6998.4995
6886,2022-05-21 12:00:00,7024.668,7012.804
6887,2022-05-21 13:00:00,6968.8457,6952.258
6888,2022-05-21 14:00:00,6976.5117,6938.6943
6889,2022-05-21 15:00:00,6978.19,6928.266
6890,2022-05-21 16:00:00,6939.727,6870.5615
6891,2022-05-21 17:00:00,6793.324,6775.2466
6892,2022-05-21 18:00:00,6644.965,6727.51
6893,2022-05-21 19:00:00,6646.2993,6696.369
6894,2022-05-21 20:00:00,6768.3438,6769.8086
6895,2022-05-21 21:00:00,6784.482,6793.517
6896,2022-05-21 22:00:00,6734.6187,6742.853
6897,2022-05-21 23:00:00,6583.951,6575.0913
6898,2022-05-22 00:00:00,6277.757,6311.292
6899,2022-05-22 01:00:00,6100.99,6159.4917
6900,2022-05-22 02:00:00,5955.665,5989.9
6901,2022-05-22 03:00:00,5856.322,5838.5527
6902,2022-05-22 04:00:00,5767.5405,5759.4233
6903,2022-05-22 05:00:00,5745.7607,5730.3403
6904,2022-05-22 06:00:00,5748.2188,5783.9717
6905,2022-05-22 07:00:00,5825.669,5888.1523
6906,2022-05-22 08:00:00,5987.115,5950.241
6907,2022-05-22 09:00:00,6227.5186,6190.527
6908,2022-05-22 10:00:00,6399.3843,6377.716
6909,2022-05-22 11:00:00,6478.248,6539.344
6910,2022-05-22 12:00:00,6592.2,6578.5454
6911,2022-05-22 13:00:00,6539.2656,6601.8193
6912,2022-05-22 14:00:00,6639.036,6634.2456
6913,2022-05-22 15:00:00,6631.4106,6629.772
6914,2022-05-22 16:00:00,6600.196,6641.9565
6915,2022-05-22 17:00:00,6578.6445,6622.1396
6916,2022-05-22 18:00:00,6524.947,6531.935
6917,2022-05-22 19:00:00,6522.2495,6583.115
6918,2022-05-22 20:00:00,6678.496,6733.248
6919,2022-05-22 21:00:00,6769.3154,6840.6436
6920,2022-05-22 22:00:00,6730.878,6787.1807
6921,2022-05-22 23:00:00,6528.6113,6527.436
6922,2022-05-23 00:00:00,6314.6206,6352.154
6923,2022-05-23 01:00:00,6046.6836,6031.449
6924,2022-05-23 02:00:00,5850.833,5847.195
6925,2022-05-23 03:00:00,5751.1475,5711.0874
6926,2022-05-23 04:00:00,5640.395,5649.585
6927,2022-05-23 05:00:00,5625.709,5665.4746
6928,2022-05-23 06:00:00,5713.102,5851.924
6929,2022-05-23 07:00:00,6210.8174,6254.2373
6930,2022-05-23 08:00:00,6649.257,6665.156
6931,2022-05-23 09:00:00,7122.885,7197.121
6932,2022-05-23 10:00:00,7384.3145,7457.034
6933,2022-05-23 11:00:00,7535.9985,7618.9907
6934,2022-05-23 12:00:00,7599.5225,7576.0576
6935,2022-05-23 13:00:00,7511.129,7545.65
6936,2022-05-23 14:00:00,7665.938,7662.7695
6937,2022-05-23 15:00:00,7707.8677,7695.4585
6938,2022-05-23 16:00:00,7734.3813,7728.0234
6939,2022-05-23 17:00:00,7685.486,7742.4575
6940,2022-05-23 18:00:00,7545.037,7594.801
6941,2022-05-23 19:00:00,7373.365,7383.262
6942,2022-05-23 20:00:00,7392.0664,7308.5864
6943,2022-05-23 21:00:00,7267.757,7134.652
6944,2022-05-23 22:00:00,6985.405,6951.0635
6945,2022-05-23 23:00:00,6728.9404,6624.14
6946,2022-05-24 00:00:00,6424.2305,6627.8354
6947,2022-05-24 01:00:00,6170.398,6078.544
6948,2022-05-24 02:00:00,5908.7725,5955.2666
6949,2022-05-24 03:00:00,5835.989,5846.974
6950,2022-05-24 04:00:00,5806.014,5808.491
6951,2022-05-24 05:00:00,5829.16,5780.8203
6952,2022-05-24 06:00:00,5952.0205,5934.487
6953,2022-05-24 07:00:00,6306.436,6252.0503
6954,2022-05-24 08:00:00,6696.3237,6653.276
6955,2022-05-24 09:00:00,7199.265,7171.776
6956,2022-05-24 10:00:00,7445.726,7453.529
6957,2022-05-24 11:00:00,7591.13,7625.0146
6958,2022-05-24 12:00:00,7591.8877,7640.056
6959,2022-05-24 13:00:00,7574.946,7622.8457
6960,2022-05-24 14:00:00,7712.931,7653.435
6961,2022-05-24 15:00:00,7725.4604,7723.7656
6962,2022-05-24 16:00:00,7721.603,7765.463
6963,2022-05-24 17:00:00,7726.44,7739.237
6964,2022-05-24 18:00:00,7601.9985,7618.4497
6965,2022-05-24 19:00:00,7361.2656,7388.2266
6966,2022-05-24 20:00:00,7367.3306,7323.9644
6967,2022-05-24 21:00:00,7294.08,7285.1494
6968,2022-05-24 22:00:00,7091.263,7157.235
6969,2022-05-24 23:00:00,6823.013,6898.935
6970,2022-05-25 00:00:00,6553.642,6184.333
6971,2022-05-25 01:00:00,6162.322,6318.526
6972,2022-05-25 02:00:00,6025.6626,6118.304
6973,2022-05-25 03:00:00,5952.155,5972.6997
6974,2022-05-25 04:00:00,5853.757,5874.878
6975,2022-05-25 05:00:00,5847.382,5864.108
6976,2022-05-25 06:00:00,5995.334,6029.267
6977,2022-05-25 07:00:00,6332.3423,6377.59
6978,2022-05-25 08:00:00,6738.1855,6753.6177
6979,2022-05-25 09:00:00,7209.875,7232.5474
6980,2022-05-25 10:00:00,7474.013,7497.0713
6981,2022-05-25 11:00:00,7598.6426,7620.1323
6982,2022-05-25 12:00:00,7604.2627,7582.376
6983,2022-05-25 13:00:00,7560.2896,7535.903
6984,2022-05-25 14:00:00,7673.8574,7433.961
6985,2022-05-25 15:00:00,7566.6436,7429.3667
6986,2022-05-25 16:00:00,7488.6055,7377.8853
6987,2022-05-25 17:00:00,7411.0044,7359.6094
6988,2022-05-25 18:00:00,7242.9985,7223.7817
6989,2022-05-25 19:00:00,7066.766,7062.763
6990,2022-05-25 20:00:00,7082.793,7048.94
6991,2022-05-25 21:00:00,7038.641,6955.904
6992,2022-05-25 22:00:00,6838.572,6758.734
6993,2022-05-25 23:00:00,6535.4204,6469.48
6994,2022-05-26 00:00:00,6289.0273,6500.0186
6995,2022-05-26 01:00:00,6060.5537,5905.824
6996,2022-05-26 02:00:00,5807.1064,5751.3677
6997,2022-05-26 03:00:00,5682.8354,5636.267
6998,2022-05-26 04:00:00,5625.6875,5567.805
6999,2022-05-26 05:00:00,5567.459,5574.72
7000,2022-05-26 06:00:00,5832.9937,5775.882
7001,2022-05-26 07:00:00,6203.5854,6150.216
7002,2022-05-26 08:00:00,6611.5986,6504.7383
7003,2022-05-26 09:00:00,7053.9937,6959.459
7004,2022-05-26 10:00:00,7273.0806,7217.026
7005,2022-05-26 11:00:00,7340.2007,7390.0815
7006,2022-05-26 12:00:00,7381.395,7435.433
7007,2022-05-26 13:00:00,7390.8467,7374.213
7008,2022-05-26 14:00:00,7462.6973,7491.1255
7009,2022-05-26 15:00:00,7520.216,7516.8516
7010,2022-05-26 16:00:00,7544.01,7551.457
7011,2022-05-26 17:00:00,7504.034,7553.8154
7012,2022-05-26 18:00:00,7361.9233,7426.2754
7013,2022-05-26 19:00:00,7230.9775,7195.7456
7014,2022-05-26 20:00:00,7178.166,7202.5576
7015,2022-05-26 21:00:00,7136.152,7143.022
7016,2022-05-26 22:00:00,6960.0537,7001.9155
7017,2022-05-26 23:00:00,6666.219,6753.0215
7018,2022-05-27 00:00:00,6494.194,6531.029
7019,2022-05-27 01:00:00,6178.97,6207.9756
7020,2022-05-27 02:00:00,6001.7515,6015.4844
7021,2022-05-27 03:00:00,5876.2314,5872.5244
7022,2022-05-27 04:00:00,5789.247,5793.797
7023,2022-05-27 05:00:00,5780.377,5788.8794
7024,2022-05-27 06:00:00,5936.802,5942.8896
7025,2022-05-27 07:00:00,6267.601,6297.471
7026,2022-05-27 08:00:00,6681.993,6674.138
7027,2022-05-27 09:00:00,7151.4126,7192.1367
7028,2022-05-27 10:00:00,7400.7324,7417.7056
7029,2022-05-27 11:00:00,7509.4873,7551.2495
7030,2022-05-27 12:00:00,7499.3525,7514.379
7031,2022-05-27 13:00:00,7467.125,7489.5137
7032,2022-05-27 14:00:00,7594.384,7623.009
7033,2022-05-27 15:00:00,7673.398,7651.0454
7034,2022-05-27 16:00:00,7642.31,7618.5776
7035,2022-05-27 17:00:00,7617.248,7528.9365
7036,2022-05-27 18:00:00,7378.8076,7355.929
7037,2022-05-27 19:00:00,7191.8057,7179.9004
7038,2022-05-27 20:00:00,7185.167,7159.206
7039,2022-05-27 21:00:00,7079.875,7086.3687
7040,2022-05-27 22:00:00,6926.217,6984.424
7041,2022-05-27 23:00:00,6705.1455,6753.5234
7042,2022-05-28 00:00:00,6496.418,6434.6714
7043,2022-05-28 01:00:00,6206.948,6261.5767
7044,2022-05-28 02:00:00,6039.061,6055.484
7045,2022-05-28 03:00:00,5915.02,5913.85
7046,2022-05-28 04:00:00,5828.0156,5829.952
7047,2022-05-28 05:00:00,5822.6055,5804.406
7048,2022-05-28 06:00:00,5845.3413,5864.3457
7049,2022-05-28 07:00:00,5987.745,6004.9604
7050,2022-05-28 08:00:00,6158.7285,6135.886
7051,2022-05-28 09:00:00,6478.3438,6433.467
7052,2022-05-28 10:00:00,6723.119,6711.1987
7053,2022-05-28 11:00:00,6888.7627,6960.799
7054,2022-05-28 12:00:00,7023.813,6986.054
7055,2022-05-28 13:00:00,6931.094,6927.756
7056,2022-05-28 14:00:00,6917.4204,6874.281
7057,2022-05-28 15:00:00,6900.0977,6851.9526
7058,2022-05-28 16:00:00,6833.2314,6833.375
7059,2022-05-28 17:00:00,6769.929,6768.5073
7060,2022-05-28 18:00:00,6684.81,6697.247
7061,2022-05-28 19:00:00,6638.0127,6671.1025
7062,2022-05-28 20:00:00,6763.4746,6769.081
7063,2022-05-28 21:00:00,6841.7095,6793.972
7064,2022-05-28 22:00:00,6756.2964,6767.716
7065,2022-05-28 23:00:00,6594.7974,6606.629
7066,2022-05-29 00:00:00,6334.2676,6430.398
7067,2022-05-29 01:00:00,6195.035,6193.503
7068,2022-05-29 02:00:00,6008.3564,6020.631
7069,2022-05-29 03:00:00,5874.261,5905.7734
7070,2022-05-29 04:00:00,5821.1694,5821.501
7071,2022-05-29 05:00:00,5770.236,5785.421
7072,2022-05-29 06:00:00,5810.142,5812.607
7073,2022-05-29 07:00:00,5859.4526,5921.0913
7074,2022-05-29 08:00:00,6038.4214,5943.7935
7075,2022-05-29 09:00:00,6207.891,6176.131
7076,2022-05-29 10:00:00,6462.7627,6377.2017
7077,2022-05-29 11:00:00,6515.485,6535.432
7078,2022-05-29 12:00:00,6573.16,6568.6963
7079,2022-05-29 13:00:00,6567.1064,6573.094
7080,2022-05-29 14:00:00,6606.325,6652.689
7081,2022-05-29 15:00:00,6659.37,6700.632
7082,2022-05-29 16:00:00,6677.8496,6699.889
7083,2022-05-29 17:00:00,6637.746,6675.0166
7084,2022-05-29 18:00:00,6602.52,6624.117
7085,2022-05-29 19:00:00,6641.641,6631.498
7086,2022-05-29 20:00:00,6755.4155,6750.2446
7087,2022-05-29 21:00:00,6810.2686,6814.754
7088,2022-05-29 22:00:00,6753.5044,6820.0845
7089,2022-05-29 23:00:00,6574.962,6631.814
7090,2022-05-30 00:00:00,6379.7285,6696.5195
7091,2022-05-30 01:00:00,6140.2793,6163.0444
7092,2022-05-30 02:00:00,5961.9463,5990.6953
7093,2022-05-30 03:00:00,5872.0513,5873.81
7094,2022-05-30 04:00:00,5792.214,5792.6943
7095,2022-05-30 05:00:00,5784.3438,5790.8574
7096,2022-05-30 06:00:00,5877.7705,5921.518
7097,2022-05-30 07:00:00,6220.8525,6292.285
7098,2022-05-30 08:00:00,6709.051,6740.497
7099,2022-05-30 09:00:00,7209.5,7260.354
7100,2022-05-30 10:00:00,7488.339,7495.506
7101,2022-05-30 11:00:00,7599.39,7653.01
7102,2022-05-30 12:00:00,7598.795,7669.0767
7103,2022-05-30 13:00:00,7647.6436,7605.562
7104,2022-05-30 14:00:00,7696.3687,7685.823
7105,2022-05-30 15:00:00,7750.8267,7723.8105
7106,2022-05-30 16:00:00,7734.8613,7739.6445
7107,2022-05-30 17:00:00,7735.746,7710.7505
7108,2022-05-30 18:00:00,7588.268,7560.614
7109,2022-05-30 19:00:00,7369.248,7350.245
7110,2022-05-30 20:00:00,7349.088,7366.8013
7111,2022-05-30 21:00:00,7292.2754,7293.26
7112,2022-05-30 22:00:00,7127.765,7211.597
7113,2022-05-30 23:00:00,6903.628,6970.8223
7114,2022-05-31 00:00:00,6611.3433,6624.4907
7115,2022-05-31 01:00:00,6365.898,6395.6973
7116,2022-05-31 02:00:00,6139.457,6199.2686
7117,2022-05-31 03:00:00,6058.108,6058.4883
7118,2022-05-31 04:00:00,5973.964,5955.5273
7119,2022-05-31 05:00:00,5932.622,5961.8784
7120,2022-05-31 06:00:00,6034.3994,6071.619
7121,2022-05-31 07:00:00,6393.3594,6408.63
7122,2022-05-31 08:00:00,6794.7183,6818.012
7123,2022-05-31 09:00:00,7265.466,7318.324
7124,2022-05-31 10:00:00,7536.834,7521.787
7125,2022-05-31 11:00:00,7666.2617,7638.239
7126,2022-05-31 12:00:00,7640.9546,7630.9062
7127,2022-05-31 13:00:00,7619.246,7596.035
7128,2022-05-31 14:00:00,7708.0176,7728.7144
7129,2022-05-31 15:00:00,7757.74,7763.537
7130,2022-05-31 16:00:00,7775.1694,7733.2104
7131,2022-05-31 17:00:00,7714.601,7710.237
7132,2022-05-31 18:00:00,7563.366,7537.1084
7133,2022-05-31 19:00:00,7334.1343,7336.8433
7134,2022-05-31 20:00:00,7333.034,7324.565
7135,2022-05-31 21:00:00,7296.311,7288.7715
7136,2022-05-31 22:00:00,7142.9985,7192.5635
7137,2022-05-31 23:00:00,6923.07,6926.645
7138,2022-06-01 00:00:00,6516.8794,6579.616
7139,2022-06-01 01:00:00,6367.502,6345.9346
7140,2022-06-01 02:00:00,6153.268,6153.4976
7141,2022-06-01 03:00:00,6035.2715,6023.641
7142,2022-06-01 04:00:00,5944.6133,5947.5283
7143,2022-06-01 05:00:00,5960.393,5922.973
7144,2022-06-01 06:00:00,6081.1313,6047.6055
7145,2022-06-01 07:00:00,6392.8486,6383.0425
7146,2022-06-01 08:00:00,6810.049,6785.729
7147,2022-06-01 09:00:00,7269.42,7285.494
7148,2022-06-01 10:00:00,7516.9277,7454.4375
7149,2022-06-01 11:00:00,7611.0996,7480.7686
7150,2022-06-01 12:00:00,7499.605,7550.3145
7151,2022-06-01 13:00:00,7525.7114,7488.7876
7152,2022-06-01 14:00:00,7577.9263,7556.41
7153,2022-06-01 15:00:00,7599.366,7501.9
7154,2022-06-01 16:00:00,7531.023,7487.7227
7155,2022-06-01 17:00:00,7479.6055,7453.313
7156,2022-06-01 18:00:00,7298.655,7330.2705
7157,2022-06-01 19:00:00,7147.6567,7171.331
7158,2022-06-01 20:00:00,7188.945,7204.3174
7159,2022-06-01 21:00:00,7172.5684,7183.5444
7160,2022-06-01 22:00:00,7049.0117,7092.4653
7161,2022-06-01 23:00:00,6771.3965,6837.311
7162,2022-06-02 00:00:00,6515.965,6412.165
7163,2022-06-02 01:00:00,6234.095,6293.5527
7164,2022-06-02 02:00:00,6072.1724,6114.5063
7165,2022-06-02 03:00:00,5961.052,5975.038
7166,2022-06-02 04:00:00,5887.5083,5901.693
7167,2022-06-02 05:00:00,5912.9927,5886.656
7168,2022-06-02 06:00:00,6042.125,6006.385
7169,2022-06-02 07:00:00,6354.5767,6365.636
7170,2022-06-02 08:00:00,6781.9556,6704.071
7171,2022-06-02 09:00:00,7217.709,7026.49
7172,2022-06-02 10:00:00,7338.9487,7254.3657
7173,2022-06-02 11:00:00,7445.839,7422.0767
7174,2022-06-02 12:00:00,7441.8643,7447.572
7175,2022-06-02 13:00:00,7450.412,7382.5044
7176,2022-06-02 14:00:00,7503.792,7414.8833
7177,2022-06-02 15:00:00,7467.438,7374.589
7178,2022-06-02 16:00:00,7394.5796,7346.8823
7179,2022-06-02 17:00:00,7374.31,7315.8037
7180,2022-06-02 18:00:00,7214.4355,7241.1846
7181,2022-06-02 19:00:00,7102.379,7107.917
7182,2022-06-02 20:00:00,7142.5654,7110.6445
7183,2022-06-02 21:00:00,7104.2393,7043.1104
7184,2022-06-02 22:00:00,6953.2007,6911.0024
7185,2022-06-02 23:00:00,6719.174,6654.578
7186,2022-06-03 00:00:00,6417.4204,6352.3687
7187,2022-06-03 01:00:00,6193.295,6153.26
7188,2022-06-03 02:00:00,5996.101,5980.5938
7189,2022-06-03 03:00:00,5856.7876,5852.565
7190,2022-06-03 04:00:00,5823.266,5795.7676
7191,2022-06-03 05:00:00,5803.985,5783.563
7192,2022-06-03 06:00:00,5944.5,5919.0435
7193,2022-06-03 07:00:00,6292.3735,6275.841
7194,2022-06-03 08:00:00,6670.784,6666.2373
7195,2022-06-03 09:00:00,7060.712,7015.76
7196,2022-06-03 10:00:00,7260.428,7215.082
7197,2022-06-03 11:00:00,7389.5864,7307.4277
7198,2022-06-03 12:00:00,7337.817,7250.8003
7199,2022-06-03 13:00:00,7273.274,7140.2
7200,2022-06-03 14:00:00,7216.4595,7275.0137
7201,2022-06-03 15:00:00,7278.55,7332.293
7202,2022-06-03 16:00:00,7301.564,7279.89
7203,2022-06-03 17:00:00,7230.3687,7244.0835
7204,2022-06-03 18:00:00,7153.588,7091.6147
7205,2022-06-03 19:00:00,7015.6875,6955.1104
7206,2022-06-03 20:00:00,7002.69,6996.692
7207,2022-06-03 21:00:00,7010.541,6920.9023
7208,2022-06-03 22:00:00,6823.2007,6784.516
7209,2022-06-03 23:00:00,6574.2715,6545.618
7210,2022-06-04 00:00:00,6331.3506,6328.8657
7211,2022-06-04 01:00:00,6157.3184,6127.1978
7212,2022-06-04 02:00:00,5945.04,5931.1753
7213,2022-06-04 03:00:00,5824.0337,5804.492
7214,2022-06-04 04:00:00,5757.524,5721.412
7215,2022-06-04 05:00:00,5685.1094,5689.4526
7216,2022-06-04 06:00:00,5749.7017,5763.675
7217,2022-06-04 07:00:00,5856.882,5879.2603
7218,2022-06-04 08:00:00,6070.3306,5996.9287
7219,2022-06-04 09:00:00,6305.385,6337.9863
7220,2022-06-04 10:00:00,6610.368,6528.346
7221,2022-06-04 11:00:00,6680.4146,6687.522
7222,2022-06-04 12:00:00,6716.1074,6774.0977
7223,2022-06-04 13:00:00,6759.5425,6690.778
7224,2022-06-04 14:00:00,6696.5664,6683.7856
7225,2022-06-04 15:00:00,6719.119,6682.6187
7226,2022-06-04 16:00:00,6685.7725,6705.7334
7227,2022-06-04 17:00:00,6654.575,6661.8887
7228,2022-06-04 18:00:00,6594.9775,6612.8613
7229,2022-06-04 19:00:00,6592.0015,6630.3896
7230,2022-06-04 20:00:00,6738.8027,6739.7
7231,2022-06-04 21:00:00,6792.1855,6759.309
7232,2022-06-04 22:00:00,6723.1494,6720.1094
7233,2022-06-04 23:00:00,6556.1636,6532.2153
7234,2022-06-05 00:00:00,6317.051,6128.7275
7235,2022-06-05 01:00:00,6055.5923,6088.9546
7236,2022-06-05 02:00:00,5912.297,5894.594
7237,2022-06-05 03:00:00,5799.9346,5776.004
7238,2022-06-05 04:00:00,5696.405,5684.7446
7239,2022-06-05 05:00:00,5678.166,5638.789
7240,2022-06-05 06:00:00,5675.5176,5699.2695
7241,2022-06-05 07:00:00,5810.0127,5813.4507
7242,2022-06-05 08:00:00,5912.9785,5902.205
7243,2022-06-05 09:00:00,6190.2324,6193.6353
7244,2022-06-05 10:00:00,6457.9546,6380.8926
7245,2022-06-05 11:00:00,6510.9536,6549.152
7246,2022-06-05 12:00:00,6588.108,6550.3623
7247,2022-06-05 13:00:00,6534.4194,6523.5176
7248,2022-06-05 14:00:00,6570.6377,6533.463
7249,2022-06-05 15:00:00,6566.081,6462.193
7250,2022-06-05 16:00:00,6495.3257,6406.303
7251,2022-06-05 17:00:00,6377.1724,6379.5977
7252,2022-06-05 18:00:00,6345.9985,6360.2295
7253,2022-06-05 19:00:00,6367.873,6443.995
7254,2022-06-05 20:00:00,6597.8867,6577.499
7255,2022-06-05 21:00:00,6671.311,6612.2236
7256,2022-06-05 22:00:00,6628.9956,6558.9053
7257,2022-06-05 23:00:00,6399.277,6361.162
7258,2022-06-06 00:00:00,6116.1035,6273.8833
7259,2022-06-06 01:00:00,5990.103,6137.3657
7260,2022-06-06 02:00:00,5895.091,5952.912
7261,2022-06-06 03:00:00,5818.635,5839.5093
7262,2022-06-06 04:00:00,5785.155,5768.2754
7263,2022-06-06 05:00:00,5785.7295,5771.772
7264,2022-06-06 06:00:00,5929.038,5900.1265
7265,2022-06-06 07:00:00,6255.1343,6251.6987
7266,2022-06-06 08:00:00,6691.0464,6643.2227
7267,2022-06-06 09:00:00,7075.7812,7056.301
7268,2022-06-06 10:00:00,7359.6816,7202.301
7269,2022-06-06 11:00:00,7298.71,7268.7974
7270,2022-06-06 12:00:00,7260.694,7229.968
7271,2022-06-06 13:00:00,7210.0283,7111.2007
7272,2022-06-06 14:00:00,7216.1655,7201.278
7273,2022-06-06 15:00:00,7215.9556,7176.564
7274,2022-06-06 16:00:00,7188.35,7171.7505
7275,2022-06-06 17:00:00,7159.411,7211.077
7276,2022-06-06 18:00:00,7082.706,7178.031
7277,2022-06-06 19:00:00,7058.39,7040.6333
7278,2022-06-06 20:00:00,7064.5225,7058.3486
7279,2022-06-06 21:00:00,7021.232,6974.1987
7280,2022-06-06 22:00:00,6918.1587,6820.1577
7281,2022-06-06 23:00:00,6557.331,6534.3525
7282,2022-06-07 00:00:00,6301.3545,6168.702
7283,2022-06-07 01:00:00,6079.261,6013.848
7284,2022-06-07 02:00:00,5864.0083,5843.3896
7285,2022-06-07 03:00:00,5779.5195,5733.372
7286,2022-06-07 04:00:00,5683.985,5651.521
7287,2022-06-07 05:00:00,5662.058,5665.1797
7288,2022-06-07 06:00:00,5873.431,5813.567
7289,2022-06-07 07:00:00,6226.795,6159.0737
7290,2022-06-07 08:00:00,6622.951,6548.6074
7291,2022-06-07 09:00:00,7008.699,7017.5557
7292,2022-06-07 10:00:00,7227.5625,7234.5815
7293,2022-06-07 11:00:00,7291.8223,7382.782
7294,2022-06-07 12:00:00,7355.2173,7360.0693
7295,2022-06-07 13:00:00,7276.2886,7324.643
7296,2022-06-07 14:00:00,7398.848,7469.95
7297,2022-06-07 15:00:00,7477.0225,7448.176
7298,2022-06-07 16:00:00,7459.095,7437.5503
7299,2022-06-07 17:00:00,7435.821,7413.3926
7300,2022-06-07 18:00:00,7266.6436,7299.4917
7301,2022-06-07 19:00:00,7173.2217,7129.5293
7302,2022-06-07 20:00:00,7098.38,7131.6943
7303,2022-06-07 21:00:00,7060.598,7051.238
7304,2022-06-07 22:00:00,6918.601,6855.769
7305,2022-06-07 23:00:00,6554.458,6453.347
7306,2022-06-08 00:00:00,6168.933,6211.688
7307,2022-06-08 01:00:00,6037.2007,5931.454
7308,2022-06-08 02:00:00,5797.652,5771.8413
7309,2022-06-08 03:00:00,5682.425,5671.307
7310,2022-06-08 04:00:00,5631.0254,5615.7515
7311,2022-06-08 05:00:00,5609.1875,5623.8745
7312,2022-06-08 06:00:00,5801.956,5764.8037
7313,2022-06-08 07:00:00,6164.63,6101.3735
7314,2022-06-08 08:00:00,6552.2637,6507.5234
7315,2022-06-08 09:00:00,7001.3657,6965.796
7316,2022-06-08 10:00:00,7211.2954,7178.729
7317,2022-06-08 11:00:00,7284.5024,7348.8833
7318,2022-06-08 12:00:00,7326.915,7299.7593
7319,2022-06-08 13:00:00,7225.6475,7229.084
7320,2022-06-08 14:00:00,7380.2524,7332.7983
7321,2022-06-08 15:00:00,7363.95,7319.7344
7322,2022-06-08 16:00:00,7334.485,7321.8325
7323,2022-06-08 17:00:00,7305.7373,7211.2153
7324,2022-06-08 18:00:00,7111.987,7133.568
7325,2022-06-08 19:00:00,7028.471,7034.9824
7326,2022-06-08 20:00:00,7047.43,6970.869
7327,2022-06-08 21:00:00,6900.7773,6876.524
7328,2022-06-08 22:00:00,6755.0425,6727.835
7329,2022-06-08 23:00:00,6443.334,6449.764
7330,2022-06-09 00:00:00,6121.4287,6326.6265
7331,2022-06-09 01:00:00,6051.0273,5957.852
7332,2022-06-09 02:00:00,5793.7383,5815.117
7333,2022-06-09 03:00:00,5692.5796,5695.9155
7334,2022-06-09 04:00:00,5640.7144,5667.6416
7335,2022-06-09 05:00:00,5644.7627,5675.4717
7336,2022-06-09 06:00:00,5787.785,5809.37
7337,2022-06-09 07:00:00,6132.297,6128.8037
7338,2022-06-09 08:00:00,6551.757,6539.841
7339,2022-06-09 09:00:00,6963.267,6992.633
7340,2022-06-09 10:00:00,7203.9907,7221.0146
7341,2022-06-09 11:00:00,7330.3755,7381.5747
7342,2022-06-09 12:00:00,7324.916,7363.113
7343,2022-06-09 13:00:00,7275.85,7322.1113
7344,2022-06-09 14:00:00,7396.2,7391.32
7345,2022-06-09 15:00:00,7395.0576,7446.4844
7346,2022-06-09 16:00:00,7418.3237,7468.6816
7347,2022-06-09 17:00:00,7422.23,7440.17
7348,2022-06-09 18:00:00,7246.072,7298.8394
7349,2022-06-09 19:00:00,7100.938,7007.841
7350,2022-06-09 20:00:00,7011.6475,6959.5684
7351,2022-06-09 21:00:00,6928.21,6878.3306
7352,2022-06-09 22:00:00,6760.662,6762.596
7353,2022-06-09 23:00:00,6473.1675,6534.5254
7354,2022-06-10 00:00:00,6293.477,6145.6616
7355,2022-06-10 01:00:00,5976.189,6050.1597
7356,2022-06-10 02:00:00,5839.8086,5855.3335
7357,2022-06-10 03:00:00,5736.338,5639.5547
7358,2022-06-10 04:00:00,5613.2314,5531.12
7359,2022-06-10 05:00:00,5542.0806,5525.1533
7360,2022-06-10 06:00:00,5776.9644,5607.5
7361,2022-06-10 07:00:00,5884.652,5766.8994
7362,2022-06-10 08:00:00,6179.6875,5960.871
7363,2022-06-10 09:00:00,6405.4214,6350.0664
7364,2022-06-10 10:00:00,6628.898,6587.631
7365,2022-06-10 11:00:00,6669.4434,6773.6914
7366,2022-06-10 12:00:00,6757.66,6784.1475
7367,2022-06-10 13:00:00,6704.399,6755.9307
7368,2022-06-10 14:00:00,6778.545,6726.953
7369,2022-06-10 15:00:00,6745.8477,6700.8936
7370,2022-06-10 16:00:00,6720.1924,6650.385
7371,2022-06-10 17:00:00,6649.074,6573.165
7372,2022-06-10 18:00:00,6533.2183,6528.9453
7373,2022-06-10 19:00:00,6479.7163,6554.6636
7374,2022-06-10 20:00:00,6632.41,6632.88
7375,2022-06-10 21:00:00,6644.4546,6628.288
7376,2022-06-10 22:00:00,6565.9487,6557.61
7377,2022-06-10 23:00:00,6405.845,6350.372
7378,2022-06-11 00:00:00,6104.806,6038.7935
7379,2022-06-11 01:00:00,5881.102,5901.0405
7380,2022-06-11 02:00:00,5786.64,5725.7446
7381,2022-06-11 03:00:00,5616.835,5621.3647
7382,2022-06-11 04:00:00,5575.8535,5550.172
7383,2022-06-11 05:00:00,5534.3105,5518.762
7384,2022-06-11 06:00:00,5557.98,5539.542
7385,2022-06-11 07:00:00,5611.1934,5665.3945
7386,2022-06-11 08:00:00,5835.902,5745.611
7387,2022-06-11 09:00:00,6154.5356,5992.998
7388,2022-06-11 10:00:00,6330.687,6152.903
7389,2022-06-11 11:00:00,6276.129,6274.27
7390,2022-06-11 12:00:00,6282.1025,6279.2495
7391,2022-06-11 13:00:00,6287.2593,6249.1836
7392,2022-06-11 14:00:00,6252.352,6275.1045
7393,2022-06-11 15:00:00,6248.6035,6252.932
7394,2022-06-11 16:00:00,6233.215,6198.802
7395,2022-06-11 17:00:00,6167.496,6206.7847
7396,2022-06-11 18:00:00,6155.233,6245.5903
7397,2022-06-11 19:00:00,6290.511,6341.5664
7398,2022-06-11 20:00:00,6455.3726,6482.513
7399,2022-06-11 21:00:00,6548.1387,6532.12
7400,2022-06-11 22:00:00,6520.4736,6469.796
7401,2022-06-11 23:00:00,6315.978,6259.0664
7402,2022-06-12 00:00:00,6055.041,6128.7275
7403,2022-06-12 01:00:00,5955.6274,6088.9546
7404,2022-06-12 02:00:00,5864.6445,5894.594
7405,2022-06-12 03:00:00,5784.1836,5776.004
7406,2022-06-12 04:00:00,5696.786,5684.7446
7407,2022-06-12 05:00:00,5680.345,5638.789
7408,2022-06-12 06:00:00,5684.2676,5699.2695
7409,2022-06-12 07:00:00,5759.9937,5813.4507
7410,2022-06-12 08:00:00,5884.8677,5902.205
7411,2022-06-12 09:00:00,6165.68,6193.6353
7412,2022-06-12 10:00:00,6400.507,6380.8926
7413,2022-06-12 11:00:00,6480.1543,6549.152
7414,2022-06-12 12:00:00,6555.08,6550.3623
7415,2022-06-12 13:00:00,6516.642,6523.5176
7416,2022-06-12 14:00:00,6535.709,6533.463
7417,2022-06-12 15:00:00,6534.709,6462.193
7418,2022-06-12 16:00:00,6477.295,6406.303
7419,2022-06-12 17:00:00,6375.2563,6379.5977
7420,2022-06-12 18:00:00,6359.516,6360.2295
7421,2022-06-12 19:00:00,6365.823,6443.995
7422,2022-06-12 20:00:00,6568.0464,6577.499
7423,2022-06-12 21:00:00,6616.817,6612.2236
7424,2022-06-12 22:00:00,6564.163,6558.9053
7425,2022-06-12 23:00:00,6313.337,6361.162
7426,2022-06-13 00:00:00,6147.52,6167.0464
7427,2022-06-13 01:00:00,6016.9624,5828.579
7428,2022-06-13 02:00:00,5739.6436,5680.5776
7429,2022-06-13 03:00:00,5624.167,5583.4277
7430,2022-06-13 04:00:00,5556.7407,5524.915
7431,2022-06-13 05:00:00,5505.574,5532.54
7432,2022-06-13 06:00:00,5700.148,5674.814
7433,2022-06-13 07:00:00,6122.685,5993.6177
7434,2022-06-13 08:00:00,6501.2905,6359.6587
7435,2022-06-13 09:00:00,6854.5938,6817.7236
7436,2022-06-13 10:00:00,7135.0806,7078.657
7437,2022-06-13 11:00:00,7175.6445,7257.122
7438,2022-06-13 12:00:00,7251.9775,7276.131
7439,2022-06-13 13:00:00,7208.1694,7238.6655
7440,2022-06-13 14:00:00,7273.9136,7381.4204
7441,2022-06-13 15:00:00,7384.01,7419.143
7442,2022-06-13 16:00:00,7418.255,7330.9683
7443,2022-06-13 17:00:00,7316.7217,7304.4736
7444,2022-06-13 18:00:00,7229.0957,7141.9165
7445,2022-06-13 19:00:00,7021.497,6982.1504
7446,2022-06-13 20:00:00,7008.9604,6989.269
7447,2022-06-13 21:00:00,6933.109,6897.891
7448,2022-06-13 22:00:00,6764.9717,6715.6787
7449,2022-06-13 23:00:00,6404.189,6410.114
7450,2022-06-14 00:00:00,6141.956,6317.7266
7451,2022-06-14 01:00:00,6014.675,5917.397
7452,2022-06-14 02:00:00,5795.2236,5760.053
7453,2022-06-14 03:00:00,5645.1045,5651.863
7454,2022-06-14 04:00:00,5587.743,5596.21
7455,2022-06-14 05:00:00,5589.79,5613.4033
7456,2022-06-14 06:00:00,5752.0454,5767.0444
7457,2022-06-14 07:00:00,6113.94,6120.063
7458,2022-06-14 08:00:00,6538.088,6541.864
7459,2022-06-14 09:00:00,6985.313,6905.6743
7460,2022-06-14 10:00:00,7173.1094,7115.0127
7461,2022-06-14 11:00:00,7225.1387,7262.7153
7462,2022-06-14 12:00:00,7240.3096,7310.3403
7463,2022-06-14 13:00:00,7268.321,7269.389
7464,2022-06-14 14:00:00,7371.7617,7332.522
7465,2022-06-14 15:00:00,7362.6235,7290.762
7466,2022-06-14 16:00:00,7306.428,7223.037
7467,2022-06-14 17:00:00,7180.516,7281.796
7468,2022-06-14 18:00:00,7132.5215,7221.256
7469,2022-06-14 19:00:00,7036.0767,7070.5264
7470,2022-06-14 20:00:00,7046.618,7079.9966
7471,2022-06-14 21:00:00,7003.095,6997.495
7472,2022-06-14 22:00:00,6810.9624,6826.0835
7473,2022-06-14 23:00:00,6463.73,6570.088
7474,2022-06-15 00:00:00,6285.8867,6322.588
7475,2022-06-15 01:00:00,6002.592,6072.865
7476,2022-06-15 02:00:00,5872.284,5893.022
7477,2022-06-15 03:00:00,5753.177,5772.0923
7478,2022-06-15 04:00:00,5716.9277,5701.5083
7479,2022-06-15 05:00:00,5675.8477,5699.2866
7480,2022-06-15 06:00:00,5815.834,5832.681
7481,2022-06-15 07:00:00,6132.6836,6190.0967
7482,2022-06-15 08:00:00,6592.5254,6584.54
7483,2022-06-15 09:00:00,6964.288,7052.285
7484,2022-06-15 10:00:00,7215.5986,7248.3003
7485,2022-06-15 11:00:00,7328.6323,7400.221
7486,2022-06-15 12:00:00,7342.885,7387.1943
7487,2022-06-15 13:00:00,7328.1924,7337.0503
7488,2022-06-15 14:00:00,7420.77,7457.7886
7489,2022-06-15 15:00:00,7443.335,7398.2188
7490,2022-06-15 16:00:00,7383.34,7329.2275
7491,2022-06-15 17:00:00,7313.1094,7342.7944
7492,2022-06-15 18:00:00,7211.2275,7269.248
7493,2022-06-15 19:00:00,7070.7007,7106.4575
7494,2022-06-15 20:00:00,7077.8955,7084.354
7495,2022-06-15 21:00:00,7014.1494,7004.5947
7496,2022-06-15 22:00:00,6790.931,6854.6646
7497,2022-06-15 23:00:00,6476.331,6579.6875
7498,2022-06-16 00:00:00,6305.639,6104.1426
7499,2022-06-16 01:00:00,5993.912,6045.0664
7500,2022-06-16 02:00:00,5844.9795,5872.3677
7501,2022-06-16 03:00:00,5754.817,5755.788
7502,2022-06-16 04:00:00,5716.701,5684.959
7503,2022-06-16 05:00:00,5669.7886,5691.2085
7504,2022-06-16 06:00:00,5830.5327,5822.1777
7505,2022-06-16 07:00:00,6169.0874,6137.6187
7506,2022-06-16 08:00:00,6590.99,6547.96
7507,2022-06-16 09:00:00,6991.791,7001.163
7508,2022-06-16 10:00:00,7219.918,7211.2627
7509,2022-06-16 11:00:00,7364.1367,7335.5703
7510,2022-06-16 12:00:00,7324.169,7325.611
7511,2022-06-16 13:00:00,7302.7295,7204.23
7512,2022-06-16 14:00:00,7381.998,7143.7334
7513,2022-06-16 15:00:00,7183.845,7092.236
7514,2022-06-16 16:00:00,7086.2173,7068.5957
7515,2022-06-16 17:00:00,7028.587,7084.815
7516,2022-06-16 18:00:00,7022.041,7030.898
7517,2022-06-16 19:00:00,6951.181,6934.8076
7518,2022-06-16 20:00:00,6945.388,6915.5693
7519,2022-06-16 21:00:00,6885.0474,6822.2188
7520,2022-06-16 22:00:00,6703.2056,6663.103
7521,2022-06-16 23:00:00,6415.497,6383.459
7522,2022-06-17 00:00:00,6104.5576,6229.328
7523,2022-06-17 01:00:00,6020.6387,5867.299
7524,2022-06-17 02:00:00,5751.811,5699.5327
7525,2022-06-17 03:00:00,5642.2114,5600.5005
7526,2022-06-17 04:00:00,5573.645,5540.6973
7527,2022-06-17 05:00:00,5513.7505,5551.789
7528,2022-06-17 06:00:00,5640.426,5679.4907
7529,2022-06-17 07:00:00,6000.228,6025.8687
7530,2022-06-17 08:00:00,6459.5757,6423.816
7531,2022-06-17 09:00:00,6847.899,6882.194
7532,2022-06-17 10:00:00,7083.495,7059.4214
7533,2022-06-17 11:00:00,7161.686,7183.662
7534,2022-06-17 12:00:00,7155.747,7208.307
7535,2022-06-17 13:00:00,7143.2363,7164.7856
7536,2022-06-17 14:00:00,7176.1914,7197.792
7537,2022-06-17 15:00:00,7158.9717,7224.6924
7538,2022-06-17 16:00:00,7183.727,7177.2964
7539,2022-06-17 17:00:00,7145.505,7132.9253
7540,2022-06-17 18:00:00,7058.0684,7034.012
7541,2022-06-17 19:00:00,6941.3535,6911.6772
7542,2022-06-17 20:00:00,6932.285,6897.6606
7543,2022-06-17 21:00:00,6822.4224,6811.7104
7544,2022-06-17 22:00:00,6673.6987,6672.357
7545,2022-06-17 23:00:00,6391.2476,6434.9985
7546,2022-06-18 00:00:00,6206.3267,6068.2637
7547,2022-06-18 01:00:00,5907.6406,5983.3384
7548,2022-06-18 02:00:00,5791.6914,5805.6763
7549,2022-06-18 03:00:00,5695.6714,5683.0723
7550,2022-06-18 04:00:00,5640.4424,5590.327
7551,2022-06-18 05:00:00,5574.991,5584.7124
7552,2022-06-18 06:00:00,5628.0674,5653.988
7553,2022-06-18 07:00:00,5719.049,5807.821
7554,2022-06-18 08:00:00,5935.6562,5975.5347
7555,2022-06-18 09:00:00,6262.1226,6307.478
7556,2022-06-18 10:00:00,6502.1143,6548.139
7557,2022-06-18 11:00:00,6658.038,6718.28
7558,2022-06-18 12:00:00,6722.4014,6750.785
7559,2022-06-18 13:00:00,6701.0537,6684.1597
7560,2022-06-18 14:00:00,6647.236,6643.8135
7561,2022-06-18 15:00:00,6609.628,6684.6846
7562,2022-06-18 16:00:00,6620.143,6623.507
7563,2022-06-18 17:00:00,6569.3726,6583.8125
7564,2022-06-18 18:00:00,6528.088,6545.0
7565,2022-06-18 19:00:00,6531.1504,6506.811
7566,2022-06-18 20:00:00,6599.3936,6566.475
7567,2022-06-18 21:00:00,6605.3394,6556.643
7568,2022-06-18 22:00:00,6524.877,6490.164
7569,2022-06-18 23:00:00,6300.8965,6265.6484
7570,2022-06-19 00:00:00,6061.1445,6143.134
7571,2022-06-19 01:00:00,5964.267,5854.6685
7572,2022-06-19 02:00:00,5725.555,5689.9414
7573,2022-06-19 03:00:00,5613.78,5572.7603
7574,2022-06-19 04:00:00,5512.54,5489.692
7575,2022-06-19 05:00:00,5480.056,5476.292
7576,2022-06-19 06:00:00,5563.746,5532.014
7577,2022-06-19 07:00:00,5691.3706,5653.424
7578,2022-06-19 08:00:00,5741.803,5733.0605
7579,2022-06-19 09:00:00,6075.9443,5990.5146
7580,2022-06-19 10:00:00,6238.8994,6230.2275
7581,2022-06-19 11:00:00,6320.23,6390.986
7582,2022-06-19 12:00:00,6444.4976,6432.104
7583,2022-06-19 13:00:00,6383.0137,6445.4683
7584,2022-06-19 14:00:00,6439.2188,6447.6343
7585,2022-06-19 15:00:00,6419.7026,6460.2935
7586,2022-06-19 16:00:00,6419.766,6407.3916
7587,2022-06-19 17:00:00,6374.832,6412.862
7588,2022-06-19 18:00:00,6387.8213,6419.755
7589,2022-06-19 19:00:00,6435.1694,6476.3843
7590,2022-06-19 20:00:00,6530.554,6619.712
7591,2022-06-19 21:00:00,6624.2236,6654.4863
7592,2022-06-19 22:00:00,6600.7495,6609.1226
7593,2022-06-19 23:00:00,6355.159,6395.274
7594,2022-06-20 00:00:00,6151.542,6074.4424
7595,2022-06-20 01:00:00,5858.189,5876.639
7596,2022-06-20 02:00:00,5719.4067,5701.753
7597,2022-06-20 03:00:00,5600.7275,5572.8433
7598,2022-06-20 04:00:00,5548.859,5463.672
7599,2022-06-20 05:00:00,5439.337,5469.6475
7600,2022-06-20 06:00:00,5647.0605,5626.28
7601,2022-06-20 07:00:00,6016.0996,6009.437
7602,2022-06-20 08:00:00,6471.6064,6448.9556
7603,2022-06-20 09:00:00,6892.594,6846.7295
7604,2022-06-20 10:00:00,7103.33,7029.88
7605,2022-06-20 11:00:00,7128.6313,7105.765
7606,2022-06-20 12:00:00,7112.945,7054.518
7607,2022-06-20 13:00:00,7006.2607,6990.778
7608,2022-06-20 14:00:00,7041.529,7081.9883
7609,2022-06-20 15:00:00,7084.451,7078.9062
7610,2022-06-20 16:00:00,7070.677,7067.903
7611,2022-06-20 17:00:00,7068.9536,7060.189
7612,2022-06-20 18:00:00,6974.9863,6986.6504
7613,2022-06-20 19:00:00,6913.667,6869.021
7614,2022-06-20 20:00:00,6899.523,6872.281
7615,2022-06-20 21:00:00,6844.8813,6780.928
7616,2022-06-20 22:00:00,6673.6167,6616.979
7617,2022-06-20 23:00:00,6353.6255,6319.869
7618,2022-06-21 00:00:00,6066.449,6151.358
7619,2022-06-21 01:00:00,5896.609,5838.417
7620,2022-06-21 02:00:00,5675.9424,5689.4346
7621,2022-06-21 03:00:00,5564.632,5599.558
7622,2022-06-21 04:00:00,5556.444,5542.3735
7623,2022-06-21 05:00:00,5513.0913,5546.6787
7624,2022-06-21 06:00:00,5694.0205,5716.01
7625,2022-06-21 07:00:00,6087.22,6089.6353
7626,2022-06-21 08:00:00,6509.0713,6509.4956
7627,2022-06-21 09:00:00,6912.1445,6949.294
7628,2022-06-21 10:00:00,7124.801,7153.941
7629,2022-06-21 11:00:00,7204.073,7168.49
7630,2022-06-21 12:00:00,7129.6733,7205.2354
7631,2022-06-21 13:00:00,7165.457,7146.8057
7632,2022-06-21 14:00:00,7214.096,7156.83
7633,2022-06-21 15:00:00,7162.141,7124.648
7634,2022-06-21 16:00:00,7101.203,7115.1187
7635,2022-06-21 17:00:00,7090.7773,7132.6143
7636,2022-06-21 18:00:00,7025.031,7051.6475
7637,2022-06-21 19:00:00,6932.277,6953.6895
7638,2022-06-21 20:00:00,6939.5107,6959.866
7639,2022-06-21 21:00:00,6908.825,6879.267
7640,2022-06-21 22:00:00,6691.748,6702.976
7641,2022-06-21 23:00:00,6379.601,6397.0366
7642,2022-06-22 00:00:00,6111.1733,6260.222
7643,2022-06-22 01:00:00,5928.6274,5882.4595
7644,2022-06-22 02:00:00,5728.3755,5721.0576
7645,2022-06-22 03:00:00,5597.8267,5605.494
7646,2022-06-22 04:00:00,5552.7905,5580.868
7647,2022-06-22 05:00:00,5592.4917,5599.2725
7648,2022-06-22 06:00:00,5744.654,5729.6836
7649,2022-06-22 07:00:00,6070.63,6082.5874
7650,2022-06-22 08:00:00,6521.791,6490.8457
7651,2022-06-22 09:00:00,6921.241,6903.0796
7652,2022-06-22 10:00:00,7150.929,7098.9233
7653,2022-06-22 11:00:00,7184.038,7210.4883
7654,2022-06-22 12:00:00,7207.165,7196.7593
7655,2022-06-22 13:00:00,7150.513,7166.2134
7656,2022-06-22 14:00:00,7213.4985,7223.5137
7657,2022-06-22 15:00:00,7222.739,7308.1763
7658,2022-06-22 16:00:00,7304.7393,7279.4233
7659,2022-06-22 17:00:00,7258.384,7260.2544
7660,2022-06-22 18:00:00,7185.9814,7179.8955
7661,2022-06-22 19:00:00,7030.166,7007.484
7662,2022-06-22 20:00:00,6991.3286,7002.2456
7663,2022-06-22 21:00:00,6923.6113,6912.74
7664,2022-06-22 22:00:00,6709.3237,6772.029
7665,2022-06-22 23:00:00,6414.2783,6527.7944
7666,2022-06-23 00:00:00,6211.3936,6157.1787
7667,2022-06-23 01:00:00,5961.578,5990.7197
7668,2022-06-23 02:00:00,5786.3345,5815.008
7669,2022-06-23 03:00:00,5693.3687,5689.2144
7670,2022-06-23 04:00:00,5624.429,5627.2124
7671,2022-06-23 05:00:00,5632.2754,5624.163
7672,2022-06-23 06:00:00,5768.0693,5781.1875
7673,2022-06-23 07:00:00,6081.6704,6136.656
7674,2022-06-23 08:00:00,6526.426,6531.4097
7675,2022-06-23 09:00:00,6933.115,6999.42
7676,2022-06-23 10:00:00,7159.3276,7195.865
7677,2022-06-23 11:00:00,7253.2944,7228.982
7678,2022-06-23 12:00:00,7209.2285,7257.729
7679,2022-06-23 13:00:00,7204.996,7219.565
7680,2022-06-23 14:00:00,7257.0967,7319.3345
7681,2022-06-23 15:00:00,7306.801,7267.0635
7682,2022-06-23 16:00:00,7262.8687,7224.86
7683,2022-06-23 17:00:00,7225.261,7177.8936
7684,2022-06-23 18:00:00,7085.925,7092.9517
7685,2022-06-23 19:00:00,6964.103,6983.4727
7686,2022-06-23 20:00:00,6958.404,6962.584
7687,2022-06-23 21:00:00,6897.149,6853.4966
7688,2022-06-23 22:00:00,6693.8354,6683.384
7689,2022-06-23 23:00:00,6417.0654,6399.137
7690,2022-06-24 00:00:00,6124.677,6232.854
7691,2022-06-24 01:00:00,5928.225,5897.3086
7692,2022-06-24 02:00:00,5750.478,5735.905
7693,2022-06-24 03:00:00,5626.185,5632.286
7694,2022-06-24 04:00:00,5586.0093,5574.698
7695,2022-06-24 05:00:00,5562.9316,5556.863
7696,2022-06-24 06:00:00,5721.538,5679.2344
7697,2022-06-24 07:00:00,6047.6733,6017.975
7698,2022-06-24 08:00:00,6457.1113,6438.223
7699,2022-06-24 09:00:00,6877.8877,6814.6895
7700,2022-06-24 10:00:00,7072.21,7019.1533
7701,2022-06-24 11:00:00,7113.975,7208.203
7702,2022-06-24 12:00:00,7195.0654,7235.22
7703,2022-06-24 13:00:00,7181.957,7178.0005
7704,2022-06-24 14:00:00,7239.364,7301.6533
7705,2022-06-24 15:00:00,7268.1436,7298.222
7706,2022-06-24 16:00:00,7259.391,7228.8706
7707,2022-06-24 17:00:00,7179.4224,7217.8335
7708,2022-06-24 18:00:00,7092.4507,7107.574
7709,2022-06-24 19:00:00,6969.4727,6959.007
7710,2022-06-24 20:00:00,6957.759,6938.4478
7711,2022-06-24 21:00:00,6869.72,6848.6533
7712,2022-06-24 22:00:00,6674.305,6690.8335
7713,2022-06-24 23:00:00,6395.764,6450.794
7714,2022-06-25 00:00:00,6158.3,6033.477
7715,2022-06-25 01:00:00,5908.8594,5978.206
7716,2022-06-25 02:00:00,5772.123,5800.6426
7717,2022-06-25 03:00:00,5665.9595,5657.8447
7718,2022-06-25 04:00:00,5598.9404,5563.084
7719,2022-06-25 05:00:00,5546.99,5508.9917
7720,2022-06-25 06:00:00,5590.3457,5575.7817
7721,2022-06-25 07:00:00,5686.362,5736.183
7722,2022-06-25 08:00:00,5946.695,5922.04
7723,2022-06-25 09:00:00,6218.594,6291.809
7724,2022-06-25 10:00:00,6508.675,6471.806
7725,2022-06-25 11:00:00,6599.2007,6638.887
7726,2022-06-25 12:00:00,6625.135,6634.1636
7727,2022-06-25 13:00:00,6582.6714,6546.639
7728,2022-06-25 14:00:00,6526.74,6510.4614
7729,2022-06-25 15:00:00,6515.344,6492.677
7730,2022-06-25 16:00:00,6445.553,6444.2075
7731,2022-06-25 17:00:00,6405.4395,6404.24
7732,2022-06-25 18:00:00,6380.786,6376.049
7733,2022-06-25 19:00:00,6414.328,6398.06
7734,2022-06-25 20:00:00,6490.004,6490.7236
7735,2022-06-25 21:00:00,6539.9517,6496.0083
7736,2022-06-25 22:00:00,6448.1006,6402.3213
7737,2022-06-25 23:00:00,6234.1455,6222.0283
7738,2022-06-26 00:00:00,6039.906,6149.0225
7739,2022-06-26 01:00:00,5909.84,5794.518
7740,2022-06-26 02:00:00,5680.728,5650.046
7741,2022-06-26 03:00:00,5574.373,5553.4683
7742,2022-06-26 04:00:00,5511.188,5486.5347
7743,2022-06-26 05:00:00,5441.096,5477.448
7744,2022-06-26 06:00:00,5476.556,5545.1963
7745,2022-06-26 07:00:00,5653.3193,5680.6216
7746,2022-06-26 08:00:00,5839.0767,5774.884
7747,2022-06-26 09:00:00,6075.051,6049.3945
7748,2022-06-26 10:00:00,6282.1177,6249.6885
7749,2022-06-26 11:00:00,6404.427,6393.5654
7750,2022-06-26 12:00:00,6446.014,6401.2964
7751,2022-06-26 13:00:00,6404.15,6377.6665
7752,2022-06-26 14:00:00,6370.393,6468.3447
7753,2022-06-26 15:00:00,6429.41,6496.363
7754,2022-06-26 16:00:00,6458.321,6503.127
7755,2022-06-26 17:00:00,6476.1377,6457.286
7756,2022-06-26 18:00:00,6449.533,6450.7847
7757,2022-06-26 19:00:00,6484.8765,6499.74
7758,2022-06-26 20:00:00,6602.2954,6658.5503
7759,2022-06-26 21:00:00,6688.629,6728.1597
7760,2022-06-26 22:00:00,6622.9004,6665.733
7761,2022-06-26 23:00:00,6401.425,6405.905
7762,2022-06-27 00:00:00,6145.322,6416.6084
7763,2022-06-27 01:00:00,6014.4883,5896.3687
7764,2022-06-27 02:00:00,5743.8564,5723.882
7765,2022-06-27 03:00:00,5614.325,5620.9663
7766,2022-06-27 04:00:00,5555.868,5568.3804
7767,2022-06-27 05:00:00,5545.6235,5602.0723
7768,2022-06-27 06:00:00,5724.06,5789.1187
7769,2022-06-27 07:00:00,6114.733,6180.8906
7770,2022-06-27 08:00:00,6565.2964,6566.07
7771,2022-06-27 09:00:00,6936.506,7086.231
7772,2022-06-27 10:00:00,7206.5596,7341.76
7773,2022-06-27 11:00:00,7373.625,7436.7153
7774,2022-06-27 12:00:00,7405.2373,7458.315
7775,2022-06-27 13:00:00,7443.2754,7408.804
7776,2022-06-27 14:00:00,7490.752,7500.3804
7777,2022-06-27 15:00:00,7480.064,7491.0723
7778,2022-06-27 16:00:00,7458.0654,7400.849
7779,2022-06-27 17:00:00,7371.572,7399.486
7780,2022-06-27 18:00:00,7295.5693,7339.212
7781,2022-06-27 19:00:00,7194.79,7172.23
7782,2022-06-27 20:00:00,7137.8457,7168.2065
7783,2022-06-27 21:00:00,7087.652,7109.411
7784,2022-06-27 22:00:00,6858.322,6957.683
7785,2022-06-27 23:00:00,6546.0356,6663.662
7786,2022-06-28 00:00:00,6398.6924,6232.1636
7787,2022-06-28 01:00:00,6026.627,6151.1133
7788,2022-06-28 02:00:00,5882.747,5968.9194
7789,2022-06-28 03:00:00,5816.32,5846.1367
7790,2022-06-28 04:00:00,5786.6226,5783.7275
7791,2022-06-28 05:00:00,5808.1963,5760.5674
7792,2022-06-28 06:00:00,5881.708,5940.867
7793,2022-06-28 07:00:00,6240.141,6302.3823
7794,2022-06-28 08:00:00,6668.618,6670.4546
7795,2022-06-28 09:00:00,7095.7524,7151.66
7796,2022-06-28 10:00:00,7344.6206,7370.8027
7797,2022-06-28 11:00:00,7452.235,7509.9473
7798,2022-06-28 12:00:00,7511.459,7539.265
7799,2022-06-28 13:00:00,7436.148,7524.346
7800,2022-06-28 14:00:00,7573.3193,7462.8896
7801,2022-06-28 15:00:00,7474.993,7395.6265
7802,2022-06-28 16:00:00,7403.806,7310.1475
7803,2022-06-28 17:00:00,7302.406,7323.928
7804,2022-06-28 18:00:00,7222.41,7146.4976
7805,2022-06-28 19:00:00,7061.364,6980.608
7806,2022-06-28 20:00:00,6975.084,7009.849
7807,2022-06-28 21:00:00,6994.8706,6937.5195
7808,2022-06-28 22:00:00,6746.416,6787.663
7809,2022-06-28 23:00:00,6507.94,6510.292
7810,2022-06-29 00:00:00,6254.773,6439.3135
7811,2022-06-29 01:00:00,6038.35,5968.3965
7812,2022-06-29 02:00:00,5840.814,5815.35
7813,2022-06-29 03:00:00,5726.265,5715.8755
7814,2022-06-29 04:00:00,5680.9775,5656.492
7815,2022-06-29 05:00:00,5686.0723,5657.826
7816,2022-06-29 06:00:00,5865.897,5853.8076
7817,2022-06-29 07:00:00,6219.4004,6221.9307
7818,2022-06-29 08:00:00,6631.2837,6566.9175
7819,2022-06-29 09:00:00,7032.9375,7049.768
7820,2022-06-29 10:00:00,7319.3433,7278.51
7821,2022-06-29 11:00:00,7398.8213,7396.152
7822,2022-06-29 12:00:00,7389.8,7405.1396
7823,2022-06-29 13:00:00,7344.2227,7352.5093
7824,2022-06-29 14:00:00,7407.1533,7364.9824
7825,2022-06-29 15:00:00,7348.707,7388.5864
7826,2022-06-29 16:00:00,7368.246,7387.2944
7827,2022-06-29 17:00:00,7355.8745,7363.4434
7828,2022-06-29 18:00:00,7253.647,7272.959
7829,2022-06-29 19:00:00,7068.6387,7124.0635
7830,2022-06-29 20:00:00,7078.185,7161.9463
7831,2022-06-29 21:00:00,7069.779,7116.2104
7832,2022-06-29 22:00:00,6833.7607,7000.826
7833,2022-06-29 23:00:00,6615.4595,6708.2993
7834,2022-06-30 00:00:00,6369.9463,6238.076
7835,2022-06-30 01:00:00,6102.1875,6180.9307
7836,2022-06-30 02:00:00,5921.96,6013.391
7837,2022-06-30 03:00:00,5868.963,5882.368
7838,2022-06-30 04:00:00,5783.5405,5691.165
7839,2022-06-30 05:00:00,5687.0015,5684.449
7840,2022-06-30 06:00:00,5875.9062,5859.8237
7841,2022-06-30 07:00:00,6223.788,6214.539
7842,2022-06-30 08:00:00,6621.291,6581.7773
7843,2022-06-30 09:00:00,7036.436,6969.9844
7844,2022-06-30 10:00:00,7235.2456,7145.7666
7845,2022-06-30 11:00:00,7277.2036,7266.631
7846,2022-06-30 12:00:00,7257.284,7213.2354
7847,2022-06-30 13:00:00,7200.575,7156.7495
7848,2022-06-30 14:00:00,7243.371,7228.847
7849,2022-06-30 15:00:00,7231.187,7216.9116
7850,2022-06-30 16:00:00,7195.834,7221.2427
7851,2022-06-30 17:00:00,7194.915,7175.844
7852,2022-06-30 18:00:00,7109.834,7073.6465
7853,2022-06-30 19:00:00,6972.9546,6956.606
7854,2022-06-30 20:00:00,6970.634,6965.916
7855,2022-06-30 21:00:00,6928.7485,6921.538
7856,2022-06-30 22:00:00,6756.5557,6793.871
7857,2022-06-30 23:00:00,6460.41,6508.7534
7858,2022-07-01 00:00:00,6218.13,6386.328
7859,2022-07-01 01:00:00,6014.837,5988.386
7860,2022-07-01 02:00:00,5830.576,5823.041
7861,2022-07-01 03:00:00,5687.892,5718.78
7862,2022-07-01 04:00:00,5641.864,5649.7783
7863,2022-07-01 05:00:00,5655.8325,5654.594
7864,2022-07-01 06:00:00,5796.5464,5833.4165
7865,2022-07-01 07:00:00,6187.0283,6170.0264
7866,2022-07-01 08:00:00,6559.853,6539.7837
7867,2022-07-01 09:00:00,6920.853,7047.4995
7868,2022-07-01 10:00:00,7189.4907,7271.222
7869,2022-07-01 11:00:00,7347.794,7412.1216
7870,2022-07-01 12:00:00,7418.4146,7401.5947
7871,2022-07-01 13:00:00,7307.6924,7335.1343
7872,2022-07-01 14:00:00,7393.708,7404.125
7873,2022-07-01 15:00:00,7390.536,7431.498
7874,2022-07-01 16:00:00,7411.419,7427.581
7875,2022-07-01 17:00:00,7376.9404,7406.514
7876,2022-07-01 18:00:00,7295.6543,7265.937
7877,2022-07-01 19:00:00,7094.4927,7088.044
7878,2022-07-01 20:00:00,7070.7837,7061.9146
7879,2022-07-01 21:00:00,7015.4434,6992.169
7880,2022-07-01 22:00:00,6803.6816,6852.045
7881,2022-07-01 23:00:00,6520.92,6605.5044
7882,2022-07-02 00:00:00,6247.7607,6344.49
7883,2022-07-02 01:00:00,6061.7183,6147.994
7884,2022-07-02 02:00:00,5925.207,5959.942
7885,2022-07-02 03:00:00,5821.4536,5830.6997
7886,2022-07-02 04:00:00,5711.26,5753.159
7887,2022-07-02 05:00:00,5698.7676,5740.9644
7888,2022-07-02 06:00:00,5778.9062,5826.327
7889,2022-07-02 07:00:00,5979.585,5984.1997
7890,2022-07-02 08:00:00,6206.152,6153.5166
7891,2022-07-02 09:00:00,6457.464,6550.291
7892,2022-07-02 10:00:00,6734.7,6749.007
7893,2022-07-02 11:00:00,6800.288,6921.82
7894,2022-07-02 12:00:00,6940.07,6885.8354
7895,2022-07-02 13:00:00,6838.645,6837.676
7896,2022-07-02 14:00:00,6830.828,6839.6523
7897,2022-07-02 15:00:00,6826.311,6821.4614
7898,2022-07-02 16:00:00,6803.788,6759.383
7899,2022-07-02 17:00:00,6701.9795,6698.57
7900,2022-07-02 18:00:00,6639.7173,6642.5894
7901,2022-07-02 19:00:00,6619.6187,6640.8906
7902,2022-07-02 20:00:00,6692.181,6741.988
7903,2022-07-02 21:00:00,6759.6826,6747.465
7904,2022-07-02 22:00:00,6667.7563,6686.6924
7905,2022-07-02 23:00:00,6483.645,6510.33
7906,2022-07-03 00:00:00,6316.926,6383.095
7907,2022-07-03 01:00:00,6026.422,6105.948
7908,2022-07-03 02:00:00,5874.351,5928.633
7909,2022-07-03 03:00:00,5804.3237,5801.9854
7910,2022-07-03 04:00:00,5719.0796,5726.4683
7911,2022-07-03 05:00:00,5713.956,5688.402
7912,2022-07-03 06:00:00,5740.285,5751.843
7913,2022-07-03 07:00:00,5826.6533,5883.3477
7914,2022-07-03 08:00:00,6010.753,5933.567
7915,2022-07-03 09:00:00,6212.3765,6177.147
7916,2022-07-03 10:00:00,6430.7925,6369.881
7917,2022-07-03 11:00:00,6505.4243,6500.12
7918,2022-07-03 12:00:00,6546.0957,6514.9414
7919,2022-07-03 13:00:00,6491.21,6528.893
7920,2022-07-03 14:00:00,6522.6367,6590.7173
7921,2022-07-03 15:00:00,6601.9995,6632.2886
7922,2022-07-03 16:00:00,6593.5527,6591.4316
7923,2022-07-03 17:00:00,6543.1343,6585.0063
7924,2022-07-03 18:00:00,6557.804,6562.5835
7925,2022-07-03 19:00:00,6608.503,6595.933
7926,2022-07-03 20:00:00,6737.094,6747.001
7927,2022-07-03 21:00:00,6798.8677,6819.2134
7928,2022-07-03 22:00:00,6732.811,6795.9023
7929,2022-07-03 23:00:00,6581.7896,6601.7847
7930,2022-07-04 00:00:00,6385.9067,6574.179
7931,2022-07-04 01:00:00,6124.351,6113.49
7932,2022-07-04 02:00:00,5920.04,5935.7725
7933,2022-07-04 03:00:00,5805.641,5815.802
7934,2022-07-04 04:00:00,5729.2812,5753.8423
7935,2022-07-04 05:00:00,5742.25,5767.409
7936,2022-07-04 06:00:00,5870.186,5906.81
7937,2022-07-04 07:00:00,6238.4316,6261.27
7938,2022-07-04 08:00:00,6645.951,6711.113
7939,2022-07-04 09:00:00,7125.7236,7221.7534
7940,2022-07-04 10:00:00,7414.392,7461.642
7941,2022-07-04 11:00:00,7541.12,7588.732
7942,2022-07-04 12:00:00,7594.5854,7565.6543
7943,2022-07-04 13:00:00,7565.5967,7539.822
7944,2022-07-04 14:00:00,7578.7744,7662.569
7945,2022-07-04 15:00:00,7635.667,7683.5586
7946,2022-07-04 16:00:00,7672.2207,7674.1465
7947,2022-07-04 17:00:00,7647.795,7666.5493
7948,2022-07-04 18:00:00,7526.024,7474.018
7949,2022-07-04 19:00:00,7318.9526,7292.2095
7950,2022-07-04 20:00:00,7283.406,7280.0537
7951,2022-07-04 21:00:00,7249.7183,7203.9033
7952,2022-07-04 22:00:00,7038.3154,7099.679
7953,2022-07-04 23:00:00,6729.665,6852.055
7954,2022-07-05 00:00:00,6519.6626,6315.37
7955,2022-07-05 01:00:00,6188.127,6287.5903
7956,2022-07-05 02:00:00,6034.266,6104.5073
7957,2022-07-05 03:00:00,5968.935,5964.249
7958,2022-07-05 04:00:00,5894.061,5897.811
7959,2022-07-05 05:00:00,5913.768,5901.406
7960,2022-07-05 06:00:00,6011.4517,6065.2827
7961,2022-07-05 07:00:00,6340.2417,6410.4824
7962,2022-07-05 08:00:00,6777.7817,6774.903
7963,2022-07-05 09:00:00,7243.205,7271.2207
7964,2022-07-05 10:00:00,7490.245,7487.747
7965,2022-07-05 11:00:00,7614.7783,7599.289
7966,2022-07-05 12:00:00,7624.4883,7393.157
7967,2022-07-05 13:00:00,7427.8506,7270.086
7968,2022-07-05 14:00:00,7352.5356,7311.9707
7969,2022-07-05 15:00:00,7322.189,7307.023
7970,2022-07-05 16:00:00,7323.8076,7268.9414
7971,2022-07-05 17:00:00,7275.737,7242.7236
7972,2022-07-05 18:00:00,7150.1533,7213.0635
7973,2022-07-05 19:00:00,7109.8643,7065.261
7974,2022-07-05 20:00:00,7099.323,7052.7197
7975,2022-07-05 21:00:00,7009.5986,6973.4014
7976,2022-07-05 22:00:00,6845.5786,6817.2017
7977,2022-07-05 23:00:00,6577.052,6558.3716
7978,2022-07-06 00:00:00,6334.223,6411.945
7979,2022-07-06 01:00:00,6101.471,6045.5244
7980,2022-07-06 02:00:00,5905.1655,5886.843
7981,2022-07-06 03:00:00,5784.8926,5767.5264
7982,2022-07-06 04:00:00,5726.3525,5709.704
7983,2022-07-06 05:00:00,5728.346,5726.7373
7984,2022-07-06 06:00:00,5930.514,5926.2305
7985,2022-07-06 07:00:00,6263.9434,6309.8867
7986,2022-07-06 08:00:00,6716.2026,6691.5166
7987,2022-07-06 09:00:00,7121.67,7163.5635
7988,2022-07-06 10:00:00,7395.6523,7388.5947
7989,2022-07-06 11:00:00,7512.4727,7503.055
7990,2022-07-06 12:00:00,7459.5513,7442.2793
7991,2022-07-06 13:00:00,7372.402,7364.912
7992,2022-07-06 14:00:00,7407.37,7433.536
7993,2022-07-06 15:00:00,7425.3545,7439.9126
7994,2022-07-06 16:00:00,7413.163,7485.0127
7995,2022-07-06 17:00:00,7456.6245,7446.036
7996,2022-07-06 18:00:00,7305.5493,7356.1445
7997,2022-07-06 19:00:00,7153.832,7201.8643
7998,2022-07-06 20:00:00,7164.0225,7161.988
7999,2022-07-06 21:00:00,7107.592,7028.129
8000,2022-07-06 22:00:00,6861.4575,6870.131
8001,2022-07-06 23:00:00,6607.5874,6646.133
8002,2022-07-07 00:00:00,6352.5312,6640.592
8003,2022-07-07 01:00:00,6169.0386,6153.5947
8004,2022-07-07 02:00:00,5999.185,5974.343
8005,2022-07-07 03:00:00,5837.453,5852.4326
8006,2022-07-07 04:00:00,5791.464,5779.7847
8007,2022-07-07 05:00:00,5770.9287,5786.081
8008,2022-07-07 06:00:00,5962.719,5976.989
8009,2022-07-07 07:00:00,6314.1943,6327.7847
8010,2022-07-07 08:00:00,6744.64,6699.2397
8011,2022-07-07 09:00:00,7161.437,7144.096
8012,2022-07-07 10:00:00,7390.413,7393.716
8013,2022-07-07 11:00:00,7527.107,7523.0664
8014,2022-07-07 12:00:00,7468.4487,7583.091
8015,2022-07-07 13:00:00,7455.314,7521.943
8016,2022-07-07 14:00:00,7540.859,7657.032
8017,2022-07-07 15:00:00,7670.4023,7715.2397
8018,2022-07-07 16:00:00,7726.6064,7624.083
8019,2022-07-07 17:00:00,7625.266,7614.3003
8020,2022-07-07 18:00:00,7489.0225,7487.5527
8021,2022-07-07 19:00:00,7322.05,7313.8457
8022,2022-07-07 20:00:00,7266.948,7313.572
8023,2022-07-07 21:00:00,7232.6323,7272.272
8024,2022-07-07 22:00:00,7083.0605,7145.773
8025,2022-07-07 23:00:00,6815.0225,6893.6997
8026,2022-07-08 00:00:00,6618.5527,6466.763
8027,2022-07-08 01:00:00,6273.587,6356.1396
8028,2022-07-08 02:00:00,6082.0327,6165.763
8029,2022-07-08 03:00:00,6030.279,6031.773
8030,2022-07-08 04:00:00,5947.1226,5956.4707
8031,2022-07-08 05:00:00,5934.3364,5898.7915
8032,2022-07-08 06:00:00,6050.37,5952.4346
8033,2022-07-08 07:00:00,6317.632,6253.3345
8034,2022-07-08 08:00:00,6737.7754,6593.3257
8035,2022-07-08 09:00:00,7095.294,7026.619
8036,2022-07-08 10:00:00,7358.668,7239.8022
8037,2022-07-08 11:00:00,7445.03,7334.2793
8038,2022-07-08 12:00:00,7370.166,7289.24
8039,2022-07-08 13:00:00,7299.601,7284.233
8040,2022-07-08 14:00:00,7365.2114,7393.188
8041,2022-07-08 15:00:00,7424.0713,7405.7075
8042,2022-07-08 16:00:00,7398.0825,7362.0063
8043,2022-07-08 17:00:00,7332.3965,7362.772
8044,2022-07-08 18:00:00,7271.9795,7261.399
8045,2022-07-08 19:00:00,7133.5195,7102.2407
8046,2022-07-08 20:00:00,7123.669,7093.1797
8047,2022-07-08 21:00:00,7078.4204,7015.993
8048,2022-07-08 22:00:00,6887.4487,6903.4443
8049,2022-07-08 23:00:00,6685.078,6688.8955
8050,2022-07-09 00:00:00,6433.899,6503.5527
8051,2022-07-09 01:00:00,6195.6064,6228.2686
8052,2022-07-09 02:00:00,6060.0015,6044.598
8053,2022-07-09 03:00:00,5935.4375,5923.399
8054,2022-07-09 04:00:00,5865.074,5843.346
8055,2022-07-09 05:00:00,5823.143,5788.878
8056,2022-07-09 06:00:00,5850.838,5846.2954
8057,2022-07-09 07:00:00,5960.948,5991.1006
8058,2022-07-09 08:00:00,6175.4917,6160.1313
8059,2022-07-09 09:00:00,6480.799,6535.2314
8060,2022-07-09 10:00:00,6755.658,6763.485
8061,2022-07-09 11:00:00,6852.25,6900.7905
8062,2022-07-09 12:00:00,6934.453,6929.3564
8063,2022-07-09 13:00:00,6884.514,6906.835
8064,2022-07-09 14:00:00,6937.504,6922.845
8065,2022-07-09 15:00:00,6932.855,6946.0737
8066,2022-07-09 16:00:00,6936.641,6888.188
8067,2022-07-09 17:00:00,6833.4717,6801.3228
8068,2022-07-09 18:00:00,6737.1606,6763.366
8069,2022-07-09 19:00:00,6759.377,6740.366
8070,2022-07-09 20:00:00,6813.648,6837.6533
8071,2022-07-09 21:00:00,6855.462,6864.668
8072,2022-07-09 22:00:00,6832.1006,6842.462
8073,2022-07-09 23:00:00,6608.7886,6659.6133
8074,2022-07-10 00:00:00,6475.5776,6123.234
8075,2022-07-10 01:00:00,5999.661,6262.048
8076,2022-07-10 02:00:00,5974.402,6052.1045
8077,2022-07-10 03:00:00,5920.7686,5912.478
8078,2022-07-10 04:00:00,5823.4224,5822.029
8079,2022-07-10 05:00:00,5786.3345,5788.98
8080,2022-07-10 06:00:00,5852.7437,5844.063
8081,2022-07-10 07:00:00,5949.803,5955.9204
8082,2022-07-10 08:00:00,6073.06,6009.1445
8083,2022-07-10 09:00:00,6281.727,6224.014
8084,2022-07-10 10:00:00,6468.1294,6370.5674
8085,2022-07-10 11:00:00,6489.265,6410.5356
8086,2022-07-10 12:00:00,6412.0073,6340.0884
8087,2022-07-10 13:00:00,6347.3164,6242.89
8088,2022-07-10 14:00:00,6280.0156,6290.8335
8089,2022-07-10 15:00:00,6289.1733,6283.344
8090,2022-07-10 16:00:00,6281.143,6275.244
8091,2022-07-10 17:00:00,6271.4937,6292.5728
8092,2022-07-10 18:00:00,6276.899,6282.846
8093,2022-07-10 19:00:00,6334.1562,6357.336
8094,2022-07-10 20:00:00,6541.9043,6492.404
8095,2022-07-10 21:00:00,6633.5757,6546.737
8096,2022-07-10 22:00:00,6550.4517,6498.571
8097,2022-07-10 23:00:00,6387.78,6308.9395
8098,2022-07-11 00:00:00,6181.6167,6309.545
8099,2022-07-11 01:00:00,6003.179,5903.4487
8100,2022-07-11 02:00:00,5772.703,5747.2344
8101,2022-07-11 03:00:00,5689.2363,5610.8296
8102,2022-07-11 04:00:00,5576.436,5537.8125
8103,2022-07-11 05:00:00,5507.3823,5524.4097
8104,2022-07-11 06:00:00,5669.0605,5585.052
8105,2022-07-11 07:00:00,5775.196,5739.2227
8106,2022-07-11 08:00:00,6066.6226,5860.8857
8107,2022-07-11 09:00:00,6163.426,6111.6733
8108,2022-07-11 10:00:00,6322.46,6296.6987
8109,2022-07-11 11:00:00,6374.3564,6479.4106
8110,2022-07-11 12:00:00,6481.5293,6522.4727
8111,2022-07-11 13:00:00,6503.885,6506.077
8112,2022-07-11 14:00:00,6499.5864,6551.3247
8113,2022-07-11 15:00:00,6559.9536,6587.343
8114,2022-07-11 16:00:00,6575.603,6596.789
8115,2022-07-11 17:00:00,6569.5938,6574.015
8116,2022-07-11 18:00:00,6552.5986,6568.517
8117,2022-07-11 19:00:00,6540.5684,6618.2227
8118,2022-07-11 20:00:00,6721.1743,6756.352
8119,2022-07-11 21:00:00,6822.7236,6818.6064
8120,2022-07-11 22:00:00,6784.6187,6782.991
8121,2022-07-11 23:00:00,6579.763,6530.69
8122,2022-07-12 00:00:00,6343.5015,6373.2393
8123,2022-07-12 01:00:00,6015.12,6052.1143
8124,2022-07-12 02:00:00,5882.244,5889.7085
8125,2022-07-12 03:00:00,5771.537,5813.1406
8126,2022-07-12 04:00:00,5747.011,5738.763
8127,2022-07-12 05:00:00,5736.384,5727.5996
8128,2022-07-12 06:00:00,5883.8657,5921.043
8129,2022-07-12 07:00:00,6294.631,6275.076
8130,2022-07-12 08:00:00,6663.052,6677.092
8131,2022-07-12 09:00:00,7129.264,7178.2666
8132,2022-07-12 10:00:00,7444.267,7429.3447
8133,2022-07-12 11:00:00,7528.3633,7550.6597
8134,2022-07-12 12:00:00,7548.194,7561.425
8135,2022-07-12 13:00:00,7521.7256,7464.7188
8136,2022-07-12 14:00:00,7518.7285,7550.2783
8137,2022-07-12 15:00:00,7591.1323,7548.177
8138,2022-07-12 16:00:00,7561.437,7506.397
8139,2022-07-12 17:00:00,7514.2,7501.086
8140,2022-07-12 18:00:00,7400.9595,7312.315
8141,2022-07-12 19:00:00,7181.581,7130.817
8142,2022-07-12 20:00:00,7158.7026,7150.1714
8143,2022-07-12 21:00:00,7097.959,7085.262
8144,2022-07-12 22:00:00,6898.9688,6925.4595
8145,2022-07-12 23:00:00,6646.7886,6629.396
8146,2022-07-13 00:00:00,6379.112,6462.59
8147,2022-07-13 01:00:00,6105.41,6097.5005
8148,2022-07-13 02:00:00,5925.1836,5936.653
8149,2022-07-13 03:00:00,5828.2637,5829.532
8150,2022-07-13 04:00:00,5754.645,5763.5396
8151,2022-07-13 05:00:00,5755.998,5762.2744
8152,2022-07-13 06:00:00,5963.679,5943.88
8153,2022-07-13 07:00:00,6325.2773,6274.3267
8154,2022-07-13 08:00:00,6708.2954,6638.6353
8155,2022-07-13 09:00:00,7144.122,7080.2124
8156,2022-07-13 10:00:00,7385.8105,7322.9507
8157,2022-07-13 11:00:00,7465.3545,7439.5
8158,2022-07-13 12:00:00,7452.925,7400.444
8159,2022-07-13 13:00:00,7383.715,7333.725
8160,2022-07-13 14:00:00,7395.744,7445.4414
8161,2022-07-13 15:00:00,7439.7754,7473.2935
8162,2022-07-13 16:00:00,7473.905,7443.108
8163,2022-07-13 17:00:00,7416.261,7436.022
8164,2022-07-13 18:00:00,7301.8096,7334.5854
8165,2022-07-13 19:00:00,7159.4863,7179.69
8166,2022-07-13 20:00:00,7168.166,7196.9976
8167,2022-07-13 21:00:00,7130.274,7137.2754
8168,2022-07-13 22:00:00,6922.2856,7004.578
8169,2022-07-13 23:00:00,6670.6934,6735.5396
8170,2022-07-14 00:00:00,6468.975,6472.738
8171,2022-07-14 01:00:00,6142.5845,6189.085
8172,2022-07-14 02:00:00,5970.2593,6004.4565
8173,2022-07-14 03:00:00,5880.842,5888.327
8174,2022-07-14 04:00:00,5786.7324,5821.8994
8175,2022-07-14 05:00:00,5810.4155,5829.917
8176,2022-07-14 06:00:00,5984.047,5998.017
8177,2022-07-14 07:00:00,6320.004,6346.962
8178,2022-07-14 08:00:00,6711.254,6719.8555
8179,2022-07-14 09:00:00,7143.7686,7172.575
8180,2022-07-14 10:00:00,7390.6436,7369.797
8181,2022-07-14 11:00:00,7481.8433,7505.629
8182,2022-07-14 12:00:00,7460.6143,7495.1133
8183,2022-07-14 13:00:00,7417.619,7485.242
8184,2022-07-14 14:00:00,7522.2725,7582.2593
8185,2022-07-14 15:00:00,7596.7583,7588.756
8186,2022-07-14 16:00:00,7575.689,7493.5835
8187,2022-07-14 17:00:00,7474.696,7423.2036
8188,2022-07-14 18:00:00,7313.1123,7361.3516
8189,2022-07-14 19:00:00,7190.3613,7219.3184
8190,2022-07-14 20:00:00,7184.989,7231.0083
8191,2022-07-14 21:00:00,7178.6074,7157.8774
8192,2022-07-14 22:00:00,6966.328,7000.7686
8193,2022-07-14 23:00:00,6711.219,6720.571
8194,2022-07-15 00:00:00,6457.1855,6412.9126
8195,2022-07-15 01:00:00,6158.4893,6220.111
8196,2022-07-15 02:00:00,6017.2124,6043.606
8197,2022-07-15 03:00:00,5900.6455,5924.1987
8198,2022-07-15 04:00:00,5850.6987,5828.1514
8199,2022-07-15 05:00:00,5821.056,5820.715
8200,2022-07-15 06:00:00,6010.1226,5999.8584
8201,2022-07-15 07:00:00,6319.6235,6351.6914
8202,2022-07-15 08:00:00,6715.2046,6704.589
8203,2022-07-15 09:00:00,7133.227,7229.911
8204,2022-07-15 10:00:00,7414.36,7436.5938
8205,2022-07-15 11:00:00,7504.583,7570.1313
8206,2022-07-15 12:00:00,7548.254,7549.279
8207,2022-07-15 13:00:00,7496.2046,7521.6943
8208,2022-07-15 14:00:00,7620.299,7628.187
8209,2022-07-15 15:00:00,7649.9956,7639.2344
8210,2022-07-15 16:00:00,7617.578,7502.7666
8211,2022-07-15 17:00:00,7467.865,7452.19
8212,2022-07-15 18:00:00,7322.502,7331.7124
8213,2022-07-15 19:00:00,7159.8184,7121.4834
8214,2022-07-15 20:00:00,7153.2974,7101.317
8215,2022-07-15 21:00:00,7078.9014,7003.844
8216,2022-07-15 22:00:00,6899.602,6858.5977
8217,2022-07-15 23:00:00,6629.5986,6615.7856
8218,2022-07-16 00:00:00,6405.5264,6503.893
8219,2022-07-16 01:00:00,6173.666,6159.88
8220,2022-07-16 02:00:00,5974.449,5980.2705
8221,2022-07-16 03:00:00,5869.2256,5860.097
8222,2022-07-16 04:00:00,5786.5156,5752.7183
8223,2022-07-16 05:00:00,5734.858,5735.84
8224,2022-07-16 06:00:00,5837.5796,5821.5005
8225,2022-07-16 07:00:00,6012.641,5992.469
8226,2022-07-16 08:00:00,6227.753,6169.0967
8227,2022-07-16 09:00:00,6484.3,6549.666
8228,2022-07-16 10:00:00,6793.294,6784.2075
8229,2022-07-16 11:00:00,6832.2393,6932.7134
8230,2022-07-16 12:00:00,6891.7524,6955.302
8231,2022-07-16 13:00:00,6920.3823,6902.961
8232,2022-07-16 14:00:00,6938.8076,6896.473
8233,2022-07-16 15:00:00,6935.166,6879.114
8234,2022-07-16 16:00:00,6831.7075,6823.344
8235,2022-07-16 17:00:00,6751.11,6767.0015
8236,2022-07-16 18:00:00,6714.5015,6689.895
8237,2022-07-16 19:00:00,6649.574,6625.2197
8238,2022-07-16 20:00:00,6724.656,6757.509
8239,2022-07-16 21:00:00,6815.131,6828.538
8240,2022-07-16 22:00:00,6760.578,6804.7334
8241,2022-07-16 23:00:00,6573.839,6678.4644
8242,2022-07-17 00:00:00,6414.672,6512.8325
8243,2022-07-17 01:00:00,6190.8765,6250.664
8244,2022-07-17 02:00:00,6056.931,6069.72
8245,2022-07-17 03:00:00,5896.3906,5943.462
8246,2022-07-17 04:00:00,5858.5376,5842.265
8247,2022-07-17 05:00:00,5817.924,5814.751
8248,2022-07-17 06:00:00,5825.535,5852.375
8249,2022-07-17 07:00:00,5941.096,5942.615
8250,2022-07-17 08:00:00,6031.7563,6032.4487
8251,2022-07-17 09:00:00,6295.7188,6293.742
8252,2022-07-17 10:00:00,6486.755,6478.9087
8253,2022-07-17 11:00:00,6564.3975,6622.3086
8254,2022-07-17 12:00:00,6642.547,6694.1997
8255,2022-07-17 13:00:00,6640.51,6689.1704
8256,2022-07-17 14:00:00,6691.1934,6763.4956
8257,2022-07-17 15:00:00,6805.884,6805.3213
8258,2022-07-17 16:00:00,6752.937,6789.751
8259,2022-07-17 17:00:00,6761.297,6774.9766
8260,2022-07-17 18:00:00,6737.325,6735.5537
8261,2022-07-17 19:00:00,6721.666,6763.348
8262,2022-07-17 20:00:00,6833.35,6910.664
8263,2022-07-17 21:00:00,6916.5015,7005.093
8264,2022-07-17 22:00:00,6928.0386,6989.0195
8265,2022-07-17 23:00:00,6759.402,6775.0806
8266,2022-07-18 00:00:00,6538.405,6692.0137
8267,2022-07-18 01:00:00,6278.565,6241.7656
8268,2022-07-18 02:00:00,6067.381,6060.3647
8269,2022-07-18 03:00:00,5941.01,5930.4453
8270,2022-07-18 04:00:00,5839.79,5868.9595
8271,2022-07-18 05:00:00,5832.084,5854.9634
8272,2022-07-18 06:00:00,5937.6167,6031.1626
8273,2022-07-18 07:00:00,6322.5073,6407.9326
8274,2022-07-18 08:00:00,6786.1943,6804.9644
8275,2022-07-18 09:00:00,7252.1694,7295.022
8276,2022-07-18 10:00:00,7485.3945,7515.721
8277,2022-07-18 11:00:00,7603.285,7636.7695
8278,2022-07-18 12:00:00,7613.6455,7666.4863
8279,2022-07-18 13:00:00,7679.5327,7623.343
8280,2022-07-18 14:00:00,7708.57,7722.77
8281,2022-07-18 15:00:00,7752.149,7763.1553
8282,2022-07-18 16:00:00,7715.5107,7743.967
8283,2022-07-18 17:00:00,7719.6343,7746.5654
8284,2022-07-18 18:00:00,7594.5063,7564.58
8285,2022-07-18 19:00:00,7379.052,7326.446
8286,2022-07-18 20:00:00,7329.2476,7333.6533
8287,2022-07-18 21:00:00,7256.3477,7328.916
8288,2022-07-18 22:00:00,7133.491,7241.9824
8289,2022-07-18 23:00:00,6889.561,6971.679
8290,2022-07-19 00:00:00,6625.5376,6746.457
8291,2022-07-19 01:00:00,6349.0786,6401.01
8292,2022-07-19 02:00:00,6181.9644,6211.0225
8293,2022-07-19 03:00:00,6078.447,6080.043
8294,2022-07-19 04:00:00,5980.455,5983.2725
8295,2022-07-19 05:00:00,5968.096,5948.495
8296,2022-07-19 06:00:00,6084.5874,6114.317
8297,2022-07-19 07:00:00,6443.4517,6447.438
8298,2022-07-19 08:00:00,6843.529,6811.243
8299,2022-07-19 09:00:00,7296.6606,7331.069
8300,2022-07-19 10:00:00,7530.8745,7555.884
8301,2022-07-19 11:00:00,7630.9126,7649.448
8302,2022-07-19 12:00:00,7620.2227,7636.1357
8303,2022-07-19 13:00:00,7596.3823,7610.321
8304,2022-07-19 14:00:00,7721.2344,7715.4287
8305,2022-07-19 15:00:00,7737.0176,7765.5874
8306,2022-07-19 16:00:00,7755.06,7768.5757
8307,2022-07-19 17:00:00,7744.27,7719.326
8308,2022-07-19 18:00:00,7585.793,7613.5073
8309,2022-07-19 19:00:00,7359.7036,7401.482
8310,2022-07-19 20:00:00,7387.0005,7415.071
8311,2022-07-19 21:00:00,7404.92,7433.5083
8312,2022-07-19 22:00:00,7230.715,7301.4497
8313,2022-07-19 23:00:00,6976.746,7011.6475
8314,2022-07-20 00:00:00,6752.3457,6303.5073
8315,2022-07-20 01:00:00,6202.044,6476.9336
8316,2022-07-20 02:00:00,6170.5483,6281.9673
8317,2022-07-20 03:00:00,6122.832,6032.855
8318,2022-07-20 04:00:00,5976.802,5826.783
8319,2022-07-20 05:00:00,5852.043,5830.164
8320,2022-07-20 06:00:00,6087.6123,5999.799
8321,2022-07-20 07:00:00,6400.6274,6321.716
8322,2022-07-20 08:00:00,6810.3184,6600.236
8323,2022-07-20 09:00:00,7179.005,6985.026
8324,2022-07-20 10:00:00,7350.9004,7136.1597
8325,2022-07-20 11:00:00,7258.0205,7224.8066
8326,2022-07-20 12:00:00,7203.27,7203.0464
8327,2022-07-20 13:00:00,7206.52,7143.785
8328,2022-07-20 14:00:00,7178.677,7270.9854
8329,2022-07-20 15:00:00,7308.005,7312.761
8330,2022-07-20 16:00:00,7317.7046,7286.427
8331,2022-07-20 17:00:00,7264.632,7267.5615
8332,2022-07-20 18:00:00,7211.958,7190.487
8333,2022-07-20 19:00:00,7072.0537,7045.4126
8334,2022-07-20 20:00:00,7089.5317,7070.7
8335,2022-07-20 21:00:00,7091.302,7020.7065
8336,2022-07-20 22:00:00,6944.0537,6859.6553
8337,2022-07-20 23:00:00,6645.522,6569.365
8338,2022-07-21 00:00:00,6419.26,6392.704
8339,2022-07-21 01:00:00,6159.86,6036.2993
8340,2022-07-21 02:00:00,5923.619,5855.4434
8341,2022-07-21 03:00:00,5781.6987,5750.3857
8342,2022-07-21 04:00:00,5705.257,5687.877
8343,2022-07-21 05:00:00,5694.953,5714.7554
8344,2022-07-21 06:00:00,5972.2046,5887.3174
8345,2022-07-21 07:00:00,6274.2676,6251.436
8346,2022-07-21 08:00:00,6657.3066,6599.4814
8347,2022-07-21 09:00:00,7020.353,7083.5493
8348,2022-07-21 10:00:00,7309.1157,7316.841
8349,2022-07-21 11:00:00,7362.9233,7486.3726
8350,2022-07-21 12:00:00,7511.1733,7465.806
8351,2022-07-21 13:00:00,7425.189,7402.238
8352,2022-07-21 14:00:00,7514.404,7510.077
8353,2022-07-21 15:00:00,7563.7363,7569.601
8354,2022-07-21 16:00:00,7565.2476,7552.227
8355,2022-07-21 17:00:00,7548.2,7482.7935
8356,2022-07-21 18:00:00,7372.2046,7371.788
8357,2022-07-21 19:00:00,7189.6514,7187.8413
8358,2022-07-21 20:00:00,7160.948,7174.671
8359,2022-07-21 21:00:00,7142.172,7097.7383
8360,2022-07-21 22:00:00,6934.4194,6959.0586
8361,2022-07-21 23:00:00,6686.904,6674.9546
8362,2022-07-22 00:00:00,6430.0625,6325.4546
8363,2022-07-22 01:00:00,6134.8027,6127.465
8364,2022-07-22 02:00:00,5971.186,5931.7603
8365,2022-07-22 03:00:00,5837.0,5805.5205
8366,2022-07-22 04:00:00,5743.66,5746.234
8367,2022-07-22 05:00:00,5734.254,5725.1084
8368,2022-07-22 06:00:00,5926.6675,5887.0015
8369,2022-07-22 07:00:00,6242.656,6233.662
8370,2022-07-22 08:00:00,6610.7256,6581.6406
8371,2022-07-22 09:00:00,7033.6826,7084.2534
8372,2022-07-22 10:00:00,7317.252,7343.446
8373,2022-07-22 11:00:00,7465.8823,7529.047
8374,2022-07-22 12:00:00,7503.241,7457.158
8375,2022-07-22 13:00:00,7438.355,7324.984
8376,2022-07-22 14:00:00,7522.1587,7348.1294
8377,2022-07-22 15:00:00,7401.9463,7358.431
8378,2022-07-22 16:00:00,7325.7324,7214.146
8379,2022-07-22 17:00:00,7204.0674,7166.0093
8380,2022-07-22 18:00:00,7116.662,7116.2197
8381,2022-07-22 19:00:00,7039.524,6967.3716
8382,2022-07-22 20:00:00,7011.534,6960.09
8383,2022-07-22 21:00:00,6928.4224,6927.2134
8384,2022-07-22 22:00:00,6828.663,6779.679
8385,2022-07-22 23:00:00,6586.275,6548.8057
8386,2022-07-23 00:00:00,6341.53,6285.2603
8387,2022-07-23 01:00:00,6089.073,6077.3447
8388,2022-07-23 02:00:00,5911.686,5907.395
8389,2022-07-23 03:00:00,5793.362,5776.23
8390,2022-07-23 04:00:00,5738.581,5681.3384
8391,2022-07-23 05:00:00,5682.254,5633.2183
8392,2022-07-23 06:00:00,5681.966,5704.035
8393,2022-07-23 07:00:00,5812.5566,5851.7437
8394,2022-07-23 08:00:00,6039.412,6043.2354
8395,2022-07-23 09:00:00,6351.862,6452.853
8396,2022-07-23 10:00:00,6693.8926,6711.628
8397,2022-07-23 11:00:00,6826.8735,6875.315
8398,2022-07-23 12:00:00,6878.0405,6881.654
8399,2022-07-23 13:00:00,6822.364,6824.4126
8400,2022-07-23 14:00:00,6826.975,6819.751
8401,2022-07-23 15:00:00,6843.2017,6793.2817
8402,2022-07-23 16:00:00,6742.594,6654.9683
8403,2022-07-23 17:00:00,6604.4814,6582.633
8404,2022-07-23 18:00:00,6545.562,6531.701
8405,2022-07-23 19:00:00,6524.9956,6552.668
8406,2022-07-23 20:00:00,6666.8105,6665.699
8407,2022-07-23 21:00:00,6760.7314,6714.808
8408,2022-07-23 22:00:00,6700.0493,6683.129
8409,2022-07-23 23:00:00,6541.0327,6479.9106
8410,2022-07-24 00:00:00,6295.7075,6047.7275
8411,2022-07-24 01:00:00,5914.203,6031.146
8412,2022-07-24 02:00:00,5839.385,5854.6
8413,2022-07-24 03:00:00,5743.7705,5723.5117
8414,2022-07-24 04:00:00,5683.8193,5643.8633
8415,2022-07-24 05:00:00,5615.2627,5613.3687
8416,2022-07-24 06:00:00,5610.951,5666.806
8417,2022-07-24 07:00:00,5795.6357,5788.288
8418,2022-07-24 08:00:00,5921.893,5861.5864
8419,2022-07-24 09:00:00,6154.34,6102.7246
8420,2022-07-24 10:00:00,6322.973,6284.387
8421,2022-07-24 11:00:00,6388.837,6389.197
8422,2022-07-24 12:00:00,6390.4233,6434.1055
8423,2022-07-24 13:00:00,6409.4,6426.1255
8424,2022-07-24 14:00:00,6456.8945,6413.1846
8425,2022-07-24 15:00:00,6429.1924,6435.3877
8426,2022-07-24 16:00:00,6404.2173,6453.893
8427,2022-07-24 17:00:00,6410.0996,6382.137
8428,2022-07-24 18:00:00,6352.0693,6345.818
8429,2022-07-24 19:00:00,6360.37,6382.682
8430,2022-07-24 20:00:00,6510.837,6523.9253
8431,2022-07-24 21:00:00,6618.8364,6578.1274
8432,2022-07-24 22:00:00,6546.2876,6491.994
8433,2022-07-24 23:00:00,6338.9727,6260.955
8434,2022-07-25 00:00:00,6125.7827,6215.0063
8435,2022-07-25 01:00:00,5889.5654,5812.812
8436,2022-07-25 02:00:00,5666.9756,5640.08
8437,2022-07-25 03:00:00,5569.3184,5542.9727
8438,2022-07-25 04:00:00,5495.5283,5480.909
8439,2022-07-25 05:00:00,5479.2812,5497.8906
8440,2022-07-25 06:00:00,5628.0723,5681.377
8441,2022-07-25 07:00:00,6098.888,6092.902
8442,2022-07-25 08:00:00,6517.6714,6501.6846
8443,2022-07-25 09:00:00,7005.2817,7000.277
8444,2022-07-25 10:00:00,7290.2227,7219.0117
8445,2022-07-25 11:00:00,7289.0386,7336.009
8446,2022-07-25 12:00:00,7348.6533,7317.6616
8447,2022-07-25 13:00:00,7279.9106,7296.989
8448,2022-07-25 14:00:00,7396.509,7315.4795
8449,2022-07-25 15:00:00,7344.0806,7310.238
8450,2022-07-25 16:00:00,7297.2246,7222.681
8451,2022-07-25 17:00:00,7182.4126,7246.8115
8452,2022-07-25 18:00:00,7149.561,7195.7075
8453,2022-07-25 19:00:00,7067.4893,7064.534
8454,2022-07-25 20:00:00,7071.3184,7070.2256
8455,2022-07-25 21:00:00,7055.0796,6986.717
8456,2022-07-25 22:00:00,6882.1436,6828.5146
8457,2022-07-25 23:00:00,6531.0723,6515.551
8458,2022-07-26 00:00:00,6266.8867,6151.2876
8459,2022-07-26 01:00:00,5954.2075,5891.6074
8460,2022-07-26 02:00:00,5735.9727,5696.717
8461,2022-07-26 03:00:00,5613.4756,5559.0605
8462,2022-07-26 04:00:00,5539.1523,5507.1147
8463,2022-07-26 05:00:00,5533.344,5532.0083
8464,2022-07-26 06:00:00,5763.933,5722.98
8465,2022-07-26 07:00:00,6163.48,6103.753
8466,2022-07-26 08:00:00,6560.9795,6454.076
8467,2022-07-26 09:00:00,6987.485,6876.618
8468,2022-07-26 10:00:00,7226.2905,7029.336
8469,2022-07-26 11:00:00,7113.8174,7172.62
8470,2022-07-26 12:00:00,7184.3325,7145.7144
8471,2022-07-26 13:00:00,7115.018,7053.787
8472,2022-07-26 14:00:00,7109.0957,7136.8154
8473,2022-07-26 15:00:00,7181.8394,7192.0728
8474,2022-07-26 16:00:00,7167.806,7182.0312
8475,2022-07-26 17:00:00,7176.009,7185.415
8476,2022-07-26 18:00:00,7127.823,7144.843
8477,2022-07-26 19:00:00,7021.311,6999.511
8478,2022-07-26 20:00:00,7017.6313,6977.4053
8479,2022-07-26 21:00:00,6925.213,6889.5806
8480,2022-07-26 22:00:00,6764.341,6703.1953
8481,2022-07-26 23:00:00,6443.485,6410.6655
8482,2022-07-27 00:00:00,6132.0127,6422.825
8483,2022-07-27 01:00:00,5944.085,5906.7104
8484,2022-07-27 02:00:00,5736.8394,5737.04
8485,2022-07-27 03:00:00,5615.5674,5630.375
8486,2022-07-27 04:00:00,5565.8076,5573.741
8487,2022-07-27 05:00:00,5568.766,5600.7783
8488,2022-07-27 06:00:00,5772.0796,5803.577
8489,2022-07-27 07:00:00,6164.752,6179.722
8490,2022-07-27 08:00:00,6535.96,6540.103
8491,2022-07-27 09:00:00,6947.6465,7038.983
8492,2022-07-27 10:00:00,7229.4155,7241.1553
8493,2022-07-27 11:00:00,7284.5474,7358.488
8494,2022-07-27 12:00:00,7342.6724,7346.5884
8495,2022-07-27 13:00:00,7290.4644,7282.4795
8496,2022-07-27 14:00:00,7351.9863,7396.4814
8497,2022-07-27 15:00:00,7406.0386,7451.4976
8498,2022-07-27 16:00:00,7418.7905,7454.9927
8499,2022-07-27 17:00:00,7415.553,7470.9204
8500,2022-07-27 18:00:00,7374.1133,7334.967
8501,2022-07-27 19:00:00,7141.4346,7159.264
8502,2022-07-27 20:00:00,7142.1846,7192.748
8503,2022-07-27 21:00:00,7121.5913,7136.348
8504,2022-07-27 22:00:00,6910.6343,7005.018
8505,2022-07-27 23:00:00,6569.615,6727.3613
8506,2022-07-28 00:00:00,6364.1943,6431.279
8507,2022-07-28 01:00:00,6107.8613,6150.643
8508,2022-07-28 02:00:00,5953.469,5974.2324
8509,2022-07-28 03:00:00,5833.259,5831.892
8510,2022-07-28 04:00:00,5743.459,5791.2427
8511,2022-07-28 05:00:00,5808.0654,5804.489
8512,2022-07-28 06:00:00,5950.496,5987.509
8513,2022-07-28 07:00:00,6320.8877,6349.3105
8514,2022-07-28 08:00:00,6664.4155,6746.9907
8515,2022-07-28 09:00:00,7103.402,7183.1475
8516,2022-07-28 10:00:00,7348.68,7379.4985
8517,2022-07-28 11:00:00,7443.043,7510.09
8518,2022-07-28 12:00:00,7454.9683,7432.042
8519,2022-07-28 13:00:00,7385.732,7416.3765
8520,2022-07-28 14:00:00,7520.3433,7460.3057
8521,2022-07-28 15:00:00,7484.463,7482.391
8522,2022-07-28 16:00:00,7476.2217,7524.7476
8523,2022-07-28 17:00:00,7503.978,7467.775
8524,2022-07-28 18:00:00,7398.43,7359.148
8525,2022-07-28 19:00:00,7176.5356,7139.16
8526,2022-07-28 20:00:00,7181.607,7132.7065
8527,2022-07-28 21:00:00,7105.27,7105.189
8528,2022-07-28 22:00:00,6914.482,6976.2773
8529,2022-07-28 23:00:00,6648.8364,6705.3594
8530,2022-07-29 00:00:00,6394.4224,6112.9106
8531,2022-07-29 01:00:00,5954.4023,6149.3057
8532,2022-07-29 02:00:00,5892.701,5949.423
8533,2022-07-29 03:00:00,5827.016,5825.9404
8534,2022-07-29 04:00:00,5763.916,5767.631
8535,2022-07-29 05:00:00,5766.1846,5770.858
8536,2022-07-29 06:00:00,5953.9463,5933.3647
8537,2022-07-29 07:00:00,6269.8574,6284.737
8538,2022-07-29 08:00:00,6667.6655,6654.303
8539,2022-07-29 09:00:00,7061.6167,7154.4805
8540,2022-07-29 10:00:00,7358.408,7386.833
8541,2022-07-29 11:00:00,7471.8223,7520.285
8542,2022-07-29 12:00:00,7446.77,7528.2695
8543,2022-07-29 13:00:00,7444.3413,7414.715
8544,2022-07-29 14:00:00,7524.37,7315.0596
8545,2022-07-29 15:00:00,7402.715,7347.978
8546,2022-07-29 16:00:00,7337.607,7420.8164
8547,2022-07-29 17:00:00,7392.2104,7421.764
8548,2022-07-29 18:00:00,7334.852,7294.2896
8549,2022-07-29 19:00:00,7106.027,6962.591
8550,2022-07-29 20:00:00,7025.524,6822.3037
8551,2022-07-29 21:00:00,6803.5015,6728.095
8552,2022-07-29 22:00:00,6666.9424,6547.141
8553,2022-07-29 23:00:00,6387.612,6304.939
8554,2022-07-30 00:00:00,6087.925,6294.31
8555,2022-07-30 01:00:00,5978.5356,5880.313
8556,2022-07-30 02:00:00,5729.8096,5720.4766
8557,2022-07-30 03:00:00,5622.7617,5606.7363
8558,2022-07-30 04:00:00,5558.8184,5525.737
8559,2022-07-30 05:00:00,5499.6875,5489.5913
8560,2022-07-30 06:00:00,5524.034,5620.878
8561,2022-07-30 07:00:00,5737.3345,5811.756
8562,2022-07-30 08:00:00,5954.5923,5995.921
8563,2022-07-30 09:00:00,6303.4346,6381.5244
8564,2022-07-30 10:00:00,6599.3955,6618.7515
8565,2022-07-30 11:00:00,6717.4355,6779.7793
8566,2022-07-30 12:00:00,6772.244,6813.9507
8567,2022-07-30 13:00:00,6772.7124,6776.217
8568,2022-07-30 14:00:00,6764.438,6766.2026
8569,2022-07-30 15:00:00,6766.754,6751.626
8570,2022-07-30 16:00:00,6695.088,6704.8296
8571,2022-07-30 17:00:00,6632.2427,6651.984
8572,2022-07-30 18:00:00,6579.7725,6582.893
8573,2022-07-30 19:00:00,6564.7856,6605.5005
8574,2022-07-30 20:00:00,6670.572,6664.8
8575,2022-07-30 21:00:00,6723.7144,6662.603
8576,2022-07-30 22:00:00,6617.8706,6644.9165
8577,2022-07-30 23:00:00,6414.4263,6462.455
8578,2022-07-31 00:00:00,6235.0225,6180.318
8579,2022-07-31 01:00:00,6028.9424,6039.864
8580,2022-07-31 02:00:00,5841.3813,5839.3794
8581,2022-07-31 03:00:00,5758.8955,5706.289
8582,2022-07-31 04:00:00,5632.426,5613.9775
8583,2022-07-31 05:00:00,5567.575,5600.8516
8584,2022-07-31 06:00:00,5619.0576,5656.592
8585,2022-07-31 07:00:00,5747.525,5785.9004
8586,2022-07-31 08:00:00,5908.065,5845.0444
8587,2022-07-31 09:00:00,6133.805,6126.1826
8588,2022-07-31 10:00:00,6395.772,6316.1406
8589,2022-07-31 11:00:00,6430.811,6479.7085
8590,2022-07-31 12:00:00,6510.2285,6490.9414
8591,2022-07-31 13:00:00,6456.0273,6466.2236
8592,2022-07-31 14:00:00,6479.705,6538.3853
8593,2022-07-31 15:00:00,6544.3257,6500.27
8594,2022-07-31 16:00:00,6463.075,6544.2725
8595,2022-07-31 17:00:00,6494.7754,6516.3003
8596,2022-07-31 18:00:00,6504.102,6509.369
8597,2022-07-31 19:00:00,6557.462,6507.976
8598,2022-07-31 20:00:00,6661.8936,6612.4463
8599,2022-07-31 21:00:00,6689.708,6680.3843
8600,2022-07-31 22:00:00,6633.076,6654.056
8601,2022-07-31 23:00:00,6483.216,6448.6655
8602,2022-08-01 00:00:00,6249.138,6325.576
8603,2022-08-01 01:00:00,6000.2173,5916.7383
8604,2022-08-01 02:00:00,5748.131,5740.147
8605,2022-08-01 03:00:00,5658.062,5631.4033
8606,2022-08-01 04:00:00,5603.763,5569.5977
8607,2022-08-01 05:00:00,5546.734,5568.8486
8608,2022-08-01 06:00:00,5747.16,5758.962
8609,2022-08-01 07:00:00,6138.1846,6153.096
8610,2022-08-01 08:00:00,6563.253,6561.174
8611,2022-08-01 09:00:00,7032.926,7105.9243
8612,2022-08-01 10:00:00,7330.949,7375.253
8613,2022-08-01 11:00:00,7430.4214,7503.4556
8614,2022-08-01 12:00:00,7482.805,7379.4365
8615,2022-08-01 13:00:00,7327.3945,7248.7827
8616,2022-08-01 14:00:00,7346.717,7314.039
8617,2022-08-01 15:00:00,7357.7656,7291.576
8618,2022-08-01 16:00:00,7282.0024,7264.092
8619,2022-08-01 17:00:00,7262.036,7312.0137
8620,2022-08-01 18:00:00,7235.266,7208.4595
8621,2022-08-01 19:00:00,7040.674,7054.2764
8622,2022-08-01 20:00:00,7076.5737,7069.084
8623,2022-08-01 21:00:00,7061.0806,7028.216
8624,2022-08-01 22:00:00,6897.8223,6900.0923
8625,2022-08-01 23:00:00,6569.8154,6604.271
8626,2022-08-02 00:00:00,6310.5967,6026.811
8627,2022-08-02 01:00:00,5826.3374,6040.982
8628,2022-08-02 02:00:00,5803.424,5883.374
8629,2022-08-02 03:00:00,5737.7236,5792.073
8630,2022-08-02 04:00:00,5753.9326,5732.1494
8631,2022-08-02 05:00:00,5729.2393,5747.392
8632,2022-08-02 06:00:00,5959.959,5926.067
8633,2022-08-02 07:00:00,6276.8706,6293.1533
8634,2022-08-02 08:00:00,6671.976,6654.8
8635,2022-08-02 09:00:00,7124.2656,7130.7197
8636,2022-08-02 10:00:00,7379.0825,7382.498
8637,2022-08-02 11:00:00,7509.8706,7544.69
8638,2022-08-02 12:00:00,7455.98,7479.0967
8639,2022-08-02 13:00:00,7396.67,7271.616
8640,2022-08-02 14:00:00,7350.0874,7264.0435
8641,2022-08-02 15:00:00,7303.033,7220.3965
8642,2022-08-02 16:00:00,7226.198,7196.4595
8643,2022-08-02 17:00:00,7203.291,7165.2554
8644,2022-08-02 18:00:00,7095.9873,7071.839
8645,2022-08-02 19:00:00,6938.0195,6907.239
8646,2022-08-02 20:00:00,6915.658,6850.393
8647,2022-08-02 21:00:00,6852.038,6743.1914
8648,2022-08-02 22:00:00,6633.7437,6570.0127
8649,2022-08-02 23:00:00,6367.094,6296.534
8650,2022-08-03 00:00:00,6130.4463,5977.433
8651,2022-08-03 01:00:00,5840.1895,5776.055
8652,2022-08-03 02:00:00,5638.8213,5624.563
8653,2022-08-03 03:00:00,5553.48,5538.9863
8654,2022-08-03 04:00:00,5479.6045,5492.0337
8655,2022-08-03 05:00:00,5540.868,5515.662
8656,2022-08-03 06:00:00,5754.4062,5706.7197
8657,2022-08-03 07:00:00,6132.6836,6096.7324
8658,2022-08-03 08:00:00,6534.916,6465.9536
8659,2022-08-03 09:00:00,6950.79,6908.3604
8660,2022-08-03 10:00:00,7170.427,7087.505
8661,2022-08-03 11:00:00,7135.2876,7210.814
8662,2022-08-03 12:00:00,7180.1504,7128.645
8663,2022-08-03 13:00:00,7062.927,7043.8345
8664,2022-08-03 14:00:00,7094.8843,7167.81
8665,2022-08-03 15:00:00,7214.1987,7209.2676
8666,2022-08-03 16:00:00,7227.905,7145.099
8667,2022-08-03 17:00:00,7124.38,7130.8423
8668,2022-08-03 18:00:00,7041.391,7051.95
8669,2022-08-03 19:00:00,6885.8994,6920.5864
8670,2022-08-03 20:00:00,6931.2773,6927.384
8671,2022-08-03 21:00:00,6863.8667,6852.0024
8672,2022-08-03 22:00:00,6673.3477,6614.9126
8673,2022-08-03 23:00:00,6351.812,6250.7334
8674,2022-08-04 00:00:00,5982.8687,5986.266
8675,2022-08-04 01:00:00,5795.838,5691.193
8676,2022-08-04 02:00:00,5576.7837,5548.121
8677,2022-08-04 03:00:00,5502.1924,5458.352
8678,2022-08-04 04:00:00,5438.9883,5421.0576
8679,2022-08-04 05:00:00,5417.643,5456.42
8680,2022-08-04 06:00:00,5694.38,5666.247
8681,2022-08-04 07:00:00,6059.5137,6064.2485
8682,2022-08-04 08:00:00,6500.0537,6432.819
8683,2022-08-04 09:00:00,6895.005,6869.388
8684,2022-08-04 10:00:00,7118.2705,7041.5815
8685,2022-08-04 11:00:00,7126.77,7139.9907
8686,2022-08-04 12:00:00,7106.997,7158.971
8687,2022-08-04 13:00:00,7103.947,7043.214
8688,2022-08-04 14:00:00,7150.8223,7118.612
8689,2022-08-04 15:00:00,7152.6904,7131.595
8690,2022-08-04 16:00:00,7113.3833,7050.42
8691,2022-08-04 17:00:00,7061.4136,7028.5117
8692,2022-08-04 18:00:00,6965.549,6959.277
8693,2022-08-04 19:00:00,6866.717,6850.979
8694,2022-08-04 20:00:00,6867.346,6847.056
8695,2022-08-04 21:00:00,6840.212,6758.0913
8696,2022-08-04 22:00:00,6618.0356,6569.19
8697,2022-08-04 23:00:00,6261.955,6257.289
8698,2022-08-05 00:00:00,6000.476,6029.875
8699,2022-08-05 01:00:00,5759.9043,5720.443
8700,2022-08-05 02:00:00,5586.2783,5571.1284
8701,2022-08-05 03:00:00,5522.561,5485.727
8702,2022-08-05 04:00:00,5456.0845,5444.1597
8703,2022-08-05 05:00:00,5458.554,5477.2246
8704,2022-08-05 06:00:00,5705.85,5687.944
8705,2022-08-05 07:00:00,6071.4614,6049.626
8706,2022-08-05 08:00:00,6455.9575,6449.052
8707,2022-08-05 09:00:00,6875.2036,6894.5156
8708,2022-08-05 10:00:00,7075.044,7085.9023
8709,2022-08-05 11:00:00,7142.263,7151.18
8710,2022-08-05 12:00:00,7093.378,7136.068
8711,2022-08-05 13:00:00,7068.91,7062.5186
8712,2022-08-05 14:00:00,7112.803,7141.625
8713,2022-08-05 15:00:00,7164.2925,7136.9614
8714,2022-08-05 16:00:00,7120.246,7094.386
8715,2022-08-05 17:00:00,7073.895,7080.4614
8716,2022-08-05 18:00:00,6988.9736,6981.239
8717,2022-08-05 19:00:00,6858.709,6865.783
8718,2022-08-05 20:00:00,6860.6895,6829.9014
8719,2022-08-05 21:00:00,6786.823,6713.7886
8720,2022-08-05 22:00:00,6521.8643,6521.7637
8721,2022-08-05 23:00:00,6260.852,6260.1787
8722,2022-08-06 00:00:00,5974.281,6150.195
8723,2022-08-06 01:00:00,5841.83,5790.2764
8724,2022-08-06 02:00:00,5624.074,5618.227
8725,2022-08-06 03:00:00,5531.5337,5521.3623
8726,2022-08-06 04:00:00,5476.0986,5456.4307
8727,2022-08-06 05:00:00,5461.325,5440.5317
8728,2022-08-06 06:00:00,5497.0493,5517.6377
8729,2022-08-06 07:00:00,5724.75,5684.6304
8730,2022-08-06 08:00:00,5933.154,5889.0957
8731,2022-08-06 09:00:00,6254.726,6264.3247
8732,2022-08-06 10:00:00,6478.415,6517.3896
8733,2022-08-06 11:00:00,6622.172,6683.2847
8734,2022-08-06 12:00:00,6679.9243,6684.7056
8735,2022-08-06 13:00:00,6640.1343,6659.0835
8736,2022-08-06 14:00:00,6674.8755,6667.0166
8737,2022-08-06 15:00:00,6663.4673,6658.8047
8738,2022-08-06 16:00:00,6597.4443,6621.129
8739,2022-08-06 17:00:00,6590.574,6534.6143
8740,2022-08-06 18:00:00,6500.9136,6465.6484
8741,2022-08-06 19:00:00,6438.777,6477.7114
8742,2022-08-06 20:00:00,6576.444,6578.0527
8743,2022-08-06 21:00:00,6603.3184,6560.289
8744,2022-08-06 22:00:00,6469.9556,6525.9854
8745,2022-08-06 23:00:00,6270.2305,6343.7954
8746,2022-08-07 00:00:00,6117.2163,6195.63
8747,2022-08-07 01:00:00,5877.924,5935.069
8748,2022-08-07 02:00:00,5736.1343,5740.608
8749,2022-08-07 03:00:00,5641.6333,5628.492
8750,2022-08-07 04:00:00,5549.525,5563.8867
8751,2022-08-07 05:00:00,5528.707,5561.7627
8752,2022-08-07 06:00:00,5597.196,5629.841
8753,2022-08-07 07:00:00,5778.3574,5759.717
8754,2022-08-07 08:00:00,5872.9033,5829.182
8755,2022-08-07 09:00:00,6143.108,6031.626
8756,2022-08-07 10:00:00,6299.1626,6137.1187
8757,2022-08-07 11:00:00,6191.6035,6304.1396
8758,2022-08-07 12:00:00,6360.812,6298.0103
8759,2022-08-07 13:00:00,6281.0093,6308.2495
8760,2022-08-07 14:00:00,6340.382,6373.459
8761,2022-08-07 15:00:00,6385.812,6316.3804
8762,2022-08-07 16:00:00,6318.3867,6336.576
8763,2022-08-07 17:00:00,6310.7407,6330.965
8764,2022-08-07 18:00:00,6301.145,6293.9585
8765,2022-08-07 19:00:00,6290.169,6392.2427
8766,2022-08-07 20:00:00,6511.5264,6541.399
8767,2022-08-07 21:00:00,6558.0986,6638.0957
8768,2022-08-07 22:00:00,6559.9326,6642.8774
8769,2022-08-07 23:00:00,6375.619,6426.723
8770,2022-08-08 00:00:00,6195.676,6323.7695
8771,2022-08-08 01:00:00,5933.5024,5960.3228
8772,2022-08-08 02:00:00,5745.183,5768.443
8773,2022-08-08 03:00:00,5635.8774,5656.3115
8774,2022-08-08 04:00:00,5593.487,5583.913
8775,2022-08-08 05:00:00,5590.3213,5602.3916
8776,2022-08-08 06:00:00,5741.8213,5795.371
8777,2022-08-08 07:00:00,6164.955,6176.916
8778,2022-08-08 08:00:00,6568.2295,6564.9077
8779,2022-08-08 09:00:00,7036.9175,7061.0356
8780,2022-08-08 10:00:00,7142.273,7288.521
8781,2022-08-08 11:00:00,7367.1924,7384.6826
8782,2022-08-08 12:00:00,7335.638,7397.7466
8783,2022-08-08 13:00:00,7299.3867,7319.508
8784,2022-08-08 14:00:00,7368.2295,7397.206
8785,2022-08-08 15:00:00,7421.937,7395.5435
8786,2022-08-08 16:00:00,7393.668,7370.643
8787,2022-08-08 17:00:00,7387.1743,7364.506
8788,2022-08-08 18:00:00,7266.4995,7223.0215
8789,2022-08-08 19:00:00,7079.3296,7029.1997
8790,2022-08-08 20:00:00,7028.288,6994.9585
8791,2022-08-08 21:00:00,6996.457,6950.5024
8792,2022-08-08 22:00:00,6808.1445,6800.1636
8793,2022-08-08 23:00:00,6505.466,6553.0366
8794,2022-08-09 00:00:00,6201.4575,6406.3066
8795,2022-08-09 01:00:00,6040.739,6086.9204
8796,2022-08-09 02:00:00,5886.821,5896.1772
8797,2022-08-09 03:00:00,5749.905,5771.592
8798,2022-08-09 04:00:00,5720.268,5686.165
8799,2022-08-09 05:00:00,5695.799,5667.4854
8800,2022-08-09 06:00:00,5865.7764,5722.092
8801,2022-08-09 07:00:00,6152.2627,5847.898
8802,2022-08-09 08:00:00,6314.686,5899.6973
8803,2022-08-09 09:00:00,6310.2095,6149.7324
8804,2022-08-09 10:00:00,6428.969,6323.418
8805,2022-08-09 11:00:00,6432.07,6506.6133
8806,2022-08-09 12:00:00,6503.091,6583.8325
8807,2022-08-09 13:00:00,6575.433,6561.7803
8808,2022-08-09 14:00:00,6565.0894,6621.663
8809,2022-08-09 15:00:00,6645.945,6677.6025
8810,2022-08-09 16:00:00,6686.815,6649.9976
8811,2022-08-09 17:00:00,6625.8745,6664.357
8812,2022-08-09 18:00:00,6629.37,6635.9478
8813,2022-08-09 19:00:00,6562.6343,6614.4536
8814,2022-08-09 20:00:00,6647.1445,6745.813
8815,2022-08-09 21:00:00,6725.161,6806.2827
8816,2022-08-09 22:00:00,6710.5796,6800.6323
8817,2022-08-09 23:00:00,6533.4175,6618.8135
8818,2022-08-10 00:00:00,6376.5605,6553.4
8819,2022-08-10 01:00:00,6118.875,6141.954
8820,2022-08-10 02:00:00,5916.8794,5950.1167
8821,2022-08-10 03:00:00,5811.797,5804.9194
8822,2022-08-10 04:00:00,5721.7876,5729.1763
8823,2022-08-10 05:00:00,5729.4443,5725.0547
8824,2022-08-10 06:00:00,5836.656,5861.8687
8825,2022-08-10 07:00:00,6179.2407,6211.9756
8826,2022-08-10 08:00:00,6602.216,6663.946
8827,2022-08-10 09:00:00,7127.927,7200.394
8828,2022-08-10 10:00:00,7366.416,7417.8926
8829,2022-08-10 11:00:00,7491.9805,7550.5884
8830,2022-08-10 12:00:00,7549.0356,7561.378
8831,2022-08-10 13:00:00,7441.272,7531.164
8832,2022-08-10 14:00:00,7557.2686,7595.7563
8833,2022-08-10 15:00:00,7607.8867,7603.376
8834,2022-08-10 16:00:00,7587.2793,7593.617
8835,2022-08-10 17:00:00,7572.725,7592.495
8836,2022-08-10 18:00:00,7481.4204,7457.2886
8837,2022-08-10 19:00:00,7263.1475,7276.681
8838,2022-08-10 20:00:00,7288.7124,7273.647
8839,2022-08-10 21:00:00,7249.484,7251.1694
8840,2022-08-10 22:00:00,7079.2207,7121.3706
8841,2022-08-10 23:00:00,6768.1816,6851.1245
8842,2022-08-11 00:00:00,6566.0527,6745.503
8843,2022-08-11 01:00:00,6282.6904,6246.9277
8844,2022-08-11 02:00:00,6027.3564,6054.0405
8845,2022-08-11 03:00:00,5902.486,5923.583
8846,2022-08-11 04:00:00,5846.79,5850.382
8847,2022-08-11 05:00:00,5825.9595,5853.7617
8848,2022-08-11 06:00:00,5936.0845,6033.1504
8849,2022-08-11 07:00:00,6319.879,6384.8447
8850,2022-08-11 08:00:00,6749.81,6760.4536
8851,2022-08-11 09:00:00,7225.4424,7257.6187
8852,2022-08-11 10:00:00,7471.603,7450.4004
8853,2022-08-11 11:00:00,7545.1846,7602.7383
8854,2022-08-11 12:00:00,7571.913,7572.622
8855,2022-08-11 13:00:00,7519.514,7545.736
8856,2022-08-11 14:00:00,7596.161,7657.072
8857,2022-08-11 15:00:00,7658.328,7729.2324
8858,2022-08-11 16:00:00,7723.733,7729.1055
8859,2022-08-11 17:00:00,7722.963,7690.383
8860,2022-08-11 18:00:00,7560.297,7551.236
8861,2022-08-11 19:00:00,7321.21,7361.357
8862,2022-08-11 20:00:00,7341.1465,7378.908
8863,2022-08-11 21:00:00,7348.172,7385.5146
8864,2022-08-11 22:00:00,7136.444,7267.6533
8865,2022-08-11 23:00:00,6865.5586,7019.811
8866,2022-08-12 00:00:00,6771.601,6668.6113
8867,2022-08-12 01:00:00,6308.6567,6424.295
8868,2022-08-12 02:00:00,6127.8374,6209.4663
8869,2022-08-12 03:00:00,6029.122,6092.7974
8870,2022-08-12 04:00:00,6020.911,6005.4126
8871,2022-08-12 05:00:00,6006.805,6005.9
8872,2022-08-12 06:00:00,6109.027,6177.9707
8873,2022-08-12 07:00:00,6439.7427,6515.445
8874,2022-08-12 08:00:00,6860.35,6862.007
8875,2022-08-12 09:00:00,7281.47,7397.473
8876,2022-08-12 10:00:00,7505.1206,7648.527
8877,2022-08-12 11:00:00,7681.4443,7763.015
8878,2022-08-12 12:00:00,7682.0806,7781.1445
8879,2022-08-12 13:00:00,7692.0283,7699.1113
8880,2022-08-12 14:00:00,7769.705,7755.035
8881,2022-08-12 15:00:00,7780.284,7643.428
8882,2022-08-12 16:00:00,7699.7163,7618.254
8883,2022-08-12 17:00:00,7634.138,7682.9546
8884,2022-08-12 18:00:00,7521.7427,7537.982
8885,2022-08-12 19:00:00,7296.102,7321.719
8886,2022-08-12 20:00:00,7299.5083,7267.274
8887,2022-08-12 21:00:00,7282.2275,7190.3457
8888,2022-08-12 22:00:00,7071.802,7082.7793
8889,2022-08-12 23:00:00,6826.428,6869.326
8890,2022-08-13 00:00:00,6660.16,6273.8633
8891,2022-08-13 01:00:00,6129.8545,6423.143
8892,2022-08-13 02:00:00,6068.7812,6230.092
8893,2022-08-13 03:00:00,6071.5176,6081.998
8894,2022-08-13 04:00:00,6006.379,5999.8696
8895,2022-08-13 05:00:00,6019.1,5963.128
8896,2022-08-13 06:00:00,6039.0215,6007.027
8897,2022-08-13 07:00:00,6133.826,6150.28
8898,2022-08-13 08:00:00,6297.573,6330.9766
8899,2022-08-13 09:00:00,6629.0117,6715.6577
8900,2022-08-13 10:00:00,6977.0825,6983.109
8901,2022-08-13 11:00:00,7081.804,7081.442
8902,2022-08-13 12:00:00,7085.036,6905.104
8903,2022-08-13 13:00:00,6857.9277,6740.702
8904,2022-08-13 14:00:00,6743.1343,6660.4683
8905,2022-08-13 15:00:00,6647.2427,6653.3115
8906,2022-08-13 16:00:00,6625.2104,6621.2104
8907,2022-08-13 17:00:00,6577.1816,6614.4614
8908,2022-08-13 18:00:00,6560.6265,6573.1704
8909,2022-08-13 19:00:00,6554.5723,6592.5312
8910,2022-08-13 20:00:00,6681.746,6696.585
8911,2022-08-13 21:00:00,6751.2637,6689.258
8912,2022-08-13 22:00:00,6685.448,6622.6987
8913,2022-08-13 23:00:00,6457.1157,6428.3496
8914,2022-08-14 00:00:00,6248.7324,6346.847
8915,2022-08-14 01:00:00,6059.772,6051.3286
8916,2022-08-14 02:00:00,5897.9146,5868.0493
8917,2022-08-14 03:00:00,5760.4463,5741.1436
8918,2022-08-14 04:00:00,5673.8267,5648.3643
8919,2022-08-14 05:00:00,5606.16,5632.0615
8920,2022-08-14 06:00:00,5664.5073,5684.5176
8921,2022-08-14 07:00:00,5753.268,5813.699
8922,2022-08-14 08:00:00,5872.8564,5891.8726
8923,2022-08-14 09:00:00,6136.1533,6177.7563
8924,2022-08-14 10:00:00,6361.0405,6421.592
8925,2022-08-14 11:00:00,6504.51,6636.9873
8926,2022-08-14 12:00:00,6670.3667,6637.855
8927,2022-08-14 13:00:00,6609.285,6623.417
8928,2022-08-14 14:00:00,6641.6045,6686.129
8929,2022-08-14 15:00:00,6677.814,6561.976
8930,2022-08-14 16:00:00,6568.067,6411.142
8931,2022-08-14 17:00:00,6413.511,6450.1465
8932,2022-08-14 18:00:00,6446.46,6520.0425
8933,2022-08-14 19:00:00,6538.4717,6595.9995
8934,2022-08-14 20:00:00,6691.1655,6765.255
8935,2022-08-14 21:00:00,6802.1973,6841.975
8936,2022-08-14 22:00:00,6814.6064,6804.8643
8937,2022-08-14 23:00:00,6610.51,6595.7915
8938,2022-08-15 00:00:00,6408.815,6487.466
8939,2022-08-15 01:00:00,6133.1045,6081.187
8940,2022-08-15 02:00:00,5887.6587,5877.5776
8941,2022-08-15 03:00:00,5757.179,5757.0
8942,2022-08-15 04:00:00,5679.482,5719.415
8943,2022-08-15 05:00:00,5727.752,5725.9995
8944,2022-08-15 06:00:00,5851.5386,5903.9424
8945,2022-08-15 07:00:00,6279.625,6305.8276
8946,2022-08-15 08:00:00,6708.3413,6745.867
8947,2022-08-15 09:00:00,7231.0664,7232.033
8948,2022-08-15 10:00:00,7446.627,7494.1826
8949,2022-08-15 11:00:00,7562.109,7617.868
8950,2022-08-15 12:00:00,7615.0137,7634.982
8951,2022-08-15 13:00:00,7588.503,7579.187
8952,2022-08-15 14:00:00,7650.6704,7634.1494
8953,2022-08-15 15:00:00,7674.4336,7550.68
8954,2022-08-15 16:00:00,7559.279,7550.799
8955,2022-08-15 17:00:00,7542.281,7587.5254
8956,2022-08-15 18:00:00,7474.895,7463.6484
8957,2022-08-15 19:00:00,7274.169,7251.1753
8958,2022-08-15 20:00:00,7279.791,7250.0024
8959,2022-08-15 21:00:00,7259.3267,7191.21
8960,2022-08-15 22:00:00,7072.3613,7063.6904
8961,2022-08-15 23:00:00,6799.0015,6771.5864
8962,2022-08-16 00:00:00,6531.4194,6407.3647
8963,2022-08-16 01:00:00,6153.64,6200.353
8964,2022-08-16 02:00:00,5980.61,5996.4834
8965,2022-08-16 03:00:00,5879.9087,5880.3135
8966,2022-08-16 04:00:00,5826.64,5821.1045
8967,2022-08-16 05:00:00,5845.7295,5837.575
8968,2022-08-16 06:00:00,5991.4487,6010.3086
8969,2022-08-16 07:00:00,6393.4463,6367.856
8970,2022-08-16 08:00:00,6796.5986,6760.7935
8971,2022-08-16 09:00:00,7259.2524,7171.577
8972,2022-08-16 10:00:00,7495.707,7295.6665
8973,2022-08-16 11:00:00,7432.5986,7291.6465
8974,2022-08-16 12:00:00,7275.9517,7256.9707
8975,2022-08-16 13:00:00,7221.695,7238.253
8976,2022-08-16 14:00:00,7290.6587,7377.5454
8977,2022-08-16 15:00:00,7359.0923,7437.3325
8978,2022-08-16 16:00:00,7454.0015,7444.2773
8979,2022-08-16 17:00:00,7450.372,7469.348
8980,2022-08-16 18:00:00,7347.0317,7357.457
8981,2022-08-16 19:00:00,7206.7495,7205.521
8982,2022-08-16 20:00:00,7228.6226,7240.2188
8983,2022-08-16 21:00:00,7189.092,7173.7886
8984,2022-08-16 22:00:00,7043.982,7031.649
8985,2022-08-16 23:00:00,6752.0674,6703.478
8986,2022-08-17 00:00:00,6401.79,6558.202
8987,2022-08-17 01:00:00,6152.6064,6113.1216
8988,2022-08-17 02:00:00,5907.574,5929.193
8989,2022-08-17 03:00:00,5781.533,5806.9087
8990,2022-08-17 04:00:00,5749.4917,5734.96
8991,2022-08-17 05:00:00,5765.2754,5755.0
8992,2022-08-17 06:00:00,5955.7896,5947.183
8993,2022-08-17 07:00:00,6319.931,6326.346
8994,2022-08-17 08:00:00,6765.971,6697.0557
8995,2022-08-17 09:00:00,7161.993,7200.1157
8996,2022-08-17 10:00:00,7382.861,7424.902
8997,2022-08-17 11:00:00,7461.069,7579.175
8998,2022-08-17 12:00:00,7561.2373,7569.9854
8999,2022-08-17 13:00:00,7462.029,7537.2617
9000,2022-08-17 14:00:00,7583.1187,7636.1157
9001,2022-08-17 15:00:00,7616.8086,7654.6167
9002,2022-08-17 16:00:00,7667.1904,7676.8745
9003,2022-08-17 17:00:00,7659.57,7653.3286
9004,2022-08-17 18:00:00,7529.4004,7550.797
9005,2022-08-17 19:00:00,7320.8394,7309.795
9006,2022-08-17 20:00:00,7302.2837,7255.9697
9007,2022-08-17 21:00:00,7222.955,7212.5522
9008,2022-08-17 22:00:00,7085.4194,7105.438
9009,2022-08-17 23:00:00,6745.496,6821.4937
9010,2022-08-18 00:00:00,6584.082,6501.4746
9011,2022-08-18 01:00:00,6197.951,6264.804
9012,2022-08-18 02:00:00,6042.4775,6063.0015
9013,2022-08-18 03:00:00,5931.1177,5954.165
9014,2022-08-18 04:00:00,5887.3237,5877.336
9015,2022-08-18 05:00:00,5878.2524,5886.2534
9016,2022-08-18 06:00:00,6046.0723,6064.9937
9017,2022-08-18 07:00:00,6398.8057,6414.507
9018,2022-08-18 08:00:00,6794.7124,6775.5986
9019,2022-08-18 09:00:00,7241.8145,7256.1914
9020,2022-08-18 10:00:00,7466.493,7443.465
9021,2022-08-18 11:00:00,7557.438,7435.4585
9022,2022-08-18 12:00:00,7431.1,7512.5273
9023,2022-08-18 13:00:00,7500.355,7504.648
9024,2022-08-18 14:00:00,7622.524,7471.416
9025,2022-08-18 15:00:00,7544.3027,7521.7847
9026,2022-08-18 16:00:00,7548.368,7560.1045
9027,2022-08-18 17:00:00,7579.81,7550.816
9028,2022-08-18 18:00:00,7412.5396,7413.0713
9029,2022-08-18 19:00:00,7241.605,7211.9565
9030,2022-08-18 20:00:00,7218.623,7174.0156
9031,2022-08-18 21:00:00,7170.958,7129.5083
9032,2022-08-18 22:00:00,7012.5,7005.01
9033,2022-08-18 23:00:00,6709.0107,6753.4795
9034,2022-08-19 00:00:00,6485.195,6510.348
9035,2022-08-19 01:00:00,6193.9663,6227.771
9036,2022-08-19 02:00:00,6013.1465,6050.0547
9037,2022-08-19 03:00:00,5940.494,5917.4453
9038,2022-08-19 04:00:00,5849.1406,5833.648
9039,2022-08-19 05:00:00,5831.8735,5818.0244
9040,2022-08-19 06:00:00,6020.5356,5982.626
9041,2022-08-19 07:00:00,6355.8633,6316.0083
9042,2022-08-19 08:00:00,6739.161,6668.573
9043,2022-08-19 09:00:00,7155.3594,7159.752
9044,2022-08-19 10:00:00,7396.8394,7365.8735
9045,2022-08-19 11:00:00,7462.4614,7526.0195
9046,2022-08-19 12:00:00,7511.794,7528.1875
9047,2022-08-19 13:00:00,7484.1626,7505.912
9048,2022-08-19 14:00:00,7575.86,7489.8335
9049,2022-08-19 15:00:00,7526.4014,7463.891
9050,2022-08-19 16:00:00,7512.0137,7488.353
9051,2022-08-19 17:00:00,7483.2437,7458.8447
9052,2022-08-19 18:00:00,7356.584,7326.8696
9053,2022-08-19 19:00:00,7134.841,7151.0923
9054,2022-08-19 20:00:00,7150.5864,7134.6343
9055,2022-08-19 21:00:00,7114.2886,7070.442
9056,2022-08-19 22:00:00,6967.331,6948.4517
9057,2022-08-19 23:00:00,6669.28,6715.4443
9058,2022-08-20 00:00:00,6450.447,6267.0923
9059,2022-08-20 01:00:00,6091.879,6278.309
9060,2022-08-20 02:00:00,6011.681,6092.0483
9061,2022-08-20 03:00:00,5986.7437,5931.415
9062,2022-08-20 04:00:00,5844.26,5815.483
9063,2022-08-20 05:00:00,5806.641,5812.562
9064,2022-08-20 06:00:00,5866.1523,5881.4116
9065,2022-08-20 07:00:00,5991.013,6040.1724
9066,2022-08-20 08:00:00,6305.554,6217.305
9067,2022-08-20 09:00:00,6514.7686,6630.5615
9068,2022-08-20 10:00:00,6887.513,6883.9346
9069,2022-08-20 11:00:00,6962.131,7070.5317
9070,2022-08-20 12:00:00,7064.588,7037.526
9071,2022-08-20 13:00:00,6964.8525,6995.877
9072,2022-08-20 14:00:00,6958.2373,6850.3804
9073,2022-08-20 15:00:00,6811.6445,6808.449
9074,2022-08-20 16:00:00,6749.027,6742.979
9075,2022-08-20 17:00:00,6705.8057,6658.19
9076,2022-08-20 18:00:00,6603.8066,6635.29
9077,2022-08-20 19:00:00,6643.69,6655.2227
9078,2022-08-20 20:00:00,6725.5796,6734.7427
9079,2022-08-20 21:00:00,6795.888,6742.4062
9080,2022-08-20 22:00:00,6695.223,6689.088
9081,2022-08-20 23:00:00,6511.379,6473.71
9082,2022-08-21 00:00:00,6315.0195,6065.8276
9083,2022-08-21 01:00:00,5958.2046,6003.9316
9084,2022-08-21 02:00:00,5819.1167,5805.579
9085,2022-08-21 03:00:00,5734.257,5653.645
9086,2022-08-21 04:00:00,5580.69,5545.7144
9087,2022-08-21 05:00:00,5511.386,5516.146
9088,2022-08-21 06:00:00,5543.484,5584.3496
9089,2022-08-21 07:00:00,5681.431,5733.747
9090,2022-08-21 08:00:00,5875.1426,5822.4863
9091,2022-08-21 09:00:00,6100.9507,6063.326
9092,2022-08-21 10:00:00,6334.2095,6244.8105
9093,2022-08-21 11:00:00,6398.0073,6372.513
9094,2022-08-21 12:00:00,6374.0464,6385.9185
9095,2022-08-21 13:00:00,6385.201,6348.616
9096,2022-08-21 14:00:00,6342.4546,6370.4053
9097,2022-08-21 15:00:00,6339.908,6309.2305
9098,2022-08-21 16:00:00,6298.656,6304.793
9099,2022-08-21 17:00:00,6289.8,6308.1255
9100,2022-08-21 18:00:00,6307.131,6326.634
9101,2022-08-21 19:00:00,6379.4893,6412.669
9102,2022-08-21 20:00:00,6587.639,6578.348
9103,2022-08-21 21:00:00,6663.549,6611.3916
9104,2022-08-21 22:00:00,6598.7725,6555.443
9105,2022-08-21 23:00:00,6380.319,6316.47
9106,2022-08-22 00:00:00,6116.3457,6368.0093
9107,2022-08-22 01:00:00,5987.3755,5826.866
9108,2022-08-22 02:00:00,5689.1074,5660.8267
9109,2022-08-22 03:00:00,5595.485,5569.805
9110,2022-08-22 04:00:00,5532.326,5531.6685
9111,2022-08-22 05:00:00,5537.8364,5538.9453
9112,2022-08-22 06:00:00,5720.196,5743.915
9113,2022-08-22 07:00:00,6199.4526,6133.4233
9114,2022-08-22 08:00:00,6610.323,6528.093
9115,2022-08-22 09:00:00,6993.1133,6989.8276
9116,2022-08-22 10:00:00,7241.6143,7223.4854
9117,2022-08-22 11:00:00,7305.4155,7370.974
9118,2022-08-22 12:00:00,7375.649,7363.0146
9119,2022-08-22 13:00:00,7339.253,7285.6787
9120,2022-08-22 14:00:00,7329.8525,7372.316
9121,2022-08-22 15:00:00,7395.063,7382.228
9122,2022-08-22 16:00:00,7392.391,7408.1157
9123,2022-08-22 17:00:00,7380.62,7389.729
9124,2022-08-22 18:00:00,7263.054,7266.901
9125,2022-08-22 19:00:00,7112.061,7076.018
9126,2022-08-22 20:00:00,7115.056,7095.7573
9127,2022-08-22 21:00:00,7073.132,7040.194
9128,2022-08-22 22:00:00,6901.556,6905.62
9129,2022-08-22 23:00:00,6620.2246,6621.086
9130,2022-08-23 00:00:00,6338.958,6138.8276
9131,2022-08-23 01:00:00,5954.955,6099.6807
9132,2022-08-23 02:00:00,5831.4,5897.322
9133,2022-08-23 03:00:00,5761.1733,5819.192
9134,2022-08-23 04:00:00,5772.1787,5727.563
9135,2022-08-23 05:00:00,5723.319,5732.73
9136,2022-08-23 06:00:00,5939.3657,5940.884
9137,2022-08-23 07:00:00,6325.5464,6304.2397
9138,2022-08-23 08:00:00,6718.63,6668.448
9139,2022-08-23 09:00:00,7148.535,7090.97
9140,2022-08-23 10:00:00,7315.176,7304.513
9141,2022-08-23 11:00:00,7390.5425,7425.782
9142,2022-08-23 12:00:00,7417.8936,7288.329
9143,2022-08-23 13:00:00,7267.823,7174.361
9144,2022-08-23 14:00:00,7295.175,7217.5107
9145,2022-08-23 15:00:00,7246.9136,7181.207
9146,2022-08-23 16:00:00,7219.636,7145.6616
9147,2022-08-23 17:00:00,7142.8774,7138.538
9148,2022-08-23 18:00:00,7062.172,7088.5522
9149,2022-08-23 19:00:00,6987.6523,6981.7573
9150,2022-08-23 20:00:00,7026.358,6994.928
9151,2022-08-23 21:00:00,6976.7485,6927.3047
9152,2022-08-23 22:00:00,6835.576,6730.7744
9153,2022-08-23 23:00:00,6520.574,6423.4126
9154,2022-08-24 00:00:00,6169.721,6231.0674
9155,2022-08-24 01:00:00,5979.9995,5872.3726
9156,2022-08-24 02:00:00,5727.1914,5716.521
9157,2022-08-24 03:00:00,5648.7056,5609.717
9158,2022-08-24 04:00:00,5589.2983,5548.7954
9159,2022-08-24 05:00:00,5535.26,5557.067
9160,2022-08-24 06:00:00,5804.3154,5762.259
9161,2022-08-24 07:00:00,6184.8496,6168.183
9162,2022-08-24 08:00:00,6606.26,6536.4966
9163,2022-08-24 09:00:00,6965.5654,7021.1963
9164,2022-08-24 10:00:00,7258.1025,7249.5522
9165,2022-08-24 11:00:00,7312.04,7404.5815
9166,2022-08-24 12:00:00,7380.6265,7393.0386
9167,2022-08-24 13:00:00,7292.4844,7239.054
9168,2022-08-24 14:00:00,7303.48,7401.881
9169,2022-08-24 15:00:00,7405.3325,7429.925
9170,2022-08-24 16:00:00,7447.1504,7387.55
9171,2022-08-24 17:00:00,7392.7383,7373.571
9172,2022-08-24 18:00:00,7270.1646,7234.21
9173,2022-08-24 19:00:00,7045.1924,7033.8955
9174,2022-08-24 20:00:00,7071.0996,7017.989
9175,2022-08-24 21:00:00,6961.885,6952.4927
9176,2022-08-24 22:00:00,6815.7393,6800.166
9177,2022-08-24 23:00:00,6518.253,6502.4004
9178,2022-08-25 00:00:00,6223.615,6151.0625
9179,2022-08-25 01:00:00,5967.009,5965.988
9180,2022-08-25 02:00:00,5782.6895,5807.097
9181,2022-08-25 03:00:00,5718.8613,5695.7573
9182,2022-08-25 04:00:00,5622.083,5655.5273
9183,2022-08-25 05:00:00,5634.0566,5655.327
9184,2022-08-25 06:00:00,5835.917,5876.0557
9185,2022-08-25 07:00:00,6207.3164,6265.0405
9186,2022-08-25 08:00:00,6638.246,6644.7
9187,2022-08-25 09:00:00,7049.1675,7098.649
9188,2022-08-25 10:00:00,7276.9033,7346.4746
9189,2022-08-25 11:00:00,7405.615,7444.2983
9190,2022-08-25 12:00:00,7385.6455,7382.298
9191,2022-08-25 13:00:00,7327.1704,7263.8228
9192,2022-08-25 14:00:00,7355.8877,7270.6187
9193,2022-08-25 15:00:00,7308.24,7245.805
9194,2022-08-25 16:00:00,7285.4556,7259.2246
9195,2022-08-25 17:00:00,7255.561,7226.3784
9196,2022-08-25 18:00:00,7097.9814,7149.9775
9197,2022-08-25 19:00:00,6990.534,7036.1016
9198,2022-08-25 20:00:00,7000.5513,7002.1855
9199,2022-08-25 21:00:00,6970.5117,6934.5464
9200,2022-08-25 22:00:00,6763.245,6766.7515
9201,2022-08-25 23:00:00,6473.6904,6434.629
9202,2022-08-26 00:00:00,6132.917,6035.562
9203,2022-08-26 01:00:00,5852.114,5887.338
9204,2022-08-26 02:00:00,5722.1465,5722.137
9205,2022-08-26 03:00:00,5650.491,5621.495
9206,2022-08-26 04:00:00,5596.4087,5565.2363
9207,2022-08-26 05:00:00,5543.734,5585.18
9208,2022-08-26 06:00:00,5790.65,5781.199
9209,2022-08-26 07:00:00,6186.7583,6167.0483
9210,2022-08-26 08:00:00,6589.8677,6547.258
9211,2022-08-26 09:00:00,6978.1694,6856.823
9212,2022-08-26 10:00:00,7127.311,7096.126
9213,2022-08-26 11:00:00,7194.221,7182.2666
9214,2022-08-26 12:00:00,7162.7817,7161.775
9215,2022-08-26 13:00:00,7100.683,7029.78
9216,2022-08-26 14:00:00,7051.3257,7083.201
9217,2022-08-26 15:00:00,7077.1187,7105.6426
9218,2022-08-26 16:00:00,7114.8936,7078.3086
9219,2022-08-26 17:00:00,7054.3,7055.8613
9220,2022-08-26 18:00:00,6997.1074,6989.7427
9221,2022-08-26 19:00:00,6890.15,6861.405
9222,2022-08-26 20:00:00,6895.902,6819.992
9223,2022-08-26 21:00:00,6791.9326,6708.8228
9224,2022-08-26 22:00:00,6625.5264,6527.8516
9225,2022-08-26 23:00:00,6336.36,6258.408
9226,2022-08-27 00:00:00,5986.908,5935.4194
9227,2022-08-27 01:00:00,5798.846,5792.946
9228,2022-08-27 02:00:00,5648.6694,5633.0635
9229,2022-08-27 03:00:00,5569.5464,5516.2593
9230,2022-08-27 04:00:00,5452.5444,5437.1943
9231,2022-08-27 05:00:00,5436.2075,5434.91
9232,2022-08-27 06:00:00,5499.286,5537.032
9233,2022-08-27 07:00:00,5663.3745,5711.479
9234,2022-08-27 08:00:00,5926.734,5916.8115
9235,2022-08-27 09:00:00,6174.552,6293.1147
9236,2022-08-27 10:00:00,6500.978,6528.264
9237,2022-08-27 11:00:00,6568.3276,6726.3506
9238,2022-08-27 12:00:00,6683.4443,6778.9604
9239,2022-08-27 13:00:00,6684.101,6707.491
9240,2022-08-27 14:00:00,6684.648,6673.64
9241,2022-08-27 15:00:00,6633.8765,6673.9453
9242,2022-08-27 16:00:00,6625.5845,6541.722
9243,2022-08-27 17:00:00,6501.7207,6474.162
9244,2022-08-27 18:00:00,6451.966,6433.5166
9245,2022-08-27 19:00:00,6436.712,6452.656
9246,2022-08-27 20:00:00,6550.6943,6519.9277
9247,2022-08-27 21:00:00,6546.482,6484.496
9248,2022-08-27 22:00:00,6403.5005,6385.1416
9249,2022-08-27 23:00:00,6209.2207,6142.6235
9250,2022-08-28 00:00:00,5934.735,5930.478
9251,2022-08-28 01:00:00,5747.635,5690.6865
9252,2022-08-28 02:00:00,5546.7363,5534.6284
9253,2022-08-28 03:00:00,5451.831,5435.57
9254,2022-08-28 04:00:00,5399.1055,5365.9985
9255,2022-08-28 05:00:00,5329.13,5363.642
9256,2022-08-28 06:00:00,5365.6357,5439.484
9257,2022-08-28 07:00:00,5618.4404,5579.8857
9258,2022-08-28 08:00:00,5726.439,5666.3193
9259,2022-08-28 09:00:00,6006.192,5918.6396
9260,2022-08-28 10:00:00,6135.3164,6104.059
9261,2022-08-28 11:00:00,6224.8374,6281.9653
9262,2022-08-28 12:00:00,6278.491,6302.407
9263,2022-08-28 13:00:00,6283.259,6317.772
9264,2022-08-28 14:00:00,6283.686,6378.348
9265,2022-08-28 15:00:00,6323.4688,6371.5796
9266,2022-08-28 16:00:00,6345.51,6333.608
9267,2022-08-28 17:00:00,6304.6426,6289.0757
9268,2022-08-28 18:00:00,6265.739,6339.064
9269,2022-08-28 19:00:00,6375.514,6439.7407
9270,2022-08-28 20:00:00,6515.323,6560.3467
9271,2022-08-28 21:00:00,6588.2837,6570.2476
9272,2022-08-28 22:00:00,6460.888,6483.9365
9273,2022-08-28 23:00:00,6237.379,6190.1313
9274,2022-08-29 00:00:00,5926.87,6080.0547
9275,2022-08-29 01:00:00,5763.516,5705.3438
9276,2022-08-29 02:00:00,5547.5527,5546.3125
9277,2022-08-29 03:00:00,5460.7773,5453.2393
9278,2022-08-29 04:00:00,5400.4663,5402.0317
9279,2022-08-29 05:00:00,5394.768,5398.1094
9280,2022-08-29 06:00:00,5637.549,5638.2314
9281,2022-08-29 07:00:00,6125.2373,6065.629
9282,2022-08-29 08:00:00,6517.7773,6466.1943
9283,2022-08-29 09:00:00,6886.017,6872.5005
9284,2022-08-29 10:00:00,7191.353,7026.095
9285,2022-08-29 11:00:00,7122.128,7133.182
9286,2022-08-29 12:00:00,7106.7637,7165.7515
9287,2022-08-29 13:00:00,7096.464,7122.672
9288,2022-08-29 14:00:00,7145.8486,7240.5186
9289,2022-08-29 15:00:00,7259.8364,7253.094
9290,2022-08-29 16:00:00,7250.4536,7171.651
9291,2022-08-29 17:00:00,7141.7183,7174.037
9292,2022-08-29 18:00:00,7045.5537,7124.1064
9293,2022-08-29 19:00:00,6978.514,6989.1226
9294,2022-08-29 20:00:00,6996.686,6970.31
9295,2022-08-29 21:00:00,6910.1426,6876.436
9296,2022-08-29 22:00:00,6716.5215,6690.342
9297,2022-08-29 23:00:00,6410.0464,6357.9297
9298,2022-08-30 00:00:00,6052.517,6054.268
9299,2022-08-30 01:00:00,5855.1914,5842.7944
9300,2022-08-30 02:00:00,5663.995,5706.318
9301,2022-08-30 03:00:00,5603.169,5605.0474
9302,2022-08-30 04:00:00,5539.6333,5539.934
9303,2022-08-30 05:00:00,5540.1694,5570.8174
9304,2022-08-30 06:00:00,5782.4473,5776.2607
9305,2022-08-30 07:00:00,6195.4087,6169.919
9306,2022-08-30 08:00:00,6559.416,6492.7236
9307,2022-08-30 09:00:00,6942.7295,6898.62
9308,2022-08-30 10:00:00,7118.551,7048.419
9309,2022-08-30 11:00:00,7131.647,7200.119
9310,2022-08-30 12:00:00,7157.956,7176.215
9311,2022-08-30 13:00:00,7133.904,7122.646
9312,2022-08-30 14:00:00,7211.308,7170.7104
9313,2022-08-30 15:00:00,7205.6357,7144.3203
9314,2022-08-30 16:00:00,7138.846,7097.0444
9315,2022-08-30 17:00:00,7090.7705,7113.525
9316,2022-08-30 18:00:00,7014.438,7064.1606
9317,2022-08-30 19:00:00,6933.713,6951.5312
9318,2022-08-30 20:00:00,6952.6313,6935.7383
9319,2022-08-30 21:00:00,6840.4067,6840.133
9320,2022-08-30 22:00:00,6642.8125,6630.2925
9321,2022-08-30 23:00:00,6318.576,6324.5493
9322,2022-08-31 00:00:00,6029.237,6273.7803
9323,2022-08-31 01:00:00,5866.963,5772.583
9324,2022-08-31 02:00:00,5648.872,5617.116
9325,2022-08-31 03:00:00,5523.61,5514.2163
9326,2022-08-31 04:00:00,5455.194,5465.6133
9327,2022-08-31 05:00:00,5457.5117,5500.9004
9328,2022-08-31 06:00:00,5756.7095,5720.6094
9329,2022-08-31 07:00:00,6152.755,6123.154
9330,2022-08-31 08:00:00,6511.787,6480.9937
9331,2022-08-31 09:00:00,6869.628,6913.832
9332,2022-08-31 10:00:00,7096.1343,7167.0386
9333,2022-08-31 11:00:00,7190.05,7323.7207
9334,2022-08-31 12:00:00,7319.201,7304.9395
9335,2022-08-31 13:00:00,7198.0645,7249.3677
9336,2022-08-31 14:00:00,7305.928,7299.7993
9337,2022-08-31 15:00:00,7324.1143,7330.203
9338,2022-08-31 16:00:00,7353.3086,7359.9346
9339,2022-08-31 17:00:00,7329.969,7374.9683
9340,2022-08-31 18:00:00,7249.476,7294.2764
9341,2022-08-31 19:00:00,7109.4023,7143.657
9342,2022-08-31 20:00:00,7120.2417,7131.7534
9343,2022-08-31 21:00:00,7041.419,7042.5254
9344,2022-08-31 22:00:00,6846.112,6876.5137
9345,2022-08-31 23:00:00,6499.971,6566.532
9346,2022-09-01 00:00:00,6240.524,6273.532
9347,2022-09-01 01:00:00,6004.572,5975.1724
9348,2022-09-01 02:00:00,5788.721,5790.424
9349,2022-09-01 03:00:00,5665.8276,5666.0146
9350,2022-09-01 04:00:00,5623.787,5604.5386
9351,2022-09-01 05:00:00,5583.632,5625.2256
9352,2022-09-01 06:00:00,5823.6255,5818.2393
9353,2022-09-01 07:00:00,6181.371,6221.3594
9354,2022-09-01 08:00:00,6585.7383,6559.219
9355,2022-09-01 09:00:00,6953.5215,7023.542
9356,2022-09-01 10:00:00,7228.741,7250.1377
9357,2022-09-01 11:00:00,7334.667,7391.5103
9358,2022-09-01 12:00:00,7344.6387,7350.135
9359,2022-09-01 13:00:00,7282.799,7311.6577
9360,2022-09-01 14:00:00,7359.793,7407.6304
9361,2022-09-01 15:00:00,7416.2515,7347.109
9362,2022-09-01 16:00:00,7363.404,7260.6543
9363,2022-09-01 17:00:00,7298.828,7252.7275
9364,2022-09-01 18:00:00,7172.364,7170.1274
9365,2022-09-01 19:00:00,7035.115,7051.2407
9366,2022-09-01 20:00:00,7029.5977,7033.182
9367,2022-09-01 21:00:00,6986.1826,6961.0493
9368,2022-09-01 22:00:00,6756.0376,6817.7407
9369,2022-09-01 23:00:00,6461.8174,6542.4146
9370,2022-09-02 00:00:00,6234.1514,6109.618
9371,2022-09-02 01:00:00,5922.3594,5999.099
9372,2022-09-02 02:00:00,5782.5464,5814.026
9373,2022-09-02 03:00:00,5702.4575,5699.1133
9374,2022-09-02 04:00:00,5655.54,5622.5845
9375,2022-09-02 05:00:00,5625.4707,5632.98
9376,2022-09-02 06:00:00,5796.4307,5773.1
9377,2022-09-02 07:00:00,6181.158,6115.5137
9378,2022-09-02 08:00:00,6534.267,6510.243
9379,2022-09-02 09:00:00,6940.973,6969.1514
9380,2022-09-02 10:00:00,7186.0454,7163.5
9381,2022-09-02 11:00:00,7278.1313,7221.6914
9382,2022-09-02 12:00:00,7210.817,7273.807
9383,2022-09-02 13:00:00,7216.912,7154.3955
9384,2022-09-02 14:00:00,7235.357,7144.6978
9385,2022-09-02 15:00:00,7152.0938,7081.8677
9386,2022-09-02 16:00:00,7073.2812,7069.612
9387,2022-09-02 17:00:00,7049.9526,7059.998
9388,2022-09-02 18:00:00,7001.7314,6978.0415
9389,2022-09-02 19:00:00,6893.692,6860.1616
9390,2022-09-02 20:00:00,6868.105,6838.9316
9391,2022-09-02 21:00:00,6777.525,6747.7437
9392,2022-09-02 22:00:00,6604.1475,6582.182
9393,2022-09-02 23:00:00,6308.42,6321.6567
9394,2022-09-03 00:00:00,6062.003,6151.364
9395,2022-09-03 01:00:00,5910.355,5873.0723
9396,2022-09-03 02:00:00,5692.9707,5711.6304
9397,2022-09-03 03:00:00,5598.067,5615.901
9398,2022-09-03 04:00:00,5550.794,5533.964
9399,2022-09-03 05:00:00,5530.08,5521.1816
9400,2022-09-03 06:00:00,5533.1323,5617.392
9401,2022-09-03 07:00:00,5711.61,5796.828
9402,2022-09-03 08:00:00,5975.487,5991.4907
9403,2022-09-03 09:00:00,6293.215,6386.242
9404,2022-09-03 10:00:00,6580.513,6613.499
9405,2022-09-03 11:00:00,6723.033,6745.254
9406,2022-09-03 12:00:00,6761.013,6752.278
9407,2022-09-03 13:00:00,6680.513,6693.844
9408,2022-09-03 14:00:00,6656.871,6677.496
9409,2022-09-03 15:00:00,6623.4463,6668.1553
9410,2022-09-03 16:00:00,6596.4683,6621.161
9411,2022-09-03 17:00:00,6554.5557,6567.3438
9412,2022-09-03 18:00:00,6524.8223,6514.198
9413,2022-09-03 19:00:00,6529.707,6520.4053
9414,2022-09-03 20:00:00,6575.91,6606.51
9415,2022-09-03 21:00:00,6611.035,6599.692
9416,2022-09-03 22:00:00,6505.088,6527.2446
9417,2022-09-03 23:00:00,6263.1074,6326.633
9418,2022-09-04 00:00:00,6072.9033,6143.895
9419,2022-09-04 01:00:00,5838.095,5929.4067
9420,2022-09-04 02:00:00,5711.9995,5751.2085
9421,2022-09-04 03:00:00,5632.015,5624.122
9422,2022-09-04 04:00:00,5574.0005,5536.64
9423,2022-09-04 05:00:00,5514.74,5523.329
9424,2022-09-04 06:00:00,5570.149,5601.097
9425,2022-09-04 07:00:00,5680.655,5734.7026
9426,2022-09-04 08:00:00,5866.761,5811.974
9427,2022-09-04 09:00:00,6078.588,6058.9683
9428,2022-09-04 10:00:00,6308.21,6293.134
9429,2022-09-04 11:00:00,6414.92,6447.5063
9430,2022-09-04 12:00:00,6475.9775,6425.507
9431,2022-09-04 13:00:00,6385.0,6412.8994
9432,2022-09-04 14:00:00,6400.9326,6364.9395
9433,2022-09-04 15:00:00,6352.1167,6314.4595
9434,2022-09-04 16:00:00,6306.317,6335.9546
9435,2022-09-04 17:00:00,6307.149,6345.3516
9436,2022-09-04 18:00:00,6366.7505,6369.0366
9437,2022-09-04 19:00:00,6419.669,6448.435
9438,2022-09-04 20:00:00,6548.959,6601.5757
9439,2022-09-04 21:00:00,6625.5195,6646.1885
9440,2022-09-04 22:00:00,6569.6567,6581.2964
9441,2022-09-04 23:00:00,6354.504,6369.4355
9442,2022-09-05 00:00:00,6112.6963,6127.004
9443,2022-09-05 01:00:00,5893.4062,5892.8374
9444,2022-09-05 02:00:00,5711.273,5724.267
9445,2022-09-05 03:00:00,5645.3755,5629.0024
9446,2022-09-05 04:00:00,5584.522,5580.4937
9447,2022-09-05 05:00:00,5588.814,5580.2134
9448,2022-09-05 06:00:00,5758.0215,5751.375
9449,2022-09-05 07:00:00,6163.6655,6161.2954
9450,2022-09-05 08:00:00,6540.4414,6625.641
9451,2022-09-05 09:00:00,7022.1973,7145.481
9452,2022-09-05 10:00:00,7314.5596,7404.765
9453,2022-09-05 11:00:00,7495.511,7536.9
9454,2022-09-05 12:00:00,7521.1523,7437.8657
9455,2022-09-05 13:00:00,7351.52,7141.625
9456,2022-09-05 14:00:00,7191.67,7147.088
9457,2022-09-05 15:00:00,7156.2285,7098.0215
9458,2022-09-05 16:00:00,7089.4136,7033.275
9459,2022-09-05 17:00:00,7030.199,7033.8643
9460,2022-09-05 18:00:00,6989.7476,6973.21
9461,2022-09-05 19:00:00,6918.732,6864.7915
9462,2022-09-05 20:00:00,6865.588,6870.081
9463,2022-09-05 21:00:00,6864.5117,6784.2637
9464,2022-09-05 22:00:00,6658.05,6626.0
9465,2022-09-05 23:00:00,6363.1006,6353.514
9466,2022-09-06 00:00:00,6088.698,6324.832
9467,2022-09-06 01:00:00,5902.551,5850.4414
9468,2022-09-06 02:00:00,5715.1875,5687.8105
9469,2022-09-06 03:00:00,5592.8843,5582.195
9470,2022-09-06 04:00:00,5538.1846,5505.6626
9471,2022-09-06 05:00:00,5534.8257,5515.944
9472,2022-09-06 06:00:00,5767.3877,5681.4043
9473,2022-09-06 07:00:00,6133.696,6041.532
9474,2022-09-06 08:00:00,6544.64,6460.4014
9475,2022-09-06 09:00:00,6956.0693,6919.704
9476,2022-09-06 10:00:00,7185.5923,7144.7456
9477,2022-09-06 11:00:00,7277.8564,7276.2485
9478,2022-09-06 12:00:00,7238.1274,7319.0728
9479,2022-09-06 13:00:00,7193.294,7280.5166
9480,2022-09-06 14:00:00,7279.0913,7406.144
9481,2022-09-06 15:00:00,7402.8613,7426.8
9482,2022-09-06 16:00:00,7401.346,7384.8047
9483,2022-09-06 17:00:00,7365.661,7430.1743
9484,2022-09-06 18:00:00,7321.9463,7299.8306
9485,2022-09-06 19:00:00,7138.0864,7143.4526
9486,2022-09-06 20:00:00,7101.1934,7125.3296
9487,2022-09-06 21:00:00,7058.081,7056.694
9488,2022-09-06 22:00:00,6855.57,6887.1655
9489,2022-09-06 23:00:00,6474.4263,6594.499
9490,2022-09-07 00:00:00,6298.176,6158.58
9491,2022-09-07 01:00:00,5953.8545,6038.6377
9492,2022-09-07 02:00:00,5795.5776,5868.9326
9493,2022-09-07 03:00:00,5730.0654,5770.005
9494,2022-09-07 04:00:00,5698.319,5689.3354
9495,2022-09-07 05:00:00,5718.246,5685.9795
9496,2022-09-07 06:00:00,5860.1367,5836.017
9497,2022-09-07 07:00:00,6210.5933,6193.978
9498,2022-09-07 08:00:00,6610.5806,6572.542
9499,2022-09-07 09:00:00,7019.6943,6990.685
9500,2022-09-07 10:00:00,7262.8296,7169.3574
9501,2022-09-07 11:00:00,7334.6206,7286.2173
9502,2022-09-07 12:00:00,7298.97,7222.874
9503,2022-09-07 13:00:00,7169.6436,7177.4575
9504,2022-09-07 14:00:00,7231.786,7251.521
9505,2022-09-07 15:00:00,7276.4194,7197.043
9506,2022-09-07 16:00:00,7231.1855,7158.4907
9507,2022-09-07 17:00:00,7179.2817,7155.6846
9508,2022-09-07 18:00:00,7117.6313,7082.6826
9509,2022-09-07 19:00:00,6968.8086,6961.9146
9510,2022-09-07 20:00:00,6937.24,6941.146
9511,2022-09-07 21:00:00,6882.1055,6838.5103
9512,2022-09-07 22:00:00,6690.372,6673.434
9513,2022-09-07 23:00:00,6384.824,6395.9375
9514,2022-09-08 00:00:00,6132.2236,6330.851
9515,2022-09-08 01:00:00,5908.9395,5895.7056
9516,2022-09-08 02:00:00,5733.114,5739.402
9517,2022-09-08 03:00:00,5671.9893,5645.69
9518,2022-09-08 04:00:00,5621.7207,5584.661
9519,2022-09-08 05:00:00,5606.938,5595.9443
9520,2022-09-08 06:00:00,5799.112,5760.0986
9521,2022-09-08 07:00:00,6127.9956,6118.1084
9522,2022-09-08 08:00:00,6557.8677,6543.0825
9523,2022-09-08 09:00:00,6979.5464,6959.9854
9524,2022-09-08 10:00:00,7179.155,7154.989
9525,2022-09-08 11:00:00,7267.206,7255.3486
9526,2022-09-08 12:00:00,7241.2944,7231.8574
9527,2022-09-08 13:00:00,7180.976,7206.135
9528,2022-09-08 14:00:00,7234.62,7291.4663
9529,2022-09-08 15:00:00,7267.004,7252.733
9530,2022-09-08 16:00:00,7231.4087,7292.2217
9531,2022-09-08 17:00:00,7261.788,7319.321
9532,2022-09-08 18:00:00,7225.9443,7240.383
9533,2022-09-08 19:00:00,7071.037,7103.1123
9534,2022-09-08 20:00:00,7069.8555,7099.172
9535,2022-09-08 21:00:00,7003.2764,7004.8086
9536,2022-09-08 22:00:00,6787.3965,6844.0312
9537,2022-09-08 23:00:00,6504.6895,6577.9023
9538,2022-09-09 00:00:00,6205.2007,6169.58
9539,2022-09-09 01:00:00,5987.9805,6075.054
9540,2022-09-09 02:00:00,5856.993,5887.5215
9541,2022-09-09 03:00:00,5771.987,5768.1226
9542,2022-09-09 04:00:00,5708.726,5691.411
9543,2022-09-09 05:00:00,5678.4556,5699.1924
9544,2022-09-09 06:00:00,5809.8813,5833.463
9545,2022-09-09 07:00:00,6156.227,6194.153
9546,2022-09-09 08:00:00,6607.6846,6606.058
9547,2022-09-09 09:00:00,6979.6235,7052.7407
9548,2022-09-09 10:00:00,7232.2705,7247.3823
9549,2022-09-09 11:00:00,7336.703,7293.9204
9550,2022-09-09 12:00:00,7251.2407,7223.3823
9551,2022-09-09 13:00:00,7200.663,7115.8843
9552,2022-09-09 14:00:00,7205.3755,7138.2686
9553,2022-09-09 15:00:00,7139.8667,7135.052
9554,2022-09-09 16:00:00,7134.431,7075.557
9555,2022-09-09 17:00:00,7081.647,7040.6733
9556,2022-09-09 18:00:00,7001.398,6983.206
9557,2022-09-09 19:00:00,6897.62,6891.8237
9558,2022-09-09 20:00:00,6883.8594,6865.84
9559,2022-09-09 21:00:00,6809.2417,6775.3984
9560,2022-09-09 22:00:00,6642.6113,6612.1494
9561,2022-09-09 23:00:00,6348.951,6372.552
9562,2022-09-10 00:00:00,6134.9487,6221.562
9563,2022-09-10 01:00:00,5920.2954,5929.144
9564,2022-09-10 02:00:00,5752.197,5747.6353
9565,2022-09-10 03:00:00,5631.944,5626.5625
9566,2022-09-10 04:00:00,5584.4814,5538.397
9567,2022-09-10 05:00:00,5524.052,5526.9717
9568,2022-09-10 06:00:00,5548.2114,5620.5596
9569,2022-09-10 07:00:00,5801.625,5800.253
9570,2022-09-10 08:00:00,6011.7217,6003.829
9571,2022-09-10 09:00:00,6299.1987,6349.059
9572,2022-09-10 10:00:00,6568.2207,6569.7876
9573,2022-09-10 11:00:00,6683.6006,6715.6367
9574,2022-09-10 12:00:00,6721.42,6763.5977
9575,2022-09-10 13:00:00,6718.0854,6730.0156
9576,2022-09-10 14:00:00,6698.939,6717.821
9577,2022-09-10 15:00:00,6698.7114,6690.5986
9578,2022-09-10 16:00:00,6635.569,6665.818
9579,2022-09-10 17:00:00,6630.2524,6601.6606
9580,2022-09-10 18:00:00,6553.7993,6555.626
9581,2022-09-10 19:00:00,6539.7876,6563.1875
9582,2022-09-10 20:00:00,6601.3267,6631.2334
9583,2022-09-10 21:00:00,6652.547,6618.2676
9584,2022-09-10 22:00:00,6563.5024,6532.1006
9585,2022-09-10 23:00:00,6329.527,6391.1836
9586,2022-09-11 00:00:00,6142.6514,5953.513
9587,2022-09-11 01:00:00,5836.3774,5995.6562
9588,2022-09-11 02:00:00,5743.6465,5821.8003
9589,2022-09-11 03:00:00,5665.0015,5704.374
9590,2022-09-11 04:00:00,5639.5493,5615.479
9591,2022-09-11 05:00:00,5600.01,5597.5854
9592,2022-09-11 06:00:00,5644.2876,5647.12
9593,2022-09-11 07:00:00,5751.571,5763.844
9594,2022-09-11 08:00:00,5909.3613,5844.12
9595,2022-09-11 09:00:00,6109.8667,6096.7847
9596,2022-09-11 10:00:00,6365.695,6274.0493
9597,2022-09-11 11:00:00,6418.9683,6416.652
9598,2022-09-11 12:00:00,6445.207,6409.8916
9599,2022-09-11 13:00:00,6410.199,6365.3477
9600,2022-09-11 14:00:00,6380.8623,6336.732
9601,2022-09-11 15:00:00,6328.925,6279.803
9602,2022-09-11 16:00:00,6288.9688,6220.127
9603,2022-09-11 17:00:00,6208.6714,6227.7803
9604,2022-09-11 18:00:00,6257.6094,6260.1265
9605,2022-09-11 19:00:00,6315.8037,6407.9224
9606,2022-09-11 20:00:00,6568.087,6517.504
9607,2022-09-11 21:00:00,6579.3125,6530.424
9608,2022-09-11 22:00:00,6505.2886,6444.7603
9609,2022-09-11 23:00:00,6295.6265,6202.446
9610,2022-09-12 00:00:00,5978.341,6278.3125
9611,2022-09-12 01:00:00,5868.1494,5721.04
9612,2022-09-12 02:00:00,5616.831,5566.967
9613,2022-09-12 03:00:00,5520.7017,5465.0176
9614,2022-09-12 04:00:00,5448.611,5409.925
9615,2022-09-12 05:00:00,5428.1206,5418.0864
9616,2022-09-12 06:00:00,5621.871,5632.803
9617,2022-09-12 07:00:00,6055.864,6031.755
9618,2022-09-12 08:00:00,6486.102,6433.4507
9619,2022-09-12 09:00:00,6860.83,6967.0225
9620,2022-09-12 10:00:00,7182.678,7191.2974
9621,2022-09-12 11:00:00,7285.0664,7375.07
9622,2022-09-12 12:00:00,7362.4214,7409.8755
9623,2022-09-12 13:00:00,7252.122,7324.301
9624,2022-09-12 14:00:00,7376.2505,7449.624
9625,2022-09-12 15:00:00,7448.2925,7396.913
9626,2022-09-12 16:00:00,7385.2095,7409.3237
9627,2022-09-12 17:00:00,7388.1167,7394.577
9628,2022-09-12 18:00:00,7318.305,7273.0015
9629,2022-09-12 19:00:00,7127.3066,7121.177
9630,2022-09-12 20:00:00,7089.9873,7117.668
9631,2022-09-12 21:00:00,7051.252,7050.3936
9632,2022-09-12 22:00:00,6847.2715,6881.7866
9633,2022-09-12 23:00:00,6555.8887,6562.8687
9634,2022-09-13 00:00:00,6218.138,6186.365
9635,2022-09-13 01:00:00,6023.507,6008.9277
9636,2022-09-13 02:00:00,5837.804,5843.501
9637,2022-09-13 03:00:00,5754.239,5748.9277
9638,2022-09-13 04:00:00,5683.7773,5668.998
9639,2022-09-13 05:00:00,5670.382,5685.5493
9640,2022-09-13 06:00:00,5864.7896,5901.418
9641,2022-09-13 07:00:00,6251.0913,6273.9185
9642,2022-09-13 08:00:00,6647.52,6603.606
9643,2022-09-13 09:00:00,7028.4424,6923.27
9644,2022-09-13 10:00:00,7223.084,7068.031
9645,2022-09-13 11:00:00,7255.6445,7267.727
9646,2022-09-13 12:00:00,7275.4863,7339.7476
9647,2022-09-13 13:00:00,7286.161,7264.82
9648,2022-09-13 14:00:00,7366.8096,7334.1006
9649,2022-09-13 15:00:00,7368.9355,7299.3105
9650,2022-09-13 16:00:00,7306.6763,7312.3945
9651,2022-09-13 17:00:00,7292.805,7306.4473
9652,2022-09-13 18:00:00,7228.8027,7209.8535
9653,2022-09-13 19:00:00,7078.6387,7075.4956
9654,2022-09-13 20:00:00,7033.4844,7040.893
9655,2022-09-13 21:00:00,6984.26,6958.2075
9656,2022-09-13 22:00:00,6782.795,6786.138
9657,2022-09-13 23:00:00,6475.9062,6459.215
9658,2022-09-14 00:00:00,6190.5127,6105.4224
9659,2022-09-14 01:00:00,5936.649,5899.29
9660,2022-09-14 02:00:00,5747.946,5741.1704
9661,2022-09-14 03:00:00,5629.287,5635.9585
9662,2022-09-14 04:00:00,5577.447,5574.4653
9663,2022-09-14 05:00:00,5577.925,5609.1426
9664,2022-09-14 06:00:00,5819.0474,5803.9883
9665,2022-09-14 07:00:00,6186.371,6193.1284
9666,2022-09-14 08:00:00,6580.0913,6524.8955
9667,2022-09-14 09:00:00,6937.7236,6974.3223
9668,2022-09-14 10:00:00,7169.564,7187.107
9669,2022-09-14 11:00:00,7341.8667,7296.622
9670,2022-09-14 12:00:00,7290.772,7224.4756
9671,2022-09-14 13:00:00,7193.814,7180.518
9672,2022-09-14 14:00:00,7253.1465,7190.903
9673,2022-09-14 15:00:00,7214.725,7161.2715
9674,2022-09-14 16:00:00,7152.891,7119.215
9675,2022-09-14 17:00:00,7127.8745,7082.3584
9676,2022-09-14 18:00:00,7017.6826,7011.4614
9677,2022-09-14 19:00:00,6916.8945,6934.8394
9678,2022-09-14 20:00:00,6895.866,6944.9253
9679,2022-09-14 21:00:00,6867.725,6855.8086
9680,2022-09-14 22:00:00,6711.3145,6695.744
9681,2022-09-14 23:00:00,6396.806,6406.6294
9682,2022-09-15 00:00:00,6115.728,6287.355
9683,2022-09-15 01:00:00,5928.6465,5835.9014
9684,2022-09-15 02:00:00,5681.34,5672.9355
9685,2022-09-15 03:00:00,5590.5195,5568.77
9686,2022-09-15 04:00:00,5531.855,5521.6455
9687,2022-09-15 05:00:00,5531.2686,5539.472
9688,2022-09-15 06:00:00,5724.0356,5737.6016
9689,2022-09-15 07:00:00,6137.052,6149.117
9690,2022-09-15 08:00:00,6525.037,6490.406
9691,2022-09-15 09:00:00,6928.1777,6934.266
9692,2022-09-15 10:00:00,7175.7495,7187.332
9693,2022-09-15 11:00:00,7284.895,7321.3696
9694,2022-09-15 12:00:00,7282.7393,7305.047
9695,2022-09-15 13:00:00,7203.4336,7262.5576
9696,2022-09-15 14:00:00,7271.2764,7350.4272
9697,2022-09-15 15:00:00,7299.301,7333.432
9698,2022-09-15 16:00:00,7329.792,7288.1406
9699,2022-09-15 17:00:00,7294.46,7268.4473
9700,2022-09-15 18:00:00,7161.6777,7183.4033
9701,2022-09-15 19:00:00,7050.135,7076.096
9702,2022-09-15 20:00:00,7026.45,7083.7686
9703,2022-09-15 21:00:00,6958.545,6993.63
9704,2022-09-15 22:00:00,6767.618,6821.4565
9705,2022-09-15 23:00:00,6506.7236,6524.077
9706,2022-09-16 00:00:00,6159.0625,6438.7246
9707,2022-09-16 01:00:00,6023.0845,6023.829
9708,2022-09-16 02:00:00,5823.1035,5848.178
9709,2022-09-16 03:00:00,5716.9604,5736.852
9710,2022-09-16 04:00:00,5647.575,5641.933
9711,2022-09-16 05:00:00,5654.787,5669.291
9712,2022-09-16 06:00:00,5851.081,5841.2686
9713,2022-09-16 07:00:00,6195.328,6238.678
9714,2022-09-16 08:00:00,6607.42,6622.778
9715,2022-09-16 09:00:00,6995.9023,7008.9624
9716,2022-09-16 10:00:00,7201.0293,7195.806
9717,2022-09-16 11:00:00,7316.5996,7423.7476
9718,2022-09-16 12:00:00,7334.3823,7434.2886
9719,2022-09-16 13:00:00,7297.982,7426.7314
9720,2022-09-16 14:00:00,7457.513,7511.9985
9721,2022-09-16 15:00:00,7474.274,7516.7544
9722,2022-09-16 16:00:00,7482.075,7511.081
9723,2022-09-16 17:00:00,7474.686,7450.5757
9724,2022-09-16 18:00:00,7368.5483,7325.2417
9725,2022-09-16 19:00:00,7192.3145,7164.0757
9726,2022-09-16 20:00:00,7111.551,7140.51
9727,2022-09-16 21:00:00,7052.275,7049.02
9728,2022-09-16 22:00:00,6825.422,6913.788
9729,2022-09-16 23:00:00,6560.4595,6669.0195
9730,2022-09-17 00:00:00,6387.6704,6295.0166
9731,2022-09-17 01:00:00,6056.239,6165.265
9732,2022-09-17 02:00:00,5889.937,5984.8047
9733,2022-09-17 03:00:00,5820.4004,5852.513
9734,2022-09-17 04:00:00,5754.236,5760.02
9735,2022-09-17 05:00:00,5746.6807,5735.786
9736,2022-09-17 06:00:00,5762.642,5807.071
9737,2022-09-17 07:00:00,5962.5464,5964.1064
9738,2022-09-17 08:00:00,6175.5444,6168.1147
9739,2022-09-17 09:00:00,6463.873,6587.5127
9740,2022-09-17 10:00:00,6797.7217,6817.1763
9741,2022-09-17 11:00:00,6916.035,6934.782
9742,2022-09-17 12:00:00,6915.1636,6894.5576
9743,2022-09-17 13:00:00,6795.509,6784.1426
9744,2022-09-17 14:00:00,6759.5776,6802.9355
9745,2022-09-17 15:00:00,6743.513,6734.264
9746,2022-09-17 16:00:00,6686.803,6661.892
9747,2022-09-17 17:00:00,6597.9595,6633.5347
9748,2022-09-17 18:00:00,6588.5938,6598.683
9749,2022-09-17 19:00:00,6586.821,6633.692
9750,2022-09-17 20:00:00,6689.888,6739.3545
9751,2022-09-17 21:00:00,6739.524,6741.5757
9752,2022-09-17 22:00:00,6671.7124,6696.629
9753,2022-09-17 23:00:00,6463.3423,6505.642
9754,2022-09-18 00:00:00,6272.773,5903.43
9755,2022-09-18 01:00:00,5876.822,6072.5464
9756,2022-09-18 02:00:00,5792.9688,5877.231
9757,2022-09-18 03:00:00,5746.1377,5741.255
9758,2022-09-18 04:00:00,5676.6055,5658.888
9759,2022-09-18 05:00:00,5610.194,5637.7666
9760,2022-09-18 06:00:00,5657.4688,5701.661
9761,2022-09-18 07:00:00,5796.642,5828.2837
9762,2022-09-18 08:00:00,5942.1436,5898.947
9763,2022-09-18 09:00:00,6203.1567,6051.6763
9764,2022-09-18 10:00:00,6303.5894,6194.3804
9765,2022-09-18 11:00:00,6322.502,6280.532
9766,2022-09-18 12:00:00,6311.6875,6249.962
9767,2022-09-18 13:00:00,6239.8,6199.736
9768,2022-09-18 14:00:00,6197.8857,6232.8667
9769,2022-09-18 15:00:00,6185.022,6242.4683
9770,2022-09-18 16:00:00,6229.2695,6229.653
9771,2022-09-18 17:00:00,6211.6743,6227.8667
9772,2022-09-18 18:00:00,6239.027,6267.1147
9773,2022-09-18 19:00:00,6395.206,6357.8955
9774,2022-09-18 20:00:00,6539.755,6483.5254
9775,2022-09-18 21:00:00,6576.4526,6516.506
9776,2022-09-18 22:00:00,6479.2886,6414.8765
9777,2022-09-18 23:00:00,6255.553,6143.891
9778,2022-09-19 00:00:00,6032.7715,6157.6323
9779,2022-09-19 01:00:00,5804.3726,5670.0337
9780,2022-09-19 02:00:00,5563.304,5531.3433
9781,2022-09-19 03:00:00,5484.529,5444.5557
9782,2022-09-19 04:00:00,5410.744,5411.477
9783,2022-09-19 05:00:00,5403.15,5436.1304
9784,2022-09-19 06:00:00,5674.912,5638.0093
9785,2022-09-19 07:00:00,6076.368,6055.054
9786,2022-09-19 08:00:00,6500.96,6454.8384
9787,2022-09-19 09:00:00,6886.95,6927.746
9788,2022-09-19 10:00:00,7178.408,7089.7256
9789,2022-09-19 11:00:00,7192.7183,7172.7725
9790,2022-09-19 12:00:00,7179.6934,7159.104
9791,2022-09-19 13:00:00,7166.2524,7087.591
9792,2022-09-19 14:00:00,7151.215,7172.0693
9793,2022-09-19 15:00:00,7165.509,7173.8506
9794,2022-09-19 16:00:00,7183.209,7151.7954
9795,2022-09-19 17:00:00,7132.469,7148.3486
9796,2022-09-19 18:00:00,7063.596,7085.643
9797,2022-09-19 19:00:00,6990.426,6982.8394
9798,2022-09-19 20:00:00,6973.344,6996.005
9799,2022-09-19 21:00:00,6936.5864,6917.3003
9800,2022-09-19 22:00:00,6744.0874,6751.678
9801,2022-09-19 23:00:00,6448.092,6445.137
9802,2022-09-20 00:00:00,6166.4375,6082.756
9803,2022-09-20 01:00:00,5937.5537,5886.874
9804,2022-09-20 02:00:00,5720.917,5737.5986
9805,2022-09-20 03:00:00,5654.935,5642.018
9806,2022-09-20 04:00:00,5591.4604,5572.35
9807,2022-09-20 05:00:00,5585.7754,5597.7246
9808,2022-09-20 06:00:00,5790.9487,5811.6377
9809,2022-09-20 07:00:00,6208.2417,6216.164
9810,2022-09-20 08:00:00,6589.529,6572.416
9811,2022-09-20 09:00:00,6964.524,6908.372
9812,2022-09-20 10:00:00,7165.498,6971.679
9813,2022-09-20 11:00:00,7135.2363,7081.367
9814,2022-09-20 12:00:00,7112.0933,7047.0176
9815,2022-09-20 13:00:00,7045.9404,7015.1514
9816,2022-09-20 14:00:00,7081.051,7089.799
9817,2022-09-20 15:00:00,7079.525,7099.849
9818,2022-09-20 16:00:00,7083.409,7082.7085
9819,2022-09-20 17:00:00,7077.9536,7122.527
9820,2022-09-20 18:00:00,7046.333,7075.521
9821,2022-09-20 19:00:00,6983.638,6978.9053
9822,2022-09-20 20:00:00,6973.118,6982.181
9823,2022-09-20 21:00:00,6918.112,6884.439
9824,2022-09-20 22:00:00,6738.0215,6711.5337
9825,2022-09-20 23:00:00,6425.837,6365.3716
9826,2022-09-21 00:00:00,6081.076,6375.9087
9827,2022-09-21 01:00:00,5902.187,5838.288
9828,2022-09-21 02:00:00,5681.277,5680.289
9829,2022-09-21 03:00:00,5606.706,5579.349
9830,2022-09-21 04:00:00,5555.641,5528.0435
9831,2022-09-21 05:00:00,5549.953,5535.2305
9832,2022-09-21 06:00:00,5775.6357,5742.8267
9833,2022-09-21 07:00:00,6153.277,6147.479
9834,2022-09-21 08:00:00,6542.135,6499.994
9835,2022-09-21 09:00:00,6908.8687,6943.0645
9836,2022-09-21 10:00:00,7094.2627,7195.018
9837,2022-09-21 11:00:00,7278.2856,7334.8784
9838,2022-09-21 12:00:00,7258.3457,7360.754
9839,2022-09-21 13:00:00,7285.908,7331.0254
9840,2022-09-21 14:00:00,7362.67,7424.492
9841,2022-09-21 15:00:00,7398.9917,7438.6353
9842,2022-09-21 16:00:00,7417.7144,7408.8457
9843,2022-09-21 17:00:00,7400.6006,7425.9443
9844,2022-09-21 18:00:00,7330.303,7311.843
9845,2022-09-21 19:00:00,7188.2363,7160.4014
9846,2022-09-21 20:00:00,7119.3325,7143.306
9847,2022-09-21 21:00:00,7043.7314,7048.0083
9848,2022-09-21 22:00:00,6812.2676,6889.532
9849,2022-09-21 23:00:00,6521.473,6637.8755
9850,2022-09-22 00:00:00,6307.85,6070.774
9851,2022-09-22 01:00:00,5944.261,6097.0464
9852,2022-09-22 02:00:00,5808.8823,5913.793
9853,2022-09-22 03:00:00,5790.6904,5799.1714
9854,2022-09-22 04:00:00,5703.2026,5723.169
9855,2022-09-22 05:00:00,5738.0986,5735.552
9856,2022-09-22 06:00:00,5860.6187,5929.756
9857,2022-09-22 07:00:00,6272.333,6269.452
9858,2022-09-22 08:00:00,6639.241,6567.8716
9859,2022-09-22 09:00:00,6954.2793,6909.3794
9860,2022-09-22 10:00:00,7203.844,7031.1465
9861,2022-09-22 11:00:00,7178.3076,7091.887
9862,2022-09-22 12:00:00,7082.8193,7038.223
9863,2022-09-22 13:00:00,7046.134,7011.625
9864,2022-09-22 14:00:00,7028.4673,7121.614
9865,2022-09-22 15:00:00,7118.864,7108.8374
9866,2022-09-22 16:00:00,7095.359,7092.484
9867,2022-09-22 17:00:00,7082.1143,7087.815
9868,2022-09-22 18:00:00,7032.4126,7030.243
9869,2022-09-22 19:00:00,6977.326,6952.2007
9870,2022-09-22 20:00:00,6943.3496,6943.197
9871,2022-09-22 21:00:00,6886.453,6846.595
9872,2022-09-22 22:00:00,6714.0176,6658.7505
9873,2022-09-22 23:00:00,6388.79,6359.6924
9874,2022-09-23 00:00:00,6162.371,6352.118
9875,2022-09-23 01:00:00,5881.1895,5853.476
9876,2022-09-23 02:00:00,5670.139,5673.215
9877,2022-09-23 03:00:00,5600.652,5611.1445
9878,2022-09-23 04:00:00,5548.525,5545.2227
9879,2022-09-23 05:00:00,5538.408,5557.8228
9880,2022-09-23 06:00:00,5713.7373,5757.349
9881,2022-09-23 07:00:00,6132.055,6130.2617
9882,2022-09-23 08:00:00,6500.779,6443.589
9883,2022-09-23 09:00:00,6856.6255,6872.5576
9884,2022-09-23 10:00:00,7052.303,7071.567
9885,2022-09-23 11:00:00,7131.398,7243.798
9886,2022-09-23 12:00:00,7240.3237,7233.7114
9887,2022-09-23 13:00:00,7190.2637,7205.646
9888,2022-09-23 14:00:00,7252.014,7348.8027
9889,2022-09-23 15:00:00,7356.9023,7384.6924
9890,2022-09-23 16:00:00,7364.483,7364.339
9891,2022-09-23 17:00:00,7368.2812,7342.8975
9892,2022-09-23 18:00:00,7254.1494,7203.5034
9893,2022-09-23 19:00:00,7056.416,7052.9004
9894,2022-09-23 20:00:00,7011.037,7051.924
9895,2022-09-23 21:00:00,6936.8164,6986.166
9896,2022-09-23 22:00:00,6778.9077,6841.623
9897,2022-09-23 23:00:00,6526.889,6576.5083
9898,2022-09-24 00:00:00,6235.279,6166.966
9899,2022-09-24 01:00:00,6032.5596,6092.9053
9900,2022-09-24 02:00:00,5872.4233,5906.4873
9901,2022-09-24 03:00:00,5759.0796,5779.156
9902,2022-09-24 04:00:00,5696.006,5675.3555
9903,2022-09-24 05:00:00,5672.986,5655.4297
9904,2022-09-24 06:00:00,5699.324,5739.9297
9905,2022-09-24 07:00:00,5912.4062,5900.9194
9906,2022-09-24 08:00:00,6147.1714,6094.1543
9907,2022-09-24 09:00:00,6449.451,6415.3843
9908,2022-09-24 10:00:00,6659.2896,6634.083
9909,2022-09-24 11:00:00,6742.8525,6753.4863
9910,2022-09-24 12:00:00,6738.459,6716.472
9911,2022-09-24 13:00:00,6651.413,6642.279
9912,2022-09-24 14:00:00,6633.075,6669.855
9913,2022-09-24 15:00:00,6624.158,6632.7007
9914,2022-09-24 16:00:00,6612.8887,6562.696
9915,2022-09-24 17:00:00,6536.9395,6539.7827
9916,2022-09-24 18:00:00,6535.8037,6514.0825
9917,2022-09-24 19:00:00,6535.6094,6547.861
9918,2022-09-24 20:00:00,6616.131,6669.76
9919,2022-09-24 21:00:00,6671.4985,6675.356
9920,2022-09-24 22:00:00,6595.825,6587.7314
9921,2022-09-24 23:00:00,6420.919,6350.8975
9922,2022-09-25 00:00:00,6122.1006,5973.789
9923,2022-09-25 01:00:00,5977.8237,5923.407
9924,2022-09-25 02:00:00,5727.385,5766.6514
9925,2022-09-25 03:00:00,5667.7427,5663.783
9926,2022-09-25 04:00:00,5587.3774,5599.3887
9927,2022-09-25 05:00:00,5570.393,5571.2974
9928,2022-09-25 06:00:00,5630.8125,5624.7715
9929,2022-09-25 07:00:00,5770.2495,5757.0444
9930,2022-09-25 08:00:00,5886.313,5741.4795
9931,2022-09-25 09:00:00,6045.6274,5911.636
9932,2022-09-25 10:00:00,6227.1177,6083.0254
9933,2022-09-25 11:00:00,6145.567,6201.6475
9934,2022-09-25 12:00:00,6228.813,6166.704
9935,2022-09-25 13:00:00,6147.7905,6095.066
9936,2022-09-25 14:00:00,6109.17,6147.533
9937,2022-09-25 15:00:00,6136.9414,6222.2485
9938,2022-09-25 16:00:00,6178.4785,6235.1626
9939,2022-09-25 17:00:00,6203.1724,6235.7085
9940,2022-09-25 18:00:00,6230.2812,6255.6396
9941,2022-09-25 19:00:00,6355.983,6345.2314
9942,2022-09-25 20:00:00,6522.6807,6505.13
9943,2022-09-25 21:00:00,6560.614,6529.4336
9944,2022-09-25 22:00:00,6499.1523,6453.2466
9945,2022-09-25 23:00:00,6260.681,6214.97
9946,2022-09-26 00:00:00,6017.554,6143.475
9947,2022-09-26 01:00:00,5845.5337,5755.5264
9948,2022-09-26 02:00:00,5610.2227,5612.9224
9949,2022-09-26 03:00:00,5517.1743,5518.5337
9950,2022-09-26 04:00:00,5458.7705,5452.1123
9951,2022-09-26 05:00:00,5451.636,5461.57
9952,2022-09-26 06:00:00,5674.6235,5657.816
9953,2022-09-26 07:00:00,6093.649,6084.938
9954,2022-09-26 08:00:00,6463.089,6501.7607
9955,2022-09-26 09:00:00,6901.134,6983.5083
9956,2022-09-26 10:00:00,7164.15,7199.615
9957,2022-09-26 11:00:00,7292.9756,7326.244
9958,2022-09-26 12:00:00,7306.725,7275.772
9959,2022-09-26 13:00:00,7228.6504,7167.593
9960,2022-09-26 14:00:00,7245.9614,7274.9043
9961,2022-09-26 15:00:00,7284.2124,7291.0522
9962,2022-09-26 16:00:00,7267.5186,7270.4565
9963,2022-09-26 17:00:00,7270.3564,7228.6216
9964,2022-09-26 18:00:00,7155.5796,7121.4824
9965,2022-09-26 19:00:00,7038.59,6998.638
9966,2022-09-26 20:00:00,6984.303,7013.0415
9967,2022-09-26 21:00:00,6927.395,6937.0684
9968,2022-09-26 22:00:00,6765.1436,6753.2266
9969,2022-09-26 23:00:00,6445.04,6433.329
9970,2022-09-27 00:00:00,6113.985,6270.782
9971,2022-09-27 01:00:00,5932.189,5880.4336
9972,2022-09-27 02:00:00,5730.189,5706.378
9973,2022-09-27 03:00:00,5592.2163,5610.171
9974,2022-09-27 04:00:00,5546.139,5555.2563
9975,2022-09-27 05:00:00,5528.665,5552.877
9976,2022-09-27 06:00:00,5735.8257,5744.331
9977,2022-09-27 07:00:00,6133.0225,6148.024
9978,2022-09-27 08:00:00,6543.7485,6519.0073
9979,2022-09-27 09:00:00,6939.022,6971.325
9980,2022-09-27 10:00:00,7186.872,7205.0063
9981,2022-09-27 11:00:00,7311.5215,7320.7886
9982,2022-09-27 12:00:00,7276.5996,7286.273
9983,2022-09-27 13:00:00,7233.5986,7279.953
9984,2022-09-27 14:00:00,7335.0605,7271.2583
9985,2022-09-27 15:00:00,7293.056,7305.357
9986,2022-09-27 16:00:00,7284.317,7353.378
9987,2022-09-27 17:00:00,7304.9487,7344.6987
9988,2022-09-27 18:00:00,7231.595,7207.5347
9989,2022-09-27 19:00:00,7045.3066,7062.494
9990,2022-09-27 20:00:00,7019.938,7076.3716
9991,2022-09-27 21:00:00,6953.3037,7017.56
9992,2022-09-27 22:00:00,6756.7896,6869.0435
9993,2022-09-27 23:00:00,6446.232,6559.7554
9994,2022-09-28 00:00:00,6225.209,6325.1826
9995,2022-09-28 01:00:00,5961.3423,5987.724
9996,2022-09-28 02:00:00,5781.6963,5803.6
9997,2022-09-28 03:00:00,5671.477,5681.553
9998,2022-09-28 04:00:00,5633.61,5618.1084
9999,2022-09-28 05:00:00,5631.069,5633.5947
10000,2022-09-28 06:00:00,5805.4287,5804.964
10001,2022-09-28 07:00:00,6201.369,6189.992
10002,2022-09-28 08:00:00,6640.4155,6547.136
10003,2022-09-28 09:00:00,6957.345,6998.0596
10004,2022-09-28 10:00:00,7215.88,7164.3936
10005,2022-09-28 11:00:00,7293.712,7282.762
10006,2022-09-28 12:00:00,7246.3374,7297.861
10007,2022-09-28 13:00:00,7269.44,7246.293
10008,2022-09-28 14:00:00,7290.063,7341.1353
10009,2022-09-28 15:00:00,7327.8193,7378.3647
10010,2022-09-28 16:00:00,7370.1675,7378.968
10011,2022-09-28 17:00:00,7361.885,7376.871
10012,2022-09-28 18:00:00,7265.951,7265.0938
10013,2022-09-28 19:00:00,7089.3564,7111.498
10014,2022-09-28 20:00:00,7084.194,7116.4224
10015,2022-09-28 21:00:00,7014.02,7057.218
10016,2022-09-28 22:00:00,6808.2417,6902.738
10017,2022-09-28 23:00:00,6532.5674,6598.746
10018,2022-09-29 00:00:00,6306.773,6276.771
10019,2022-09-29 01:00:00,6020.2124,6008.538
10020,2022-09-29 02:00:00,5825.7275,5857.371
10021,2022-09-29 03:00:00,5705.885,5746.7534
10022,2022-09-29 04:00:00,5659.8076,5700.4595
10023,2022-09-29 05:00:00,5685.9136,5711.937
10024,2022-09-29 06:00:00,5832.6436,5870.314
10025,2022-09-29 07:00:00,6216.3887,6140.2837
10026,2022-09-29 08:00:00,6564.241,6496.9033
10027,2022-09-29 09:00:00,6947.7954,6917.7886
10028,2022-09-29 10:00:00,7195.132,7152.1616
10029,2022-09-29 11:00:00,7285.2075,7288.476
10030,2022-09-29 12:00:00,7270.611,7236.414
10031,2022-09-29 13:00:00,7221.5513,7197.167
10032,2022-09-29 14:00:00,7291.576,7280.423
10033,2022-09-29 15:00:00,7315.0137,7353.083
10034,2022-09-29 16:00:00,7345.5117,7337.0967
10035,2022-09-29 17:00:00,7332.393,7329.2812
10036,2022-09-29 18:00:00,7225.805,7214.6875
10037,2022-09-29 19:00:00,7047.096,7098.3335
10038,2022-09-29 20:00:00,7078.41,7090.393
10039,2022-09-29 21:00:00,7007.156,7016.207
10040,2022-09-29 22:00:00,6815.0005,6824.0254
10041,2022-09-29 23:00:00,6537.002,6542.8936
10042,2022-09-30 00:00:00,6274.92,6383.6816
10043,2022-09-30 01:00:00,6007.8,6012.978
10044,2022-09-30 02:00:00,5828.739,5849.0405
10045,2022-09-30 03:00:00,5714.2964,5742.085
10046,2022-09-30 04:00:00,5673.2114,5664.9604
10047,2022-09-30 05:00:00,5642.0796,5664.592
10048,2022-09-30 06:00:00,5817.674,5843.375
10049,2022-09-30 07:00:00,6154.8096,6203.908
10050,2022-09-30 08:00:00,6538.8413,6583.678
10051,2022-09-30 09:00:00,6949.756,7090.5547
10052,2022-09-30 10:00:00,7220.5737,7288.3213
10053,2022-09-30 11:00:00,7325.0073,7452.656
10054,2022-09-30 12:00:00,7366.029,7436.292
10055,2022-09-30 13:00:00,7325.3438,7335.7935
10056,2022-09-30 14:00:00,7394.558,7398.2764
10057,2022-09-30 15:00:00,7411.437,7448.0435
10058,2022-09-30 16:00:00,7427.639,7479.123
10059,2022-09-30 17:00:00,7451.1562,7410.198
10060,2022-09-30 18:00:00,7258.1826,7263.099
10061,2022-09-30 19:00:00,7100.418,7101.8003
10062,2022-09-30 20:00:00,7096.175,7069.1772
10063,2022-09-30 21:00:00,7011.4434,6972.477
10064,2022-09-30 22:00:00,6800.6157,6852.2544
10065,2022-09-30 23:00:00,6556.919,6620.1606
10066,2022-10-01 00:00:00,6321.9424,6047.055
10067,2022-10-01 01:00:00,5969.155,6149.475
10068,2022-10-01 02:00:00,5870.775,5939.489
10069,2022-10-01 03:00:00,5795.6543,5802.53
10070,2022-10-01 04:00:00,5703.741,5698.8022
10071,2022-10-01 05:00:00,5673.9863,5677.0474
10072,2022-10-01 06:00:00,5803.719,5738.3535
10073,2022-10-01 07:00:00,5901.712,5893.9727
10074,2022-10-01 08:00:00,6134.299,6070.13
10075,2022-10-01 09:00:00,6414.319,6447.343
10076,2022-10-01 10:00:00,6719.575,6699.947
10077,2022-10-01 11:00:00,6754.5083,6853.383
10078,2022-10-01 12:00:00,6817.785,6873.2197
10079,2022-10-01 13:00:00,6820.506,6775.7046
10080,2022-10-01 14:00:00,6720.0513,6659.099
10081,2022-10-01 15:00:00,6641.6265,6548.4146
10082,2022-10-01 16:00:00,6536.6987,6580.206
10083,2022-10-01 17:00:00,6521.044,6532.693
10084,2022-10-01 18:00:00,6505.5806,6465.8223
10085,2022-10-01 19:00:00,6484.284,6442.7476
10086,2022-10-01 20:00:00,6508.6826,6515.165
10087,2022-10-01 21:00:00,6577.2295,6489.0327
10088,2022-10-01 22:00:00,6442.543,6413.471
10089,2022-10-01 23:00:00,6292.904,6223.2944
10090,2022-10-02 00:00:00,5989.165,5973.789
10091,2022-10-02 01:00:00,5960.138,5848.337
10092,2022-10-02 02:00:00,5691.513,5659.82
10093,2022-10-02 03:00:00,5569.79,5536.203
10094,2022-10-02 04:00:00,5515.8994,5463.9414
10095,2022-10-02 05:00:00,5433.575,5427.105
10096,2022-10-02 06:00:00,5437.857,5465.616
10097,2022-10-02 07:00:00,5504.5093,5597.052
10098,2022-10-02 08:00:00,5665.2856,5668.0396
10099,2022-10-02 09:00:00,5867.5093,5852.556
10100,2022-10-02 10:00:00,5993.464,6017.056
10101,2022-10-02 11:00:00,6094.692,6175.033
10102,2022-10-02 12:00:00,6169.6655,6249.632
10103,2022-10-02 13:00:00,6192.8364,6258.3022
10104,2022-10-02 14:00:00,6237.5913,6357.312
10105,2022-10-02 15:00:00,6357.571,6379.232
10106,2022-10-02 16:00:00,6357.306,6371.033
10107,2022-10-02 17:00:00,6354.48,6372.1704
10108,2022-10-02 18:00:00,6366.0117,6384.608
10109,2022-10-02 19:00:00,6416.9604,6496.589
10110,2022-10-02 20:00:00,6555.4526,6562.2837
10111,2022-10-02 21:00:00,6571.0674,6566.3545
10112,2022-10-02 22:00:00,6496.305,6488.3584
10113,2022-10-02 23:00:00,6268.235,6239.7866
10114,2022-10-03 00:00:00,6057.993,5962.3613
10115,2022-10-03 01:00:00,5788.4937,5831.8115
10116,2022-10-03 02:00:00,5641.8213,5655.354
10117,2022-10-03 03:00:00,5557.0513,5522.27
10118,2022-10-03 04:00:00,5457.978,5460.3613
10119,2022-10-03 05:00:00,5446.687,5474.505
10120,2022-10-03 06:00:00,5647.6914,5684.7886
10121,2022-10-03 07:00:00,6103.8745,6113.098
10122,2022-10-03 08:00:00,6514.801,6523.2637
10123,2022-10-03 09:00:00,6937.87,6989.386
10124,2022-10-03 10:00:00,7208.7925,7203.468
10125,2022-10-03 11:00:00,7329.547,7332.1436
10126,2022-10-03 12:00:00,7304.9194,7360.091
10127,2022-10-03 13:00:00,7308.701,7290.041
10128,2022-10-03 14:00:00,7371.743,7331.772
10129,2022-10-03 15:00:00,7374.0464,7259.23
10130,2022-10-03 16:00:00,7267.8574,7120.3447
10131,2022-10-03 17:00:00,7088.4663,7051.859
10132,2022-10-03 18:00:00,6978.291,6967.251
10133,2022-10-03 19:00:00,6909.6943,6868.066
10134,2022-10-03 20:00:00,6873.6313,6878.22
10135,2022-10-03 21:00:00,6821.221,6757.0264
10136,2022-10-03 22:00:00,6663.7344,6559.165
10137,2022-10-03 23:00:00,6314.386,6240.0034
10138,2022-10-04 00:00:00,5968.582,6046.518
10139,2022-10-04 01:00:00,5824.831,5715.4795
10140,2022-10-04 02:00:00,5571.9663,5572.7036
10141,2022-10-04 03:00:00,5478.6826,5469.426
10142,2022-10-04 04:00:00,5427.185,5416.463
10143,2022-10-04 05:00:00,5419.6406,5434.559
10144,2022-10-04 06:00:00,5708.5117,5638.1646
10145,2022-10-04 07:00:00,6113.846,6045.2227
10146,2022-10-04 08:00:00,6512.655,6416.5396
10147,2022-10-04 09:00:00,6902.3813,6819.93
10148,2022-10-04 10:00:00,7124.784,6971.107
10149,2022-10-04 11:00:00,7073.665,7074.579
10150,2022-10-04 12:00:00,7064.044,7126.4937
10151,2022-10-04 13:00:00,7126.916,7090.5356
10152,2022-10-04 14:00:00,7127.043,7140.9385
10153,2022-10-04 15:00:00,7156.4937,7154.219
10154,2022-10-04 16:00:00,7133.48,7121.362
10155,2022-10-04 17:00:00,7110.639,7122.4404
10156,2022-10-04 18:00:00,7025.814,7056.0874
10157,2022-10-04 19:00:00,6938.6255,6954.0005
10158,2022-10-04 20:00:00,6939.889,6919.261
10159,2022-10-04 21:00:00,6860.9688,6821.585
10160,2022-10-04 22:00:00,6642.706,6637.6016
10161,2022-10-04 23:00:00,6302.915,6331.2954
10162,2022-10-05 00:00:00,6031.685,6076.463
10163,2022-10-05 01:00:00,5816.594,5763.34
10164,2022-10-05 02:00:00,5636.049,5603.6514
10165,2022-10-05 03:00:00,5510.996,5513.537
10166,2022-10-05 04:00:00,5450.621,5470.935
10167,2022-10-05 05:00:00,5486.728,5483.6123
10168,2022-10-05 06:00:00,5684.259,5696.0303
10169,2022-10-05 07:00:00,6088.865,6071.804
10170,2022-10-05 08:00:00,6480.264,6405.8643
10171,2022-10-05 09:00:00,6832.442,6810.6167
10172,2022-10-05 10:00:00,7050.477,6948.0474
10173,2022-10-05 11:00:00,7062.576,7048.8237
10174,2022-10-05 12:00:00,7074.645,7049.8296
10175,2022-10-05 13:00:00,7049.1074,6977.623
10176,2022-10-05 14:00:00,7021.4087,7059.943
10177,2022-10-05 15:00:00,7094.8164,7087.464
10178,2022-10-05 16:00:00,7078.0645,7084.864
10179,2022-10-05 17:00:00,7055.3325,7088.6865
10180,2022-10-05 18:00:00,7000.084,7027.5957
10181,2022-10-05 19:00:00,6921.7773,6952.7583
10182,2022-10-05 20:00:00,6912.9336,6929.851
10183,2022-10-05 21:00:00,6853.976,6824.807
10184,2022-10-05 22:00:00,6653.352,6652.9634
10185,2022-10-05 23:00:00,6300.853,6340.129
10186,2022-10-06 00:00:00,6048.344,5993.4424
10187,2022-10-06 01:00:00,5765.804,5815.095
10188,2022-10-06 02:00:00,5626.0444,5663.13
10189,2022-10-06 03:00:00,5571.7236,5560.8164
10190,2022-10-06 04:00:00,5517.405,5512.178
10191,2022-10-06 05:00:00,5526.007,5531.592
10192,2022-10-06 06:00:00,5691.676,5733.638
10193,2022-10-06 07:00:00,6065.7124,6141.9717
10194,2022-10-06 08:00:00,6477.11,6496.272
10195,2022-10-06 09:00:00,6857.4814,6938.626
10196,2022-10-06 10:00:00,7059.096,7171.7256
10197,2022-10-06 11:00:00,7218.766,7303.83
10198,2022-10-06 12:00:00,7294.609,7240.7944
10199,2022-10-06 13:00:00,7222.431,7096.239
10200,2022-10-06 14:00:00,7197.6094,7128.881
10201,2022-10-06 15:00:00,7155.6743,7098.211
10202,2022-10-06 16:00:00,7089.33,7051.4497
10203,2022-10-06 17:00:00,7020.6973,7023.443
10204,2022-10-06 18:00:00,6965.4067,6964.004
10205,2022-10-06 19:00:00,6887.9463,6874.119
10206,2022-10-06 20:00:00,6870.767,6876.0547
10207,2022-10-06 21:00:00,6804.3813,6762.785
10208,2022-10-06 22:00:00,6592.553,6569.7427
10209,2022-10-06 23:00:00,6279.884,6254.303
10210,2022-10-07 00:00:00,5965.872,5938.2075
10211,2022-10-07 01:00:00,5738.043,5731.6216
10212,2022-10-07 02:00:00,5591.7163,5576.4497
10213,2022-10-07 03:00:00,5509.342,5483.4326
10214,2022-10-07 04:00:00,5446.143,5430.8984
10215,2022-10-07 05:00:00,5429.1387,5434.0996
10216,2022-10-07 06:00:00,5662.4316,5617.245
10217,2022-10-07 07:00:00,6053.3,5998.9414
10218,2022-10-07 08:00:00,6423.7695,6379.3296
10219,2022-10-07 09:00:00,6794.5986,6829.393
10220,2022-10-07 10:00:00,6992.9526,7039.0083
10221,2022-10-07 11:00:00,7126.0073,7165.749
10222,2022-10-07 12:00:00,7146.7056,7158.2905
10223,2022-10-07 13:00:00,7080.8125,6958.824
10224,2022-10-07 14:00:00,7062.085,6962.6245
10225,2022-10-07 15:00:00,7003.377,6921.8667
10226,2022-10-07 16:00:00,6920.802,6890.479
10227,2022-10-07 17:00:00,6851.1846,6895.898
10228,2022-10-07 18:00:00,6821.835,6840.5127
10229,2022-10-07 19:00:00,6770.5127,6764.8467
10230,2022-10-07 20:00:00,6764.4014,6727.758
10231,2022-10-07 21:00:00,6678.0444,6605.157
10232,2022-10-07 22:00:00,6483.694,6435.3022
10233,2022-10-07 23:00:00,6204.5566,6175.575
10234,2022-10-08 00:00:00,5921.3174,6045.258
10235,2022-10-08 01:00:00,5791.0264,5683.606
10236,2022-10-08 02:00:00,5548.91,5525.4917
10237,2022-10-08 03:00:00,5455.957,5414.554
10238,2022-10-08 04:00:00,5394.5776,5358.014
10239,2022-10-08 05:00:00,5358.404,5358.528
10240,2022-10-08 06:00:00,5462.1143,5445.2876
10241,2022-10-08 07:00:00,5610.261,5636.6235
10242,2022-10-08 08:00:00,5793.2173,5845.026
10243,2022-10-08 09:00:00,6072.535,6228.3647
10244,2022-10-08 10:00:00,6411.1533,6487.1626
10245,2022-10-08 11:00:00,6598.733,6651.2817
10246,2022-10-08 12:00:00,6632.6187,6648.437
10247,2022-10-08 13:00:00,6576.436,6556.428
10248,2022-10-08 14:00:00,6515.338,6597.8955
10249,2022-10-08 15:00:00,6595.7925,6566.801
10250,2022-10-08 16:00:00,6528.0576,6533.42
10251,2022-10-08 17:00:00,6484.084,6490.53
10252,2022-10-08 18:00:00,6485.797,6483.8486
10253,2022-10-08 19:00:00,6470.4087,6540.4116
10254,2022-10-08 20:00:00,6577.5386,6615.453
10255,2022-10-08 21:00:00,6591.7188,6603.1226
10256,2022-10-08 22:00:00,6511.991,6497.0396
10257,2022-10-08 23:00:00,6229.59,6263.112
10258,2022-10-09 00:00:00,5964.997,6010.0176
10259,2022-10-09 01:00:00,5836.038,5777.4243
10260,2022-10-09 02:00:00,5623.661,5614.6484
10261,2022-10-09 03:00:00,5502.82,5495.929
10262,2022-10-09 04:00:00,5452.045,5439.64
10263,2022-10-09 05:00:00,5432.8286,5414.207
10264,2022-10-09 06:00:00,5419.2695,5480.6875
10265,2022-10-09 07:00:00,5606.437,5615.553
10266,2022-10-09 08:00:00,5707.7773,5690.928
10267,2022-10-09 09:00:00,5901.2437,5924.609
10268,2022-10-09 10:00:00,6142.668,6092.6846
10269,2022-10-09 11:00:00,6211.314,6242.4863
10270,2022-10-09 12:00:00,6255.8623,6292.0654
10271,2022-10-09 13:00:00,6265.118,6270.4595
10272,2022-10-09 14:00:00,6267.739,6315.071
10273,2022-10-09 15:00:00,6312.0576,6277.45
10274,2022-10-09 16:00:00,6254.5693,6283.7627
10275,2022-10-09 17:00:00,6255.297,6271.576
10276,2022-10-09 18:00:00,6275.6387,6286.692
10277,2022-10-09 19:00:00,6378.7656,6408.4224
10278,2022-10-09 20:00:00,6484.3394,6559.654
10279,2022-10-09 21:00:00,6565.1357,6571.7114
10280,2022-10-09 22:00:00,6467.166,6475.7817
10281,2022-10-09 23:00:00,6214.687,6240.6445
10282,2022-10-10 00:00:00,5960.305,5983.2515
10283,2022-10-10 01:00:00,5727.3325,5787.376
10284,2022-10-10 02:00:00,5606.5264,5643.5166
10285,2022-10-10 03:00:00,5542.852,5577.769
10286,2022-10-10 04:00:00,5542.969,5503.8237
10287,2022-10-10 05:00:00,5502.9243,5517.699
10288,2022-10-10 06:00:00,5645.8354,5638.478
10289,2022-10-10 07:00:00,6073.8564,6003.7837
10290,2022-10-10 08:00:00,6448.429,6376.4023
10291,2022-10-10 09:00:00,6844.0913,6797.1055
10292,2022-10-10 10:00:00,7063.542,6938.959
10293,2022-10-10 11:00:00,7016.273,7025.699
10294,2022-10-10 12:00:00,7007.761,7030.9927
10295,2022-10-10 13:00:00,6975.1064,6953.642
10296,2022-10-10 14:00:00,6981.6235,7036.9307
10297,2022-10-10 15:00:00,7040.1587,7063.8486
10298,2022-10-10 16:00:00,7062.7373,7038.452
10299,2022-10-10 17:00:00,7015.016,7044.512
10300,2022-10-10 18:00:00,6967.7246,6981.369
10301,2022-10-10 19:00:00,6919.485,6897.765
10302,2022-10-10 20:00:00,6915.109,6896.879
10303,2022-10-10 21:00:00,6818.078,6785.3843
10304,2022-10-10 22:00:00,6612.1494,6585.2476
10305,2022-10-10 23:00:00,6266.9604,6256.617
10306,2022-10-11 00:00:00,5987.334,6117.912
10307,2022-10-11 01:00:00,5805.0107,5733.2354
10308,2022-10-11 02:00:00,5609.337,5593.3
10309,2022-10-11 03:00:00,5523.3057,5497.791
10310,2022-10-11 04:00:00,5470.5576,5457.4155
10311,2022-10-11 05:00:00,5467.069,5466.7495
10312,2022-10-11 06:00:00,5657.9956,5665.9097
10313,2022-10-11 07:00:00,6052.6035,6056.897
10314,2022-10-11 08:00:00,6435.5244,6420.3555
10315,2022-10-11 09:00:00,6810.3794,6850.31
10316,2022-10-11 10:00:00,7026.5225,7065.9277
10317,2022-10-11 11:00:00,7123.6675,7201.976
10318,2022-10-11 12:00:00,7197.6846,7219.7
10319,2022-10-11 13:00:00,7128.672,7163.278
10320,2022-10-11 14:00:00,7204.1904,7286.6147
10321,2022-10-11 15:00:00,7292.4014,7295.1094
10322,2022-10-11 16:00:00,7315.6763,7274.0386
10323,2022-10-11 17:00:00,7264.958,7295.248
10324,2022-10-11 18:00:00,7219.235,7201.0557
10325,2022-10-11 19:00:00,7109.0044,7093.521
10326,2022-10-11 20:00:00,7063.8823,7112.806
10327,2022-10-11 21:00:00,7032.1816,7010.5615
10328,2022-10-11 22:00:00,6786.4707,6764.44
10329,2022-10-11 23:00:00,6380.463,6418.513
10330,2022-10-12 00:00:00,6158.7075,6060.7363
10331,2022-10-12 01:00:00,5821.97,5842.1543
10332,2022-10-12 02:00:00,5676.3413,5666.1333
10333,2022-10-12 03:00:00,5564.305,5545.6655
10334,2022-10-12 04:00:00,5504.0254,5476.578
10335,2022-10-12 05:00:00,5507.214,5472.8022
10336,2022-10-12 06:00:00,5696.338,5659.86
10337,2022-10-12 07:00:00,6065.5093,6051.4595
10338,2022-10-12 08:00:00,6473.306,6410.585
10339,2022-10-12 09:00:00,6856.641,6812.024
10340,2022-10-12 10:00:00,7075.226,6946.4346
10341,2022-10-12 11:00:00,7109.6973,7002.7466
10342,2022-10-12 12:00:00,7031.6523,6985.901
10343,2022-10-12 13:00:00,6962.6255,6892.3965
10344,2022-10-12 14:00:00,6976.871,7002.7124
10345,2022-10-12 15:00:00,7010.388,7042.284
10346,2022-10-12 16:00:00,7024.155,7076.3867
10347,2022-10-12 17:00:00,7072.8813,7112.301
10348,2022-10-12 18:00:00,7083.694,7013.6953
10349,2022-10-12 19:00:00,6941.7363,6923.8125
10350,2022-10-12 20:00:00,6961.7773,6934.7495
10351,2022-10-12 21:00:00,6872.069,6817.579
10352,2022-10-12 22:00:00,6630.241,6665.4907
10353,2022-10-12 23:00:00,6297.808,6319.774
10354,2022-10-13 00:00:00,6020.8857,6238.376
10355,2022-10-13 01:00:00,5845.1133,5803.595
10356,2022-10-13 02:00:00,5625.5376,5647.101
10357,2022-10-13 03:00:00,5536.448,5547.4106
10358,2022-10-13 04:00:00,5495.3765,5488.5522
10359,2022-10-13 05:00:00,5498.785,5498.2305
10360,2022-10-13 06:00:00,5683.1523,5682.023
10361,2022-10-13 07:00:00,6049.1523,6083.374
10362,2022-10-13 08:00:00,6456.3613,6455.8574
10363,2022-10-13 09:00:00,6819.023,6922.619
10364,2022-10-13 10:00:00,7059.2207,7143.602
10365,2022-10-13 11:00:00,7200.0737,7276.045
10366,2022-10-13 12:00:00,7261.069,7282.8496
10367,2022-10-13 13:00:00,7173.9937,7248.681
10368,2022-10-13 14:00:00,7300.05,7349.3735
10369,2022-10-13 15:00:00,7366.2515,7295.5654
10370,2022-10-13 16:00:00,7312.558,7214.649
10371,2022-10-13 17:00:00,7202.0107,7236.667
10372,2022-10-13 18:00:00,7179.47,7204.65
10373,2022-10-13 19:00:00,7083.9873,7076.289
10374,2022-10-13 20:00:00,7035.551,7069.989
10375,2022-10-13 21:00:00,6977.2495,6954.9077
10376,2022-10-13 22:00:00,6743.1826,6791.5835
10377,2022-10-13 23:00:00,6442.1587,6502.339
10378,2022-10-14 00:00:00,6212.792,6250.427
10379,2022-10-14 01:00:00,5945.139,5958.92
10380,2022-10-14 02:00:00,5784.7573,5774.4805
10381,2022-10-14 03:00:00,5668.8174,5668.8926
10382,2022-10-14 04:00:00,5621.6123,5605.2207
10383,2022-10-14 05:00:00,5588.556,5606.9385
10384,2022-10-14 06:00:00,5732.266,5781.8623
10385,2022-10-14 07:00:00,6110.777,6129.6104
10386,2022-10-14 08:00:00,6490.8267,6474.791
10387,2022-10-14 09:00:00,6892.8574,6952.7134
10388,2022-10-14 10:00:00,7163.0967,7205.948
10389,2022-10-14 11:00:00,7299.0312,7319.0835
10390,2022-10-14 12:00:00,7280.0537,7192.505
10391,2022-10-14 13:00:00,7188.3833,7192.3765
10392,2022-10-14 14:00:00,7307.196,7276.151
10393,2022-10-14 15:00:00,7287.768,7267.637
10394,2022-10-14 16:00:00,7267.0073,7247.971
10395,2022-10-14 17:00:00,7252.154,7250.3105
10396,2022-10-14 18:00:00,7178.4214,7163.4834
10397,2022-10-14 19:00:00,7053.721,7047.4526
10398,2022-10-14 20:00:00,7032.4087,7003.2446
10399,2022-10-14 21:00:00,6915.5845,6931.7554
10400,2022-10-14 22:00:00,6719.8687,6777.6426
10401,2022-10-14 23:00:00,6481.8267,6512.8086
10402,2022-10-15 00:00:00,6253.74,6269.0186
10403,2022-10-15 01:00:00,5969.3823,5937.2075
10404,2022-10-15 02:00:00,5753.9175,5746.53
10405,2022-10-15 03:00:00,5631.9307,5625.934
10406,2022-10-15 04:00:00,5572.645,5583.053
10407,2022-10-15 05:00:00,5569.2217,5566.6255
10408,2022-10-15 06:00:00,5648.259,5655.524
10409,2022-10-15 07:00:00,5914.56,5818.8975
10410,2022-10-15 08:00:00,6042.369,6015.8765
10411,2022-10-15 09:00:00,6356.713,6383.4116
10412,2022-10-15 10:00:00,6646.3667,6607.5244
10413,2022-10-15 11:00:00,6718.765,6799.577
10414,2022-10-15 12:00:00,6796.583,6815.958
10415,2022-10-15 13:00:00,6730.7344,6777.374
10416,2022-10-15 14:00:00,6764.759,6782.111
10417,2022-10-15 15:00:00,6763.572,6741.5854
10418,2022-10-15 16:00:00,6696.561,6681.517
10419,2022-10-15 17:00:00,6648.446,6630.1406
10420,2022-10-15 18:00:00,6591.984,6582.506
10421,2022-10-15 19:00:00,6586.1924,6630.902
10422,2022-10-15 20:00:00,6665.1187,6726.8203
10423,2022-10-15 21:00:00,6712.549,6733.0586
10424,2022-10-15 22:00:00,6573.8237,6658.348
10425,2022-10-15 23:00:00,6323.003,6458.0503
10426,2022-10-16 00:00:00,6180.9233,6041.536
10427,2022-10-16 01:00:00,5860.0044,6026.223
10428,2022-10-16 02:00:00,5748.1973,5846.6333
10429,2022-10-16 03:00:00,5691.6006,5613.7866
10430,2022-10-16 04:00:00,5574.886,5490.6826
10431,2022-10-16 05:00:00,5460.2,5429.8564
10432,2022-10-16 06:00:00,5459.5645,5509.646
10433,2022-10-16 07:00:00,5595.482,5603.99
10434,2022-10-16 08:00:00,5667.072,5716.9253
10435,2022-10-16 09:00:00,5925.861,5954.398
10436,2022-10-16 10:00:00,6189.408,6122.6465
10437,2022-10-16 11:00:00,6241.168,6229.4194
10438,2022-10-16 12:00:00,6287.189,6254.982
10439,2022-10-16 13:00:00,6230.225,6271.071
10440,2022-10-16 14:00:00,6264.679,6318.149
10441,2022-10-16 15:00:00,6306.7124,6313.5493
10442,2022-10-16 16:00:00,6293.095,6320.576
10443,2022-10-16 17:00:00,6298.458,6317.1157
10444,2022-10-16 18:00:00,6299.705,6346.0356
10445,2022-10-16 19:00:00,6406.7954,6453.239
10446,2022-10-16 20:00:00,6554.1514,6589.7573
10447,2022-10-16 21:00:00,6629.381,6626.913
10448,2022-10-16 22:00:00,6576.895,6538.796
10449,2022-10-16 23:00:00,6306.5654,6300.244
10450,2022-10-17 00:00:00,6013.323,6217.1123
10451,2022-10-17 01:00:00,5905.225,5784.765
10452,2022-10-17 02:00:00,5642.822,5624.413
10453,2022-10-17 03:00:00,5537.9824,5517.695
10454,2022-10-17 04:00:00,5460.331,5467.087
10455,2022-10-17 05:00:00,5440.6226,5478.7188
10456,2022-10-17 06:00:00,5660.444,5609.792
10457,2022-10-17 07:00:00,6036.6777,5959.8765
10458,2022-10-17 08:00:00,6393.51,6422.364
10459,2022-10-17 09:00:00,6866.859,6856.514
10460,2022-10-17 10:00:00,7096.397,7036.6914
10461,2022-10-17 11:00:00,7136.8706,7187.9385
10462,2022-10-17 12:00:00,7204.4463,7231.991
10463,2022-10-17 13:00:00,7205.476,7167.93
10464,2022-10-17 14:00:00,7213.9355,7261.816
10465,2022-10-17 15:00:00,7284.821,7294.7617
10466,2022-10-17 16:00:00,7301.7236,7301.069
10467,2022-10-17 17:00:00,7305.8574,7281.444
10468,2022-10-17 18:00:00,7206.7773,7195.626
10469,2022-10-17 19:00:00,7090.4087,7060.7344
10470,2022-10-17 20:00:00,7062.77,7055.607
10471,2022-10-17 21:00:00,6997.244,6942.6577
10472,2022-10-17 22:00:00,6723.261,6796.0303
10473,2022-10-17 23:00:00,6413.6895,6482.5166
10474,2022-10-18 00:00:00,6237.4517,6313.1904
10475,2022-10-18 01:00:00,5942.398,5930.6987
10476,2022-10-18 02:00:00,5715.7114,5766.336
10477,2022-10-18 03:00:00,5646.9937,5661.068
10478,2022-10-18 04:00:00,5582.625,5608.9595
10479,2022-10-18 05:00:00,5583.1,5592.0444
10480,2022-10-18 06:00:00,5749.416,5746.532
10481,2022-10-18 07:00:00,6115.0317,6138.398
10482,2022-10-18 08:00:00,6508.326,6504.501
10483,2022-10-18 09:00:00,6907.3906,6931.501
10484,2022-10-18 10:00:00,7140.206,7168.25
10485,2022-10-18 11:00:00,7251.38,7286.115
10486,2022-10-18 12:00:00,7272.591,7280.7573
10487,2022-10-18 13:00:00,7241.7617,7221.2144
10488,2022-10-18 14:00:00,7315.159,7299.951
10489,2022-10-18 15:00:00,7340.4287,7283.114
10490,2022-10-18 16:00:00,7287.857,7243.4746
10491,2022-10-18 17:00:00,7269.975,7246.53
10492,2022-10-18 18:00:00,7190.3027,7185.308
10493,2022-10-18 19:00:00,7043.955,7090.675
10494,2022-10-18 20:00:00,7067.6904,7077.791
10495,2022-10-18 21:00:00,6987.93,6981.592
10496,2022-10-18 22:00:00,6748.899,6862.1816
10497,2022-10-18 23:00:00,6531.0596,6591.3496
10498,2022-10-19 00:00:00,6304.15,6364.3643
10499,2022-10-19 01:00:00,6005.641,6036.2603
10500,2022-10-19 02:00:00,5807.3364,5856.2725
10501,2022-10-19 03:00:00,5692.5776,5746.235
10502,2022-10-19 04:00:00,5652.865,5692.637
10503,2022-10-19 05:00:00,5679.8813,5704.3223
10504,2022-10-19 06:00:00,5783.25,5867.093
10505,2022-10-19 07:00:00,6183.504,6235.1953
10506,2022-10-19 08:00:00,6540.832,6646.8735
10507,2022-10-19 09:00:00,6966.2036,7082.5396
10508,2022-10-19 10:00:00,7228.0757,7290.837
10509,2022-10-19 11:00:00,7323.257,7386.642
10510,2022-10-19 12:00:00,7347.8906,7335.4653
10511,2022-10-19 13:00:00,7280.073,7279.352
10512,2022-10-19 14:00:00,7338.2695,7355.3076
10513,2022-10-19 15:00:00,7372.565,7365.7285
10514,2022-10-19 16:00:00,7356.18,7374.8594
10515,2022-10-19 17:00:00,7359.9146,7346.487
10516,2022-10-19 18:00:00,7272.3086,7212.251
10517,2022-10-19 19:00:00,7108.9575,7109.78
10518,2022-10-19 20:00:00,7112.8623,7108.48
10519,2022-10-19 21:00:00,7027.886,7050.185
10520,2022-10-19 22:00:00,6819.8594,6893.0884
10521,2022-10-19 23:00:00,6580.0015,6634.565
10522,2022-10-20 00:00:00,6374.7876,6487.6143
10523,2022-10-20 01:00:00,6113.839,6078.1245
10524,2022-10-20 02:00:00,5867.0254,5914.25
10525,2022-10-20 03:00:00,5795.844,5793.874
10526,2022-10-20 04:00:00,5720.035,5748.3135
10527,2022-10-20 05:00:00,5724.3086,5740.1333
10528,2022-10-20 06:00:00,5902.563,5900.5566
10529,2022-10-20 07:00:00,6260.7817,6273.971
10530,2022-10-20 08:00:00,6630.5557,6675.972
10531,2022-10-20 09:00:00,7091.7964,7167.892
10532,2022-10-20 10:00:00,7319.8423,7389.9004
10533,2022-10-20 11:00:00,7422.7886,7463.092
10534,2022-10-20 12:00:00,7373.9883,7407.108
10535,2022-10-20 13:00:00,7321.311,7359.432
10536,2022-10-20 14:00:00,7427.511,7472.713
10537,2022-10-20 15:00:00,7463.4033,7476.7314
10538,2022-10-20 16:00:00,7454.0527,7459.4326
10539,2022-10-20 17:00:00,7448.609,7455.669
10540,2022-10-20 18:00:00,7349.0195,7313.123
10541,2022-10-20 19:00:00,7199.1274,7167.9263
10542,2022-10-20 20:00:00,7162.7314,7197.0264
10543,2022-10-20 21:00:00,7080.87,7138.1274
10544,2022-10-20 22:00:00,6902.4536,7014.878
10545,2022-10-20 23:00:00,6693.199,6769.9053
10546,2022-10-21 00:00:00,6497.6177,6081.0225
10547,2022-10-21 01:00:00,5990.56,6179.0625
10548,2022-10-21 02:00:00,5929.5874,5981.4507
10549,2022-10-21 03:00:00,5854.2637,5849.6895
10550,2022-10-21 04:00:00,5780.3926,5760.929
10551,2022-10-21 05:00:00,5751.5044,5762.59
10552,2022-10-21 06:00:00,5931.4414,5929.2734
10553,2022-10-21 07:00:00,6275.9473,6263.332
10554,2022-10-21 08:00:00,6694.505,6621.4463
10555,2022-10-21 09:00:00,7110.7856,7020.1724
10556,2022-10-21 10:00:00,7319.252,7132.545
10557,2022-10-21 11:00:00,7278.438,7230.318
10558,2022-10-21 12:00:00,7221.4277,7207.3115
10559,2022-10-21 13:00:00,7234.759,7185.601
10560,2022-10-21 14:00:00,7302.215,7242.6226
10561,2022-10-21 15:00:00,7249.685,7179.03
10562,2022-10-21 16:00:00,7193.812,7031.337
10563,2022-10-21 17:00:00,7034.0625,6980.1875
10564,2022-10-21 18:00:00,6939.209,6937.767
10565,2022-10-21 19:00:00,6886.6533,6839.693
10566,2022-10-21 20:00:00,6848.78,6811.052
10567,2022-10-21 21:00:00,6772.4,6699.8716
10568,2022-10-21 22:00:00,6596.717,6561.0806
10569,2022-10-21 23:00:00,6374.6323,6280.6646
10570,2022-10-22 00:00:00,6058.0186,5862.493
10571,2022-10-22 01:00:00,5786.8906,5830.61
10572,2022-10-22 02:00:00,5662.681,5658.882
10573,2022-10-22 03:00:00,5562.73,5532.3604
10574,2022-10-22 04:00:00,5505.114,5469.2236
10575,2022-10-22 05:00:00,5441.3423,5472.7095
10576,2022-10-22 06:00:00,5528.8433,5573.858
10577,2022-10-22 07:00:00,5724.561,5743.9116
10578,2022-10-22 08:00:00,5923.688,5925.853
10579,2022-10-22 09:00:00,6218.7437,6304.609
10580,2022-10-22 10:00:00,6510.065,6544.2285
10581,2022-10-22 11:00:00,6633.8433,6713.293
10582,2022-10-22 12:00:00,6747.4014,6730.59
10583,2022-10-22 13:00:00,6687.9414,6676.7563
10584,2022-10-22 14:00:00,6671.4873,6625.5938
10585,2022-10-22 15:00:00,6610.7275,6518.851
10586,2022-10-22 16:00:00,6511.975,6515.1387
10587,2022-10-22 17:00:00,6463.0796,6467.6626
10588,2022-10-22 18:00:00,6434.203,6464.861
10589,2022-10-22 19:00:00,6499.63,6497.9385
10590,2022-10-22 20:00:00,6585.66,6487.334
10591,2022-10-22 21:00:00,6549.8267,6430.0615
10592,2022-10-22 22:00:00,6404.6265,6313.8267
10593,2022-10-22 23:00:00,6157.5977,6069.3555
10594,2022-10-23 00:00:00,5907.0654,5920.753
10595,2022-10-23 01:00:00,5746.755,5642.6626
10596,2022-10-23 02:00:00,5540.665,5476.4897
10597,2022-10-23 03:00:00,5432.9795,5360.7744
10598,2022-10-23 04:00:00,5315.272,5294.8643
10599,2022-10-23 05:00:00,5280.6714,5282.584
10600,2022-10-23 06:00:00,5348.7227,5356.9077
10601,2022-10-23 07:00:00,5486.926,5476.239
10602,2022-10-23 08:00:00,5631.7114,5542.7812
10603,2022-10-23 09:00:00,5846.4414,5774.1104
10604,2022-10-23 10:00:00,6003.1826,5951.7427
10605,2022-10-23 11:00:00,6080.2676,6108.0923
10606,2022-10-23 12:00:00,6149.3794,6153.3457
10607,2022-10-23 13:00:00,6143.0986,6109.3145
10608,2022-10-23 14:00:00,6114.1074,6166.8555
10609,2022-10-23 15:00:00,6122.502,6166.6294
10610,2022-10-23 16:00:00,6127.814,6174.784
10611,2022-10-23 17:00:00,6182.6855,6164.2207
10612,2022-10-23 18:00:00,6143.998,6186.9907
10613,2022-10-23 19:00:00,6253.139,6286.196
10614,2022-10-23 20:00:00,6432.2056,6387.3794
10615,2022-10-23 21:00:00,6418.7515,6402.5146
10616,2022-10-23 22:00:00,6304.043,6308.699
10617,2022-10-23 23:00:00,6108.5195,6089.0146
10618,2022-10-24 00:00:00,5901.2124,5888.9004
10619,2022-10-24 01:00:00,5666.174,5713.1685
10620,2022-10-24 02:00:00,5579.904,5537.984
10621,2022-10-24 03:00:00,5469.714,5423.0547
10622,2022-10-24 04:00:00,5393.246,5338.1904
10623,2022-10-24 05:00:00,5344.465,5330.61
10624,2022-10-24 06:00:00,5530.938,5417.424
10625,2022-10-24 07:00:00,5680.7217,5582.4043
10626,2022-10-24 08:00:00,5870.799,5702.447
10627,2022-10-24 09:00:00,6009.5986,5945.5537
10628,2022-10-24 10:00:00,6184.011,6101.3564
10629,2022-10-24 11:00:00,6185.791,6229.5723
10630,2022-10-24 12:00:00,6257.958,6250.4785
10631,2022-10-24 13:00:00,6215.0537,6212.471
10632,2022-10-24 14:00:00,6215.971,6240.4434
10633,2022-10-24 15:00:00,6232.141,6249.7886
10634,2022-10-24 16:00:00,6233.8164,6267.975
10635,2022-10-24 17:00:00,6269.246,6297.3247
10636,2022-10-24 18:00:00,6268.877,6346.0703
10637,2022-10-24 19:00:00,6365.4917,6451.571
10638,2022-10-24 20:00:00,6523.395,6530.6353
10639,2022-10-24 21:00:00,6512.3125,6500.7046
10640,2022-10-24 22:00:00,6410.2236,6389.1113
10641,2022-10-24 23:00:00,6120.1045,6113.3604
10642,2022-10-25 00:00:00,5880.7275,5928.7524
10643,2022-10-25 01:00:00,5707.919,5658.005
10644,2022-10-25 02:00:00,5533.4795,5497.1704
10645,2022-10-25 03:00:00,5428.783,5411.4043
10646,2022-10-25 04:00:00,5375.0537,5366.313
10647,2022-10-25 05:00:00,5363.1694,5382.7603
10648,2022-10-25 06:00:00,5511.4746,5592.039
10649,2022-10-25 07:00:00,6007.4556,5999.403
10650,2022-10-25 08:00:00,6419.9307,6403.18
10651,2022-10-25 09:00:00,6806.3076,6878.1934
10652,2022-10-25 10:00:00,7082.5527,7113.0737
10653,2022-10-25 11:00:00,7184.725,7247.714
10654,2022-10-25 12:00:00,7249.368,7225.9287
10655,2022-10-25 13:00:00,7177.4863,7134.2607
10656,2022-10-25 14:00:00,7209.955,7190.138
10657,2022-10-25 15:00:00,7201.56,7220.6587
10658,2022-10-25 16:00:00,7218.286,7228.7324
10659,2022-10-25 17:00:00,7216.29,7161.6587
10660,2022-10-25 18:00:00,7116.4927,7023.381
10661,2022-10-25 19:00:00,6967.9106,6882.2197
10662,2022-10-25 20:00:00,6891.5083,6824.419
10663,2022-10-25 21:00:00,6795.0654,6702.717
10664,2022-10-25 22:00:00,6570.5757,6504.275
10665,2022-10-25 23:00:00,6248.4614,6171.245
10666,2022-10-26 00:00:00,5933.3945,5931.5615
10667,2022-10-26 01:00:00,5703.9775,5654.337
10668,2022-10-26 02:00:00,5526.5786,5517.725
10669,2022-10-26 03:00:00,5440.1426,5428.623
10670,2022-10-26 04:00:00,5379.2314,5367.795
10671,2022-10-26 05:00:00,5369.634,5391.57
10672,2022-10-26 06:00:00,5629.335,5605.8657
10673,2022-10-26 07:00:00,6024.498,6000.53
10674,2022-10-26 08:00:00,6426.8945,6362.907
10675,2022-10-26 09:00:00,6816.855,6721.2505
10676,2022-10-26 10:00:00,7031.006,6912.9155
10677,2022-10-26 11:00:00,7009.808,7058.9214
10678,2022-10-26 12:00:00,7038.5273,7064.829
10679,2022-10-26 13:00:00,7018.857,6991.543
10680,2022-10-26 14:00:00,7079.57,7106.8564
10681,2022-10-26 15:00:00,7135.8823,7160.8643
10682,2022-10-26 16:00:00,7167.484,7035.813
10683,2022-10-26 17:00:00,7038.186,6993.8936
10684,2022-10-26 18:00:00,6910.733,6969.833
10685,2022-10-26 19:00:00,6878.228,6923.0327
10686,2022-10-26 20:00:00,6890.7017,6902.8926
10687,2022-10-26 21:00:00,6792.7495,6780.827
10688,2022-10-26 22:00:00,6598.95,6565.4653
10689,2022-10-26 23:00:00,6211.2314,6221.852
10690,2022-10-27 00:00:00,5939.9033,6138.1074
10691,2022-10-27 01:00:00,5766.62,5669.2646
10692,2022-10-27 02:00:00,5517.2476,5527.7007
10693,2022-10-27 03:00:00,5423.3706,5431.3457
10694,2022-10-27 04:00:00,5375.2007,5376.256
10695,2022-10-27 05:00:00,5381.6006,5409.17
10696,2022-10-27 06:00:00,5610.1987,5604.8984
10697,2022-10-27 07:00:00,5998.162,5983.885
10698,2022-10-27 08:00:00,6368.8887,6339.1396
10699,2022-10-27 09:00:00,6753.6694,6739.06
10700,2022-10-27 10:00:00,6956.85,6950.618
10701,2022-10-27 11:00:00,7042.8486,7101.737
10702,2022-10-27 12:00:00,7081.925,7150.7827
10703,2022-10-27 13:00:00,7064.7344,7127.294
10704,2022-10-27 14:00:00,7185.948,7228.8394
10705,2022-10-27 15:00:00,7224.0938,7267.6587
10706,2022-10-27 16:00:00,7219.963,7238.491
10707,2022-10-27 17:00:00,7183.3887,7227.251
10708,2022-10-27 18:00:00,7113.7407,7119.618
10709,2022-10-27 19:00:00,7002.786,7014.808
10710,2022-10-27 20:00:00,6993.6846,7008.551
10711,2022-10-27 21:00:00,6904.06,6918.4497
10712,2022-10-27 22:00:00,6674.035,6756.624
10713,2022-10-27 23:00:00,6349.826,6428.82
10714,2022-10-28 00:00:00,6150.0693,6148.4136
10715,2022-10-28 01:00:00,5813.7715,5856.5215
10716,2022-10-28 02:00:00,5650.587,5671.949
10717,2022-10-28 03:00:00,5539.584,5548.413
10718,2022-10-28 04:00:00,5494.0405,5484.9326
10719,2022-10-28 05:00:00,5499.246,5502.443
10720,2022-10-28 06:00:00,5653.297,5691.628
10721,2022-10-28 07:00:00,6024.683,6059.0376
10722,2022-10-28 08:00:00,6423.063,6420.5356
10723,2022-10-28 09:00:00,6799.7583,6863.735
10724,2022-10-28 10:00:00,7061.786,7051.708
10725,2022-10-28 11:00:00,7137.9087,7211.4087
10726,2022-10-28 12:00:00,7189.6924,7248.528
10727,2022-10-28 13:00:00,7165.8677,7259.1855
10728,2022-10-28 14:00:00,7313.6235,7349.618
10729,2022-10-28 15:00:00,7361.34,7413.891
10730,2022-10-28 16:00:00,7381.959,7402.5444
10731,2022-10-28 17:00:00,7372.453,7348.5073
10732,2022-10-28 18:00:00,7278.2515,7148.2637
10733,2022-10-28 19:00:00,7038.6606,7022.8984
10734,2022-10-28 20:00:00,6999.6436,7018.8345
10735,2022-10-28 21:00:00,6956.389,6858.635
10736,2022-10-28 22:00:00,6676.252,6673.8804
10737,2022-10-28 23:00:00,6352.338,6378.5527
10738,2022-10-29 00:00:00,6098.333,6159.5366
10739,2022-10-29 01:00:00,5874.7505,5888.332
10740,2022-10-29 02:00:00,5687.1094,5703.6484
10741,2022-10-29 03:00:00,5590.37,5589.1943
10742,2022-10-29 04:00:00,5549.254,5512.3726
10743,2022-10-29 05:00:00,5508.096,5497.8735
10744,2022-10-29 06:00:00,5615.5195,5573.969
10745,2022-10-29 07:00:00,5746.8423,5741.6973
10746,2022-10-29 08:00:00,5984.799,5923.0796
10747,2022-10-29 09:00:00,6297.6714,6302.5615
10748,2022-10-29 10:00:00,6574.3364,6542.9116
10749,2022-10-29 11:00:00,6662.5737,6683.378
10750,2022-10-29 12:00:00,6727.8164,6695.4746
10751,2022-10-29 13:00:00,6661.2515,6638.126
10752,2022-10-29 14:00:00,6627.056,6624.806
10753,2022-10-29 15:00:00,6586.9673,6626.172
10754,2022-10-29 16:00:00,6563.463,6611.2764
10755,2022-10-29 17:00:00,6566.877,6586.192
10756,2022-10-29 18:00:00,6579.392,6552.921
10757,2022-10-29 19:00:00,6580.4673,6575.544
10758,2022-10-29 20:00:00,6618.082,6656.958
10759,2022-10-29 21:00:00,6647.3687,6662.973
10760,2022-10-29 22:00:00,6533.3364,6588.984
10761,2022-10-29 23:00:00,6338.8145,6373.66
10762,2022-10-30 00:00:00,6095.8013,5909.0527
10763,2022-10-30 01:00:00,5757.6562,5901.667
10764,2022-10-30 02:00:00,5650.9233,5719.415
10765,2022-10-30 03:00:00,5565.163,5579.684
10766,2022-10-30 04:00:00,5496.5664,5492.708
10767,2022-10-30 05:00:00,5439.9995,5454.339
10768,2022-10-30 06:00:00,5494.66,5491.5537
10769,2022-10-30 07:00:00,5588.6313,5637.2944
10770,2022-10-30 08:00:00,5760.9287,5708.734
10771,2022-10-30 09:00:00,5953.5293,5966.392
10772,2022-10-30 10:00:00,6200.7124,6171.228
10773,2022-10-30 11:00:00,6271.02,6336.9077
10774,2022-10-30 12:00:00,6341.9014,6380.0107
10775,2022-10-30 13:00:00,6340.885,6347.772
10776,2022-10-30 14:00:00,6357.772,6411.0264
10777,2022-10-30 15:00:00,6407.6777,6399.0483
10778,2022-10-30 16:00:00,6405.898,6453.6685
10779,2022-10-30 17:00:00,6450.7964,6453.6436
10780,2022-10-30 18:00:00,6456.0806,6438.4795
10781,2022-10-30 19:00:00,6493.1035,6546.279
10782,2022-10-30 20:00:00,6641.457,6643.2827
10783,2022-10-30 21:00:00,6669.5454,6653.3267
10784,2022-10-30 22:00:00,6577.7764,6499.5264
10785,2022-10-30 23:00:00,6277.8296,6222.6714
10786,2022-10-31 00:00:00,5996.3,6196.007
10787,2022-10-31 01:00:00,5829.464,5651.999
10788,2022-10-31 02:00:00,5549.838,5482.041
10789,2022-10-31 03:00:00,5419.165,5382.2847
10790,2022-10-31 04:00:00,5348.5913,5330.851
10791,2022-10-31 05:00:00,5331.975,5329.437
10792,2022-10-31 06:00:00,5491.6777,5526.6045
10793,2022-10-31 07:00:00,5928.9062,5938.782
10794,2022-10-31 08:00:00,6378.918,6352.359
10795,2022-10-31 09:00:00,6793.4717,6786.2607
10796,2022-10-31 10:00:00,7034.107,6983.2744
10797,2022-10-31 11:00:00,7075.1724,7160.3135
10798,2022-10-31 12:00:00,7183.8057,7196.005
10799,2022-10-31 13:00:00,7139.8076,7142.9517
10800,2022-10-31 14:00:00,7202.848,7249.7227
10801,2022-10-31 15:00:00,7266.859,7291.894
10802,2022-10-31 16:00:00,7275.842,7275.828
10803,2022-10-31 17:00:00,7257.487,7255.574
10804,2022-10-31 18:00:00,7134.0996,7163.333
10805,2022-10-31 19:00:00,7035.2495,7046.672
10806,2022-10-31 20:00:00,7027.254,7024.398
10807,2022-10-31 21:00:00,6914.1855,6949.737
10808,2022-10-31 22:00:00,6720.239,6785.3413
10809,2022-10-31 23:00:00,6380.122,6476.1426
10810,2022-11-01 00:00:00,6205.4307,6119.5264
10811,2022-11-01 01:00:00,5850.5444,5897.717
10812,2022-11-01 02:00:00,5669.395,5738.9434
10813,2022-11-01 03:00:00,5605.372,5627.1865
10814,2022-11-01 04:00:00,5578.1836,5554.687
10815,2022-11-01 05:00:00,5576.3867,5569.0435
10816,2022-11-01 06:00:00,5756.4746,5740.901
10817,2022-11-01 07:00:00,6109.7637,6114.661
10818,2022-11-01 08:00:00,6506.233,6429.9
10819,2022-11-01 09:00:00,6849.366,6864.453
10820,2022-11-01 10:00:00,7086.2744,7056.232
10821,2022-11-01 11:00:00,7192.3496,7159.7876
10822,2022-11-01 12:00:00,7192.666,7162.2134
10823,2022-11-01 13:00:00,7161.881,7088.483
10824,2022-11-01 14:00:00,7181.4775,7131.554
10825,2022-11-01 15:00:00,7185.138,7127.757
10826,2022-11-01 16:00:00,7150.554,7128.7812
10827,2022-11-01 17:00:00,7124.6357,7124.2944
10828,2022-11-01 18:00:00,7066.5273,7087.7817
10829,2022-11-01 19:00:00,7020.1816,7007.312
10830,2022-11-01 20:00:00,7000.3623,6977.3105
10831,2022-11-01 21:00:00,6901.399,6898.9507
10832,2022-11-01 22:00:00,6716.268,6709.5674
10833,2022-11-01 23:00:00,6407.9937,6406.836
10834,2022-11-02 00:00:00,6140.4077,6125.5874
10835,2022-11-02 01:00:00,5853.1133,5845.049
10836,2022-11-02 02:00:00,5669.973,5687.4927
10837,2022-11-02 03:00:00,5595.085,5574.235
10838,2022-11-02 04:00:00,5539.1445,5513.2974
10839,2022-11-02 05:00:00,5530.321,5516.7905
10840,2022-11-02 06:00:00,5733.9995,5697.482
10841,2022-11-02 07:00:00,6074.571,6094.63
10842,2022-11-02 08:00:00,6476.735,6501.22
10843,2022-11-02 09:00:00,6879.9463,6949.262
10844,2022-11-02 10:00:00,7103.081,7154.725
10845,2022-11-02 11:00:00,7237.0474,7251.653
10846,2022-11-02 12:00:00,7223.3164,7257.234
10847,2022-11-02 13:00:00,7171.9287,7246.9004
10848,2022-11-02 14:00:00,7280.745,7349.5435
10849,2022-11-02 15:00:00,7358.2676,7299.686
10850,2022-11-02 16:00:00,7287.6963,7237.4834
10851,2022-11-02 17:00:00,7209.0527,7225.0195
10852,2022-11-02 18:00:00,7131.8413,7150.0146
10853,2022-11-02 19:00:00,7055.5854,7051.999
10854,2022-11-02 20:00:00,7028.7026,7019.7153
10855,2022-11-02 21:00:00,6940.24,6921.8594
10856,2022-11-02 22:00:00,6713.0454,6731.825
10857,2022-11-02 23:00:00,6408.0923,6407.006
10858,2022-11-03 00:00:00,6143.696,6178.7197
10859,2022-11-03 01:00:00,5886.03,5849.0005
10860,2022-11-03 02:00:00,5678.967,5682.1763
10861,2022-11-03 03:00:00,5584.4775,5573.3193
10862,2022-11-03 04:00:00,5538.713,5508.882
10863,2022-11-03 05:00:00,5526.8706,5507.6196
10864,2022-11-03 06:00:00,5729.6265,5701.5645
10865,2022-11-03 07:00:00,6083.4404,6090.8564
10866,2022-11-03 08:00:00,6496.0737,6496.041
10867,2022-11-03 09:00:00,6897.868,6926.689
10868,2022-11-03 10:00:00,7128.32,7091.505
10869,2022-11-03 11:00:00,7199.476,7212.0186
10870,2022-11-03 12:00:00,7231.945,7148.4907
10871,2022-11-03 13:00:00,7155.6533,7041.8965
10872,2022-11-03 14:00:00,7153.321,7173.215
10873,2022-11-03 15:00:00,7234.1826,7180.321
10874,2022-11-03 16:00:00,7194.438,7185.0513
10875,2022-11-03 17:00:00,7171.395,7185.173
10876,2022-11-03 18:00:00,7093.8066,7108.8403
10877,2022-11-03 19:00:00,7006.1035,7013.005
10878,2022-11-03 20:00:00,6994.6533,6988.6665
10879,2022-11-03 21:00:00,6916.3613,6914.351
10880,2022-11-03 22:00:00,6694.043,6756.519
10881,2022-11-03 23:00:00,6405.9263,6438.701
10882,2022-11-04 00:00:00,6152.9224,6213.2026
10883,2022-11-04 01:00:00,5879.918,5908.1743
10884,2022-11-04 02:00:00,5693.083,5729.884
10885,2022-11-04 03:00:00,5612.0566,5626.926
10886,2022-11-04 04:00:00,5576.511,5558.5454
10887,2022-11-04 05:00:00,5567.8174,5515.367
10888,2022-11-04 06:00:00,5723.09,5665.229
10889,2022-11-04 07:00:00,6061.449,6038.9146
10890,2022-11-04 08:00:00,6483.451,6396.094
10891,2022-11-04 09:00:00,6849.0327,6847.8213
10892,2022-11-04 10:00:00,7077.007,7087.528
10893,2022-11-04 11:00:00,7196.004,7283.1123
10894,2022-11-04 12:00:00,7231.185,7279.849
10895,2022-11-04 13:00:00,7199.87,7203.6274
10896,2022-11-04 14:00:00,7289.9067,7282.479
10897,2022-11-04 15:00:00,7311.199,7295.8955
10898,2022-11-04 16:00:00,7277.332,7300.6177
10899,2022-11-04 17:00:00,7254.529,7291.7837
10900,2022-11-04 18:00:00,7151.0996,7170.9917
10901,2022-11-04 19:00:00,7027.91,7051.4673
10902,2022-11-04 20:00:00,7024.975,7022.278
10903,2022-11-04 21:00:00,6937.4976,6946.517
10904,2022-11-04 22:00:00,6727.257,6801.1294
10905,2022-11-04 23:00:00,6444.647,6548.4404
10906,2022-11-05 00:00:00,6219.8745,5923.0186
10907,2022-11-05 01:00:00,5824.27,5887.001
10908,2022-11-05 02:00:00,5686.628,5704.769
10909,2022-11-05 03:00:00,5606.6025,5569.4087
10910,2022-11-05 04:00:00,5526.1387,5482.543
10911,2022-11-05 05:00:00,5463.62,5462.2144
10912,2022-11-05 06:00:00,5558.4194,5479.099
10913,2022-11-05 07:00:00,5615.209,5631.9346
10914,2022-11-05 08:00:00,5861.3496,5845.978
10915,2022-11-05 09:00:00,6164.8027,6196.801
10916,2022-11-05 10:00:00,6461.5024,6410.5527
10917,2022-11-05 11:00:00,6552.913,6550.1455
10918,2022-11-05 12:00:00,6595.337,6526.192
10919,2022-11-05 13:00:00,6479.213,6450.393
10920,2022-11-05 14:00:00,6470.09,6392.042
10921,2022-11-05 15:00:00,6388.417,6339.444
10922,2022-11-05 16:00:00,6340.3013,6303.332
10923,2022-11-05 17:00:00,6278.025,6283.46
10924,2022-11-05 18:00:00,6275.0015,6277.474
10925,2022-11-05 19:00:00,6324.9126,6353.6113
10926,2022-11-05 20:00:00,6468.096,6418.276
10927,2022-11-05 21:00:00,6464.955,6410.123
10928,2022-11-05 22:00:00,6387.2754,6314.743
10929,2022-11-05 23:00:00,6148.9106,6108.5044
10930,2022-11-06 00:00:00,5880.111,5802.056
10931,2022-11-06 01:00:00,5687.906,5685.837
10932,2022-11-06 02:00:00,5555.605,5527.3623
10933,2022-11-06 03:00:00,5430.272,5391.493
10934,2022-11-06 04:00:00,5325.933,5315.8413
10935,2022-11-06 05:00:00,5297.2637,5300.9575
10936,2022-11-06 06:00:00,5345.824,5358.3926
10937,2022-11-06 07:00:00,5468.478,5518.363
10938,2022-11-06 08:00:00,5630.7104,5623.3096
10939,2022-11-06 09:00:00,5878.95,5894.725
10940,2022-11-06 10:00:00,6123.427,6096.487
10941,2022-11-06 11:00:00,6220.3726,6261.9746
10942,2022-11-06 12:00:00,6281.381,6260.1416
10943,2022-11-06 13:00:00,6244.2427,6219.2983
10944,2022-11-06 14:00:00,6222.1943,6251.3335
10945,2022-11-06 15:00:00,6258.456,6210.645
10946,2022-11-06 16:00:00,6223.33,6167.755
10947,2022-11-06 17:00:00,6175.1787,6169.6553
10948,2022-11-06 18:00:00,6189.721,6189.1484
10949,2022-11-06 19:00:00,6236.971,6316.222
10950,2022-11-06 20:00:00,6418.569,6419.765
10951,2022-11-06 21:00:00,6418.42,6418.119
10952,2022-11-06 22:00:00,6310.3076,6310.818
10953,2022-11-06 23:00:00,6096.3193,6045.511
10954,2022-11-07 00:00:00,5830.5005,5930.0723
10955,2022-11-07 01:00:00,5655.9326,5556.767
10956,2022-11-07 02:00:00,5428.498,5410.1157
10957,2022-11-07 03:00:00,5343.1206,5316.136
10958,2022-11-07 04:00:00,5281.482,5270.4253
10959,2022-11-07 05:00:00,5273.715,5277.7114
10960,2022-11-07 06:00:00,5408.4434,5472.8203
10961,2022-11-07 07:00:00,5914.5786,5910.0127
10962,2022-11-07 08:00:00,6372.804,6320.3545
10963,2022-11-07 09:00:00,6750.129,6777.9834
10964,2022-11-07 10:00:00,7048.9746,6985.764
10965,2022-11-07 11:00:00,7059.425,7138.78
10966,2022-11-07 12:00:00,7160.362,7122.4067
10967,2022-11-07 13:00:00,7069.2896,7101.2715
10968,2022-11-07 14:00:00,7165.615,7193.152
10969,2022-11-07 15:00:00,7236.015,7291.6714
10970,2022-11-07 16:00:00,7307.335,7247.349
10971,2022-11-07 17:00:00,7247.358,7197.307
10972,2022-11-07 18:00:00,7104.194,7090.7207
10973,2022-11-07 19:00:00,6996.2544,6941.922
10974,2022-11-07 20:00:00,6926.375,6862.7725
10975,2022-11-07 21:00:00,6790.672,6754.565
10976,2022-11-07 22:00:00,6653.023,6528.7065
10977,2022-11-07 23:00:00,6197.8564,6210.8887
10978,2022-11-08 00:00:00,5969.522,6000.479
10979,2022-11-08 01:00:00,5717.8633,5685.1504
10980,2022-11-08 02:00:00,5537.98,5552.449
10981,2022-11-08 03:00:00,5471.656,5446.999
10982,2022-11-08 04:00:00,5422.855,5396.241
10983,2022-11-08 05:00:00,5413.0605,5428.415
10984,2022-11-08 06:00:00,5607.0737,5630.333
10985,2022-11-08 07:00:00,6051.0654,6031.087
10986,2022-11-08 08:00:00,6421.911,6427.1577
10987,2022-11-08 09:00:00,6834.7075,6882.7446
10988,2022-11-08 10:00:00,7076.879,7101.016
10989,2022-11-08 11:00:00,7177.0938,7238.8833
10990,2022-11-08 12:00:00,7211.121,7244.4604
10991,2022-11-08 13:00:00,7140.813,7163.308
10992,2022-11-08 14:00:00,7253.0083,7302.812
10993,2022-11-08 15:00:00,7318.63,7340.314
10994,2022-11-08 16:00:00,7322.245,7166.303
10995,2022-11-08 17:00:00,7131.8574,7114.656
10996,2022-11-08 18:00:00,7036.5537,6995.217
10997,2022-11-08 19:00:00,6911.2627,6915.3345
10998,2022-11-08 20:00:00,6887.8594,6976.1045
10999,2022-11-08 21:00:00,6866.0137,6804.7505
11000,2022-11-08 22:00:00,6593.234,6593.4116
11001,2022-11-08 23:00:00,6232.8037,6275.561
11002,2022-11-09 00:00:00,5996.3354,6001.289
11003,2022-11-09 01:00:00,5723.8174,5745.3525
11004,2022-11-09 02:00:00,5579.55,5600.944
11005,2022-11-09 03:00:00,5503.4814,5496.5684
11006,2022-11-09 04:00:00,5453.797,5432.1064
11007,2022-11-09 05:00:00,5467.9795,5447.2085
11008,2022-11-09 06:00:00,5670.212,5634.639
11009,2022-11-09 07:00:00,6041.36,6113.7393
11010,2022-11-09 08:00:00,6463.46,6418.069
11011,2022-11-09 09:00:00,6873.408,6831.2144
11012,2022-11-09 10:00:00,7070.4175,7015.609
11013,2022-11-09 11:00:00,7133.5137,7131.3594
11014,2022-11-09 12:00:00,7147.335,7167.9873
11015,2022-11-09 13:00:00,7114.345,7107.612
11016,2022-11-09 14:00:00,7256.611,7149.4727
11017,2022-11-09 15:00:00,7199.215,7123.879
11018,2022-11-09 16:00:00,7100.91,7100.878
11019,2022-11-09 17:00:00,7085.4155,7084.131
11020,2022-11-09 18:00:00,6996.9224,7068.9165
11021,2022-11-09 19:00:00,6967.737,7020.168
11022,2022-11-09 20:00:00,6984.375,7047.691
11023,2022-11-09 21:00:00,6931.0557,6840.5713
11024,2022-11-09 22:00:00,6569.6943,6626.404
11025,2022-11-09 23:00:00,6243.166,6274.5645
11026,2022-11-10 00:00:00,6011.125,6043.1704
11027,2022-11-10 01:00:00,5740.737,5755.4424
11028,2022-11-10 02:00:00,5589.009,5605.038
11029,2022-11-10 03:00:00,5505.024,5505.205
11030,2022-11-10 04:00:00,5441.3086,5452.8545
11031,2022-11-10 05:00:00,5462.489,5453.2983
11032,2022-11-10 06:00:00,5645.525,5634.837
11033,2022-11-10 07:00:00,6038.5156,6092.257
11034,2022-11-10 08:00:00,6437.299,6393.887
11035,2022-11-10 09:00:00,6824.2324,6800.3066
11036,2022-11-10 10:00:00,7038.5586,6990.685
11037,2022-11-10 11:00:00,7131.377,7106.7793
11038,2022-11-10 12:00:00,7106.5566,7136.876
11039,2022-11-10 13:00:00,7074.37,7062.971
11040,2022-11-10 14:00:00,7173.0044,7143.132
11041,2022-11-10 15:00:00,7165.389,7157.7886
11042,2022-11-10 16:00:00,7117.991,7133.4653
11043,2022-11-10 17:00:00,7105.3574,7104.5557
11044,2022-11-10 18:00:00,7022.9956,7058.1016
11045,2022-11-10 19:00:00,6962.6187,7008.362
11046,2022-11-10 20:00:00,6994.0674,7038.079
11047,2022-11-10 21:00:00,6843.4487,6864.544
11048,2022-11-10 22:00:00,6609.4814,6659.1104
11049,2022-11-10 23:00:00,6290.4546,6324.063
11050,2022-11-11 00:00:00,6046.0625,6088.354
11051,2022-11-11 01:00:00,5784.0977,5795.37
11052,2022-11-11 02:00:00,5632.522,5638.4404
11053,2022-11-11 03:00:00,5517.1626,5540.099
11054,2022-11-11 04:00:00,5470.852,5468.601
11055,2022-11-11 05:00:00,5470.3037,5462.992
11056,2022-11-11 06:00:00,5629.879,5648.309
11057,2022-11-11 07:00:00,6043.8223,6087.33
11058,2022-11-11 08:00:00,6412.007,6430.8564
11059,2022-11-11 09:00:00,6795.2764,6895.9766
11060,2022-11-11 10:00:00,7043.3027,7073.9307
11061,2022-11-11 11:00:00,7169.669,7168.1743
11062,2022-11-11 12:00:00,7144.9395,7179.148
11063,2022-11-11 13:00:00,7122.7476,7103.6772
11064,2022-11-11 14:00:00,7226.405,7190.2725
11065,2022-11-11 15:00:00,7212.7856,7182.3135
11066,2022-11-11 16:00:00,7151.9824,7198.919
11067,2022-11-11 17:00:00,7158.872,7208.8027
11068,2022-11-11 18:00:00,7097.3794,7089.325
11069,2022-11-11 19:00:00,6994.582,6948.5737
11070,2022-11-11 20:00:00,6951.7793,6938.3643
11071,2022-11-11 21:00:00,6804.915,6756.3486
11072,2022-11-11 22:00:00,6593.52,6585.3076
11073,2022-11-11 23:00:00,6260.3374,6313.305
11074,2022-11-12 00:00:00,6037.5015,5894.567
11075,2022-11-12 01:00:00,5750.592,5836.1147
11076,2022-11-12 02:00:00,5640.8765,5663.01
11077,2022-11-12 03:00:00,5540.8457,5558.1074
11078,2022-11-12 04:00:00,5503.112,5488.217
11079,2022-11-12 05:00:00,5454.58,5474.5044
11080,2022-11-12 06:00:00,5513.315,5571.4204
11081,2022-11-12 07:00:00,5735.064,5799.715
11082,2022-11-12 08:00:00,6043.595,5965.0356
11083,2022-11-12 09:00:00,6266.7124,6339.931
11084,2022-11-12 10:00:00,6543.002,6560.1597
11085,2022-11-12 11:00:00,6594.37,6744.9204
11086,2022-11-12 12:00:00,6739.0073,6759.1343
11087,2022-11-12 13:00:00,6696.2817,6695.195
11088,2022-11-12 14:00:00,6684.743,6638.733
11089,2022-11-12 15:00:00,6638.692,6576.6304
11090,2022-11-12 16:00:00,6536.4067,6488.5654
11091,2022-11-12 17:00:00,6484.131,6434.185
11092,2022-11-12 18:00:00,6383.2,6432.0493
11093,2022-11-12 19:00:00,6430.293,6456.334
11094,2022-11-12 20:00:00,6497.707,6518.952
11095,2022-11-12 21:00:00,6497.2856,6423.962
11096,2022-11-12 22:00:00,6291.185,6321.8247
11097,2022-11-12 23:00:00,6074.2476,6075.88
11098,2022-11-13 00:00:00,5848.206,5917.0464
11099,2022-11-13 01:00:00,5706.225,5676.584
11100,2022-11-13 02:00:00,5534.9473,5508.481
11101,2022-11-13 03:00:00,5435.072,5400.9233
11102,2022-11-13 04:00:00,5335.0215,5336.666
11103,2022-11-13 05:00:00,5311.1655,5320.663
11104,2022-11-13 06:00:00,5357.0376,5391.995
11105,2022-11-13 07:00:00,5491.037,5608.4663
11106,2022-11-13 08:00:00,5720.6,5649.631
11107,2022-11-13 09:00:00,5932.69,5919.378
11108,2022-11-13 10:00:00,6143.4414,6162.2295
11109,2022-11-13 11:00:00,6253.1494,6327.5596
11110,2022-11-13 12:00:00,6293.8,6390.3335
11111,2022-11-13 13:00:00,6346.4146,6313.3867
11112,2022-11-13 14:00:00,6317.5444,6341.141
11113,2022-11-13 15:00:00,6348.458,6309.6304
11114,2022-11-13 16:00:00,6293.915,6234.4697
11115,2022-11-13 17:00:00,6224.0923,6230.752
11116,2022-11-13 18:00:00,6246.0312,6254.1387
11117,2022-11-13 19:00:00,6375.371,6365.0605
11118,2022-11-13 20:00:00,6444.706,6548.5034
11119,2022-11-13 21:00:00,6523.227,6504.6675
11120,2022-11-13 22:00:00,6355.3994,6411.4385
11121,2022-11-13 23:00:00,6133.8477,6154.2173
11122,2022-11-14 00:00:00,5897.745,6177.839
11123,2022-11-14 01:00:00,5687.435,5671.309
11124,2022-11-14 02:00:00,5510.0127,5472.7075
11125,2022-11-14 03:00:00,5388.9414,5351.0317
11126,2022-11-14 04:00:00,5315.781,5308.054
11127,2022-11-14 05:00:00,5301.391,5319.093
11128,2022-11-14 06:00:00,5529.787,5518.018
11129,2022-11-14 07:00:00,5949.8306,6006.8027
11130,2022-11-14 08:00:00,6400.5127,6359.4307
11131,2022-11-14 09:00:00,6796.205,6779.5415
11132,2022-11-14 10:00:00,7034.239,6995.822
11133,2022-11-14 11:00:00,7132.4004,7129.04
11134,2022-11-14 12:00:00,7111.7695,7157.609
11135,2022-11-14 13:00:00,7118.536,7096.414
11136,2022-11-14 14:00:00,7195.051,7260.285
11137,2022-11-14 15:00:00,7298.0854,7296.0674
11138,2022-11-14 16:00:00,7249.332,7270.6255
11139,2022-11-14 17:00:00,7231.201,7270.854
11140,2022-11-14 18:00:00,7116.209,7192.2607
11141,2022-11-14 19:00:00,7034.925,7106.8794
11142,2022-11-14 20:00:00,7056.0796,7072.6914
11143,2022-11-14 21:00:00,6935.131,6947.7256
11144,2022-11-14 22:00:00,6667.2095,6790.8936
11145,2022-11-14 23:00:00,6323.081,6465.8564
11146,2022-11-15 00:00:00,6137.2217,6180.3433
11147,2022-11-15 01:00:00,5854.83,5907.5396
11148,2022-11-15 02:00:00,5731.8506,5726.7856
11149,2022-11-15 03:00:00,5623.085,5548.826
11150,2022-11-15 04:00:00,5494.141,5473.919
11151,2022-11-15 05:00:00,5456.1855,5466.4316
11152,2022-11-15 06:00:00,5679.504,5658.3877
11153,2022-11-15 07:00:00,6101.4424,6057.6743
11154,2022-11-15 08:00:00,6454.0796,6414.4736
11155,2022-11-15 09:00:00,6863.7295,6810.7344
11156,2022-11-15 10:00:00,7066.331,7000.7065
11157,2022-11-15 11:00:00,7163.1274,7156.664
11158,2022-11-15 12:00:00,7164.583,7251.3003
11159,2022-11-15 13:00:00,7158.34,7227.3604
11160,2022-11-15 14:00:00,7296.5713,7331.8057
11161,2022-11-15 15:00:00,7352.2607,7317.5557
11162,2022-11-15 16:00:00,7276.017,7279.933
11163,2022-11-15 17:00:00,7229.389,7288.1445
11164,2022-11-15 18:00:00,7177.9487,7202.607
11165,2022-11-15 19:00:00,7117.3125,7105.5522
11166,2022-11-15 20:00:00,7092.484,7090.2046
11167,2022-11-15 21:00:00,6958.7505,7007.6353
11168,2022-11-15 22:00:00,6765.166,6799.7007
11169,2022-11-15 23:00:00,6413.134,6483.669
11170,2022-11-16 00:00:00,6190.166,6077.0024
11171,2022-11-16 01:00:00,5862.415,5914.186
11172,2022-11-16 02:00:00,5728.312,5743.2217
11173,2022-11-16 03:00:00,5592.8413,5619.712
11174,2022-11-16 04:00:00,5517.745,5561.9897
11175,2022-11-16 05:00:00,5542.4414,5574.223
11176,2022-11-16 06:00:00,5713.6055,5755.0654
11177,2022-11-16 07:00:00,6102.5596,6167.421
11178,2022-11-16 08:00:00,6481.5215,6572.836
11179,2022-11-16 09:00:00,6906.978,7001.68
11180,2022-11-16 10:00:00,7115.879,7216.966
11181,2022-11-16 11:00:00,7257.007,7363.3936
11182,2022-11-16 12:00:00,7313.56,7348.1416
11183,2022-11-16 13:00:00,7251.5127,7307.34
11184,2022-11-16 14:00:00,7376.9214,7438.7905
11185,2022-11-16 15:00:00,7427.2656,7499.7
11186,2022-11-16 16:00:00,7457.55,7404.7793
11187,2022-11-16 17:00:00,7374.9155,7296.5957
11188,2022-11-16 18:00:00,7245.3867,7218.4443
11189,2022-11-16 19:00:00,7129.399,7080.7324
11190,2022-11-16 20:00:00,7085.051,6964.42
11191,2022-11-16 21:00:00,6861.4395,6866.5425
11192,2022-11-16 22:00:00,6713.3574,6687.5327
11193,2022-11-16 23:00:00,6415.011,6338.152
11194,2022-11-17 00:00:00,6097.1074,6271.1406
11195,2022-11-17 01:00:00,5929.0825,5817.382
11196,2022-11-17 02:00:00,5676.9033,5658.1006
11197,2022-11-17 03:00:00,5560.509,5553.9453
11198,2022-11-17 04:00:00,5520.9536,5512.468
11199,2022-11-17 05:00:00,5525.69,5526.9814
11200,2022-11-17 06:00:00,5736.5024,5701.5283
11201,2022-11-17 07:00:00,6110.328,6096.731
11202,2022-11-17 08:00:00,6491.065,6477.8403
11203,2022-11-17 09:00:00,6887.813,6878.044
11204,2022-11-17 10:00:00,7079.7407,7039.6597
11205,2022-11-17 11:00:00,7174.9087,7175.7583
11206,2022-11-17 12:00:00,7198.0444,7215.0957
11207,2022-11-17 13:00:00,7162.4263,7177.1865
11208,2022-11-17 14:00:00,7307.4336,7275.3174
11209,2022-11-17 15:00:00,7309.2476,7290.1636
11210,2022-11-17 16:00:00,7273.865,7286.842
11211,2022-11-17 17:00:00,7258.4644,7307.599
11212,2022-11-17 18:00:00,7186.436,7243.9517
11213,2022-11-17 19:00:00,7097.7163,7092.396
11214,2022-11-17 20:00:00,7042.8506,7108.391
11215,2022-11-17 21:00:00,6934.0176,7001.89
11216,2022-11-17 22:00:00,6746.06,6818.785
11217,2022-11-17 23:00:00,6449.7744,6524.189
11218,2022-11-18 00:00:00,6216.2695,6325.1255
11219,2022-11-18 01:00:00,5949.485,5980.189
11220,2022-11-18 02:00:00,5789.016,5803.5957
11221,2022-11-18 03:00:00,5663.486,5678.2954
11222,2022-11-18 04:00:00,5589.928,5614.7026
11223,2022-11-18 05:00:00,5604.545,5628.483
11224,2022-11-18 06:00:00,5747.1143,5793.4414
11225,2022-11-18 07:00:00,6118.7827,6156.4053
11226,2022-11-18 08:00:00,6515.636,6542.722
11227,2022-11-18 09:00:00,6920.422,6979.9785
11228,2022-11-18 10:00:00,7124.1465,7200.8003
11229,2022-11-18 11:00:00,7285.0337,7397.219
11230,2022-11-18 12:00:00,7382.5894,7396.4575
11231,2022-11-18 13:00:00,7307.047,7367.398
11232,2022-11-18 14:00:00,7460.0474,7354.5
11233,2022-11-18 15:00:00,7438.2725,7330.542
11234,2022-11-18 16:00:00,7352.6816,7308.204
11235,2022-11-18 17:00:00,7287.4688,7321.4517
11236,2022-11-18 18:00:00,7245.89,7229.216
11237,2022-11-18 19:00:00,7112.351,7092.4805
11238,2022-11-18 20:00:00,7043.4775,7050.1616
11239,2022-11-18 21:00:00,6986.272,6968.8857
11240,2022-11-18 22:00:00,6779.8354,6814.8633
11241,2022-11-18 23:00:00,6512.3955,6562.2715
11242,2022-11-19 00:00:00,6244.9155,5983.2725
11243,2022-11-19 01:00:00,5907.5225,6060.1274
11244,2022-11-19 02:00:00,5771.0083,5857.8027
11245,2022-11-19 03:00:00,5697.4194,5727.2827
11246,2022-11-19 04:00:00,5630.0215,5669.23
11247,2022-11-19 05:00:00,5640.9326,5658.3325
11248,2022-11-19 06:00:00,5712.0117,5740.3926
11249,2022-11-19 07:00:00,6017.4707,5923.432
11250,2022-11-19 08:00:00,6190.2,6120.788
11251,2022-11-19 09:00:00,6448.58,6454.592
11252,2022-11-19 10:00:00,6698.2793,6577.9297
11253,2022-11-19 11:00:00,6650.515,6624.517
11254,2022-11-19 12:00:00,6594.078,6556.941
11255,2022-11-19 13:00:00,6528.654,6449.515
11256,2022-11-19 14:00:00,6448.362,6399.753
11257,2022-11-19 15:00:00,6380.536,6394.2925
11258,2022-11-19 16:00:00,6361.01,6387.4097
11259,2022-11-19 17:00:00,6366.1562,6353.477
11260,2022-11-19 18:00:00,6350.19,6362.7017
11261,2022-11-19 19:00:00,6417.413,6437.9624
11262,2022-11-19 20:00:00,6506.7114,6509.9346
11263,2022-11-19 21:00:00,6512.9595,6462.9175
11264,2022-11-19 22:00:00,6388.8325,6390.6943
11265,2022-11-19 23:00:00,6161.1523,6174.944
11266,2022-11-20 00:00:00,5962.868,6119.344
11267,2022-11-20 01:00:00,5826.909,5754.457
11268,2022-11-20 02:00:00,5609.6655,5598.562
11269,2022-11-20 03:00:00,5530.632,5489.869
11270,2022-11-20 04:00:00,5433.0225,5397.4897
11271,2022-11-20 05:00:00,5356.8906,5368.0464
11272,2022-11-20 06:00:00,5387.3184,5430.9517
11273,2022-11-20 07:00:00,5577.2563,5565.7627
11274,2022-11-20 08:00:00,5685.2075,5665.1787
11275,2022-11-20 09:00:00,5974.0913,5920.264
11276,2022-11-20 10:00:00,6201.706,6143.009
11277,2022-11-20 11:00:00,6249.6313,6332.8623
11278,2022-11-20 12:00:00,6346.745,6398.5625
11279,2022-11-20 13:00:00,6353.6777,6384.261
11280,2022-11-20 14:00:00,6343.68,6406.529
11281,2022-11-20 15:00:00,6374.692,6405.386
11282,2022-11-20 16:00:00,6371.9326,6373.988
11283,2022-11-20 17:00:00,6357.642,6346.705
11284,2022-11-20 18:00:00,6333.8325,6373.848
11285,2022-11-20 19:00:00,6456.9507,6478.0767
11286,2022-11-20 20:00:00,6549.2783,6617.5366
11287,2022-11-20 21:00:00,6587.0444,6655.746
11288,2022-11-20 22:00:00,6536.1973,6581.618
11289,2022-11-20 23:00:00,6247.574,6348.618
11290,2022-11-21 00:00:00,6144.5513,6353.484
11291,2022-11-21 01:00:00,5857.7793,5855.1187
11292,2022-11-21 02:00:00,5644.293,5680.1694
11293,2022-11-21 03:00:00,5554.2695,5590.4805
11294,2022-11-21 04:00:00,5502.649,5531.843
11295,2022-11-21 05:00:00,5509.7524,5470.3877
11296,2022-11-21 06:00:00,5595.469,5590.49
11297,2022-11-21 07:00:00,6045.0005,6002.816
11298,2022-11-21 08:00:00,6431.075,6457.593
11299,2022-11-21 09:00:00,6874.1855,6899.0947
11300,2022-11-21 10:00:00,7096.9937,7193.161
11301,2022-11-21 11:00:00,7301.185,7407.7925
11302,2022-11-21 12:00:00,7433.603,7418.7275
11303,2022-11-21 13:00:00,7332.9736,7378.6914
11304,2022-11-21 14:00:00,7446.7144,7483.537
11305,2022-11-21 15:00:00,7498.4204,7480.55
11306,2022-11-21 16:00:00,7472.1123,7456.269
11307,2022-11-21 17:00:00,7462.303,7439.9224
11308,2022-11-21 18:00:00,7362.4688,7305.9805
11309,2022-11-21 19:00:00,7202.212,7177.228
11310,2022-11-21 20:00:00,7162.9526,7187.763
11311,2022-11-21 21:00:00,7132.6333,7087.9507
11312,2022-11-21 22:00:00,6869.75,6912.157
11313,2022-11-21 23:00:00,6587.8486,6616.4556
11314,2022-11-22 00:00:00,6310.5664,6502.47
11315,2022-11-22 01:00:00,6069.6543,6086.2153
11316,2022-11-22 02:00:00,5876.8765,5915.745
11317,2022-11-22 03:00:00,5768.266,5812.7173
11318,2022-11-22 04:00:00,5739.1675,5749.2866
11319,2022-11-22 05:00:00,5752.0713,5760.6797
11320,2022-11-22 06:00:00,5883.1924,5901.3174
11321,2022-11-22 07:00:00,6223.482,6290.81
11322,2022-11-22 08:00:00,6627.7764,6722.9517
11323,2022-11-22 09:00:00,7038.4326,7192.7065
11324,2022-11-22 10:00:00,7328.437,7408.224
11325,2022-11-22 11:00:00,7488.128,7533.225
11326,2022-11-22 12:00:00,7510.8965,7528.402
11327,2022-11-22 13:00:00,7481.785,7460.3105
11328,2022-11-22 14:00:00,7547.622,7557.224
11329,2022-11-22 15:00:00,7561.717,7566.955
11330,2022-11-22 16:00:00,7557.4536,7558.576
11331,2022-11-22 17:00:00,7507.875,7558.586
11332,2022-11-22 18:00:00,7419.345,7488.882
11333,2022-11-22 19:00:00,7354.3887,7330.5225
11334,2022-11-22 20:00:00,7304.0156,7344.8843
11335,2022-11-22 21:00:00,7266.9443,7244.553
11336,2022-11-22 22:00:00,7000.694,7097.296
11337,2022-11-22 23:00:00,6699.402,6799.0166
11338,2022-11-23 00:00:00,6547.4307,6336.873
11339,2022-11-23 01:00:00,6103.9106,6199.234
11340,2022-11-23 02:00:00,5954.7695,6019.179
11341,2022-11-23 03:00:00,5892.661,5889.5117
11342,2022-11-23 04:00:00,5814.87,5807.3804
11343,2022-11-23 05:00:00,5838.3867,5798.943
11344,2022-11-23 06:00:00,5954.3296,5937.3193
11345,2022-11-23 07:00:00,6306.5083,6318.0625
11346,2022-11-23 08:00:00,6718.589,6640.8623
11347,2022-11-23 09:00:00,7081.3,7000.107
11348,2022-11-23 10:00:00,7294.029,7130.5137
11349,2022-11-23 11:00:00,7346.0073,7207.5537
11350,2022-11-23 12:00:00,7250.571,7203.2554
11351,2022-11-23 13:00:00,7211.118,7127.9424
11352,2022-11-23 14:00:00,7255.9033,7235.047
11353,2022-11-23 15:00:00,7250.726,7225.7256
11354,2022-11-23 16:00:00,7212.364,7265.3345
11355,2022-11-23 17:00:00,7247.747,7292.9214
11356,2022-11-23 18:00:00,7258.4736,7214.3677
11357,2022-11-23 19:00:00,7134.6255,7114.5166
11358,2022-11-23 20:00:00,7112.4814,7127.1865
11359,2022-11-23 21:00:00,7059.9575,7014.199
11360,2022-11-23 22:00:00,6825.3184,6841.5757
11361,2022-11-23 23:00:00,6555.9736,6571.352
11362,2022-11-24 00:00:00,6286.2954,6342.021
11363,2022-11-24 01:00:00,6024.0244,6054.902
11364,2022-11-24 02:00:00,5885.253,5883.16
11365,2022-11-24 03:00:00,5777.712,5775.2246
11366,2022-11-24 04:00:00,5722.3857,5717.019
11367,2022-11-24 05:00:00,5754.256,5720.7183
11368,2022-11-24 06:00:00,5883.866,5874.9204
11369,2022-11-24 07:00:00,6244.661,6272.4087
11370,2022-11-24 08:00:00,6652.176,6670.685
11371,2022-11-24 09:00:00,7023.101,7074.869
11372,2022-11-24 10:00:00,7212.873,7299.038
11373,2022-11-24 11:00:00,7389.9106,7426.706
11374,2022-11-24 12:00:00,7461.4033,7440.943
11375,2022-11-24 13:00:00,7379.3735,7361.4478
11376,2022-11-24 14:00:00,7489.4014,7438.382
11377,2022-11-24 15:00:00,7490.9473,7476.126
11378,2022-11-24 16:00:00,7468.4062,7471.4805
11379,2022-11-24 17:00:00,7453.9595,7449.6475
11380,2022-11-24 18:00:00,7358.122,7389.6816
11381,2022-11-24 19:00:00,7235.605,7223.7295
11382,2022-11-24 20:00:00,7160.0127,7227.181
11383,2022-11-24 21:00:00,7124.9863,7054.935
11384,2022-11-24 22:00:00,6857.7256,6882.612
11385,2022-11-24 23:00:00,6612.6875,6689.103
11386,2022-11-25 00:00:00,6373.487,6356.598
11387,2022-11-25 01:00:00,6100.46,6036.9287
11388,2022-11-25 02:00:00,5894.486,5833.2866
11389,2022-11-25 03:00:00,5750.6626,5717.692
11390,2022-11-25 04:00:00,5644.902,5651.6826
11391,2022-11-25 05:00:00,5666.3574,5646.536
11392,2022-11-25 06:00:00,5866.7876,5798.2793
11393,2022-11-25 07:00:00,6190.483,6194.872
11394,2022-11-25 08:00:00,6650.5664,6563.5513
11395,2022-11-25 09:00:00,6963.39,7026.1475
11396,2022-11-25 10:00:00,7258.51,7206.812
11397,2022-11-25 11:00:00,7376.625,7264.16
11398,2022-11-25 12:00:00,7305.2275,7311.872
11399,2022-11-25 13:00:00,7273.924,7345.9253
11400,2022-11-25 14:00:00,7405.36,7324.511
11401,2022-11-25 15:00:00,7382.4204,7319.392
11402,2022-11-25 16:00:00,7345.7686,7284.5693
11403,2022-11-25 17:00:00,7291.562,7308.102
11404,2022-11-25 18:00:00,7250.677,7255.5625
11405,2022-11-25 19:00:00,7113.9263,7076.1533
11406,2022-11-25 20:00:00,7101.1055,7157.734
11407,2022-11-25 21:00:00,6992.304,6837.2363
11408,2022-11-25 22:00:00,6733.5386,6777.8643
11409,2022-11-25 23:00:00,6533.5786,6549.8384
11410,2022-11-26 00:00:00,6251.851,6263.66
11411,2022-11-26 01:00:00,6004.451,6104.4766
11412,2022-11-26 02:00:00,5870.116,5906.0938
11413,2022-11-26 03:00:00,5770.9136,5775.13
11414,2022-11-26 04:00:00,5716.4287,5708.3354
11415,2022-11-26 05:00:00,5682.819,5681.4883
11416,2022-11-26 06:00:00,5762.313,5756.685
11417,2022-11-26 07:00:00,5933.734,5959.023
11418,2022-11-26 08:00:00,6233.062,6147.704
11419,2022-11-26 09:00:00,6478.8374,6541.932
11420,2022-11-26 10:00:00,6704.6343,6770.287
11421,2022-11-26 11:00:00,6844.4863,7004.1304
11422,2022-11-26 12:00:00,6988.0537,6928.13
11423,2022-11-26 13:00:00,6862.314,6847.321
11424,2022-11-26 14:00:00,6789.108,6805.491
11425,2022-11-26 15:00:00,6764.234,6803.9897
11426,2022-11-26 16:00:00,6746.6367,6823.8174
11427,2022-11-26 17:00:00,6771.944,6778.461
11428,2022-11-26 18:00:00,6744.0923,6702.3857
11429,2022-11-26 19:00:00,6719.453,6710.1265
11430,2022-11-26 20:00:00,6732.63,6775.216
11431,2022-11-26 21:00:00,6688.38,6729.633
11432,2022-11-26 22:00:00,6583.239,6627.4976
11433,2022-11-26 23:00:00,6358.47,6441.426
11434,2022-11-27 00:00:00,6214.8525,5957.8916
11435,2022-11-27 01:00:00,5847.0967,6013.6655
11436,2022-11-27 02:00:00,5697.6,5836.18
11437,2022-11-27 03:00:00,5695.416,5712.203
11438,2022-11-27 04:00:00,5660.5244,5613.9087
11439,2022-11-27 05:00:00,5590.6333,5589.9087
11440,2022-11-27 06:00:00,5630.165,5645.766
11441,2022-11-27 07:00:00,5722.255,5797.4966
11442,2022-11-27 08:00:00,5946.669,5876.3843
11443,2022-11-27 09:00:00,6168.9043,6012.2246
11444,2022-11-27 10:00:00,6246.564,6165.937
11445,2022-11-27 11:00:00,6317.6963,6359.3516
11446,2022-11-27 12:00:00,6413.7583,6376.0713
11447,2022-11-27 13:00:00,6362.967,6247.121
11448,2022-11-27 14:00:00,6242.881,6271.069
11449,2022-11-27 15:00:00,6276.9824,6263.0317
11450,2022-11-27 16:00:00,6239.8,6309.091
11451,2022-11-27 17:00:00,6278.73,6204.82
11452,2022-11-27 18:00:00,6209.2637,6349.636
11453,2022-11-27 19:00:00,6467.0845,6473.1016
11454,2022-11-27 20:00:00,6610.9526,6639.287
11455,2022-11-27 21:00:00,6644.594,6591.106
11456,2022-11-27 22:00:00,6517.5786,6488.43
11457,2022-11-27 23:00:00,6307.323,6225.312
11458,2022-11-28 00:00:00,6088.5244,6128.5913
11459,2022-11-28 01:00:00,5840.071,5701.6606
11460,2022-11-28 02:00:00,5597.0986,5595.648
11461,2022-11-28 03:00:00,5492.681,5546.2017
11462,2022-11-28 04:00:00,5490.459,5482.595
11463,2022-11-28 05:00:00,5470.334,5445.377
11464,2022-11-28 06:00:00,5539.2124,5607.238
11465,2022-11-28 07:00:00,6030.8086,6036.1855
11466,2022-11-28 08:00:00,6474.0425,6481.618
11467,2022-11-28 09:00:00,6864.1577,6980.8354
11468,2022-11-28 10:00:00,7191.515,7234.606
11469,2022-11-28 11:00:00,7348.462,7347.873
11470,2022-11-28 12:00:00,7374.409,7286.8706
11471,2022-11-28 13:00:00,7300.6094,7248.712
11472,2022-11-28 14:00:00,7349.8125,7410.6733
11473,2022-11-28 15:00:00,7443.4287,7315.1187
11474,2022-11-28 16:00:00,7315.595,7233.399
11475,2022-11-28 17:00:00,7229.623,7240.3926
11476,2022-11-28 18:00:00,7138.334,7250.7783
11477,2022-11-28 19:00:00,7142.2485,7002.6616
11478,2022-11-28 20:00:00,7048.23,6915.9624
11479,2022-11-28 21:00:00,6885.694,6755.7036
11480,2022-11-28 22:00:00,6637.792,6781.417
11481,2022-11-28 23:00:00,6506.4614,6241.283
11482,2022-11-29 00:00:00,6086.7163,6097.688
11483,2022-11-29 01:00:00,5889.6987,5854.5444
11484,2022-11-29 02:00:00,5697.7373,5694.0737
11485,2022-11-29 03:00:00,5595.1064,5591.422
11486,2022-11-29 04:00:00,5539.3975,5538.6523
11487,2022-11-29 05:00:00,5525.2705,5536.883
11488,2022-11-29 06:00:00,5670.1074,5691.7334
11489,2022-11-29 07:00:00,6078.1494,6069.288
11490,2022-11-29 08:00:00,6514.035,6488.0454
11491,2022-11-29 09:00:00,6927.8374,6973.2144
11492,2022-11-29 10:00:00,7219.5283,7235.11
11493,2022-11-29 11:00:00,7356.3,7418.3433
11494,2022-11-29 12:00:00,7396.9375,7250.669
11495,2022-11-29 13:00:00,7256.3076,7293.405
11496,2022-11-29 14:00:00,7397.543,7328.449
11497,2022-11-29 15:00:00,7330.5312,7285.2354
11498,2022-11-29 16:00:00,7268.7,7138.191
11499,2022-11-29 17:00:00,7159.237,7006.52
11500,2022-11-29 18:00:00,6952.784,7017.702
11501,2022-11-29 19:00:00,6918.6367,7050.8584
11502,2022-11-29 20:00:00,6929.254,6931.3794
11503,2022-11-29 21:00:00,6835.31,6849.249
11504,2022-11-29 22:00:00,6713.636,6572.815
11505,2022-11-29 23:00:00,6278.3706,6389.172
11506,2022-11-30 00:00:00,6056.1587,6016.8643
11507,2022-11-30 01:00:00,5819.3857,5848.6177
11508,2022-11-30 02:00:00,5670.018,5671.9473
11509,2022-11-30 03:00:00,5604.725,5566.1646
11510,2022-11-30 04:00:00,5541.3486,5512.1343
11511,2022-11-30 05:00:00,5530.325,5525.0815
11512,2022-11-30 06:00:00,5682.28,5686.7515
11513,2022-11-30 07:00:00,6075.1226,6045.7744
11514,2022-11-30 08:00:00,6500.5386,6460.7715
11515,2022-11-30 09:00:00,6897.283,6910.3735
11516,2022-11-30 10:00:00,7189.29,7142.445
11517,2022-11-30 11:00:00,7270.8955,7289.022
11518,2022-11-30 12:00:00,7300.595,7287.679
11519,2022-11-30 13:00:00,7263.5625,7200.3164
11520,2022-11-30 14:00:00,7283.1533,7383.1763
11521,2022-11-30 15:00:00,7326.1934,7308.909
11522,2022-11-30 16:00:00,7288.619,7279.004
11523,2022-11-30 17:00:00,7218.7017,7236.5967
11524,2022-11-30 18:00:00,7140.1157,7096.2383
11525,2022-11-30 19:00:00,6978.0073,6932.7246
11526,2022-11-30 20:00:00,6901.006,6926.0874
11527,2022-11-30 21:00:00,6823.446,6779.556
11528,2022-11-30 22:00:00,6638.0405,6586.49
11529,2022-11-30 23:00:00,6297.659,6276.303
11530,2022-12-01 00:00:00,6023.3813,6022.1606
11531,2022-12-01 01:00:00,5784.2324,5754.3423
11532,2022-12-01 02:00:00,5611.2695,5600.8315
11533,2022-12-01 03:00:00,5512.279,5510.5996
11534,2022-12-01 04:00:00,5458.68,5453.3257
11535,2022-12-01 05:00:00,5448.4336,5462.9536
11536,2022-12-01 06:00:00,5645.648,5624.46
11537,2022-12-01 07:00:00,6036.083,5985.2446
11538,2022-12-01 08:00:00,6445.784,6389.31
11539,2022-12-01 09:00:00,6857.1987,6802.762
11540,2022-12-01 10:00:00,7100.821,7016.0376
11541,2022-12-01 11:00:00,7152.524,7171.4307
11542,2022-12-01 12:00:00,7188.5776,7225.928
11543,2022-12-01 13:00:00,7191.4434,7117.8867
11544,2022-12-01 14:00:00,7242.3643,7244.2114
11545,2022-12-01 15:00:00,7226.7227,7191.991
11546,2022-12-01 16:00:00,7171.198,7129.4097
11547,2022-12-01 17:00:00,7123.956,7128.0264
11548,2022-12-01 18:00:00,7051.416,7030.909
11549,2022-12-01 19:00:00,6936.618,6916.835
11550,2022-12-01 20:00:00,6876.87,6902.136
11551,2022-12-01 21:00:00,6766.3027,6805.5435
11552,2022-12-01 22:00:00,6611.1973,6609.0107
11553,2022-12-01 23:00:00,6274.706,6294.5957
11554,2022-12-02 00:00:00,6032.456,6001.043
11555,2022-12-02 01:00:00,5744.4326,5751.6494
11556,2022-12-02 02:00:00,5595.35,5586.461
11557,2022-12-02 03:00:00,5489.675,5477.9697
11558,2022-12-02 04:00:00,5452.2925,5424.5137
11559,2022-12-02 05:00:00,5439.152,5430.691
11560,2022-12-02 06:00:00,5627.68,5589.505
11561,2022-12-02 07:00:00,5966.4604,5908.578
11562,2022-12-02 08:00:00,6376.8477,6328.188
11563,2022-12-02 09:00:00,6805.639,6730.608
11564,2022-12-02 10:00:00,7003.647,6935.9087
11565,2022-12-02 11:00:00,7074.1533,7043.859
11566,2022-12-02 12:00:00,7115.5464,7029.903
11567,2022-12-02 13:00:00,7049.605,6932.1045
11568,2022-12-02 14:00:00,7019.728,7016.5405
11569,2022-12-02 15:00:00,7001.5684,7042.532
11570,2022-12-02 16:00:00,7003.0923,7045.3213
11571,2022-12-02 17:00:00,6999.1187,6962.3535
11572,2022-12-02 18:00:00,6914.5845,6903.792
11573,2022-12-02 19:00:00,6821.4287,6821.2505
11574,2022-12-02 20:00:00,6810.677,6809.849
11575,2022-12-02 21:00:00,6694.1846,6673.5137
11576,2022-12-02 22:00:00,6537.909,6499.9414
11577,2022-12-02 23:00:00,6240.135,6220.31
11578,2022-12-03 00:00:00,5950.6064,6019.273
11579,2022-12-03 01:00:00,5742.574,5746.2246
11580,2022-12-03 02:00:00,5598.694,5558.875
11581,2022-12-03 03:00:00,5460.5537,5434.2344
11582,2022-12-03 04:00:00,5407.496,5368.774
11583,2022-12-03 05:00:00,5372.9956,5312.5967
11584,2022-12-03 06:00:00,5344.9233,5403.8384
11585,2022-12-03 07:00:00,5596.0723,5581.385
11586,2022-12-03 08:00:00,5758.7373,5775.1655
11587,2022-12-03 09:00:00,6018.6562,6146.1504
11588,2022-12-03 10:00:00,6351.3154,6393.04
11589,2022-12-03 11:00:00,6462.7993,6549.3066
11590,2022-12-03 12:00:00,6508.581,6598.3633
11591,2022-12-03 13:00:00,6476.417,6542.566
11592,2022-12-03 14:00:00,6515.7,6512.687
11593,2022-12-03 15:00:00,6466.0083,6451.495
11594,2022-12-03 16:00:00,6424.32,6430.521
11595,2022-12-03 17:00:00,6416.6255,6416.867
11596,2022-12-03 18:00:00,6385.27,6395.144
11597,2022-12-03 19:00:00,6443.6626,6429.5986
11598,2022-12-03 20:00:00,6534.2104,6509.857
11599,2022-12-03 21:00:00,6474.069,6499.4824
11600,2022-12-03 22:00:00,6399.7217,6422.2803
11601,2022-12-03 23:00:00,6192.694,6209.979
11602,2022-12-04 00:00:00,5992.5776,5989.6006
11603,2022-12-04 01:00:00,5739.323,5788.236
11604,2022-12-04 02:00:00,5573.6626,5612.2217
11605,2022-12-04 03:00:00,5514.5938,5489.833
11606,2022-12-04 04:00:00,5430.523,5395.004
11607,2022-12-04 05:00:00,5358.6387,5369.1885
11608,2022-12-04 06:00:00,5407.4375,5408.723
11609,2022-12-04 07:00:00,5565.976,5522.288
11610,2022-12-04 08:00:00,5674.0923,5623.2637
11611,2022-12-04 09:00:00,5891.1836,5859.7446
11612,2022-12-04 10:00:00,6123.8735,6079.709
11613,2022-12-04 11:00:00,6267.7983,6241.885
11614,2022-12-04 12:00:00,6291.2954,6270.6313
11615,2022-12-04 13:00:00,6259.707,6247.152
11616,2022-12-04 14:00:00,6235.712,6288.6167
11617,2022-12-04 15:00:00,6265.044,6281.511
11618,2022-12-04 16:00:00,6286.815,6288.4473
11619,2022-12-04 17:00:00,6290.882,6264.6685
11620,2022-12-04 18:00:00,6268.638,6276.4023
11621,2022-12-04 19:00:00,6391.445,6413.2363
11622,2022-12-04 20:00:00,6505.1406,6524.47
11623,2022-12-04 21:00:00,6532.1167,6527.0723
11624,2022-12-04 22:00:00,6466.7,6438.145
11625,2022-12-04 23:00:00,6215.942,6209.91
11626,2022-12-05 00:00:00,5964.34,6031.6475
11627,2022-12-05 01:00:00,5718.299,5755.9214
11628,2022-12-05 02:00:00,5598.24,5578.698
11629,2022-12-05 03:00:00,5495.053,5483.1157
11630,2022-12-05 04:00:00,5430.19,5421.7876
11631,2022-12-05 05:00:00,5412.149,5443.2114
11632,2022-12-05 06:00:00,5594.8037,5588.5244
11633,2022-12-05 07:00:00,5981.621,5983.7686
11634,2022-12-05 08:00:00,6462.8496,6453.1963
11635,2022-12-05 09:00:00,6855.884,6910.7236
11636,2022-12-05 10:00:00,7172.46,7119.729
11637,2022-12-05 11:00:00,7213.6724,7293.147
11638,2022-12-05 12:00:00,7299.4517,7166.1226
11639,2022-12-05 13:00:00,7163.6763,7063.266
11640,2022-12-05 14:00:00,7186.5264,7174.641
11641,2022-12-05 15:00:00,7146.1406,7076.717
11642,2022-12-05 16:00:00,7036.596,7017.7905
11643,2022-12-05 17:00:00,7009.781,7029.9033
11644,2022-12-05 18:00:00,6972.5386,6996.0806
11645,2022-12-05 19:00:00,6888.4,6862.5327
11646,2022-12-05 20:00:00,6844.35,6831.4595
11647,2022-12-05 21:00:00,6756.69,6747.309
11648,2022-12-05 22:00:00,6618.341,6563.5967
11649,2022-12-05 23:00:00,6243.2983,6287.6226
11650,2022-12-06 00:00:00,6006.3906,6098.8237
11651,2022-12-06 01:00:00,5822.3477,5767.018
11652,2022-12-06 02:00:00,5618.7793,5611.4097
11653,2022-12-06 03:00:00,5534.0576,5500.4053
11654,2022-12-06 04:00:00,5443.172,5439.721
11655,2022-12-06 05:00:00,5428.1123,5462.774
11656,2022-12-06 06:00:00,5644.832,5606.4004
11657,2022-12-06 07:00:00,6033.3296,5960.8013
11658,2022-12-06 08:00:00,6461.43,6376.499
11659,2022-12-06 09:00:00,6864.663,6800.7617
11660,2022-12-06 10:00:00,7077.5117,7007.321
11661,2022-12-06 11:00:00,7176.4883,7157.9316
11662,2022-12-06 12:00:00,7152.7856,7123.311
11663,2022-12-06 13:00:00,7087.17,7104.9917
11664,2022-12-06 14:00:00,7189.4355,7188.4443
11665,2022-12-06 15:00:00,7157.885,7094.3467
11666,2022-12-06 16:00:00,7074.149,7025.5303
11667,2022-12-06 17:00:00,6995.6777,7034.424
11668,2022-12-06 18:00:00,6963.186,7023.0923
11669,2022-12-06 19:00:00,6908.777,6916.424
11670,2022-12-06 20:00:00,6837.5874,6921.799
11671,2022-12-06 21:00:00,6790.584,6827.9277
11672,2022-12-06 22:00:00,6623.1064,6625.545
11673,2022-12-06 23:00:00,6293.6987,6331.048
11674,2022-12-07 00:00:00,6065.5933,6141.6426
11675,2022-12-07 01:00:00,5822.565,5839.265
11676,2022-12-07 02:00:00,5649.767,5678.636
11677,2022-12-07 03:00:00,5564.7104,5568.049
11678,2022-12-07 04:00:00,5520.686,5502.4683
11679,2022-12-07 05:00:00,5522.338,5508.6343
11680,2022-12-07 06:00:00,5655.5254,5659.484
11681,2022-12-07 07:00:00,6003.8413,6008.9766
11682,2022-12-07 08:00:00,6435.9824,6425.3286
11683,2022-12-07 09:00:00,6846.384,6826.3687
11684,2022-12-07 10:00:00,7073.889,7041.154
11685,2022-12-07 11:00:00,7173.7925,7202.2812
11686,2022-12-07 12:00:00,7180.0654,7197.943
11687,2022-12-07 13:00:00,7146.893,7147.8843
11688,2022-12-07 14:00:00,7243.2627,7276.339
11689,2022-12-07 15:00:00,7205.064,7238.9175
11690,2022-12-07 16:00:00,7206.9043,7185.667
11691,2022-12-07 17:00:00,7180.0664,7164.892
11692,2022-12-07 18:00:00,7100.2227,7064.8037
11693,2022-12-07 19:00:00,6966.244,6968.079
11694,2022-12-07 20:00:00,6905.7593,6987.358
11695,2022-12-07 21:00:00,6842.017,6874.516
11696,2022-12-07 22:00:00,6659.3276,6702.267
11697,2022-12-07 23:00:00,6338.225,6402.603
11698,2022-12-08 00:00:00,6127.7314,5981.7065
11699,2022-12-08 01:00:00,5784.2725,5856.533
11700,2022-12-08 02:00:00,5663.1245,5710.765
11701,2022-12-08 03:00:00,5612.93,5602.4736
11702,2022-12-08 04:00:00,5569.495,5548.0464
11703,2022-12-08 05:00:00,5563.791,5543.5156
11704,2022-12-08 06:00:00,5689.055,5689.5713
11705,2022-12-08 07:00:00,6005.4775,6060.238
11706,2022-12-08 08:00:00,6461.9214,6472.5073
11707,2022-12-08 09:00:00,6869.358,6913.9976
11708,2022-12-08 10:00:00,7099.0,7141.6914
11709,2022-12-08 11:00:00,7226.8535,7264.476
11710,2022-12-08 12:00:00,7242.9517,7222.127
11711,2022-12-08 13:00:00,7178.554,7151.3525
11712,2022-12-08 14:00:00,7299.305,7207.7583
11713,2022-12-08 15:00:00,7197.2285,7160.589
11714,2022-12-08 16:00:00,7135.614,7149.954
11715,2022-12-08 17:00:00,7131.3296,7096.8784
11716,2022-12-08 18:00:00,7048.304,6984.1006
11717,2022-12-08 19:00:00,6906.965,6901.5103
11718,2022-12-08 20:00:00,6886.359,6934.3965
11719,2022-12-08 21:00:00,6811.8413,6750.4795
11720,2022-12-08 22:00:00,6623.5244,6563.853
11721,2022-12-08 23:00:00,6297.8467,6226.312
11722,2022-12-09 00:00:00,5977.873,5952.081
11723,2022-12-09 01:00:00,5754.8506,5707.6797
11724,2022-12-09 02:00:00,5598.2427,5550.6787
11725,2022-12-09 03:00:00,5505.422,5440.404
11726,2022-12-09 04:00:00,5401.341,5385.0396
11727,2022-12-09 05:00:00,5382.845,5399.7407
11728,2022-12-09 06:00:00,5606.0293,5551.8247
11729,2022-12-09 07:00:00,5949.3237,5887.8936
11730,2022-12-09 08:00:00,6375.7324,6272.9067
11731,2022-12-09 09:00:00,6753.2964,6721.5757
11732,2022-12-09 10:00:00,6966.25,6956.075
11733,2022-12-09 11:00:00,7071.339,7073.717
11734,2022-12-09 12:00:00,7088.5767,7053.7324
11735,2022-12-09 13:00:00,7010.2993,6959.7437
11736,2022-12-09 14:00:00,7058.795,7000.792
11737,2022-12-09 15:00:00,6982.8057,6997.6045
11738,2022-12-09 16:00:00,6977.429,7029.708
11739,2022-12-09 17:00:00,7000.8364,7027.0073
11740,2022-12-09 18:00:00,6972.357,6953.9043
11741,2022-12-09 19:00:00,6879.4463,6828.6753
11742,2022-12-09 20:00:00,6847.3213,6776.1704
11743,2022-12-09 21:00:00,6698.9336,6666.2393
11744,2022-12-09 22:00:00,6534.2593,6463.3286
11745,2022-12-09 23:00:00,6215.1123,6169.396
11746,2022-12-10 00:00:00,5940.848,5951.498
11747,2022-12-10 01:00:00,5718.7476,5708.6426
11748,2022-12-10 02:00:00,5569.589,5558.379
11749,2022-12-10 03:00:00,5467.03,5474.347
11750,2022-12-10 04:00:00,5407.388,5390.594
11751,2022-12-10 05:00:00,5386.174,5342.39
11752,2022-12-10 06:00:00,5410.567,5453.1924
11753,2022-12-10 07:00:00,5606.0527,5614.7485
11754,2022-12-10 08:00:00,5785.5127,5801.474
11755,2022-12-10 09:00:00,6082.8438,6148.2505
11756,2022-12-10 10:00:00,6369.2876,6384.7666
11757,2022-12-10 11:00:00,6498.768,6498.017
11758,2022-12-10 12:00:00,6502.6523,6507.133
11759,2022-12-10 13:00:00,6453.551,6425.036
11760,2022-12-10 14:00:00,6398.118,6429.399
11761,2022-12-10 15:00:00,6418.427,6404.894
11762,2022-12-10 16:00:00,6388.0386,6380.764
11763,2022-12-10 17:00:00,6361.0127,6352.0254
11764,2022-12-10 18:00:00,6358.918,6321.399
11765,2022-12-10 19:00:00,6375.51,6384.4785
11766,2022-12-10 20:00:00,6490.8286,6460.716
11767,2022-12-10 21:00:00,6464.0674,6435.2695
11768,2022-12-10 22:00:00,6368.192,6335.6885
11769,2022-12-10 23:00:00,6155.9736,6155.114
11770,2022-12-11 00:00:00,5915.458,5757.2144
11771,2022-12-11 01:00:00,5621.6514,5711.5874
11772,2022-12-11 02:00:00,5541.834,5554.092
11773,2022-12-11 03:00:00,5466.9883,5438.081
11774,2022-12-11 04:00:00,5400.397,5343.303
11775,2022-12-11 05:00:00,5332.156,5337.4443
11776,2022-12-11 06:00:00,5395.2363,5399.5005
11777,2022-12-11 07:00:00,5549.4146,5544.0415
11778,2022-12-11 08:00:00,5708.3823,5659.027
11779,2022-12-11 09:00:00,5958.9536,5894.92
11780,2022-12-11 10:00:00,6158.036,6054.826
11781,2022-12-11 11:00:00,6193.4507,6168.86
11782,2022-12-11 12:00:00,6191.4077,6169.6396
11783,2022-12-11 13:00:00,6145.486,6060.6724
11784,2022-12-11 14:00:00,6072.388,6098.215
11785,2022-12-11 15:00:00,6105.3623,6057.9116
11786,2022-12-11 16:00:00,6051.2925,6036.9473
11787,2022-12-11 17:00:00,6000.3076,6071.7217
11788,2022-12-11 18:00:00,6080.69,6101.4927
11789,2022-12-11 19:00:00,6244.6235,6195.3677
11790,2022-12-11 20:00:00,6351.0117,6317.9565
11791,2022-12-11 21:00:00,6340.429,6303.006
11792,2022-12-11 22:00:00,6240.266,6213.6924
11793,2022-12-11 23:00:00,6064.5444,5964.4453
11794,2022-12-12 00:00:00,5763.2974,5928.1934
11795,2022-12-12 01:00:00,5649.754,5517.698
11796,2022-12-12 02:00:00,5409.1226,5374.159
11797,2022-12-12 03:00:00,5294.31,5279.9204
11798,2022-12-12 04:00:00,5276.7695,5231.7676
11799,2022-12-12 05:00:00,5246.639,5239.962
11800,2022-12-12 06:00:00,5461.963,5413.558
11801,2022-12-12 07:00:00,5823.1504,5800.4175
11802,2022-12-12 08:00:00,6294.444,6218.812
11803,2022-12-12 09:00:00,6699.777,6658.316
11804,2022-12-12 10:00:00,6970.4463,6823.283
11805,2022-12-12 11:00:00,6903.3286,6936.0913
11806,2022-12-12 12:00:00,6925.542,6935.744
11807,2022-12-12 13:00:00,6896.2944,6868.1514
11808,2022-12-12 14:00:00,6921.9424,6923.4795
11809,2022-12-12 15:00:00,6877.353,6922.769
11810,2022-12-12 16:00:00,6871.21,6913.9937
11811,2022-12-12 17:00:00,6890.168,6944.919
11812,2022-12-12 18:00:00,6913.015,6930.3867
11813,2022-12-12 19:00:00,6836.161,6837.3516
11814,2022-12-12 20:00:00,6779.541,6810.4575
11815,2022-12-12 21:00:00,6727.1274,6684.6167
11816,2022-12-12 22:00:00,6548.087,6503.766
11817,2022-12-12 23:00:00,6195.26,6209.2017
11818,2022-12-13 00:00:00,5937.266,5872.839
11819,2022-12-13 01:00:00,5672.783,5666.8286
11820,2022-12-13 02:00:00,5517.002,5515.9224
11821,2022-12-13 03:00:00,5439.812,5416.997
11822,2022-12-13 04:00:00,5388.256,5344.281
11823,2022-12-13 05:00:00,5336.618,5382.1816
11824,2022-12-13 06:00:00,5555.1577,5595.3916
11825,2022-12-13 07:00:00,5949.1387,5860.0293
11826,2022-12-13 08:00:00,6309.459,6265.8906
11827,2022-12-13 09:00:00,6702.7275,6678.4824
11828,2022-12-13 10:00:00,6894.4644,6886.706
11829,2022-12-13 11:00:00,6972.4487,7026.7964
11830,2022-12-13 12:00:00,6995.31,7035.088
11831,2022-12-13 13:00:00,6959.7993,6972.1885
11832,2022-12-13 14:00:00,7044.5337,7050.732
11833,2022-12-13 15:00:00,7007.303,7023.751
11834,2022-12-13 16:00:00,7011.2227,6958.012
11835,2022-12-13 17:00:00,6932.801,6901.777
11836,2022-12-13 18:00:00,6869.814,6838.616
11837,2022-12-13 19:00:00,6787.8374,6740.651
11838,2022-12-13 20:00:00,6730.9414,6702.127
11839,2022-12-13 21:00:00,6633.393,6585.3604
11840,2022-12-13 22:00:00,6433.3496,6423.582
11841,2022-12-13 23:00:00,6159.3013,6123.8115
11842,2022-12-14 00:00:00,5856.1094,5863.9565
11843,2022-12-14 01:00:00,5627.2524,5608.7065
11844,2022-12-14 02:00:00,5481.142,5476.898
11845,2022-12-14 03:00:00,5391.612,5402.5254
11846,2022-12-14 04:00:00,5372.449,5357.0054
11847,2022-12-14 05:00:00,5370.611,5357.234
11848,2022-12-14 06:00:00,5560.2637,5504.963
11849,2022-12-14 07:00:00,5868.1475,5854.2
11850,2022-12-14 08:00:00,6274.1846,6269.8228
11851,2022-12-14 09:00:00,6665.801,6659.5347
11852,2022-12-14 10:00:00,6893.175,6836.8833
11853,2022-12-14 11:00:00,6956.92,6803.399
11854,2022-12-14 12:00:00,6822.0776,6870.6855
11855,2022-12-14 13:00:00,6827.5786,6814.801
11856,2022-12-14 14:00:00,6882.839,6888.355
11857,2022-12-14 15:00:00,6837.3145,6884.943
11858,2022-12-14 16:00:00,6843.67,6855.812
11859,2022-12-14 17:00:00,6838.0015,6849.6064
11860,2022-12-14 18:00:00,6816.983,6837.992
11861,2022-12-14 19:00:00,6745.3267,6779.1694
11862,2022-12-14 20:00:00,6719.042,6779.003
11863,2022-12-14 21:00:00,6647.6157,6664.089
11864,2022-12-14 22:00:00,6464.189,6444.8506
11865,2022-12-14 23:00:00,6120.788,6121.3477
11866,2022-12-15 00:00:00,5837.166,5847.1406
11867,2022-12-15 01:00:00,5607.705,5605.1943
11868,2022-12-15 02:00:00,5460.6494,5424.895
11869,2022-12-15 03:00:00,5372.247,5386.6543
11870,2022-12-15 04:00:00,5352.9956,5360.2227
11871,2022-12-15 05:00:00,5348.703,5373.6055
11872,2022-12-15 06:00:00,5510.5093,5490.797
11873,2022-12-15 07:00:00,5836.1323,5839.7456
11874,2022-12-15 08:00:00,6263.811,6251.3403
11875,2022-12-15 09:00:00,6633.134,6632.1016
11876,2022-12-15 10:00:00,6820.7246,6809.699
11877,2022-12-15 11:00:00,6858.265,6895.465
11878,2022-12-15 12:00:00,6862.489,6842.7754
11879,2022-12-15 13:00:00,6819.3687,6791.5986
11880,2022-12-15 14:00:00,6894.7656,6880.233
11881,2022-12-15 15:00:00,6872.955,6887.575
11882,2022-12-15 16:00:00,6861.5757,6884.1733
11883,2022-12-15 17:00:00,6870.938,6861.714
11884,2022-12-15 18:00:00,6801.0454,6835.74
11885,2022-12-15 19:00:00,6755.513,6754.4556
11886,2022-12-15 20:00:00,6728.3267,6742.225
11887,2022-12-15 21:00:00,6621.8433,6609.468
11888,2022-12-15 22:00:00,6417.306,6386.2954
11889,2022-12-15 23:00:00,6106.3643,6073.5464
11890,2022-12-16 00:00:00,5821.236,5980.3213
11891,2022-12-16 01:00:00,5671.07,5592.7217
11892,2022-12-16 02:00:00,5432.898,5436.9155
11893,2022-12-16 03:00:00,5363.699,5358.7397
11894,2022-12-16 04:00:00,5338.6655,5272.7456
11895,2022-12-16 05:00:00,5291.553,5295.6577
11896,2022-12-16 06:00:00,5466.141,5452.5034
11897,2022-12-16 07:00:00,5802.6025,5793.2764
11898,2022-12-16 08:00:00,6213.9663,6173.791
11899,2022-12-16 09:00:00,6578.959,6617.8535
11900,2022-12-16 10:00:00,6816.737,6859.5986
11901,2022-12-16 11:00:00,6899.6445,6985.7686
11902,2022-12-16 12:00:00,6966.774,6972.899
11903,2022-12-16 13:00:00,6877.0923,6892.6543
11904,2022-12-16 14:00:00,6930.196,6979.7847
11905,2022-12-16 15:00:00,6934.574,6999.6206
11906,2022-12-16 16:00:00,6991.9346,7003.6978
11907,2022-12-16 17:00:00,6990.5376,7002.837
11908,2022-12-16 18:00:00,6954.475,6873.0215
11909,2022-12-16 19:00:00,6802.239,6736.044
11910,2022-12-16 20:00:00,6720.7114,6729.361
11911,2022-12-16 21:00:00,6615.259,6629.95
11912,2022-12-16 22:00:00,6405.812,6441.375
11913,2022-12-16 23:00:00,6117.636,6191.2144
11914,2022-12-17 00:00:00,5913.726,5921.8994
11915,2022-12-17 01:00:00,5692.2686,5723.3276
11916,2022-12-17 02:00:00,5549.0254,5548.8374
11917,2022-12-17 03:00:00,5444.9,5456.9194
11918,2022-12-17 04:00:00,5378.788,5427.9746
11919,2022-12-17 05:00:00,5373.1343,5390.8076
11920,2022-12-17 06:00:00,5443.8706,5464.203
11921,2022-12-17 07:00:00,5622.3174,5629.1577
11922,2022-12-17 08:00:00,5849.259,5803.4014
11923,2022-12-17 09:00:00,6126.7285,6208.5923
11924,2022-12-17 10:00:00,6379.634,6463.604
11925,2022-12-17 11:00:00,6551.5566,6626.9785
11926,2022-12-17 12:00:00,6596.1094,6637.275
11927,2022-12-17 13:00:00,6573.31,6546.3403
11928,2022-12-17 14:00:00,6543.379,6546.4043
11929,2022-12-17 15:00:00,6490.45,6412.6426
11930,2022-12-17 16:00:00,6401.41,6376.026
11931,2022-12-17 17:00:00,6356.6504,6365.0938
11932,2022-12-17 18:00:00,6359.102,6321.998
11933,2022-12-17 19:00:00,6372.205,6367.2573
11934,2022-12-17 20:00:00,6443.636,6420.88
11935,2022-12-17 21:00:00,6423.5327,6419.693
11936,2022-12-17 22:00:00,6338.3877,6326.182
11937,2022-12-17 23:00:00,6110.2017,6113.031
11938,2022-12-18 00:00:00,5878.905,5850.8467
11939,2022-12-18 01:00:00,5673.747,5674.915
11940,2022-12-18 02:00:00,5509.4375,5521.8755
11941,2022-12-18 03:00:00,5437.6694,5393.581
11942,2022-12-18 04:00:00,5349.4536,5281.8247
11943,2022-12-18 05:00:00,5275.427,5282.2656
11944,2022-12-18 06:00:00,5318.1313,5354.9795
11945,2022-12-18 07:00:00,5480.8794,5507.695
11946,2022-12-18 08:00:00,5688.1875,5593.2744
11947,2022-12-18 09:00:00,5889.448,5848.7383
11948,2022-12-18 10:00:00,6087.3237,6065.551
11949,2022-12-18 11:00:00,6171.3027,6245.6265
11950,2022-12-18 12:00:00,6257.272,6277.8257
11951,2022-12-18 13:00:00,6215.37,6243.9585
11952,2022-12-18 14:00:00,6202.227,6244.223
11953,2022-12-18 15:00:00,6210.338,6226.5347
11954,2022-12-18 16:00:00,6213.9487,6229.231
11955,2022-12-18 17:00:00,6224.3794,6211.059
11956,2022-12-18 18:00:00,6231.73,6212.647
11957,2022-12-18 19:00:00,6280.6094,6267.6445
11958,2022-12-18 20:00:00,6364.5283,6371.0596
11959,2022-12-18 21:00:00,6381.7104,6363.8154
11960,2022-12-18 22:00:00,6292.7285,6279.2905
11961,2022-12-18 23:00:00,6093.4106,6066.8613
11962,2022-12-19 00:00:00,5857.4785,5863.773
11963,2022-12-19 01:00:00,5634.1523,5639.0854
11964,2022-12-19 02:00:00,5480.821,5518.49
11965,2022-12-19 03:00:00,5429.7314,5426.9185
11966,2022-12-19 04:00:00,5372.739,5333.202
11967,2022-12-19 05:00:00,5320.46,5325.8164
11968,2022-12-19 06:00:00,5475.6245,5478.1973
11969,2022-12-19 07:00:00,5805.922,5822.078
11970,2022-12-19 08:00:00,6249.3633,6249.4336
11971,2022-12-19 09:00:00,6665.4937,6723.617
11972,2022-12-19 10:00:00,6904.6,6916.3643
11973,2022-12-19 11:00:00,6977.013,7017.831
11974,2022-12-19 12:00:00,6977.397,6979.686
11975,2022-12-19 13:00:00,6921.1743,6883.8213
11976,2022-12-19 14:00:00,6960.948,6907.2476
11977,2022-12-19 15:00:00,6931.665,6878.5327
11978,2022-12-19 16:00:00,6867.91,6870.089
11979,2022-12-19 17:00:00,6870.5913,6900.075
11980,2022-12-19 18:00:00,6841.1265,6903.058
11981,2022-12-19 19:00:00,6813.4614,6776.823
11982,2022-12-19 20:00:00,6768.569,6766.992
11983,2022-12-19 21:00:00,6694.053,6631.645
11984,2022-12-19 22:00:00,6470.198,6446.3433
11985,2022-12-19 23:00:00,6155.175,6126.6943
11986,2022-12-20 00:00:00,5865.473,5894.803
11987,2022-12-20 01:00:00,5652.315,5598.075
11988,2022-12-20 02:00:00,5488.463,5429.921
11989,2022-12-20 03:00:00,5366.212,5324.462
11990,2022-12-20 04:00:00,5302.719,5280.6396
11991,2022-12-20 05:00:00,5288.924,5315.568
11992,2022-12-20 06:00:00,5497.698,5476.3213
11993,2022-12-20 07:00:00,5822.2275,5794.346
11994,2022-12-20 08:00:00,6244.377,6208.7036
11995,2022-12-20 09:00:00,6655.0674,6652.2573
11996,2022-12-20 10:00:00,6876.1177,6889.105
11997,2022-12-20 11:00:00,7003.2207,7074.1934
11998,2022-12-20 12:00:00,7051.8306,7076.6294
11999,2022-12-20 13:00:00,6976.8535,7049.8667
12000,2022-12-20 14:00:00,7079.8105,7045.649
12001,2022-12-20 15:00:00,7046.588,7050.4404
12002,2022-12-20 16:00:00,7032.4795,7062.6523
12003,2022-12-20 17:00:00,7024.909,7042.725
12004,2022-12-20 18:00:00,6981.4326,6963.907
12005,2022-12-20 19:00:00,6866.681,6812.283
12006,2022-12-20 20:00:00,6795.333,6708.4785
12007,2022-12-20 21:00:00,6660.121,6674.437
12008,2022-12-20 22:00:00,6468.2114,6550.555
12009,2022-12-20 23:00:00,6162.455,6120.263
12010,2022-12-21 00:00:00,5862.1694,5959.375
12011,2022-12-21 01:00:00,5689.5073,5662.7314
12012,2022-12-21 02:00:00,5507.4233,5524.1787
12013,2022-12-21 03:00:00,5411.3574,5413.3765
12014,2022-12-21 04:00:00,5367.8945,5357.5913
12015,2022-12-21 05:00:00,5367.1313,5313.233
12016,2022-12-21 06:00:00,5483.3926,5456.106
12017,2022-12-21 07:00:00,5814.7,5775.161
12018,2022-12-21 08:00:00,6236.8374,6175.5776
12019,2022-12-21 09:00:00,6669.6514,6624.5513
12020,2022-12-21 10:00:00,6905.121,6845.472
12021,2022-12-21 11:00:00,7000.567,6980.6284
12022,2022-12-21 12:00:00,7005.0225,6990.6636
12023,2022-12-21 13:00:00,6942.977,6917.5938
12024,2022-12-21 14:00:00,6972.8213,7038.822
12025,2022-12-21 15:00:00,7019.7383,7039.3877
12026,2022-12-21 16:00:00,7020.9663,7045.3345
12027,2022-12-21 17:00:00,7021.3066,7076.6616
12028,2022-12-21 18:00:00,7014.255,6962.744
12029,2022-12-21 19:00:00,6817.852,6826.056
12030,2022-12-21 20:00:00,6769.6167,6805.7827
12031,2022-12-21 21:00:00,6676.422,6693.1294
12032,2022-12-21 22:00:00,6504.9243,6519.168
12033,2022-12-21 23:00:00,6147.0957,6213.7256
12034,2022-12-22 00:00:00,5942.7256,5842.4263
12035,2022-12-22 01:00:00,5637.944,5701.7056
12036,2022-12-22 02:00:00,5508.085,5525.7383
12037,2022-12-22 03:00:00,5436.993,5414.7905
12038,2022-12-22 04:00:00,5352.196,5354.8184
12039,2022-12-22 05:00:00,5352.361,5355.9893
12040,2022-12-22 06:00:00,5494.9414,5493.5464
12041,2022-12-22 07:00:00,5823.0137,5797.467
12042,2022-12-22 08:00:00,6240.1587,6192.109
12043,2022-12-22 09:00:00,6637.7563,6597.1626
12044,2022-12-22 10:00:00,6857.7925,6778.51
12045,2022-12-22 11:00:00,6937.8633,6882.826
12046,2022-12-22 12:00:00,6920.9536,6871.2173
12047,2022-12-22 13:00:00,6866.6973,6795.0474
12048,2022-12-22 14:00:00,6906.0527,6870.229
12049,2022-12-22 15:00:00,6905.9424,6879.1553
12050,2022-12-22 16:00:00,6907.8545,6879.83
12051,2022-12-22 17:00:00,6898.2617,6884.9277
12052,2022-12-22 18:00:00,6845.6934,6841.5107
12053,2022-12-22 19:00:00,6775.464,6723.04
12054,2022-12-22 20:00:00,6697.272,6673.101
12055,2022-12-22 21:00:00,6596.225,6565.6504
12056,2022-12-22 22:00:00,6425.8496,6382.414
12057,2022-12-22 23:00:00,6089.429,6082.7764
12058,2022-12-23 00:00:00,5853.03,5848.982
12059,2022-12-23 01:00:00,5629.4307,5608.0
12060,2022-12-23 02:00:00,5455.0107,5412.789
12061,2022-12-23 03:00:00,5320.2817,5304.193
12062,2022-12-23 04:00:00,5274.721,5254.2817
12063,2022-12-23 05:00:00,5260.0356,5272.3433
12064,2022-12-23 06:00:00,5433.103,5418.9556
12065,2022-12-23 07:00:00,5771.0566,5728.3345
12066,2022-12-23 08:00:00,6155.54,6107.868
12067,2022-12-23 09:00:00,6561.98,6492.7666
12068,2022-12-23 10:00:00,6753.299,6686.0503
12069,2022-12-23 11:00:00,6802.152,6794.591
12070,2022-12-23 12:00:00,6779.5786,6799.2256
12071,2022-12-23 13:00:00,6742.8076,6782.3945
12072,2022-12-23 14:00:00,6836.537,6845.476
12073,2022-12-23 15:00:00,6850.2812,6860.4155
12074,2022-12-23 16:00:00,6877.6987,6805.9155
12075,2022-12-23 17:00:00,6789.5894,6804.4375
12076,2022-12-23 18:00:00,6765.268,6733.054
12077,2022-12-23 19:00:00,6690.955,6630.7524
12078,2022-12-23 20:00:00,6624.069,6591.902
12079,2022-12-23 21:00:00,6537.7593,6475.1655
12080,2022-12-23 22:00:00,6348.9575,6285.706
12081,2022-12-23 23:00:00,6047.0806,6040.5366
12082,2022-12-24 00:00:00,5826.9775,5765.366
12083,2022-12-24 01:00:00,5586.695,5624.2954
12084,2022-12-24 02:00:00,5470.051,5447.7593
12085,2022-12-24 03:00:00,5333.95,5340.6436
12086,2022-12-24 04:00:00,5283.1367,5279.9863
12087,2022-12-24 05:00:00,5272.339,5265.8413
12088,2022-12-24 06:00:00,5320.645,5351.963
12089,2022-12-24 07:00:00,5505.9556,5517.184
12090,2022-12-24 08:00:00,5709.8574,5692.199
12091,2022-12-24 09:00:00,6007.7075,6032.669
12092,2022-12-24 10:00:00,6257.0337,6269.476
12093,2022-12-24 11:00:00,6340.7524,6410.301
12094,2022-12-24 12:00:00,6387.772,6418.623
12095,2022-12-24 13:00:00,6347.054,6333.533
12096,2022-12-24 14:00:00,6326.0493,6314.6724
12097,2022-12-24 15:00:00,6276.7227,6278.334
12098,2022-12-24 16:00:00,6248.141,6205.072
12099,2022-12-24 17:00:00,6215.345,6193.5786
12100,2022-12-24 18:00:00,6174.4316,6190.0674
12101,2022-12-24 19:00:00,6209.515,6203.3867
12102,2022-12-24 20:00:00,6275.177,6257.6567
12103,2022-12-24 21:00:00,6278.1987,6219.6504
12104,2022-12-24 22:00:00,6159.6714,6112.6504
12105,2022-12-24 23:00:00,5983.463,5907.655
12106,2022-12-25 00:00:00,5737.9775,5714.207
12107,2022-12-25 01:00:00,5542.453,5565.1035
12108,2022-12-25 02:00:00,5426.4,5400.1465
12109,2022-12-25 03:00:00,5302.352,5263.4595
12110,2022-12-25 04:00:00,5215.351,5181.722
12111,2022-12-25 05:00:00,5179.6387,5175.6694
12112,2022-12-25 06:00:00,5264.8057,5238.7207
12113,2022-12-25 07:00:00,5381.8257,5365.095
12114,2022-12-25 08:00:00,5513.576,5441.477
12115,2022-12-25 09:00:00,5745.4067,5659.128
12116,2022-12-25 10:00:00,5905.8594,5855.43
12117,2022-12-25 11:00:00,6014.205,6015.084
12118,2022-12-25 12:00:00,6043.661,6039.4033
12119,2022-12-25 13:00:00,5980.114,6033.285
12120,2022-12-25 14:00:00,6004.7827,6047.4946
12121,2022-12-25 15:00:00,6043.196,6047.9214
12122,2022-12-25 16:00:00,6041.8877,6060.7666
12123,2022-12-25 17:00:00,6057.4194,6064.6333
12124,2022-12-25 18:00:00,6074.353,6081.7783
12125,2022-12-25 19:00:00,6098.7188,6123.5425
12126,2022-12-25 20:00:00,6181.688,6186.729
12127,2022-12-25 21:00:00,6197.1533,6167.16
12128,2022-12-25 22:00:00,6103.2373,6073.0312
12129,2022-12-25 23:00:00,5901.071,5877.895
12130,2022-12-26 00:00:00,5682.9717,5765.803
12131,2022-12-26 01:00:00,5540.536,5500.866
12132,2022-12-26 02:00:00,5385.337,5347.591
12133,2022-12-26 03:00:00,5253.8213,5252.098
12134,2022-12-26 04:00:00,5192.7026,5189.555
12135,2022-12-26 05:00:00,5184.116,5178.3516
12136,2022-12-26 06:00:00,5321.366,5252.385
12137,2022-12-26 07:00:00,5510.128,5409.292
12138,2022-12-26 08:00:00,5706.31,5536.5356
12139,2022-12-26 09:00:00,5826.4194,5772.829
12140,2022-12-26 10:00:00,5998.3154,5979.832
12141,2022-12-26 11:00:00,6048.5693,6145.121
12142,2022-12-26 12:00:00,6165.353,6154.52
12143,2022-12-26 13:00:00,6110.361,6164.433
12144,2022-12-26 14:00:00,6142.4673,6164.6235
12145,2022-12-26 15:00:00,6149.536,6142.704
12146,2022-12-26 16:00:00,6142.0425,6152.02
12147,2022-12-26 17:00:00,6146.5117,6152.157
12148,2022-12-26 18:00:00,6146.89,6154.469
12149,2022-12-26 19:00:00,6150.0806,6226.0938
12150,2022-12-26 20:00:00,6245.1963,6304.5947
12151,2022-12-26 21:00:00,6307.6646,6279.7495
12152,2022-12-26 22:00:00,6127.0044,6184.92
12153,2022-12-26 23:00:00,5926.359,5965.862
12154,2022-12-27 00:00:00,5726.076,5872.9985
12155,2022-12-27 01:00:00,5560.194,5536.98
12156,2022-12-27 02:00:00,5376.46,5381.137
12157,2022-12-27 03:00:00,5300.5923,5277.489
12158,2022-12-27 04:00:00,5209.7686,5222.337
12159,2022-12-27 05:00:00,5186.132,5233.956
12160,2022-12-27 06:00:00,5340.7114,5390.2446
12161,2022-12-27 07:00:00,5679.6333,5713.797
12162,2022-12-27 08:00:00,6100.65,6139.702
12163,2022-12-27 09:00:00,6572.965,6609.252
12164,2022-12-27 10:00:00,6863.594,6835.483
12165,2022-12-27 11:00:00,6920.1045,6916.567
12166,2022-12-27 12:00:00,6885.7227,6938.066
12167,2022-12-27 13:00:00,6902.2104,6886.365
12168,2022-12-27 14:00:00,6921.7476,6973.819
12169,2022-12-27 15:00:00,6959.015,7003.37
12170,2022-12-27 16:00:00,6994.6855,6948.304
12171,2022-12-27 17:00:00,6964.82,6932.169
12172,2022-12-27 18:00:00,6865.8027,6895.973
12173,2022-12-27 19:00:00,6786.8525,6754.7446
12174,2022-12-27 20:00:00,6746.19,6693.841
12175,2022-12-27 21:00:00,6623.1313,6615.6113
12176,2022-12-27 22:00:00,6484.4336,6440.6465
12177,2022-12-27 23:00:00,6113.8613,6120.402
12178,2022-12-28 00:00:00,5872.437,5934.6406
12179,2022-12-28 01:00:00,5649.6895,5649.1216
12180,2022-12-28 02:00:00,5490.5464,5458.649
12181,2022-12-28 03:00:00,5380.553,5355.333
12182,2022-12-28 04:00:00,5293.946,5309.2993
12183,2022-12-28 05:00:00,5283.969,5352.1035
12184,2022-12-28 06:00:00,5477.116,5492.4375
12185,2022-12-28 07:00:00,5807.425,5816.9795
12186,2022-12-28 08:00:00,6228.4614,6214.7046
12187,2022-12-28 09:00:00,6636.0063,6647.8804
12188,2022-12-28 10:00:00,6866.515,6878.9443
12189,2022-12-28 11:00:00,6969.4224,7001.809
12190,2022-12-28 12:00:00,6961.6123,7005.332
12191,2022-12-28 13:00:00,6918.7974,6896.4946
12192,2022-12-28 14:00:00,7004.0015,6942.0293
12193,2022-12-28 15:00:00,6963.422,6921.767
12194,2022-12-28 16:00:00,6912.411,6900.125
12195,2022-12-28 17:00:00,6903.8413,6901.704
12196,2022-12-28 18:00:00,6858.763,6879.186
12197,2022-12-28 19:00:00,6749.196,6746.0537
12198,2022-12-28 20:00:00,6706.65,6705.4043
12199,2022-12-28 21:00:00,6628.8657,6605.773
12200,2022-12-28 22:00:00,6427.215,6427.004
12201,2022-12-28 23:00:00,6103.5674,6171.3794
12202,2022-12-29 00:00:00,5895.1895,5900.547
12203,2022-12-29 01:00:00,5653.247,5739.202
12204,2022-12-29 02:00:00,5536.2363,5583.0537
12205,2022-12-29 03:00:00,5438.379,5422.9756
12206,2022-12-29 04:00:00,5379.6904,5341.879
12207,2022-12-29 05:00:00,5338.197,5369.7036
12208,2022-12-29 06:00:00,5513.2095,5518.1094
12209,2022-12-29 07:00:00,5807.85,5849.764
12210,2022-12-29 08:00:00,6246.799,6216.7188
12211,2022-12-29 09:00:00,6622.6445,6658.7437
12212,2022-12-29 10:00:00,6857.3394,6833.3467
12213,2022-12-29 11:00:00,6942.622,6945.2495
12214,2022-12-29 12:00:00,6921.8706,6960.5664
12215,2022-12-29 13:00:00,6886.667,6934.839
12216,2022-12-29 14:00:00,6969.4556,7010.712
12217,2022-12-29 15:00:00,7010.201,7043.495
12218,2022-12-29 16:00:00,7014.1904,7034.64
12219,2022-12-29 17:00:00,7013.6025,6981.539
12220,2022-12-29 18:00:00,6927.9688,6914.159
12221,2022-12-29 19:00:00,6786.489,6766.7935
12222,2022-12-29 20:00:00,6705.5938,6707.9556
12223,2022-12-29 21:00:00,6615.1113,6617.252
12224,2022-12-29 22:00:00,6385.9795,6425.836
12225,2022-12-29 23:00:00,6109.0293,6134.7817
12226,2022-12-30 00:00:00,5900.5913,5885.4126
12227,2022-12-30 01:00:00,5670.9014,5680.3022
12228,2022-12-30 02:00:00,5525.38,5487.5776
12229,2022-12-30 03:00:00,5395.783,5355.967
12230,2022-12-30 04:00:00,5324.005,5290.8774
12231,2022-12-30 05:00:00,5292.148,5331.349
12232,2022-12-30 06:00:00,5489.7744,5459.6343
12233,2022-12-30 07:00:00,5793.656,5767.3193
12234,2022-12-30 08:00:00,6202.598,6157.928
12235,2022-12-30 09:00:00,6607.811,6583.689
12236,2022-12-30 10:00:00,6817.777,6792.1074
12237,2022-12-30 11:00:00,6894.5493,6909.773
12238,2022-12-30 12:00:00,6909.111,6910.556
12239,2022-12-30 13:00:00,6870.1094,6857.616
12240,2022-12-30 14:00:00,6964.77,6920.307
12241,2022-12-30 15:00:00,6948.6387,6900.3477
12242,2022-12-30 16:00:00,6884.7856,6891.497
12243,2022-12-30 17:00:00,6874.7324,6858.662
12244,2022-12-30 18:00:00,6847.685,6818.02
12245,2022-12-30 19:00:00,6723.8926,6690.7266
12246,2022-12-30 20:00:00,6651.5464,6616.2705
12247,2022-12-30 21:00:00,6566.35,6490.1235
12248,2022-12-30 22:00:00,6347.6406,6340.6543
12249,2022-12-30 23:00:00,6073.9814,6094.9727
12250,2022-12-31 00:00:00,5857.359,5836.3716
12251,2022-12-31 01:00:00,5644.438,5728.4
12252,2022-12-31 02:00:00,5513.84,5496.557
12253,2022-12-31 03:00:00,5373.982,5398.3325
12254,2022-12-31 04:00:00,5338.8374,5316.9795
12255,2022-12-31 05:00:00,5290.044,5295.053
12256,2022-12-31 06:00:00,5385.846,5372.1597
12257,2022-12-31 07:00:00,5524.266,5516.7017
12258,2022-12-31 08:00:00,5731.9087,5690.027
12259,2022-12-31 09:00:00,5976.959,6022.873
12260,2022-12-31 10:00:00,6269.3936,6253.0693
12261,2022-12-31 11:00:00,6351.122,6416.4424
12262,2022-12-31 12:00:00,6391.609,6405.3105
12263,2022-12-31 13:00:00,6329.6035,6376.179
12264,2022-12-31 14:00:00,6324.8506,6368.7617
12265,2022-12-31 15:00:00,6325.311,6375.43
12266,2022-12-31 16:00:00,6328.1914,6317.9727
12267,2022-12-31 17:00:00,6302.393,6310.864
12268,2022-12-31 18:00:00,6305.444,6337.323
12269,2022-12-31 19:00:00,6331.2695,6383.1494
12270,2022-12-31 20:00:00,6381.9683,6400.0845
12271,2022-12-31 21:00:00,6375.3867,6363.259
